ENG_utterances,HIN_utterances,politeness,sentiment
Sure. Would there be anything else that I could help you with?, ज़रूर। क्या कुछ और होगा जिसमें मैं आपकी मदद कर सकूं?,2,0
Of course! I'd be glad to help you in this regard. Could you please help me with the city you live in and it's zip code?, बेशक! मुझे इस संबंध में आपकी मदद करने में खुशी होगी। क्या आप कृपया मुझे उस शहर और उसके ज़िप कोड के बारे में बता सकते हैं जिसमें आप रहते हैं?,3,0
"You're Welcome! Have a great day, hope to assist you again. Goodbye!"," आपका स्वागत है! आपका दिन शुभ हो, आशा है कि आप फिर से मदद करेंगे। अलविदा!",3,2
hi, नमस्ते,2,0
NEW YORK CITY, न्यूयॉर्क शहर,0,0
Thank you for contacting us. I hope you have a great day ahead. Bye!, हमसे संपर्क करने के लिए धन्यवाद। मुझे आशा है कि आपके लिए आगे एक अच्छा दिन होगा। अलविदा!,3,2
my city name is newyork and zip cone is 5087., मेरे शहर का नाम न्यूयॉर्क है और ज़िप कोन 5087 है।,1,0
hai, हाय,2,0
Hello! Good morning! Welcome to media cable services. How may I help you today?, नमस्ते! सुबह बख़ैर! मीडिया केबल सेवाओं में आपका स्वागत है। आज मैं आपकी कैसे मदद कर सकता हूँ?,3,0
ok, ठीक है,2,0
i want to sing up to a new cable plan, मैं एक नए केबल प्लान के लिए गाना चाहता हूं,1,2
i want to purchase the new cable service in internet, मैं इंटरनेट में नई केबल सेवा खरीदना चाहता हूं,1,0
Fantastic! I have forwarded your subscription request for the 10 GB cable data plan. You will be receiving a confirmation message regarding the same within 24 hours. We hope you enjoy our service. Will there be anything else I could help you with?, ज़बरदस्त! मैंने 10 जीबी केबल डेटा प्लान के लिए आपका सब्सक्रिप्शन अनुरोध अग्रेषित कर दिया है। आपको 24 घंटे के भीतर उसी के संबंध में एक पुष्टिकरण संदेश प्राप्त होगा। हमें उम्मीद है कि आप हमारी सेवा का आनंद लेंगे। क्या कुछ और होगा जिसमें मैं आपकी मदद कर सकूं?,3,2
hi, नमस्ते,2,0
ok thanks, ठीक है धन्यवाद,3,0
Hey there! Good morning. Welcome to LMT cable services. How may I assist you?,सुनो! सुबह बख़ैर। एलएमटी केबल सेवाओं में आपका स्वागत है। मैं आपकी कैसे सहायता कर सकता हूँ?,3,0
I want to purchase internet, मुझे इंटरनेट खरीदना है,1,0
HAI, हाई,2,0
Perfect! Please allow me a moment while I go ahead and check with your account., उत्तम! कृपया मुझे कुछ समय दें जब तक मैं आगे बढ़ूं और आपके खाते से जांच करूं।,3,2
"Perfect! Thanks for sharing the details, may I please know which service would you like to sign up for?"," उत्तम! विवरण साझा करने के लिए धन्यवाद, क्या मैं कृपया जान सकता हूं कि आप किस सेवा के लिए साइन अप करना चाहेंगे?",3,2
"You are always welcome. Your internet data plan will be activated shortly. Thanks for choosing our service. It was a nice time assisting you. For further queries, please feel free to reach out to us anytime."," आपका हमेशा स्वागत है। आपका इंटरनेट डेटा प्लान शीघ्र ही सक्रिय हो जाएगा। हमारी सेवा चुनने के लिए धन्यवाद। आपकी सहायता करने का यह एक अच्छा समय था। अधिक प्रश्नों के लिए, कृपया बेझिझक हमसे कभी भी संपर्क करें।",3,2
NOTHING ELSE, और कुछ नहीं,2,0
Good morning! You've reached Net link Media/Cable Services. How may I help you?, सुबह बख़ैर! आप नेट लिंक मीडिया/केबल सेवाओं पर पहुंच गए हैं। क्या मेरे द्वारा आपकी कोई सहायता हो सकती है?,3,0
"Surely! I'll certainly book your connection. To proceed further I'll need your details, May I know your city name and zip code please? "," निश्चित रूप से! मैं आपका कनेक्शन जरूर बुक करूंगा। आगे बढ़ने के लिए मुझे आपके विवरण की आवश्यकता होगी, क्या मैं आपके शहर का नाम और ज़िप कोड जान सकता हूँ?",3,0
Please restart the router once., कृपया एक बार राउटर को पुनरारंभ करें।,2,0
"sure,"," ज़रूर,",2,0
okay, ठीक है,2,0
BYE, अलविदा,2,0
hai, हाय,2,0
"Well, The plans we offer are 1 GB, 5 GB, 10 GB and the prices are $5, $25 and $50 respectively.
"," खैर, हम जो प्लान पेश करते हैं वे हैं 1 जीबी, 5 जीबी, 10 जीबी और कीमतें क्रमशः $ 5, $ 25 और $ 50 हैं।",1,0
54327,54327,0,0
Great! I'd be glad to help you with that. Could you please help me with your city's name?,महान! मुझे इसमें आपकी मदद करने में खुशी होगी। क्या आप कृपया अपने शहर के नाम के साथ मेरी मदद कर सकते हैं?,3,2
Thanks Jesse! May I please know your home address?, धन्यवाद जेसी! क्या मैं आपके घर का पता जान सकता हूँ?,3,2
"Thanks for being considerate. I've shared your details with my team, After this chat you'll receive a call from our team, they'll ask for your personal details. please cooperate with them. You'll get your username and password through a text message. Please login to our website i.e. www.dlink.com and your service will get activated. 
"," विचारशील होने के लिए धन्यवाद। मैंने आपका विवरण अपनी टीम के साथ साझा किया है, इस चैट के बाद आपको हमारी टीम से एक कॉल प्राप्त होगी, वे आपकी व्यक्तिगत जानकारी मांगेंगे। कृपया उनका सहयोग करें। आपको एक टेक्स्ट संदेश के माध्यम से अपना उपयोगकर्ता नाम और पासवर्ड प्राप्त होगा। कृपया हमारी वेबसाइट www.dlink.com पर लॉग इन करें और आपकी सेवा सक्रिय हो जाएगी।",3,2
Please do reach out to us in case of any further queries. Looking forward to seeing you soon again! Have a great day ahead! Good bye!, कृपया किसी और प्रश्न के मामले में हमसे संपर्क करें। जल्द ही आपको फिर से देखने के लिए उत्सुक हैं! आगे एक महान दिन हो! अलविदा!,3,2
Superb! Could you please help me with the zip code of Washington?, शानदार! क्या आप कृपया मुझे वाशिंगटन के ज़िप कोड में मदद कर सकते हैं?,3,2
"I dont believe so, thanks for all of the help!"," मुझे ऐसा विश्वास नहीं है, सभी मदद के लिए धन्यवाद!",3,2
Thank you, आपको धन्यवाद,2,2
sure, ज़रूर,2,0
5GB, 5GB,0,0
"Sure, it is Dallas and the zip is 48392"," ज़रूर, यह डलास है और ज़िप 48392 . है",2,0
For sure! May I know the name of the city you'd want to setup the connection at please?, पक्का! क्या मैं उस शहर का नाम जान सकता हूँ जहाँ आप कृपया कनेक्शन स्थापित करना चाहते हैं?,3,0
Hi, नमस्ते,3,0
Thank you so much for contacting us. Please let us know your valuable feedback. You've a great day ahead.,हमसे संपर्क करने के लिए आपका बहुत-बहुत धन्यवाद। कृपया हमें अपनी बहुमूल्य प्रतिक्रिया बताएं। आपका आने वाला दिन बहुत अच्छा है।,3,2
"Sure, you've been successfully registered for this service connection. The installation team will reach out to you and the connection will be made within the next 24 hours?"," ज़रूर, आप इस सेवा कनेक्शन के लिए सफलतापूर्वक पंजीकृत हो गए हैं। इंस्टालेशन टीम आप तक पहुंचेगी और अगले 24 घंटों के भीतर कनेक्शन कर दिया जाएगा?",2,1
10gb, 10जीबी,0,0
You're welcome! Would there be anything else I may assist you with?, आपका स्वागत है! क्या कुछ और होगा जिसमें मैं आपकी सहायता कर सकूं?,3,2
"Yes, my name is James Taylor and the account number 423576"," हां, मेरा नाम जेम्स टेलर है और खाता संख्या 423576",2,0
Perfect! Please allow me a minute while I get this done for you., उत्तम! कृपया मुझे एक मिनट का समय दें जब तक कि मैं आपके लिए यह कर दूं।,3,2
NOTHING ELSE, और कुछ नहीं,2,0
Yes please call me in that case. It would be far better., हाँ कृपया मुझे उस मामले में कॉल करें। यह कहीं बेहतर होगा।,3,0
May I please know your city name?, क्या मैं आपके शहर का नाम जान सकता हूँ?,3,0
"Awesome! Thank you for reaching out to us, hope you'll have a great day ahead! "," बहुत बढ़िया! हमसे संपर्क करने के लिए धन्यवाद, आशा है कि आगे आपका दिन बहुत अच्छा रहेगा!",3,2
no thanks," जी नहीं, धन्यवाद",3,1
hi, नमस्ते,2,0
"Superb! That's a great choice. You can avail 1 GB internet data plan after you complete the subscription process. Do you have any query or would you like to know anything about your selected data plan?
", शानदार! यह एक बढ़िया विकल्प है। सब्सक्रिप्शन प्रक्रिया पूरी करने के बाद आप 1 जीबी इंटरनेट डेटा प्लान का लाभ उठा सकते हैं। क्या आपके पास कोई प्रश्न है या आप अपने चयनित डेटा प्लान के बारे में कुछ जानना चाहेंगे?,3,2
"5087, bowling green station, newyork.
"," 5087, बॉलिंग ग्रीन स्टेशन, न्यूयॉर्क।",2,0
5 GB, 5 जीबी,0,0
Please gohead & Confirm the 10 GB plan Jamie,कृपया आगे बढ़ें और 10 जीबी योजना की पुष्टि करें जेमी,2,0
ok, ठीक है,2,0
Yes, हाँ,2,0
"Additionally, I would like to know in which data plan are you interested in. We have 1 GB that costs $5, 5 GB that costs $25 and 10 GB that costs $50 respectively.  "," इसके अतिरिक्त, मैं जानना चाहता हूं कि आप किस डेटा प्लान में रुचि रखते हैं। हमारे पास 1 जीबी है जिसकी कीमत $ 5 है, 5 जीबी है जिसकी कीमत $ 25 और 10 जीबी है जिसकी कीमत क्रमशः $ 50 है।",3,0
Oh thats nice thank's for your information. I will make use of it., ओह यह अच्छा है आपकी जानकारी के लिए धन्यवाद। मैं इसका इस्तेमाल करूंगा।,3,2
Sure! I'll definitely help you with that. Could you please help me with the city and zip code?, ज़रूर! मैं इसमें आपकी जरूर मदद करूंगा। क्या आप कृपया मुझे शहर और ज़िप कोड के साथ मदद कर सकते हैं?,3,0
Perfect! The 5 GB will be now activated and it will cost you $5 including all taxes., उत्तम! 5 जीबी अब सक्रिय हो जाएगा और सभी करों सहित इसकी कीमत आपको $ 5 होगी।,2,2
You're most welcome! Would there be anything else I may help you with?, आपका स्वागत है! क्या कुछ और होगा जिसमें मैं आपकी मदद कर सकूं?,3,2
Thanks for sharing your details. What service type would you like to purchase? Is it cable. internet or phone?, अपना विवरण साझा करने के लिए धन्यवाद। आप किस प्रकार की सेवा खरीदना चाहेंगे? क्या यह केबल है। इंटरनेट या फोन?,3,0
"You're most welcome, thank you for reaching out to us. Have an awesome day ahead!"," आपका बहुत-बहुत स्वागत है, हमसे संपर्क करने के लिए धन्यवाद। आगे का दिन शानदार हो!",3,2
"Williamson Jan, 6676 9879 3456"," विलियमसन जनवरी, 6676 9879 3456",0,0
"Thanks for sharing your details. As of now we've 1 GB, 5 GB and 10 GB data plans. Which one you'd like to buy? "," अपना विवरण साझा करने के लिए धन्यवाद। अभी तक हमारे पास 1 जीबी, 5 जीबी और 10 जीबी डेटा प्लान हैं। आप कौन सा खरीदना चाहेंगे?",3,0
"Perfect! Thank you for that. Allow me a moment, while I get this done for you.","उत्तम! उसके लिये आपका धन्यवाद। मुझे एक क्षण का समय दें, जब तक कि मैं आपके लिए यह कर दूं।",3,2
hi, नमस्ते,2,0
okay goodbye have a nice day, ठीक है अलविदा आपका दिन शुभ हो,3,0
"Hi there! Fast net cable services , how may I help you?
"," नमस्ते! फास्ट नेट केबल सेवाएं, मैं आपकी कैसे मदद कर सकता हूं?",3,0
hello, नमस्ते,2,0
"Thank you for sharing the details. We have different data services like internet, phone and the cable services which includes data plans such as 1GB, 5GB and 10GB. which one would you like to purchase?"," विवरण साझा करने के लिए धन्यवाद। हमारे पास इंटरनेट, फोन और केबल सेवाओं जैसी विभिन्न डेटा सेवाएं हैं जिनमें 1GB, 5GB और 10GB जैसे डेटा प्लान शामिल हैं। आप कौन सा खरीदना चाहेंगे?",3,0
That's okay completely., यह पूरी तरह से ठीक है।,2,0
ok thanks, ठीक है धन्यवाद,3,0
I would like to know why my bill keeps going up every month., मैं जानना चाहता हूं कि मेरा बिल हर महीने क्यों बढ़ता रहता है।,3,1
"Congratulations! Your new 10 GB internet  connection is confirmed were our executives will reach you within 2-3 days for the installation. You are now a part of Net Link cable/media services, and I've also created an account of your with us, for any further queries you can look up to our website i.e www.netlink.com. "," बधाई हो! आपके नए 10 जीबी इंटरनेट कनेक्शन की पुष्टि हो गई है, हमारे अधिकारी इंस्टॉलेशन के लिए 2-3 दिनों के भीतर आप तक पहुंच जाएंगे। अब आप नेट लिंक केबल/मीडिया सेवाओं का हिस्सा हैं, और मैंने आपके साथ एक खाता भी बनाया है, किसी भी अन्य प्रश्न के लिए आप हमारी वेबसाइट www.netlink.com पर देख सकते हैं।",2,2
I want to get a new connection, मैं एक नया कनेक्शन लेना चाहता हूँ,1,0
NEW YORK CITY, न्यूयॉर्क शहर,0,0
Perfect. Your request for the desired service has been raised and our agent will contact you for the installation at your convenient time. Is there anything else I could help you with?,उत्तम। वांछित सेवा के लिए आपका अनुरोध उठाया गया है और हमारे एजेंट आपके सुविधाजनक समय पर स्थापना के लिए आपसे संपर्क करेंगे। क्या कुछ और है जिसमें मैं आपकी मदद कर सकता हूं?,3,2
I NEED A INTERNET CONNECTION, मुझे इंटरनेट कनेक्शन चाहिए,1,0
Hope we are connected?, आशा है कि हम जुड़े हुए हैं?,2,0
ewnew yourk, एवन्यू योर्क,2,0
"Awesome! just for verification purpose, may I know the last 4 digits of your SSN please?"," बहुत बढ़िया! केवल सत्यापन के उद्देश्य से, क्या मैं आपके SSN के अंतिम 4 अंक जान सकता हूँ?",3,2
Sure Could you please help me knowing that which service are you looking for (Phone/Internet/cable)?, निश्चित रूप से क्या आप कृपया मुझे यह जानने में मदद कर सकते हैं कि आप किस सेवा की तलाश में हैं (फोन/इंटरनेट/केबल)?,3,0
I would like to inform that i need to connect new phone service., मैं सूचित करना चाहता हूं कि मुझे नई फोन सेवा कनेक्ट करने की आवश्यकता है।,3,0
"Absolutely! I'll be glad to help you, my I please know your name and email address?"," बिल्कुल! मुझे आपकी मदद करने में खुशी होगी, मेरी कृपया मुझे आपका नाम और ईमेल पता पता है?",3,2
ok, ठीक है,2,0
GOA AND 234519, गोवा और 234519,0,0
Sure. Could you please help me with your City and Zipcode? So that I can find best services available near you., ज़रूर। क्या आप कृपया मुझे अपने शहर और ज़िप कोड में मदद कर सकते हैं? ताकि मैं आपके आस-पास उपलब्ध सर्वोत्तम सेवाओं को ढूंढ सकूं।,3,0
Please elaborate on your query., कृपया अपनी क्वेरी को विस्तृत करें।,2,0
"Absolutely! I'll be able to help you in this, may I please know the city you belong to and its zip code?"," बिल्कुल! मैं इसमें आपकी मदद कर सकूंगा, क्या मैं कृपया उस शहर के बारे में जान सकता हूं जिससे आप संबंधित हैं और उसका ज़िप कोड?",3,0
67894,67894,0,0
good morning sir, सुप्रभात सर,3,2
HELLO, नमस्ते,2,0
ok thank you, ठीक है धन्यवाद,3,0
"Perfect! The monthly charges for 5 GB internet data plan is $150 including all the taxes. Since you are our new customer, we would like to offer you a promotional discount of 10%. Would you like to confirm your subscription for the 5 GB internet data plan?","उत्तम! 5 जीबी इंटरनेट डेटा प्लान का मासिक शुल्क सभी करों सहित $150 है। चूंकि आप हमारे नए ग्राहक हैं, इसलिए हम आपको 10% की प्रचार छूट प्रदान करना चाहेंगे। क्या आप 5 जीबी इंटरनेट डेटा प्लान के लिए अपनी सदस्यता की पुष्टि करना चाहेंगे?",3,2
2561,2561,0,0
Thanks for your help., आपकी सहायता के लिए धन्यवाद.,3,2
For sure! May I know the name of the city and the zip code please?, पक्का! क्या मैं शहर का नाम और ज़िप कोड जान सकता हूँ?,2,0
"want to purchase new cable
", नई केबल खरीदना चाहते हैं,1,0
Hello! Welcome to prodesk cable services. How may I help you today?, नमस्ते! प्रोडेस्क केबल सेवाओं में आपका स्वागत है। आज मैं आपकी कैसे मदद कर सकता हूँ?,3,0
"Well, I was thinking of the 5gb plan, how much is that ?"," खैर, मैं 5GB प्लान के बारे में सोच रहा था, वह कितने का है?",3,0
I WILL HAVE 5GB PLAN, मेरे पास 5GB का प्लान होगा,2,0
We look forward to satisfy our customers in the best way possible. Kindly log onto our website - www.infocable.com Good Day!, हम अपने ग्राहकों को सर्वोत्तम संभव तरीके से संतुष्ट करने के लिए तत्पर हैं। कृपया हमारी वेबसाइट - www.infocable.com पर लॉग इन करें शुभ दिन!,3,2
No problem! It's wonderful to have you with us as a customer. Good bye!, कोई बात नहीं! एक ग्राहक के रूप में आपका हमारे साथ होना अद्भुत है। अलविदा!,3,2
10GB, 10जीबी,0,0
okay, ठीक है,2,0
Have a great day ahead and take care. Goodbye :), आपका दिन अच्छा बीते और अपना ख्याल रखें। अलविदा :),3,2
Please do reach out to us in case of any further queries. Looking forward to seeing you soon again! Have a great day ahead! Good bye!, कृपया किसी और प्रश्न के मामले में हमसे संपर्क करें। जल्द ही आपको फिर से देखने के लिए उत्सुक हैं! आगे एक महान दिन हो! अलविदा!,3,2
10GB5GB, 10GB5GB,0,0
"cancel my cable service
", मेरी केबल सेवा रद्द करें,0,1
"melur 625101
", मेलुर 625101,0,0
ok, ठीक है,2,0
"That's perfect! As you see we serve the 3 plans those are: basic ($50 per month - 50 channels), premium ($75 per month - 75 channels), and platinum ($100 per month - all channels) and the current promotions for each of the cable are 10% off premium cable if you sign for a 3 month contract or 15% off platinum cable if you sign for a 3 month contract.  ","यह बिल्कुल सही है! जैसा कि आप देख रहे हैं कि हम 3 योजनाओं की सेवा करते हैं: मूल ($ 50 प्रति माह - 50 चैनल), प्रीमियम ($ 75 प्रति माह - 75 चैनल), और प्लैटिनम ($ 100 प्रति माह - सभी चैनल) और प्रत्येक केबल के लिए वर्तमान प्रचार यदि आप 3 महीने के अनुबंध के लिए साइन करते हैं या 3 महीने के अनुबंध पर हस्ताक्षर करते हैं तो प्लैटिनम केबल पर 15% की छूट प्रीमियम केबल पर 10% है।",2,2
BOSTON CITY, बोस्टन शहर,0,0
no thanks," जी नहीं, धन्यवाद",3,1
BYE, अलविदा,2,0
mahesh, महेशो,0,0
August month cable bil status., अगस्त माह केबल बिल की स्थिति।,0,1
"Thank you very much, for the internet service we have 1 GB, 5 GB and 10 GB data plans. Could you please let me know which data plan you'd like to purchase? "," बहुत-बहुत धन्यवाद, इंटरनेट सेवा के लिए हमारे पास 1 जीबी, 5 जीबी और 10 जीबी डेटा प्लान हैं। क्या आप कृपया मुझे बता सकते हैं कि आप कौन सा डेटा प्लान खरीदना चाहते हैं?",3,0
"Good choice! I'd like to inform you that the 5Gb data plan would cost you $10 per month, would you want me to confirm the plan?"," अच्छा विकल्प! मैं आपको सूचित करना चाहता हूं कि 5Gb डेटा प्लान की कीमत आपको $10 प्रति माह होगी, क्या आप चाहते हैं कि मैं योजना की पुष्टि करूं?",3,2
"Thank you for reaching out to us, please feel free to reach out to us for further concerns. Have an awesome day ahead!"," हमसे संपर्क करने के लिए धन्यवाद, कृपया आगे की चिंताओं के लिए हमसे बेझिझक संपर्क करें। आगे का दिन शानदार हो!",3,2
Thank you. The 5 GB will cost you $5 including all taxes. I will activate the same for you., शुक्रिया। 5 जीबी की कीमत आपको सभी करों सहित $ 5 होगी। मैं आपके लिए इसे सक्रिय कर दूंगा।,3,2
Thank you for choosing our services. I had a good time assisting you. Please feel free to reach out to us for further queries. Have a nice day!,हमारी सेवाओं को चुनने के लिए धन्यवाद। मेरे पास आपकी सहायता करने का अच्छा समय था। कृपया आगे के प्रश्नों के लिए हमसे बेझिझक संपर्क करें। आपका दिन शुभ हो!,3,2
HI, नमस्ते,2,0
Ok sir, जी महोदय,2,0
"no, that should do it."," नहीं, यह करना चाहिए।",1,0
hai, हाय,2,0
"HI,GOOD MORNING", हाय सुप्रभात,3,0
"Nothing else, Thank you for your information. Have a nice day to chat with you. "," और कुछ नहीं, आपकी जानकारी के लिए धन्यवाद। आपके साथ चैट करने के लिए एक अच्छा दिन है।",3,0
"Hello! Welcome to Zoom services, may I know how may I help you? "," नमस्ते! ज़ूम सेवाओं में आपका स्वागत है, क्या मैं जान सकता हूँ कि मैं आपकी कैसे मदद कर सकता हूँ?",3,0
"Awesome! Thank you for connecting with us, hope you'll have a great day ahead! "," बहुत बढ़िया! हमारे साथ जुड़ने के लिए धन्यवाद, आशा है कि आपका आने वाला दिन बहुत अच्छा होगा!",3,2
mumbai 41650, मुंबई 41650,0,0
like to purchase, खरीदना पसंद है,2,0
"Awesome! Thank you for the details. We provide cable, internet and phone services. Which one of these would you like to subscribe?"," बहुत बढ़िया! विवरण के लिए धन्यवाद। हम केबल, इंटरनेट और फोन सेवाएं प्रदान करते हैं। आप इनमें से किसकी सदस्यता लेना चाहेंगे?",3,2
ok, ठीक है,2,0
"Great choice! We also have monthly discounts for our platinum cable users. Our technical agent will visit you for cable installation, they're available form 8AM-7PM, what time you would prefer? "," बहुत बढ़िया पसंद! हमारे प्लेटिनम केबल उपयोगकर्ताओं के लिए हमारे पास मासिक छूट भी है। हमारे तकनीकी एजेंट केबल स्थापना के लिए आपके पास आएंगे, वे सुबह 8 बजे से शाम 7 बजे तक उपलब्ध हैं, आप किस समय पसंद करेंगे?",3,2
5 GB, 5 जीबी,0,0
Fantastic! Thanks for contacting us. I'm glad I could resolve your query. We look forward for long and successful association. Have a great day ahead., ज़बरदस्त! हमे संपर्क करने के लिए धन्यवाद। मुझे खुशी है कि मैं आपकी क्वेरी का समाधान कर सका। हम लंबे और सफल जुड़ाव की आशा करते हैं। आगे एक महान दिन हो।,3,2
5GB, 5GB,0,0
Hello, नमस्ते,2,0
hai, हाय,2,0
yes sir..i need one help,हाँ सर..मुझे एक मदद चाहिए,2,0
OK, ठीक है,2,0
no thanks," जी नहीं, धन्यवाद",3,1
"Fantastic! I'd like to inform you that, I've confirmed your new 10 GB cable connection at your city and our executives will reach you within 2-3 days for the installation. Is there anything else that I may help you with?"," ज़बरदस्त! मैं आपको सूचित करना चाहता हूं कि, मैंने आपके शहर में आपके नए 10 जीबी केबल कनेक्शन की पुष्टि कर दी है और हमारे अधिकारी इंस्टॉलेशन के लिए 2-3 दिनों के भीतर आप तक पहुंच जाएंगे। क्या कुछ और है जिसमें मैं आपकी मदद कर सकता हूं?",3,2
i want new connection, मुझे नया कनेक्शन चाहिए,1,0
I'd also require the last 4 digits of your SSN?, मुझे आपके SSN के अंतिम 4 अंक भी चाहिए होंगे?,1,0
Great! Could you help me with the zip code of Athens please?, महान! क्या आप कृपया एथेंस के ज़िप कोड के साथ मेरी मदद कर सकते हैं?,3,2
HI, नमस्ते,2,0
"Perfect! May I know which data plan would you prefer, 1Gb or 5Gb or 10Gb?"," उत्तम! क्या मैं जान सकता हूँ कि आप कौन सा डेटा प्लान पसंद करेंगे, 1Gb या 5Gb या 10Gb?",3,2
"You are always welcome. Thank you for giving us an opportunity to serve you. For any query, please feel free to reach out to us anytime. We are always here to help our valuable customers."," आपका हमेशा स्वागत है। हमें आपकी सेवा करने का अवसर देने के लिए धन्यवाद। किसी भी प्रश्न के लिए, कृपया बेझिझक हमसे कभी भी संपर्क करें। हम अपने मूल्यवान ग्राहकों की मदद के लिए हमेशा यहां हैं।",3,2
Thank you for your time with us. Have a great day!, हमारे साथ समय बिताने के लिए धन्यवाद। आपका दिन अच्छा रहे!,3,2
no thanks," जी नहीं, धन्यवाद",3,1
I prefer for 5 GB data plan., मुझे 5 जीबी डेटा प्लान पसंद है।,2,0
hai, हाय,2,0
"Thank you for choosing us, I’ll be glad to assist you further. Could you please help me with the name of the city you’d want to setup the connection? "," हमें चुनने के लिए धन्यवाद, मुझे आगे आपकी सहायता करने में खुशी होगी। क्या आप कृपया मुझे उस शहर के नाम में मदद कर सकते हैं जिसे आप कनेक्शन स्थापित करना चाहते हैं?",3,2
yes, हां,2,0
okay.I Choose platinum plan., ठीक है।मैं प्लेटिनम योजना चुनता हूँ।,1,0
7.8162E+11,7.8162E+11,0,0
yes sir please help for my new cable connection,हाँ सर कृपया मेरे नए केबल कनेक्शन के लिए मदद करें,3,0
Hope we are connected?, आशा है कि हम जुड़े हुए हैं?,2,0
Thank you. Which data plan would you like to go with?, शुक्रिया। आप किस डेटा प्लान के साथ जाना चाहेंगे?,3,0
will take that, वह ले जाएगा,2,0
Great! May I please know which data plan services would you like to purchase?, महान! क्या मैं कृपया जान सकता हूँ कि आप कौन-सी डेटा योजना सेवाएँ खरीदना चाहेंगे?,3,2
Perfect!!!! I hope all my needs are cleared. Have a goodday ahead. Bye, उत्तम!!!! मुझे उम्मीद है कि मेरी सभी जरूरतें साफ हो गई हैं। आगे एक अच्छा दिन हो। अलविदा,3,2
685453,685453,0,0
I would like to get 10 GB. What is the price of this plan?, मैं 10 जीबी प्राप्त करना चाहूंगा। क्या है इस प्लान की कीमत?,2,0
Fantastic! Thank you for reaching out to us. Please do contact in case you have any other query. We are always here at your service. Have a pleasant day ahead. :), ज़बरदस्त! हमसे संपर्क की पहल के लिए आपका धन्यवाद। कृपया संपर्क करें यदि आपके पास कोई अन्य प्रश्न है। हम हमेशा आपकी सेवा में यहां हैं। आगे का दिन सुखद रहे। :),3,2
yes, हां,2,0
" 8AM-12PM,"," सुबह 8 बजे से दोपहर 12 बजे तक,",0,0
I would like to buy 5 GB data plan., मैं 5 जीबी डेटा प्लान खरीदना चाहूंगा।,2,0
"Hello there! Welcome to Brad Ford Web services, how may I help you today? "," नमस्ते! ब्रैड फोर्ड वेब सेवाओं में आपका स्वागत है, मैं आज आपकी कैसे मदद कर सकता हूं?",3,0
Could you please help me with your home address please?, क्या आप कृपया मुझे अपने घर का पता बताने में मदद कर सकते हैं?,3,0
"Thank you for choosing us, please feel free to reach you to us for further concerns. Have an awesome day ahead!"," हमें चुनने के लिए धन्यवाद, कृपया बेझिझक आगे की चिंताओं के लिए हमसे संपर्क करें। आगे का दिन शानदार हो!",3,2
Yes, हाँ,2,0
"Thank you! Since you've mentioned you would like to go ahead with the internet service, we have three packages to offer since you are our new customer and they are (1GB, 5 GB, 10 GB) which are $5, $10 and $20 respectively. So now could you please go ahead and choose a package for yourself?","आपको धन्यवाद! चूंकि आपने उल्लेख किया है कि आप इंटरनेट सेवा के साथ आगे बढ़ना चाहते हैं, हमारे पास पेश करने के लिए तीन पैकेज हैं क्योंकि आप हमारे नए ग्राहक हैं और वे हैं (1GB, 5GB, 10GB) जो क्रमशः $5, $10 और $20 हैं। तो क्या अब आप कृपया आगे बढ़ सकते हैं और अपने लिए एक पैकेज चुन सकते हैं?",3,0
Perfect! I'll confirm the plan of 10 GB for internet service. Is there anything I might help you with?, उत्तम! मैं इंटरनेट सेवा के लिए 10 जीबी की योजना की पुष्टि करूंगा। क्या कोई ऐसी चीज है जिसमें मैं आपकी मदद कर सकता हूं?,3,2
My full name is mani  and  account number is 325741021201452, मेरा पूरा नाम मणि है और खाता संख्या 325741021201452,1,0
I would like to go for an Internet connection, मैं एक इंटरनेट कनेक्शन के लिए जाना चाहूंगा,2,0
Hello and welcome to universal cable customer care services. How may I assist you today?, नमस्ते और यूनिवर्सल केबल कस्टमर केयर सर्विसेज में आपका स्वागत है। आज मैं आपकी मदद किस तरह कर सकता हूँ?,3,0
canada, कनाडा,0,0
"Awesome! I'll confirm the plan for you, please give me a minute while I get this done for you. "," बहुत बढ़िया! मैं आपके लिए योजना की पुष्टि करूंगा, कृपया मुझे एक मिनट दें जब तक कि मैं आपके लिए इसे पूरा कर लूं।",3,2
I wish to have 5 GB, मेरी इच्छा है कि 5 जीबी,2,0
10 GB plan, 10 जीबी प्लान,0,0
My pleasure! May I know if there is anything else I may help you with?, मेरा सौभाग्य! क्या मैं जान सकता हूँ कि क्या कुछ और है जिसमें मैं आपकी मदद कर सकता हूँ?,3,2
"I really appreciate for staying connected. Please give us 24 hours for the installation process, our executives will reach out to you for further details. If there's any concern please feel free to visit our website www.cablemedia.com. Will there be anything else I may help you with?","मैं वास्तव में जुड़े रहने के लिए सराहना करता हूं। कृपया हमें स्थापना प्रक्रिया के लिए 24 घंटे का समय दें, हमारे अधिकारी अधिक जानकारी के लिए आप तक पहुंचेंगे। अगर कोई चिंता है तो कृपया बेझिझक हमारी वेबसाइट www.cablemedia.com पर जाएं। क्या कुछ और होगा जिसमें मैं आपकी मदद कर सकूं?",3,2
Hello! Good morning. Welcome to LMT cable services. How may I help you today?, नमस्ते! सुबह बख़ैर। एलएमटी केबल सेवाओं में आपका स्वागत है। आज मैं आपकी कैसे मदद कर सकता हूँ?,3,0
"As I see, the plan you had subscribed for, has been expired and that's the reason you were been charged $50 more on your total bill."," जैसा कि मैंने देखा, आपने जिस योजना की सदस्यता ली थी, उसकी समय सीमा समाप्त हो गई है और यही कारण है कि आपसे आपके कुल बिल पर $50 अधिक शुल्क लिया गया था।",0,1
Hello! Welcome to AT&T! How can I help you today?, नमस्ते! एटी एंड टी में आपका स्वागत है! आज मैं आपकी मदद करने में कैसे सक्षम हूं?,3,0
Good morning! You've reached Net link Media/Cable Services. How may I help you today?, सुबह बख़ैर! आप नेट लिंक मीडिया/केबल सेवाओं पर पहुंच गए हैं। आज मैं आपकी कैसे मदद कर सकता हूँ?,3,0
All right! 10GB would cost you $15., ठीक है! 10GB की कीमत आपको $15 होगी।,2,0
I'll help you out with that. May I know your name and your account ID?, मैं इसमें आपकी मदद करूंगा। क्या मैं आपका नाम और आपकी खाता आईडी जान सकता हूँ?,3,0
"Let me check your account, may I know your name?"," मुझे आपके खाते की जांच करने दें, क्या मैं आपका नाम जान सकता हूं?",2,0
Hi, नमस्ते,2,0
Yeah! Would there be anything else apart from this I may assist you with today?, हाँ! क्या इसके अलावा और कुछ होगा जिसमें मैं आज आपकी सहायता कर सकता हूँ?,3,0
All right! Could you please help me with your city and it's pin code?, ठीक है! क्या आप कृपया अपने शहर और उसके पिन कोड के बारे में मेरी मदद कर सकते हैं?,3,0
My name is Kelly George,मेरा नाम केली जॉर्ज है,2,0
I WOULD LIKE TO PURCHASE CABLE, मैं केबल खरीदना चाहता/चाहती हूं,2,2
"Hello! Good morning, Fast net cable services. How may I assist you today?"," नमस्ते! सुप्रभात, फास्ट नेट केबल सेवाएं। आज मैं आपकी मदद किस तरह कर सकता हूँ?",3,0
Austin 73301, ऑस्टिन 73301,0,0
no thanks," जी नहीं, धन्यवाद",3,1
Kindly Fix that ASP, कृपया उस एएसपी को ठीक करें,2,1
"Los Angels, 90011"," लॉस एंजेल्स, 90011",0,0
like to purchase, खरीदना पसंद है,2,0
"Olympia, WA 98512"," ओलंपिया, डब्ल्यूए 98512",0,0
okay, ठीक है,2,0
hi, नमस्ते,2,0
RRY, आरआरवाई,0,0
I need new cable connection discunts, मुझे नई केबल कनेक्शन छूट चाहिए,1,1
"Awesome! Thank you for all the details, please give me a minute to proceed further. "," बहुत बढ़िया! सभी विवरणों के लिए धन्यवाद, कृपया मुझे आगे बढ़ने के लिए एक मिनट दें।",3,2
NO THANKS," जी नहीं, धन्यवाद",3,1
Awesome! May I know your city name and zip code?, बहुत बढ़िया! क्या मैं आपके शहर का नाम और ज़िप कोड जान सकता हूँ?,3,2
"i have any discount 
", मुझे कोई छूट है,1,0
Is there anything else I could help you with?, क्या कुछ और है जिसमें मैं आपकी मदद कर सकता हूं?,2,0
Fantastic! I've forwarded your subscription request for 10 GB cable data plan. You will be receiving a confirmation message regarding the same within 24 hours. We hope you enjoy our service. Will there be anything else I could help you with?, ज़बरदस्त! मैंने 10 जीबी केबल डेटा प्लान के लिए आपका सब्सक्रिप्शन अनुरोध अग्रेषित कर दिया है। आपको 24 घंटे के भीतर उसी के संबंध में एक पुष्टिकरण संदेश प्राप्त होगा। हमें उम्मीद है कि आप हमारी सेवा का आनंद लेंगे। क्या कुछ और होगा जिसमें मैं आपकी मदद कर सकूं?,3,2
"Thank you! Since you've mentioned you would like to go ahead with the cable service, we have three packages to offer since you are our new customer and they are (1GB, 5 GB, 10 GB) which are $5, $10 and $20 respectively. So now could you please go ahead and choose a package for yourself?","आपको धन्यवाद! चूंकि आपने उल्लेख किया है कि आप केबल सेवा के साथ आगे बढ़ना चाहते हैं, हमारे पास पेश करने के लिए तीन पैकेज हैं क्योंकि आप हमारे नए ग्राहक हैं और वे हैं (1GB, 5GB, 10GB) जो क्रमशः $5, $10 और $20 हैं। तो क्या अब आप कृपया आगे बढ़ सकते हैं और अपने लिए एक पैकेज चुन सकते हैं?",3,2
"Thank you for sharing the details. We have different data plans such as 1GB, 5GB and 10GB for services like phone, internet and cable. Which one would you like to purchase?"," विवरण साझा करने के लिए धन्यवाद। हमारे पास फोन, इंटरनेट और केबल जैसी सेवाओं के लिए 1GB, 5GB और 10GB जैसे अलग-अलग डेटा प्लान हैं। आप कौन सा खरीदना चाहेंगे?",3,0
delhi 654123, दिल्ली 654123,2,0
Alright. That's perfect., ठीक है। यह बिल्कुल सही है.,1,2
canada, कनाडा,0,0
MUMBAI ANT 498741, मुंबई चींटी 498741,0,0
"Perfect! The monthly tariff of 10 GB cable data plan is $20 including all the taxes. Since you are our new customer, we would love to offer you a discount of 10% on your first month bill as a welcome gift. Would you like to confirm your subscription for the 10 GB cable data plan?"," उत्तम! 10 जीबी केबल डेटा प्लान का मासिक टैरिफ सभी करों सहित $20 है। चूंकि आप हमारे नए ग्राहक हैं, इसलिए हम आपको स्वागत उपहार के रूप में आपके पहले महीने के बिल पर 10% की छूट प्रदान करना पसंद करेंगे। क्या आप 10 जीबी केबल डेटा प्लान के लिए अपनी सदस्यता की पुष्टि करना चाहेंगे?",3,2
Great! I'll help you with that. Could you please provide your city's name?, महान! मैं इसमें आपकी मदद करूंगा। क्या आप कृपया अपने शहर का नाम बता सकते हैं?,3,2
1 GB, 1 जीबी,0,0
"That's perfect! Thank you for all the details, please give me a minute to proceed further. ","यह बिल्कुल सही है! सभी विवरणों के लिए धन्यवाद, कृपया मुझे आगे बढ़ने के लिए एक मिनट दें।",3,2
"Lovely place! I'd like to inform you that we offer 1Gb data plan, 5Gb data plan and 10Gb data plan in your city and area. May I know which one would you prefer? "," सुंदर जगह! मैं आपको सूचित करना चाहता हूं कि हम आपके शहर और क्षेत्र में 1Gb डेटा प्लान, 5Gb डेटा प्लान और 10Gb डेटा प्लान ऑफ़र करते हैं। क्या मैं जान सकता हूँ कि आप किसे पसंद करेंगे?",3,2
"Thank you for staying connected, you're now a part of our services. Our executives will reach out to you for further concerns. Will that be fine with you?"," जुड़े रहने के लिए धन्यवाद, अब आप हमारी सेवाओं का हिस्सा हैं। आगे की चिंताओं के लिए हमारे अधिकारी आपसे संपर्क करेंगे। क्या यह आपके साथ ठीक रहेगा?",3,2
10gb data plan, 10GB डेटा प्लान,0,0
Perfect! I'll sign you for the cable services of 10 GB plan. Is there anything else I might help you with?, उत्तम! मैं आपको 10 जीबी प्लान की केबल सेवाओं के लिए साइन करूंगा। क्या कुछ और है जिसमें मैं आपकी मदद कर सकता हूं?,3,2
bye, अलविदा,2,0
may i know the monthly charges, क्या मैं मासिक शुल्क जान सकता हूँ,2,0
"I'll be glad to help you with that, could you please help me with the name of the city and the zip code?"," मुझे इसमें आपकी मदद करने में खुशी होगी, क्या आप कृपया शहर के नाम और ज़िप कोड के साथ मेरी मदद कर सकते हैं?",3,0
okay, ठीक है,2,0
i need internet service, मुझे इंटरनेट सेवा चाहिए,1,0
"Amazing! May I know which plan would you like to choose in 1 GB, 5 GB and 10 GB?"," अद्भुत! क्या मैं जान सकता हूं कि आप 1 जीबी, 5 जीबी और 10 जीबी में कौन सा प्लान चुनना चाहेंगे?",3,2
i want to purchase new cable, मुझे नया केबल खरीदना है,1,0
ok, ठीक है,2,0
ok, ठीक है,2,0
U TOO, आप भी,0,0
You're always welcome! Please do reach out to us in case of any further queries. Looking forward to seeing you soon again! Have a great day ahead! Good bye!,आपका हमेशा स्वागत है! कृपया किसी और प्रश्न के मामले में हमसे संपर्क करें। जल्द ही आपको फिर से देखने के लिए उत्सुक हैं! आगे एक महान दिन हो! अलविदा!,3,2
Thank you for contacting us. I hope you have a great day ahead. Bye!, हमसे संपर्क करने के लिए धन्यवाद। मुझे आशा है कि आपके लिए आगे एक अच्छा दिन होगा। अलविदा!,3,2
I want new cable service, मुझे नई केबल सेवा चाहिए,1,0
hi, नमस्ते,2,0
"Oh! I'm so sorry to hear that! Not a problem! I'll help you out, may I know your name?"," ओह! मुझे यह सुनकर खेद हुआ! एक समस्या नहीं है! मैं आपकी मदद करूंगा, क्या मैं आपका नाम जान सकता हूं?",3,1
ok, ठीक है,2,0
Would there be anything else I may assist you with?, क्या कुछ और होगा जिसमें मैं आपकी सहायता कर सकूं?,2,0
Awesome! Could you please help me with your city name and the zip code?, बहुत बढ़िया! क्या आप कृपया मुझे अपने शहर के नाम और ज़िप कोड के साथ मदद कर सकते हैं?,3,2
like to purchase, खरीदना पसंद है,2,0
Good choice! I'd like to inform you that you're requested service will be installed and activated in the next 2 business days., अच्छा विकल्प! मैं आपको सूचित करना चाहता हूं कि आपसे अनुरोध किया गया है कि सेवा अगले 2 व्यावसायिक दिनों में स्थापित और सक्रिय हो जाएगी।,3,2
no thanks," जी नहीं, धन्यवाद",3,1
5 GB, 5 जीबी,0,0
No..Thanks a lot, नहीं..बहुत-बहुत धन्यवाद,3,2
bye, अलविदा,2,0
"surely, thank you for reaching out to us. Good day!"," निश्चित रूप से, हमसे संपर्क करने के लिए धन्यवाद। अच्छा दिन!",3,2
NOTHING ELSE, और कुछ नहीं,2,0
Awesome! I have now confirmed the 10 GB data plan on your name and created an account for you. Our associate would visit your house and help you in the service installation. Is there anything else I could help you with for today?, बहुत बढ़िया! मैंने अब आपके नाम पर 10 जीबी डेटा प्लान की पुष्टि की है और आपके लिए एक खाता बनाया है। हमारे सहयोगी आपके घर आएंगे और सर्विस इंस्टालेशन में आपकी मदद करेंगे। क्या आज के लिए मैं आपकी कुछ और मदद कर सकता हूँ?,3,2
Awesome! Could you please help me with your city name and the zip code?, बहुत बढ़िया! क्या आप कृपया मुझे अपने शहर के नाम और ज़िप कोड के साथ मदद कर सकते हैं?,3,2
Have a great day, आपका दिन अच्छा रहे,2,2
5GB, 5GB,0,0
10 GB, 10 जीबी,0,0
"Which data plan would you like to sign up for? We currently have 1 GB, 5 GB and 10 GB available. You can choose any of them and we will be able to install it.","आप किस डेटा प्लान के लिए साइन अप करना चाहेंगे? वर्तमान में हमारे पास 1 जीबी, 5 जीबी और 10 जीबी उपलब्ध है। आप उनमें से कोई भी चुन सकते हैं और हम इसे स्थापित करने में सक्षम होंगे।",3,0
Awesome! This pack is valid for a month and costs you $5 per month. Would you mind the activation of this pack in 24 hours?, बहुत बढ़िया! यह पैक एक महीने के लिए वैध है और इसकी कीमत आपको प्रति माह $ 5 है। क्या आप 24 घंटे में इस पैक के सक्रिय होने पर ध्यान देंगे?,3,2
Alright! the 5GB plan come up to $15 per month and it would be activated on your name in about an hour. Is there anything else I could help you out with for today?, ठीक है! 5GB प्लान प्रति माह $15 तक आता है और यह लगभग एक घंटे में आपके नाम पर सक्रिय हो जाएगा। क्या आज के लिए मैं आपकी कुछ और मदद कर सकता हूँ?,2,0
"Wonderful! We are always here to help you with any issues relating to cable/media, looking forward to connect back. Have a nice day!"," अद्भुत! केबल/मीडिया से संबंधित किसी भी मुद्दे पर आपकी मदद करने के लिए हम हमेशा यहां मौजूद हैं, वापस जुड़ने के लिए तत्पर हैं। आपका दिन शुभ हो!",3,2
"Sure Richard. I'd love to help you out. You mean you want to sign up for Internet service, right? "," ज़रूर रिचर्ड। मुझे आपकी मदद करना अच्छा लगेगा। आपका मतलब है कि आप इंटरनेट सेवा के लिए साइन अप करना चाहते हैं, है ना?",2,0
"For the cable  service we have 1 GB, 5 GB and 10 GB data plan for $10. $20 and $30 respectively. May I know which data plan you'd like to purchase?"," केबल सेवा के लिए हमारे पास $ 10 के लिए 1 जीबी, 5 जीबी और 10 जीबी डेटा प्लान है। क्रमशः $ 20 और $ 30। क्या मैं जान सकता हूँ कि आप कौन-सा डेटा प्लान खरीदना चाहेंगे?",3,0
ok, ठीक है,2,0
sorry, माफ़ करना,2,1
"You are always welcome. Thank you for choosing our service. For any query, please feel free to ask us anytime. We are always here to help you.","आपका हमेशा स्वागत है। हमारी सेवा चुनने के लिए धन्यवाद। किसी भी प्रश्न के लिए, कृपया बेझिझक हमसे कभी भी पूछें। हम आपकी मदद करने के लिए हमेशा मौजूद हैं।",3,2
Thank you so much, बहुत-बहुत धन्यवाद,3,2
i need new cable connection, मुझे नया केबल कनेक्शन चाहिए,1,0
no thanks," जी नहीं, धन्यवाद",3,1
Good news! You've been successfully subscribed to our service and it will be activated within the next 24 hours. Would you need anything else?, खुशखबरी! आपने हमारी सेवा की सफलतापूर्वक सदस्यता ले ली है और यह अगले 24 घंटों के भीतर सक्रिय हो जाएगी। क्या आपको कुछ और चाहिए होगा?,3,2
"Thank you! Since you've mentioned you would like to go ahead with the internet service, we have three packages to offer since you are our new customer and they are (1GB, 5 GB, 10 GB) which are $5, $10 and $20 respectively. So now could you please go ahead and choose a package for yourself?","आपको धन्यवाद! चूंकि आपने उल्लेख किया है कि आप इंटरनेट सेवा के साथ आगे बढ़ना चाहते हैं, हमारे पास पेश करने के लिए तीन पैकेज हैं क्योंकि आप हमारे नए ग्राहक हैं और वे हैं (1GB, 5GB, 10GB) जो क्रमशः $5, $10 और $20 हैं। तो क्या अब आप कृपया आगे बढ़ सकते हैं और अपने लिए एक पैकेज चुन सकते हैं?",3,0
"Sure! I must say you've reached the right place for that, we provide the best services with the best plans with a very feasible rate. To help you further, could you please help me with the city name and it's zip code?"," ज़रूर! मुझे कहना होगा कि आप उसके लिए सही जगह पर पहुंच गए हैं, हम बहुत ही व्यवहार्य दर के साथ सर्वोत्तम योजनाओं के साथ सर्वोत्तम सेवाएं प्रदान करते हैं। आपकी और मदद करने के लिए, क्या आप कृपया शहर के नाम और उसके ज़िप कोड के बारे में मेरी मदद कर सकते हैं?",3,2
i like it 5bg, मुझे यह पसंद है,2,2
"Hello! Welcome to Zoom service, how may I assist you? "," नमस्ते! ज़ूम सेवा में आपका स्वागत है, मैं आपकी कैसे सहायता कर सकता हूँ?",3,0
Great! Please allow me a moment to process your request., महान! कृपया मुझे आपके अनुरोध को संसाधित करने के लिए कुछ समय दें।,3,2
"Thanks for confirming!! You'll receive a confirmation call from our team shortly, I've raised a ticket for you. Please cooperate with them. "," पुष्टि करने के लिए धन्यवाद!! आपको शीघ्र ही हमारी टीम से एक पुष्टिकरण कॉल प्राप्त होगी, मैंने आपके लिए एक टिकट जमा कर दिया है। कृपया उनका सहयोग करें।",3,2
Good news! You've been successfully subscribed to our service and it will be activated within the next 24 hours. Would you need anything else?, खुशखबरी! आपने हमारी सेवा की सफलतापूर्वक सदस्यता ले ली है और यह अगले 24 घंटों के भीतर सक्रिय हो जाएगी। क्या आपको कुछ और चाहिए होगा?,3,2
I NEED INTERNET, मुझे इंटरनेट चाहिए,1,0
hai nice to meet you, आपसे मिलकर अच्छा लगा,2,2
"Absolutely! I'll be glad to help you in this, may I please know the city you belong and it's zip code?","बिल्कुल! मुझे इसमें आपकी मदद करने में खुशी होगी, क्या मैं कृपया यह जान सकता हूं कि आप किस शहर से संबंधित हैं और उसका ज़िप कोड है?",3,2
Words*, शब्दों*,0,0
bye, अलविदा,2,0
my bill keeps going up, मेरा बिल बढ़ता रहता है,1,1
"That's great! Thank you for reaching out to us, have a great day ahead!"," एक दम बढ़िया! हमसे संपर्क करने के लिए धन्यवाद, आपका दिन शुभ हो!",3,2
Sounds perfect! Please allow me a moment while I get this done for you., यह बढ़िया है! कृपया मुझे एक क्षण का समय दें जब तक कि मैं आपके लिए यह कर दूं।,2,2
Hello there! Welcome to Star cable customer care services. How may I help you today?, नमस्ते! स्टार केबल कस्टमर केयर सर्विसेज में आपका स्वागत है। आज मैं आपकी कैसे मदद कर सकता हूँ?,3,0
no need thanks for your help, आपकी मदद के लिए धन्यवाद की आवश्यकता नहीं है,3,0
internet service, इंटरनेट सेवा,0,0
no thanks," जी नहीं, धन्यवाद",3,1
"43701
Zanesville, OH"," 43701 ज़ानेस्विले, ओह",1,0
No ..Thanks a lot., नहीं..बहुत-बहुत धन्यवाद।,3,0
Hello, नमस्ते,3,0
Good morning! You've reached Net link Media/Cable Services. How may I help you today?, सुबह बख़ैर! आप नेट लिंक मीडिया/केबल सेवाओं पर पहुंच गए हैं। आज मैं आपकी कैसे मदद कर सकता हूँ?,3,0
My pleasure! Thanks for being considerate. Would there be anything else I may help you with?, मेरा सौभाग्य! विचारशील होने के लिए धन्यवाद। क्या कुछ और होगा जिसमें मैं आपकी मदद कर सकूं?,3,2
no queries, कोई प्रश्न नहीं,1,0
Alright! I've made a request for the installation of the services you wish to sign up for. Our team will shortly get in touch with you for further process., ठीक है! मैंने उन सेवाओं की स्थापना के लिए अनुरोध किया है जिनके लिए आप साइन अप करना चाहते हैं। आगे की प्रक्रिया के लिए हमारी टीम जल्द ही आपसे संपर्क करेगी।,3,0
I NEED A NEW INTERNET SERVICE, मुझे एक नई इंटरनेट सेवा चाहिए,1,1
"I am Erin Shier, Nice to have your assistance Casey"," मैं एरिन शायर हूँ, आपकी सहायता पाकर अच्छा लगा केसी",3,2
"Thanks for that! Could you also help me with the data plan you'd like to choose? We have 1 GB, 5 GB and 10 GB plans available as of now.","उसके लिए धन्यवाद! क्या आप उस डेटा योजना में भी मेरी मदद कर सकते हैं जिसे आप चुनना चाहते हैं? अभी हमारे पास 1 जीबी, 5 जीबी और 10 जीबी प्लान उपलब्ध हैं।",3,0
change move my service to the new location, बदलें मेरी सेवा को नए स्थान पर ले जाएं,0,0
"Sure! What would you like to purchase sir? We offer phone service, cable service and also internet service. You can avail any service you wish to sign up for."," ज़रूर! आप क्या खरीदना चाहेंगे सर? हम फोन सेवा, केबल सेवा और इंटरनेट सेवा भी प्रदान करते हैं। आप जिस भी सेवा के लिए साइन अप करना चाहते हैं, उसका लाभ उठा सकते हैं।",2,0
karthi, Karthi,2,0
Sure! May I know which service are you looking for?, ज़रूर! क्या मैं जान सकता हूँ कि आप किस सेवा की तलाश में हैं?,2,0
delhi 874445, दिल्ली 874445,2,0
yes, हां,2,0
"Congratulations! Your new 10 GB internet  connection is confirmed were our executives will reach you within 2-3 days for the installation. You are now a part of Net Link cable/media services, and I've also created an account of your with us, for any further queries you can look up to our website i.e www.netlink.com. 
"," बधाई हो! आपके नए 10 जीबी इंटरनेट कनेक्शन की पुष्टि हो गई है, हमारे अधिकारी इंस्टॉलेशन के लिए 2-3 दिनों के भीतर आप तक पहुंच जाएंगे। अब आप नेट लिंक केबल/मीडिया सेवाओं का हिस्सा हैं, और मैंने आपके साथ एक खाता भी बनाया है, किसी भी अन्य प्रश्न के लिए आप हमारी वेबसाइट www.netlink.com पर देख सकते हैं।",2,2
5 GB data plan, 5 जीबी डेटा प्लान,0,0
yes, हां,2,0
"That's sad! To proceed with your request, may I know your name and 16 digit account number please?"," यह दुख की बात है! आपके अनुरोध पर आगे बढ़ने के लिए, क्या मैं आपका नाम और 16 अंकों की खाता संख्या जान सकता हूँ?",3,1
hi, नमस्ते,2,0
any discount avaible for my cable sevice, मेरी केबल सेवा के लिए उपलब्ध कोई भी छूट,0,0
ok, ठीक है,2,0
"Sorry, Before I go ahead and confirm the plan, may I know if you need a cable connection or an internet service?","क्षमा करें, इससे पहले कि मैं आगे बढ़ूं और योजना की पुष्टि करूं, क्या मैं जान सकता हूं कि आपको केबल कनेक्शन या इंटरनेट सेवा की आवश्यकता है?",3,0
"Hey there, you're connected to Star cable customer service! How may I help you today?"," ठीक है, आप स्टार केबल ग्राहक सेवा से जुड़े हैं! आज मैं आपकी कैसे मदद कर सकता हूँ?",3,0
melur 625655, मेलूर 625655,0,0
"You're welcome! It was great assisting you, thanks for choosing our services. Goodbye."," आपका स्वागत है! आपकी सहायता करके बहुत अच्छा लगा, हमारी सेवाओं को चुनने के लिए धन्यवाद। अलविदा।",3,2
"Thank you for sharing the details. We provide different services like cable, phone and internet with 1GB, 5GB and 10GB data plans. Which one would you like to purchase?"," विवरण साझा करने के लिए धन्यवाद। हम 1GB, 5GB और 10GB डेटा प्लान के साथ केबल, फोन और इंटरनेट जैसी विभिन्न सेवाएं प्रदान करते हैं। आप कौन सा खरीदना चाहेंगे?",3,0
no  thanks," जी नहीं, धन्यवाद",3,1
Great! May I know the zip code of Abbeville please?, महान! क्या मुझे एब्बेविल का पिन कोड पता हो सकता है?,3,2
city Anchorage zip code 99501, शहर एंकोरेज ज़िप कोड 99501,0,0
NO THANKS SAM, नहीं धन्यवाद सामी,3,1
"Thank you for reaching out to us, please feel free to reach out to us for further concerns. Have an awesome day ahead!"," हमसे संपर्क करने के लिए धन्यवाद, कृपया आगे की चिंताओं के लिए हमसे बेझिझक संपर्क करें। आगे का दिन शानदार हो!",3,2
Goodbye!, अलविदा!,2,0
City: Kalageyan...ZIP:19528, शहर: कलागेयन...ज़िप:19528,2,0
It was a pleasure to assist you today. Have a great day!, आज आपकी सहायता करके खुशी हुई। आपका दिन अच्छा रहे!,3,2
ok done.then how is today going, ठीक है किया।तो आज कैसा चल रहा है,2,0
That's a great choice! The plan is for $60 a month. Would you have any queries regarding this?, यह एक बढ़िया विकल्प है! योजना $ 60 प्रति माह के लिए है। क्या आप इस संबंध में कोई प्रश्न पूछना चाहेंगे?,3,2
Hello! How may I assist you?, नमस्ते! मैं आपकी कैसे सहायता कर सकता हूँ?,3,0
Sure. I've successfully signed you up for the service. The connection will be made within 24 hours. Would you need anything else?,ज़रूर। मैंने आपको सेवा के लिए सफलतापूर्वक साइन अप कर लिया है। 24 घंटे के अंदर कनेक्शन दिया जाएगा। क्या आपको कुछ और चाहिए होगा?,3,2
"Definitely! I'd be glad to help you in this regard. Could you please help me with the city name and it's zip code?
", निश्चित रूप से! मुझे इस संबंध में आपकी मदद करने में खुशी होगी। क्या आप कृपया शहर के नाम और उसके ज़िप कोड के बारे में मेरी मदद कर सकते हैं?,3,2
kkm097@e-mail com, kkm097@ई-मेल कॉम,2,0
Surely! This shall be activated within 24 hours. Is there anything else I may help you with?, निश्चित रूप से! यह 24 घंटे के भीतर सक्रिय हो जाएगा। क्या कुछ और है जिसमें मैं आपकी मदद कर सकता हूं?,2,0
Hello! Welcome to prodesk cable services. How may I help you today?, नमस्ते! प्रोडेस्क केबल सेवाओं में आपका स्वागत है। आज मैं आपकी कैसे मदद कर सकता हूँ?,3,0
Our pleasure. We always put efforts to make our customers happy. Would you like me to confirm this plan for you?, हमारी खुशी। हम हमेशा अपने ग्राहकों को खुश करने का प्रयास करते हैं। क्या आप चाहते हैं कि मैं आपके लिए इस योजना की पुष्टि करूं?,3,2
"Hey there, you're connected to Star cable customer service! How may I help you today?"," ठीक है, आप स्टार केबल ग्राहक सेवा से जुड़े हैं! आज मैं आपकी कैसे मदद कर सकता हूँ?",3,0
i wand to upgrade my intemet speed, मैं अपनी इंटीमेट स्पीड को अपग्रेड करना चाहता हूं,2,0
ok, ठीक है,2,0
Hello', नमस्ते',3,0
"Awesome! May I also know  if you need the 1 GB, 5 GB, 10 GB plan for your service?
"," बहुत बढ़िया! क्या मैं यह भी जान सकता हूं कि क्या आपको अपनी सेवा के लिए 1 जीबी, 5 जीबी, 10 जीबी प्लान चाहिए?",3,2
"May I know which service would you like to purchase, cable or internet or phone? "," क्या मैं जान सकता हूँ कि आप कौन सी सेवा खरीदना चाहेंगे, केबल या इंटरनेट या फोन?",3,0
Hello! Welcome to Aura cable services. How may I help you?, नमस्ते! ऑरा केबल सर्विस में आपका स्वागत है। क्या मेरे द्वारा आपकी कोई सहायता हो सकती है?,3,0
Awesome! That's a great choice. You will have access to 10 GB cable data plan after you complete the subscription process. Do you have any queries or would you like to know anything about our data plans?, बहुत बढ़िया! यह एक बढ़िया विकल्प है। सब्सक्रिप्शन प्रक्रिया पूरी करने के बाद आपके पास 10 जीबी केबल डेटा प्लान तक पहुंच होगी। क्या आपके कोई प्रश्न हैं या आप हमारे डेटा प्लान के बारे में कुछ जानना चाहेंगे?,3,2
"Thank you! Since you've mentioned you would like to go ahead with the cable service, we have three packages to offer since you are our new customer and they are (1GB, 5 GB, 10 GB) which are $5, $10 and $20 respectively. So now could you please go ahead and choose a package for yourself?","आपको धन्यवाद! चूंकि आपने उल्लेख किया है कि आप केबल सेवा के साथ आगे बढ़ना चाहते हैं, हमारे पास पेश करने के लिए तीन पैकेज हैं क्योंकि आप हमारे नए ग्राहक हैं और वे हैं (1GB, 5GB, 10GB) जो क्रमशः $5, $10 और $20 हैं। तो क्या अब आप कृपया आगे बढ़ सकते हैं और अपने लिए एक पैकेज चुन सकते हैं?",3,2
Alright! I have now confirmed the 5 GB data plan on your name. However you would be receiving a conformation message about the same in an hour. Is there anything else I could help you with for today?,ठीक है! मैंने अब आपके नाम पर 5 जीबी डेटा प्लान कन्फर्म कर दिया है। हालाँकि आपको एक घंटे में उसी के बारे में एक संदेश प्राप्त होगा। क्या आज के लिए मैं आपकी कुछ और मदद कर सकता हूँ?,3,0
hi, नमस्ते,2,0
"You are always welcome. Thank you for choosing our service. For any query, please feel free to contact us anytime. We are always here to help you."," आपका हमेशा स्वागत है। हमारी सेवा चुनने के लिए धन्यवाद। किसी भी प्रश्न के लिए, कृपया बेझिझक हमसे किसी भी समय संपर्क करें। हम आपकी मदद करने के लिए हमेशा मौजूद हैं।",3,2
"Sure. For us to check the availability of our services near you, kindly please help me with your city and zipcode."," ज़रूर। हमारे लिए आप के पास हमारी सेवाओं की उपलब्धता की जांच करने के लिए, कृपया मुझे अपने शहर और ज़िप कोड के साथ मदद करें।",3,0
Yes, हाँ,2,0
"Thank you for staying connected, you're now a part of our services. Our executives will reach out to you for further concerns. Will that be fine with you?"," जुड़े रहने के लिए धन्यवाद, अब आप हमारी सेवाओं का हिस्सा हैं। आगे की चिंताओं के लिए हमारे अधिकारी आपसे संपर्क करेंगे। क्या यह आपके साथ ठीक रहेगा?",3,2
"Awesome! Thank you for reaching out to us, hope you'll have a great day ahead! "," बहुत बढ़िया! हमसे संपर्क करने के लिए धन्यवाद, आशा है कि आगे आपका दिन बहुत अच्छा रहेगा!",3,2
"OK THANK YOU SIR, NOTHING ELSE SIR"," ओके थैंक यू सर, और कुछ नहीं सर",3,2
i want to purchase cable connection, मुझे केबल कनेक्शन खरीदना है,1,0
Good morning! You've reached Net link Media/Cable Services. How may I help you today?, सुबह बख़ैर! आप नेट लिंक मीडिया/केबल सेवाओं पर पहुंच गए हैं। आज मैं आपकी कैसे मदद कर सकता हूँ?,3,0
5GB, 5GB,0,0
"And, the ID number would be?"," और, आईडी नंबर होगा?",1,0
Garland, फूलों का हार,0,0
I WANT TO PURCHASE INTERNET, मुझे इंटरनेट खरीदना है,1,0
Hey there! Good morning. Welcome to LMT cable services. How may I assist you?,सुनो! सुबह बख़ैर। एलएमटी केबल सेवाओं में आपका स्वागत है। मैं आपकी कैसे सहायता कर सकता हूँ?,3,0
"Well, the amount for the above plans are $5, $25 and $50 respectively.
"," खैर, उपरोक्त योजनाओं की राशि क्रमशः $ 5, $ 25 और $ 50 है।",1,0
"Awesome! May I also know if you need  the 1 GB, 5 GB, 10 GB plan for your service?"," बहुत बढ़िया! क्या मैं यह भी जान सकता हूं कि क्या आपको अपनी सेवा के लिए 1 जीबी, 5 जीबी, 10 जीबी प्लान चाहिए?",3,2
hi, नमस्ते,2,0
mumbai 40081, मुंबई 40081,0,0
Great! May I please know which data plan services would you like to purchase?, महान! क्या मैं कृपया जान सकता हूँ कि आप कौन-सी डेटा योजना सेवाएँ खरीदना चाहेंगे?,3,2
Hello! Thank you for connecting to Zoom services! How may I assist you today?, नमस्ते! ज़ूम सेवाओं से जुड़ने के लिए धन्यवाद! आज मैं आपकी मदद किस तरह कर सकता हूँ?,3,0
"Awesome! Could you also please help me with the plan you need for your service? The plans we offer are 1 GB, 5 GB, 10 GB and the prices are $5, $25 and $50 respectively.
 ","बहुत बढ़िया! क्या आप अपनी सेवा के लिए आवश्यक योजना में भी मेरी मदद कर सकते हैं? हमारे द्वारा पेश किए जाने वाले प्लान 1 जीबी, 5 जीबी, 10 जीबी हैं और कीमतें क्रमशः $ 5, $ 25 और $ 50 हैं।",3,2
Thankyou!, आपको धन्यवाद!,2,2
"spencer,i am living in sydeny austrila.."," स्पेंसर, मैं सिडनी ऑस्ट्रिला में रह रहा हूँ..",0,0
"Awesome! Could you also please help me with the type of data plan you need? The plans we offer are 1 GB, 5 GB, 10 GB and the prices are $5, $25 and $50 respectively. "," बहुत बढ़िया! क्या आप कृपया मेरी मदद कर सकते हैं कि आपको किस प्रकार की डेटा योजना की आवश्यकता है? हमारे द्वारा पेश किए जाने वाले प्लान 1 जीबी, 5 जीबी, 10 जीबी हैं और कीमतें क्रमशः $ 5, $ 25 और $ 50 हैं।",3,2
OK THANKS, ठीक है धन्यवाद,3,2
ITS OK, कोई बात नहीं,2,0
Have a great day ahead and take care. Goodbye, आपका दिन अच्छा बीते और अपना ख्याल रखें। अलविदा,3,2
hai, हाय,2,0
"Awesome! Thank you for the details. We have 1 GB, 5 GB and 10 GB data plans for our cable services. Which one of these are you looking for?
"," बहुत बढ़िया! विवरण के लिए धन्यवाद। हमारी केबल सेवाओं के लिए हमारे पास 1 जीबी, 5 जीबी और 10 जीबी डेटा प्लान हैं। आप इनमें से किसकी तलाश कर रहे हैं?",3,2
ok, ठीक है,2,0
okay, ठीक है,2,0
1 gb, 1 जीबी,0,0
hi, नमस्ते,2,0
"Superb! Thanks for the details. We have 1 GB, 5 GB and 10 GB cable data plans for you. Which one would you like to avail?
"," शानदार! विवरण के लिए धन्यवाद। हमारे पास आपके लिए 1 जीबी, 5 जीबी और 10 जीबी केबल डेटा प्लान हैं। आप किसका लाभ उठाना चाहेंगे?",3,2
Yes Please!, हाँ कृपया!,2,2
Sure! can you please says the total amount in a month, ज़रूर! क्या आप कृपया एक महीने में कुल राशि बता सकते हैं,3,0
hi casey, हाय केसी,3,0
DATE please?, कृपया दिनांक?,2,0
Okay! May I know the city and it's zip code please?, ठीक! क्या मैं शहर और उसका ज़िप कोड जान सकता हूँ?,2,0
Hello. welcome to Tech Cable Services. How may I help you today?, नमस्ते। टेक केबल सर्विसेज में आपका स्वागत है। आज मैं आपकी कैसे मदद कर सकता हूँ?,3,0
"Hello, I would want to get new cable package.","हैलो, मैं नया केबल पैकेज प्राप्त करना चाहूंगा।",3,0
"Great! Which data plan would you like to purchase? We have 1 GB, 5 GB, 10 GB available as of now. You can use the data plan according to your preferences."," महान! आप कौन सा डेटा प्लान खरीदना चाहेंगे? हमारे पास अभी तक 1 जीबी, 5 जीबी, 10 जीबी उपलब्ध है। आप अपनी पसंद के अनुसार डेटा प्लान का उपयोग कर सकते हैं।",3,2
ok, ठीक है,2,0
BYE, अलविदा,2,0
10GB Cost Please, 10GB लागत कृपया,2,0
nothing, कुछ नहीं,1,0
"Awesome! Thank you for reaching out to us, hope you'll have a great day ahead! "," बहुत बढ़िया! हमसे संपर्क करने के लिए धन्यवाद, आशा है कि आगे आपका दिन बहुत अच्छा रहेगा!",3,2
bye, अलविदा,2,0
Perfect! I'll confirm the plan of 10 GB for cable service. Is there anything I might help you with?, उत्तम! मैं केबल सेवा के लिए 10 जीबी की योजना की पुष्टि करूंगा। क्या कोई ऐसी चीज है जिसमें मैं आपकी मदद कर सकता हूं?,3,2
Okay! May I know the name of your city and the zip code of your area?, ठीक! क्या मैं आपके शहर का नाम और आपके क्षेत्र का ज़िप कोड जान सकता हूँ?,2,0
madurai 625008, मदुरै 625008,0,0
Sure! I will help you in getting that done today. To process your request I will need your city's name and it's zip code please. , ज़रूर! आज इसे पूरा करने में मैं आपकी मदद करूंगा। आपके अनुरोध को संसाधित करने के लिए मुझे आपके शहर का नाम और उसका ज़िप कोड चाहिए होगा।,3,0
"Thank you for your patience, I'm glad to inform you that I've signed you up for the services it will get activated in an hour and you can enjoy the services. Welcome aboard, anything else I may help you with?
"," आपके धैर्य के लिए धन्यवाद, मुझे आपको यह बताते हुए खुशी हो रही है कि मैंने आपको उन सेवाओं के लिए साइन अप किया है जो एक घंटे में सक्रिय हो जाएंगी और आप सेवाओं का आनंद ले सकते हैं। जहाज पर आपका स्वागत है, कुछ और जो मैं आपकी मदद कर सकता हूँ?",3,2
Perfect! May I please know how much extra amount you were charged?, उत्तम! क्या मैं कृपया जान सकता हूं कि आपसे कितनी अतिरिक्त राशि ली गई?,3,2
hai, हाय,2,0
hi, नमस्ते,2,0
"Thank you so much! I would also like to know that which plan would you like to go for (1GB, 5 GB, 10 GB)? "," बहुत-बहुत धन्यवाद! मैं यह भी जानना चाहूंगा कि आप किस प्लान (1GB, 5GB, 10GB) के लिए जाना चाहेंगे?",3,2
"That's it, bye!","बस इतना ही, अलविदा!",2,0
Surely! This shall be activated within 24 hours. Is there anything else I may help you with?, निश्चित रूप से! यह 24 घंटे के भीतर सक्रिय हो जाएगा। क्या कुछ और है जिसमें मैं आपकी मदद कर सकता हूं?,2,0
hi, नमस्ते,2,0
Yes I want it, हाँ मैं यह चाहता हूं,2,2
raja, राजा,0,0
All right. I've initiated the data plan. You will be receiving the confirmation message along with the payment link. Is there anything else I may help you with?, ठीक है। मैंने डेटा योजना शुरू की है। आपको भुगतान लिंक के साथ पुष्टिकरण संदेश प्राप्त होगा। क्या कुछ और है जिसमें मैं आपकी मदद कर सकता हूं?,3,0
98745,98745,0,0
Alright! I have now confirmed the 10 GB data service for you and also created an account on your name. You would be receiving a conformation message shortly. Is there anything else I could help you with for today?, ठीक है! मैंने अब आपके लिए 10 जीबी डेटा सेवा की पुष्टि की है और आपके नाम पर एक खाता भी बनाया है। आपको शीघ्र ही एक रचना संदेश प्राप्त होगा। क्या आज के लिए मैं आपकी कुछ और मदद कर सकता हूँ?,2,0
"As i see, the usage limit was been crossed, and that's the reason your bill was high this month. You've crossed the usage limit."," जैसा कि मैंने देखा, उपयोग की सीमा पार कर दी गई थी, और यही कारण है कि इस महीने आपका बिल अधिक था। आपने उपयोग की सीमा पार कर ली है।",2,1
10  GB date plan, 10 जीबी डेट प्लान,0,0
"Great! Thank you for that. Could you please allow me a minute or two, while I get this done for you?"," महान! उसके लिये आपका धन्यवाद। क्या आप कृपया मुझे एक या दो मिनट का समय दे सकते हैं, जबकि मैं आपके लिए यह कर रहा हूँ?",3,2
5GB, 5GB,0,0
would you want me to confirm this plan for you?, क्या आप चाहते हैं कि मैं आपके लिए इस योजना की पुष्टि करूं?,3,0
"You are always welcome! Thank you for choosing our service! For any query, feel free to call us anytime on our toll free number. We are always here at your service!"," आपका हमेशा स्वागत है! हमारी सेवा चुनने के लिए धन्यवाद! किसी भी प्रश्न के लिए, हमारे टोल फ्री नंबर पर हमें कभी भी कॉल करने में संकोच न करें। हम हमेशा आपकी सेवा में हैं!",3,2
yes confirm, हाँ पुष्टि करें,2,0
"OKAY,ITS FINE."," ठीक है, ठीक है।",2,2
"Awesome! To get the best deals for you, may I know your city's name and its zip code, please?","बहुत बढ़िया! आपके लिए सर्वोत्तम सौदे प्राप्त करने के लिए, क्या मैं आपके शहर का नाम और उसका ज़िप कोड जान सकता हूँ, कृपया?",3,2
yes please confirm this plan, हाँ कृपया इस योजना की पुष्टि करें,2,0
"Thank you for sharing the details. We have different data plans like 5GB, 10GB, 1GB. Which one would you like to purchase?"," विवरण साझा करने के लिए धन्यवाद। हमारे पास 5GB, 10GB, 1GB जैसे अलग-अलग डेटा प्लान हैं। आप कौन सा खरीदना चाहेंगे?",3,0
mumnai 45894, मुंबई 45894,0,0
That's great! I'll do my best to help you. Could you please share the city you're residing and the zip code?, एक दम बढ़िया! मैं आपकी मदद करने की पूरी कोशिश करूंगा। क्या आप कृपया उस शहर और ज़िप कोड को साझा कर सकते हैं जिसमें आप रह रहे हैं?,3,2
new york and8868788, न्यूयॉर्क और 8868788,2,0
"Hey there, You're connected to Star cable customer service! How may I help you today?"," ठीक है, आप स्टार केबल ग्राहक सेवा से जुड़े हैं! आज मैं आपकी कैसे मदद कर सकता हूँ?",3,0
Good morning! You've reached Net link Media/Cable Services. How may I help you today?, सुबह बख़ैर! आप नेट लिंक मीडिया/केबल सेवाओं पर पहुंच गए हैं। आज मैं आपकी कैसे मदद कर सकता हूँ?,3,0
Sure. Could you please help me with your details like your city and zipcode? So that I can find the best plans available near you., ज़रूर। क्या आप कृपया अपने शहर और ज़िप कोड जैसे विवरण के साथ मेरी मदद कर सकते हैं? ताकि मैं आपके आस-पास उपलब्ध सर्वोत्तम योजनाओं को ढूंढ सकूं।,3,0
Sounds perfect! Please allow me a moment while I get this done for you., यह बढ़िया है! कृपया मुझे एक क्षण का समय दें जब तक कि मैं आपके लिए यह कर दूं।,2,2
All right. 5GB costs you 10$. Would you like to confirm the data plan?, ठीक है। 5GB की कीमत आपको 10$ है। क्या आप डेटा प्लान की पुष्टि करना चाहेंगे?,3,0
1534,1534,0,0
ok i want to purchase 5gb, ठीक है मैं 5gb खरीदना चाहता हूँ,2,0
I am sorry. I was busy in some other thing. i am ready now., मुझे अफ़सोस है। मैं किसी और काम में व्यस्त था। में अब तैयार हूं।,3,1
"As I see, the plan you had subscribed for, has been expired and that's the reason you were been charged $50 more on your total bill."," जैसा कि मैंने देखा, आपने जिस योजना की सदस्यता ली थी, उसकी समय सीमा समाप्त हो गई है और यही कारण है कि आपसे आपके कुल बिल पर $50 अधिक शुल्क लिया गया था।",0,1
"Surely, it was a pleasure to assist you today. Have a great day!"," निश्चय ही, आज आपकी सहायता करने में खुशी हुई। आपका दिन अच्छा रहे!",3,2
NO ELSE, दूसरा नहीं,1,0
Please give me a minute to proceed further., कृपया मुझे आगे बढ़ने के लिए एक मिनट दें।,2,0
"And, your account number would be?"," और, आपका अकाउंट नंबर होगा?",1,0
ok, ठीक है,2,0
Absolutely! I'll help you with it. Could you share the city and the zip code?,बिल्कुल! मैं इसमें आपकी मदद करूंगा। क्या आप शहर और पिन कोड साझा कर सकते हैं?,3,2
"Thank you for providing all the required details, please allow me a moment while I proceed further."," सभी आवश्यक विवरण प्रदान करने के लिए धन्यवाद, कृपया मुझे आगे बढ़ने के लिए एक क्षण का समय दें।",3,0
nothing else, और कुछ नहीं,1,0
"want to purchase new cable
", नई केबल खरीदना चाहते हैं,1,0
CITY-TEXAS, सिटी-टेक्सास,0,0
Awesome! I'll help you with that. May I know the name of your city please?, बहुत बढ़िया! मैं इसमें आपकी मदद करूंगा। क्या मैं आपके शहर का नाम जान सकता हूँ?,3,2
Good morning! You've reached Net link Media/Cable Services. How may I help you today?, सुबह बख़ैर! आप नेट लिंक मीडिया/केबल सेवाओं पर पहुंच गए हैं। आज मैं आपकी कैसे मदद कर सकता हूँ?,3,0
Hello there! Welcome to Star cable customer care. How may I help you?, नमस्ते! स्टार केबल कस्टमर केयर में आपका स्वागत है। क्या मेरे द्वारा आपकी कोई सहायता हो सकती है?,3,0
madurai 625001, मदुरै 625001,0,0
All right. I've initiated a request for the 1GB data plan. You would be receiving a confirmation message regarding this along with the payment link. Is there anything else I may help you with?, ठीक है। मैंने 1GB डेटा प्लान के लिए एक अनुरोध शुरू किया है। आपको भुगतान लिंक के साथ इस संबंध में एक पुष्टिकरण संदेश प्राप्त होगा। क्या कुछ और है जिसमें मैं आपकी मदद कर सकता हूं?,3,0
fine., ठीक।,1,2
"We are always here to serve you and help you with your concerns. I hope, I've helped you? Would that be all?"," हम हमेशा आपकी सेवा करने और आपकी चिंताओं में आपकी सहायता करने के लिए यहां हैं। मुझे आशा है, मैंने आपकी मदद की है? क्या वह सब होगा?",3,2
NOTHING ELSE, और कुछ नहीं,2,0
Is there anything else I may help you with?, क्या कुछ और है जिसमें मैं आपकी मदद कर सकता हूं?,2,0
chicago 259 002, शिकागो 259 002,2,0
cable, केबल,0,0
I will help you fix the same right away. May i know the name of the city with it's zip code to process the request., मैं इसे तुरंत ठीक करने में आपकी मदद करूंगा। क्या मैं अनुरोध को संसाधित करने के लिए शहर के ज़िप कोड के साथ उसका नाम जान सकता हूं।,3,0
"Okay, would you like to get both cable and internet services?"," ठीक है, क्या आप केबल और इंटरनेट दोनों सेवाएं प्राप्त करना चाहेंगे?",3,0
"IL, 60046","आईएल, 60046",0,0
Hello and Good Morning! Welcome to Relax customer  service. How may I help you today?, नमस्ते और सुप्रभात! रिलैक्स कस्टमर सर्विस में आपका स्वागत है। आज मैं आपकी कैसे मदद कर सकता हूँ?,3,0
HI, नमस्ते,2,0
Sounds good!, सुनने में तो अच्छा लगता है!,2,2
Awesome! I'll make a request for the same and our team will contact you for further process. I hope this helps., बहुत बढ़िया! मैं इसके लिए एक अनुरोध करूंगा और हमारी टीम आगे की प्रक्रिया के लिए आपसे संपर्क करेगी। आशा है कि ये आपकी मदद करेगा।,3,2
No more queries Alex.. Have a great day..Good bye., कोई और सवाल नहीं एलेक्स.. आपका दिन शुभ हो..अलविदा।,3,0
5Gb, 5जीबी,0,0
Perfect! I'll help you with it. Could you help us locate you by sharing the city and the zip code?, उत्तम! मैं इसमें आपकी मदद करूंगा। क्या आप शहर और ज़िप कोड साझा करके आपको ढूंढने में हमारी सहायता कर सकते हैं?,3,2
I NEED A INTERNET CONNECTION, मुझे इंटरनेट कनेक्शन चाहिए,1,0
You're always welcome! Have a great day ahead and please do reach out to us in case of any further queries., आपका हमेशा स्वागत है! आपका दिन शुभ हो और किसी भी अन्य प्रश्न के मामले में कृपया हमसे संपर्क करें।,3,2
"Sure! The monthly charges of 1 GB cable data plan is $2, for 5 GB cable data plan it's $10 and for 10 GB cable data plan it's $20."," ज़रूर! 1 जीबी केबल डेटा प्लान का मासिक शुल्क $ 2 है, 5 जीबी केबल डेटा प्लान के लिए यह $ 10 है और 10 जीबी केबल डेटा प्लान के लिए यह $ 20 है।",2,0
the navy, समुद्री सेना,0,0
Please go head, कृपया सिर पर जाएँ,2,0
"Fantastic! Thanks for giving us chance to serve you. I've forwarded your request. Quite soon, you'll get a confirmation call from our team. Please cooperate with them. "," ज़बरदस्त! हमें आपकी सेवा करने का मौका देने के लिए धन्यवाद। मैंने आपका अनुरोध अग्रेषित कर दिया है। बहुत जल्द, आपको हमारी टीम से एक पुष्टिकरण कॉल प्राप्त होगी। कृपया उनका सहयोग करें।",3,2
The 5 GB plan will cost you around $5 on monthly basis including all taxes. I will activate the same for you right away., जीबी प्लान में आपको सभी करों सहित मासिक आधार पर लगभग $ 5 का खर्च आएगा। मैं इसे तुरंत आपके लिए सक्रिय कर दूंगा।,3,2
10 GB data plan, 10 जीबी डेटा प्लान,0,0
Okay. Let me check if I got this correct. You need the internet service connection with 10 GB plan. Correct?, ठीक। मुझे जाँचने दो कि क्या मुझे यह सही लगा। आपको 10 जीबी प्लान के साथ इंटरनेट सर्विस कनेक्शन चाहिए। सही?,2,0
That;s awesome! Have a great day ahead! Bye!, वह तो कमाल है! आगे एक महान दिन हो! अलविदा!,2,2
"Awesome! Thank you for reaching out to us, hope you'll have a great day ahead! "," बहुत बढ़िया! हमसे संपर्क करने के लिए धन्यवाद, आशा है कि आगे आपका दिन बहुत अच्छा रहेगा!",3,2
Alright sir! May I know that were you charged $58 extra on your bill?, ठीक है साहब! क्या मैं जान सकता हूँ कि क्या आपसे अपने बिल पर $58 अतिरिक्त शुल्क लिया गया था?,2,0
Alright! I've made a request for the installation of the services you wish to sign up for. Our team will shortly get in touch with you for further process., ठीक है! मैंने उन सेवाओं की स्थापना के लिए अनुरोध किया है जिनके लिए आप साइन अप करना चाहते हैं। आगे की प्रक्रिया के लिए हमारी टीम जल्द ही आपसे संपर्क करेगी।,3,0
"Tampa,florida 33603"," टम्पा, फ्लोरिडा 33603",0,0
Perfect! I'll confirm the plan of 5 GB for cable service. Is there anything I might help you with?, उत्तम! मैं केबल सेवा के लिए 5 जीबी की योजना की पुष्टि करूंगा। क्या कोई ऐसी चीज है जिसमें मैं आपकी मदद कर सकता हूं?,3,2
1 GB, 1 जीबी,0,0
10 GB, 10 जीबी,0,0
HI, नमस्ते,2,0
NOTHING ELSE, और कुछ नहीं,2,0
"Hi there! Welcome to Star cable customer care services. How may I help you today?
", नमस्ते! स्टार केबल कस्टमर केयर सर्विसेज में आपका स्वागत है। आज मैं आपकी कैसे मदद कर सकता हूँ?,3,0
like to purchase cable service, केबल सेवा खरीदना पसंद करते हैं,2,0
Have a wonderful day ahead and take care. Goodbye, आगे का दिन शानदार हो और अपना ख्याल रखें। अलविदा,3,2
"Thank you and may I know which service are you interested in. 1GB costs $3, 5GB costs $5 and 10GB costs $7. "," धन्यवाद और क्या मैं जान सकता हूं कि आप किस सेवा में रुचि रखते हैं। 1GB की कीमत $3, 5GB की कीमत $5 और 10GB की कीमत $7 है।",3,0
data plan 5 gb, डेटा प्लान 5 जीबी,0,0
hai, हाय,2,0
"For sure! I'd be happy to assist you with that, may I know your name and the account number?"," पक्का! इसमें आपकी सहायता करने में मुझे खुशी होगी, क्या मैं आपका नाम और खाता संख्या जान सकता हूं?",3,0
Surely! Thanks for showing your interest in our company. We're at your service. May I know your city name and zip code please?,निश्चित रूप से! हमारी कंपनी में अपनी रुचि दिखाने के लिए धन्यवाद। हम आपकी सेवा में हैं। क्या मैं आपके शहर का नाम और ज़िप कोड जान सकता हूँ?,3,2
Awesome! I have now confirmed the 10 GB data plan on your name and created an account for you. Our associate would visit your house and help you in the service installation. Is there anything else I could help you with for today?, बहुत बढ़िया! मैंने अब आपके नाम पर 10 जीबी डेटा प्लान की पुष्टि की है और आपके लिए एक खाता बनाया है। हमारे सहयोगी आपके घर आएंगे और सर्विस इंस्टालेशन में आपकी मदद करेंगे। क्या आज के लिए मैं आपकी कुछ और मदद कर सकता हूँ?,3,2
of course, बेशक,0,0
Great! May I know the zip code of Beverly hills please?, महान! क्या मुझे बेवर्ली हिल्स का पिन कोड पता हो सकता है?,3,2
5 GB, 5 जीबी,0,0
"Great choice! I'd like to inform you that, We'll charge you $25.40 per month, Would that be okay?"," बहुत बढ़िया पसंद! मैं आपको सूचित करना चाहता हूं कि, हम आपसे प्रति माह $25.40 का शुल्क लेंगे, क्या यह ठीक रहेगा?",3,2
"Thank you! Additionally I would like to ask that which data plan are you interested in. We have 1 GB that costs $3, 5 GB that costs $5 and 10 GB that costs $7 respectively. "," आपको धन्यवाद! इसके अतिरिक्त मैं यह पूछना चाहता हूं कि आप किस डेटा प्लान में रुचि रखते हैं। हमारे पास 1 जीबी है जिसकी कीमत $ 3, 5 जीबी है जिसकी कीमत $ 5 और 10 जीबी है जिसकी कीमत क्रमशः $ 7 है।",3,0
17654,17654,0,0
I need 5 GB data plan, मुझे 5 जीबी डेटा प्लान चाहिए,1,0
i buy internet, मैं इंटरनेट खरीदता हूँ,1,0
"Thank you for choosing Net Link services for you new cable and media services, I'll be happy to help you in this regard. Could you please help me with the city name and it's zip code?"," आपके लिए नई केबल और मीडिया सेवाओं के लिए नेट लिंक सेवाओं को चुनने के लिए धन्यवाद, मुझे इस संबंध में आपकी सहायता करने में खुशी होगी। क्या आप कृपया शहर के नाम और उसके ज़िप कोड के बारे में मेरी मदद कर सकते हैं?",3,2
i need 10GB, मुझे 10GB चाहिए,1,0
Perfect! Please go ahead and ask any question related to our data plans., उत्तम! कृपया आगे बढ़ें और हमारे डेटा प्लान से संबंधित कोई भी प्रश्न पूछें।,2,2
Hello! Good morning. Welcome to LMT cable services. How may I help you today?, नमस्ते! सुबह बख़ैर। एलएमटी केबल सेवाओं में आपका स्वागत है। आज मैं आपकी कैसे मदद कर सकता हूँ?,3,0
ZIP-23586, ज़िप-23586,0,0
NOTHING ELSE, और कुछ नहीं,2,0
"Hello! Good evening, Fast net cable services. How may I assist you today?
"," नमस्ते! शुभ संध्या, फास्ट नेट केबल सेवाएं। आज मैं आपकी मदद किस तरह कर सकता हूँ?",3,0
Cable connection, केबल कनेक्शन,0,0
hai, हाय,2,0
Hey there! Good morning! You've been connected to Cable Hub Customer Service. How may I help you today?,सुनो! सुबह बख़ैर! आपको केबल हब ग्राहक सेवा से कनेक्ट कर दिया गया है. आज मैं आपकी कैसे मदद कर सकता हूँ?,3,0
Hello and welcome to Venus cable customer care services. How may I help you today?, नमस्कार और वीनस केबल कस्टमर केयर सर्विसेज में आपका स्वागत है। आज मैं आपकी कैसे मदद कर सकता हूँ?,3,0
Absolutely! I'm here to assist you. Could you provide the city and the zip code?, बिल्कुल! मैं यहां आपकी सहायता के लिए हूं। क्या आप शहर और पिन कोड प्रदान कर सकते हैं?,3,0
HI, नमस्ते,2,0
ok, ठीक है,2,0
Thank you for connecting with us. For queries feel free to connect with us., हमसे जुड़ने के लिए धन्यवाद। प्रश्नों के लिए हमसे जुड़ने के लिए स्वतंत्र महसूस करें।,3,2
"Hi! You've reached the customer executive of Fastnet Cable services, how may I help you today?"," नमस्ते! आप Fastnet Cable सेवाओं के ग्राहक कार्यकारी तक पहुँच चुके हैं, मैं आज आपकी कैसे मदद कर सकता हूँ?",3,0
Fantastic! Thank you for reaching out to us. Have a nice day. Bye., ज़बरदस्त! हमसे संपर्क की पहल के लिए आपका धन्यवाद। आपका दिन शुभ हो। अलविदा।,3,2
Sure. My team shall get back to you on same. Anything else I may help you with?, ज़रूर। मेरी टीम उसी पर आपसे संपर्क करेगी। कुछ और मैं आपकी मदद कर सकता हूँ?,3,0
Fantastic! I've confirmed your new 5 GB phone connection and I've created an account of yours with our services. Our executives will reach you with the installation within 48 hrs. Would there be anything else that I may help you with?, ज़बरदस्त! मैंने आपके नए 5 GB फ़ोन कनेक्शन की पुष्टि कर दी है और मैंने हमारी सेवाओं के साथ आपका खाता बना लिया है। हमारे अधिकारी 48 घंटे के भीतर इंस्टॉलेशन के साथ आप तक पहुंच जाएंगे। क्या कुछ और होगा जिससे मैं आपकी मदद कर सकूं?,3,2
Awesome! Could you please help me with your city name and the zip code?, बहुत बढ़िया! क्या आप कृपया मुझे अपने शहर के नाम और ज़िप कोड के साथ मदद कर सकते हैं?,3,2
Noted! This plan shall be activated within time lines. Anything else I may help to with?, विख्यात! यह योजना समय सीमा के भीतर सक्रिय हो जाएगी। मैं किसी और चीज में मदद कर सकता हूं?,2,0
Could you please be clear with your time?,क्या आप कृपया अपने समय के साथ स्पष्ट हो सकते हैं?,3,0
yes, हां,2,0
OK, ठीक है,2,0
internet, इंटरनेट,0,0
i need new cable service, मुझे नई केबल सेवा चाहिए,1,1
TEXAS 75074, टेक्सास 75074,0,0
"Awesome! Thank you so much for reaching out to us, hope you'll have a great day ahead! "," बहुत बढ़िया! हमसे संपर्क करने के लिए आपका बहुत-बहुत धन्यवाद, आशा है कि आपका आने वाला दिन बहुत अच्छा होगा!",3,2
May I know what would you like to purchase?, क्या मैं जान सकता हूँ कि आप क्या खरीदना चाहेंगे?,3,0
Thank you! Please allow me a minute., आपको धन्यवाद! कृपया मुझे एक मिनट का समय दें।,3,0
Absolutely! I'll help you with it. Could you share the city and the zip code?,बिल्कुल! मैं इसमें आपकी मदद करूंगा। क्या आप शहर और पिन कोड साझा कर सकते हैं?,3,2
hi], नमस्ते],3,0
Thank you so much for contacting us. Please let us know your valuable feedback. You've a great day ahead.,हमसे संपर्क करने के लिए आपका बहुत-बहुत धन्यवाद। कृपया हमें अपनी बहुमूल्य प्रतिक्रिया बताएं। आपका आने वाला दिन बहुत अच्छा है।,3,2
no thanks," जी नहीं, धन्यवाद",3,1
For sure! May I know your name please?, पक्का! क्या मैं आपका नाम जान सकता हूँ?,3,0
my city name is chennai my zip code is 600 789, मेरे शहर का नाम चेन्नई है मेरा ज़िप कोड 600 789 . है,1,0
Sure!, ज़रूर!,2,0
OK THANKS, ठीक है धन्यवाद,3,2
"No, thanks."," जी नहीं, धन्यवाद।",3,0
5Gb, 5जीबी,0,0
Okay! I'll go ahead and make a confirmation request for the installation. Our team will get in touch with you as soon as possible., ठीक! मैं आगे बढ़ूंगा और स्थापना के लिए एक पुष्टिकरण अनुरोध करूंगा। हमारी टीम जल्द से जल्द आपसे संपर्क करेगी।,3,0
5GB, 5GB,0,0
Sure! I will help you right away. May I know the name of your city and it's zip code please?, ज़रूर! मैं आपकी तुरंत मदद करूंगा। क्या मैं आपके शहर का नाम और उसका ज़िप कोड जान सकता हूँ?,3,2
Sure! Thank you for giving us a chance to serve you. Could you please help me with your city name and the zip code?, ज़रूर! हमें आपकी सेवा करने का मौका देने के लिए धन्यवाद। क्या आप कृपया मुझे अपने शहर के नाम और ज़िप कोड के साथ मदद कर सकते हैं?,3,2
I INTERSTED IN PURCHASING FOR 1GB, मैंने 1GB . की खरीदारी में रुचि ली है,0,0
"I'm glad that was helpful, thank you for reaching out to us. Have a great day ahead!"," मुझे खुशी है कि यह मददगार था, हमसे संपर्क करने के लिए धन्यवाद। आगे एक महान दिन हो!",3,2
5 gb, 5 जीबी,0,0
"MY CITY LIVE IN CITY INDIAN, MY ZIP CODE IS 56789. "," मेरा शहर भारतीय शहर में रहता है, मेरा ज़िप कोड 56789 है।",1,0
have a great nice day...,आपका दिन बहुत अच्छा रहे...,2,2
Perfect! I'll confirm the plan of 5 GB for the internet service to you. Is there anything else that I may help you with?, उत्तम! मैं आपको इंटरनेट सेवा के लिए 5 जीबी की योजना की पुष्टि करूंगा। क्या कुछ और है जिसमें मैं आपकी मदद कर सकता हूं?,3,2
"1470 S Washington St, North Attleboro MA 2760"," 1470 एस वाशिंगटन सेंट, उत्तर एटलेबोरो एमए 2760",2,0
Absolutely! Could you please help me with the city and it's zip code?, बिल्कुल! क्या आप कृपया शहर और उसके ज़िप कोड के बारे में मेरी मदद कर सकते हैं?,3,0
"Amazing! Thank you for confirming, I've shared your details with my team. shortly, you'll receive an email please acknowledge it and you'll also get a verification phone call from my team. Please cooperate with them. I can assure you that within an hour your service will get activated."," अद्भुत! पुष्टि करने के लिए धन्यवाद, मैंने आपका विवरण अपनी टीम के साथ साझा कर दिया है। शीघ्र ही, आपको एक ईमेल प्राप्त होगा कृपया इसे स्वीकार करें और आपको मेरी टीम से एक सत्यापन फ़ोन कॉल भी प्राप्त होगी। कृपया उनका सहयोग करें। मैं आपको आश्वस्त कर सकता हूं कि एक घंटे के भीतर आपकी सेवा सक्रिय हो जाएगी।",3,2
10gb sir, 10जीबी सर,0,0
chicago 41259, शिकागो 41259,2,0
"Perfect! The monthly price of 10 GB internet data plan is $20 including all the taxes. Since you are our new customer, we would like to offer you a discount of 10% on your bills for the first 2 months as a welcome voucher. Would you like to confirm your subscription for the 10 GB internet data plan?
"," उत्तम! 10 जीबी इंटरनेट डेटा प्लान की मासिक कीमत सभी करों सहित $20 है। चूंकि आप हमारे नए ग्राहक हैं, इसलिए हम आपको स्वागत वाउचर के रूप में पहले 2 महीनों के लिए आपके बिलों पर 10% की छूट देना चाहते हैं। क्या आप 10 जीबी इंटरनेट डेटा प्लान के लिए अपनी सदस्यता की पुष्टि करना चाहेंगे?",3,2
Thanks for having a live chat. Good Day!, लाइव चैट करने के लिए धन्यवाद। अच्छा दिन!,3,2
that's all., बस इतना ही।,0,0
"Sure, would you need anything else?","ज़रूर, क्या आपको और कुछ चाहिए?",3,0
Hello! Good morning! How may I help you today?, नमस्ते! सुबह बख़ैर! आज मैं आपकी कैसे मदद कर सकता हूँ?,3,0
bye, अलविदा,2,0
Welcome to Y-Link customer service. How may I help you today?, वाई-लिंक ग्राहक सेवा में आपका स्वागत है। आज मैं आपकी कैसे मदद कर सकता हूँ?,2,0
Awesome! My team shall get in touch with you soon and activate this pack. Anything else I may help you with?, बहुत बढ़िया! मेरी टीम जल्द ही आपसे संपर्क करेगी और इस पैक को सक्रिय करेगी। कुछ और मैं आपकी मदद कर सकता हूँ?,3,2
"Thank you Mr.Murali. Could you please allow me a minute or two, while I get this done for you?"," धन्यवाद श्री मुरली। क्या आप कृपया मुझे एक या दो मिनट का समय दे सकते हैं, जबकि मैं आपके लिए यह कर रहा हूँ?",3,0
Wow! That's awesome! Great! I'll make a confirmation request for you and our team will get in touch with you as soon as possible for further process. Would that be okay?, बहुत खूब! वह तो कमाल है! महान! मैं आपके लिए एक पुष्टिकरण अनुरोध करूंगा और हमारी टीम आगे की प्रक्रिया के लिए जितनी जल्दी हो सके आपसे संपर्क करेगी। क्या यह ठीक रहेगा?,3,2
Good morning! You've reached Net link Media/Cable Services. How may I help you?, सुबह बख़ैर! आप नेट लिंक मीडिया/केबल सेवाओं पर पहुंच गए हैं। क्या मेरे द्वारा आपकी कोई सहायता हो सकती है?,3,0
5 GB, 5 जीबी,0,0
Great! May I please know which service plan would you like to purchase?, महान! क्या मैं कृपया जान सकता हूँ कि आप कौन सी सेवा योजना खरीदना चाहेंगे?,3,2
"It seems you are away, if you still need my help you can anytime raise a chat again."," ऐसा लगता है कि आप दूर हैं, अगर आपको अभी भी मेरी मदद की ज़रूरत है तो आप कभी भी चैट को फिर से बढ़ा सकते हैं।",2,0
Hey there! Good morning! You've been connected to Cable Hub Customer Service. How may I help you today?,सुनो! सुबह बख़ैर! आपको केबल हब ग्राहक सेवा से कनेक्ट कर दिया गया है. आज मैं आपकी कैसे मदद कर सकता हूँ?,3,0
"Yes, I'll definitely help you out. Thanks for showing your interest in our services. To find your location I'll need your city name and zip code please?"," हां, मैं आपकी मदद जरूर करूंगा। हमारी सेवाओं में रुचि दिखाने के लिए धन्यवाद। कृपया आपका स्थान खोजने के लिए मुझे आपके शहर का नाम और ज़िप कोड चाहिए होगा?",3,2
CABLE SERVICE., केबल सेवा।,0,2
Okay thanks, ठीक है शुक्रिया,3,0
10-02-2018,10-02-2018,0,0
"hi,good morning", हाय सुप्रभात,3,0
no thanks," जी नहीं, धन्यवाद",3,1
"We have 1 GB, 5 GB, 10 GB. Which one you would like to opt for?"," हमारे पास 1 जीबी, 5 जीबी, 10 जीबी है। आप किसे चुनना चाहेंगे?",2,0
"Thank you for staying connected. Good news! You're eligible for our promotions which are 10% off premium cable if you sign a 3 month contract or 15% off platinum cable if you sign a 3 month contract. We have basic ($50 per month - 50 channels), premium ($75 per month - 75 channels), and platinum ($100 per month - all channels). May I know which one would you choose? ","जुड़े रहने के लिए धन्यवाद। खुशखबरी! यदि आप 3 महीने के अनुबंध पर हस्ताक्षर करते हैं या 3 महीने के अनुबंध पर हस्ताक्षर करने पर प्लैटिनम केबल पर 15% की छूट देते हैं, तो आप हमारे प्रचार के लिए पात्र हैं, जो प्रीमियम केबल पर 10% की छूट है। हमारे पास मूल ($ 50 प्रति माह - 50 चैनल), प्रीमियम ($ 75 प्रति माह - 75 चैनल), और प्लैटिनम ($ 100 प्रति माह - सभी चैनल) हैं। क्या मैं जान सकता हूँ कि आप किसे चुनेंगे?",3,2
hi, नमस्ते,2,0
I WILL WAIT.., मैं इंतजार करूंगा..,1,0
I've made a request for the installation of the services you wish to sign up for. Our team will shortly get in touch with you for further process., मैंने उन सेवाओं की स्थापना के लिए अनुरोध किया है जिनके लिए आप साइन अप करना चाहते हैं। आगे की प्रक्रिया के लिए हमारी टीम जल्द ही आपसे संपर्क करेगी।,3,0
i would like to sing up for new internet connection, मैं नए इंटरनेट कनेक्शन के लिए गाना चाहूंगा,2,0
No, नहीं,1,0
Great! Is that all?, महान! यही बात है न?,3,2
hai, हाय,2,0
"Hello! Welcome to Zoom service, how may I assist you? "," नमस्ते! ज़ूम सेवा में आपका स्वागत है, मैं आपकी कैसे सहायता कर सकता हूँ?",3,0
NO, ना,1,1
ok, ठीक है,2,0
Washington 98101, वाशिंगटन 98101,2,0
"Sure, that's great! Could you please allow me a moment, I'll get back to you with the confirmation?"," ज़रूर, यह बहुत अच्छा है! क्या आप कृपया मुझे एक क्षण की अनुमति दे सकते हैं, मैं पुष्टि के साथ आपसे संपर्क करूंगा?",3,2
"Amazing! May I know the plan that you'd opt among 1 GB, 5 GB and 10 GB please?"," अद्भुत! क्या मैं उस योजना को जान सकता हूँ जिसे आप कृपया 1 जीबी, 5 जीबी और 10 जीबी में से चुनेंगे?",3,2
I will surely help you out in this regards but before we go ahead with the procedure could I please have your city name and it's zip code?,"मैं निश्चित रूप से इस संबंध में आपकी मदद करूंगा, लेकिन इससे पहले कि हम प्रक्रिया को आगे बढ़ाएं, क्या मैं आपके शहर का नाम और उसका ज़िप कोड बता सकता हूं?",3,0
"Hello there! Welcome to Act fiber net services, how may I help you today? "," नमस्ते! एक्ट फाइबर नेट सेवाओं में आपका स्वागत है, मैं आज आपकी कैसे मदद कर सकता हूँ?",3,0
Nothing now, अब कुछ नहीं,2,0
Good morning! You've reached Net link Media/Cable Services. How may I help you today?, सुबह बख़ैर! आप नेट लिंक मीडिया/केबल सेवाओं पर पहुंच गए हैं। आज मैं आपकी कैसे मदद कर सकता हूँ?,3,0
GOOD MORNING, शुभ प्रभात,2,0
CAN YOU HELP ME WITH THAT?, क्या उसके लिए आपके द्वारा मेरी मदद की जाएगी?,2,0
"Your request for the desired service has been initiated. Our agent will contact you soon. Is there anything else I could help you with?
", वांछित सेवा के लिए आपका अनुरोध शुरू कर दिया गया है। हमारा एजेंट जल्द ही आपसे संपर्क करेगा। क्या कुछ और है जिसमें मैं आपकी मदद कर सकता हूं?,2,0
Thank you very much. I appreciate it. Could you tell me which data plan would you prefer?, आपका बहुत बहुत धन्यवाद। मैं इसकी सराहना करता हूं। क्या आप मुझे बता सकते हैं कि आप कौन सा डेटा प्लान पसंद करेंगे?,3,2
Fantastic! My team shall get in touch with you soon. Is there anything else I may help you with?, ज़बरदस्त! मेरी टीम जल्द ही आपसे संपर्क करेगी। क्या कुछ और है जिसमें मैं आपकी मदद कर सकता हूं?,3,2
Thank you for choosing us. I had a great day assisting you. Please do feel free to reach out to us for further queries. Have a nice day!, हमें चुनने के लिए धन्यवाद। आपकी सहायता करने में मेरा दिन बहुत अच्छा रहा। कृपया आगे के प्रश्नों के लिए हमसे बेझिझक संपर्क करें। आपका दिन शुभ हो!,3,2
"Sure thing, I'll check with your account and let you know immediately. May I know your name and your email address? "," ज़रूर, मैं आपके खाते से जाँच करूँगा और आपको तुरंत सूचित करूँगा। क्या मैं आपका नाम और आपका ईमेल पता जान सकता हूँ?",2,0
okay, ठीक है,2,0
"Alright! Thanks for reaching out to us, have a nice day. Goodbye."," ठीक है! हमसे संपर्क करने के लिए धन्यवाद, आपका दिन शुभ हो। अलविदा।",3,2
Are you there?, क्या आप हैं?,1,0
Sure! Could you also please help me with your city and it's zip code?,ज़रूर! क्या आप कृपया अपने शहर और उसके ज़िप कोड के बारे में भी मेरी मदद कर सकते हैं?,3,0
Boston, बोस्टान,0,0
" 5 GB, "," 5 जीबी,",0,0
Perfect! I'd also like to inform you that the cost for 5 GB data plan will be $15. I hope that is okay with you?, उत्तम! मैं आपको यह भी बताना चाहता हूं कि 5 जीबी डेटा प्लान की कीमत 15 डॉलर होगी। मुझे आशा है कि यह आपके साथ ठीक है?,3,2
If you have any queries regarding the pricing or the installation. I'll be happy to help., यदि आपके पास मूल्य निर्धारण या स्थापना के संबंध में कोई प्रश्न हैं। मुझे मदद करने में खुशी होगी.,3,0
Are we connected?, क्या हम जुड़े हुए हैं?,0,0
i need a new service, मुझे एक नई सेवा चाहिए,1,1
Good Morning! Welcome to T-Link customer service. How may I assist you today?, शुभ प्रभात! टी-लिंक ग्राहक सेवा में आपका स्वागत है। आज मैं आपकी मदद किस तरह कर सकता हूँ?,3,0
no thanks," जी नहीं, धन्यवाद",3,1
10GB, 10जीबी,0,0
I PURCHASE 5 GB PLAN, मैं 5 जीबी प्लान खरीदता हूं,1,0
"You are always welcome dear customer! I'm glad you liked my assistance! The monthly charges for the 10 GB internet data plan is $250 including all the taxes. Since you are our new customer, we would like to offer you a discount of 10% on your bills for the first 3 months. Would you like to confirm your subscription request for the 10 GB internet data plan?
"," प्रिय ग्राहक आपका हमेशा स्वागत है! मुझे खुशी है कि आपको मेरी सहायता पसंद आई! 10 जीबी इंटरनेट डेटा प्लान का मासिक शुल्क सभी करों सहित $250 है। चूंकि आप हमारे नए ग्राहक हैं, इसलिए हम आपको पहले 3 महीनों के लिए आपके बिलों पर 10% की छूट देना चाहेंगे। क्या आप 10 जीबी इंटरनेट डेटा प्लान के लिए अपने सब्सक्रिप्शन अनुरोध की पुष्टि करना चाहेंगे?",3,2
You're welcome! Let me know if there would be anything more I could do for you., आपका स्वागत है! मुझे बताएं कि क्या मैं आपके लिए और कुछ कर सकता हूं।,2,2
"Wonderful! Thank you for reaching out to us, we are always here to help you in any issues relating to cable/media. Goodbye!","अद्भुत! हमसे संपर्क करने के लिए धन्यवाद, केबल/मीडिया से संबंधित किसी भी मुद्दे में आपकी मदद करने के लिए हम हमेशा यहां मौजूद हैं। अलविदा!",3,2
no thanks," जी नहीं, धन्यवाद",3,1
"Sure! I've confirmed the 5 GB data plan for you, our executives will reach out to you for further details. Please give us 24 hours for the installation process. Will that be fine with you? "," ज़रूर! मैंने आपके लिए 5 जीबी डेटा प्लान की पुष्टि कर दी है, हमारे अधिकारी अधिक जानकारी के लिए आपसे संपर्क करेंगे। कृपया हमें स्थापना प्रक्रिया के लिए 24 घंटे का समय दें। क्या यह आपके साथ ठीक रहेगा?",3,0
"We offer three data plans 1 GB, 5 GB and 10 GB. Which one would you like the best?"," हम तीन डेटा प्लान 1 जीबी, 5 जीबी और 10 जीबी देते हैं। आपको कौन सा सबसे अच्छा लगेगा?",3,0
Sure. Could you please help me with your details like your city and zipcode? So that I can find the best plans available near you., ज़रूर। क्या आप कृपया अपने शहर और ज़िप कोड जैसे विवरण के साथ मेरी मदद कर सकते हैं? ताकि मैं आपके आस-पास उपलब्ध सर्वोत्तम योजनाओं को ढूंढ सकूं।,3,0
10gb cable, 10 जीबी केबल,0,0
i need internet, मुझे इंटरनेट चाहिए,1,0
madurai, मदुरै,0,0
JUMMAGI4324@GMAIL.COM, JUMMAGI4324@GMAIL.COM,0,0
"Nice to meet you, Murugan! Could you also help me with your account number and your SSN for verification?"," मुरुगन, आपसे मिलकर अच्छा लगा! क्या आप सत्यापन के लिए अपने खाता संख्या और अपने एसएसएन के साथ भी मेरी मदद कर सकते हैं?",3,2
mumbai 564563, मुंबई 564563,0,0
Hello! Welcome to prodesk cable services. How may I help you today?, नमस्ते! प्रोडेस्क केबल सेवाओं में आपका स्वागत है। आज मैं आपकी कैसे मदद कर सकता हूँ?,3,0
no thanks for your wonderful help, आपकी अद्भुत मदद के लिए धन्यवाद नहीं,3,1
I NEED A NEW CABLE CONNECTION, मुझे एक नया केबल कनेक्शन चाहिए,1,1
nothing else, और कुछ नहीं,1,0
That's great! I'll help you with it. Could you share the city and the zip code?, एक दम बढ़िया! मैं इसमें आपकी मदद करूंगा। क्या आप शहर और पिन कोड साझा कर सकते हैं?,3,2
I am from Venice Zip code 90291, मैं वेनिस के ज़िप कोड 90291 से हूँ,1,0
Would there be anything else I may assist you with?, क्या कुछ और होगा जिसमें मैं आपकी सहायता कर सकूं?,2,0
"You're most welcome! I'm glad, I was able to help. Would there be anything else I may help you with?"," आपका स्वागत है! मुझे खुशी है, मैं मदद करने में सक्षम था। क्या कुछ और होगा जिसमें मैं आपकी मदद कर सकूं?",3,2
I want 1GB plan, मुझे 1GB का प्लान चाहिए,1,0
10 GB., 10 जीबी।,0,0
Could you please elaborate on the type of service you currently have?,क्या आप कृपया विस्तार से बता सकते हैं कि आपके पास वर्तमान में किस प्रकार की सेवा है?,3,0
5 GB, 5 जीबी,0,0
10027,10027,0,0
ok confirm, ठीक है पुष्टि करें,2,0
ok, ठीक है,2,0
thank you, धन्यवाद,2,2
Have a nice day. Bye, आपका दिन शुभ हो। अलविदा,2,0
Have a great day ahead and take care. Goodbye, आपका दिन अच्छा बीते और अपना ख्याल रखें। अलविदा,3,2
hai, हाय,2,0
jeruselum 7867687, जेरूसलम 7867687,0,0
no need, कोई ज़रुरत नहीं है,1,0
Have a nice day. Goodbye!, आपका दिन शुभ हो। अलविदा!,3,0
STILL WE CONNECTED?, हम अभी भी जुड़े हुए हैं?,0,0
YES, हां,2,2
"Awesome! Thank you for the details. We provide cable, internet and phone services. Which one of these would you like to subscribe?
"," बहुत बढ़िया! विवरण के लिए धन्यवाद। हम केबल, इंटरनेट और फोन सेवाएं प्रदान करते हैं। आप इनमें से किसकी सदस्यता लेना चाहेंगे?",3,2
Hi, नमस्ते,3,0
THANK YOU, धन्यवाद,3,2
ok thanks, ठीक है धन्यवाद,3,0
Awesome! 10GB data plan would cost you $15. Would you like to confirm the plan?, बहुत बढ़िया! 10GB डेटा प्लान की कीमत आपको $15 होगी। क्या आप योजना की पुष्टि करना चाहेंगे?,3,2
?, ?,0,0
OK NO PROBLEM," ठीक, कोई समस्या नहीं",2,2
ok, ठीक है,2,0
No thanks," जी नहीं, धन्यवाद",3,1
Hello! Welcome to star cable customer care. How may I assist you today?, नमस्ते! स्टार केबल कस्टमर केयर में आपका स्वागत है। आज मैं आपकी मदद किस तरह कर सकता हूँ?,3,0
Glad to help you! Thank you for connecting with us. Please contact 564-272-819 in case of any query and help us help you. Good day!, आपकी मदद करके प्रसन्नता हुई! हमसे जुड़ने के लिए धन्यवाद। कृपया किसी भी प्रश्न के मामले में 564-272-819 पर संपर्क करें और आपकी सहायता करने में हमारी सहायता करें। अच्छा दिन!,3,2
i want new cable service, मुझे नई केबल सेवा चाहिए,1,0
"60185
West Chicago, IL"," 60185 पश्चिम शिकागो, आईएल",2,0
"Alright! Have a good day, hope to assist you in the future as well. Goodbye!"," ठीक है! आपका दिन शुभ हो, भविष्य में भी आपकी सहायता करने की आशा है। अलविदा!",3,2
It was great assisting you today. Thank you for your time with us. Good day!, आज आपकी मदद करके बहुत अच्छा लगा। हमारे साथ समय बिताने के लिए धन्यवाद। अच्छा दिन!,3,2
HI, नमस्ते,2,0
Thank you for contacting our live chat service. Hope you have a great day ahead. Bye!,हमारी लाइव चैट सेवा से संपर्क करने के लिए धन्यवाद। आशा है कि आपका दिन अच्छा बीतेगा। अलविदा!,3,2
5GB, 5GB,0,0
hi, नमस्ते,2,0
I would be glad to help you in this regards. May I know the name of the city you are located at?, मुझे इस संबंध में आपकी मदद करने में खुशी होगी। क्या मैं उस शहर का नाम जान सकता हूँ जहाँ आप स्थित हैं?,3,0
"Surely! Thanks for contacting us in this regards. we offer cable, Phone and internet service, May I know for which service you'd like to sign up? "," निश्चित रूप से! इस संबंध में हमसे संपर्क करने के लिए धन्यवाद। हम केबल, फोन और इंटरनेट सेवा प्रदान करते हैं, क्या मैं जान सकता हूं कि आप किस सेवा के लिए साइन अप करना चाहते हैं?",3,0
"A very Good Evening! Welcome to Zoom services, may I know how may I help you? "," एक बहुत ही शुभ संध्या! ज़ूम सेवाओं में आपका स्वागत है, क्या मैं जान सकता हूँ कि मैं आपकी कैसे मदद कर सकता हूँ?",3,2
yes, हां,2,0
NOTHING ELSE, और कुछ नहीं,2,0
"Hi! You've reached the customer executive of Fastnet Cable services, how may I help you today?"," नमस्ते! आप Fastnet Cable सेवाओं के ग्राहक कार्यकारी तक पहुँच चुके हैं, मैं आज आपकी कैसे मदद कर सकता हूँ?",3,0
Have a nice day ahead. Bye :), आपका दिन अच्छा हों। अलविदा :),2,2
10 GB cost please?, कृपया 10 जीबी की लागत?,2,0
"Hello! Good morning, Fast net cable services. How may I assist you today?"," नमस्ते! सुप्रभात, फास्ट नेट केबल सेवाएं। आज मैं आपकी मदद किस तरह कर सकता हूँ?",3,0
ITS ENOUGH THANK YOU VERY MUCH," यह काफी है, बहुत बहुत धन्यवाद",3,2
it's k., यह के.,2,1
"Thank you. May I know which plan you would like to go for (1GB, 5 GB, 10 GB)? 
"," शुक्रिया। क्या मैं जान सकता हूँ कि आप किस प्लान (1GB, 5GB, 10GB) के लिए जाना चाहेंगे?",3,0
"Yes! We're presence in US, India, UK and Australia. "," हाँ! हम यूएस, भारत, यूके और ऑस्ट्रेलिया में मौजूद हैं।",2,0
Good morning! You've reached Net link Media/Cable Services. How may I help you?, सुबह बख़ैर! आप नेट लिंक मीडिया/केबल सेवाओं पर पहुंच गए हैं। क्या मेरे द्वारा आपकी कोई सहायता हो सकती है?,3,0
You're welcome! Let me know if there would be anything more I could do for you., आपका स्वागत है! मुझे बताएं कि क्या मैं आपके लिए और कुछ कर सकता हूं।,2,2
Do you mean you want to have a connection?, क्या आपका मतलब है कि आप संबंध बनाना चाहते हैं?,1,0
Nice..thank you so much riley..., बढ़िया..बहुत बहुत धन्यवाद रिले...,3,2
NEWYORK, न्यूयॉर्क,0,0
"I want to purchase new , internet service. "," मैं नई, इंटरनेट सेवा खरीदना चाहता/चाहती हूं।",1,0
"Alright! Have a good day, hope to assist you in the future as well. Goodbye!"," ठीक है! आपका दिन शुभ हो, भविष्य में भी आपकी सहायता करने की आशा है। अलविदा!",3,2
Hello! How may I assist you?, नमस्ते! मैं आपकी कैसे सहायता कर सकता हूँ?,3,0
"Sorry, but before I confirm your plan. May I know if you need a cable connection, internet service or phone service?"," क्षमा करें, लेकिन इससे पहले कि मैं आपकी योजना की पुष्टि करूं। क्या मुझे पता चल सकता है कि आपको केबल कनेक्शन, इंटरनेट सेवा या फोन सेवा की आवश्यकता है?",3,0
"Good news! I'd like to inform you that I've have signed you up for the services you'll soon get a message with the link for payment and after payment the services will get activated. Anything else I may help you in?
","खुशखबरी! मैं आपको सूचित करना चाहता हूं कि मैंने आपको सेवाओं के लिए साइन अप किया है, आपको जल्द ही भुगतान के लिंक के साथ एक संदेश मिलेगा और भुगतान के बाद सेवाएं सक्रिय हो जाएंगी। कुछ और मैं आपकी मदद कर सकता हूँ?",3,2
600038,600038,0,0
Bye, अलविदा,2,0
I working at private company, मैं निजी कंपनी में काम करता हूँ,1,0
How can i sign up or new service for internet service?, मैं इंटरनेट सेवा के लिए साइन अप या नई सेवा कैसे कर सकता हूं?,0,0
GOODBYE, अलविदा,2,1
"Awesome! May I know if you'd like to get a 1 GB, 5 GB, 10 GB connection?"," बहुत बढ़िया! क्या मैं जान सकता हूँ कि क्या आप 1 जीबी, 5 जीबी, 10 जीबी कनेक्शन लेना चाहते हैं?",3,2
Kano, कानो,1,0
"Sure! I'll definitely get your request approved. May I know the name of your city and its zip code, please?"," ज़रूर! मैं निश्चित रूप से आपका अनुरोध स्वीकृत करवा लूंगा। क्या मैं आपके शहर का नाम और उसका ज़िप कोड जान सकता हूँ, कृपया?",3,2
i need  city name is Little Rock zip code is 72201, मुझे शहर का नाम चाहिए Little Rock ज़िप कोड है 72201,1,0
HAI ALEX, है एलेक्स,2,0
You're welcome! Would there be anything else I may assist you with?, आपका स्वागत है! क्या कुछ और होगा जिसमें मैं आपकी सहायता कर सकूं?,3,2
WHAT ARE PRICE DETAILS OF THE PLAN, योजना के मूल्य विवरण क्या हैं,0,0
We look forward to satisfy our customers in the best way possible. Kindly log onto our website - www.infocable.com Good Day!, हम अपने ग्राहकों को सर्वोत्तम संभव तरीके से संतुष्ट करने के लिए तत्पर हैं। कृपया हमारी वेबसाइट - www.infocable.com पर लॉग इन करें शुभ दिन!,3,2
ok thank you, ठीक है धन्यवाद,3,0
thank you, धन्यवाद,2,2
Thank you so much. Which data plan would you like to go with?, बहुत-बहुत धन्यवाद। आप किस डेटा प्लान के साथ जाना चाहेंगे?,3,0
Great! Would there be anything else I may help you with?, महान! क्या कुछ और होगा जिसमें मैं आपकी मदद कर सकूं?,3,2
Awesome! I have now gone ahead and confirmed the 5 GB data package on your name and also created an account for you. Our associate would visit your house shortly and help you out in setting up everything. You would also be receiving a conformation message about the same in an hour or two. Is there anything else I could help you with for today?,बहुत बढ़िया! मैंने अब आगे बढ़कर आपके नाम पर 5 जीबी डेटा पैकेज की पुष्टि की है और आपके लिए एक खाता भी बनाया है। हमारे सहयोगी शीघ्र ही आपके घर आएंगे और सब कुछ स्थापित करने में आपकी सहायता करेंगे। आपको इसके बारे में एक या दो घंटे में एक रचना संदेश भी प्राप्त होगा। क्या आज के लिए मैं आपकी कुछ और मदद कर सकता हूँ?,3,2
"Thank you for staying connected with us. For further assistance, please feel free to reach us anytime."," हमारे साथ जुड़े रहने के लिए धन्यवाद। अधिक सहायता के लिए, कृपया बेझिझक हम तक कभी भी पहुंचें।",3,2
ok thank you, ठीक है धन्यवाद,3,0
Hello. welcome to Tech Cable Services. How may I help you today?, नमस्ते। टेक केबल सर्विसेज में आपका स्वागत है। आज मैं आपकी कैसे मदद कर सकता हूँ?,3,0
10 GB, 10 जीबी,0,0
"hi,good morning", हाय सुप्रभात,3,0
Hello!, नमस्ते!,3,0
"That's great! I'll definitely help you with your query. To get the best deals for you, may I know the name of your city as well as its zip code, please?"," एक दम बढ़िया! मैं निश्चित रूप से आपकी क्वेरी में आपकी मदद करूंगा। आपके लिए सर्वोत्तम सौदे प्राप्त करने के लिए, क्या मैं आपके शहर का नाम और उसका ज़िप कोड जान सकता हूँ, कृपया?",3,2
That's a great choice., यह एक बढ़िया विकल्प है।,2,2
Yes absolutely! May I please know your name and account number?, हाँ बिल्कुल! क्या मैं आपका नाम और खाता संख्या जान सकता हूँ?,3,0
hi robin, हाय रॉबिन,3,0
10GB, 10जीबी,0,0
5 GB, 5 जीबी,0,0
"Good evening! Welcome to Fastnet Cable customer service, I'm Cameron. How may I help you?
"," सुसंध्या! Fastnet Cable ग्राहक सेवा में आपका स्वागत है, मैं कैमरून हूँ। क्या मेरे द्वारा आपकी कोई सहायता हो सकती है?",3,0
yes, हां,2,0
Pleasure's mine! Kindly call us on 736-213-401 for any related query. Good day!, आनंद की मेरी! किसी भी संबंधित प्रश्न के लिए कृपया हमें 736-213-401 पर कॉल करें। अच्छा दिन!,3,2
"That's wonderful! Thank you for the response. Could you please allow me a moment, while I get this done for you?","यह तो बहुत ही अच्छी बात है! जवाब देने के लिए धन्यवाद। क्या आप कृपया मुझे एक क्षण की अनुमति दे सकते हैं, जबकि मैं यह आपके लिए करवाता हूं?",3,2
I Like to purchase in internet connection, मुझे इंटरनेट कनेक्शन में खरीदारी करना पसंद है,2,0
Hello! Thank you for connecting to Zoom services! How may I assist you today?, नमस्ते! ज़ूम सेवाओं से जुड़ने के लिए धन्यवाद! आज मैं आपकी मदद किस तरह कर सकता हूँ?,3,0
"Wonderful! It was glad assisting you, we are always here to help you in any issues relating to cable/media. Have a nice day!"," अद्भुत! आपकी सहायता करने में खुशी हुई, केबल/मीडिया से संबंधित किसी भी मुद्दे में आपकी सहायता के लिए हम हमेशा यहां मौजूद हैं। आपका दिन शुभ हो!",3,2
10 GB, 10 जीबी,0,0
Hi there can I please get a new service, नमस्ते क्या मुझे एक नई सेवा मिल सकती है,3,0
no thanks," जी नहीं, धन्यवाद",3,1
I WANT TO PURCHASE INTERNET, मुझे इंटरनेट खरीदना है,1,0
Could you please help me with your name and email address so that I could check the details?, क्या आप कृपया अपने नाम और ईमेल पते के साथ मेरी मदद कर सकते हैं ताकि मैं विवरण की जांच कर सकूं?,3,0
"Thanks a ton!! There are three data plan on sale under phone service, i.e. 1 GB, 5 GB and 10 GB. Is that okay with you? "," अनेक अनेक धन्यवाद!! फोन सर्विस के तहत तीन डेटा प्लान बिक्री पर हैं, यानी 1 जीबी, 5 जीबी और 10 जीबी। क्या आपके आपके लिए सही है?",3,2
Do you want to know the current or previous month's bill statement?, क्या आप वर्तमान या पिछले महीने का बिल विवरण जानना चाहते हैं?,2,0
THANKING YOU SIR, धन्यवाद सर,0,2
Sure! I'll definitely help you with that. Could you please help me with the city and zip code?, ज़रूर! मैं इसमें आपकी जरूर मदद करूंगा। क्या आप कृपया मुझे शहर और ज़िप कोड के साथ मदद कर सकते हैं?,3,0
Alright! I have confirmed the package for you and also registered your account with us. Our associate would reach your house shortly and help you with the service installation. Is there anything else I could help you with for today?, ठीक है! मैंने आपके लिए पैकेज की पुष्टि कर दी है और हमारे साथ आपका खाता भी पंजीकृत कर दिया है। हमारा सहयोगी शीघ्र ही आपके घर पहुंचेगा और सेवा स्थापना में आपकी सहायता करेगा। क्या आज के लिए मैं आपकी कुछ और मदद कर सकता हूँ?,3,0
Please note that this shall be activated within 2 hours. Is there anything else I may help you with?, कृपया ध्यान दें कि यह 2 घंटे के भीतर सक्रिय हो जाएगा। क्या कुछ और है जिसमें मैं आपकी मदद कर सकता हूं?,3,0
Great! I'm glad that you've given us a chance to serve you.. :),महान! मुझे खुशी है कि आपने हमें अपनी सेवा करने का मौका दिया.. :),3,2
hi, नमस्ते,2,0
"Hello! Welcome to Zoom services, may I know how may I help you? "," नमस्ते! ज़ूम सेवाओं में आपका स्वागत है, क्या मैं जान सकता हूँ कि मैं आपकी कैसे मदद कर सकता हूँ?",3,0
"We offer three data plans to our customers 1 GB, 5 GB and 10 GB. Which one would you prefer?"," हम अपने ग्राहकों को 1 जीबी, 5 जीबी और 10 जीबी के लिए तीन डेटा प्लान पेश करते हैं। आप कौन सा पसंद करेंगे?",3,0
ok thanks bye, ठीक है धन्यवाद अलविदा,3,0
"Fantastic! I've confirmed your new 5 GB internet connection, Our executives will reach you with the installation within 48 hrs. And I've also created an account of yours with Net Li"," ज़बरदस्त! मैंने आपके नए 5 जीबी इंटरनेट कनेक्शन की पुष्टि की है, हमारे अधिकारी 48 घंटे के भीतर इंस्टॉलेशन के साथ आप तक पहुंच जाएंगे। और मैंने नेट ली के साथ आपका एक खाता भी बनाया है",3,2
I'm glad to be assisting you today. Welcome to the AT&T Family. Have an amazing day!, मुझे आज आपकी सहायता करने में खुशी हो रही है। एटी एंड टी परिवार में आपका स्वागत है। आपका दिन सुखद हो!,3,2
Kriskir 556323, क्रिस्किर 556323,2,0
THATS IT..THANKS ALOT, यही है .. बहुत बहुत धन्यवाद,3,2
No thanks thanks for your information, नहीं धन्यवाद आपकी जानकारी के लिए धन्यवाद,3,1
I WANT TO PURCHASE NEW CABLE, मैं नया केबल खरीदना चाहता हूँ,1,2
"Thanks for confirming. I've created your new account with us, Shortly you'll get your details i.e. username and password through a text message, please login to our website www.Dlink.com, and update your personal details. After which you'll get a service activation message. "," पुष्टि करने के लिए धन्यवाद। मैंने हमारे साथ आपका नया खाता बना लिया है, शीघ्र ही आपको एक टेक्स्ट संदेश के माध्यम से अपना विवरण अर्थात उपयोगकर्ता नाम और पासवर्ड प्राप्त होगा, कृपया हमारी वेबसाइट www.Dlink.com पर लॉग इन करें, और अपने व्यक्तिगत विवरण अपडेट करें। जिसके बाद आपको एक सर्विस एक्टिवेशन मैसेज मिलेगा।",3,0
Internet, इंटरनेट,0,0
6784 4563 8765, 6784 4563 8765,0,0
I want 5 GB plan., मुझे 5 जीबी का प्लान चाहिए।,1,0
kanada, कनाडा,2,0
melur 516821, मेलुर 516821,0,0
Okay thanks for that.,ठीक है इसके लिए धन्यवाद।,3,0
Sure! May I know the name of your city with it's zip code to process the request., ज़रूर! क्या मैं अनुरोध को संसाधित करने के लिए आपके शहर का नाम इसके ज़िप कोड के साथ जान सकता हूं।,2,0
"I dont believe so, thanks again!"," मुझे विश्वास नहीं है, फिर से धन्यवाद!",3,0
"Thank you. May I also know that which service would you like to go for (1GB, 5 GB, 10 GB)?  "," शुक्रिया। क्या मैं यह भी जान सकता हूँ कि आप किस सेवा के लिए जाना चाहेंगे (1GB, 5GB, 10GB)?",3,0
"Thank you for sharing the details. We have different data plans like 5GB, 10GB, 1GB. Which one you would prefer?"," विवरण साझा करने के लिए धन्यवाद। हमारे पास 5GB, 10GB, 1GB जैसे अलग-अलग डेटा प्लान हैं। आप कौन सा पसंद करेंगे?",3,0
no thanks," जी नहीं, धन्यवाद",3,1
"Thank you for your patience, I'm glad to inform you that I've signed you up for the services it will get activated in an hour and you can enjoy the services. Welcome aboard, anything else I may help you with?
"," आपके धैर्य के लिए धन्यवाद, मुझे आपको यह बताते हुए खुशी हो रही है कि मैंने आपको उन सेवाओं के लिए साइन अप किया है जो एक घंटे में सक्रिय हो जाएंगी और आप सेवाओं का आनंद ले सकते हैं। जहाज पर आपका स्वागत है, कुछ और जो मैं आपकी मदद कर सकता हूँ?",3,2
Great! Could you provide your current city and it's zip code please?, महान! क्या आप कृपया अपना वर्तमान शहर और उसका ज़िप कोड प्रदान कर सकते हैं?,3,2
hi, नमस्ते,2,0
PLS CONFIRM 10GB DATA FOR ME, कृपया मेरे लिए 10GB डेटा की पुष्टि करें,0,0
"You're welcome again! Thank you for reaching out to us, we are always here to help you. Goodbye!"," आपका फिर से स्वागत है! हमसे संपर्क करने के लिए धन्यवाद, हम आपकी मदद के लिए हमेशा मौजूद हैं। अलविदा!",3,2
ok thank you, ठीक है धन्यवाद,3,0
6000123,6000123,0,0
internet, इंटरनेट,0,0
SURE.. TAKE YOUR TIME, बिल्कुल आप अपना समय लें,2,1
no thanks for your wonderful help, आपकी अद्भुत मदद के लिए धन्यवाद नहीं,3,1
OK, ठीक है,2,0
Perfect! I'll confirm the plan of 10 GB for internet service. Is there anything I might help you with?, उत्तम! मैं इंटरनेट सेवा के लिए 10 जीबी की योजना की पुष्टि करूंगा। क्या कोई ऐसी चीज है जिसमें मैं आपकी मदद कर सकता हूं?,3,2
"Huntsville,35816"," हंट्सविल,35816",0,0
internet please, कृपया इंटरनेट,2,0
Hello! Welcome to Prodesk cable services. How may I help you today?, नमस्ते! प्रोडेस्क केबल सेवाओं में आपका स्वागत है। आज मैं आपकी कैसे मदद कर सकता हूँ?,3,0
i want new cable service, मुझे नई केबल सेवा चाहिए,1,0
hi, नमस्ते,2,0
That's great! I will help you in getting that done. May i know the name of your city?, एक दम बढ़िया! इसे पूरा करने में मैं आपकी मदद करूंगा। क्या मैं आपके शहर का नाम जान सकता हूँ?,3,2
bye, अलविदा,2,0
"Awesome! Thank you for contacting us, hope you'll have a great day ahead! "," बहुत बढ़िया! हमसे संपर्क करने के लिए धन्यवाद, आशा है कि आपका दिन अच्छा बीतेगा!",3,2
madurai, मदुरै,0,0
How about giving you a 10% off on your next monthly bill?, अपने अगले मासिक बिल पर आपको 10% की छूट देने के बारे में क्या?,1,2
I apologize. Could you please be specific with the query?,मैं क्षमाप्रार्थी हूं। क्या आप कृपया क्वेरी के साथ विशिष्ट हो सकते हैं?,3,0
"I'll be glad to help you with that, may I know the name of the city and the zip code please? "," मुझे इसमें आपकी मदद करने में खुशी होगी, क्या मुझे शहर का नाम और ज़िप कोड पता हो सकता है?",3,0
yes, हां,2,0
"Hey there, how may I assist you today? "," अरे वहाँ, मैं आज आपकी कैसे सहायता कर सकता हूँ?",3,0
10gb plan, 10GB प्लान,0,0
I need new Internet Connection, मुझे नया इंटरनेट कनेक्शन चाहिए,1,0
" Internet, "," इंटरनेट,",0,0
Alright I have now confirmed the package for you and also created an account on your name. Our associate would visit your house shortly and help you with the service installation. Is there anything else I could help you with for today?," ठीक है, मैंने अब आपके लिए पैकेज की पुष्टि कर दी है और आपके नाम पर एक खाता भी बनाया है। हमारे सहयोगी शीघ्र ही आपके घर आएंगे और सेवा स्थापना में आपकी सहायता करेंगे। क्या आज के लिए मैं आपकी कुछ और मदद कर सकता हूँ?",2,0
"To proceed further, I'll need your details to help you out. Could you please share your city name and zip code of your locality?"," आगे बढ़ने के लिए, मुझे आपकी मदद करने के लिए आपके विवरण की आवश्यकता होगी। क्या आप कृपया अपने शहर का नाम और अपने इलाके का ज़िप कोड साझा कर सकते हैं?",3,0
"Hello! Good Morning, Welcome to media cable services, how may I help you today?"," नमस्ते! सुप्रभात, मीडिया केबल सेवाओं में आपका स्वागत है, मैं आज आपकी कैसे मदद कर सकता हूं?",3,0
Great! That's a smart choice. I've raised your request for the service installation. Our agent will contact you soon. Is there anything else I could help you with?, महान! यह एक स्मार्ट विकल्प है। मैंने सेवा स्थापना के लिए आपका अनुरोध उठाया है। हमारा एजेंट जल्द ही आपसे संपर्क करेगा। क्या कुछ और है जिसमें मैं आपकी मदद कर सकता हूं?,3,2
Hi there! You're talking to the customer executive. Please tell me the city and it's zip code.,नमस्ते! आप ग्राहक कार्यकारी से बात कर रहे हैं। कृपया मुझे शहर और उसका ज़िप कोड बताएं।,3,0
"Surely, I've registered you to the service successfully. My team will reach out to you and set up the connection within the next 24 hours. Would you need anything else?"," निश्चित रूप से, मैंने आपको सफलतापूर्वक सेवा में पंजीकृत कर लिया है। मेरी टीम आपसे संपर्क करेगी और अगले 24 घंटों के भीतर कनेक्शन स्थापित कर देगी। क्या आपको कुछ और चाहिए होगा?",3,2
"For the internet service we have 1 GB, 5GB and 10 GB cable service. May I know which data plan you'd like to purchase? "," इंटरनेट सेवा के लिए हमारे पास 1 जीबी, 5 जीबी और 10 जीबी केबल सेवा है। क्या मैं जान सकता हूँ कि आप कौन-सा डेटा प्लान खरीदना चाहेंगे?",3,0
hello i would like to contract your cable service.," हैलो, मैं आपकी केबल सेवा को अनुबंधित करना चाहता हूं।",3,0
HI, नमस्ते,2,0
HMM.. I WILL PREFER AFTERNOON 2 PM, हम्म.. मैं दोपहर 2 बजे पसंद करूंगा,2,0
"Amazing! I've created your new account, You'll have to download our app i.e. ""Sun media"". Quite soon, I'll share your username and password via text message. Please sign in and your service will get activated."," अद्भुत! मैंने आपका नया अकाउंट बना लिया है, आपको हमारा ऐप यानी ""सन मीडिया"" डाउनलोड करना होगा। बहुत जल्द, मैं टेक्स्ट संदेश के माध्यम से आपका उपयोगकर्ता नाम और पासवर्ड साझा करूँगा। कृपया साइन इन करें और आपकी सेवा सक्रिय हो जाएगी।",3,2
Good morning! You've reached Net link Media/Cable Services. How may I help you today?, सुबह बख़ैर! आप नेट लिंक मीडिया/केबल सेवाओं पर पहुंच गए हैं। आज मैं आपकी कैसे मदद कर सकता हूँ?,3,0
"That's amazing! I'll be glad to help you in this, may I please know your city and zip code?"," वह आश्चर्यजनक है! मुझे इसमें आपकी मदद करने में खुशी होगी, क्या मैं आपका शहर और ज़िप कोड जान सकता हूं?",3,2
1GB, 1GB,0,0
I'm afraid that I couldn't help you as you have reached the department which deals with the data usage bills. Kindly contact the right department by visiting our website www.auracableservices.com.,मुझे डर है कि मैं आपकी मदद नहीं कर सकता क्योंकि आप उस विभाग में पहुँच गए हैं जो डेटा उपयोग बिलों से संबंधित है। कृपया हमारी वेबसाइट www.aracableservices.com पर जाकर सही विभाग से संपर्क करें।,3,1
Perfect! May I please know which data plan would you like to purchase?, उत्तम! क्या मैं कृपया जान सकता हूँ कि आप कौन सा डेटा प्लान खरीदना चाहेंगे?,3,2
1 gb, 1 जीबी,0,0
654122,654122,0,0
"i want to purchase new cable, internet or phone service. "," मैं नई केबल, इंटरनेट या फोन सेवा खरीदना चाहता हूं।",1,0
Thank you for contacting us. You have a great day., हमसे संपर्क करने के लिए धन्यवाद। आपका दिन बहुत बढ़िया हो।,3,2
Hello I would like to sign up for cable TV," नमस्ते, मैं केबल टीवी के लिए साइन अप करना चाहता/चाहती हूं",3,0
"Perfect! For the cable service we have 1 GB, 5 GB and 10 GB data plans. May I know which plan you'd like to purchase?"," उत्तम! केबल सर्विस के लिए हमारे पास 1 जीबी, 5 जीबी और 10 जीबी डेटा प्लान हैं। क्या मैं जान सकता हूँ कि आप कौन-सा प्लान खरीदना चाहेंगे?",3,2
HI, नमस्ते,2,0
What is the old name that's been registered with us?, हमारे साथ पंजीकृत किया गया पुराना नाम क्या है?,0,0
DOVER 19990, डोवर 19990,0,0
"You're welcome! Thank you for reaching out to us, we are always here to help you in any issues relating to cable/media. Goodbye!"," आपका स्वागत है! हमसे संपर्क करने के लिए धन्यवाद, केबल/मीडिया से संबंधित किसी भी मुद्दे में आपकी मदद करने के लिए हम हमेशा यहां मौजूद हैं। अलविदा!",3,2
Internet, इंटरनेट,0,0
"Awesome! Thank you for choosing Net link services, we are always here to help you. Goodbye!"," बहुत बढ़िया! नेट लिंक सेवाओं को चुनने के लिए धन्यवाद, हम आपकी सहायता के लिए हमेशा यहां हैं। अलविदा!",3,2
hi, नमस्ते,2,0
"Awesome! Thanks for being so patient. I've forwarded your details to my team, They'll guide you further and install the service within an hour. ","बहुत बढ़िया! इतना धैर्यवान होने के लिए धन्यवाद। मैंने आपका विवरण अपनी टीम को भेज दिया है, वे आगे आपका मार्गदर्शन करेंगे और एक घंटे के भीतर सेवा स्थापित करेंगे।",3,2
bye, अलविदा,2,0
no queries.confirm it, कोई प्रश्न नहीं। इसकी पुष्टि करें,1,0
i have a 10gb data plan sir, मेरे पास 10GB डेटा प्लान है सर,1,0
Great! Which data plan are you looking for?, महान! आप किस डेटा प्लान की तलाश कर रहे हैं?,3,2
5GB plan, 5GB प्लान,0,0
ok, ठीक है,2,0
good bye, अलविदा,3,0
Would there be anything else I may help you with?, क्या कुछ और होगा जिसमें मैं आपकी मदद कर सकूं?,2,0
I hope we are still connected?, मुझे आशा है कि हम अभी भी जुड़े हुए हैं?,2,0
Sure! I'll help you with that. Could you please provide me the city and the zip code?, ज़रूर! मैं इसमें आपकी मदद करूंगा। क्या आप कृपया मुझे शहर और ज़िप कोड प्रदान कर सकते हैं?,3,0
1GB, 1GB,0,0
"Alright!  It was great assisting you, feel free to reach us when needed. Have a great day, goodbye."," ठीक है! आपकी सहायता करके बहुत अच्छा लगा, जरूरत पड़ने पर हमसे बेझिझक संपर्क करें। आपका दिन शुभ हो, अलविदा।",3,2
"Thank you for sharing the details. We have different data plans such as 1GB, 5GB and 10GB for services like phone, cable and internet. Which one would you like to purchase?"," विवरण साझा करने के लिए धन्यवाद। हमारे पास फोन, केबल और इंटरनेट जैसी सेवाओं के लिए 1GB, 5GB और 10GB जैसे अलग-अलग डेटा प्लान हैं। आप कौन सा खरीदना चाहेंगे?",3,0
Absolutely! I'll do my best to help. Could you tell me which city you're from and the zip code?, बिल्कुल! मैं मदद करने की पूरी कोशिश करूंगा। क्या आप मुझे बता सकते हैं कि आप किस शहर से हैं और पिन कोड?,3,0
Sure. I see that your current bill is $6 which is being charged from 1/9/18 to 27/9/18., ज़रूर। मैं देख रहा हूँ कि आपका वर्तमान बिल $6 है जो 1/9/18 से 27/9/18 तक लिया जा रहा है।,2,0
"Alright! Have a good day, hope to assist you in the future as well. Goodbye!"," ठीक है! आपका दिन शुभ हो, भविष्य में भी आपकी सहायता करने की आशा है। अलविदा!",3,2
madurai, मदुरै,0,0
hai, हाय,2,0
"Thank you for choosing our service and giving us an opportunity to serve you! For any query, please feel free to talk to us anytime on our toll free number. We are always at your service!","हमारी सेवा को चुनने और हमें आपकी सेवा करने का अवसर देने के लिए धन्यवाद! किसी भी प्रश्न के लिए, कृपया बेझिझक हमारे टोल फ्री नंबर पर कभी भी हमसे बात करें। हम हमेशा आपकी सेवा में हैं!",3,2
"Great! To proceed with your request, may I know your name and the last 4 digits of your SSN, please?"," महान! आपके अनुरोध पर आगे बढ़ने के लिए, क्या मैं आपका नाम और आपके एसएसएन के अंतिम 4 अंक जान सकता हूं?",3,0
may i know which plans are available, क्या मैं जान सकता हूँ कि कौन सी योजनाएँ उपलब्ध हैं,2,0
"That's awesome! May I know if your serve the Air Force, the army, the navy or the national guard? "," वह तो कमाल है! क्या मुझे पता चलेगा कि आप वायु सेना, सेना, नौसेना या राष्ट्रीय गार्ड की सेवा करते हैं?",3,2
All right! Please select the data plan., ठीक है! कृपया डेटा योजना का चयन करें।,2,0
"Hey there, Good morning! You're connected to D-link media services. How may I help you with? "," अरे वहाँ, सुप्रभात! आप डी-लिंक मीडिया सेवाओं से जुड़े हैं। मैं आपकी कैसे मदद कर सकता हूँ?",3,0
yokay, योकाय,2,0
Thank you very much, आपका बहुत बहुत धन्यवाद,3,2
Hello! Welcome to Aura cable services. How may I assist you today?, नमस्ते! ऑरा केबल सर्विस में आपका स्वागत है। आज मैं आपकी मदद किस तरह कर सकता हूँ?,3,0
Alright I have now confirmed the package for you and also created an account on your name. Our associate would visit your house shortly and help you with the service installation. Is there anything else I could help you with for today?," ठीक है, मैंने अब आपके लिए पैकेज की पुष्टि कर दी है और आपके नाम पर एक खाता भी बनाया है। हमारे सहयोगी शीघ्र ही आपके घर आएंगे और सेवा स्थापना में आपकी सहायता करेंगे। क्या आज के लिए मैं आपकी कुछ और मदद कर सकता हूँ?",2,0
Hello, नमस्ते,2,0
All right. I've initiated a request for the 10GB data plan. You would be receiving a confirmation message regarding this along with the payment link. Is there anything else I may help you with?, ठीक है। मैंने 10GB डेटा प्लान के लिए एक अनुरोध शुरू किया है। आपको भुगतान लिंक के साथ इस संबंध में एक पुष्टिकरण संदेश प्राप्त होगा। क्या कुछ और है जिसमें मैं आपकी मदद कर सकता हूं?,3,0
It was a pleasure to assist you today. Have a great day!, आज आपकी सहायता करके खुशी हुई। आपका दिन अच्छा रहे!,3,2
Sure. Could you please help me with your details like your city and zipcode? So that I can find the best plans available near you., ज़रूर। क्या आप कृपया अपने शहर और ज़िप कोड जैसे विवरण के साथ मेरी मदद कर सकते हैं? ताकि मैं आपके आस-पास उपलब्ध सर्वोत्तम योजनाओं को ढूंढ सकूं।,3,0
internet, इंटरनेट,0,0
All right. I'll initiate your request right away. You would be receiving a confirmation message along with payment link. Is there anything else I may help you with?,ठीक है। मैं आपका अनुरोध तुरंत शुरू करूंगा। आपको भुगतान लिंक के साथ एक पुष्टिकरण संदेश प्राप्त होगा। क्या कुछ और है जिसमें मैं आपकी मदद कर सकता हूं?,3,0
GOA 412563, गोवा 412563,0,0
No more help needed Sam. Good bye!!!!, सैम को और मदद की जरूरत नहीं थी। अलविदा!!!!,3,2
nothing else, और कुछ नहीं,1,0
I need to sign up new Service, मुझे नई सेवा साइन अप करने की आवश्यकता है,1,0
Hello and welcome to universal cable customer care. How may I help you today?, नमस्ते और यूनिवर्सल केबल कस्टमर केयर में आपका स्वागत है। आज मैं आपकी कैसे मदद कर सकता हूँ?,3,0
HAI, हाई,2,0
"That's amazing! Thank you for the response. Could you please allow me a moment, I'll get back to you with the confirmation?"," वह आश्चर्यजनक है! जवाब देने के लिए धन्यवाद। क्या आप कृपया मुझे एक क्षण की अनुमति दे सकते हैं, मैं पुष्टि के साथ आपसे संपर्क करूंगा?",3,2
"You're welcome, thank you for reaching out to us. Have an awesome day ahead!"," आपका स्वागत है, हमसे संपर्क करने के लिए धन्यवाद। आगे का दिन शानदार हो!",3,2
"Thank you! Since you've mentioned you would like to go ahead with the internet service, we have three packages to offer since you are our new customer and they are (1GB, 5 GB, 10 GB) which are $5, $10 and $20 respectively. So now could you please go ahead and choose a package for yourself?","आपको धन्यवाद! चूंकि आपने उल्लेख किया है कि आप इंटरनेट सेवा के साथ आगे बढ़ना चाहते हैं, हमारे पास पेश करने के लिए तीन पैकेज हैं क्योंकि आप हमारे नए ग्राहक हैं और वे हैं (1GB, 5GB, 10GB) जो क्रमशः $5, $10 और $20 हैं। तो क्या अब आप कृपया आगे बढ़ सकते हैं और अपने लिए एक पैकेज चुन सकते हैं?",3,0
I need to purchase a new phone service., मुझे एक नई फोन सेवा खरीदनी है।,1,0
mathuri, माथुरी,0,0
Wow! That's awesome! Great! I'll make a confirmation request for you and our team will get in touch with you as soon as possible for further process. Would that be okay?, बहुत खूब! वह तो कमाल है! महान! मैं आपके लिए एक पुष्टिकरण अनुरोध करूंगा और हमारी टीम आगे की प्रक्रिया के लिए जितनी जल्दी हो सके आपसे संपर्क करेगी। क्या यह ठीक रहेगा?,3,2
hello, नमस्ते,2,0
Thank you John! Could you also please help me out with the last four digits of your SSN as well?, धन्यवाद जॉन! क्या आप कृपया अपने एसएसएन के अंतिम चार अंकों के साथ भी मेरी मदद कर सकते हैं?,3,0
"864 North Cherry Hill Dr. 
Indianapolis, IN 46201"," 864 नॉर्थ चेरी हिल डॉ. इंडियानापोलिस, 46201 में",2,0
Good morning! You've reached Net link Media/Cable Services. How may I help you today?, सुबह बख़ैर! आप नेट लिंक मीडिया/केबल सेवाओं पर पहुंच गए हैं। आज मैं आपकी कैसे मदद कर सकता हूँ?,3,0
Perfect! I'll confirm the plan of 5 GB for cable service. Is there anything else that I may help you with?, उत्तम! मैं केबल सेवा के लिए 5 जीबी की योजना की पुष्टि करूंगा। क्या कुछ और है जिसमें मैं आपकी मदद कर सकता हूं?,3,2
"Thank you for sharing the details. We provide different services like cable, phone and internet with 1GB, 5GB and 10GB data plans. Which one would you like to purchase?"," विवरण साझा करने के लिए धन्यवाद। हम 1GB, 5GB और 10GB डेटा प्लान के साथ केबल, फोन और इंटरनेट जैसी विभिन्न सेवाएं प्रदान करते हैं। आप कौन सा खरीदना चाहेंगे?",3,0
"Your request for the desired service has been initiated. Our agent will contact you soon. Payment can be done through the agent. Is there anything else I could help you with?
",वांछित सेवा के लिए आपका अनुरोध शुरू कर दिया गया है। हमारा एजेंट जल्द ही आपसे संपर्क करेगा। भुगतान एजेंट के माध्यम से किया जा सकता है। क्या कुछ और है जिसमें मैं आपकी मदद कर सकता हूं?,2,0
Thank you. which data plan would you like to sign up for?, शुक्रिया। आप किस डेटा प्लान के लिए साइन अप करना चाहेंगे?,3,0
"Would you please confirm that you'd like to have cable, internet and phone service, with 5 Gb data plan?"," क्या आप कृपया पुष्टि करेंगे कि आप 5 जीबी डेटा प्लान के साथ केबल, इंटरनेट और फोन सेवा चाहते हैं?",3,0
"Great! Lalit, May I know your account number please?? "," महान! ललित, क्या मुझे आपका खाता नंबर पता चल सकता है ??",3,2
Like I've mentioned earlier it's $40., जैसा कि मैंने पहले उल्लेख किया है कि यह $ 40 है।,1,0
"I need to get a new Internet connection, can you help me with the new packages ?"," मुझे एक नया इंटरनेट कनेक्शन लेने की आवश्यकता है, क्या आप नए पैकेज के साथ मेरी मदद कर सकते हैं?",3,0
5 GB data plan, 5 जीबी डेटा प्लान,0,0
"Hello, you're connected to Star cable customer service. How may I assist you today?"," नमस्कार, आप स्टार केबल ग्राहक सेवा से जुड़े हैं। आज मैं आपकी मदद किस तरह कर सकता हूँ?",3,0
Awesome! Could you please help me with your city name and the zip code?, बहुत बढ़िया! क्या आप कृपया मुझे अपने शहर के नाम और ज़िप कोड के साथ मदद कर सकते हैं?,3,2
Fantastic! Thank you for reaching out to us. Have a great day. Bye., ज़बरदस्त! हमसे संपर्क की पहल के लिए आपका धन्यवाद। आपका दिन अच्छा रहे। अलविदा।,3,2
"O'Connell Phillip, 7855 7665 8787 "," ओ'कोनेल फिलिप, 7855 7665 8787",2,0
"My pleasure! It was great assisting you, feel free to reach us when needed. Have a nice day, goodbye."," मेरा सौभाग्य! आपकी सहायता करके बहुत अच्छा लगा, जरूरत पड़ने पर हमसे बेझिझक संपर्क करें। आपका दिन शुभ हो, अलविदा।",3,2
okay, ठीक है,2,0
i want new service, मुझे नई सेवा चाहिए,1,0
I will surely help you out in this regards but before we go ahead with the procedure could I please have your city name and it's zip code?,"मैं निश्चित रूप से इस संबंध में आपकी मदद करूंगा, लेकिन इससे पहले कि हम प्रक्रिया को आगे बढ़ाएं, क्या मैं आपके शहर का नाम और उसका ज़िप कोड बता सकता हूं?",3,0
City: Sangamam...ZIP:19852, शहर: संगमम...ज़िप:19852,0,0
Good Morning :), शुभ प्रभात :),3,2
Hey there! How may I help you today?, सुनो! आज मैं आपकी कैसे मदद कर सकता हूँ?,3,0
CHENNAI 654123, चेन्नई 654123,0,0
I'll help you in purchasing the cable service. May I know the name of your city and the zip code of your area?,मैं केबल सर्विस खरीदने में आपकी मदद करूंगा। क्या मैं आपके शहर का नाम और आपके क्षेत्र का ज़िप कोड जान सकता हूँ?,3,0
May I please know your query?, क्या मैं कृपया आपकी क्वेरी जान सकता हूँ?,3,0
city name : Miami, शहर का नाम : मियामी,0,0
i need 5 GB data plan, मुझे 5 जीबी डेटा प्लान चाहिए,1,0
"Surely, thank you. We offer three data plans to our customers 1 GB, 5 GB and 10 GB. I would suggest you sign up for the 10 GB as its the best. What's your preference?"," ज़रूर, धन्यवाद। हम अपने ग्राहकों को 1 जीबी, 5 जीबी और 10 जीबी के लिए तीन डेटा प्लान पेश करते हैं। मेरा सुझाव है कि आप 10 जीबी के लिए साइन अप करें क्योंकि यह सबसे अच्छा है। आपकी पसंद क्या है?",3,2
Sure please help me with your details. Could you please help me with your city and zipcode?, निश्चित रूप से कृपया अपने विवरण के साथ मेरी मदद करें। क्या आप कृपया मुझे अपने शहर और ज़िप कोड के साथ मदद कर सकते हैं?,3,0
Great! I'll help you with that. Could you please provide your city's name?, महान! मैं इसमें आपकी मदद करूंगा। क्या आप कृपया अपने शहर का नाम बता सकते हैं?,3,2
ok, ठीक है,2,0
"Perfect! We have 3 data plans available for you, 1Gb, 5Gb and 10Gb, may I know which one would you like to choose? "," उत्तम! हमारे पास आपके लिए 3 डेटा प्लान उपलब्ध हैं, 1Gb, 5Gb और 10Gb, क्या मैं जान सकता हूँ कि आप किसे चुनना चाहेंगे?",3,2
"Great! For the phone service we have 1 GB, 5 Gb and 10 GB data plans, may I know which data plans you'd like to purchase? "," महान! फोन सेवा के लिए हमारे पास 1 जीबी, 5 जीबी और 10 जीबी डेटा प्लान हैं, क्या मैं जान सकता हूं कि आप कौन से डेटा प्लान खरीदना चाहेंगे?",3,2
Great! The plan is for $60 a month. Would you have any further queries?, महान! योजना $ 60 प्रति माह के लिए है। क्या आपके कोई और प्रश्न होंगे?,3,2
" It's a pleasure assisting you, thank you for reaching out to us. Have an awesome day ahead!"," आपकी सहायता करना खुशी की बात है, हमसे संपर्क करने के लिए धन्यवाद। आगे का दिन शानदार हो!",3,2
new york and 10005, न्यूयॉर्क और 10005,2,0
OKAY, ठीक है,2,0
i need sign up to internet connection, मुझे इंटरनेट कनेक्शन के लिए साइन अप करने की आवश्यकता है,1,0
"Thank you! So for the cable packages we have (1 GB, 5 GB, 10 GB) which cost $5, $10 and $20 respectively. Now could you please go ahead and choose a package according to your usage please?","आपको धन्यवाद! तो केबल पैकेज के लिए हमारे पास (1 जीबी, 5 जीबी, 10 जीबी) है जिसकी कीमत क्रमशः $ 5, $ 10 और $ 20 है। अब क्या आप कृपया आगे बढ़ सकते हैं और कृपया अपने उपयोग के अनुसार पैकेज चुनें?",3,0
Thanks for showing your interest! We're glad that you chose us. I'll require your details to open a new account. May I know your city name and zip code?, अपनी रुचि दिखाने के लिए धन्यवाद! हमें खुशी है कि आपने हमें चुना। नया खाता खोलने के लिए मुझे आपके विवरण की आवश्यकता होगी। क्या मैं आपके शहर का नाम और ज़िप कोड जान सकता हूँ?,3,2
Awesome! 5GB data plan would cost you $10. Would you like to confirm the plan?, बहुत बढ़िया! 5GB डेटा प्लान की कीमत आपको $ 10 होगी। क्या आप योजना की पुष्टि करना चाहेंगे?,3,2
Sure! The cost of this plan is $150. Would you want me to confirm this plan for you?, ज़रूर! इस योजना की लागत $150 है। क्या आप चाहते हैं कि मैं आपके लिए इस योजना की पुष्टि करूं?,3,0
"I really appreciate for your patience, we've made a note of your request and our executives will reach out to you for further details. Please give us 24 hours for the installation process. For further concerns you can visit our website, will that be fine with you?"," मैं वास्तव में आपके धैर्य की सराहना करता हूं, हमने आपके अनुरोध को नोट कर लिया है और हमारे अधिकारी अधिक विवरण के लिए आप तक पहुंचेंगे। कृपया हमें स्थापना प्रक्रिया के लिए 24 घंटे का समय दें। आगे की चिंताओं के लिए आप हमारी वेबसाइट पर जा सकते हैं, क्या यह आपके लिए ठीक रहेगा?",3,2
"Thank you for the information. To proceed further, we have 1 GB, 5 Gb and 10 GB data plans. May I know which data plan you'd like to purchase? "," जानकारी के लिए धन्यवाद। आगे बढ़ने के लिए, हमारे पास 1 जीबी, 5 जीबी और 10 जीबी डेटा प्लान हैं। क्या मैं जान सकता हूँ कि आप कौन-सा डेटा प्लान खरीदना चाहेंगे?",3,0
NO THANKS," जी नहीं, धन्यवाद",3,1
SURE.., ज़रूर..,2,0
Sure. You've been successfully registered for this plan. The team will contact you and the connection will be made within the next 24 hours.,ज़रूर। आप इस योजना के लिए सफलतापूर्वक पंजीकृत हो गए हैं। टीम आपसे संपर्क करेगी और अगले 24 घंटों के भीतर कनेक्शन कर दिया जाएगा।,2,2
"Thank you for all the details, please give me a minute to proceed further. "," सभी विवरणों के लिए धन्यवाद, कृपया मुझे आगे बढ़ने के लिए एक मिनट दें।",3,0
cable, केबल,0,0
i have change my address in my cable account, मैंने अपने केबल खाते में अपना पता बदल लिया है,2,0
10GB, 10जीबी,0,0
NO THANKS," जी नहीं, धन्यवाद",3,1
Perfect! Please allow me a moment to check the reason behind the increase in your bill., उत्तम! कृपया मुझे अपने बिल में वृद्धि के कारण की जांच करने के लिए एक क्षण का समय दें।,2,1
bye, अलविदा,2,0
nothing, कुछ नहीं,1,0
hi, नमस्ते,2,0
10gb data plan, 10GB डेटा प्लान,0,0
"That's awesome! To proceed further, I'd require the following details. Could you please let me know the name of the university you attend and the year you'll be graduated? "," वह तो कमाल है! आगे बढ़ने के लिए, मुझे निम्नलिखित विवरणों की आवश्यकता होगी। क्या आप कृपया मुझे उस विश्वविद्यालय का नाम बता सकते हैं जिसमें आप भाग लेते हैं और जिस वर्ष आप स्नातक होंगे?",3,2
"Sure, Could you please help me with the name of the city you reside in and the zip code?"," ज़रूर, क्या आप कृपया मुझे उस शहर के नाम और ज़िप कोड के बारे में बता सकते हैं जिसमें आप रहते हैं?",3,0
All right. Please visit our website www.auracabservices.com and go through the transfer page., ठीक है। कृपया हमारी वेबसाइट www.auracabservices.com पर जाएं और स्थानांतरण पृष्ठ देखें।,2,0
I NEED 5GB, मुझे 5GB चाहिए,1,0
A very good morning to you. Hope you doing well. You're been connected to Riley. How may I help you today?, आपके लिए एक बहुत ही शुभ प्रभात। आशा है कि तुम अच्छा कर रहे होंगे। आप रिले से जुड़े हुए हैं। आज मैं आपकी कैसे मदद कर सकता हूँ?,3,2
GOA 156230, गोवा 156230,0,0
Thank you so much for contacting us. Please let us know your valuable feedback. You've a great day ahead.,हमसे संपर्क करने के लिए आपका बहुत-बहुत धन्यवाद। कृपया हमें अपनी बहुमूल्य प्रतिक्रिया बताएं। आपका आने वाला दिन बहुत अच्छा है।,3,2
HAVE AN AMAZING DAY TO YOU TOO.., आपका भी दिन अद्भुत हो..,2,2
fine. thank you. good day and good bye now., ठीक। शुक्रिया। शुभ दिन और अब अलविदा।,3,2
"Thank you for helping me with your details. At present, we have three data plans, they are 1 GB, 5 GB and 10 GB. which one you'd like to buy?","अपने विवरण के साथ मेरी मदद करने के लिए धन्यवाद। फिलहाल हमारे पास तीन डेटा प्लान हैं, वे 1 जीबी, 5 जीबी और 10 जीबी हैं। आप कौन सा खरीदना चाहेंगे?",3,0
Sure! I'll do that right away. Anything else I could help you with today?, ज़रूर! मैं इसे तुरंत करूँगा। कुछ और जो मैं आज आपकी मदद कर सकता हूँ?,3,0
Thank you! Anything else that I may help you with?, आपको धन्यवाद! कुछ और जिससे मैं आपकी मदद कर सकूं?,3,2
No thanks for your support, आपके समर्थन के लिए नहीं धन्यवाद,3,1
I LIKE TO PURCHASE THE INTERNET SERVICE., मुझे इंटरनेट सेवा खरीदना पसंद है।,2,2
okay, ठीक है,2,0
"You are always welcome. Thank you for choosing our service. For any queries, please feel free to talk to us anytime."," आपका हमेशा स्वागत है। हमारी सेवा चुनने के लिए धन्यवाद। किसी भी प्रश्न के लिए, कृपया बेझिझक हमसे कभी भी बात करें।",3,2
Done! Thanks for your consent. Is there anything else I may help you with?, पूर्ण! आपकी सहमति के लिए धन्यवाद। क्या कुछ और है जिसमें मैं आपकी मदद कर सकता हूं?,3,2
Hello. Welcome to Tarro cables. How may I help you today?, नमस्ते। टैरो केबल्स में आपका स्वागत है। आज मैं आपकी कैसे मदद कर सकता हूँ?,3,0
"I LIVE IN MOSCOW, RUSSIA. "," मैं मास्को, रूस में रहता हूँ।",1,0
Hello! Welcome to AT&T customer service. How may I help you today?, नमस्ते! एटी एंड टी ग्राहक सेवा में आपका स्वागत है। आज मैं आपकी कैसे मदद कर सकता हूँ?,3,0
canada, कनाडा,0,0
All right. 5GB would cost you $10. Would you like to confirm the data plan?, ठीक है। 5GB की कीमत आपको $10 होगी। क्या आप डेटा प्लान की पुष्टि करना चाहेंगे?,3,0
Yes please confirm it., हाँ कृपया इसकी पुष्टि करें।,3,0
"DELHI, 665544"," दिल्ली, 665544",2,0
"We have 1GB, 5GB, 10GB data plans. Which one you would prefer?"," हमारे पास 1GB, 5GB, 10GB डेटा प्लान हैं। आप कौन सा पसंद करेंगे?",2,0
SSN:1952, एसएसएन: 1952,0,0
HAI, हाई,2,0
"Sure, what queries do you have regarding the plan?"," ज़रूर, योजना के बारे में आपके क्या प्रश्न हैं?",2,0
Nothing else,और कुछ नहीं,2,0
I'm sorry but could you please be more specific with your query?," मुझे खेद है, लेकिन क्या आप कृपया अपनी क्वेरी के बारे में अधिक विशिष्ट हो सकते हैं?",3,0
bye, अलविदा,2,0
I like to inform that i need to connect a new cable service., मुझे यह सूचित करना अच्छा लगता है कि मुझे एक नई केबल सेवा कनेक्ट करने की आवश्यकता है।,3,0
Perfect. Your request for the desired service has been raised and our agent will contact you for the installation at your convenient time., उत्तम। वांछित सेवा के लिए आपका अनुरोध उठाया गया है और हमारे एजेंट आपके सुविधाजनक समय पर स्थापना के लिए आपसे संपर्क करेंगे।,2,2
"Awesome! May I also know at what times you're available at your place, the available timings are  8AM-12PM or 12PM-3 PM or 3PM-7PM. "," बहुत बढ़िया! क्या मैं यह भी जान सकता हूं कि आप अपने स्थान पर किस समय उपलब्ध हैं, उपलब्ध समय सुबह 8 बजे से दोपहर 12 बजे या दोपहर 12 बजे से दोपहर 3 बजे या शाम 3 बजे से शाम 7 बजे तक है।",3,2
I am Nancy George and my account number is 2456718492458762, मैं नैन्सी जॉर्ज हूं और मेरा अकाउंट नंबर 2456718492458762 है,2,0
Thank you for choosing our services. I had a good time assisting you. Please feel free to reach out to us for further queries. Have a nice day!,हमारी सेवाओं को चुनने के लिए धन्यवाद। मेरे पास आपकी सहायता करने का अच्छा समय था। कृपया आगे के प्रश्नों के लिए हमसे बेझिझक संपर्क करें। आपका दिन शुभ हो!,3,2
My pleasure. Thank you for reaching out to us. Good day!, मेरा सौभाग्य। हमसे संपर्क की पहल के लिए आपका धन्यवाद। अच्छा दिन!,3,2
Sounds good. 10GB data plan costs you 15$. Would you like to confirm?, सुनने में तो अच्छा लगता है। 10GB डेटा प्लान की कीमत आपको 15$ है। क्या आप पुष्टि करना चाहेंगे?,3,0
john, जॉन,1,0
"HI,GOOD MORNING", हाय सुप्रभात,3,0
Alright! Would there be anything else I may assist you with?, ठीक है! क्या कुछ और होगा जिसमें मैं आपकी सहायता कर सकूं?,2,0
The cost of 5 Gb plan is $20 per month., 5 जीबी प्लान की लागत $20 प्रति माह है।,0,0
Definitely!! Thanks for showing your interest in our services. We are delighted to have you with us. May I know your city name and zip code please?, निश्चित रूप से!! हमारी सेवाओं में रुचि दिखाने के लिए धन्यवाद। आपको हमारे साथ पाकर हमें खुशी हो रही है। क्या मैं आपके शहर का नाम और ज़िप कोड जान सकता हूँ?,3,2
Hope we are connected?, आशा है कि हम जुड़े हुए हैं?,2,0
Thank you so much for contacting us. Please let us know your valuable feedback. You've a great day ahead.,हमसे संपर्क करने के लिए आपका बहुत-बहुत धन्यवाद। कृपया हमें अपनी बहुमूल्य प्रतिक्रिया बताएं। आपका आने वाला दिन बहुत अच्छा है।,3,2
I LIKE TO 1GB, मुझे 1GB पसंद है,2,0
"no, that is all thank you."," नहीं, बस इतना ही धन्यवाद।",3,0
Good Morning!, शुभ प्रभात!,3,2
"That's great! To help you further, I'll require the city you're currently living and the zip code.","एक दम बढ़िया! आपकी और सहायता करने के लिए, मुझे उस शहर की आवश्यकता होगी जिसमें आप वर्तमान में रह रहे हैं और ज़िप कोड की आवश्यकता होगी।",2,2
"Sure! I'll be glad to help you in this, may I please know your city and zip code?"," ज़रूर! मुझे इसमें आपकी मदद करने में खुशी होगी, क्या मैं आपका शहर और ज़िप कोड जान सकता हूं?",3,0
Thank you! The 1GB will costs you $3 on monthly basis. I will activate the same for you., आपको धन्यवाद! 1GB की कीमत आपको मासिक आधार पर $3 होगी। मैं आपके लिए इसे सक्रिय कर दूंगा।,3,2
"Dear Customer, offers shall be provided once you complete six months with us. All right! This shall be activated within 2 hours. Is there anything else I may help you with?"," प्रिय ग्राहक, हमारे साथ छह महीने पूरे करने के बाद ऑफ़र प्रदान किए जाएंगे। ठीक है! यह 2 घंटे के भीतर सक्रिय हो जाएगा। क्या कुछ और है जिसमें मैं आपकी मदद कर सकता हूं?",3,0
Thank you! Anything else that I may help you with?, आपको धन्यवाद! कुछ और जिससे मैं आपकी मदद कर सकूं?,3,2
A very good morning to you. Hope you doing well. You're been connected to Riley. How may I help you today?, आपके लिए एक बहुत ही शुभ प्रभात। आशा है कि तुम अच्छा कर रहे होंगे। आप रिले से जुड़े हुए हैं। आज मैं आपकी कैसे मदद कर सकता हूँ?,3,2
yes okay, हाँ ठीक है,2,0
i need 5 GB data plan, मुझे 5 जीबी डेटा प्लान चाहिए,1,0
Hi! Welcome to Verizon cable service customer care. You are now connected to Casey and I'm here to help you today., नमस्ते! Verizon केबल सेवा ग्राहक सेवा में आपका स्वागत है। अब आप केसी से जुड़ गए हैं और मैं आज आपकी मदद करने के लिए यहां हूं।,3,2
CHENNAI, चेन्नई,0,0
Yes it does!, हाँ ऐसा होता है!,2,0
Great! Would there be anything else that I may help you with, महान! क्या कुछ और होगा जिससे मैं आपकी मदद कर सकूं,3,2
Perfect! I'll confirm the plan of 10 GB for cable service. Is there anything I might help you with?, उत्तम! मैं केबल सेवा के लिए 10 जीबी की योजना की पुष्टि करूंगा। क्या कोई ऐसी चीज है जिसमें मैं आपकी मदद कर सकता हूं?,3,2
5 GB, 5 जीबी,0,0
Sure! Would you like to purchase the internet service in our company?, ज़रूर! क्या आप हमारी कंपनी में इंटरनेट सेवा खरीदना चाहेंगे?,3,0
5gb data plan, 5GB डेटा प्लान,0,0
hi, नमस्ते,2,0
internet, इंटरनेट,0,0
"Awesome! We provide cable, internet and phone service, May I know which service you'd like to sign up for? "," बहुत बढ़िया! हम केबल, इंटरनेट और फोन सेवा प्रदान करते हैं, क्या मैं जान सकता हूं कि आप किस सेवा के लिए साइन अप करना चाहते हैं?",3,2
HJi, HJI,0,0
"Great! Thank you for the details. We have 1 GB, 5 GB and 10 GB internet data plans for you. Which one of these are you looking for?","महान! विवरण के लिए धन्यवाद। हमारे पास आपके लिए 1 जीबी, 5 जीबी और 10 जीबी इंटरनेट डेटा प्लान हैं। आप इनमें से किसकी तलाश कर रहे हैं?",3,2
Awesome! Thanks for choosing us. May I know your city name and zip code please?, बहुत बढ़िया! हमें चुनने के लिए धन्यवाद। क्या मैं आपके शहर का नाम और ज़िप कोड जान सकता हूँ?,3,2
"You're welcome. I'm glad that was helpful, thank you for choosing us. Have an awesome day ahead!"," आपका स्वागत है। मुझे खुशी है कि यह मददगार था, हमें चुनने के लिए धन्यवाद। आगे का दिन शानदार हो!",3,2
" I really appreciate for staying connected, you're now a part of our services. Our executives will reach out to you for further details, will there be anything else I may help you with?"," जुड़े रहने के लिए मैं वास्तव में सराहना करता हूं, अब आप हमारी सेवाओं का हिस्सा हैं। हमारे अधिकारी अधिक जानकारी के लिए आप तक पहुंचेंगे, क्या कुछ और होगा जिसमें मैं आपकी मदद कर सकता हूं?",3,2
36451,36451,0,0
Have a nice day!, आपका दिन शुभ हो!,2,2
Definitely! Thanks for showing your interest in D-link services. May I know your city name and zip code please?, निश्चित रूप से! डी-लिंक सेवाओं में अपनी रुचि दिखाने के लिए धन्यवाद। क्या मैं आपके शहर का नाम और ज़िप कोड जान सकता हूँ?,3,2
5 GB, 5 जीबी,0,0
OK BYE, चलो बाय,2,0
"Okay, I'd like to inform you that your requested service will be installed and activated in the next 24 hours. "," ठीक है, मैं आपको सूचित करना चाहता हूं कि आपकी अनुरोधित सेवा अगले 24 घंटों में स्थापित और सक्रिय हो जाएगी।",2,0
NOTHING ELSE, और कुछ नहीं,2,0
"Sure, I'll assist you with it. Could you share the city and the zip code?"," ज़रूर, मैं इसमें आपकी मदद करूँगा। क्या आप शहर और पिन कोड साझा कर सकते हैं?",3,0
NO THANKS," जी नहीं, धन्यवाद",3,1
Thank you so much for contacting us. Please let us know your valuable feedback. You've a great day ahead.,हमसे संपर्क करने के लिए आपका बहुत-बहुत धन्यवाद। कृपया हमें अपनी बहुमूल्य प्रतिक्रिया बताएं। आपका आने वाला दिन बहुत अच्छा है।,3,2
Great! 5 Gb is one of the best plans that we provide to our customers. 5 GB will cost $5 including all the taxes. I will confirm the same for you.,महान! 5 जीबी हमारे ग्राहकों को प्रदान की जाने वाली सबसे अच्छी योजनाओं में से एक है। 5 GB की कीमत $5 होगी जिसमें सभी कर शामिल हैं। मैं आपके लिए इसकी पुष्टि करूंगा।,3,2
5 GB, 5 जीबी,0,0
Goodbye!, अलविदा!,2,0
"Thanks for sharing your details. We've variety of data plans to fulfill your needs Viz, 1 GB, 5 GB and 10 GB. May I know which one you'd like to buy?"," अपना विवरण साझा करने के लिए धन्यवाद। आपकी ज़रूरतों को पूरा करने के लिए हमारे पास कई तरह के डेटा प्लान हैं जैसे 1 जीबी, 5 जीबी और 10 जीबी। क्या मैं जान सकता हूँ कि आप किसे खरीदना चाहेंगे?",3,2
OK, ठीक है,2,0
MADURAI 765432, मदुरै 765432,0,0
I WANT INTERNET CONNECTION, मुझे इंटरनेट कनेक्शन चाहिए,1,0
6754,6754,0,0
Good morning! You've reached Net link Media/Cable Services. How may I help you today?, सुबह बख़ैर! आप नेट लिंक मीडिया/केबल सेवाओं पर पहुंच गए हैं। आज मैं आपकी कैसे मदद कर सकता हूँ?,3,0
"Thanks for confirming!! I've shared your details with my team. Quite soon you'll receive a email, please find the link in that. You'll have to fill the form and submit it. As soon as you click on submit. you'll get another email where your username and password will be shared with you. please login and your service will get activated.  "," पुष्टि करने के लिए धन्यवाद!! मैंने आपका विवरण अपनी टीम के साथ साझा किया है। बहुत जल्द आपको एक ईमेल प्राप्त होगा, कृपया उसमें लिंक खोजें। आपको फॉर्म भरकर सबमिट करना होगा। जैसे ही आप सबमिट पर क्लिक करेंगे। आपको एक और ईमेल मिलेगा जहां आपका उपयोगकर्ता नाम और पासवर्ड आपके साथ साझा किया जाएगा। कृपया लॉगिन करें और आपकी सेवा सक्रिय हो जाएगी।",3,2
i need is internet service, मुझे इंटरनेट सेवा चाहिए,1,0
no thanks," जी नहीं, धन्यवाद",3,1
"Thank you for reaching out to us, please feel free to reach out to us for further concerns. Have a great day ahead!"," हमसे संपर्क करने के लिए धन्यवाद, कृपया आगे की चिंताओं के लिए हमसे बेझिझक संपर्क करें। आगे एक महान दिन हो!",3,2
yes, हां,2,0
New York  94567, न्यूयॉर्क 94567,2,0
NO, ना,1,1
10GB Is Perfect For Me, 10GB मेरे लिए बिल्कुल सही है,2,2
OK, ठीक है,2,0
Hello and welcome to Universal cable customer care. How may I help you?, नमस्ते और यूनिवर्सल केबल कस्टमर केयर में आपका स्वागत है। क्या मेरे द्वारा आपकी कोई सहायता हो सकती है?,3,0
I hope we are still connected?, मुझे आशा है कि हम अभी भी जुड़े हुए हैं?,2,0
"HI,GOOD MORNING", हाय सुप्रभात,3,0
my internet bill is too high,मेरा इंटरनेट बिल बहुत ज्यादा है,2,1
ho, हो,0,0
i have 5GB plan., मेरे पास 5GB प्लान है।,1,0
"Thanks for being patient, I've signed up for cable service with 1 GB data plan, this will cost you $14 per month. Soon our team will get in touch with you. They'll assist you further."," धैर्य रखने के लिए धन्यवाद, मैंने 1 जीबी डेटा प्लान के साथ केबल सेवा के लिए साइन अप किया है, इसके लिए आपको प्रति माह $14 का खर्च आएगा। जल्द ही हमारी टीम आपसे संपर्क करेगी। वे आगे आपकी मदद करेंगे।",3,2
Hello! Welcome to Aura cable services. How may I assist you today?, नमस्ते! ऑरा केबल सर्विस में आपका स्वागत है। आज मैं आपकी मदद किस तरह कर सकता हूँ?,3,0
thanks thats all, धन्यवाद बस इतना ही,3,2
hi, नमस्ते,2,0
nothing else, और कुछ नहीं,1,0
ok thanks, ठीक है धन्यवाद,3,0
And the zipcode?, और ज़िप कोड?,0,0
Hey there! How may I assist you?, सुनो! मैं आपकी कैसे सहायता कर सकता हूँ?,3,0
5 GB, 5 जीबी,0,0
Good morning! You've reached Net link Media/Cable Services. How may I help you today?, सुबह बख़ैर! आप नेट लिंक मीडिया/केबल सेवाओं पर पहुंच गए हैं। आज मैं आपकी कैसे मदद कर सकता हूँ?,3,0
"Nothing else, Thank you for your information. Have a nice day to chat with you. "," और कुछ नहीं, आपकी जानकारी के लिए धन्यवाद। आपके साथ चैट करने के लिए एक अच्छा दिन है।",3,0
Hillbrook 25632, हिलब्रुक 25632,2,0
no thanks," जी नहीं, धन्यवाद",3,1
"You're welcome! Thank you for bringing this up to us, we are always here to help you in any issues relating to cable/media. Have a nice day ahead!"," आपका स्वागत है! इसे हमारे पास लाने के लिए धन्यवाद, केबल/मीडिया से संबंधित किसी भी मुद्दे में आपकी सहायता के लिए हम हमेशा यहां मौजूद हैं। आपका दिन अच्छा हों!",3,2
Good morning! You've reached Net link Media/Cable Services. How may I help you today?, सुबह बख़ैर! आप नेट लिंक मीडिया/केबल सेवाओं पर पहुंच गए हैं। आज मैं आपकी कैसे मदद कर सकता हूँ?,3,0
5GB, 5GB,0,0
1 GB plan, 1 जीबी प्लान,0,0
confirm, पुष्टि करें,0,0
Hello and Good Morning! Welcome to Relax customer  service. How may I help you today?, नमस्ते और सुप्रभात! रिलैक्स कस्टमर सर्विस में आपका स्वागत है। आज मैं आपकी कैसे मदद कर सकता हूँ?,3,0
"Thanks for confirming, Good news! I've booked your cable connection. Forthwith after this chat, my technical team will get in touch with you and they'll assist you further. In case you don't get any call, please get back to us anytime.."," पुष्टि करने के लिए धन्यवाद, अच्छी खबर! मैंने आपका केबल कनेक्शन बुक कर लिया है। इस चैट के तुरंत बाद, मेरी तकनीकी टीम आपसे संपर्क करेगी और वे आगे आपकी सहायता करेंगे। यदि आपको कोई कॉल नहीं आती है, तो कृपया किसी भी समय हमसे संपर्क करें..",3,2
Perfect! I'd also require the last 4 digits of your SSN., उत्तम! मुझे आपके SSN के अंतिम 4 अंक भी चाहिए होंगे।,3,2
my bill keeps going up, मेरा बिल बढ़ता रहता है,2,1
hai, हाय,2,0
internet, इंटरनेट,0,0
"96815
Honolulu, HI"," 96815 होनोलूलू, हाई",2,0
Sure. I live in Canesville and the zip code is 17824, ज़रूर। मैं Canesville में रहता हूँ और ज़िप कोड 17824 है,2,0
Perfect! I'll confirm the plan of 10 GB for cable service. Is there anything I might help you with?, उत्तम! मैं केबल सेवा के लिए 10 जीबी की योजना की पुष्टि करूंगा। क्या कोई ऐसी चीज है जिसमें मैं आपकी मदद कर सकता हूं?,3,2
no thanks," जी नहीं, धन्यवाद",3,1
good morning!, शुभ प्रभात!,3,2
"Awesome! Before I setup the cable connection. May I know which of the following service plans you would like to opt for-  basic ($50 per month - 50 channels), premium ($75 per month - 75 channels), and platinum ($100 per month - all channels).","बहुत बढ़िया! इससे पहले कि मैं केबल कनेक्शन सेटअप करूं। क्या मैं जान सकता हूं कि आप निम्न में से कौन सी सेवा योजना चुनना चाहेंगे- मूल ($50 प्रति माह - 50 चैनल), प्रीमियम ($75 प्रति माह - 75 चैनल), और प्लेटिनम ($100 प्रति माह - सभी चैनल)।",3,2
"Perfect! Thank you for the details. We have 1 GB, 5 GB and 10 GB data plans for our cable services. Which one of these would you prefer?"," उत्तम! विवरण के लिए धन्यवाद। हमारी केबल सेवाओं के लिए हमारे पास 1 जीबी, 5 जीबी और 10 जीबी डेटा प्लान हैं। आप इनमें से किसे पसंद करेंगे?",3,2
"sergio.funk51@yahoo.com and 765lynnway,lynn 6787"," sergio.funk51@yahoo.com और 765lynnway, लिन 6787",2,0
"Fantastic! I've confirmed your new  5 GB cable connection, Our executives will reach you with the installation within 48 hrs. And I've also created an account of yours with Net Link. Further you can check all our plans and discounts from our website i.e www.netlink.com."," ज़बरदस्त! मैंने आपके नए 5 जीबी केबल कनेक्शन की पुष्टि कर दी है, हमारे अधिकारी 48 घंटे के भीतर इंस्टॉलेशन के साथ आप तक पहुंच जाएंगे। और मैंने नेट लिंक से आपका अकाउंट भी बनाया है। इसके अलावा आप हमारी वेबसाइट www.netlink.com से हमारी सभी योजनाओं और छूटों की जांच कर सकते हैं।",3,2
I have plan to purchase a new cable service!, मेरी एक नई केबल सेवा खरीदने की योजना है!,2,0
Amazing! We are pleased that you chose Sun feast media services. Thank you! May I know your city name and zip code please?, अद्भुत! हमें खुशी है कि आपने सन दावत मीडिया सेवाओं को चुना। आपको धन्यवाद! क्या मैं आपके शहर का नाम और ज़िप कोड जान सकता हूँ?,3,2
OKAY THANK YOU AND YOUR SERVICE IS GOOD AND HAVE GREAT DAY SPENCER," ठीक है, धन्यवाद और आपकी सेवा अच्छी है और आपका दिन शुभ हो",3,2
my internet bill is too high,मेरा इंटरनेट बिल बहुत ज्यादा है,2,1
OKAY, ठीक है,2,0
"We are really sorry for your inconvenience. We will be sending you a replacement device, may I know your address please?
","आपकी असुविधा के लिए हमें वास्तव में खेद है। हम आपको एक प्रतिस्थापन उपकरण भेजेंगे, क्या मैं आपका पता जान सकता हूँ?",3,1
i like to know internet and phone facility are included this plan?, मुझे यह जानना अच्छा लगता है कि इस योजना में इंटरनेट और फोन की सुविधा शामिल है?,2,0
zip code:688001, ज़िप कोड:688001,0,0
We look forward to satisfy customers like you in the best way possible. Kindly log onto our website - www.infocable.com Good Day!, हम आपके जैसे ग्राहकों को सर्वोत्तम संभव तरीके से संतुष्ट करने के लिए तत्पर हैं। कृपया हमारी वेबसाइट - www.infocable.com पर लॉग इन करें शुभ दिन!,3,2
Thank you for your response! I've forwarded your subscription request for the 5 GB cable data plan. You will be receiving a confirmation message regarding the same within 2-4 hours. We hope you enjoy our service. Will there be anything else I could help you with?, आपकी प्रतिक्रिया के लिए धन्यवाद! मैंने 5 जीबी केबल डेटा प्लान के लिए आपका सब्सक्रिप्शन अनुरोध अग्रेषित कर दिया है। आपको 2-4 घंटों के भीतर उसी के संबंध में एक पुष्टिकरण संदेश प्राप्त होगा। हमें उम्मीद है कि आप हमारी सेवा का आनंद लेंगे। क्या कुछ और होगा जिसमें मैं आपकी मदद कर सकूं?,3,2
my device is not working, मेरा डिवाइस काम नहीं कर रहा है,1,1
1Gb, 1 जीबी,0,0
ok, ठीक है,2,0
"Perfect! We have 3 different plans available, depending upon your area, 1Gb data plan, 5Gb data plan and 10Gb data plan, may I know which one would you prefer? "," उत्तम! आपके क्षेत्र के आधार पर हमारे पास 3 अलग-अलग प्लान उपलब्ध हैं, 1Gb डेटा प्लान, 5Gb डेटा प्लान और 10Gb डेटा प्लान, क्या मैं जान सकता हूँ कि आप किसे पसंद करेंगे?",3,2
"Alright! Just to confirm may I know if you need all the 3 cable, internet and phone service?"," ठीक है! बस पुष्टि करने के लिए क्या मुझे पता चल सकता है कि आपको सभी 3 केबल, इंटरनेट और फोन सेवा की आवश्यकता है?",2,0
I want new cable service, मुझे नई केबल सेवा चाहिए,1,0
6678,6678,0,0
"I'll help you with that, may I know your name and the last 4 digits of SSN?"," मैं इसमें आपकी मदद करूंगा, क्या मैं आपका नाम और एसएसएन के अंतिम 4 अंक जान सकता हूं?",3,0
city : kiskol,शहर : किस्कोली,2,0
"Perfect! Thank you for that. Please allow me a minute or two, while I get this done for you."," उत्तम! उसके लिये आपका धन्यवाद। कृपया मुझे एक या दो मिनट का समय दें, जबकि मैं आपके लिए यह कर रहा हूं।",3,2
"Thank you for staying connected, you're now a part of our services. Our executives will reach out to you for further concerns. Will that be fine with you?"," जुड़े रहने के लिए धन्यवाद, अब आप हमारी सेवाओं का हिस्सा हैं। आगे की चिंताओं के लिए हमारे अधिकारी आपसे संपर्क करेंगे। क्या यह आपके साथ ठीक रहेगा?",3,2
cable services, केबल सेवाएं,0,0
YES, हां,2,2
I WANT TO PURCHASE INTERNET, मुझे इंटरनेट खरीदना है,1,0
25416,25416,0,0
"Awesome! May I also know if you need the 1 GB, 5 GB, 10 GB plan for your services? "," बहुत बढ़िया! क्या मैं यह भी जान सकता हूं कि क्या आपको अपनी सेवाओं के लिए 1 जीबी, 5 जीबी, 10 जीबी प्लान चाहिए?",3,2
"Alright! Feel free to reach us when needed, it was great assisting you, have a nice day. Goodbye."," ठीक है! जरूरत पड़ने पर बेझिझक हमसे संपर्क करें, आपकी मदद करना बहुत अच्छा रहा, आपका दिन शुभ हो। अलविदा।",3,2
Sure! I'll help you with that. Could you please provide me the city and the zip code?, ज़रूर! मैं इसमें आपकी मदद करूंगा। क्या आप कृपया मुझे शहर और ज़िप कोड प्रदान कर सकते हैं?,3,0
41510,41510,0,0
"I'd like to inform you that if in case you cross the set limit, you will be charged more according to the usage of the data. "," मैं आपको सूचित करना चाहता हूं कि यदि आप निर्धारित सीमा को पार करते हैं, तो आपसे डेटा के उपयोग के अनुसार अधिक शुल्क लिया जाएगा।",2,1
Definitely!  I'll be happy to help in this regard. Could you please help me with the city name and it's zip code?, निश्चित रूप से! मुझे इस संबंध में मदद करने में खुशी होगी। क्या आप कृपया शहर के नाम और उसके ज़िप कोड के बारे में मेरी मदद कर सकते हैं?,3,2
Sure! I will help you in getting that done. May I know the name of your city in which you are presently located?, ज़रूर! इसे पूरा करने में मैं आपकी मदद करूंगा। क्या मैं आपके उस शहर का नाम जान सकता हूँ जिसमें आप वर्तमान में स्थित हैं?,3,0
"And which data plan would you like to sign up for? We currently have 1 GB, 5 GB and 10 GB available. You can choose any."," और आप किस डेटा प्लान के लिए साइन अप करना चाहेंगे? वर्तमान में हमारे पास 1 जीबी, 5 जीबी और 10 जीबी उपलब्ध है। आप कोई भी चुन सकते हैं।",2,0
79602,79602,0,0
"Amazing! Which data plan would you like to purchase? We have 1GB, 5 GB and 10 GB data plans available with us."," अद्भुत! आप कौन सा डेटा प्लान खरीदना चाहेंगे? हमारे पास 1GB, 5GB और 10GB डेटा प्लान उपलब्ध हैं।",3,2
"Hello! Good evening, Fast Net Cable Services. How may I assist you today?","नमस्ते! शुभ संध्या, फास्ट नेट केबल सेवाएं। आज मैं आपकी मदद किस तरह कर सकता हूँ?",3,0
thank you, धन्यवाद,2,2
city name is coimbatore, शहर का नाम कोयंबटूर है,0,0
hi, नमस्ते,2,0
no thanks. that is all," जी नहीं, धन्यवाद। वह सब है",3,1
"That's great! I'll definitely help you with your query. May I know the name of your name of your city and its zip code, please?"," एक दम बढ़िया! मैं निश्चित रूप से आपकी क्वेरी में आपकी मदद करूंगा। क्या मैं आपके शहर का नाम और उसका ज़िप कोड जान सकता हूँ, कृपया?",3,2
OKAY, ठीक है,2,0
HI, नमस्ते,2,0
Welcome to Y-Link customer service. How may I help you today?, वाई-लिंक ग्राहक सेवा में आपका स्वागत है। आज मैं आपकी कैसे मदद कर सकता हूँ?,2,0
Hi, नमस्ते,3,0
MY INTERNET BILL IS TOO HIGH, मेरा इंटरनेट बिल बहुत अधिक है,2,1
no thanks," जी नहीं, धन्यवाद",3,1
They are. Thank you Robin!, वे हैं। धन्यवाद रॉबिन!,3,2
ya sure, हाँ यकीनन,2,0
1 GB, 1 जीबी,0,0
"Surely, would you like me to confirm this plan for you?"," निश्चित रूप से, क्या आप चाहते हैं कि मैं आपके लिए इस योजना की पुष्टि करूं?",2,0
1 gb, 1 जीबी,0,0
Hope we're connected?, आशा है कि हम जुड़े हुए हैं?,2,0
no, नहीं,1,1
nothing else, और कुछ नहीं,1,0
You want internet connection? Is it?, आप इंटरनेट कनेक्शन चाहते हैं? यह है?,1,0
thank u, धन्यवाद,3,2
hai, हाय,2,0
hello!, नमस्ते!,3,0
i wants to purchase cable, मुझे केबल खरीदना है,1,0
"nope, thanks for your help!"," नहीं, आपकी मदद के लिए धन्यवाद!",3,2
Wonderful! It was good to assist you. Have a nice day. Bye., अद्भुत! आपकी सहायता करके अच्छा लगा। आपका दिन शुभ हो। अलविदा।,2,2
ok, ठीक है,2,0
"Alright! Have a good day, hope to assist you in the future as well. Goodbye!"," ठीक है! आपका दिन शुभ हो, भविष्य में भी आपकी सहायता करने की आशा है। अलविदा!",3,2
The 10GB plan sounds good, 10GB का प्लान अच्छा लगता है,0,2
ok, ठीक है,2,0
no queries thanks for your help, कोई प्रश्न नहीं आपकी मदद के लिए धन्यवाद,3,2
"That's a great decision, I'll help you in setting up a new connection. May I know in which city do you currently reside in and the zip code of your area? "," यह एक अच्छा निर्णय है, मैं एक नया कनेक्शन स्थापित करने में आपकी सहायता करूंगा। क्या मैं जान सकता हूँ कि आप वर्तमान में किस शहर में रहते हैं और अपने क्षेत्र का ज़िप कोड?",3,2
melur 625120, मेलुर 625120,0,0
1GB, 1GB,0,0
platinum plan, प्लेटिनम योजना,0,0
no thanks," जी नहीं, धन्यवाद",3,1
Florida - 10010, फ्लोरिडा - 10010,0,0
652811 Kollam, 652811 कोल्लम,0,0
hi, नमस्ते,2,0
Awesome! 5GB would cost you $10. Would you like to confirm the data plan?,बहुत बढ़िया! 5GB की कीमत आपको $10 होगी। क्या आप डेटा प्लान की पुष्टि करना चाहेंगे?,3,2
May I know your account number?, क्या मैं आपका खाता नंबर जान सकता हूँ?,2,0
I'll be glad to help you with that. May I know your city and it's zip code please?, मुझे इसमें आपकी मदद करने में खुशी होगी। क्या मैं आपका शहर और उसका ज़िप कोड जान सकता हूँ?,3,0
"Sure, it will be a pleasure to assist you with this regards. Could you please help me with your city name and the zip code?."," ज़रूर, इस संबंध में आपकी सहायता करने में खुशी होगी। क्या आप कृपया मुझे अपने शहर के नाम और ज़िप कोड के साथ मदद कर सकते हैं?",3,0
Alright I have now confirmed the package for you and also created an account on your name. Our associate would visit your house shortly and help you with the service installation. Is there anything else I could help you with for today?," ठीक है, मैंने अब आपके लिए पैकेज की पुष्टि कर दी है और आपके नाम पर एक खाता भी बनाया है। हमारे सहयोगी शीघ्र ही आपके घर आएंगे और सेवा स्थापना में आपकी सहायता करेंगे। क्या आज के लिए मैं आपकी कुछ और मदद कर सकता हूँ?",2,0
Thank you so much for contacting us. Please let us know your valuable feedback. You've a great day ahead.,हमसे संपर्क करने के लिए आपका बहुत-बहुत धन्यवाद। कृपया हमें अपनी बहुमूल्य प्रतिक्रिया बताएं। आपका आने वाला दिन बहुत अच्छा है।,3,2
okey, शाबाशी,2,0
good morning, शुभ प्रभात,2,2
10 GB, 10 जीबी,0,0
"Hi! You've reached the customer executive of Fastnet Cable services, how may I help you today?"," नमस्ते! आप Fastnet Cable सेवाओं के ग्राहक कार्यकारी तक पहुँच चुके हैं, मैं आज आपकी कैसे मदद कर सकता हूँ?",3,0
5 GB, 5 जीबी,0,0
8/82/1 jesus ave.  ohio, 8/82/1 जीसस एवेन्यू। ओहियो,2,0
5 GB, 5 जीबी,0,0
"Great! For the cable service we have 1 GB, 5 GB and 10 GB, may I know which data plan you'd like to purchase?"," महान! केबल सेवा के लिए हमारे पास 1 जीबी, 5 जीबी और 10 जीबी है, क्या मैं जान सकता हूं कि आप कौन सा डेटा प्लान खरीदना चाहेंगे?",3,2
"Perfect! I'd like to inform you that we have 3 different plans available, depending upon your area, 1Gb data plan, 5Gb data plan and 10Gb data plan, may I know which one would you prefer? "," उत्तम! मैं आपको सूचित करना चाहता हूं कि आपके क्षेत्र, 1 जीबी डेटा प्लान, 5 जीबी डेटा प्लान और 10 जीबी डेटा प्लान के आधार पर हमारे पास 3 अलग-अलग योजनाएं उपलब्ध हैं, क्या मैं जान सकता हूं कि आप किसे पसंद करेंगे?",3,2
"Sounds perfect! For the internet service we have 1 GB, 5 GB and 10 GB data plans. May I know which data plan you'd like to purchase please? "," यह बढ़िया है! इंटरनेट सेवा के लिए हमारे पास 1 जीबी, 5 जीबी और 10 जीबी डेटा प्लान हैं। क्या मैं जान सकता हूँ कि आप कृपया कौन-सा डेटा प्लान खरीदना चाहेंगे?",3,2
yes, हां,2,0
"Awesome! Thank you for reaching out to us, hope you'll have a great day ahead!"," बहुत बढ़िया! हमसे संपर्क करने के लिए धन्यवाद, आशा है कि आगे आपका दिन बहुत अच्छा रहेगा!",3,2
Sure! Please allow me a moment to proceed further., ज़रूर! कृपया मुझे आगे बढ़ने के लिए एक क्षण का समय दें।,3,0
MY INTERNET BILL IS TOO HIGH, मेरा इंटरनेट बिल बहुत अधिक है,2,1
Thank you. May I also know the zip code associated to your city?,शुक्रिया। क्या मैं आपके शहर से जुड़ा ज़िप कोड भी जान सकता हूँ?,3,0
Absolutely! Could you please help me with your city and it's pin code?, बिल्कुल! क्या आप कृपया अपने शहर और उसके पिन कोड के बारे में मेरी मदद कर सकते हैं?,3,0
Sure thing! Could you please confirm the city and it's zip code?, अवश्य! क्या आप कृपया शहर और उसके ज़िप कोड की पुष्टि कर सकते हैं?,3,0
I am looking for 5 GB data plan., मैं 5 जीबी डेटा प्लान की तलाश में हूं।,1,0
yes okay that's all right, हाँ ठीक है यह ठीक है,2,0
GOA 876545, गोवा 876545,0,0
Hello! How may I help you today?, नमस्ते! आज मैं आपकी कैसे मदद कर सकता हूँ?,3,0
5gb, 5जीबी,0,0
I need to buy 1GB data plan., मुझे 1GB डेटा प्लान खरीदना है।,1,0
i need to sign up in internet connection, मुझे इंटरनेट कनेक्शन में साइन अप करने की आवश्यकता है,1,0
Good morning, सुबह बख़ैर,3,2
"Thank you for sharing the details. We have different data plans like 5GB, 10GB, 1GB. Which one would you like to purchase?"," विवरण साझा करने के लिए धन्यवाद। हमारे पास 5GB, 10GB, 1GB जैसे अलग-अलग डेटा प्लान हैं। आप कौन सा खरीदना चाहेंगे?",3,0
"Sure, I'll be glad to assist you. Could you please help me with the name of the city you reside in and the zip code?"," ज़रूर, मुझे आपकी सहायता करने में खुशी होगी। क्या आप कृपया मुझे उस शहर के नाम और ज़िप कोड के बारे में बता सकते हैं जिसमें आप रहते हैं?",3,0
I WANT TO PURCHASE INTERNET, मुझे इंटरनेट खरीदना है,1,0
YES., हां।,2,2
Awesome! I'd be glad to help you with that. May I know the name of your city please?, बहुत बढ़िया! मुझे इसमें आपकी मदद करने में खुशी होगी। क्या मैं आपके शहर का नाम जान सकता हूँ?,3,2
$75 per month, $75 प्रति माह,0,0
I NEED NEW CABLE CONNECTION DISCOUNTS, मुझे नई केबल कनेक्शन छूट चाहिए,1,1
9.87456E+11,9.87456E+11,0,0
Perfect! 5 GB cable data plan will cost you $4. Should I confirm your subscription for 5 GB cable data plan?, उत्तम! 5 जीबी केबल डेटा प्लान की कीमत आपको $4 होगी। क्या मुझे 5 जीबी केबल डेटा प्लान के लिए आपकी सदस्यता की पुष्टि करनी चाहिए?,3,2
Hello there! You're talking to the customer executive. How may I help you today?, नमस्ते! आप ग्राहक कार्यकारी से बात कर रहे हैं। आज मैं आपकी कैसे मदद कर सकता हूँ?,3,0
l like it 5gb, मुझे यह पसंद है,2,2
"Of course, we do have cable and phone service available. Would you like to subscribe for any other service? ","बेशक, हमारे पास केबल और फोन सेवा उपलब्ध है। क्या आप किसी अन्य सेवा के लिए सदस्यता लेना चाहेंगे?",3,0
"You're Welcome! Have a good day, hope to assist you in the future as well. Goodbye!"," आपका स्वागत है! आपका दिन शुभ हो, भविष्य में भी आपकी सहायता करने की आशा है। अलविदा!",3,2
Thank you. May I also know the zip code associated to your city?,शुक्रिया। क्या मैं आपके शहर से जुड़ा ज़िप कोड भी जान सकता हूँ?,3,0
Ok.  I think we are done mow., ठीक। मुझे लगता है कि हम मावे कर रहे हैं।,3,0
my city name is chennai and my zip code is 625109, मेरे शहर का नाम चेन्नई है और मेरा ज़िप कोड 625109 . है,2,0
Wonderful! I had a good time assisting you. Have a nice day. Bye., अद्भुत! मेरे पास आपकी सहायता करने का अच्छा समय था। आपका दिन शुभ हो। अलविदा।,3,2
It was a pleasure to assist you today. Have a great day!, आज आपकी सहायता करके खुशी हुई। आपका दिन अच्छा रहे!,3,2
"Perfect! The monthly charges for 10 GB cable data plan is $10. Since you are our new customer, we would like to offer you a promotional discount of 10% off your first payment. Would you like to confirm your subscription for 10 GB cable data plan?"," उत्तम! 10 जीबी केबल डेटा प्लान का मासिक शुल्क $10 है। चूंकि आप हमारे नए ग्राहक हैं, इसलिए हम आपको आपके पहले भुगतान पर 10% की प्रचार छूट देना चाहेंगे। क्या आप 10 जीबी केबल डेटा प्लान के लिए अपनी सदस्यता की पुष्टि करना चाहेंगे?",3,2
"Awesome! Thank you for reaching out to us, hope you'll have a great day ahead! "," बहुत बढ़िया! हमसे संपर्क करने के लिए धन्यवाद, आशा है कि आगे आपका दिन बहुत अच्छा रहेगा!",3,2
Thank you and may I also know the zip code associated to your city please?, धन्यवाद और क्या मैं आपके शहर से जुड़ा ज़िप कोड भी जान सकता हूं?,3,0
65656,65656,0,0
I WANT A NEW CABLE SERVICE, मुझे एक नई केबल सेवा चाहिए,1,1
Perfect! May I please know which data plan would you like to purchase?, उत्तम! क्या मैं कृपया जान सकता हूँ कि आप कौन सा डेटा प्लान खरीदना चाहेंगे?,3,2
"I'm glad that was helpful, is thre anything else I may help you with? "," मुझे खुशी है कि यह मददगार था, क्या मैं आपकी कुछ और मदद कर सकता हूं?",3,2
hi, नमस्ते,2,0
I prefer to have 10 GB plan .Hope this could give access to all channels., मैं 10 जीबी प्लान लेना पसंद करता हूं। उम्मीद है कि यह सभी चैनलों तक पहुंच प्रदान कर सकता है।,2,0
5 Gb, 5 जीबी,0,0
IT IS 5214-9872-0362-1047, आईटी आईएस 5214-9872-0362-1047,0,0
"Awesome! What type of data plan would you like to purchase out of - 1GB, 5GB and 10GB?","बहुत बढ़िया! 1GB, 5GB और 10GB में से आप किस प्रकार का डेटा प्लान खरीदना चाहेंगे?",3,2
ok thank you, ठीक है धन्यवाद,3,0
I'll help you in getting a new internet connection. May I know the name of the city where you want to set up the internet connection and the zip code of your area?, मैं एक नया इंटरनेट कनेक्शन प्राप्त करने में आपकी सहायता करूंगा। क्या मैं उस शहर का नाम जान सकता हूँ जहाँ आप इंटरनेट कनेक्शन और अपने क्षेत्र का ज़िप कोड स्थापित करना चाहते हैं?,3,0
"Perfect! Just to confirm, We're going to charge you $25.10 per month for 10 GB data plan. Is that okay? "," उत्तम! केवल पुष्टि करने के लिए, हम आपसे 10 जीबी डेटा प्लान के लिए प्रति माह $25.10 का शुल्क लेने जा रहे हैं। क्या ये ठीक है?",2,2
i would like to sign up for a new service casey, मैं एक नई सेवा केसी के लिए साइन अप करना चाहूंगा,2,0
amazing SSN number is 6549, अद्भुत एसएसएन नंबर 6549 . है,2,0
HELLO, नमस्ते,2,0
Please do reach out to us in case of any further queries. Looking forward to seeing you soon again! Have a great day ahead! Good bye!, कृपया किसी और प्रश्न के मामले में हमसे संपर्क करें। जल्द ही आपको फिर से देखने के लिए उत्सुक हैं! आगे एक महान दिन हो! अलविदा!,3,2
ok, ठीक है,2,0
FLORIDA CITY, फ्लोरिडा शहर,0,0
Sure! I'll help you with that. Could you please provide me the city and the zip code?, ज़रूर! मैं इसमें आपकी मदद करूंगा। क्या आप कृपया मुझे शहर और ज़िप कोड प्रदान कर सकते हैं?,3,0
"Sure, I'll be glad to assist you. Could you please help me with the name of the city you reside in and the zip code?"," ज़रूर, मुझे आपकी सहायता करने में खुशी होगी। क्या आप कृपया मुझे उस शहर के नाम और ज़िप कोड के बारे में बता सकते हैं जिसमें आप रहते हैं?",3,0
thanks, धन्यवाद,2,2
Great! Thanks for helping me with all your details. May I know if you want to buy data plans for business use or personal use?, महान! अपने सभी विवरणों के साथ मेरी मदद करने के लिए धन्यवाद। क्या मैं जान सकता हूँ कि क्या आप व्यावसायिक उपयोग या व्यक्तिगत उपयोग के लिए डेटा प्लान खरीदना चाहते हैं?,3,2
"Hello there, Good morning. How may I assist you today? "," नमस्ते वहाँ, सुप्रभात। आज मैं आपकी मदद किस तरह कर सकता हूँ?",3,0
I need internet service, मुझे इंटरनेट सेवा चाहिए,1,0
internet, इंटरनेट,0,0
"Lovely! To help you further, may I know if you'd like to sign up for cable connection, internet service or phone connection?"," प्यारा! आपकी और मदद करने के लिए, क्या मैं जान सकता हूँ कि क्या आप केबल कनेक्शन, इंटरनेट सेवा या फ़ोन कनेक्शन के लिए साइन अप करना चाहते हैं?",3,2
Sure! Thank you for giving us a chance to serve you. Could you please help me with your city name and the zip code?, ज़रूर! हमें आपकी सेवा करने का मौका देने के लिए धन्यवाद। क्या आप कृपया मुझे अपने शहर के नाम और ज़िप कोड के साथ मदद कर सकते हैं?,3,2
"California City, 2458945."," कैलिफोर्निया सिटी, 2458945।",0,0
5.22684E+11,5.22684E+11,0,0
Amazing!, अद्भुत!,2,2
yes, हां,2,0
Please elaborate your query., कृपया अपनी क्वेरी विस्तृत करें।,2,0
hai, हाय,2,0
4.51303E+11,4.51303E+11,0,0
"I'll definitely help you out in this regards! Firstly could I have your name and email id please? 
",मैं निश्चित रूप से इस संबंध में आपकी मदद करूंगा! सबसे पहले क्या मुझे आपका नाम और ईमेल आईडी मिल सकती है?,3,0
I thnk 5 GB could be better option., मुझे लगता है कि 5 जीबी बेहतर विकल्प हो सकता है।,2,0
I hope we are connected?, मुझे आशा है कि हम जुड़े हुए हैं?,2,0
"OK, NO THANKS"," ठीक है, नहीं धन्यवाद",3,1
hai, हाय,2,0
"
No..Thanks for helping me", नहीं..मेरी मदद करने के लिए धन्यवाद,3,0
2101,2101,0,0
HI GOOD MORNING, हाय सुप्रभात,3,0
"Great! As you know we serve different services, we have cable service, internet service, phone service. May I know which service type you'd like to purchase? "," महान! जैसा कि आप जानते हैं कि हम विभिन्न सेवाओं की सेवा करते हैं, हमारे पास केबल सेवा, इंटरनेट सेवा, फोन सेवा है। क्या मैं जान सकता हूँ कि आप किस प्रकार की सेवा खरीदना चाहेंगे?",3,2
All right. 5 GB data plan costs you 10$. Would you like to purchase it?, ठीक है। 5 जीबी डेटा प्लान की कीमत आपको 10 डॉलर है। क्या आप इसे खरीदना चाहेंगे?,3,0
ok thanks, ठीक है धन्यवाद,3,0
"Awesome! Thank you for reaching out to us, hope you'll have a great day ahead! "," बहुत बढ़िया! हमसे संपर्क करने के लिए धन्यवाद, आशा है कि आगे आपका दिन बहुत अच्छा रहेगा!",3,2
no, नहीं,1,1
"I appreciate your patience in staying connected. I'd like to inform you that, I've upgraded your 1 GB service to 10 GB. You will be notified about the same through an email. And, will be activated from next month. Is that okay?"," मैं जुड़े रहने में आपके धैर्य की सराहना करता हूं। मैं आपको सूचित करना चाहता हूं कि, मैंने आपकी 1 जीबी सेवा को 10 जीबी में अपग्रेड कर दिया है। आपको एक ईमेल के माध्यम से उसी के बारे में सूचित किया जाएगा। और, अगले महीने से सक्रिय हो जाएगा। क्या ये ठीक है?",3,2
Thank you for contacting us. I hope you have a great day ahead. Bye!, हमसे संपर्क करने के लिए धन्यवाद। मुझे आशा है कि आपके लिए आगे एक अच्छा दिन होगा। अलविदा!,3,2
"That's a great choice! You can use it for one month. We offer a one month free subscription for our new customers. If you like our services, you can make a payment of $125 only for 10 GB data plan to continue our services from the second month. I hope that's a great offer for you.","यह एक बढ़िया विकल्प है! इसे आप एक महीने तक इस्तेमाल कर सकते हैं। हम अपने नए ग्राहकों के लिए एक महीने की निःशुल्क सदस्यता प्रदान करते हैं। यदि आप हमारी सेवाओं को पसंद करते हैं, तो आप दूसरे महीने से हमारी सेवाओं को जारी रखने के लिए केवल 10 जीबी डेटा योजना के लिए $125 का भुगतान कर सकते हैं। मुझे उम्मीद है कि यह आपके लिए बहुत अच्छा ऑफर है।",2,2
Awesome! I'll help you with that. May I know the name of your city please?, बहुत बढ़िया! मैं इसमें आपकी मदद करूंगा। क्या मैं आपके शहर का नाम जान सकता हूँ?,3,2
"huntsville 35801 thru 99524
", हंट्सविल 35801 से 99524,0,0
hai, हाय,2,0
"I want to purchase new cable, internet or phone service. "," मैं नई केबल, इंटरनेट या फोन सेवा खरीदना चाहता हूं।",1,0
yes perfect. may i know the price for this plan?, हां बढ़िया। क्या मैं इस योजना की कीमत जान सकता हूँ?,3,2
10 GB, 10 जीबी,0,0
like to purchase cable service, केबल सेवा खरीदना पसंद करते हैं,2,0
"We have three data plans 1 GB, 5 GB and 10 GB. I suggest you go for the 10 Gb plan as it is the best and the fastest. What do you say?"," हमारे पास तीन डेटा प्लान 1 जीबी, 5 जीबी और 10 जीबी हैं। मेरा सुझाव है कि आप 10 जीबी प्लान चुनें क्योंकि यह सबसे अच्छा और सबसे तेज है। क्यों भाई क्या कहते हो?",3,0
10GB, 10जीबी,0,0
"That's a lovely place! I'd like to inform you that in your city and area we offer 1Gb data plan, 5Gb data plan and 10Gb data plan for the cable service. May I know which one would you prefer? "," वह एक प्यारी जगह है! मैं आपको सूचित करना चाहता हूं कि आपके शहर और क्षेत्र में हम केबल सेवा के लिए 1Gb डेटा प्लान, 5Gb डेटा प्लान और 10Gb डेटा प्लान प्रदान करते हैं। क्या मैं जान सकता हूँ कि आप किसे पसंद करेंगे?",3,2
89562,89562,0,0
Good morning! You've reached Net Link Media/Cable Services. How may I help you today?, सुबह बख़ैर! आप नेट लिंक मीडिया/केबल सेवाओं तक पहुंच गए हैं। आज मैं आपकी कैसे मदद कर सकता हूँ?,3,0
hello, नमस्ते,2,0
10gb, 10जीबी,0,0
I would like to purchase Internet., मुझे इंटरनेट खरीदना है।,2,0
I LIKE TO 1GB, मुझे 1GB पसंद है,2,0
5 gb, 5 जीबी,0,0
Hello sir, नमस्ते महोदय,3,0
Thank you for contacting us. I hope you have a great day ahead. Bye!, हमसे संपर्क करने के लिए धन्यवाद। मुझे आशा है कि आपके लिए आगे एक अच्छा दिन होगा। अलविदा!,3,2
Amazing! Please allow me a moment to proceed further., अद्भुत! कृपया मुझे आगे बढ़ने के लिए एक क्षण का समय दें।,3,2
I apologize. Could you please specify the service that you'd like to purchase?,मैं क्षमाप्रार्थी हूं। क्या आप कृपया वह सेवा निर्दिष्ट कर सकते हैं जिसे आप खरीदना चाहते हैं?,3,0
Thank you! Could you now check if the green light on the device is blinking or not and I will assist you accordingly, आपको धन्यवाद! क्या अब आप जांच सकते हैं कि डिवाइस पर हरी बत्ती झपक रही है या नहीं और मैं तदनुसार आपकी सहायता करूंगा,3,0
All right. I've initiated a request for the 5GB data plan. You would be receiving a confirmation message regarding this along with the payment link. Is there anything else I may help you with?, ठीक है। मैंने 5GB डेटा प्लान के लिए एक अनुरोध शुरू किया है। आपको भुगतान लिंक के साथ इस संबंध में एक पुष्टिकरण संदेश प्राप्त होगा। क्या कुछ और है जिसमें मैं आपकी मदद कर सकता हूं?,3,0
Sure! I'd be glad to help you in this regard. May I know the name of the city you live in and it's zip code?, ज़रूर! मुझे इस संबंध में आपकी मदद करने में खुशी होगी। क्या मैं उस शहर का नाम जान सकता हूँ जिसमें आप रहते हैं और उसका ज़िप कोड है?,3,0
Thank you Kavi! May I also know the last four digits of your SSN please?, धन्यवाद कवि! क्या मैं आपके SSN के अंतिम चार अंक भी जान सकता हूँ?,3,0
Good morning! You've reached Net link Media/Cable Services. How may I help you today?, सुबह बख़ैर! आप नेट लिंक मीडिया/केबल सेवाओं पर पहुंच गए हैं। आज मैं आपकी कैसे मदद कर सकता हूँ?,3,0
hai, हाय,2,0
i would like the 10gb, मुझे 10gb . चाहिए,2,0
"Okay. If you need anything, I'm here to help."," ठीक। अगर आपको किसी चीज की जरूरत है, तो मैं यहां मदद के लिए हूं।",2,2
"Sure! I would need the name of your city you are located at? 
", ज़रूर! मुझे आपके उस शहर का नाम चाहिए जहां आप स्थित हैं?,2,0
"thank you,good bye", शुक्रिया अलविदा,3,0
"No Thanks, I feel i got all quiries."," नहीं धन्यवाद, मुझे लगता है कि मेरे पास सभी प्रश्न हैं।",3,0
"You're Welcome! Have a great day, hope to assist you again. Goodbye!"," आपका स्वागत है! आपका दिन शुभ हो, आशा है कि आप फिर से मदद करेंगे। अलविदा!",3,2
I think 5 GB is enough for my use. So please gohead and confirm that plan., मुझे लगता है कि मेरे उपयोग के लिए 5 जीबी पर्याप्त है। तो कृपया आगे बढ़ें और उस योजना की पुष्टि करें।,3,0
"Good Morning, Thank you for contacting our live chat service, how may I help you today?"," सुप्रभात, हमारी लाइव चैट सेवा से संपर्क करने के लिए धन्यवाद, मैं आज आपकी कैसे मदद कर सकता हूं?",3,0
"Hello, you're connected to Continental cable customer service. How may I assist you today?","नमस्कार, आप कॉन्टिनेंटल केबल ग्राहक सेवा से जुड़े हैं। आज मैं आपकी मदद किस तरह कर सकता हूँ?",3,0
MADURAI 625019, मदुरै 625019,0,0
Definitely!*, निश्चित रूप से!*,2,0
CHICAGO CITY, शिकागो शहर,2,0
The speed would be 12 Mbps and the price is just $50 a month., स्पीड 12 एमबीपीएस होगी और कीमत सिर्फ 50 डॉलर प्रति माह है।,1,2
Sounds perfect! Please allow me a moment to proceed further., यह बढ़िया है! कृपया मुझे आगे बढ़ने के लिए एक क्षण का समय दें।,2,2
I would like to choose 10 GB plan., मैं 10 जीबी प्लान चुनना चाहूंगा।,2,0
Great! Could you help me with the zip code of New York please?, महान! क्या आप कृपया मुझे न्यूयॉर्क के ज़िप कोड के साथ मदद कर सकते हैं?,3,2
Hello and Good Morning! How may I assist you today?, नमस्ते और सुप्रभात! आज मैं आपकी मदद किस तरह कर सकता हूँ?,3,0
Amazing! Please allow me a moment to proceed further., अद्भुत! कृपया मुझे आगे बढ़ने के लिए एक क्षण का समय दें।,3,2
jaws, जबड़े,0,0
i want to purchase new cable, मुझे नया केबल खरीदना है,1,0
"Sure thing! May I know which service do you want, cable or internet or phone?"," अवश्य! क्या मैं जान सकता हूं कि आपको कौन सी सेवा चाहिए, केबल या इंटरनेट या फोन?",2,0
yes, हां,2,0
I am connecting with you., मैं आपके साथ जुड़ रहा हूं।,1,0
"Thank you! since you've mentioned you would like to go ahead the internet service. We have three packages to offer, (1GB, 5 GB, 10 GB) which are $5, $10 and $20 respectively so could you please go ahead and choose a packages for yourself please?"," आपको धन्यवाद! चूंकि आपने उल्लेख किया है कि आप इंटरनेट सेवा को आगे बढ़ाना चाहेंगे। हमारे पास पेश करने के लिए तीन पैकेज हैं, (1GB, 5GB, 10GB) जो क्रमशः $5, $10 और $20 हैं, तो क्या आप कृपया आगे बढ़ सकते हैं और अपने लिए एक पैकेज चुन सकते हैं?",3,0
THATS IT.., यह बात है..,0,0
5 gb, 5 जीबी,0,0
ok thanks, ठीक है धन्यवाद,3,0
"Thank you! May I know which data plan would you like to go for (1 GB, 5 GB and 10 GB). The prices are $3, $5 and $7 respectively. "," आपको धन्यवाद! क्या मुझे पता है कि आप किस डेटा प्लान (1 जीबी, 5 जीबी और 10 जीबी) के लिए जाना पसंद करेंगे। कीमतें क्रमशः $ 3, $ 5 और $ 7 हैं।",3,0
Perfect! May I please know which data plan would you like to purchase?, उत्तम! क्या मैं कृपया जान सकता हूँ कि आप कौन सा डेटा प्लान खरीदना चाहेंगे?,3,2
i want new internet service,मुझे नई इंटरनेट सेवा चाहिए,1,0
10 GB, 10 जीबी,0,0
Hello! Welcome to AT&T Customer Service. How may I assist you today?, नमस्ते! एटी एंड टी ग्राहक सेवा में आपका स्वागत है। आज मैं आपकी मदद किस तरह कर सकता हूँ?,3,0
ok no thanks, ठीक है नहीं धन्यवाद,3,1
hai, हाय,2,0
"Good evening! Welcome to Fastnet Cable customer service, I'm Cameron. How may I help you?"," सुसंध्या! Fastnet Cable ग्राहक सेवा में आपका स्वागत है, मैं कैमरून हूँ। क्या मेरे द्वारा आपकी कोई सहायता हो सकती है?",3,0
"Hello, you're connected to Continental cable customer service. How may I assist you today?","नमस्कार, आप कॉन्टिनेंटल केबल ग्राहक सेवा से जुड़े हैं। आज मैं आपकी मदद किस तरह कर सकता हूँ?",3,0
"Hello, you're connected to Star cable customer service. How may I assist you today?"," नमस्कार, आप स्टार केबल ग्राहक सेवा से जुड़े हैं। आज मैं आपकी मदद किस तरह कर सकता हूँ?",3,0
Hi there! Welcome to Star cable customer care. How may I help you?, नमस्ते! स्टार केबल कस्टमर केयर में आपका स्वागत है। क्या मेरे द्वारा आपकी कोई सहायता हो सकती है?,3,0
Hai Good Morning..I am interested in purchase a new cable service.Can you help me?, हाई गुड मॉर्निंग..मुझे एक नई केबल सेवा खरीदने में दिलचस्पी है।क्या आप मेरी मदद कर सकते हैं?,3,0
"Superb! Could you please provide the information regarding the plan you'd opt in 1 GB, 5 GB and 10 GB?"," शानदार! क्या आप कृपया उस योजना के बारे में जानकारी प्रदान कर सकते हैं जिसे आप 1 जीबी, 5 जीबी और 10 जीबी में चुनते हैं?",3,2
OK, ठीक है,2,0
like to purchase  internet, इंटरनेट खरीदना पसंद है,2,0
yes, हां,2,0
Perfect! Is there anything else that I may help you with?, उत्तम! क्या कुछ और है जिसमें मैं आपकी मदद कर सकता हूं?,3,2
My city name is California and zip code is 90001., मेरे शहर का नाम कैलिफ़ोर्निया है और ज़िप कोड 90001 है।,1,0
Fantastic! The 1 GB will be now activated and it will cost you $5 on monthly basis including all taxes.  Anything else that I may help you with?, ज़बरदस्त! 1 जीबी अब सक्रिय हो जाएगा और सभी करों सहित मासिक आधार पर इसकी कीमत 5 डॉलर होगी। कुछ और जिससे मैं आपकी मदद कर सकूं?,3,2
Fantastic! I've confirmed your internet connection with Net Link services. Our executives will reach you within 48hrs for the installation. Would there be anything else that I may help you with?, ज़बरदस्त! मैंने नेट लिंक सेवाओं के साथ आपके इंटरनेट कनेक्शन की पुष्टि की है। स्थापना के लिए हमारे अधिकारी 48 घंटे के भीतर आप तक पहुंचेंगे। क्या कुछ और होगा जिससे मैं आपकी मदद कर सकूं?,3,2
"Vinod, May I know where your live and also please help me with the zip code of your area? ","विनोद, क्या मैं जान सकता हूं कि आप कहां रहते हैं और कृपया अपने क्षेत्र के ज़िप कोड के साथ मेरी मदद करें?",3,0
ambani56@gmil.com, ambani56@gmil.com,0,0
You're welcome. Is there anything else I could help you with?, आपका स्वागत है। क्या कुछ और है जिसमें मैं आपकी मदद कर सकता हूं?,2,2
Thank You. I think that the 5gb plan would be good for me., शुक्रिया। मुझे लगता है कि 5GB वाला प्लान मेरे लिए अच्छा रहेगा.,3,0
i am living city atlanta and zipcode 30301, मैं शहर अटलांटा और ज़िपकोड 30301 जी रहा हूँ,1,0
hai, हाय,2,0
" i want to purchase new cable,"," मैं नई केबल खरीदना चाहता हूँ,",1,0
"Alright! Which data plan would you like to purchase? We have 1 GB, 5 GB, 10 GB available as of now. You can use the data plan according to your preferences."," ठीक है! आप कौन सा डेटा प्लान खरीदना चाहेंगे? हमारे पास अभी तक 1 जीबी, 5 जीबी, 10 जीबी उपलब्ध है। आप अपनी पसंद के अनुसार डेटा प्लान का उपयोग कर सकते हैं।",3,0
"Awesome! Thanks for contacting us. We are always here at your service. May I know your city name and zip code, please? "," बहुत बढ़िया! हमे संपर्क करने के लिए धन्यवाद। हम हमेशा आपकी सेवा में यहां हैं। क्या मैं आपके शहर का नाम और ज़िप कोड जान सकता हूँ, कृपया?",3,2
"Awesome! Thank you so much for reaching out to us, hope you'll have a great day ahead! "," बहुत बढ़िया! हमसे संपर्क करने के लिए आपका बहुत-बहुत धन्यवाद, आशा है कि आपका आने वाला दिन बहुत अच्छा होगा!",3,2
Thank you very much, आपका बहुत बहुत धन्यवाद,3,2
"I appreciate your patience. Under cable service we are offering three data plans, they are 1 GB, 5 GB and 10 GB. You can pick one based on your usage pattern and also the price may vary."," मैं आपके धैर्य की सराहना करता हूँ। केबल सेवा के तहत हम तीन डेटा प्लान पेश कर रहे हैं, वे 1 जीबी, 5 जीबी और 10 जीबी हैं। आप अपने उपयोग पैटर्न के आधार पर एक चुन सकते हैं और कीमत भी भिन्न हो सकती है।",3,2
hi, नमस्ते,2,0
Great choice I must say. We will charge $20per month. Is that okay with you?, बढ़िया विकल्प मुझे कहना होगा। हम प्रति माह $20 चार्ज करेंगे। क्या आपके आपके लिए सही है?,3,2
"Great! I'd request you to help me with these details - name, email address and house address"," महान! मैं आपसे इन विवरणों के साथ मेरी मदद करने का अनुरोध करता हूं - नाम, ईमेल पता और घर का पता",3,2
Would you want me to confirm this plan for you?,क्या आप चाहते हैं कि मैं आपके लिए इस योजना की पुष्टि करूं?,3,0
"Thank you! For the internet packages we have  (1GB, 5 GB, 10 GB) which are $5, $10 and $29 respectively. Could you now please go ahead and choose a package for yourself?"," आपको धन्यवाद! इंटरनेट पैकेज के लिए हमारे पास (1GB, 5GB, 10GB) हैं जो क्रमशः $5, $10 और $29 हैं। क्या अब आप कृपया आगे बढ़ सकते हैं और अपने लिए एक पैकेज चुन सकते हैं?",3,2
i like to purchase a new internet connection service, मुझे एक नई इंटरनेट कनेक्शन सेवा खरीदना पसंद है,2,0
Service *, सेवा *,0,0
"Awesome! For the cable service we have 1 GB, 5 GB and 10 GB data plans. May I know which data plan you'd like to purchase?"," बहुत बढ़िया! केबल सर्विस के लिए हमारे पास 1 जीबी, 5 जीबी और 10 जीबी डेटा प्लान हैं। क्या मैं जान सकता हूँ कि आप कौन-सा डेटा प्लान खरीदना चाहेंगे?",3,2
"Sir, Like I already mentioned the price of the plan is $20 per month which is inclusive of all the taxes and there are no installation charges because you are signing up as our new customer and it would be done free of cost."," महोदय, जैसा कि मैंने पहले ही उल्लेख किया है कि योजना की कीमत $20 प्रति माह है जिसमें सभी कर शामिल हैं और कोई स्थापना शुल्क नहीं है क्योंकि आप हमारे नए ग्राहक के रूप में साइन अप कर रहे हैं और यह मुफ़्त किया जाएगा।",3,2
"Awesome! Thank you for the details. We offer 1 GB, 5 GB and 10 GB data plans for our cable service. Which one of these are you looking for?"," बहुत बढ़िया! विवरण के लिए धन्यवाद। हम अपनी केबल सेवा के लिए 1 जीबी, 5 जीबी और 10 जीबी डेटा प्लान पेश करते हैं। आप इनमें से किसकी तलाश कर रहे हैं?",3,2
Sure thing! I'd be glad to help you in this regard. May I know your full name and the last 4 digits of your SSN number?, अवश्य! मुझे इस संबंध में आपकी मदद करने में खुशी होगी। क्या मैं आपका पूरा नाम और आपके SSN नंबर के अंतिम 4 अंक जान सकता हूँ?,3,0
Incase i have any issues i will contact customer care., अगर मुझे कोई समस्या है तो मैं कस्टमर केयर से संपर्क करूंगा।,0,0
5gb, 5जीबी,0,0
OHIO, ओहियो,2,0
What service would you like to purchase (Internet/Cable/Phone)??,आप कौन सी सेवा खरीदना चाहेंगे (इंटरनेट/केबल/फोन) ??,3,0
"743 Lantern St. 
Windsor Mill, MD 21244"," 743 लालटेन सेंट विंडसर मिल, एमडी 21244",0,0
no, नहीं,1,1
Good morning! You've reached Net link Media/Cable Services. How may I help you today?, सुबह बख़ैर! आप नेट लिंक मीडिया/केबल सेवाओं पर पहुंच गए हैं। आज मैं आपकी कैसे मदद कर सकता हूँ?,3,0
GOA 567987, गोवा 567987,0,0
i like to conform and pay the amount, मुझे अनुरूप होना और राशि का भुगतान करना पसंद है,2,0
Nothing else,और कुछ नहीं,2,0
"Hello! You've been connected to Zoom cable services, may I know how may I help you?"," नमस्ते! आप ज़ूम केबल सेवाओं से जुड़े हुए हैं, क्या मैं जान सकता हूँ कि मैं आपकी कैसे मदद कर सकता हूँ?",3,0
OK, ठीक है,2,0
"All right! Just to confirm, The fare for 10 GB data plan is $75.60 (including taxes) per month. Is that okay with you?"," ठीक है! बस पुष्टि करने के लिए, 10 जीबी डेटा प्लान का किराया $75.60 (करों सहित) प्रति माह है। क्या आपके आपके लिए सही है?",2,0
delhi, दिल्ली,2,0
One moment please, कृपया एक क्षण,2,0
MY CITY IS PUNE, मेरा शहर पुणे है,1,0
"Ok, I wait for your information. "," ठीक है, मैं आपकी जानकारी की प्रतीक्षा कर रहा हूँ।",2,0
5GB IS ENOUGH FOR MY USAGE BUT WHATS THE PRICE FOR A MONTH, 5GB मेरे उपयोग के लिए पर्याप्त है लेकिन एक महीने की कीमत क्या है?,1,0
I'm glad to be assisting you today. Welcome to the AT&T Family. Have an amazing day., मुझे आज आपकी सहायता करने में खुशी हो रही है। एटी एंड टी परिवार में आपका स्वागत है। आपका दिन सुखद हो।,3,2
NO THANKS," जी नहीं, धन्यवाद",3,1
Hello, नमस्ते,2,0
MADURAI, मदुरै,0,0
"CITY - LUCKNOW , ZIP CODE - 820064"," शहर - लखनऊ, ज़िप कोड - 820064",1,0
Is there anything else I could assist you with for today?, क्या कुछ और है जो मैं आज के लिए आपकी सहायता कर सकता हूँ?,2,0
5 gb data plan sir..., 5 जीबी डेटा प्लान सर...,0,0
"Thank you! Now could you please go ahead and choose a service from (cable, internet and phone) and we can go ahead and create and account on your name and help you access your service. "," आपको धन्यवाद! अब क्या आप कृपया आगे बढ़ सकते हैं और (केबल, इंटरनेट और फोन) से एक सेवा चुन सकते हैं और हम आगे बढ़ सकते हैं और आपके नाम पर खाता बना सकते हैं और आपकी सेवा तक पहुंचने में आपकी सहायता कर सकते हैं।",3,2
CHENNAI 600100, चेन्नई 600100,0,0
Welcome to Y-Link customer service. How may I help you today?, वाई-लिंक ग्राहक सेवा में आपका स्वागत है। आज मैं आपकी कैसे मदद कर सकता हूँ?,2,0
That's a perfect choice. You can avail 1 GB cable data plan as soon as you complete the subscription process. Would you like to know anything about our data plans?,यह एकदम सही विकल्प है। सब्सक्रिप्शन प्रक्रिया पूरी करते ही आप 1 जीबी केबल डेटा प्लान का लाभ उठा सकते हैं। क्या आप हमारे डेटा प्लान के बारे में कुछ जानना चाहेंगे?,3,2
"Thank you for staying connected, our executives will reach out to you for further concerns. Please give us 2-3 business days for the installation. Will that be fine with you?"," जुड़े रहने के लिए धन्यवाद, आगे की चिंताओं के लिए हमारे अधिकारी आपसे संपर्क करेंगे। कृपया हमें स्थापना के लिए 2-3 कार्यदिवस दें। क्या यह आपके साथ ठीक रहेगा?",3,0
"Surely, I'll do my best to help you with it. Could you help me with the city and the zip code?"," निश्चित रूप से, मैं इसमें आपकी मदद करने की पूरी कोशिश करूंगा। क्या आप शहर और ज़िप कोड के बारे में मेरी मदद कर सकते हैं?",2,0
Hello, नमस्ते,2,0
Hello! Thanks for contacting Star cable customer service. How may I assist you today?, नमस्ते! स्टार केबल ग्राहक सेवा से संपर्क करने के लिए धन्यवाद। आज मैं आपकी मदद किस तरह कर सकता हूँ?,3,0
CITY NAME : MADURAI, शहर का नाम : मदुरै,0,0
yes, हां,2,0
Sure. I'm glad I could help. Thank you for reaching out to us. Good day!, ज़रूर। मैं खुश हूं कि मैं मदद कर सका। हमसे संपर्क की पहल के लिए आपका धन्यवाद। अच्छा दिन!,3,2
"Awesome! Thank you for the details. We have 1 GB, 5 GB and 10 GB data plans for our internet service. Which one of these are you looking for?
"," बहुत बढ़िया! विवरण के लिए धन्यवाद। हमारी इंटरनेट सेवा के लिए हमारे पास 1 जीबी, 5 जीबी और 10 जीबी डेटा प्लान हैं। आप इनमें से किसकी तलाश कर रहे हैं?",3,2
"Good morning, you're connected to AT&T Customer Service. How can I be of help to you?"," सुप्रभात, आप एटी एंड टी ग्राहक सेवा से जुड़े हैं। मैं आपकी किस प्रकार सहायता कर सकता हूँ?",3,0
internet, इंटरनेट,0,0
pollo32548, पोलो32548,0,0
platinum, प्लैटिनम,0,0
"Thanks for sharing your details with me. You said you need a Internet plan. We've functionality data plans, namely 1 GB, 5 GB and 10 GB. Which one you'd like to buy?
","अपना विवरण मेरे साथ साझा करने के लिए धन्यवाद। आपने कहा था कि आपको इंटरनेट योजना की आवश्यकता है। हमारे पास कार्यात्मक डेटा योजनाएं हैं, अर्थात् 1 जीबी, 5 जीबी और 10 जीबी। आप कौन सा खरीदना चाहेंगे?",3,0
1GB, 1GB,0,0
"Thank you for all the details, you're now a part of Act fiber net service. Will there be anything else I may help you with? "," सभी विवरणों के लिए धन्यवाद, अब आप एक्ट फाइबर नेट सेवा का हिस्सा हैं। क्या कुछ और होगा जिसमें मैं आपकी मदद कर सकूं?",3,2
4564,4564,0,0
Great! Would there be anything else apart from this I may assist you with today?, महान! क्या इसके अलावा और कुछ होगा जिसमें मैं आज आपकी सहायता कर सकता हूँ?,3,2
"Yes, City is Denver and the zip code is 80210"," हाँ, शहर डेनवर है और पिन कोड 80210 . है",2,0
Awesome! I'll help you with that. May I know the name of your city please?, बहुत बढ़िया! मैं इसमें आपकी मदद करूंगा। क्या मैं आपके शहर का नाम जान सकता हूँ?,3,2
OK, ठीक है,2,0
"Ok, great. Thanks so much.", ठीक है अच्छा है। बहुत बहुत धन्यवाद।,3,2
Perfect! I'll confirm the plan of 5 GB for the cable service to you. Is there anything else that I may help you with?, उत्तम! मैं आपको केबल सेवा के लिए 5 जीबी की योजना की पुष्टि करूंगा। क्या कुछ और है जिसमें मैं आपकी मदद कर सकता हूं?,3,2
I am interested in purchasing new cable service.Can you help me?, मुझे नई केबल सेवा खरीदने में दिलचस्पी है।क्या आप मेरी मदद कर सकते हैं?,3,0
"Great! The plans in cable services we have serve are: basic ($50 per month - 50 channels), premium ($75 per month - 75 channels), and platinum ($100 per month - all channels)."," महान! हमारे द्वारा प्रदान की जाने वाली केबल सेवाओं में योजनाएं हैं: मूल ($50 प्रति माह - 50 चैनल), प्रीमियम ($75 प्रति माह - 75 चैनल), और प्लैटिनम ($100 प्रति माह - सभी चैनल)।",3,2
"Surely, please stay connected while I register you for this service."," निश्चित रूप से, जब तक मैं आपको इस सेवा के लिए पंजीकृत करता हूं, कृपया जुड़े रहें।",3,0
no thanks," जी नहीं, धन्यवाद",3,1
Hello! Good morning. Welcome to LMT cable services. How may I help you today?, नमस्ते! सुबह बख़ैर। एलएमटी केबल सेवाओं में आपका स्वागत है। आज मैं आपकी कैसे मदद कर सकता हूँ?,3,0
Good morning! You've reached Net link Media/Cable Services. How may I help you today?, सुबह बख़ैर! आप नेट लिंक मीडिया/केबल सेवाओं पर पहुंच गए हैं। आज मैं आपकी कैसे मदद कर सकता हूँ?,3,0
That's upsetting! I'll definitely help you find the reason. May I know your full name and your account number?,यह परेशान करने वाला है! मैं निश्चित रूप से कारण खोजने में आपकी मदद करूंगा। क्या मैं आपका पूरा नाम और आपका खाता नंबर जान सकता हूँ?,3,1
You're welcome! Would there be anything else that I may help you with?, आपका स्वागत है! क्या कुछ और होगा जिससे मैं आपकी मदद कर सकूं?,3,2
"I'll let you about that. But, may I kow if you're an existing user or a new user? "," मैं आपको इसके बारे में बताता हूँ। लेकिन, अगर आप मौजूदा उपयोगकर्ता हैं या नए उपयोगकर्ता हैं, तो क्या मैं कह सकता हूं?",1,0
usa, अमेरीका,0,0
Of course! I'll help you with that. May I know the name of your city please?, बेशक! मैं इसमें आपकी मदद करूंगा। क्या मैं आपके शहर का नाम जान सकता हूँ?,3,0
OK, ठीक है,2,0
I want to purchase internet, मुझे इंटरनेट खरीदना है,1,0
"Awesome! Thank you for the details, kindly give me a minute to proceed further. "," बहुत बढ़िया! विवरण के लिए धन्यवाद, कृपया मुझे आगे बढ़ने के लिए एक मिनट दें।",3,2
Nice! May I get your new email address to update in your account?, अच्छा! क्या मुझे आपका नया ईमेल पता आपके खाते में अपडेट करने के लिए मिल सकता है?,3,0
Hello! Welcome to prodesk cable services. How may I help you today?, नमस्ते! प्रोडेस्क केबल सेवाओं में आपका स्वागत है। आज मैं आपकी कैसे मदद कर सकता हूँ?,3,0
5GB, 5GB,0,0
I'll help you in purchasing a cable service. May I know the name of your city and the zip code of your area?, मैं एक केबल सेवा ख़रीदने में आपकी मदद करूँगा। क्या मैं आपके शहर का नाम और आपके क्षेत्र का ज़िप कोड जान सकता हूँ?,3,0
Please feel free to contact us anytime. Thank you for reaching out to us. Have a great day ahead :), कृपया हमसे किसी भी समय निःसंकोच संपर्क करें। हमसे संपर्क की पहल के लिए आपका धन्यवाद। आगे एक महान दिन हो :),3,2
10gb, 10जीबी,0,0
"Fantastic! I've confirmed your new  5 GB internet connection, Our executives will reach you with the installation within 48 hrs. And I've also created an account of yours with Net Link. Further you can check all our plans and discounts from our website i.e www.netlink.com. ","ज़बरदस्त! मैंने आपके नए 5 जीबी इंटरनेट कनेक्शन की पुष्टि की है, हमारे अधिकारी 48 घंटे के भीतर इंस्टॉलेशन के साथ आप तक पहुंच जाएंगे। और मैंने नेट लिंक से आपका अकाउंट भी बनाया है। इसके अलावा आप हमारी वेबसाइट www.netlink.com से हमारी सभी योजनाओं और छूटों की जांच कर सकते हैं।",3,2
Okay, ठीक,2,2
Superb! It was my pleasure assisting a customer like you. Thanks for reaching out to us. We look forward for long and reliable commitment. Have a great day ahead., शानदार! आप जैसे ग्राहक की सहायता करना मेरे लिए खुशी की बात थी। हमसे संपर्क करने के लिए धन्यवाद। हम लंबी और विश्वसनीय प्रतिबद्धता की आशा करते हैं। आगे एक महान दिन हो।,3,2
"Syosset, NY 11791
"," सियोसेट, एनवाई 11791",0,0
OKAY THANKS, ठीक है शुक्रिया,3,2
That's nice! Please allow me a moment to proceed further., यह अच्छा है! कृपया मुझे आगे बढ़ने के लिए एक क्षण का समय दें।,2,2
"I'm so sorry, Please ignore the above message, There is some technical issue with my system. May I know your city name and zip code, please?"," मुझे खेद है, कृपया उपरोक्त संदेश को अनदेखा करें, मेरे सिस्टम में कुछ तकनीकी समस्या है। क्या मैं आपके शहर का नाम और ज़िप कोड जान सकता हूँ, कृपया?",3,1
NEW CABLE SERVICE, नई केबल सेवा,0,0
new location, नया स्थान,0,0
"Awesome! We have 1 GB, 5 GB and 10 GB data plans for our internet services. Which one of these data plans, would you like to sign up for?"," बहुत बढ़िया! हमारी इंटरनेट सेवाओं के लिए हमारे पास 1 जीबी, 5 जीबी और 10 जीबी डेटा प्लान हैं। आप इनमें से किस डेटा प्लान के लिए साइन अप करना चाहेंगे?",3,2
purchase cable service, खरीद केबल सेवा,0,0
Thank you! Please contact us in case of any further queries! We will be glad to help you. Have a great day ahead! Bye!,आपको धन्यवाद! किसी भी अन्य प्रश्न के मामले में कृपया हमसे संपर्क करें! आपकी मदद कर हमें खुशी होगी। आगे एक महान दिन हो! अलविदा!,3,2
"Sure, it's Cookeville, TN 38506"," ज़रूर, यह कुकविले, TN 38506 . है",2,0
"Alright! Thank you for reaching out to us, It was glad assisting you. Have a nice day ahead!"," ठीक है! हमसे संपर्क करने के लिए धन्यवाद, आपकी सहायता करके खुशी हुई। आपका दिन अच्छा हों!",3,2
Thank you for choosing us. I had a great time assisting you. In case you have any queries please feel free to reach out to us. Have a good day!, हमें चुनने के लिए धन्यवाद। मुझे आपकी सहायता करने में बहुत अच्छा लगा। यदि आपके कोई प्रश्न हैं तो कृपया बेझिझक हमसे संपर्क करें। आपका दिन शुभ हो!,3,2
All right. I've initiated a request for the 5GB data plan. You would be receiving a confirmation message regarding this along with the payment link. Is there anything else I may help you with?, ठीक है। मैंने 5GB डेटा प्लान के लिए एक अनुरोध शुरू किया है। आपको भुगतान लिंक के साथ इस संबंध में एक पुष्टिकरण संदेश प्राप्त होगा। क्या कुछ और है जिसमें मैं आपकी मदद कर सकता हूं?,3,0
"My pleasure, Is there anything else I may help you with?"," मेरी खुशी, क्या कुछ और है जिसमें मैं आपकी मदद कर सकता हूं?",3,0
Please feel free to contact us anytime. Thank you for reaching out to us. Have a great day ahead :), कृपया हमसे किसी भी समय निःसंकोच संपर्क करें। हमसे संपर्क की पहल के लिए आपका धन्यवाद। आगे एक महान दिन हो :),3,2
"Thanks for the information. You said you need a internet plan. Which data plan would you like to purchase? We have 1GB, 5GB and 10GB data plans available. It's $25 for 1GB. $40 for 5GB and $60 for 10GB."," सूचना के लिए धन्यवाद। आपने कहा कि आपको इंटरनेट योजना की आवश्यकता है। आप कौन सा डेटा प्लान खरीदना चाहेंगे? हमारे पास 1GB, 5GB और 10GB डेटा प्लान उपलब्ध हैं। यह 1GB के लिए $25 है। 5GB के लिए $40 और 10GB के लिए $60।",3,0
10 GB, 10 जीबी,0,0
OK, ठीक है,2,0
"Thank you for choosing our service! For any query, feel free to call us anytime on our toll free number. We are always here to help you!"," हमारी सेवा चुनने के लिए धन्यवाद! किसी भी प्रश्न के लिए, हमारे टोल फ्री नंबर पर हमें कभी भी कॉल करने में संकोच न करें। हम आपकी मदद करने के लिए हमेशा मौजूद हैं!",3,2
OK, ठीक है,2,0
HI GOOD MORNING, हाय सुप्रभात,3,0
Would there be anything else I  may assist you with?, क्या कुछ और होगा जिसमें मैं आपकी सहायता कर सकूं?,2,0
You're always welcome! Please do reach out to us in case of any further queries. Looking forward to seeing you soon again! Have a great day ahead! Good bye!,आपका हमेशा स्वागत है! कृपया किसी और प्रश्न के मामले में हमसे संपर्क करें। जल्द ही आपको फिर से देखने के लिए उत्सुक हैं! आगे एक महान दिन हो! अलविदा!,3,2
San Diego, सैन डिएगो,0,0
Thanks for sharing your details. What service type would you like to purchase? Is it cable. internet or phone?, अपना विवरण साझा करने के लिए धन्यवाद। आप किस प्रकार की सेवा खरीदना चाहेंगे? क्या यह केबल है। इंटरनेट या फोन?,3,0
no bye, अलविदा नहीं,2,0
Sure thing! Could you please let me know what you'd like to purchase?, अवश्य! क्या आप कृपया मुझे बता सकते हैं कि आप क्या खरीदना चाहते हैं?,3,0
Could you please help me to purchase new cable service,क्या आप कृपया मुझे नई केबल सेवा खरीदने में मदद कर सकते हैं,3,0
Awesome! Could you please help me with your city name and the zip code?, बहुत बढ़िया! क्या आप कृपया मुझे अपने शहर के नाम और ज़िप कोड के साथ मदद कर सकते हैं?,3,2
Sure I am from Little Rock Zip is 72201, निश्चित रूप से मैं लिटिल रॉक जिप से हूं 72201,2,0
Absolutely! I'll do my best to assist you in this regards. Could you share the city and the zip code for me to help you further?, बिल्कुल! मैं इस संबंध में आपकी सहायता करने की पूरी कोशिश करूंगा। क्या आप मेरी मदद करने के लिए शहर और ज़िप कोड साझा कर सकते हैं?,3,2
no thanks," जी नहीं, धन्यवाद",3,1
Alright! Could you please let me know which data plan would you like to  buy?, ठीक है! क्या आप कृपया मुझे बता सकते हैं कि आप कौन सा डेटा प्लान खरीदना चाहेंगे?,3,0
hi, नमस्ते,2,0
hi, नमस्ते,2,0
Good morning! You've reached Net link Media/Cable Services. How may I help you today?, सुबह बख़ैर! आप नेट लिंक मीडिया/केबल सेवाओं पर पहुंच गए हैं। आज मैं आपकी कैसे मदद कर सकता हूँ?,3,0
"That's great! I'll definitely help you with your query. To get the best deals for you, may I know the name of your city and its zip code, please?"," एक दम बढ़िया! मैं निश्चित रूप से आपकी क्वेरी में आपकी मदद करूंगा। आपके लिए सर्वोत्तम सौदे प्राप्त करने के लिए, क्या मैं आपके शहर का नाम और उसका ज़िप कोड जान सकता हूँ, कृपया?",3,2
"Awesome! We have 1 GB, 5 GB and 10 GB data plans for our internet services. Which one of these would you prefer?
"," बहुत बढ़िया! हमारी इंटरनेट सेवाओं के लिए हमारे पास 1 जीबी, 5 जीबी और 10 जीबी डेटा प्लान हैं। आप इनमें से किसे पसंद करेंगे?",3,2
90004 Los Angeles, 90004 लॉस एंजिल्स,0,0
Hello, नमस्ते,2,0
"Awesome! Thank you for the details. We have 1 GB, 5 GB and 10 GB cable data plans. Which one of these are you looking for?"," बहुत बढ़िया! विवरण के लिए धन्यवाद। हमारे पास 1 जीबी, 5 जीबी और 10 जीबी केबल डेटा प्लान हैं। आप इनमें से किसकी तलाश कर रहे हैं?",3,2
Great! May I confirm if all your questions have been answered for the day?, महान! क्या मैं पुष्टि कर सकता हूँ कि क्या उस दिन के लिए आपके सभी प्रश्नों का उत्तर दे दिया गया है?,3,2
85001 thru 85055, 85001 से 85055,0,0
I want to purchase internet, मुझे इंटरनेट खरीदना है,1,0
Always a pleasure! Would there be anything else I may help you with?, हमेशा एक खुशी की बात है! क्या कुछ और होगा जिसमें मैं आपकी मदद कर सकूं?,3,2
No. Thank you so much for your help.," नहीं, आपकी मदद के लिए बहुत-बहुत धन्यवाद।",3,0
no, नहीं,1,1
Have a great day, आपका दिन अच्छा रहे,2,2
My Last 4 digits of SSN number is known as 5576.,SSN नंबर के मेरे अंतिम 4 अंक 5576 के रूप में जाने जाते हैं।,1,0
5GB, 5GB,0,0
We look forward to satisfy our customers in the best way possible. Kindly log onto our website - www.infocable.com ...Good Day!, हम अपने ग्राहकों को सर्वोत्तम संभव तरीके से संतुष्ट करने के लिए तत्पर हैं। कृपया हमारी वेबसाइट - www.infocable.com पर लॉग इन करें ... शुभ दिन!,3,2
How may I help you?, क्या मेरे द्वारा आपकी कोई सहायता हो सकती है?,0,0
"No, we don't charge our customers for cancellation. Would you have any more queries?"," नहीं, हम अपने ग्राहकों से रद्द करने का शुल्क नहीं लेते हैं। क्या आपके पास और प्रश्न होंगे?",3,0
yes, हां,2,0
"Congratulations! I've confirmed your new  1 GB internet services, Our executives will reach you with the installation within 48 hrs. And, you are now part of Net Link services, I've also created an account of yours with Net Link. Further you can check all our plans and discounts from our website i.e www.netlink.com.  "," बधाई हो! मैंने आपकी नई 1 जीबी इंटरनेट सेवाओं की पुष्टि की है, हमारे अधिकारी 48 घंटे के भीतर इंस्टॉलेशन के साथ आप तक पहुंच जाएंगे। और, अब आप नेट लिंक सेवाओं का हिस्सा हैं, मैंने नेट लिंक के साथ आपका खाता भी बनाया है। इसके अलावा आप हमारी वेबसाइट www.netlink.com से हमारी सभी योजनाओं और छूटों की जांच कर सकते हैं।",3,2
5GB, 5GB,0,0
no, नहीं,1,1
Hi, नमस्ते,3,0
i want to purchase new cable service, मैं नई केबल सेवा खरीदना चाहता हूँ,1,0
$50per month-50 chennels, $50प्रति माह-50 चैनल,0,0
I got all information about this data plan., मुझे इस डेटा प्लान के बारे में सारी जानकारी मिली है।,2,0
okay thanks, ठीक है शुक्रिया,3,0
"Nice! I hope I helped you well with your query. I've forwarded your subscription request for 5 GB internet data plan. You will be receiving a confirmation call regarding the same within 24 hours. Thanks for choosing our service. For further queries, feel free to reach out to us. ","अच्छा! मुझे आशा है कि मैंने आपकी क्वेरी के साथ आपकी अच्छी मदद की है। मैंने 5 जीबी इंटरनेट डेटा प्लान के लिए आपका सब्सक्रिप्शन अनुरोध अग्रेषित कर दिया है। आपको 24 घंटे के भीतर उसी के संबंध में एक पुष्टिकरण कॉल प्राप्त होगा। हमारी सेवा चुनने के लिए धन्यवाद। अधिक प्रश्नों के लिए, बेझिझक हमसे संपर्क करें।",3,2
i want new cable service, मुझे नई केबल सेवा चाहिए,1,0
that's great city utah and zip coke 591308, वह महान शहर यूटा और ज़िप कोक है 591308,2,2
hai, हाय,2,0
new cable service, नई केबल सेवा,0,0
"Thank you for choosing our service. For any query, feel free to reach out to us. We are always here to help you."," हमारी सेवा चुनने के लिए धन्यवाद। किसी भी प्रश्न के लिए, बेझिझक हमसे संपर्क करें। हम आपकी मदद करने के लिए हमेशा मौजूद हैं।",3,2
Hey there! Good morning. Welcome to LMT cable services. How may I assist you?,सुनो! सुबह बख़ैर। एलएमटी केबल सेवाओं में आपका स्वागत है। मैं आपकी कैसे सहायता कर सकता हूँ?,3,0
"Hello there, Welcome to D-Link service. How may I help you today? "," नमस्ते, डी-लिंक सेवा में आपका स्वागत है। आज मैं आपकी कैसे मदद कर सकता हूँ?",3,0
Kindly confirm 10 GB plan, कृपया 10 जीबी प्लान की पुष्टि करें,3,0
Please leave your valuable feedback at 386964924. Good bye!, कृपया अपनी बहुमूल्य प्रतिक्रिया 386964924 पर दें। अलविदा!,3,0
That's great! could you share the city you're residing and the zip code?, एक दम बढ़िया! क्या आप उस शहर को साझा कर सकते हैं जिसमें आप रह रहे हैं और उसका पिन कोड साझा कर सकते हैं?,3,2
"Alright!  It was great assisting you, we are always here to help you in any issues relating to cable/media. Goodbye!"," ठीक है! आपकी सहायता करके बहुत अच्छा लगा, केबल/मीडिया से संबंधित किसी भी मुद्दे में आपकी सहायता के लिए हम हमेशा यहां मौजूद हैं। अलविदा!",2,2
Awesome! Would there be anything else apart from this I may assist you with today?, बहुत बढ़िया! क्या इसके अलावा और कुछ होगा जिसमें मैं आज आपकी सहायता कर सकता हूँ?,3,2
Have a nice day and take care. Goodbye :), आपका दिन शुभ हो और अपना ख्याल रखें। अलविदा :),2,0
My pleasure! Thanks for being considerate. Would there be anything else I may help you with?, मेरा सौभाग्य! विचारशील होने के लिए धन्यवाद। क्या कुछ और होगा जिसमें मैं आपकी मदद कर सकूं?,3,2
Have a wonderful day ahead and take care. Goodbye :),आगे का दिन शानदार हो और अपना ख्याल रखें। अलविदा :),3,2
"Thank you for the response. Could you please allow me a moment, I'll get back to you with the confirmation?"," जवाब देने के लिए धन्यवाद। क्या आप कृपया मुझे एक क्षण की अनुमति दे सकते हैं, मैं पुष्टि के साथ आपसे संपर्क करूंगा?",3,2
ok bye, चलो बाय,2,0
Great choice! We are charging $25 for 10 GB data plan. I hope you are okay with the price?, बहुत बढ़िया पसंद! हम 10 जीबी डेटा प्लान के लिए 25 डॉलर चार्ज कर रहे हैं। मुझे आशा है कि आप कीमत के साथ ठीक हैं?,3,2
Sure. The price of 5GB is $5 per month., ज़रूर। 5GB की कीमत $5 प्रति माह है।,2,0
my city name washington, मेरे शहर का नाम वॉशिंगटन,2,0
I'm glad I could help. Thank you for reaching out to us. Good day!, मैं खुश हूं कि मैं मदद कर सका। हमसे संपर्क की पहल के लिए आपका धन्यवाद। अच्छा दिन!,3,2
"Sure! I'll be glad to help you, may I please know your city and it's zip code?"," ज़रूर! मुझे आपकी मदद करने में खुशी होगी, क्या मैं आपका शहर और उसका ज़िप कोड जान सकता हूँ?",3,0
Sure. Could you please confirm the time for activation?, ज़रूर। क्या आप कृपया सक्रियण के समय की पुष्टि कर सकते हैं?,3,0
10 GB, 10 जीबी,0,0
"Awesome! We are currently offering 1 GB, 5 GB and 10 GB data plans. which one you'd like to buy?"," बहुत बढ़िया! फिलहाल हम 1 जीबी, 5 जीबी और 10 जीबी डेटा प्लान दे रहे हैं। आप कौन सा खरीदना चाहेंगे?",3,2
Hello, नमस्ते,2,0
That's a good choice! I'd like to inform you that your service request has been registered with us and our technical team will contact you in the next 24 hours to book an appointment for the installation of the service., यह एक अच्छा विकल्प है! मैं आपको सूचित करना चाहता हूं कि आपका सेवा अनुरोध हमारे पास पंजीकृत हो गया है और हमारी तकनीकी टीम सेवा की स्थापना के लिए अपॉइंटमेंट बुक करने के लिए अगले 24 घंटों में आपसे संपर्क करेगी।,3,2
Hey there! Good morning. Welcome to LMT cable services. How may I assist you?,सुनो! सुबह बख़ैर। एलएमटी केबल सेवाओं में आपका स्वागत है। मैं आपकी कैसे सहायता कर सकता हूँ?,3,0
Superb! May I know the name of the city to which your are moving?, शानदार! क्या मैं उस शहर का नाम जान सकता हूँ जहाँ आप जा रहे हैं?,3,2
10 Gb, 10 जीबी,0,0
Alright I have now confirmed the package for you and also created an account on your name. Our associate would visit your house shortly and help you with the service installation. Is there anything else I could help you with for today?," ठीक है, मैंने अब आपके लिए पैकेज की पुष्टि कर दी है और आपके नाम पर एक खाता भी बनाया है। हमारे सहयोगी शीघ्र ही आपके घर आएंगे और सेवा स्थापना में आपकी सहायता करेंगे। क्या आज के लिए मैं आपकी कुछ और मदद कर सकता हूँ?",2,0
"38632
Hernando, MS","38632 हर्नांडो, एमएस",0,0
Have a great day ahead and take care. Goodbye, आपका दिन अच्छा बीते और अपना ख्याल रखें। अलविदा,3,2
Amazing! Thanks for contacting us in this regards. We're glad to serve you. May I know your city name and zip code please?, अद्भुत! इस संबंध में हमसे संपर्क करने के लिए धन्यवाद। हमें आपकी सेवा करने में खुशी हो रही है। क्या मैं आपके शहर का नाम और ज़िप कोड जान सकता हूँ?,3,2
Sure! Please spare me a moment to process your request., ज़रूर! कृपया मुझे आपके अनुरोध को संसाधित करने के लिए कुछ समय दें।,2,0
student, छात्र,0,0
"Amazing! We've presence in your area, there are three data plans which are available as of now, They are 1 GB, 5 GB and 10 GB. which one you'd like to purchase? "," अद्भुत! हमने आपके क्षेत्र में उपस्थिति दर्ज कराई है, तीन डेटा प्लान हैं जो अभी उपलब्ध हैं, वे 1 जीबी, 5 जीबी और 10 जीबी हैं। आप कौन सा खरीदना चाहेंगे?",2,2
VARANASI 58956, वाराणसी 58956,0,0
Would there be anything else I may assist you with?, क्या कुछ और होगा जिसमें मैं आपकी सहायता कर सकूं?,2,0
ok, ठीक है,2,0
"Alright! Thanks for being so cooperative, I've processed your request and Will be activating that plan for you. Anything else I may help you in?"," ठीक है! इतना सहयोग करने के लिए धन्यवाद, मैंने आपके अनुरोध को संसाधित कर दिया है और आपके लिए उस योजना को सक्रिय कर रहा हूँ। कुछ और मैं आपकी मदद कर सकता हूँ?",3,2
no thanks," जी नहीं, धन्यवाद",3,1
okay, ठीक है,2,0
I AM FINE, मैं ठीक हूं,2,0
"I'm really sorry, I couldn't understand your response. Do you want to purchase any service? "," मुझे सच में खेद है, मैं आपकी प्रतिक्रिया को समझ नहीं पाया। क्या आप कोई सेवा खरीदना चाहते हैं?",3,1
You're always welcome! Please do reach out to us in case of any further queries. Looking forward to seeing you soon again! Have a great day ahead! Good bye!,आपका हमेशा स्वागत है! कृपया किसी और प्रश्न के मामले में हमसे संपर्क करें। जल्द ही आपको फिर से देखने के लिए उत्सुक हैं! आगे एक महान दिन हो! अलविदा!,3,2
"Sure thing! I must say you've reached the right place, we offer the best plans for our customers. I'd be glad to help you in this regard. Could you please help me with the city you live in and it's zip code?"," अवश्य! मुझे कहना होगा कि आप सही जगह पर पहुँचे हैं, हम अपने ग्राहकों के लिए सर्वोत्तम योजनाएँ पेश करते हैं। मुझे इस संबंध में आपकी मदद करने में खुशी होगी। क्या आप कृपया मुझे उस शहर और उसके ज़िप कोड के बारे में बता सकते हैं जिसमें आप रहते हैं?",3,2
10 gb, 10 जीबी,0,0
ok, ठीक है,2,0
Thank you! Is there anything else that I may help you with?, आपको धन्यवाद! क्या कुछ और है जिसमें मैं आपकी मदद कर सकता हूं?,3,2
Okay. Would you like to confirm this plan?,ठीक। क्या आप इस योजना की पुष्टि करना चाहेंगे?,3,0
"Hello, good afternoon! I would to purchase an internet data plan.", नमस्ते नमस्कार! मैं एक इंटरनेट डेटा प्लान खरीदना चाहूंगा।,3,0
Arkansas, अर्कांसासो,2,0
"59404
Great Falls, MT"," 59404 ग्रेट फॉल्स, एमटी",3,0
NO THANKS," जी नहीं, धन्यवाद",3,1
Awesome! Could you please mention the date for installation?, बहुत बढ़िया! क्या आप कृपया स्थापना की तारीख का उल्लेख कर सकते हैं?,3,2
NO, ना,1,1
"Thank You, Jesse"," धन्यवाद, जेसी",3,2
Hello. welcome to Tech Cable Services. How may I help you today?, नमस्ते। टेक केबल सर्विसेज में आपका स्वागत है। आज मैं आपकी कैसे मदद कर सकता हूँ?,3,0
65421,65421,0,0
4.25863E+11,4.25863E+11,0,0
I like to purchase Internet services., मुझे इंटरनेट सेवाएं खरीदना पसंद है।,2,0
Oh! That's very rare to hear! We never had this complain in our cable service. Not a problem! I'll right away check with it. Could you please help me with your name and email address?, ओह! ऐसा बहुत कम सुनने को मिलता है! हमें अपनी केबल सेवा में यह शिकायत कभी नहीं मिली। एक समस्या नहीं है! मैं तुरंत इसकी जांच करूंगा। क्या आप कृपया अपने नाम और ईमेल पते के साथ मेरी मदद कर सकते हैं?,3,1
"You're welcome! We are always here to help you any issues relating to cable/media, wish to serve you again. Goodbye!"," आपका स्वागत है! केबल/मीडिया से संबंधित किसी भी मुद्दे पर आपकी मदद करने के लिए हम हमेशा यहां मौजूद हैं, हम फिर से आपकी सेवा करना चाहते हैं। अलविदा!",3,2
"Perfect! May I know which data plan would you like to choose, 1Gb or 5Gb or 10Gb? "," उत्तम! क्या मैं जान सकता हूँ कि आप कौन सा डेटा प्लान चुनना चाहेंगे, 1Gb या 5Gb या 10Gb?",3,2
Awesome! So do I go ahead and confirm the package for you?, बहुत बढ़िया! तो क्या मैं आगे बढ़कर आपके लिए पैकेज की पुष्टि करूं?,3,2
Thank you so much for contacting us. Please let us know your valuable feedback. You've a great day ahead.,हमसे संपर्क करने के लिए आपका बहुत-बहुत धन्यवाद। कृपया हमें अपनी बहुमूल्य प्रतिक्रिया बताएं। आपका आने वाला दिन बहुत अच्छा है।,3,2
Sounds good, सुनने में तो अच्छा लगता है,0,2
oh thank you so much," ओह, बहुत - बहुत धन्यवाद",3,2
no, नहीं,1,1
Hello! Welcome to Aura cable services. How may I help you?, नमस्ते! ऑरा केबल सर्विस में आपका स्वागत है। क्या मेरे द्वारा आपकी कोई सहायता हो सकती है?,3,0
Is there anything else I may assist you with?, क्या कुछ और है जिसमें मैं आपकी सहायता कर सकता हूं?,2,0
no thanks," जी नहीं, धन्यवाद",3,1
okay, ठीक है,2,0
I'm afraid I didn't get your response. Could you please be a little clear?, मुझे डर है कि मुझे आपका जवाब नहीं मिला। क्या आप कृपया थोड़ा स्पष्ट हो सकते हैं?,3,1
"Alright! Feel free to reach us when needed, it was great assisting you. Have a great day, goodbye.","ठीक है! जरूरत पड़ने पर बेझिझक हमसे संपर्क करें, आपकी मदद करके बहुत अच्छा लगा। आपका दिन शुभ हो, अलविदा।",3,2
"Wonderful! Thank you for bringing this up to us, we are always here to help you in any issues relating to cable/media. Have a nice day ahead!"," अद्भुत! इसे हमारे पास लाने के लिए धन्यवाद, केबल/मीडिया से संबंधित किसी भी मुद्दे में आपकी सहायता के लिए हम हमेशा यहां मौजूद हैं। आपका दिन अच्छा हों!",3,2
Alright Raja! May I know it's zip code as well?, ठीक है राजा! क्या मैं इसका ज़िप कोड भी जान सकता हूँ?,2,0
Hello there! Welcome to Universal cable customer care services. How may I help you today?, नमस्ते! यूनिवर्सल केबल कस्टमर केयर सर्विसेज में आपका स्वागत है। आज मैं आपकी कैसे मदद कर सकता हूँ?,3,0
Have a great day ahead and take care. Goodbye, आपका दिन अच्छा बीते और अपना ख्याल रखें। अलविदा,3,2
hai, हाय,2,0
bye, अलविदा,2,0
Thank you. I appreciate it. Could you tell me which data plan would you like to sign up for?, शुक्रिया। मैं इसकी सराहना करता हूं। क्या आप मुझे बता सकते हैं कि आप किस डेटा प्लान के लिए साइन अप करना चाहेंगे?,3,2
i want a new cable service, मुझे एक नई केबल सेवा चाहिए,1,0
Good morning! You've reached Net link Media/Cable Services. How may I help you today?, सुबह बख़ैर! आप नेट लिंक मीडिया/केबल सेवाओं पर पहुंच गए हैं। आज मैं आपकी कैसे मदद कर सकता हूँ?,3,0
okay thanks not a problem, ठीक है धन्यवाद कोई समस्या नहीं है,3,0
Alright! Thanks for being patient and cooperative. Would there be anything else I may help you with/, ठीक है! धैर्यवान और सहयोगी होने के लिए धन्यवाद। क्या कुछ और होगा जिसमें मैं आपकी मदद कर सकता/सकती हूं/,3,2
ok, ठीक है,2,0
my internet bill is too high,मेरा इंटरनेट बिल बहुत ज्यादा है,2,1
My option to purchase 10GB data plan., 10GB डेटा प्लान खरीदने का मेरा विकल्प।,1,0
"Sure! Thank you for choosing Net Link for you new cable services, I'd be glad to help you get the best services with the plans. Could you please help me with the city name and it's zip code?"," ज़रूर! आपके लिए नई केबल सेवाओं के लिए नेट लिंक चुनने के लिए धन्यवाद, योजनाओं के साथ सर्वोत्तम सेवाएं प्राप्त करने में आपकी सहायता करने में मुझे खुशी होगी। क्या आप कृपया शहर के नाम और उसके ज़िप कोड के बारे में मेरी मदद कर सकते हैं?",3,2
"Thank you for staying connected, I see that you're currently serving to the basic plan. As you'd want me to upgrade the plan for you, you're upgraded to the premium plan, that is $75 per month - 75 channels. ","जुड़े रहने के लिए धन्यवाद, मैं देख रहा हूं कि आप वर्तमान में मूल योजना पर काम कर रहे हैं। जैसा कि आप चाहते हैं कि मैं आपके लिए योजना को अपग्रेड करूं, आपको प्रीमियम योजना में अपग्रेड किया गया है, जो कि $75 प्रति माह है - 75 चैनल।",3,0
hai, हाय,2,0
The plan of 5 GB for the cable services would cost you $11 per month. Would that be all?, केबल सेवाओं के लिए 5 जीबी की योजना के लिए आपको प्रति माह 11 डॉलर खर्च करने होंगे। क्या वह सब होगा?,1,0
That's amazing! Please allow me a moment while I go ahead and check with your details., वह आश्चर्यजनक है! कृपया मुझे कुछ समय दें और मैं आगे बढ़ूं और आपके विवरण की जांच करूं।,2,2
I Need To sign up New service connection, मुझे नया सेवा कनेक्शन साइन अप करने की आवश्यकता है,1,0
THANKS LINDSAY, धन्यवाद लिंडसे:,3,2
"Hey! Good morning, You've reached D-link customer service. How may I assist you today? 
"," अरे! सुप्रभात, आप डी-लिंक ग्राहक सेवा तक पहुँच चुके हैं। आज मैं आपकी मदद किस तरह कर सकता हूँ?",3,0
Fantastic! Thank you for reaching out to us. Have a great day. Bye., ज़बरदस्त! हमसे संपर्क की पहल के लिए आपका धन्यवाद। आपका दिन अच्छा रहे। अलविदा।,3,2
"I'll surely help you with that, may I know your name pleasE?"," मैं निश्चित रूप से इसमें आपकी मदद करूंगा, क्या मैं आपका नाम जान सकता हूं कृपया?",2,0
"Thank you for helping me with your details. At present, we have three data plans, they are 1 GB, 5 GB and 10 GB. which one you'd like to buy?","अपने विवरण के साथ मेरी मदद करने के लिए धन्यवाद। फिलहाल हमारे पास तीन डेटा प्लान हैं, वे 1 जीबी, 5 जीबी और 10 जीबी हैं। आप कौन सा खरीदना चाहेंगे?",3,0
Perfect! Please allow me a moment to proceed further., उत्तम! कृपया मुझे आगे बढ़ने के लिए एक क्षण का समय दें।,2,2
i need a new cable service connection, मुझे एक नया केबल सेवा कनेक्शन चाहिए,1,0
"As for the internet connection, we offer 1 GB, 5 Gb and 10 GB data plan. Which one would you like to purchase?"," जहां तक इंटरनेट कनेक्शन की बात है, हम 1 जीबी, 5 जीबी और 10 जीबी डेटा प्लान पेश करते हैं। आप कौन सा खरीदना चाहेंगे?",3,0
Hello there! You're talking to the customer executive from Wish Media/Cable services., नमस्ते! आप विश मीडिया/केबल सेवाओं के ग्राहक कार्यकारी से बात कर रहे हैं।,2,0
ANY ONE THERE?, कोई है वहां?,0,0
my city name is madurai my zip code is 600 004,मेरे शहर का नाम मदुरै है मेरा ज़िप कोड 600 004 है,1,0
kambur 816310, कंबूर 816310,2,0
"That's all, bye"," बस इतना ही, अलविदा",2,0
ok thanks, ठीक है धन्यवाद,3,0
"As I can see, the amount has been charged because the last month bill you've paid your bill after the due date so, you've been charged $56 extra this month."," जैसा कि मैं देख सकता हूं, राशि का शुल्क लिया गया है क्योंकि पिछले महीने के बिल का भुगतान आपने नियत तारीख के बाद अपने बिल का भुगतान किया है, इसलिए आपसे इस महीने $56 अतिरिक्त शुल्क लिया गया है।",2,1
what is the price ?, कीमत क्या है ?,0,0
no, नहीं,1,1
good bye, अलविदा,3,0
yes sure. Haymarket 20169, हाँ यकीनन। हेमार्केट 20169,2,0
"Yes, i want that all."," हाँ, मुझे वह सब चाहिए।",2,0
1  gb, 1 जीबी,0,0
Perfect! I'll sign you for the cable services of 5 GB plan. Is there anything else I might help you with?, उत्तम! मैं आपको 5 जीबी प्लान की केबल सेवाओं के लिए साइन करूंगा। क्या कुछ और है जिसमें मैं आपकी मदद कर सकता हूं?,3,2
I WANT TO NEW CABLE CONNECTION, मुझे नया केबल कनेक्शन चाहिए,1,0
i'm happy to your good news thanks okay fine with us, मैं आपकी खुशखबरी से खुश हूँ धन्यवाद ठीक है हमारे साथ ठीक है,3,2
Yes., हाँ।,2,0
ok, ठीक है,2,0
lilly, लिली,0,0
"Amazing! May I know which plan would you like to choose in 1 GB, 5 GB and 10 GB?"," अद्भुत! क्या मैं जान सकता हूं कि आप 1 जीबी, 5 जीबी और 10 जीबी में कौन सा प्लान चुनना चाहेंगे?",3,2
okay good bye have a nice day, ठीक है अलविदा आपका दिन शुभ हो,3,0
Alright! May I please know which data plan would you like to purchase?, ठीक है! क्या मैं कृपया जान सकता हूँ कि आप कौन सा डेटा प्लान खरीदना चाहेंगे?,3,0
You're welcome! Please do reach out to us in case of any further queries. Looking forward to seeing you soon again! Have a great day ahead! Good bye!, आपका स्वागत है! कृपया किसी और प्रश्न के मामले में हमसे संपर्क करें। जल्द ही आपको फिर से देखने के लिए उत्सुक हैं! आगे एक महान दिन हो! अलविदा!,3,2
OKAY, ठीक है,2,0
You're Welcome! Have a good day! Hope to assist you again in the future. Goodbye!, आपका स्वागत है! आपका दिन शुभ हो! आशा है कि भविष्य में फिर से आपकी सहायता करेंगे। अलविदा!,3,2
I will surely help you out in this regards. But before we go ahead we the procedure could you please help me with your city name and it's zip code?,मैं इस संबंध में आपकी निश्चित रूप से मदद करूंगा। लेकिन इससे पहले कि हम आगे बढ़ें हम प्रक्रिया क्या आप कृपया मुझे अपने शहर के नाम और उसके ज़िप कोड के साथ मदद कर सकते हैं?,3,0
Okay, ठीक,2,0
"Awesome! Thank you for the details! We have 1 GB, 5 GB and 10 GB cable data plans for you. Which cable data plan would you like to sign up for?"," बहुत बढ़िया! विवरण के लिए धन्यवाद! हमारे पास आपके लिए 1 जीबी, 5 जीबी और 10 जीबी केबल डेटा प्लान हैं। आप किस केबल डेटा प्लान के लिए साइन अप करना चाहेंगे?",3,2
"Fantastic! I'd like to inform you that, I've confirmed your new 10 GB cable connection at your city and our executives will reach you within 2-3 days for the installation. Is there anything else that I may help you with?"," ज़बरदस्त! मैं आपको सूचित करना चाहता हूं कि, मैंने आपके शहर में आपके नए 10 जीबी केबल कनेक्शन की पुष्टि कर दी है और हमारे अधिकारी इंस्टॉलेशन के लिए 2-3 दिनों के भीतर आप तक पहुंच जाएंगे। क्या कुछ और है जिसमें मैं आपकी मदद कर सकता हूं?",3,2
I WILL HAVE 5GB DATA PLAN.., मेरे पास 5GB डेटा प्लान होगा..,2,0
i will pay the amount, मैं राशि का भुगतान करूंगा,1,0
Thank you Thomas! May I please know which month statement would you like to view (current or previous) so that we could go ahead with the procedure., धन्यवाद थॉमस! क्या मुझे पता है कि आप किस महीने का विवरण देखना चाहेंगे (वर्तमान या पिछला) ताकि हम प्रक्रिया को आगे बढ़ा सकें।,3,0
ok, ठीक है,2,0
HI, नमस्ते,2,0
Hello! You've reached AT&T. How may I help you today?, नमस्ते! आप एटी एंड टी पर पहुंच गए हैं। आज मैं आपकी कैसे मदद कर सकता हूँ?,3,0
"Sure, which service connection are you looking to purchase?"," ज़रूर, आप कौन सा सेवा कनेक्शन खरीदना चाह रहे हैं?",2,0
internet, इंटरनेट,0,0
thank you have a awesome day goodbye, धन्यवाद आपका दिन शुभ हो अलविदा,3,2
Perfect! That's a great choice. I've raised a request for your service installation. Our agent will contact you soon regarding the same., उत्तम! यह एक बढ़िया विकल्प है। मैंने आपकी सेवा स्थापना के लिए एक अनुरोध किया है। उसी के संबंध में हमारा एजेंट जल्द ही आपसे संपर्क करेगा।,3,2
"My pleasure! Looking forward to provide you services, it was great assisting you. Have a nice day, goodbye."," मेरा सौभाग्य! आपको सेवाएं प्रदान करने के लिए तत्पर हैं, यह आपकी सहायता करने में बहुत अच्छा था। आपका दिन शुभ हो, अलविदा।",3,2
city is tsukima and zip is 778987, शहर त्सुकिमा है और ज़िप 778987 . है,2,0
Hi, नमस्ते,2,0
hi, नमस्ते,2,0
91710,91710,0,0
Hello! Welcome to AT&T Customer Service. How may I assist you today?, नमस्ते! एटी एंड टी ग्राहक सेवा में आपका स्वागत है। आज मैं आपकी मदद किस तरह कर सकता हूँ?,3,0
ok thank you, ठीक है धन्यवाद,3,0
That's a great choice! I'd like to inform you that your service will be activated in the next 24 hours.,यह एक बढ़िया विकल्प है! मैं आपको सूचित करना चाहता हूं कि आपकी सेवा अगले 24 घंटों में सक्रिय हो जाएगी।,3,2
jamis martin, जैमिस मार्टिन,0,0
HI, नमस्ते,2,0
hai, हाय,2,0
5gb plan, 5जीबी प्लान,0,0
Perfect!!! Please make it.., उत्तम!!! प्लीज बना दो..,3,2
"You're welcome, would there be anything else I may help you with? "," आपका स्वागत है, क्या कुछ और होगा जिसमें मैं आपकी मदद कर सकूं?",2,2
"Alright! May I know for which of our service you'd like to sign up? we offer cable, internet and phone services. "," ठीक है! क्या मैं जान सकता हूँ कि आप हमारी किस सेवा के लिए साइन अप करना चाहते हैं? हम केबल, इंटरनेट और फोन सेवाएं प्रदान करते हैं।",3,0
Hi there!, नमस्ते!,3,0
Good morning! You've reached Net link Media/Cable Services. How may I help you today?, सुबह बख़ैर! आप नेट लिंक मीडिया/केबल सेवाओं पर पहुंच गए हैं। आज मैं आपकी कैसे मदद कर सकता हूँ?,3,0
yes, हां,2,0
I'll be glad to help you in signing up for a new cable connection. May I know in which city are you residing?, नए केबल कनेक्शन के लिए साइन अप करने में आपकी मदद करने में मुझे खुशी होगी। क्या मैं जान सकता हूँ कि आप किस शहर में रह रहे हैं?,3,2
no thanks," जी नहीं, धन्यवाद",3,1
"Awesome! Thank you for the details. We have 1 GB, 5 GB and 10 GB internet data plans for you. Which one of these would you like to sign up for?"," बहुत बढ़िया! विवरण के लिए धन्यवाद। हमारे पास आपके लिए 1 जीबी, 5 जीबी और 10 जीबी इंटरनेट डेटा प्लान हैं। आप इनमें से किसके लिए साइन अप करना चाहेंगे?",3,2
"Great! Which data plan would you like to purchase? We have 1 GB for $50, 5 GB for $75 and 10 GB for $125 for one month."," महान! आप कौन सा डेटा प्लान खरीदना चाहेंगे? हमारे पास $50 के लिए 1 जीबी, $75 के लिए 5 जीबी और एक महीने के लिए $125 के लिए 10 जीबी है।",3,2
yes, हां,2,0
okay, ठीक है,2,0
HAI, हाई,2,0
Great! Would there be anything else I may help you with?, महान! क्या कुछ और होगा जिसमें मैं आपकी मदद कर सकूं?,3,2
NO, ना,1,1
i want to purchase new cable service, मैं नई केबल सेवा खरीदना चाहता हूँ,1,0
CITY NAME : THENI, शहर का नाम : थेनि,0,0
Good morning! You've reached Net link Media/Cable Services. How may I help you?, सुबह बख़ैर! आप नेट लिंक मीडिया/केबल सेवाओं पर पहुंच गए हैं। क्या मेरे द्वारा आपकी कोई सहायता हो सकती है?,3,0
Awesome! Could you please mention the date for installation?, बहुत बढ़िया! क्या आप कृपया स्थापना की तारीख का उल्लेख कर सकते हैं?,3,2
Perfect! Thank you for reaching out to us. Enjoy our fastest internet services. Have a great day. Bye., उत्तम! हमसे संपर्क की पहल के लिए आपका धन्यवाद। हमारी सबसे तेज़ इंटरनेट सेवाओं का आनंद लें। आपका दिन अच्छा रहे। अलविदा।,3,2
Hello?, नमस्ते?,3,0
hi, नमस्ते,2,0
"Awesome! Thank you for the details. We have 1 GB, 5 GB and 10 GB data plans for our phone services. Which one of these data plans, would you like to sign up for?","बहुत बढ़िया! विवरण के लिए धन्यवाद। हमारी फोन सेवाओं के लिए हमारे पास 1 जीबी, 5 जीबी और 10 जीबी डेटा प्लान हैं। आप इनमें से किस डेटा प्लान के लिए साइन अप करना चाहेंगे?",3,2
really thank you, सचमुच धन्यवाद,3,2
"Thank you for being patient. I'd like to inform you that you're eligible for basic ($50 per month - 50 channels), premium ($75 per month - 75 channels), and platinum ($100 per month - all channels). The current promotions are 10% off premium cable if you sign a 3 month contract or 15% off platinum cable if you sign a 3 month contract. "," धैर्य रखने के लिए धन्यवाद। मैं आपको सूचित करना चाहता हूं कि आप मूल ($50 प्रति माह - 50 चैनल), प्रीमियम ($75 प्रति माह - 75 चैनल), और प्लैटिनम ($100 प्रति माह - सभी चैनल) के लिए पात्र हैं। यदि आप 3 महीने के अनुबंध पर हस्ताक्षर करते हैं या यदि आप 3 महीने के अनुबंध पर हस्ताक्षर करते हैं तो प्लैटिनम केबल पर 15% की छूट प्रीमियम केबल पर वर्तमान प्रचार 10% है।",3,2
My pleasure. Would you like em to confirm this plan for you?, मेरा सौभाग्य। क्या आप चाहते हैं कि वे आपके लिए इस योजना की पुष्टि करें?,3,0
5GB, 5GB,0,0
"i need  cable, internet, phone"," मुझे केबल, इंटरनेट, फोन चाहिए",1,0
9876,9876,0,0
I want a new service, मुझे एक नई सेवा चाहिए,1,0
Good Morning! Thank you for contacting F-Link service. How may I help you today?, शुभ प्रभात! एफ-लिंक सेवा से संपर्क करने के लिए धन्यवाद। आज मैं आपकी कैसे मदद कर सकता हूँ?,3,2
"Good evening! Welcome to Fastnet Cable customer service, I'm Cameron. I'll be glad to help you in this, may I please know your city name and zip code?
"," सुसंध्या! Fastnet Cable ग्राहक सेवा में आपका स्वागत है, मैं कैमरून हूँ। मुझे इसमें आपकी मदद करने में खुशी होगी, क्या मैं आपके शहर का नाम और ज़िप कोड जान सकता हूँ?",3,0
"Awesome! Thank you for the details, please give me a minute to proceed further. "," बहुत बढ़िया! विवरण के लिए धन्यवाद, कृपया मुझे आगे बढ़ने के लिए एक मिनट दें।",3,2
5GB, 5GB,0,0
HMM OKAY THANKS FOR HELP SPENCER..,हम्म ठीक है मदद स्पेंसर के लिए धन्यवाद..,3,2
IT'S OKAY, कोई बात नहीं,2,2
internet, इंटरनेट,0,0
like to purchase cable service, केबल सेवा खरीदना पसंद करते हैं,2,0
"Hello there! Welcome to Act Fiber net Service, how may I assist you today?"," नमस्ते! एक्ट फाइबर नेट सर्विस में आपका स्वागत है, मैं आज आपकी कैसे सहायता कर सकता हूँ?",3,0
But sir I would like to inform you that your service has not been confirmed yet.," लेकिन महोदय, मैं आपको सूचित करना चाहूंगा कि आपकी सेवा की पुष्टि अभी तक नहीं हुई है।",2,1
"my city is florida and zip code is 3319
", मेरा शहर फ़्लोरिडा है और ज़िप कोड 3319 . है,1,0
Sure. Could you please help me with your details like your city and zipcode? So that I can find the best plans available near you., ज़रूर। क्या आप कृपया अपने शहर और ज़िप कोड जैसे विवरण के साथ मेरी मदद कर सकते हैं? ताकि मैं आपके आस-पास उपलब्ध सर्वोत्तम योजनाओं को ढूंढ सकूं।,3,0
Perfect Jamie. Please confirm the plan, बिल्कुल सही जेमी। कृपया योजना की पुष्टि करें,3,2
"Little rock 72201 thru 72217
", लिटिल रॉक 72201 72217 के माध्यम से,2,0
10 GB, 10 जीबी,0,0
The 10 GB plan will cost you around $7 on monthly basis including all taxes. I will activate the same for you right away., 10 जीबी प्लान की कीमत आपको सभी करों सहित मासिक आधार पर लगभग $7 होगी। मैं इसे तुरंत आपके लिए सक्रिय कर दूंगा।,3,2
Sure! Thanks for showing your interest in D-link media services. I'm positive that you'll have best experience using our services. May I know your city name and zip code?, ज़रूर! डी-लिंक मीडिया सेवाओं में अपनी रुचि दिखाने के लिए धन्यवाद। मुझे विश्वास है कि आपको हमारी सेवाओं का उपयोग करने का सबसे अच्छा अनुभव होगा। क्या मैं आपके शहर का नाम और ज़िप कोड जान सकता हूँ?,3,2
Nothing else,और कुछ नहीं,2,0
Hey there! Good morning! You've been connected to Cable Hub Customer Service. How may I help you today?,सुनो! सुबह बख़ैर! आपको केबल हब ग्राहक सेवा से कनेक्ट कर दिया गया है. आज मैं आपकी कैसे मदद कर सकता हूँ?,3,0
Please could you read the text and and reply?, क्या आप पाठ पढ़ सकते हैं और उत्तर दे सकते हैं?,2,0
Thank you for choosing our services. I had a good time assisting you. Please feel free to reach out to us for further queries. Have a nice day!,हमारी सेवाओं को चुनने के लिए धन्यवाद। मेरे पास आपकी सहायता करने का अच्छा समय था। कृपया आगे के प्रश्नों के लिए हमसे बेझिझक संपर्क करें। आपका दिन शुभ हो!,3,2
Perfect. Thank you for your help Charlie., उत्तम। आपकी मदद चार्ली के लिए धन्यवाद।,3,2
ok, ठीक है,2,0
information about my billing address, मेरे बिलिंग पते के बारे में जानकारी,1,0
Okay! Confirm the plan., ठीक! योजना की पुष्टि करें।,2,0
i want to register for new internet connection, मैं नए इंटरनेट कनेक्शन के लिए पंजीकरण करना चाहता हूं,1,0
Hey there! How can I assist you today?, सुनो! आज मैं आपकी कैसे सहायता कर सकता हूँ?,3,0
yes, हां,2,0
ok fine., अच्छी बात है।,2,0
Definitely!! Thanks for contacting Annabelle media services in this regards. We are delighted to serve you. May I know your city name and zip code please?,निश्चित रूप से!! इस संबंध में ऐनाबेले मीडिया सेवाओं से संपर्क करने के लिए धन्यवाद। हम आपकी सेवा करके प्रसन्न हैं। क्या मैं आपके शहर का नाम और ज़िप कोड जान सकता हूँ?,3,2
May I know which data plan you'd like to purchase?, क्या मैं जान सकता हूँ कि आप कौन-सा डेटा प्लान खरीदना चाहेंगे?,3,0
bye, अलविदा,2,0
I want to upgrade platinum service, मैं प्लेटिनम सेवा को अपग्रेड करना चाहता/चाहती हूं,1,0
"Awesome! Just to confirm, I'll proceed further and sign up for 1 GB data plan and the cost for this plan is $25, right? "," बहुत बढ़िया! बस पुष्टि करने के लिए, मैं आगे बढ़ूंगा और 1 जीबी डेटा योजना के लिए साइन अप करूंगा और इस योजना की लागत $25 है, है ना?",3,2
OK, ठीक है,2,0
5gb, 5जीबी,0,0
i want to purchase new cable connection, मुझे नया केबल कनेक्शन खरीदना है,1,0
I go for 5 GB plan!, मैं 5 जीबी प्लान के लिए जाता हूं!,2,0
"Thank you for sharing the details. We have different data plans such as 1GB, 5GB and 10GB for services like phone, cable and internet. Which one would you like to purchase?"," विवरण साझा करने के लिए धन्यवाद। हमारे पास फोन, केबल और इंटरनेट जैसी सेवाओं के लिए 1GB, 5GB और 10GB जैसे अलग-अलग डेटा प्लान हैं। आप कौन सा खरीदना चाहेंगे?",3,0
arun@gmail.com, arun@gmail.com,0,0
Amazing! Which data plan would you like to purchase?, अद्भुत! आप कौन सा डेटा प्लान खरीदना चाहेंगे?,3,2
I got all information about this data plan., मुझे इस डेटा प्लान के बारे में सारी जानकारी मिली है।,2,0
Internet connection, इंटरनेट कनेक्शन,0,0
yes, हां,2,0
Thank you for being patient. I'd like to inform you that the extra charge on your bill is due to the increase in the tax rates which increased from 2.5% to 5%., धैर्य रखने के लिए धन्यवाद। मैं आपको सूचित करना चाहता हूं कि आपके बिल पर अतिरिक्त शुल्क कर दरों में वृद्धि के कारण है जो 2.5% से बढ़कर 5% हो गया है।,3,1
Thank you for sharing the details. Could you please restart the router and check if you can connect to the internet?, विवरण साझा करने के लिए धन्यवाद। क्या आप कृपया राउटर को पुनरारंभ कर सकते हैं और जांच सकते हैं कि क्या आप इंटरनेट से कनेक्ट हो सकते हैं?,3,0
10 GB, 10 जीबी,0,0
i want to sign up new service., मैं नई सेवा साइन अप करना चाहता हूं।,1,2
hai, हाय,2,0
HAVALI AMERICA, हवाली अमेरिका,0,0
58947,58947,0,0
"Thank for that Mr.Martin. Please allow me a minute or two, I'll get back to you with the reasons.","इसके लिए धन्यवाद मिस्टर मार्टिन। कृपया मुझे एक या दो मिनट का समय दें, मैं कारणों के साथ आपके पास वापस आऊंगा।",3,0
All right! I'll get that done for you. Anything else?, ठीक है! मैं तुम्हारे लिए यह कर दूंगा। और कुछ?,3,0
I NEED A NEW CABLE CONNECTION, मुझे एक नया केबल कनेक्शन चाहिए,1,1
10 GB, 10 जीबी,0,0
no miss, नहीं युवती,1,2
Awesome! I'll help you with that. May I know the name of your city please?, बहुत बढ़िया! मैं इसमें आपकी मदद करूंगा। क्या मैं आपके शहर का नाम जान सकता हूँ?,3,2
Hi, नमस्ते,2,0
"Thank you for choosing Net link services, we are always here to help you. Goodbye!"," नेट लिंक सेवाओं को चुनने के लिए धन्यवाद, हम आपकी सहायता के लिए हमेशा यहां हैं। अलविदा!",3,2
"Superb! You can avail 10 GB internet data plan as soon as you complete the subscription process. Do you have any queries related to our data plans?
", शानदार! सब्सक्रिप्शन प्रक्रिया पूरी करते ही आप 10 जीबी इंटरनेट डेटा प्लान का लाभ उठा सकते हैं। क्या आपके पास हमारे डेटा प्लान से संबंधित कोई प्रश्न हैं?,2,2
May I know what you'd like to purchase?, क्या मैं जान सकता हूँ कि आप क्या खरीदना चाहते हैं?,3,0
Awesome! I'd be glad to help you with that. May I know the name of your city please?, बहुत बढ़िया! मुझे इसमें आपकी मदद करने में खुशी होगी। क्या मैं आपके शहर का नाम जान सकता हूँ?,3,2
Absolutely! May I know your city and it's zip code please?, बिल्कुल! क्या मैं आपका शहर और उसका ज़िप कोड जान सकता हूँ?,2,0
Alright! Please allow me a moment to proceed further.., ठीक है! कृपया मुझे आगे बढ़ने के लिए एक क्षण का समय दें..,2,0
HI, नमस्ते,2,0
HI, नमस्ते,2,0
Sure Could you please help me knowing that which service are you looking for (Phone/Internet/cable)?, निश्चित रूप से क्या आप कृपया मुझे यह जानने में मदद कर सकते हैं कि आप किस सेवा की तलाश में हैं (फोन/इंटरनेट/केबल)?,3,0
I'm really sorry about that. The reason for the bill is the new tax system levied all over the country and also it is mandatory. As you're our loyal customer we would like to offer you a discount of $5 every month. Would you like to consider this offer?," मुझे इसके लिए वाकई खेद है। बिल की वजह पूरे देश में लागू होने वाली नई टैक्स व्यवस्था है और यह अनिवार्य भी है। जैसा कि आप हमारे वफादार ग्राहक हैं, हम आपको हर महीने $ 5 की छूट देना चाहते हैं। क्या आप इस प्रस्ताव पर विचार करना चाहेंगे?",3,1
i want to sign up for a new service, मैं एक नई सेवा के लिए साइन अप करना चाहता हूं,1,2
no thanks," जी नहीं, धन्यवाद",3,1
Good morning! Welcome to AT&T Customer Service. Absolutely! I'll do my best to help. Could you share with me the city and the zip code?,सुबह बख़ैर! एटी एंड टी ग्राहक सेवा में आपका स्वागत है। बिल्कुल! मैं मदद करने की पूरी कोशिश करूंगा। क्या आप मेरे साथ शहर और ज़िप कोड साझा कर सकते हैं?,3,2
I need to connect a new cable service., मुझे एक नई केबल सेवा कनेक्ट करने की आवश्यकता है।,1,0
"Perfect! Thank you for that. Please allow me a minute or two, while I get this done for you."," उत्तम! उसके लिये आपका धन्यवाद। कृपया मुझे एक या दो मिनट का समय दें, जबकि मैं आपके लिए यह कर रहा हूं।",3,2
Perfect! Could you please let me know which type of service would you like to have?, उत्तम! क्या आप कृपया मुझे बता सकते हैं कि आप किस प्रकार की सेवा करना चाहेंगे?,3,2
"Thank you for the information Mr.Senthil. Could you please allow me a moment, while I get this done for you?"," जानकारी के लिए धन्यवाद श्री सेंथिल। क्या आप कृपया मुझे एक क्षण की अनुमति दे सकते हैं, जबकि मैं यह आपके लिए करवाता हूं?",3,2
i want a internet connection, मुझे इंटरनेट कनेक्शन चाहिए,1,0
internet, इंटरनेट,0,0
I am looking for a new Phone service. Could you help me?, मैं एक नई फोन सेवा की तलाश में हूं। क्या तुम मेरी मदद कर सकते हो?,3,0
Sure! I'll be glad o assist you in this. May I please know which city you belong to and its zip code?, ज़रूर! मुझे इसमें आपकी सहायता करने में खुशी होगी। क्या मैं कृपया जान सकता हूँ कि आप किस शहर से ताल्लुक रखते हैं और उसका ज़िप कोड?,3,0
"I apologize, could you please be more specific with your query?"," मैं क्षमा चाहता हूं, क्या आप कृपया अपनी क्वेरी के साथ और अधिक विशिष्ट हो सकते हैं?",3,0
"That's awesome! We provide you 3 types of services, those are cable services, phone services and internet services. Could you please let me know which service you'd like to purchase?"," वह तो कमाल है! हम आपको 3 प्रकार की सेवाएं प्रदान करते हैं, वे हैं केबल सेवाएं, फोन सेवाएं और इंटरनेट सेवाएं। क्या आप कृपया मुझे बता सकते हैं कि आप कौन सी सेवा खरीदना चाहते हैं?",3,2
Nothing else,और कुछ नहीं,2,0
hi, नमस्ते,2,0
canada, कनाडा,0,0
"Awesome! May I also know if your need the 1 GB, 5 GB, 10 GB for your services?"," बहुत बढ़िया! क्या मैं यह भी जान सकता हूं कि क्या आपको अपनी सेवाओं के लिए 1 जीबी, 5 जीबी, 10 जीबी की जरूरत है?",3,2
I would like to know how much is the cost of the service, मैं जानना चाहता हूं कि सेवा की लागत कितनी है,2,0
Okay, ठीक,2,0
thanks for you hel,आपके लिए धन्यवाद हेलो,3,2
"Indeed, the best plan we offer!Could you please confirm the city and it's zip code?"," वास्तव में, सबसे अच्छी योजना जो हम पेश करते हैं! क्या आप कृपया शहर और उसके ज़िप कोड की पुष्टि कर सकते हैं?",3,2
"Awesome! Thank you for reaching out to us, hope you'll have a great day ahead! "," बहुत बढ़िया! हमसे संपर्क करने के लिए धन्यवाद, आशा है कि आगे आपका दिन बहुत अच्छा रहेगा!",3,2
hi, नमस्ते,2,0
yes, हां,2,0
Fantastic! Thanks for reaching out to us. We are always at your back to provide you assistance. Have a pleasant day ahead! :), ज़बरदस्त! हमसे संपर्क करने के लिए धन्यवाद। हम आपको सहायता प्रदान करने के लिए हमेशा आपकी पीठ पर हैं। आगे आपका दिन मंगलमय हो! :),3,2
CONFIRM, पुष्टि करें,0,0
like to purchase, खरीदना पसंद है,2,0
NEED TO PURCHASE A CABLE SERVICE..CAN U?, केबल सेवा खरीदने की आवश्यकता है..क्या आप कर सकते हैं?,1,0
"Fantastic! I'd like to inform you that, I've confirmed your new 1 GB cable connection at your city and our executives will reach you within 2-3 days for the installation. Is there anything else that I may help you with?"," ज़बरदस्त! मैं आपको सूचित करना चाहता हूं कि, मैंने आपके शहर में आपके नए 1 जीबी केबल कनेक्शन की पुष्टि की है और हमारे अधिकारी इंस्टॉलेशन के लिए 2-3 दिनों के भीतर आप तक पहुंच जाएंगे। क्या कुछ और है जिसमें मैं आपकी मदद कर सकता हूं?",3,2
New Orleans city, न्यू ऑरलियन्स शहर,0,0
OK THANK YOU, ठीक है धन्यवाद,3,2
NEED TO PURCHASE A CABLE SERVICE, केबल सेवा खरीदने की आवश्यकता,1,0
HMM OKAY CHARLIE.. I WILL CONFIRM THIS CABLE SERVICE PLAN NOW, हम्म ओके चार्ली.. मैं अब इस केबल सेवा योजना की पुष्टि करूंगा,3,1
You're welcome! Would there be anything else that I may help you with?, आपका स्वागत है! क्या कुछ और होगा जिससे मैं आपकी मदद कर सकूं?,3,2
"Thank you! Since you've mentioned you would like to go ahead with the internet connection. We have three packages to offer, (1GB, 5 GB, 10 GB) which are $5 $10 and $20 respectively. Now would you please go ahead and choose a package for yourself please?
"," आपको धन्यवाद! चूंकि आपने उल्लेख किया है कि आप इंटरनेट कनेक्शन के साथ आगे बढ़ना चाहेंगे। हमारे पास पेश करने के लिए तीन पैकेज हैं, (1GB, 5GB, 10GB) जो क्रमशः $5 $10 और $20 हैं। अब क्या आप कृपया आगे बढ़ें और कृपया अपने लिए एक पैकेज चुनें?",3,2
I will surely help you in getting that done. May I know the name of your city please?,इसे पूरा करने में मैं निश्चित रूप से आपकी मदद करूंगा। क्या मैं आपके शहर का नाम जान सकता हूँ?,3,0
nothing else, और कुछ नहीं,1,0
625102,625102,0,0
ssn 8562, एसएसएन 8562,0,0
I GO TO 1GB DATAPLAN, मैं 1GB डेटाप्लान पर जाता हूँ,1,0
"That's awesome! Thank you for reaching out to us, please feel free to reach out to us for further concerns. Have an awesome day!"," वह तो कमाल है! हमसे संपर्क करने के लिए धन्यवाद, कृपया आगे की चिंताओं के लिए हमसे बेझिझक संपर्क करें। आपका दिन कमाल का रहे!",3,2
"Hello! Welcome to Zoom services, how may I assist you today? "," नमस्ते! ज़ूम सेवाओं में आपका स्वागत है, मैं आज आपकी कैसे सहायता कर सकता हूँ?",3,0
Great! Would there be anything else I may help you with?, महान! क्या कुछ और होगा जिसमें मैं आपकी मदद कर सकूं?,3,2
Fantastic! I've confirmed your new  5 GB cable connection and I've created an account of yours with our services. Our executives will reach you with the installation within 48 hrs. Would there be anything else that I may help you with?, ज़बरदस्त! मैंने आपके नए 5GB केबल कनेक्शन की पुष्टि कर दी है और मैंने हमारी सेवाओं के साथ आपका खाता बना लिया है। हमारे अधिकारी 48 घंटे के भीतर इंस्टॉलेशन के साथ आप तक पहुंच जाएंगे। क्या कुछ और होगा जिससे मैं आपकी मदद कर सकूं?,3,2
Hey there! Good morning. You've reached LMT cable services. How may I assist you?, सुनो! सुबह बख़ैर। आप LMT केबल सेवाओं तक पहुँच चुके हैं। मैं आपकी कैसे सहायता कर सकता हूँ?,3,0
I want to purchase new Internet connection, मुझे नया इंटरनेट कनेक्शन खरीदना है,1,0
Would there be anything else that I could help you with?, क्या कुछ और होगा जिसमें मैं आपकी मदद कर सकूं?,2,0
I think I will getting the 10gb plan, मुझे लगता है कि मुझे 10GB का प्लान मिल जाएगा,3,0
"I apologize, could you please confirm if you have any related query with the above mentioned reply?"," मैं क्षमा चाहता हूं, क्या आप कृपया पुष्टि कर सकते हैं कि उपर्युक्त उत्तर के साथ आपके पास कोई संबंधित प्रश्न है या नहीं?",3,0
NOTHING ELSE, और कुछ नहीं,2,0
ok, ठीक है,2,0
Good Morning! This is Customer Executive speaking. How may I help you today?, शुभ प्रभात! यह ग्राहक कार्यकारी बोल रहा है। आज मैं आपकी कैसे मदद कर सकता हूँ?,3,0
Thank you! Is there anything else that I may help you with?, आपको धन्यवाद! क्या कुछ और है जिसमें मैं आपकी मदद कर सकता हूं?,3,2
All right. 5 GB data plan costs you 10$. Would you like to purchase it?, ठीक है। 5 जीबी डेटा प्लान की कीमत आपको 10 डॉलर है। क्या आप इसे खरीदना चाहेंगे?,3,0
Kevin Mathew & City Mumbai,केविन मैथ्यू और सिटी मुंबई,0,0
"no, that's all, thank you"," नहीं, बस इतना ही, धन्यवाद",3,0
"Sure, the plan is for $50 a month. Would you have any queries regarding this plan?"," ज़रूर, यह योजना $50 प्रति माह के लिए है। क्या आप इस योजना के बारे में कोई प्रश्न पूछना चाहेंगे?",3,0
CANADA, कनाडा,0,0
?, ?,0,0
OKAY. IS THERE ANY INFORMATION I NEED TO KNOW ABOUT THE INSTALLATION?, ठीक है। क्या कोई जानकारी है जो मुझे स्थापना के बारे में जानने की आवश्यकता है?,2,0
"Thanks for reaching out to us. It was a pleasure assisting you. We look forward for long and successful association. Have a great day ahead.
", हमसे संपर्क करने के लिए धन्यवाद। आपकी सहायता करना खुशी की बात थी। हम लंबे और सफल जुड़ाव की आशा करते हैं। आगे एक महान दिन हो।,3,2
"Well, the price for 5 GB internet services is $25 for 3 months, you can also renew your account after that with any other plan."," खैर, 5 जीबी इंटरनेट सेवाओं की कीमत 3 महीने के लिए $25 है, आप उसके बाद किसी अन्य योजना के साथ अपने खाते का नवीनीकरण भी कर सकते हैं।",1,0
Hi, नमस्ते,2,0
Nice! What would you like to know about our data plans?, अच्छा! आप हमारे डेटा प्लान के बारे में क्या जानना चाहेंगे?,3,0
"Sure! Before we help you purchase the service, could you please help me with your city name and zip code?"," ज़रूर! इससे पहले कि हम सेवा खरीदने में आपकी मदद करें, क्या आप कृपया अपने शहर के नाम और ज़िप कोड के साथ मेरी मदद कर सकते हैं?",3,0
"Alright! We have functionality plans available for you, The plans are as follows: 1 GB, 5 GB and 10 GB. which one you'd like to purchase? "," ठीक है! हमारे पास आपके लिए कार्यात्मक योजनाएँ उपलब्ध हैं, योजनाएँ इस प्रकार हैं: 1 जीबी, 5 जीबी और 10 जीबी। आप कौन सा खरीदना चाहेंगे?",2,0
Nothing Else., और कुछ नहीं।,2,0
i need intrnet service, मुझे इंटरनेट सेवा चाहिए,1,0
"Amazing! I've instructed my team, they'll call you and please help them with your details, so that they can visit you and set up everything and within 1 hour of installation your service will get activated and you then you can enjoy. :) ","अद्भुत! मैंने अपनी टीम को निर्देश दिया है, वे आपको कॉल करेंगे और कृपया आपके विवरण के साथ उनकी मदद करें, ताकि वे आपके पास आ सकें और सब कुछ सेट कर सकें और स्थापना के 1 घंटे के भीतर आपकी सेवा सक्रिय हो जाएगी और आप आनंद ले सकते हैं। :)",3,2
MAY I KNOW ABOUT THE PRICE OF THAT PLAN, क्या मैं उस योजना की कीमत के बारे में जान सकता हूँ,3,0
bye, अलविदा,2,0
Wonderful! Please feel free to reach out to us. Have a nice day. Bye., अद्भुत! कृपया बेझिझक हमसे संपर्क करें। आपका दिन शुभ हो। अलविदा।,3,2
I WILL TAKE THE 1GB PLAN.., मैं 1GB का प्लान लूंगा..,1,0
city little rock   zip code 21201, सिटी लिटिल रॉक ज़िप कोड 21201,2,0
"Awesome! Thank you for all the details, please give me a minute to proceed further. "," बहुत बढ़िया! सभी विवरणों के लिए धन्यवाद, कृपया मुझे आगे बढ़ने के लिए एक मिनट दें।",3,2
"Superb! Thank you for the details!  We provide internet, cable and phone services to our customers. Which one of these services, would you like to sign up for?"," शानदार! विवरण के लिए धन्यवाद! हम अपने ग्राहकों को इंटरनेट, केबल और फोन सेवाएं प्रदान करते हैं। आप इनमें से किस सेवा के लिए साइन अप करना चाहेंगे?",3,2
"Thank you Lily, may I also know the name of the city and the zip code? "," धन्यवाद लिली, क्या मैं शहर का नाम और ज़िप कोड भी जान सकता हूँ?",3,0
10 GB, 10 जीबी,0,0
5GB, 5GB,0,0
Alright! I'll surely help you out with that but firstly I will need your name and 16 digit account number please?, ठीक है! मैं निश्चित रूप से इसमें आपकी मदद करूंगा लेकिन सबसे पहले मुझे आपके नाम और 16 अंकों की खाता संख्या की आवश्यकता होगी?,3,0
ok take your time," ठीक है, जितना चाहिए समय लो",2,0
OK, ठीक है,2,0
"I like to sign up for your new service, Can you assist me?"," मुझे आपकी नई सेवा के लिए साइन अप करना पसंद है, क्या आप मेरी सहायता कर सकते हैं?",3,0
hai, हाय,2,0
no thanks," जी नहीं, धन्यवाद",3,1
yes, हां,2,0
"Surely, the plan is the fastest and the costs $200 a month. would you want me to confirm this for you?"," निश्चित रूप से, योजना सबसे तेज़ है और इसकी लागत $200 प्रति माह है। क्या आप चाहते हैं कि मैं आपके लिए इसकी पुष्टि कर दूं?",2,0
"city Sacramento zip code 94203
 ",शहर सैक्रामेंटो ज़िप कोड 94203,0,0
HI, नमस्ते,2,0
"Awesome! May I also know if you need a 1 GB, 5 GB, 10 GB plan for your service?"," बहुत बढ़िया! क्या मैं यह भी जान सकता हूं कि क्या आपको अपनी सेवा के लिए 1 जीबी, 5 जीबी, 10 जीबी प्लान चाहिए?",3,2
canada, कनाडा,0,0
"DELHI, 852100"," दिल्ली, 852100",2,0
"Sure! The premium cable only offers 75 channels and the platinum cable offers all the channels, would you like to switch from premium to platinum? "," ज़रूर! प्रीमियम केबल केवल 75 चैनल प्रदान करता है और प्लैटिनम केबल सभी चैनल प्रदान करता है, क्या आप प्रीमियम से प्लैटिनम में स्विच करना चाहेंगे?",3,1
Theresburgh 86753, थेरेसबर्ग 86753,0,0
bye!, अलविदा!,2,0
"Hello, you're connected to Continental cable customer service. How may I assist you today?","नमस्कार, आप कॉन्टिनेंटल केबल ग्राहक सेवा से जुड़े हैं। आज मैं आपकी मदद किस तरह कर सकता हूँ?",3,0
bye, अलविदा,2,0
CODE-145223, कोड-145223,0,0
"Thanks for confirming, Good news! I've booked your cable connection. Forthwith after this chat, my technical team will get in touch with you and they'll assist you further. In case you don't get any call, please get back to us anytime."," पुष्टि करने के लिए धन्यवाद, अच्छी खबर! मैंने आपका केबल कनेक्शन बुक कर लिया है। इस चैट के तुरंत बाद, मेरी तकनीकी टीम आपसे संपर्क करेगी और वे आगे आपकी सहायता करेंगे। यदि आपको कोई कॉल नहीं आती है, तो कृपया किसी भी समय हमसे संपर्क करें।",3,2
Thanks for your service Alex. No more help needed right now. Have a great day. Good bye, आपकी सेवा एलेक्स के लिए धन्यवाद। अभी और मदद की जरूरत नहीं है। आपका दिन अच्छा रहे। अलविदा,3,2
I would like to purchase new cable connection., मैं नया केबल कनेक्शन खरीदना चाहता/चाहती हूं.,2,0
no thanks," जी नहीं, धन्यवाद",3,1
Sure! I'll help you with that. Could you please provide me the city and the zip code?, ज़रूर! मैं इसमें आपकी मदद करूंगा। क्या आप कृपया मुझे शहर और ज़िप कोड प्रदान कर सकते हैं?,3,0
yes sir 10gd data in my phone, हाँ सर मेरे फ़ोन में 10gd डेटा,2,0
goodbye, अलविदा,2,0
OK THANK YOU, ठीक है धन्यवाद,3,2
4.53678E+11,4.53678E+11,0,0
1gb, 1जीबी,0,0
Sure! I'll help you with that. Could you please provide me the city and the zip code?, ज़रूर! मैं इसमें आपकी मदद करूंगा। क्या आप कृपया मुझे शहर और ज़िप कोड प्रदान कर सकते हैं?,3,0
"Thank you! Which data plan are you interested to go for. We have 1 GB, 5 GB and 10 GB which costs $3, $5 and $7 respectively. "," आपको धन्यवाद! आप किस डेटा प्लान के लिए जाना चाहते हैं। हमारे पास 1 जीबी, 5 जीबी और 10 जीबी है जिसकी कीमत क्रमशः $3, $5 और $7 है।",3,0
Nice! May I know to which service would you like to change to?, अच्छा! क्या मैं जान सकता हूँ कि आप किस सेवा में परिवर्तन करना चाहेंगे?,3,0
10gb, 10जीबी,0,0
Hi, नमस्ते,3,0
Wonderful! I had a good time assisting you. Have a nice day. Bye., अद्भुत! मेरे पास आपकी सहायता करने का अच्छा समय था। आपका दिन शुभ हो। अलविदा।,3,2
Internet, इंटरनेट,0,0
I WANT TO PURCHASE INTERNET, मुझे इंटरनेट खरीदना है,1,0
Please create the request for new service for me,कृपया मेरे लिए नई सेवा के लिए अनुरोध बनाएं,2,0
5 gb, 5 जीबी,0,0
Is there anything else I may help you with?, क्या कुछ और है जिसमें मैं आपकी मदद कर सकता हूं?,2,0
"CITY PALESTINE	
STATE TX	
PIN 75803", सिटी फिलिस्तीन राज्य TX पिन 75803,0,0
yes confirm the plan, हाँ योजना की पुष्टि करें,2,0
"Nothing else, Thank you for your Booking. Have a nice day to chat with you. "," और कुछ नहीं, आपकी बुकिंग के लिए धन्यवाद। आपके साथ चैट करने के लिए एक अच्छा दिन है।",3,0
raj, राज,0,0
no thanks," जी नहीं, धन्यवाद",3,1
"Hi! Good morning, Fastnet cable services, how may I assist you today?"," नमस्ते! सुप्रभात, फास्टनेट केबल सेवाएं, मैं आज आपकी कैसे सहायता कर सकता हूं?",3,0
yes, हां,2,0
"Nothing else, Thank you for your information. Have a nice day to chat with you. "," और कुछ नहीं, आपकी जानकारी के लिए धन्यवाद। आपके साथ चैट करने के लिए एक अच्छा दिन है।",3,0
"Thank you! The services we provide are cable connection, internet services and the phone connection. The plans we offer are 1 GB, 5 GB, 10 GB and the prices are $5, $25 and $50 respectively."," आपको धन्यवाद! हम जो सेवाएं प्रदान करते हैं वे हैं केबल कनेक्शन, इंटरनेट सेवाएं और फोन कनेक्शन। हमारे द्वारा पेश किए जाने वाले प्लान 1 जीबी, 5 जीबी, 10 जीबी हैं और कीमतें क्रमशः $ 5, $ 25 और $ 50 हैं।",3,0
10 GB, 10 जीबी,0,0
"Good morning! Thank you for contacting media cable services, How may I assist you today?"," सुबह बख़ैर! मीडिया केबल सेवाओं से संपर्क करने के लिए धन्यवाद, मैं आज आपकी कैसे सहायता कर सकता हूं?",3,0
okay sir, ठीक है श्रीमान,2,0
"Alright! It was great assisting you, have a wonderful day. Goodbye."," ठीक है! आपकी सहायता करके बहुत अच्छा लगा, आपका दिन मंगलमय हो। अलविदा।",3,2
no thanks," जी नहीं, धन्यवाद",3,1
Thank you for contacting us. Hope to have a great day ahead. Bye!, हमसे संपर्क करने के लिए धन्यवाद। आशा है कि आगे एक अच्छा दिन होगा। अलविदा!,3,2
"Awesome! For the cable service we have 1 Gb, 5 GB and 10 Gb plans. May I know which plan you'd like to purchase? "," बहुत बढ़िया! केबल सर्विस के लिए हमारे पास 1 जीबी, 5 जीबी और 10 जीबी प्लान हैं। क्या मैं जान सकता हूँ कि आप कौन-सा प्लान खरीदना चाहेंगे?",3,2
SORRY, माफ़ करना,2,1
Please feel free to contact us anytime. Thank you for reaching out to us. Have a great day ahead :), कृपया हमसे किसी भी समय निःसंकोच संपर्क करें। हमसे संपर्क की पहल के लिए आपका धन्यवाद। आगे एक महान दिन हो :),3,2
melur 6254152, मेलूर 6254152,0,0
NO THANKS," जी नहीं, धन्यवाद",3,1
No more query. That's all for today., कोई और पूछताछ नहीं। आज के लिए इतना ही।,1,0
Amazing. The plan is best for household use and is just for $50 per month. Would you want to confirm this plan for yourself?,अद्भुत। यह योजना घरेलू उपयोग के लिए सर्वोत्तम है और केवल $50 प्रति माह के लिए है। क्या आप अपने लिए इस योजना की पुष्टि करना चाहेंगे?,3,2
"Sure! I must say you've reached the right place for that, we provide the best services with the best plans at a very feasible rate. To help you further, could you please help me with the city name and it's zip code?"," ज़रूर! मुझे कहना होगा कि आप उसके लिए सही जगह पर पहुंच गए हैं, हम बहुत ही व्यवहार्य दर पर सर्वोत्तम योजनाओं के साथ सर्वोत्तम सेवाएं प्रदान करते हैं। आपकी और मदद करने के लिए, क्या आप कृपया शहर के नाम और उसके ज़िप कोड के बारे में मेरी मदद कर सकते हैं?",3,2
Okay thank you sir for helping., ठीक है सर मदद करने के लिए धन्यवाद।,3,2
Thank you for sharing the details. Could you tell me which data plan would you want?, विवरण साझा करने के लिए धन्यवाद। क्या आप मुझे बता सकते हैं कि आपको कौन सा डेटा प्लान चाहिए?,3,0
This is all I need for now, मुझे अभी के लिए बस इतना ही चाहिए,2,0
"Ok, Please activate 10 Gb, I think 10GB is better choice to me.."," ठीक है, कृपया 10 जीबी सक्रिय करें, मुझे लगता है कि 10 जीबी मेरे लिए बेहतर विकल्प है।",3,0
"Alright! Thank you for reaching out to us, we are always here to help you in any issue relating to cable/media. Goodbye!"," ठीक है! हमसे संपर्क करने के लिए धन्यवाद, केबल/मीडिया से संबंधित किसी भी मुद्दे में आपकी मदद करने के लिए हम हमेशा यहां मौजूद हैं। अलविदा!",3,2
HI SAM, नमस्ते सैम,3,0
Thank you for choosing our services. I had a good time assisting you. Please feel free to reach out to us for further queries. Have a nice day!,हमारी सेवाओं को चुनने के लिए धन्यवाद। मेरे पास आपकी सहायता करने का अच्छा समय था। कृपया आगे के प्रश्नों के लिए हमसे बेझिझक संपर्क करें। आपका दिन शुभ हो!,3,2
5 GB OK, 5 जीबी ओके,2,0
"Amazing place! I'd like to inform you that in your city and the area we provide 3 different data plans, which are 1Gb data plan, 5Gb data plan and 10Gb data plan. May I know which one would you prefer? "," अद्भूत स्थान! मैं आपको सूचित करना चाहता हूं कि आपके शहर और क्षेत्र में हम 3 अलग-अलग डेटा प्लान प्रदान करते हैं, जो 1 जीबी डेटा प्लान, 5 जीबी डेटा प्लान और 10 जीबी डेटा प्लान हैं। क्या मैं जान सकता हूँ कि आप किसे पसंद करेंगे?",3,2
"Thank you so much. Which plan would you like to go for (1GB, 5 GB, 10 GB)? ","बहुत-बहुत धन्यवाद। आप किस प्लान (1GB, 5GB, 10GB) के लिए जाना चाहेंगे?",3,0
I'll help you with this further! May I know the data pack you're willing to purchase?, मैं इसमें आपकी और मदद करूंगा! क्या मैं उस डेटा पैक को जान सकता हूँ जिसे आप खरीदना चाहते हैं?,3,0
Okay so would you want to cancel your current service and request for a new service?," ठीक है, तो क्या आप अपनी वर्तमान सेवा को रद्द करना चाहते हैं और एक नई सेवा के लिए अनुरोध करना चाहते हैं?",3,0
Fantastic! Thank you for reaching out to us. Have a nice day. Bye., ज़बरदस्त! हमसे संपर्क की पहल के लिए आपका धन्यवाद। आपका दिन शुभ हो। अलविदा।,3,2
Could you please stay connected while I go ahead and check with the data plans available.," जब तक मैं आगे बढ़ूँ और उपलब्ध डेटा योजनाओं की जाँच करूँ, क्या आप कृपया जुड़े रह सकते हैं।",3,0
For sure! May I know the name of the city and the zip code?, पक्का! क्या मैं शहर का नाम और ज़िप कोड जान सकता हूँ?,2,0
"NO,THANK YOU RORY"," नहीं, धन्यवाद रोरी",3,2
That's a great choice! I'd like to inform you that your requested service will be activated in the next 24-48 hours., यह एक बढ़िया विकल्प है! मैं आपको सूचित करना चाहता हूं कि आपकी अनुरोधित सेवा अगले 24-48 घंटों में सक्रिय हो जाएगी।,3,2
change to my cable service, मेरी केबल सेवा में बदलें,0,0
hello, नमस्ते,2,0
Nope that is all!, नहीं बस इतना ही!,2,0
Good Evening!, नमस्ते!,3,2
madurai 49105, मदुरै 49105,0,0
Thank you for reaching out to us. Good day!, हमसे संपर्क की पहल के लिए आपका धन्यवाद। अच्छा दिन!,3,2
Hello! Welcome to prodesk cable services. How may I help you today?, नमस्ते! प्रोडेस्क केबल सेवाओं में आपका स्वागत है। आज मैं आपकी कैसे मदद कर सकता हूँ?,3,0
"Thank you for staying connected. Our executives will reach out to you for further details, will that be fine with you?"," जुड़े रहने के लिए धन्यवाद। हमारे अधिकारी अधिक जानकारी के लिए आप तक पहुंचेंगे, क्या यह आपके लिए ठीक रहेगा?",3,2
Perfect! Thank you for all the details. I have forwarded your request. Our cable installation team will reach you within 2-3 days as per your preferred time slot.  Will there be anything else I could do for you?,उत्तम! सभी विवरण के लिए धन्यवाद। मैंने आपका अनुरोध अग्रेषित कर दिया है। हमारी केबल इंस्टॉलेशन टीम आपके पसंदीदा समय स्लॉट के अनुसार 2-3 दिनों के भीतर आप तक पहुंच जाएगी। क्या मैं तुम्हारे लिए और कुछ कर सकता हूँ?,3,2
"Hi, I want some service please"," नमस्ते, मुझे कृपया कुछ सेवा चाहिए",3,0
"I apologize! Hello there, Welcome to D-Link service. How may I help you today?
"," मैं क्षमाप्रार्थी हूं! नमस्ते, डी-लिंक सेवा में आपका स्वागत है। आज मैं आपकी कैसे मदद कर सकता हूँ?",3,0
i want cable connection, मुझे केबल कनेक्शन चाहिए,1,0
bye spencer, अलविदा स्पेंसर,2,0
I see the bill amount till date is 20$., मैं देखता हूं कि अब तक की बिल राशि 20$ है।,1,0
no thanks," जी नहीं, धन्यवाद",3,1
Absolutely! You're just at the right place for data service. May I know the type?, बिल्कुल! आप डेटा सेवा के लिए बिल्कुल सही जगह पर हैं। क्या मैं प्रकार जान सकता हूँ?,3,2
i would like to purchase new cable service, मैं नई केबल सेवा खरीदना चाहूंगा,2,0
"Price Damon, 0987 6544 4456 "," मूल्य डेमन, 0987 6544 4456",0,0
"Sorry, I didn't get your last response?"," क्षमा करें, मुझे आपका अंतिम उत्तर नहीं मिला?",3,0
i need 5GB plan, मुझे 5GB प्लान चाहिए,1,0
"City is Bangalore, Zipcode is 56498"," शहर बैंगलोर है, ज़िप कोड 56498 . है",0,0
Hi! Welcome to Dll Cable company. May I know your query please?, नमस्ते! डीएल केबल कंपनी में आपका स्वागत है। क्या मैं आपका प्रश्न जान सकता हूँ?,3,0
Have a great day ahead and take care. Goodbye, आपका दिन अच्छा बीते और अपना ख्याल रखें। अलविदा,3,2
Amazing plans you have .So could you suggest which would be the best to choose?, आपके पास अद्भुत योजनाएँ हैं। तो क्या आप सुझाव दे सकते हैं कि कौन सा चुनना सबसे अच्छा होगा?,3,2
i want new cable service, मुझे नई केबल सेवा चाहिए,1,0
789123,789123,0,0
"Thanks for staying connected with us. For further assistance, feel free to reach out to us. We are always here to help you."," हमारे साथ जुड़े रहने के लिए धन्यवाद। अधिक सहायता के लिए, बेझिझक हमसे संपर्क करें। हम आपकी मदद करने के लिए हमेशा मौजूद हैं।",3,2
ZIP - 70809, ज़िप - 70809,0,0
"Sure! Thank you for choosing Net Link for you new cable/media service, we serve the best plans for our customers at a very feasible amount. And, I'll be happy to help you in this regard. May I know the city you live in and it's zip code?","ज़रूर! आपके लिए नई केबल/मीडिया सेवा के लिए नेट लिंक चुनने के लिए धन्यवाद, हम अपने ग्राहकों के लिए बहुत ही व्यवहार्य राशि पर सर्वोत्तम योजनाएं प्रदान करते हैं। और, मुझे इस संबंध में आपकी सहायता करने में खुशी होगी। क्या मैं उस शहर को जान सकता हूँ जिसमें आप रहते हैं और उसका ज़िप कोड है?",3,2
ok bye, चलो बाय,2,0
I NEED A CABLE CONNECTION, मुझे केबल कनेक्शन चाहिए,1,0
"Thank you for that! May I know which data plan would you like to purchase? We have 1 GB, 5 GB and 10 GB available as of now."," उसके लिये आपका धन्यवाद! क्या मैं जान सकता हूँ कि आप कौन सा डेटा प्लान खरीदना चाहेंगे? हमारे पास अभी तक 1 जीबी, 5 जीबी और 10 जीबी उपलब्ध है।",3,0
i want to new cable, मुझे नई केबल चाहिए,1,0
Have a great day ahead and take care. Goodbye, आपका दिन अच्छा बीते और अपना ख्याल रखें। अलविदा,3,2
HI, नमस्ते,2,0
NOTHING ELSE, और कुछ नहीं,2,0
Awesome! Please allow me a moment to proceed further., बहुत बढ़िया! कृपया मुझे आगे बढ़ने के लिए एक क्षण का समय दें।,3,2
HI, नमस्ते,2,0
"Alright! It was great assisting you, have an amazing day. Goodbye."," ठीक है! आपकी सहायता करके बहुत अच्छा लगा, आपका दिन मंगलमय हो। अलविदा।",2,2
okay thank you, ठीक है धन्यवाद,3,2
"Hey! Good morning, You're connected to China customer service. I'd be glad to assist you today!"," अरे! सुप्रभात, आप चीन ग्राहक सेवा से जुड़े हैं। मुझे आज आपकी सहायता करने में खुशी होगी!",3,2
5 gb data plan, 5 जीबी डेटा प्लान,0,0
Hello, नमस्ते,2,0
5 GB, 5 जीबी,0,0
BYE, अलविदा,2,0
i would like to purchase new cable service, मैं नई केबल सेवा खरीदना चाहूंगा,2,0
HI, नमस्ते,2,0
"Welcome to Y-Link customer service. How may I help you today? 
", वाई-लिंक ग्राहक सेवा में आपका स्वागत है। आज मैं आपकी कैसे मदद कर सकता हूँ?,2,0
"All right. As per your request, I have initiated the data plan of 5GB. You would be receiving the message and the payment link shortly. Is there anything else I may help you with?"," ठीक है। आपके अनुरोध के अनुसार, मैंने 5GB का डेटा प्लान शुरू किया है। आपको शीघ्र ही संदेश और भुगतान लिंक प्राप्त होगा। क्या कुछ और है जिसमें मैं आपकी मदद कर सकता हूं?",2,0
"Hello there, My name is Casey and how may I help you today? ","नमस्ते, मेरा नाम केसी है और मैं आज आपकी कैसे मदद कर सकता हूं?",3,0
"Thanks for confirming, I've booked your connection. In a while you'll receive an email, you'll find username and OTP shared. Please download our app ""D-link services"". Kindly login and your service will get activated, you can start enjoying it. "," पुष्टि करने के लिए धन्यवाद, मैंने आपका कनेक्शन बुक कर लिया है। थोड़ी देर में आपको एक ईमेल प्राप्त होगा, आपको उपयोगकर्ता नाम और ओटीपी साझा किया हुआ मिलेगा। कृपया हमारा ऐप ""डी-लिंक सेवाएं"" डाउनलोड करें। कृपया लॉगिन करें और आपकी सेवा सक्रिय हो जाएगी, आप इसका आनंद लेना शुरू कर सकते हैं।",3,2
"We're here to help you with the slightest issue of yours. We'll be happy to help you further, if there's any concerns please feel free to visit our website www.cablemedia.com. "," हम आपकी थोड़ी सी भी समस्या में आपकी मदद करने के लिए यहां हैं। हमें आपकी और मदद करने में खुशी होगी, अगर कोई चिंता है तो कृपया बेझिझक हमारी वेबसाइट www.cablemedia.com पर जाएं।",3,2
"Good news! I'd like to inform you that, I've confirmed you new 5 GB cable connection. Our executives will reach you within 48 hrs for the installation. Is there anything else that I may help you with?"," खुशखबरी! मैं आपको सूचित करना चाहता हूं कि, मैंने आपको नए 5 जीबी केबल कनेक्शन की पुष्टि की है। स्थापना के लिए हमारे अधिकारी 48 घंटे के भीतर आप तक पहुंचेंगे। क्या कुछ और है जिसमें मैं आपकी मदद कर सकता हूं?",3,2
Hi, नमस्ते,3,0
"Congratulations! I've confirmed your new  10 GB internet services, Our executives will reach you with the installation within 48 hrs. And, you are now part of Net Link services, I've also created an account of yours with Net Link. Further you can check all our plans and discounts from our website i.e www.netlink.com.  ","बधाई हो! मैंने आपकी नई 10 जीबी इंटरनेट सेवाओं की पुष्टि की है, हमारे अधिकारी 48 घंटे के भीतर इंस्टॉलेशन के साथ आप तक पहुंच जाएंगे। और, अब आप नेट लिंक सेवाओं का हिस्सा हैं, मैंने नेट लिंक के साथ आपका खाता भी बनाया है। इसके अलावा आप हमारी वेबसाइट www.netlink.com से हमारी सभी योजनाओं और छूटों की जांच कर सकते हैं।",3,2
Awesome! I'll help you with that. May I know your current city and it's zip code please?, बहुत बढ़िया! मैं इसमें आपकी मदद करूंगा। क्या मैं आपका वर्तमान शहर और उसका ज़िप कोड जान सकता हूँ?,3,2
Fantastic! I have forwarded your subscription request for the 5 GB internet data plan. You will be receiving a confirmation message regarding the same within 24 hours. We hope you enjoy our service. Will there be anything else I could help you with?, ज़बरदस्त! मैंने 5 जीबी इंटरनेट डेटा प्लान के लिए आपका सब्सक्रिप्शन अनुरोध अग्रेषित कर दिया है। आपको 24 घंटे के भीतर उसी के संबंध में एक पुष्टिकरण संदेश प्राप्त होगा। हमें उम्मीद है कि आप हमारी सेवा का आनंद लेंगे। क्या कुछ और होगा जिसमें मैं आपकी मदद कर सकूं?,3,2
"Alright! I'll be able to help you in this, may I please know the city you belong to and its zip code?"," ठीक है! मैं इसमें आपकी मदद कर सकूंगा, क्या मैं कृपया उस शहर के बारे में जान सकता हूं जिससे आप संबंधित हैं और उसका ज़िप कोड?",3,0
Good Morning! Thank you for contacting F-Link service. How may I help you today?, शुभ प्रभात! एफ-लिंक सेवा से संपर्क करने के लिए धन्यवाद। आज मैं आपकी कैसे मदद कर सकता हूँ?,3,2
"I apologize, could you please be more specific with your concern? "," मुझे खेद है, क्या आप कृपया अपनी चिंता के बारे में अधिक विशिष्ट हो सकते हैं?",3,0
texas 76644, टेक्सास 76644,0,0
"Hi Spencer, I would like to sign up for 10 BG internet service?"," हाय स्पेंसर, मैं 10 बीजी इंटरनेट सेवा के लिए साइन अप करना चाहूंगा?",3,0
"Hello! Welcome to Zoom services, may I know how may I help you? "," नमस्ते! ज़ूम सेवाओं में आपका स्वागत है, क्या मैं जान सकता हूँ कि मैं आपकी कैसे मदद कर सकता हूँ?",3,0
My pleasure! Thanks for being considerate. Would there be anything else I may help you with?, मेरा सौभाग्य! विचारशील होने के लिए धन्यवाद। क्या कुछ और होगा जिसमें मैं आपकी मदद कर सकूं?,3,2
"Indeed, the best! Could you please help me with your city and it's pin code?","वास्तव में, सबसे अच्छा! क्या आप कृपया अपने शहर और उसके पिन कोड के बारे में मेरी मदद कर सकते हैं?",3,2
Hello! Welcome to Prodesk cable services. How may I help you today?, नमस्ते! प्रोडेस्क केबल सेवाओं में आपका स्वागत है। आज मैं आपकी कैसे मदद कर सकता हूँ?,3,0
current city: vanakkam and 27102., वर्तमान शहर: वनक्कम और 27102।,2,0
BYE, अलविदा,2,0
"Awesome! Could you also please help me with the plan you need for your service? The plans we offer are 1 GB, 5 GB, 10 GB and the prices are $5, $25 and $50 respectively."," बहुत बढ़िया! क्या आप अपनी सेवा के लिए आवश्यक योजना में भी मेरी मदद कर सकते हैं? हमारे द्वारा पेश किए जाने वाले प्लान 1 जीबी, 5 जीबी, 10 जीबी हैं और कीमतें क्रमशः $ 5, $ 25 और $ 50 हैं।",3,2
"Thank you for sharing the details. We provide different services like cable, internet and phone. Could you please tell me the data service that you would to purchase?"," विवरण साझा करने के लिए धन्यवाद। हम केबल, इंटरनेट और फोन जैसी विभिन्न सेवाएं प्रदान करते हैं। क्या आप कृपया मुझे वह डेटा सेवा बता सकते हैं जिसे आप खरीदना चाहते हैं?",3,0
You're always welcome! Have a great day ahead and please do reach out to us in case of any further queries., आपका हमेशा स्वागत है! आपका दिन शुभ हो और किसी भी अन्य प्रश्न के मामले में कृपया हमसे संपर्क करें।,3,2
"Hello! Thank you for contacting our live chat service, How may I help you today? "," नमस्ते! हमारी लाइव चैट सेवा से संपर्क करने के लिए धन्यवाद, मैं आज आपकी कैसे मदद कर सकता हूं?",3,0
Hello, नमस्ते,2,0
"Great! Could you please let me know that which plan would you like to go for? (1GB, 5 GB, 10 GB) 
"," महान! क्या आप कृपया मुझे बता सकते हैं कि आप किस योजना के लिए जाना चाहेंगे? (1 जीबी, 5 जीबी, 10 जीबी)",3,2
"Hello! Good evening, Fast net cable services. How may I assist you today?"," नमस्ते! शुभ संध्या, फास्ट नेट केबल सेवाएं। आज मैं आपकी मदद किस तरह कर सकता हूँ?",3,0
I WANT TO PURCHASE INTERNET, मुझे इंटरनेट खरीदना है,1,0
NOTHING ELSE, और कुछ नहीं,2,0
"Beverly Hill, California"," बेवर्ली हिल, कैलिफ़ोर्निया",2,0
"Superb! Thank you for the details! We have 1 GB, 5 GB and 10 GB cable data plans for you. Which one of these plans, would you like to sign up for?"," शानदार! विवरण के लिए धन्यवाद! हमारे पास आपके लिए 1 जीबी, 5 जीबी और 10 जीबी केबल डेटा प्लान हैं। आप इनमें से किस योजना के लिए साइन अप करना चाहेंगे?",3,2
I need new Internet connection, मुझे नया इंटरनेट कनेक्शन चाहिए,1,0
OK, ठीक है,2,0
koliforniya, कोलिफ़ोर्निया,2,0
nothing else, और कुछ नहीं,1,0
"Thank you for staying connected. We've made a note of your request, please give us 24 hours for the installation process. Our executives will reach out to you for further details, please feel free to visit our website www.actfibernet.com.","जुड़े रहने के लिए धन्यवाद। हमने आपके अनुरोध को नोट कर लिया है, कृपया हमें इंस्टॉलेशन प्रक्रिया के लिए 24 घंटे का समय दें। अधिक जानकारी के लिए हमारे अधिकारी आपसे संपर्क करेंगे, कृपया बेझिझक हमारी वेबसाइट www.actfibernet.com देखें।",3,2
Thank you for contacting us. I hope you have a great day ahead. Bye1, हमसे संपर्क करने के लिए धन्यवाद। मुझे आशा है कि आपके लिए आगे एक अच्छा दिन होगा। अलविदा1,3,2
"Thank you! Since you've mentioned you would like to go ahead with the phone connection. We have three packages to offer, (1GB, 5 GB, 10 GB) which are $5 $10 and $20 respectively. Now would you please go ahead and choose a package for yourself please?"," आपको धन्यवाद! चूंकि आपने उल्लेख किया है कि आप फ़ोन कनेक्शन के साथ आगे बढ़ना चाहेंगे। हमारे पास पेश करने के लिए तीन पैकेज हैं, (1GB, 5GB, 10GB) जो क्रमशः $5 $10 और $20 हैं। अब क्या आप कृपया आगे बढ़ें और कृपया अपने लिए एक पैकेज चुनें?",3,2
i need 5 gb data plan, मुझे 5 जीबी डेटा प्लान चाहिए,1,0
zip - 32810, ज़िप - 32810,0,0
"Good morning, you're connected to AT&T Customer Service. How can I be of help to you?"," सुप्रभात, आप एटी एंड टी ग्राहक सेवा से जुड़े हैं। मैं आपकी किस प्रकार सहायता कर सकता हूँ?",3,0
Apologies for the delay in the response., प्रतिक्रिया में देरी के लिए खेद है।,2,1
You're most welcome! Anything else I may help you further with?, आपका स्वागत है! कुछ और जो मैं आगे आपकी मदद कर सकता हूँ?,3,2
"Superb! Could you please provide the information regarding the plan you'd opt in 1 GB, 5 GB and 10 GB?"," शानदार! क्या आप कृपया उस योजना के बारे में जानकारी प्रदान कर सकते हैं जिसे आप 1 जीबी, 5 जीबी और 10 जीबी में चुनते हैं?",3,2
no thanks," जी नहीं, धन्यवाद",3,1
chennai 710462, चेन्नई 710462,0,0
"Sure, I'll do my best to assist you. Could you share the city and the zip code?"," ज़रूर, मैं आपकी मदद करने की पूरी कोशिश करूँगा। क्या आप शहर और पिन कोड साझा कर सकते हैं?",3,0
Fantastic! Thank you for reaching out to us. Have a great day. Bye., ज़बरदस्त! हमसे संपर्क की पहल के लिए आपका धन्यवाद। आपका दिन अच्छा रहे। अलविदा।,3,2
hi, नमस्ते,2,0
"Awesome! Thank you for the details. We have 1 GB, 5 GB and 10 GB data plans for our cable services. Which one of these are you looking for?"," बहुत बढ़िया! विवरण के लिए धन्यवाद। हमारी केबल सेवाओं के लिए हमारे पास 1 जीबी, 5 जीबी और 10 जीबी डेटा प्लान हैं। आप इनमें से किसकी तलाश कर रहे हैं?",3,2
hi, नमस्ते,2,0
i want to new cable service,मुझे नई केबल सेवा चाहिए,1,0
no thanks," जी नहीं, धन्यवाद",3,1
Thank you! Now could you please mention the name the of the service you would like to purchase from us?, आपको धन्यवाद! अब क्या आप कृपया उस सेवा का नाम बता सकते हैं जिसे आप हमसे खरीदना चाहते हैं?,3,0
hi, नमस्ते,2,0
Nivi could you also help me out with your home address?, निवी क्या आप भी अपने घर का पता बताने में मेरी मदद कर सकते हैं?,3,0
Perfect! Could you please share your account number?, उत्तम! क्या आप कृपया अपना खाता नंबर साझा कर सकते हैं?,3,2
"The 5 GB plan will cost you around $5 on monthly basis including all taxes. I will activate the same for you right away. 
", 5 जीबी प्लान में आपको सभी करों सहित मासिक आधार पर लगभग $ 5 का खर्च आएगा। मैं इसे तुरंत आपके लिए सक्रिय कर दूंगा।,3,2
We are delighted to serve you. May I know your city name and zip code please?, हम आपकी सेवा करके प्रसन्न हैं। क्या मैं आपके शहर का नाम और ज़िप कोड जान सकता हूँ?,3,2
nothing, कुछ नहीं,1,0
$10*, $10*,0,0
Sure., ज़रूर।,2,0
Internet service, इंटरनेट सेवा,0,0
May I know the name of your city please?, क्या मैं आपके शहर का नाम जान सकता हूँ?,3,0
SORRY, माफ़ करना,2,1
no, नहीं,1,1
I am looking out for a fast and effective Internet plan .Can you suggest me one?, मैं एक तेज़ और प्रभावी इंटरनेट योजना की तलाश में हूँ। क्या आप मुझे एक सुझाव दे सकते हैं?,2,0
thats fine, कोई बात नहीं,1,2
i want new cable service, मुझे नई केबल सेवा चाहिए,1,0
Fantastic! Thank you for reaching out to us. Have a great day. Bye., ज़बरदस्त! हमसे संपर्क की पहल के लिए आपका धन्यवाद। आपका दिन अच्छा रहे। अलविदा।,3,2
ok, ठीक है,2,0
"Alright, I'll go ahead and confirm the 1Gb plan for you which will be installed and activated in the next 2 business days. "," ठीक है, मैं आगे बढ़ूंगा और आपके लिए 1Gb योजना की पुष्टि करूंगा जो अगले 2 व्यावसायिक दिनों में स्थापित और सक्रिय हो जाएगी।",2,0
it's $85 per month., यह $85 प्रति माह है।,0,0
5gb, 5जीबी,0,0
Hey there! Good morning. You've reached LMT cable services. How may I assist you?, सुनो! सुबह बख़ैर। आप LMT केबल सेवाओं तक पहुँच चुके हैं। मैं आपकी कैसे सहायता कर सकता हूँ?,3,0
HELLO SIR GOOD MORNING, हेलो सर गुड मॉर्निंग,3,2
Thank you for contacting our live chat customer service. Hope to serve you again in future. Bye!, हमारी लाइव चैट ग्राहक सेवा से संपर्क करने के लिए धन्यवाद। आशा है कि भविष्य में फिर से आपकी सेवा करेंगे। अलविदा!,3,2
Perfect. Your request for the desired service has been raised and our agent will contact you for the installation at your convenient time., उत्तम। वांछित सेवा के लिए आपका अनुरोध उठाया गया है और हमारे एजेंट आपके सुविधाजनक समय पर स्थापना के लिए आपसे संपर्क करेंगे।,2,2
89765,89765,0,0
hai! i want to sign up new service., है! मैं नई सेवा साइन अप करना चाहता हूं।,2,0
I hope we are still connected?, मुझे आशा है कि हम अभी भी जुड़े हुए हैं?,2,0
Thank you for contacting our service. I hope you have a great day ahead. Bye!,हमारी सेवा से संपर्क करने के लिए धन्यवाद। मुझे आशा है कि आपके लिए आगे एक अच्छा दिन होगा। अलविदा!,3,2
Have a great day ahead and take care. Goodbye, आपका दिन अच्छा बीते और अपना ख्याल रखें। अलविदा,3,2
"Superb! Could you please share the type of plan you'd choose among 1 GB, 5 GB and 10 GB?"," शानदार! क्या आप कृपया 1 जीबी, 5 जीबी और 10 जीबी के बीच चुने गए प्लान के प्रकार को साझा कर सकते हैं?",3,2
oh yes thanks, ओह हाँ धन्यवाद,3,2
no, नहीं,1,1
Thank you for sharing the details. Could you please tell me the data plan you would like to purchase?, विवरण साझा करने के लिए धन्यवाद। क्या आप कृपया मुझे वह डेटा प्लान बता सकते हैं जिसे आप खरीदना चाहते हैं?,3,0
That's great! The plan is for $80 a month. Would you have any more queries regarding this plan?, एक दम बढ़िया! योजना $ 80 प्रति माह के लिए है। क्या आप इस योजना के बारे में कोई और प्रश्न पूछना चाहेंगे?,3,2
Are we still connected?, हम अभी भी जुड़े हैं?,1,0
BYE, अलविदा,2,0
Fantastic! Thank you for reaching out to us. Have a nice day. Bye., ज़बरदस्त! हमसे संपर्क की पहल के लिए आपका धन्यवाद। आपका दिन शुभ हो। अलविदा।,3,2
Perfect! May I please know which data plan would you like to purchase?, उत्तम! क्या मैं कृपया जान सकता हूँ कि आप कौन सा डेटा प्लान खरीदना चाहेंगे?,3,2
any discount is available, कोई छूट उपलब्ध है,0,0
Alright! Is there anything else I may assist you with?, ठीक है! क्या कुछ और है जिसमें मैं आपकी सहायता कर सकता हूं?,2,0
no thanks," जी नहीं, धन्यवाद",3,1
"Thank you for all the details, kindly give me a minute to proceed further. "," सभी विवरणों के लिए धन्यवाद, कृपया मुझे आगे बढ़ने के लिए एक मिनट दें।",3,0
Thank you! Could you please help me with the name of the service you are looking to purchase?, आपको धन्यवाद! क्या आप कृपया उस सेवा के नाम में मेरी सहायता कर सकते हैं जिसे आप खरीदना चाहते हैं?,3,0
"Lovely place! I'd like to inform you that in your city and area we offer 1Gb data plan, 5Gb data plan and 10Gb data plan. May I know which one would you prefer? "," सुंदर जगह! मैं आपको सूचित करना चाहता हूं कि आपके शहर और क्षेत्र में हम 1Gb डेटा प्लान, 5Gb डेटा प्लान और 10Gb डेटा प्लान प्रदान करते हैं। क्या मैं जान सकता हूँ कि आप किसे पसंद करेंगे?",3,2
"Sure, we offer three plans 1 GB, 5 GB and 10 GB. The prices are $60, $100 and $120 per month respectively. I suggest you go with the 10 GB as it's the fastest. What do you say?","ज़रूर, हम तीन प्लान पेश करते हैं 1 जीबी, 5 जीबी और 10 जीबी। कीमतें क्रमशः $ 60, $ 100 और $ 120 प्रति माह हैं। मेरा सुझाव है कि आप 10 जीबी के साथ जाएं क्योंकि यह सबसे तेज है। क्यों भाई क्या कहते हो?",3,0
Hello! How may I assist you today?, नमस्ते! आज मैं आपकी मदद किस तरह कर सकता हूँ?,3,0
"Hey there, how may I assist you today? "," अरे वहाँ, मैं आज आपकी कैसे सहायता कर सकता हूँ?",3,0
10gb, 10जीबी,0,0
OK, ठीक है,2,0
Amazing! May I please know the city too?, अद्भुत! क्या मैं कृपया शहर को भी जान सकता हूँ?,3,2
HI, नमस्ते,2,0
"I will surely help you out with that but before we go ahead, could I have the name of your city and it's zip code please?"," मैं निश्चित रूप से इसमें आपकी मदद करूंगा लेकिन इससे पहले कि हम आगे बढ़ें, क्या मुझे आपके शहर का नाम और उसका ज़िप कोड मिल सकता है?",3,0
10 gb, 10 जीबी,0,0
city: KS zip: 87999, शहर: केएस ज़िप: 87999,0,0
"Great choice! We'll levy $25.80 per month, Is that okay?"," बहुत बढ़िया पसंद! हम प्रति माह $25.80 लगाएंगे, क्या यह ठीक है?",3,2
oaky, मज़बूत,2,0
I need some internet service., मुझे कुछ इंटरनेट सेवा चाहिए।,1,0
Thank you for staying on hold. I appreciate your time and patience. I have updated the email address for you. You would be receiving a confirmation message shortly. Please let me know if you have any other queries., रुके रहने के लिए धन्यवाद। मैं आपके समय और धैर्य की सराहना करता हूं। मैंने आपके लिए ईमेल पता अपडेट कर दिया है। आपको शीघ्र ही एक पुष्टिकरण संदेश प्राप्त होगा। कृपया मुझे बताएं कि क्या आपके कोई अन्य प्रश्न हैं।,3,2
okay, ठीक है,2,0
Current city: Zimba..ZIP:91528, वर्तमान शहर: जिम्बा..ज़िप:91528,0,0
I would like to inform that i need to buyy new internet connection., मैं सूचित करना चाहूंगा कि मुझे नया इंटरनेट कनेक्शन खरीदना है।,3,0
I WANT TO PURCHASE INTERNET, मुझे इंटरनेट खरीदना है,1,0
You're always welcome! Have a great day ahead and please do reach out to us in case of any further queries., आपका हमेशा स्वागत है! आपका दिन शुभ हो और किसी भी अन्य प्रश्न के मामले में कृपया हमसे संपर्क करें।,3,2
Perfect! Is there anything else that I may help you with?, उत्तम! क्या कुछ और है जिसमें मैं आपकी मदद कर सकता हूं?,3,2
"All right. As per your request, I have initiated the data plan of 10GB. You would be receiving the message and the payment link shortly. Is there anything else I may help you with?","ठीक है। आपके अनुरोध के अनुसार, मैंने 10GB का डेटा प्लान शुरू किया है। आपको शीघ्र ही संदेश और भुगतान लिंक प्राप्त होगा। क्या कुछ और है जिसमें मैं आपकी मदद कर सकता हूं?",2,0
ssn number:4572, एसएसएन नंबर: 4572,0,0
need to sign up new service, नई सेवा साइन अप करने की आवश्यकता है,1,0
Hi!, नमस्ते!,3,0
hi, नमस्ते,2,0
"hi,good morning", हाय सुप्रभात,3,0
okay no thanks, ठीक है नहीं धन्यवाद,3,1
hello, नमस्ते,2,0
"I'm sorry, but are you referring to the cable service or internet service? "," मुझे खेद है, लेकिन क्या आप केबल सेवा या इंटरनेट सेवा की बात कर रहे हैं?",3,0
"Hello! Welcome to Zoom services, how may I assist you? "," नमस्ते! ज़ूम सेवाओं में आपका स्वागत है, मैं आपकी कैसे सहायता कर सकता हूँ?",3,0
Thank you! Anything else that I may help you with?, आपको धन्यवाद! कुछ और जिससे मैं आपकी मदद कर सकूं?,3,2
Awesome! Will there be anything else I may help you with?, बहुत बढ़िया! क्या कुछ और होगा जिसमें मैं आपकी मदद कर सकूं?,3,2
"Sure, would you need all the three services?"," ज़रूर, क्या आपको तीनों सेवाओं की ज़रूरत पड़ेगी?",3,0
ok, ठीक है,2,0
"Thank you for staying connected with us. For any query, feel free to reach out to us."," हमारे साथ जुड़े रहने के लिए धन्यवाद। किसी भी प्रश्न के लिए, बेझिझक हमसे संपर्क करें।",3,2
I WANT CURRENT BILL, मुझे वर्तमान बिल चाहिए,1,0
DELHI AND 984125, दिल्ली और 984125,2,0
I'm trying to sign up for a new cable service, मैं एक नई केबल सेवा के लिए साइन अप करने का प्रयास कर रहा हूं,1,0
"Valuable customers like you are always welcome! Thank you for choosing our service! For any query, please feel free to call us anytime on our toll free number. We are always here to help you! "," आप जैसे मूल्यवान ग्राहकों का हमेशा स्वागत है! हमारी सेवा चुनने के लिए धन्यवाद! किसी भी प्रश्न के लिए, कृपया बेझिझक हमें किसी भी समय हमारे टोल फ्री नंबर पर कॉल करें। हम आपकी मदद करने के लिए हमेशा मौजूद हैं!",3,2
"Please drop in your invaluable feedback at 546-827-124, by giving a missed call. Good day!", कृपया मिस्ड कॉल देकर 546-827-124 पर अपनी बहुमूल्य प्रतिक्रिया दें। अच्छा दिन!,3,0
OK BYE, चलो बाय,2,0
"Yes, I access it.  Thank you for clearing my doubts.","हां, मैं इसे एक्सेस करता हूं। मेरी शंकाओं को दूर करने के लिए धन्यवाद।",3,2
I WANT TO PURCHASE NEW CABLE, मैं नया केबल खरीदना चाहता हूँ,1,2
"Awesome! Thank you for reaching out to us, hope you'll have an amazing day ahead! Goodbye! "," बहुत बढ़िया! हमसे संपर्क करने के लिए धन्यवाद, आशा है कि आपका आने वाला दिन शानदार होगा! अलविदा!",3,2
10 GB Data plan, 10 जीबी डेटा प्लान,0,0
i want to sing up to a new data plan, मैं एक नई डेटा योजना के लिए गाना चाहता हूँ,1,0
OKAY, ठीक है,2,0
"Good morning! Welcome to V-Fiber net services, how may I help you today?"," सुबह बख़ैर! वी-फाइबर नेट सेवाओं में आपका स्वागत है, मैं आज आपकी कैसे मदद कर सकता हूं?",3,0
67490,67490,0,0
THANK YOU, धन्यवाद,3,2
my name is James Andarson  And my account number  is 7896541236985214, मेरा नाम James Andarson है और मेरा अकाउंट नंबर 7896541236985214 है,1,0
"Sure, thank you. I appreciate it. Which data plan would you want to subscribe to?"," पक्का, आपका धन्यवाद। मैं इसकी सराहना करता हूं। आप किस डेटा प्लान की सदस्यता लेना चाहेंगे?",3,0
please tellme about plan list, कृपया मुझे योजना सूची के बारे में बताएं,3,0
Good morning! You've reached Net link Media/Cable Services. How may I help you today?, सुबह बख़ैर! आप नेट लिंक मीडिया/केबल सेवाओं पर पहुंच गए हैं। आज मैं आपकी कैसे मदद कर सकता हूँ?,3,0
yes, हां,2,0
"Thank you for contacting us. I hope you have a great day ahead. Bye! 
Userbye", हमसे संपर्क करने के लिए धन्यवाद। मुझे आशा है कि आपके लिए आगे एक अच्छा दिन होगा। अलविदा! उपयोगकर्ता अलविदा,3,2
Would there be anything else I may assist you with?, क्या कुछ और होगा जिसमें मैं आपकी सहायता कर सकूं?,2,0
OK, ठीक है,2,0
Awesome! I'd be glad to help you with that. May I know the name of your city please?, बहुत बढ़िया! मुझे इसमें आपकी मदद करने में खुशी होगी। क्या मैं आपके शहर का नाम जान सकता हूँ?,3,2
"Thank you! Additionally I would like to ask that which data plan are you interested in. We have 1 GB that costs $3, 5 GB that costs $5 and 10 GB that costs $7 respectively."," आपको धन्यवाद! इसके अतिरिक्त मैं यह पूछना चाहता हूं कि आप किस डेटा प्लान में रुचि रखते हैं। हमारे पास 1 जीबी है जिसकी कीमत $ 3, 5 जीबी है जिसकी कीमत $ 5 और 10 जीबी है जिसकी कीमत क्रमशः $ 7 है।",3,0
"Thanks for being considerate. I've forwarded your request to our installation department, One of our associate will get in touch with you, They'll assist you further. "," विचारशील होने के लिए धन्यवाद। मैंने आपका अनुरोध हमारे संस्थापन विभाग को भेज दिया है, हमारा एक सहयोगी आपसे संपर्क करेगा, वे आगे आपकी सहायता करेंगे।",3,2
okey thank you, ठीक है धन्यवाद,3,2
Great! I'll help you with that. Could you please provide your city's name?, महान! मैं इसमें आपकी मदद करूंगा। क्या आप कृपया अपने शहर का नाम बता सकते हैं?,3,2
"That's amazing! Thank you for the response. Could you please allow me a moment, I'll get back to you with the confirmation?"," वह आश्चर्यजनक है! जवाब देने के लिए धन्यवाद। क्या आप कृपया मुझे एक क्षण की अनुमति दे सकते हैं, मैं पुष्टि के साथ आपसे संपर्क करूंगा?",3,2
yes, हां,2,0
Sure. Shall I confirm this plan for you then?, ज़रूर। क्या मैं तब आपके लिए इस योजना की पुष्टि कर दूं?,2,0
ALSO LET ME KNOW HOW MUCH DOES IT CHARGE,मुझे यह भी बताएं कि यह कितना शुल्क लेता है,2,0
madurai, मदुरै,0,0
"Congratulations! I've confirmed your new  5 GB cable connection, Our executives will reach you with the installation within 48 hrs. You are now part of Net Link services, I've also created an account of yours with Net Link. Further you can check all our plans and discounts from our website i.e www.netlink.com.  "," बधाई हो! मैंने आपके नए 5 जीबी केबल कनेक्शन की पुष्टि कर दी है, हमारे अधिकारी 48 घंटे के भीतर इंस्टॉलेशन के साथ आप तक पहुंच जाएंगे। अब आप नेट लिंक सेवाओं का हिस्सा हैं, मैंने नेट लिंक के साथ आपका खाता भी बनाया है। इसके अलावा आप हमारी वेबसाइट www.netlink.com से हमारी सभी योजनाओं और छूटों की जांच कर सकते हैं।",3,2
yes Adams State College, हाँ एडम्स स्टेट कॉलेज,2,0
Good morning! You've reached Net link Media/Cable Services. How may I help you?, सुबह बख़ैर! आप नेट लिंक मीडिया/केबल सेवाओं पर पहुंच गए हैं। क्या मेरे द्वारा आपकी कोई सहायता हो सकती है?,3,0
"Superb! Could you please provide the information regarding the plan you'd opt in 1 GB, 5 GB and 10 GB?"," शानदार! क्या आप कृपया उस योजना के बारे में जानकारी प्रदान कर सकते हैं जिसे आप 1 जीबी, 5 जीबी और 10 जीबी में चुनते हैं?",3,2
mexico, मेक्सिको,0,0
Perfect! I'll sign you for the cable services of 5 GB plan. Is there anything else I might help you with?, उत्तम! मैं आपको 5 जीबी प्लान की केबल सेवाओं के लिए साइन करूंगा। क्या कुछ और है जिसमें मैं आपकी मदद कर सकता हूं?,3,2
"Hey there! You've reached Act Fiber Cable services, how may I help you today?"," सुनो! आप Act Fiber Cable सेवाओं तक पहुँच चुके हैं, मैं आज आपकी कैसे मदद कर सकता हूँ?",3,0
Hello, नमस्ते,2,0
hello!, नमस्ते!,3,0
"Hello there! Welcome to V-Fiber net services, how may I help you today?"," नमस्ते! वी-फाइबर नेट सेवाओं में आपका स्वागत है, मैं आज आपकी कैसे मदद कर सकता हूं?",3,0
"Thank you. Which data plan are you interested to purchase. We have 1GB which costs $3, 5GB costs $5 and 10GB will cost you $7. "," शुक्रिया। आप कौन सा डेटा प्लान खरीदना चाहते हैं। हमारे पास 1GB है जिसकी कीमत $3 है, 5GB की कीमत $5 है और 10GB की कीमत आपको $7 है।",3,0
You're welcome! Would there be anything else I may assist you with?, आपका स्वागत है! क्या कुछ और होगा जिसमें मैं आपकी सहायता कर सकूं?,3,2
iam emmi and you, मैं एम्मी और तुम,0,0
i would like to sign up for a new service, मैं एक नई सेवा के लिए साइन अप करना चाहूंगा,2,0
I Want to sign up for new cable service., मैं नई केबल सेवा के लिए साइन अप करना चाहता/चाहती हूं।,1,0
"I appreciate you patience in sharing the information. Please allow me a minute or two, while I get the best discounts on the cable connections."," मैं जानकारी साझा करने में आपके धैर्य की सराहना करता हूं। कृपया मुझे एक या दो मिनट का समय दें, जबकि मुझे केबल कनेक्शन पर सर्वोत्तम छूट मिलती है।",3,2
I WANT A NEW CABLE SERVICE, मुझे एक नई केबल सेवा चाहिए,1,1
no thanks," जी नहीं, धन्यवाद",3,1
Good morning! You've reached Net link Media/Cable Services. How may I help you today?, सुबह बख़ैर! आप नेट लिंक मीडिया/केबल सेवाओं पर पहुंच गए हैं। आज मैं आपकी कैसे मदद कर सकता हूँ?,3,0
Ashok could you also help me out with the last 4 digits of your SSN?,अशोक क्या आप अपने एसएसएन के अंतिम 4 अंकों में भी मेरी मदद कर सकते हैं?,3,0
If there's no reply from the other end this chat will be closed automatically., अगर दूसरे छोर से कोई जवाब नहीं आता है तो यह चैट अपने आप बंद हो जाएगी।,2,0
like to purchase, खरीदना पसंद है,2,0
Nice to get your assistance Cameron. Could you help me find a good Phone service plan?, आपकी सहायता पाकर अच्छा लगा कैमरून। क्या आप एक अच्छी फ़ोन सेवा योजना खोजने में मेरी मदद कर सकते हैं?,3,2
chennai 548744, चेन्नई 548744,0,0
Sure! That's a good plan. I will activate the same for you right away., ज़रूर! यह एक अच्छी योजना है। मैं इसे तुरंत आपके लिए सक्रिय कर दूंगा।,3,2
"Hello! Thank you for connecting to Zoom services, how may I assist you? "," नमस्ते! ज़ूम सेवाओं से जुड़ने के लिए धन्यवाद, मैं आपकी कैसे सहायता कर सकता हूँ?",3,0
no thanks," जी नहीं, धन्यवाद",3,1
5gb, 5जीबी,0,0
Hey! Good morning! You're connected to Star cable help desk. How may I assist you today?, अरे! सुबह बख़ैर! आप स्टार केबल हेल्प डेस्क से जुड़े हैं। आज मैं आपकी मदद किस तरह कर सकता हूँ?,3,0
1Gb, 1 जीबी,0,0
"I would like new cable service, internet and phone."," मुझे नई केबल सेवा, इंटरनेट और फोन चाहिए।",2,0
"My pleasure! Thanks for choosing our services, it's great to have you aboard. Have an amazing day, goodbye."," मेरा सौभाग्य! हमारी सेवाओं को चुनने के लिए धन्यवाद, आप पर सवार होना बहुत अच्छा है। आपका दिन अद्भुत हो, अलविदा।",3,2
Have a great day ahead and take care. Goodbye, आपका दिन अच्छा बीते और अपना ख्याल रखें। अलविदा,3,2
"My pleasure! Thank you for reaching out to us, have a great day ahead!"," मेरा सौभाग्य! हमसे संपर्क करने के लिए धन्यवाद, आपका दिन शुभ हो!",3,2
i want to purchase internet servica, मैं इंटरनेट सर्विस खरीदना चाहता हूँ,1,0
Okay., ठीक।,2,0
Okay..Thank you, ठीक है धन्यवाद,3,2
I think there's a confusion. Could you please tell me the TIME?, मुझे लगता है कि एक भ्रम है। क्या आप कृपया मुझे TIME बता सकते हैं?,3,0
"Sure! I'll be glad to help you in getting a connection, may I please know your city and zip code?","ज़रूर! कनेक्शन प्राप्त करने में आपकी सहायता करने में मुझे खुशी होगी, क्या मैं आपका शहर और ज़िप कोड जान सकता हूं?",3,0
rasipuram 689423, रासीपुरम 689423,0,0
Alright! Is there anything else I may assist you with?, ठीक है! क्या कुछ और है जिसमें मैं आपकी सहायता कर सकता हूं?,2,0
Alright! Have a good day! Hope to assist you again in the future. Goodbye!, ठीक है! आपका दिन शुभ हो! आशा है कि भविष्य में फिर से आपकी सहायता करेंगे। अलविदा!,3,2
i want a cable connection, मुझे केबल कनेक्शन चाहिए,1,0
"Perfect! Thank you for that. Please allow me a minute or two, while I get this done for you."," उत्तम! उसके लिये आपका धन्यवाद। कृपया मुझे एक या दो मिनट का समय दें, जबकि मैं आपके लिए यह कर रहा हूं।",3,2
okay bye, ठीक है अलविदा,2,0
Okay., ठीक।,2,0
"Columbia, SC 29212
"," कोलंबिया, एससी 29212",0,0
"Hello! Good morning, Welcome to media cable services. How may I help you today?"," नमस्ते! सुप्रभात, मीडिया केबल सेवाओं में आपका स्वागत है। आज मैं आपकी कैसे मदद कर सकता हूँ?",3,0
I'd like the  1 GB please, कृपया मुझे 1 जीबी चाहिए,3,0
hi, नमस्ते,2,0
"The price starts from $50 for 1 GB, $75 for 5 GB and goes to $125 for 10 GB."," कीमत 1 जीबी के लिए $ 50 से शुरू होती है, 5 जीबी के लिए $ 75 और 10 जीबी के लिए $ 125 तक जाती है।",0,0
All right. I've raised another request for that as well. You would get message regarding this shortly., ठीक है। मैंने इसके लिए एक और अनुरोध भी किया है। आपको इस संबंध में शीघ्र ही संदेश प्राप्त होगा।,2,0
"Thank you for contacting our customer service, please feel free to contact us anytime for further queries. We are available 24 * 7 for our valuable customers. Have a great week ahead! Good bye!"," हमारी ग्राहक सेवा से संपर्क करने के लिए धन्यवाद, कृपया आगे के प्रश्नों के लिए हमसे किसी भी समय संपर्क करने में संकोच न करें। हम अपने मूल्यवान ग्राहकों के लिए 24*7 उपलब्ध हैं। आगे शानदार सप्ताह का आनंद उठाएं! अलविदा!",3,2
i wand to purchase internet service, मैं इंटरनेट सेवा खरीदना चाहता हूँ,1,0
Thanks for confirming. I've forwarded your request. Shortly you'll receive a email from our team. You'll have to fill a form and submit after which you'll get a text message form our team regarding the activation of service. I'm positive that within 2 Hours your service will get activated.,पुष्टि करने के लिए धन्यवाद। मैंने आपका अनुरोध अग्रेषित कर दिया है। शीघ्र ही आपको हमारी टीम की ओर से एक ईमेल प्राप्त होगा। आपको एक फॉर्म भरना होगा और सबमिट करना होगा जिसके बाद आपको सेवा के सक्रियण के संबंध में हमारी टीम से एक टेक्स्ट संदेश प्राप्त होगा। मुझे विश्वास है कि 2 घंटे के भीतर आपकी सेवा सक्रिय हो जाएगी।,3,0
"Thank you for sharing the details. We have different data plans which ranges among 1GB, 5GB, 10GB. Which one you would like to purchase?"," विवरण साझा करने के लिए धन्यवाद। हमारे पास अलग-अलग डेटा प्लान हैं जो 1GB, 5GB, 10GB के बीच हैं। आप कौन सा खरीदना चाहेंगे?",3,0
I hope we are still connected?, मुझे आशा है कि हम अभी भी जुड़े हुए हैं?,2,0
yes, हां,2,0
i want to purchase new cable service internet, मैं नई केबल सेवा इंटरनेट खरीदना चाहता हूं,1,0
"Awesome! The monthly tariff of 10 GB internet data plan is $20 including all the taxes. Since you are our new customer, we would love to offer you a discount of 10% on your first month bill as a welcome gift. Would you like to confirm your subscription for the 10 GB internet data plan?"," बहुत बढ़िया! 10 जीबी इंटरनेट डेटा योजना का मासिक शुल्क सभी करों सहित $20 है। चूंकि आप हमारे नए ग्राहक हैं, इसलिए हम आपको स्वागत उपहार के रूप में आपके पहले महीने के बिल पर 10% की छूट प्रदान करना पसंद करेंगे। क्या आप 10 जीबी इंटरनेट डेटा प्लान के लिए अपनी सदस्यता की पुष्टि करना चाहेंगे?",3,2
As you are unable to help us out with your query I would be forced to disconnect this conversation . Please feel free to contact us back when in need.," चूंकि आप अपनी क्वेरी के साथ हमारी मदद करने में असमर्थ हैं, इसलिए मुझे इस बातचीत को डिस्कनेक्ट करने के लिए मजबूर होना पड़ेगा। जरूरत पड़ने पर कृपया हमसे बेझिझक संपर्क करें।",2,1
Fantastic! I have forwarded your subscription request for the 5 GB internet data plan. You will be receiving a confirmation message regarding the same within 24 hours. We hope you enjoy our service. Will there be anything else I could help you with?, ज़बरदस्त! मैंने 5 जीबी इंटरनेट डेटा प्लान के लिए आपका सब्सक्रिप्शन अनुरोध अग्रेषित कर दिया है। आपको 24 घंटे के भीतर उसी के संबंध में एक पुष्टिकरण संदेश प्राप्त होगा। हमें उम्मीद है कि आप हमारी सेवा का आनंद लेंगे। क्या कुछ और होगा जिसमें मैं आपकी मदद कर सकूं?,3,2
Good morning! You've reached Net Link Media/Cable Services. How may I help you today?, सुबह बख़ैर! आप नेट लिंक मीडिया/केबल सेवाओं तक पहुंच गए हैं। आज मैं आपकी कैसे मदद कर सकता हूँ?,3,0
"Data plan from 10Gb, 5GB and 1GB?"," 10GB, 5GB और 1GB से डेटा प्लान?",0,0
"Sure! What would you like to purchase sir? We offer phone service, cable service and also internet service. You can avail any service you wish to sign up for."," ज़रूर! आप क्या खरीदना चाहेंगे सर? हम फोन सेवा, केबल सेवा और इंटरनेट सेवा भी प्रदान करते हैं। आप जिस भी सेवा के लिए साइन अप करना चाहते हैं, उसका लाभ उठा सकते हैं।",2,0
zip code 98456, पिन कोड 98456,0,0
"Sounds perfect! For the cable  service, we have 1 GB plan, 5 GB and 10 GB plan. May I know which plan you'd like to choose? ","यह बढ़िया है! केबल सर्विस के लिए हमारे पास 1 जीबी प्लान, 5 जीबी और 10 जीबी का प्लान है। क्या मैं जान सकता हूँ कि आप कौन-सी योजना चुनना चाहेंगे?",3,2
I am done Cameron.No more queries.. Have a nice day..Bye, मैं कर रहा हूँ कैमरून।कोई और प्रश्न नहीं.. आपका दिन शुभ हो..अलविदा,2,0
Wonderful! Would there be anything else I may assist you with?, अद्भुत! क्या कुछ और होगा जिसमें मैं आपकी सहायता कर सकूं?,3,2
"Sure! I must say you've reached the right place for that, we provide the best services with the best plans with a very feasible rate. To help you further, could you please help me with the city name and it's zip code?"," ज़रूर! मुझे कहना होगा कि आप उसके लिए सही जगह पर पहुंच गए हैं, हम बहुत ही व्यवहार्य दर के साथ सर्वोत्तम योजनाओं के साथ सर्वोत्तम सेवाएं प्रदान करते हैं। आपकी और मदद करने के लिए, क्या आप कृपया शहर के नाम और उसके ज़िप कोड के बारे में मेरी मदद कर सकते हैं?",3,2
thank u sir, धन्यवाद सर,3,2
hi, नमस्ते,2,0
I hope you have a great day ahead. Bye!, मुझे आशा है कि आपके लिए आगे एक अच्छा दिन होगा। अलविदा!,3,2
OH OKAY, ओह ठीक है,2,2
"Thanks for reaching out to us. It was pleasure to assist you. We look forward for long and successful association. Have a great day ahead.
", हमसे संपर्क करने के लिए धन्यवाद। आपकी सहायता करके खुशी हुई। हम लंबे और सफल जुड़ाव की आशा करते हैं। आगे एक महान दिन हो।,3,2
4282 0283 6482, 4282 0283 6482,0,0
"Sure! However, the premium cable contract serves only 75 channels and has only 10% discount and the platinum cable contract serves all the channels and has the higher rate of discount. "," ज़रूर! हालांकि, प्रीमियम केबल अनुबंध केवल 75 चैनलों की सेवा करता है और इसमें केवल 10% की छूट होती है और प्लैटिनम केबल अनुबंध सभी चैनलों की सेवा करता है और इसमें छूट की उच्च दर होती है।",2,1
NO THAT'S ALL, नहीं यही काफ़ी है,1,0
No... That's it!!, बस इतना ही!!,2,0
"Thanks for sharing your details. We have functionality data plans for you, They are 1 GB, 5 GB and 10 GB. which one you'd like to buy?"," अपना विवरण साझा करने के लिए धन्यवाद। हमारे पास आपके लिए कार्यक्षमता डेटा योजनाएं हैं, वे 1 जीबी, 5 जीबी और 10 जीबी हैं। आप कौन सा खरीदना चाहेंगे?",3,0
10 GB DATA PLAN, 10 जीबी डेटा प्लान,0,0
ok, ठीक है,2,0
"Sure thing! I'd like to inform you that I've successfully booked the appointment for 29 September 2018, would there be anything else I may assist you with? ","अवश्य! मैं आपको सूचित करना चाहता हूं कि मैंने 29 सितंबर 2018 के लिए अपॉइंटमेंट सफलतापूर्वक बुक कर लिया है, क्या कुछ और होगा जिसमें मैं आपकी सहायता कर सकता हूं?",3,2
Thank you! Anything else that I may help you with?, आपको धन्यवाद! कुछ और जिससे मैं आपकी मदद कर सकूं?,3,2
Good Morning! Welcome to T-Link customer service. How may I assist you today?, शुभ प्रभात! टी-लिंक ग्राहक सेवा में आपका स्वागत है। आज मैं आपकी मदद किस तरह कर सकता हूँ?,3,0
"Alright! You mean you want to sign up for cable service, right?"," ठीक है! आपका मतलब है कि आप केबल सेवा के लिए साइन अप करना चाहते हैं, है ना?",2,0
80201,80201,0,0
okk confirm it, ठीक है इसकी पुष्टि करें,2,0
"Good morning, you're connected to AT&T Customer Service. How can I be of help to you?"," सुप्रभात, आप एटी एंड टी ग्राहक सेवा से जुड़े हैं। मैं आपकी किस प्रकार सहायता कर सकता हूँ?",3,0
"Alright, may I know the name of your city and the zip code of your area?"," ठीक है, क्या मैं आपके शहर का नाम और आपके क्षेत्र का ज़िप कोड जान सकता हूँ?",2,0
Hello! Good morning. Welcome to LMT cable services. How may I help you today?, नमस्ते! सुबह बख़ैर। एलएमटी केबल सेवाओं में आपका स्वागत है। आज मैं आपकी कैसे मदद कर सकता हूँ?,3,0
"Hello! Welcome to Zoom services, how may I assist you today? "," नमस्ते! ज़ूम सेवाओं में आपका स्वागत है, मैं आज आपकी कैसे सहायता कर सकता हूँ?",3,0
"Thank you Gaitonade, may I know your home address as well? "," धन्यवाद गायतोंडे, क्या मैं आपके घर का पता भी जान सकता हूँ?",3,2
Hello! Welcome to universal cable customer service. How may I help you?, नमस्ते! यूनिवर्सल केबल ग्राहक सेवा में आपका स्वागत है। क्या मेरे द्वारा आपकी कोई सहायता हो सकती है?,3,0
I WANT TO NEED A INTERNET SERVICE SIR., मुझे इंटरनेट सेवा चाहिए सर।,1,0
no, नहीं,1,1
no thanks," जी नहीं, धन्यवाद",3,1
No Thanks. I got all quiries.," जी नहीं, धन्यवाद। मेरे पास सभी प्रश्न हैं।",3,1
10 gb, 10 जीबी,0,0
"My pleasure! It was great assisting you, feel free to reach out to us when needed. Have a nice day, goodbye."," मेरा सौभाग्य! आपकी सहायता करके बहुत अच्छा लगा, जरूरत पड़ने पर बेझिझक हमसे संपर्क करें। आपका दिन शुभ हो, अलविदा।",3,2
hi, नमस्ते,2,0
ok, ठीक है,2,0
"I'll surely help you with that, may I know the city name and the zip code you're located at? "," मैं निश्चित रूप से इसमें आपकी मदद करूंगा, क्या मैं उस शहर का नाम और ज़िप कोड जान सकता हूं जहां आप स्थित हैं?",2,0
hai, हाय,2,0
No, नहीं,1,0
I had a question about my bill.  It keeps going up.  Is there a reason for that?, मेरे पास अपने बिल के बारे में एक प्रश्न था। यह ऊपर जाता रहता है। क्या इसका कोई कारण है?,2,0
"I'll surely help you in this regards, could you please help me with the name of the city you'd want to setup the connection?"," मैं निश्चित रूप से इस संबंध में आपकी मदद करूंगा, क्या आप कृपया उस शहर के नाम के साथ मेरी मदद कर सकते हैं जिसे आप कनेक्शन स्थापित करना चाहते हैं?",3,0
Hello! Good morning. Welcome to LMT cable services. How may I help you today?, नमस्ते! सुबह बख़ैर। एलएमटी केबल सेवाओं में आपका स्वागत है। आज मैं आपकी कैसे मदद कर सकता हूँ?,3,0
THANK YOU BYE,अलविदा धन्यवाद,3,2
just a minute, एक मिनट रुकिए,0,0
NO THANKS," जी नहीं, धन्यवाद",3,1
5GB, 5GB,0,0
That's really nice. Your request for the desired service has been raised and our agent will contact you for the installation at your convenient time., यह वाकई बहुत अच्छा है। वांछित सेवा के लिए आपका अनुरोध उठाया गया है और हमारे एजेंट आपके सुविधाजनक समय पर स्थापना के लिए आपसे संपर्क करेंगे।,2,2
sam, सैम,0,0
hi, नमस्ते,2,0
Thank you very much, आपका बहुत बहुत धन्यवाद,3,2
okay., ठीक है।,2,0
Okay. Shall I confirm this plan for you?, ठीक। क्या मैं आपके लिए इस योजना की पुष्टि करूं?,2,0
i want to purchase internet, मुझे इंटरनेट खरीदना है,1,0
Alright! I've made a request for the installation of the services you wish to sign up for. Our team will shortly get in touch with you for further process., ठीक है! मैंने उन सेवाओं की स्थापना के लिए अनुरोध किया है जिनके लिए आप साइन अप करना चाहते हैं। आगे की प्रक्रिया के लिए हमारी टीम जल्द ही आपसे संपर्क करेगी।,3,0
i need new cable connection discounts, मुझे नई केबल कनेक्शन छूट चाहिए,1,0
phoenix 85001 thru 850055, फीनिक्स 85001 थ्रू 850055,0,0
hey there, सुनो,3,0
i want new cable service, मुझे नई केबल सेवा चाहिए,1,0
I hope you have a great day ahead. Bye!, मुझे आशा है कि आपके लिए आगे एक अच्छा दिन होगा। अलविदा!,3,2
I hope we are still connected?, मुझे आशा है कि हम अभी भी जुड़े हुए हैं?,2,0
NO THANKS," जी नहीं, धन्यवाद",3,1
Great! The plan is for $60 a month. Would your have any queries regarding this plan?, महान! योजना $ 60 प्रति माह के लिए है। क्या इस योजना के संबंध में आपके कोई प्रश्न हैं?,3,2
CODE-15654, कोड-15654,0,0
Hello! Good morning! Welcome to media cable services. How may I help you today?, नमस्ते! सुबह बख़ैर! मीडिया केबल सेवाओं में आपका स्वागत है। आज मैं आपकी कैसे मदद कर सकता हूँ?,3,0
no, नहीं,1,1
hai, हाय,2,0
"Thank you! So for the internet packages we have (1 GB, 5 GB, 10 GB) which cost $5, $10 and $20 respectively. Now could you please go ahead and choose a package according to your usage please?"," आपको धन्यवाद! तो इंटरनेट पैकेज के लिए हमारे पास (1 जीबी, 5 जीबी, 10 जीबी) है जिसकी कीमत क्रमशः $ 5, $ 10 और $ 20 है। अब क्या आप कृपया आगे बढ़ सकते हैं और कृपया अपने उपयोग के अनुसार पैकेज चुनें?",3,0
"You're welcome! It was glad assisting you, We are always here to help you in any issues relating to media and cable. Goodbye!"," आपका स्वागत है! आपकी सहायता करके खुशी हुई, मीडिया और केबल से संबंधित किसी भी मुद्दे में आपकी सहायता के लिए हम हमेशा यहां हैं। अलविदा!",3,2
Hello. Welcome to Tarro cables. How may I help you today?, नमस्ते। टैरो केबल्स में आपका स्वागत है। आज मैं आपकी कैसे मदद कर सकता हूँ?,3,0
"want to purchase new cable
", नई केबल खरीदना चाहते हैं,1,0
Perfect! That's a great choice. I've raised a request for your service installation. Our agent will contact you soon regarding the same., उत्तम! यह एक बढ़िया विकल्प है। मैंने आपकी सेवा स्थापना के लिए एक अनुरोध किया है। उसी के संबंध में हमारा एजेंट जल्द ही आपसे संपर्क करेगा।,3,2
no thanks," जी नहीं, धन्यवाद",3,1
"Alright! I have created an account on your name and also updated the details about your plan as well. Our associate would visit you shortly and help you with the service installation. Now, Is there any other query you want me to help you with for today?","ठीक है! मैंने आपके नाम पर एक खाता बनाया है और साथ ही आपकी योजना के बारे में विवरण भी अपडेट किया है। हमारे सहयोगी शीघ्र ही आपसे मिलने आएंगे और सेवा स्थापना में आपकी सहायता करेंगे। अब, क्या कोई अन्य प्रश्न है जो आप चाहते हैं कि मैं आज के लिए आपकी सहायता करूँ?",3,0
THANK YOU, धन्यवाद,3,2
"Of course! Thanks for showing your interest in our service. May I know your city name and zip code, please?"," बेशक! हमारी सेवा में रुचि दिखाने के लिए धन्यवाद। क्या मैं आपके शहर का नाम और ज़िप कोड जान सकता हूँ, कृपया?",3,2
Sure! I'd be glad to help you with that. May I know your name please?, ज़रूर! मुझे इसमें आपकी मदद करने में खुशी होगी। क्या मैं आपका नाम जान सकता हूँ?,3,0
Sure! The billing address in your account is #2 2974 Boston ma., ज़रूर! आपके खाते का बिलिंग पता #2 2974 बोस्टन एमए है।,2,0
Thank you so much for contacting us. Please let us know your valuable feedback. You've a great day ahead.,हमसे संपर्क करने के लिए आपका बहुत-बहुत धन्यवाद। कृपया हमें अपनी बहुमूल्य प्रतिक्रिया बताएं। आपका आने वाला दिन बहुत अच्छा है।,3,2
Good evening!, सुसंध्या!,3,2
like to purchase, खरीदना पसंद है,2,0
Hello, नमस्ते,2,0
OK, ठीक है,2,0
What would you like to purchase?, आप क्या खरीदना चाहेंगे?,3,0
"Thanks for holding on! Kindly note that I've created your new account and signed up for 10 GB data plan. Shortly, our team will reach out to you and they'll proceed with the installation process. "," रुके रहने के लिए धन्यवाद! कृपया ध्यान दें कि मैंने आपका नया खाता बना लिया है और 10 जीबी डेटा प्लान के लिए साइन अप कर लिया है। शीघ्र ही, हमारी टीम आपसे संपर्क करेगी और वे स्थापना प्रक्रिया के साथ आगे बढ़ेंगे।",3,2
"Thank you for the information. May i know which plan would you like to go for as we offer 1GB, 5GB and 10GB for all our esteemed customers. "," जानकारी के लिए धन्यवाद। क्या मैं जान सकता हूँ कि आप किस योजना के लिए जाना चाहेंगे क्योंकि हम अपने सभी सम्मानित ग्राहकों के लिए 1GB, 5GB और 10GB की पेशकश करते हैं।",3,2
NO THANKS," जी नहीं, धन्यवाद",3,1
"Sorry to keep you waiting, I've checked into your details and the current state of your data usage is that you have used 1 GB of the current month service and left with 1.5 GB more for the remaining month.
","आपको प्रतीक्षा करने के लिए क्षमा करें, मैंने आपके विवरण की जांच की है और आपके डेटा उपयोग की वर्तमान स्थिति यह है कि आपने चालू माह की सेवा का 1 जीबी उपयोग किया है और शेष महीने के लिए 1.5 जीबी अधिक बचा है।",3,0
Is this plan have internet service?, क्या इस योजना में इंटरनेट सेवा है?,2,0
"Hello! Good evening, Fast Net Cable Services. How may I assist you today?","नमस्ते! शुभ संध्या, फास्ट नेट केबल सेवाएं। आज मैं आपकी मदद किस तरह कर सकता हूँ?",3,0
5gb, 5जीबी,0,0
I WANT TO PURCHASE NEW CABLE, मैं नया केबल खरीदना चाहता हूँ,1,2
Thank you for contacting us. You've a great day., हमसे संपर्क करने के लिए धन्यवाद। आपका दिन बहुत अच्छा रहा।,3,2
thanks for your support, आपके समर्थन के लिए धन्यवाद,3,2
no, नहीं,1,1
Thanks for showing your interest in D-link services. We are glad to serve you. May I know your city name and zip code please?, डी-लिंक सेवाओं में अपनी रुचि दिखाने के लिए धन्यवाद। हम आपकी सेवा करके प्रसन्न हैं। क्या मैं आपके शहर का नाम और ज़िप कोड जान सकता हूँ?,3,2
Amazing! Just give me a minute I'll go ahead and share your details with my team., अद्भुत! बस मुझे एक मिनट दें मैं आगे बढ़ूंगा और अपनी टीम के साथ आपका विवरण साझा करूंगा।,2,2
"superb! The monthly charges for 5 GB cable data plan is $150 including all the taxes. Since you are our new customer, we would like to offer you a promotional discount of 10%. Would you like to confirm your subscription for the 5 GB cable data plan?"," शानदार! 5 जीबी केबल डेटा प्लान का मासिक शुल्क सभी करों सहित $150 है। चूंकि आप हमारे नए ग्राहक हैं, इसलिए हम आपको 10% की प्रचार छूट प्रदान करना चाहेंगे। क्या आप 5 जीबी केबल डेटा प्लान के लिए अपनी सदस्यता की पुष्टि करना चाहेंगे?",3,2
You're welcome! Thank you for the lovely response. May I confirm if all your questions have been answered for the day?, आपका स्वागत है! प्यारी प्रतिक्रिया के लिए धन्यवाद। क्या मैं पुष्टि कर सकता हूँ कि क्या उस दिन के लिए आपके सभी प्रश्नों का उत्तर दे दिया गया है?,3,2
I changed my email account, मैंने अपना ईमेल खाता बदल दिया,2,0
ok thanks, ठीक है धन्यवाद,3,0
CODE-561234, कोड-561234,0,0
"Oh my God, its really awesome to see the rate. Please confirm it immediately.","हे भगवान, यह दर देखने के लिए वाकई कमाल है। कृपया इसकी तुरंत पुष्टि करें।",3,2
5GB, 5GB,0,0
Great! The plan is the fastest and is just for $70 a month. Would you have any questions about thi splan?, महान! यह योजना सबसे तेज़ है और केवल $70 प्रति माह के लिए है। क्या आप इस योजना के बारे में कोई प्रश्न पूछना चाहेंगे?,3,2
Fantastic! Thanks for reaching out to us. We are always at your back to provide you assistance. Have a pleasant day ahead! :), ज़बरदस्त! हमसे संपर्क करने के लिए धन्यवाद। हम आपको सहायता प्रदान करने के लिए हमेशा आपकी पीठ पर हैं। आगे आपका दिन मंगलमय हो! :),3,2
connected*, जुड़े हुए*,0,0
"Perfect! Thank you for the response. Please allow me a moment, while I get this done for you."," उत्तम! जवाब देने के लिए धन्यवाद। कृपया मुझे एक क्षण की अनुमति दें, जबकि मैं यह आपके लिए करवाता हूं।",3,2
OHIO, ओहियो,2,0
"Absolutely! I'll be glad to help you, may I please know your name?"," बिल्कुल! मुझे आपकी मदद करने में खुशी होगी, क्या मैं आपका नाम जान सकता हूँ?",3,2
"Awesome! Could you also please help me with the type of plan you need, the plans we provide are 1 GB, 5 GB, 10 GB?"," बहुत बढ़िया! क्या आप कृपया मेरी मदद कर सकते हैं कि आपको किस प्रकार की योजना की आवश्यकता है, हमारे द्वारा प्रदान की जाने वाली योजनाएं 1 जीबी, 5 जीबी, 10 जीबी हैं?",3,2
hi, नमस्ते,2,0
Awesome! 5GB data plan would cost you $10. Would you like to confirm the plan?, बहुत बढ़िया! 5GB डेटा प्लान की कीमत आपको $ 10 होगी। क्या आप योजना की पुष्टि करना चाहेंगे?,3,2
Thank you so much for contacting us. Please let us know your valuable feedback. You've a great day ahead.,हमसे संपर्क करने के लिए आपका बहुत-बहुत धन्यवाद। कृपया हमें अपनी बहुमूल्य प्रतिक्रिया बताएं। आपका आने वाला दिन बहुत अच्छा है।,3,2
Awesome! 1GB data plan would cost you $5. Would you like to confirm the plan?, बहुत बढ़िया! 1GB डेटा प्लान की कीमत आपको $5 होगी। क्या आप योजना की पुष्टि करना चाहेंगे?,3,2
Have a great day ahead and take care. Goodbye :), आपका दिन अच्छा बीते और अपना ख्याल रखें। अलविदा :),3,2
Hello there! This is Customer Executive speaking. How may I help you today?, नमस्ते! यह ग्राहक कार्यकारी बोल रहा है। आज मैं आपकी कैसे मदद कर सकता हूँ?,3,0
CAN YOU INCREASE A DISCOUNT PERCENTAGE  FOR US, क्या आप हमारे लिए छूट प्रतिशत बढ़ा सकते हैं,3,0
"Awesome! Thanks for reaching out to us, hope you'll have a great day ahead! "," बहुत बढ़िया! हमसे संपर्क करने के लिए धन्यवाद, आशा है कि आपका आने वाला दिन बहुत अच्छा होगा!",3,2
10gb, 10जीबी,0,0
New York  83666, न्यूयॉर्क 83666,2,0
dear sir i want new internet plan, प्रिय महोदय मुझे नया इंटरनेट प्लान चाहिए,1,0
hello are you there, नमस्ते क्या आप वहां हैं,3,0
confirm, पुष्टि करें,0,0
"My pleasure! It was great assisting you, feel free to reach us when needed.  Have a nice day, goodbye."," मेरा सौभाग्य! आपकी सहायता करके बहुत अच्छा लगा, जरूरत पड़ने पर हमसे बेझिझक संपर्क करें। आपका दिन शुभ हो, अलविदा।",3,2
OKAY, ठीक है,2,0
jamie your tool free number sent i collect answer,जेमी आपका टूल फ्री नंबर भेजा गया मैं जवाब इकट्ठा करता हूं,3,0
"Sure. Could you please help me with your city and zipcode?
", ज़रूर। क्या आप कृपया मुझे अपने शहर और ज़िप कोड के साथ मदद कर सकते हैं?,3,0
"Hello! Good morning, Welcome to media cable services. How may I help you today?"," नमस्ते! सुप्रभात, मीडिया केबल सेवाओं में आपका स्वागत है। आज मैं आपकी कैसे मदद कर सकता हूँ?",3,0
"Awesome! May I also know if you'd like to get a 1 GB, 5 GB or a 10 GB plan?"," बहुत बढ़िया! क्या मैं यह भी जान सकता हूं कि आप 1 जीबी, 5 जीबी या 10 जीबी प्लान लेना चाहते हैं?",3,2
10 GB, 10 जीबी,0,0
hai, हाय,2,0
"Nothing else, Thank you for your information. Have a nice day to chat with you. "," और कुछ नहीं, आपकी जानकारी के लिए धन्यवाद। आपके साथ चैट करने के लिए एक अच्छा दिन है।",3,0
new york, न्यूयॉर्क,2,0
like to purchase, खरीदना पसंद है,2,0
sure., ज़रूर।,2,0
"Superb! Thanks for contacting D-link customer service. I've registered your request, Enjoy our services. If you have any complaints or queries please contact us we'll help you out. Have a great day ahead!"," शानदार! डी-लिंक ग्राहक सेवा से संपर्क करने के लिए धन्यवाद। मैंने आपका अनुरोध दर्ज कर लिया है, हमारी सेवाओं का आनंद लें। यदि आपको कोई शिकायत या प्रश्न हैं तो कृपया हमसे संपर्क करें हम आपकी सहायता करेंगे। आगे एक महान दिन हो!",3,2
Are we connected?, क्या हम जुड़े हुए हैं?,0,0
All right! 10GB would cost you $15. Would you like to confirm the data plan?, ठीक है! 10GB की कीमत आपको $15 होगी। क्या आप डेटा प्लान की पुष्टि करना चाहेंगे?,3,0
"Awesome! May I also know if you need the 1 GB, 5 GB, 10 GB plan for your service? "," बहुत बढ़िया! क्या मैं यह भी जान सकता हूं कि क्या आपको अपनी सेवा के लिए 1 जीबी, 5 जीबी, 10 जीबी प्लान चाहिए?",3,2
All right. I've initiated a request for the 1GB data plan. You would be receiving a confirmation message regarding this along with the payment link. Is there anything else I may help you with?, ठीक है। मैंने 1GB डेटा प्लान के लिए एक अनुरोध शुरू किया है। आपको भुगतान लिंक के साथ इस संबंध में एक पुष्टिकरण संदेश प्राप्त होगा। क्या कुछ और है जिसमें मैं आपकी मदद कर सकता हूं?,3,0
My city name is Illinois and zip code is 60091., मेरे शहर का नाम इलिनॉय है और ज़िप कोड 60091 है।,1,0
Awesome! I have now confirmed the 10 GB data package for you and also created an account for you as well. Our associate would visit you shortly and help you in setting up the connection. Is there anything else I could help you with for today?, बहुत बढ़िया! मैंने अब आपके लिए 10 जीबी डेटा पैकेज की पुष्टि की है और साथ ही आपके लिए एक खाता भी बनाया है। हमारे सहयोगी शीघ्र ही आपसे मिलने आएंगे और कनेक्शन स्थापित करने में आपकी सहायता करेंगे। क्या आज के लिए मैं आपकी कुछ और मदद कर सकता हूँ?,3,2
Perfect! Your cable service with 10 GB data plan will be activated as soon as you complete the subscription process. Would you like to know anything about our data plans?,उत्तम! जैसे ही आप सब्सक्रिप्शन प्रक्रिया पूरी करेंगे आपकी 10 जीबी डेटा प्लान वाली केबल सेवा सक्रिय हो जाएगी। क्या आप हमारे डेटा प्लान के बारे में कुछ जानना चाहेंगे?,3,2
Sure! I'll help you with that. Could you please provide me the city and the zip code?, ज़रूर! मैं इसमें आपकी मदद करूंगा। क्या आप कृपया मुझे शहर और ज़िप कोड प्रदान कर सकते हैं?,3,0
HI, नमस्ते,2,0
"Thank you, may I also know the zip code of the city?"," धन्यवाद, क्या मैं शहर का ज़िप कोड भी जान सकता हूँ?",3,0
my name is arun and arun@gmail.com, मेरा नाम अरुण है और arun@gmail.com,1,0
Hello there! This is Customer Executive speaking. How may I help you today?, नमस्ते! यह ग्राहक कार्यकारी बोल रहा है। आज मैं आपकी कैसे मदद कर सकता हूँ?,3,0
"Thank you! Since you've mentioned you would like to purchase internet connection, we have three packages (1GB, 5 GB, 10 GB) could you please choose one from the above so that we could go ahead with the procedure?"," आपको धन्यवाद! चूंकि आपने उल्लेख किया है कि आप इंटरनेट कनेक्शन खरीदना चाहते हैं, हमारे पास तीन पैकेज हैं (1GB, 5GB, 10GB) क्या आप उपरोक्त में से किसी एक को चुन सकते हैं ताकि हम प्रक्रिया को आगे बढ़ा सकें?",3,0
purchase internet, इंटरनेट खरीदें,0,0
"Good news! I've confirmed your 5 GB cable service with Net link and our executives will reach you within 2-3 days for the installation. And, I've also created an account of yours with us, for any further queries on plans or services you can check on our website i.e www.netlink.com."," खुशखबरी! मैंने नेट लिंक के साथ आपकी 5 जीबी केबल सेवा की पुष्टि की है और हमारे अधिकारी इंस्टॉलेशन के लिए 2-3 दिनों के भीतर आप तक पहुंच जाएंगे। और, मैंने आपका खाता भी हमारे साथ बनाया है, योजनाओं या सेवाओं के बारे में किसी और प्रश्न के लिए आप हमारी वेबसाइट यानी www.netlink.com पर देख सकते हैं।",3,2
ok, ठीक है,2,0
I highly appreciate your patience. I've shared your details and registered your request. They'll contact you in a while. I can assure you that within 24 hours your service will get activated., मैं आपके धैर्य की अत्यधिक सराहना करता हूं। मैंने आपका विवरण साझा कर दिया है और आपका अनुरोध दर्ज कर लिया है। वे थोड़ी देर में आपसे संपर्क करेंगे। मैं आपको आश्वस्त कर सकता हूं कि 24 घंटे के भीतर आपकी सेवा सक्रिय हो जाएगी।,3,2
"Nothing else, Thank you for your information. Have a nice day to chat with you. "," और कुछ नहीं, आपकी जानकारी के लिए धन्यवाद। आपके साथ चैट करने के लिए एक अच्छा दिन है।",3,0
"Awesome! May I also know if you'd like to get a 1 GB, 5 GB or 10 GB plans for your service?","बहुत बढ़िया! क्या मैं यह भी जान सकता हूं कि क्या आप अपनी सेवा के लिए 1 जीबी, 5 जीबी या 10 जीबी प्लान लेना चाहते हैं?",3,2
hai, हाय,2,0
Good morning! You've reached Net link Media/Cable Services. How may I help you?, सुबह बख़ैर! आप नेट लिंक मीडिया/केबल सेवाओं पर पहुंच गए हैं। क्या मेरे द्वारा आपकी कोई सहायता हो सकती है?,3,0
Awesome! That's a perfect choice. You will need to complete the subscription process to avail our 10 GB cable data plan. Do you have any query regarding our proposed data plans?, बहुत बढ़िया! यह एकदम सही विकल्प है। हमारे 10 जीबी केबल डेटा प्लान का लाभ उठाने के लिए आपको सब्सक्रिप्शन प्रक्रिया पूरी करनी होगी। क्या हमारे प्रस्तावित डेटा प्लान के बारे में आपके कोई प्रश्न हैं?,3,2
"Awesome! Thank you for reaching out to us, hope you'll have a great day ahead! "," बहुत बढ़िया! हमसे संपर्क करने के लिए धन्यवाद, आशा है कि आगे आपका दिन बहुत अच्छा रहेगा!",3,2
"Superb! Could you please share the type of plan you'd choose among 1 GB, 5 GB and 10 GB?"," शानदार! क्या आप कृपया 1 जीबी, 5 जीबी और 10 जीबी के बीच चुने गए प्लान के प्रकार को साझा कर सकते हैं?",3,2
MUMBAI AND 073678, मुंबई और 073678,0,0
You're welcome! Is there anything else I may help you with today?, आपका स्वागत है! क्या आज मैं आपकी कुछ और मदद कर सकता हूँ?,2,2
no, नहीं,1,1
YEAH YES, हाँ हाँ,2,2
I hope we are still connected?, मुझे आशा है कि हम अभी भी जुड़े हुए हैं?,2,0
?*, ?*,0,0
"I need sign up for new phone cable internet service, please provide information about it"," मुझे नई फ़ोन केबल इंटरनेट सेवा के लिए साइन अप करने की आवश्यकता है, कृपया इसके बारे में जानकारी प्रदान करें",3,0
Alright! It was really nice talking to you. Is there anything else I may help you with?, ठीक है! आपसे बात करके बहुत अच्छा लगा। क्या कुछ और है जिसमें मैं आपकी मदद कर सकता हूं?,3,2
i need new internet connection, मुझे नया इंटरनेट कनेक्शन चाहिए,1,0
I wish to take 5 GB plan. Confirm it., मैं 5 जीबी प्लान लेना चाहता हूं। इसकी पुष्टी करें।,1,0
"Alright! I have created an account on your name and also updated the details about your plan as well. Our associate would visit you shortly and help you with the service installation. Now, Is there any other query you want me to help you with for today?","ठीक है! मैंने आपके नाम पर एक खाता बनाया है और साथ ही आपकी योजना के बारे में विवरण भी अपडेट किया है। हमारे सहयोगी शीघ्र ही आपसे मिलने आएंगे और सेवा स्थापना में आपकी सहायता करेंगे। अब, क्या कोई अन्य प्रश्न है जो आप चाहते हैं कि मैं आज के लिए आपकी सहायता करूँ?",3,0
"Alright! I have created an account on your name and also updated the details about your plan as well. Our associate would visit you shortly and help you with the service installation. Now, Is there any other query you want me to help you with for today?","ठीक है! मैंने आपके नाम पर एक खाता बनाया है और साथ ही आपकी योजना के बारे में विवरण भी अपडेट किया है। हमारे सहयोगी शीघ्र ही आपसे मिलने आएंगे और सेवा स्थापना में आपकी सहायता करेंगे। अब, क्या कोई अन्य प्रश्न है जो आप चाहते हैं कि मैं आज के लिए आपकी सहायता करूँ?",3,0
Hello! Welcome to AT&T! Sure! I'll assist you with it. Could you tell me which city you're requesting service and also the zip code?, नमस्ते! एटी एंड टी में आपका स्वागत है! ज़रूर! मैं इसमें आपकी मदद करूंगा। क्या आप मुझे बता सकते हैं कि आप किस शहर से सेवा का अनुरोध कर रहे हैं और ज़िप कोड भी?,3,0
no thanks," जी नहीं, धन्यवाद",3,1
5gb, 5जीबी,0,0
5 GB, 5 जीबी,0,0
"Thank you for reaching out to us, please feel free to reach out to us. Have a great day ahead! "," हमसे संपर्क करने के लिए धन्यवाद, कृपया बेझिझक हमसे संपर्क करें. आगे एक महान दिन हो!",3,2
"Alroght! Feel free to reach us when needed, have a great day. Goodbye."," ठीक है! जरूरत पड़ने पर बेझिझक हम तक पहुंचें, आपका दिन शुभ हो। अलविदा।",2,2
Thank You Charlie thank you for your help,धन्यवाद चार्ली आपकी मदद के लिए धन्यवाद,3,2
Ok thanks, ठीक है धन्यवाद,3,0
"That's a great choice! Your 5 GB internet data plan will get activated as soon as you complete the subscription. Would you like to know anything about our data plans?
", यह एक बढ़िया विकल्प है! सब्सक्रिप्शन पूरा करते ही आपका 5 जीबी इंटरनेट डेटा प्लान एक्टिवेट हो जाएगा। क्या आप हमारे डेटा प्लान के बारे में कुछ जानना चाहेंगे?,3,2
no thanks," जी नहीं, धन्यवाद",3,1
Good day!, अच्छा दिन!,3,2
"Thank you Arun, may I know the home address as well? "," धन्यवाद अरुण, क्या मैं घर का पता भी जान सकता हूँ?",3,0
"Thanks a ton for sharing your details. I've checked with my resources, In your locality we are offering three data plans: 1 GB, 5 GB and 10 GB. May I know which one you'd like to buy? "," अपना विवरण साझा करने के लिए एक टन धन्यवाद। मैंने अपने संसाधनों से जांच की है, आपके इलाके में हम तीन डेटा प्लान पेश कर रहे हैं: 1 जीबी, 5 जीबी और 10 जीबी। क्या मैं जान सकता हूँ कि आप किसे खरीदना चाहेंगे?",3,2
Which are the plans available for Internet service at your end?, आपकी ओर से इंटरनेट सेवा के लिए कौन-सी योजनाएँ उपलब्ध हैं?,2,0
Thank you so much for contacting us. Please let us know your valuable feedback. You've a great day ahead.,हमसे संपर्क करने के लिए आपका बहुत-बहुत धन्यवाद। कृपया हमें अपनी बहुमूल्य प्रतिक्रिया बताएं। आपका आने वाला दिन बहुत अच्छा है।,3,2
i want to new cable, मुझे नई केबल चाहिए,1,0
"Thank you so much. Which data plan would you like to go for (1GB, 5 GB, 10 GB) ?"," बहुत-बहुत धन्यवाद। आप किस डेटा प्लान (1GB, 5GB, 10GB) के लिए जाना चाहेंगे?",3,0
Perfect! Is there anything else that I may help you with?, उत्तम! क्या कुछ और है जिसमें मैं आपकी मदद कर सकता हूं?,3,2
Hello! Welcome to Aura cable services. How may I assist you today?, नमस्ते! ऑरा केबल सर्विस में आपका स्वागत है। आज मैं आपकी मदद किस तरह कर सकता हूँ?,3,0
65789,65789,0,0
Hello! Welcome to Aura cable services. How may I assist you today?, नमस्ते! ऑरा केबल सर्विस में आपका स्वागत है। आज मैं आपकी मदद किस तरह कर सकता हूँ?,3,0
Awesome! Please give me a minute to proceed further., बहुत बढ़िया! कृपया मुझे आगे बढ़ने के लिए एक मिनट दें।,3,2
hi, नमस्ते,2,0
good evening, सुसंध्या,2,2
Fantastic! Thank you for reaching out to us. Have a great day. Bye., ज़बरदस्त! हमसे संपर्क की पहल के लिए आपका धन्यवाद। आपका दिन अच्छा रहे। अलविदा।,3,2
Hi there! Welcome to Star cable customer care. How may I help you today?, नमस्ते! स्टार केबल कस्टमर केयर में आपका स्वागत है। आज मैं आपकी कैसे मदद कर सकता हूँ?,3,0
Awesome! Could you please help me with your city name and the zip code?, बहुत बढ़िया! क्या आप कृपया मुझे अपने शहर के नाम और ज़िप कोड के साथ मदद कर सकते हैं?,3,2
bye, अलविदा,2,0
Could you please confirm if you want internet connection or cable services?, क्या आप कृपया पुष्टि कर सकते हैं कि क्या आप इंटरनेट कनेक्शन या केबल सेवाएं चाहते हैं?,3,0
NO SIR I WILL REQUEST TO YUOR AT&T  CABLE  ABOUT MY FRIENDS AND FAMILY MEMBERS GOOD BYE SIR," नहीं सर, मैं अपने दोस्तों और परिवार के सदस्यों के बारे में आपसे एटी एंड टी केबल का अनुरोध करूंगा अलविदा सर",3,1
Phoenix 85001,फीनिक्स 85001,0,0
i want check my previous month bill, मुझे अपना पिछले महीने का बिल देखना है,2,0
I'm sorry. Could you please share your name and the account ID?, मुझे माफ़ करें। क्या आप कृपया अपना नाम और खाता आईडी साझा कर सकते हैं?,3,0
Would there be anything else I may assist you with?, क्या कुछ और होगा जिसमें मैं आपकी सहायता कर सकूं?,2,0
THANK YOU., शुक्रिया।,3,2
hai, हाय,2,0
"Awesome! May I know if you'd like to get a 1 GB, 5 GB, 10 GB? "," बहुत बढ़िया! क्या मैं जान सकता हूँ कि क्या आप 1 जीबी, 5 जीबी, 10 जीबी प्राप्त करना चाहते हैं?",3,2
Awesome! Thanks for giving your details. Just allow me a moment I will go ahead and check data plans., बहुत बढ़िया! अपना विवरण देने के लिए धन्यवाद। बस मुझे एक क्षण की अनुमति दें मैं आगे बढ़ूंगा और डेटा योजनाओं की जांच करूंगा।,3,2
i want a new cable service, मुझे एक नई केबल सेवा चाहिए,1,0
my name is arun and account no is 147859632254, मेरा नाम अरुण है और खाता संख्या 147859632254 है,1,0
654789,654789,0,0
"That's great! I'll definitely help you with your query. To get the best deals for you, may I know the name of city you are living in and its zip code, please?"," एक दम बढ़िया! मैं निश्चित रूप से आपकी क्वेरी में आपकी मदद करूंगा। आपके लिए सर्वोत्तम सौदे प्राप्त करने के लिए, क्या मैं उस शहर का नाम जान सकता हूँ जिसमें आप रह रहे हैं और उसका ज़िप कोड, कृपया?",3,2
"Alright, I'd like to inform you that your service request has been registered with us and you'll be getting a call from out technical team to book an appointment for the installation of the service. I hope that sounds good? "," ठीक है, मैं आपको सूचित करना चाहता हूं कि आपका सेवा अनुरोध हमारे पास पंजीकृत हो गया है और आपको सेवा की स्थापना के लिए अपॉइंटमेंट बुक करने के लिए तकनीकी टीम से कॉल प्राप्त होगी। मुझे आशा है कि यह अच्छा लगता है?",3,2
Current city: Elumala and 73452., वर्तमान शहर: एलुमाला और 73452।,0,0
like to purchase, खरीदना पसंद है,2,0
"Good news! I appreciate your patience in staying connected. I'd like to inform you that, I've confirmed your 10 GB internet connection and you'll have to pay $50. Our executives will reach you for the installation within 2-3 days.","खुशखबरी! मैं जुड़े रहने में आपके धैर्य की सराहना करता हूं। मैं आपको सूचित करना चाहता हूं कि, मैंने आपके 10 जीबी इंटरनेट कनेक्शन की पुष्टि कर दी है और आपको $50 का भुगतान करना होगा। हमारे अधिकारी 2-3 दिनों के भीतर स्थापना के लिए आप तक पहुंचेंगे।",3,2
May I please know the zip code too?, क्या मैं कृपया ज़िप कोड भी जान सकता हूँ?,2,0
Fantastic! Thank you for reaching out to us. Have a nice day. Bye., ज़बरदस्त! हमसे संपर्क की पहल के लिए आपका धन्यवाद। आपका दिन शुभ हो। अलविदा।,3,2
134509,134509,0,0
Hello! Welcome to Aura cable services. How may I assist you today?, नमस्ते! ऑरा केबल सर्विस में आपका स्वागत है। आज मैं आपकी मदद किस तरह कर सकता हूँ?,3,0
"Thanks for being so cooperative, I've checked the details and found that your promotional rate pack has been expired so that you have been charged on normal rates and that's why there is a hike in your bill. "," इतना सहयोग करने के लिए धन्यवाद, मैंने विवरणों की जांच की और पाया कि आपका प्रचार दर पैक समाप्त हो गया है, इसलिए आपसे सामान्य दरों पर शुल्क लिया गया है और इसलिए आपके बिल में वृद्धि हुई है।",3,1
MELUR, मेलूर,0,0
SSN number is 2817, एसएसएन नंबर 2817 . है,1,0
IS THE DATA IS LIMITED., डेटा लिमिटेड है।,0,1
"Welcome to Zoom services, how may I assist you? "," ज़ूम सेवाओं में आपका स्वागत है, मैं आपकी कैसे सहायता कर सकता हूँ?",3,0
"Awesome! Thank you for the details. We have various data plans like 1 GB, 5 GB and 10 GB plans for our internet services. Which one of these would you prefer?
"," बहुत बढ़िया! विवरण के लिए धन्यवाद। हमारे पास अपनी इंटरनेट सेवाओं के लिए 1 जीबी, 5 जीबी और 10 जीबी जैसी विभिन्न डेटा योजनाएं हैं। आप इनमें से किसे पसंद करेंगे?",3,2
AND I REALLY APPERECIATE YOUR WEBSITE, और मैं वास्तव में आपकी वेबसाइट की सराहना करता हूं,0,2
"That's a perfect choice. Your 10 GB internet data plan will get activated soon after you complete the sign up process. Would you like to know anything about our data plans?
", यह एकदम सही विकल्प है। साइन अप प्रक्रिया पूरी करने के तुरंत बाद आपका 10 जीबी इंटरनेट डेटा प्लान सक्रिय हो जाएगा। क्या आप हमारे डेटा प्लान के बारे में कुछ जानना चाहेंगे?,3,2
Thank you for confirming. I've initiated a request for the 5GB data plan for the cable service. You would receive a confirmation message along with the payment link. Is there anything else I may help you with?,पुष्टि करने के लिए शुक्रिया। मैंने केबल सेवा के लिए 5GB डेटा योजना के लिए एक अनुरोध शुरू किया है। आपको भुगतान लिंक के साथ एक पुष्टिकरण संदेश प्राप्त होगा। क्या कुछ और है जिसमें मैं आपकी मदद कर सकता हूं?,3,0
Hey, अरे,2,0
10 GB, 10 जीबी,0,0
5gb, 5जीबी,0,0
I would like 10 gb plan., मुझे 10 जीबी का प्लान चाहिए.,2,0
5gb, 5जीबी,0,0
okay, ठीक है,2,0
Hello! I'll be glad to help you out. May I know your query?, नमस्ते! मुझे आपकी मदद करने में खुशी होगी। क्या मैं आपकी क्वेरी जान सकता हूँ?,3,0
ok, ठीक है,2,0
Hi there! How may I help you today?, नमस्ते! आज मैं आपकी कैसे मदद कर सकता हूँ?,3,0
I would like 1 GB data plan, मुझे 1 जीबी डेटा प्लान चाहिए,2,0
Fantastic! The 5 GB will be now activated and it will cost you $25 on monthly basis including all taxes., ज़बरदस्त! 5 जीबी अब सक्रिय हो जाएगा और सभी करों सहित मासिक आधार पर इसकी कीमत आपको $25 होगी।,2,2
You're welcome., आपका स्वागत है।,2,2
"Thanks for reaching out to us. It was pleasure to assist you. We look forward for long and successful association. Have a great day ahead.
", हमसे संपर्क करने के लिए धन्यवाद। आपकी सहायता करके खुशी हुई। हम लंबे और सफल जुड़ाव की आशा करते हैं। आगे एक महान दिन हो।,3,2
military, सैन्य,0,0
No, नहीं,1,0
OK, ठीक है,2,0
bye, अलविदा,2,0
Is there anything else I could help you with?, क्या कुछ और है जिसमें मैं आपकी मदद कर सकता हूं?,2,0
I wish to purchase new cable service with your company?, मैं आपकी कंपनी के साथ नई केबल सेवा खरीदना चाहता हूं?,1,0
Sure. Take your time., ज़रूर। पर्याप्त समय लो।,2,0
Sure! I'll help you in getting that done. May I know the name of your city?, ज़रूर! मैं इसे पूरा करने में आपकी मदद करूंगा। क्या मैं आपके शहर का नाम जान सकता हूँ?,3,0
lindsay, लिंडसे,0,0
8569,8569,0,0
Thank you for choosing us. I had a great day assisting you. Please do feel free to reach out to us for further queries. Have a nice day!, हमें चुनने के लिए धन्यवाद। आपकी सहायता करने में मेरा दिन बहुत अच्छा रहा। कृपया आगे के प्रश्नों के लिए हमसे बेझिझक संपर्क करें। आपका दिन शुभ हो!,3,2
Hello! Thank you for contacting media cable services. How may I assist you today?, नमस्ते! मीडिया केबल सेवाओं से संपर्क करने के लिए धन्यवाद। आज मैं आपकी मदद किस तरह कर सकता हूँ?,3,0
Great! Would there be anything else I may help you with?, महान! क्या कुछ और होगा जिसमें मैं आपकी मदद कर सकूं?,3,2
"il,60046"," आईएल,60046",0,0
yeah sure, हां यकीनन,2,0
Please do reach out to us in case of any further queries. Looking forward to seeing you soon again! Have a great day ahead! Good bye!, कृपया किसी और प्रश्न के मामले में हमसे संपर्क करें। जल्द ही आपको फिर से देखने के लिए उत्सुक हैं! आगे एक महान दिन हो! अलविदा!,3,2
"Your request for the desired service has been initiated. Our agent will contact you soon. Is there anything else I could help you with?
", वांछित सेवा के लिए आपका अनुरोध शुरू कर दिया गया है। हमारा एजेंट जल्द ही आपसे संपर्क करेगा। क्या कुछ और है जिसमें मैं आपकी मदद कर सकता हूं?,2,0
Shall I confirm your subscription for this plan?, क्या मैं इस योजना के लिए आपकी सदस्यता की पुष्टि करूं?,1,0
My pleasure. It was really great assisting you. Have a great day!, मेरा सौभाग्य। आपकी मदद करना वाकई बहुत अच्छा था। आपका दिन अच्छा रहे!,3,2
Good Morning! Welcome to T-Link customer service. How may I assist you today?, शुभ प्रभात! टी-लिंक ग्राहक सेवा में आपका स्वागत है। आज मैं आपकी मदद किस तरह कर सकता हूँ?,3,0
bye, अलविदा,2,0
ok thanks, ठीक है धन्यवाद,3,0
NOTHING ELSE, और कुछ नहीं,2,0
"Awesome! Thank you for reaching out to us, hope you'll have a great day ahead! "," बहुत बढ़िया! हमसे संपर्क करने के लिए धन्यवाद, आशा है कि आगे आपका दिन बहुत अच्छा रहेगा!",3,2
YEAH GOOD, अच्छा है,3,2
Awesome! The monthly tariff of the 5 GB internet data plan is $250. Would you like to confirm your subscription for the 5 GB internet data plan?,बहुत बढ़िया! 5 जीबी इंटरनेट डेटा योजना का मासिक शुल्क $250 है। क्या आप 5 जीबी इंटरनेट डेटा प्लान के लिए अपनी सदस्यता की पुष्टि करना चाहेंगे?,3,2
Absolutely! Could you please help me with the city and it's zip code?, बिल्कुल! क्या आप कृपया शहर और उसके ज़िप कोड के बारे में मेरी मदद कर सकते हैं?,3,0
I am searching out for a good Internet plan.Please help me finding it?, मैं एक अच्छी इंटरनेट योजना की तलाश कर रहा हूँ। कृपया इसे खोजने में मेरी मदद करें?,3,0
You're welcome. Is there anything else I could help you with?, आपका स्वागत है। क्या कुछ और है जिसमें मैं आपकी मदद कर सकता हूं?,2,2
Alright! I'd like to inform you that this 10 GB data plan will cost you $15. Is that okay with you?, ठीक है! मैं आपको सूचित करना चाहता हूं कि इस 10 जीबी डेटा प्लान की कीमत आपको $15 होगी। क्या आपके आपके लिए सही है?,3,0
Great! Is there anything else that I may help you with today?, महान! क्या आज मैं आपकी कुछ और मदद कर सकता हूँ?,3,2
Sure, ज़रूर,2,0
5 GB, 5 जीबी,0,0
10gb data plan, 10GB डेटा प्लान,0,0
"Thanks for sharing your details with me. Which service would you like to purchase? Is it cable, phone or internet?
"," अपना विवरण मेरे साथ साझा करने के लिए धन्यवाद। आप कौन सी सेवा खरीदना चाहेंगे? क्या यह केबल, फोन या इंटरनेट है?",3,0
I want purchase a new cable., मुझे एक नया केबल खरीदना है।,1,0
ok, ठीक है,2,0
"Sure. This plan would cost you $25 per month. In the past few months we've received a fantastic response for 10 GB plan, for it's high speed and smooth functioning. I'd recommend you the same, helpful for family and applied on various devices at a time."," ज़रूर। इस योजना के लिए आपको प्रति माह $25 खर्च होंगे। पिछले कुछ महीनों में हमें 10 जीबी प्लान के लिए शानदार प्रतिक्रिया मिली है, इसकी उच्च गति और सुचारू कामकाज के लिए। मैं आपको वही अनुशंसा करता हूं, जो परिवार के लिए उपयोगी है और एक समय में विभिन्न उपकरणों पर लागू होता है।",3,2
Great! I'll help you with that. Could you please provide your city's name?, महान! मैं इसमें आपकी मदद करूंगा। क्या आप कृपया अपने शहर का नाम बता सकते हैं?,3,2
i would like to go far 10GB, मैं 10GB तक जाना चाहूंगा,2,0
Thank you and to process your request I'd need the email address., धन्यवाद और आपके अनुरोध को संसाधित करने के लिए मुझे ईमेल पते की आवश्यकता होगी।,3,0
yes confirm the cable service, हाँ केबल सेवा की पुष्टि करें,2,0
Fantastic! I've confirmed your 10 GB cable connection with Net Link services. Our executives will reach you within 48hrs for the installation. Would there be anything else that I may help you with?,ज़बरदस्त! मैंने नेट लिंक सेवाओं के साथ आपके 10 जीबी केबल कनेक्शन की पुष्टि की है। स्थापना के लिए हमारे अधिकारी 48 घंटे के भीतर आप तक पहुंचेंगे। क्या कुछ और होगा जिससे मैं आपकी मदद कर सकूं?,3,2
Awesome! Could you please confirm the city and it's zip code?, बहुत बढ़िया! क्या आप कृपया शहर और उसके ज़िप कोड की पुष्टि कर सकते हैं?,3,2
Thank you so much for contacting us. Please let us know your valuable feedback. You've a great day ahead.,हमसे संपर्क करने के लिए आपका बहुत-बहुत धन्यवाद। कृपया हमें अपनी बहुमूल्य प्रतिक्रिया बताएं। आपका आने वाला दिन बहुत अच्छा है।,3,2
Hello! Good morning. Welcome to LMT cable services. How may I help you today?, नमस्ते! सुबह बख़ैर। एलएमटी केबल सेवाओं में आपका स्वागत है। आज मैं आपकी कैसे मदद कर सकता हूँ?,3,0
nothing, कुछ नहीं,1,0
HMMM THANKS A LOT RORY.., हम्म बहुत बहुत धन्यवाद रॉरी ..,3,2
OKAY THANK YOU, ठीक है धन्यवाद,3,2
"want to purchase new cable
", नई केबल खरीदना चाहते हैं,1,0
"Thank you for the response. Could you please allow me a moment, while I get this done for you?"," जवाब देने के लिए धन्यवाद। क्या आप कृपया मुझे एक क्षण की अनुमति दे सकते हैं, जबकि मैं यह आपके लिए करवाता हूं?",3,2
home phone, घर का फ़ोन,0,0
"You are always welcome. Thanks for choosing our service. It was a nice time assisting you. For further queries, please feel free to reach out to us anytime."," आपका हमेशा स्वागत है। हमारी सेवा चुनने के लिए धन्यवाद। आपकी सहायता करने का यह एक अच्छा समय था। अधिक प्रश्नों के लिए, कृपया बेझिझक हमसे कभी भी संपर्क करें।",3,2
"Of course! Firstly, Thank you for choosing Net Link services for you new media connection. The plans we offer are 1 GB, 5 GB, 10 GB and the prices are $5, $25 and $50 respectively."," बेशक! सबसे पहले, नए मीडिया कनेक्शन के लिए नेट लिंक सेवाओं को चुनने के लिए धन्यवाद। हमारे द्वारा पेश किए जाने वाले प्लान 1 जीबी, 5 जीबी, 10 जीबी हैं और कीमतें क्रमशः $ 5, $ 25 और $ 50 हैं।",3,2
GOODBYE, अलविदा,2,1
"Awesome! Thank you for the details. We have exciting data plans like 1 GB, 5 GB and 10 GB plans for you. Which one of these will be your preference?"," बहुत बढ़िया! विवरण के लिए धन्यवाद। हमारे पास आपके लिए 1 जीबी, 5 जीबी और 10 जीबी जैसे रोमांचक डेटा प्लान हैं। इनमें से कौन सी आपकी पसंद होगी?",3,2
"Thank you for staying connected, you're now a part of our services. Our executives will reach out to you for further concerns. Will that be fine with you?"," जुड़े रहने के लिए धन्यवाद, अब आप हमारी सेवाओं का हिस्सा हैं। आगे की चिंताओं के लिए हमारे अधिकारी आपसे संपर्क करेंगे। क्या यह आपके साथ ठीक रहेगा?",3,2
"Orlando, 32803"," ऑरलैंडो, 32803",0,0
Are we still connected?, हम अभी भी जुड़े हैं?,1,0
Sure. Could you please help me with your details like your city and zipcode? So that I can find the best plans available near you., ज़रूर। क्या आप कृपया अपने शहर और ज़िप कोड जैसे विवरण के साथ मेरी मदद कर सकते हैं? ताकि मैं आपके आस-पास उपलब्ध सर्वोत्तम योजनाओं को ढूंढ सकूं।,3,0
OK, ठीक है,2,0
10003,10003,0,0
"Hello! Good Morning. Welcome to media cable service, how may I help you out today?","नमस्ते! शुभ प्रभात। मीडिया केबल सेवा में आपका स्वागत है, मैं आज आपकी कैसे मदद कर सकता हूँ?",3,0
my city name is new york 456321, मेरे शहर का नाम न्यूयॉर्क है 456321,1,0
Thank you very much and when will you provide this, बहुत बहुत धन्यवाद और आप इसे कब प्रदान करेंगे,3,2
10087,10087,0,0
"Please drop in your invaluable feedback at 546-827-124, by giving a missed call. Good day!", कृपया मिस्ड कॉल देकर 546-827-124 पर अपनी बहुमूल्य प्रतिक्रिया दें। अच्छा दिन!,3,0
"Perfect! Thank you for the details! We have 1 GB, 5 GB and 10 GB data plans for our cable services. Which one of these data plans, would you like to sign up for?"," उत्तम! विवरण के लिए धन्यवाद! हमारी केबल सेवाओं के लिए हमारे पास 1 जीबी, 5 जीबी और 10 जीबी डेटा प्लान हैं। आप इनमें से किस डेटा प्लान के लिए साइन अप करना चाहेंगे?",3,2
It was a pleasure to assist you. Thank you for reaching out to us. Good day!, आपकी सहायता करना खुशी की बात थी। हमसे संपर्क की पहल के लिए आपका धन्यवाद। अच्छा दिन!,3,2
no green light  is working, कोई हरी बत्ती काम नहीं कर रही है,2,1
"Yes, would there be anything else apart from this I may assist you with?"," हाँ, क्या इसके अलावा और कुछ होगा जिसमें मैं आपकी सहायता कर सकता हूँ?",2,0
no, नहीं,1,1
yes sir, जी श्रीमान,1,0
ok, ठीक है,2,0
Hey there! Good morning. Welcome to LMT cable services. How may I assist you?,सुनो! सुबह बख़ैर। एलएमटी केबल सेवाओं में आपका स्वागत है। मैं आपकी कैसे सहायता कर सकता हूँ?,3,0
nothing, कुछ नहीं,1,0
Fantastic!! It was my pleasure assisting you. Thanks for contacting D-link media services. Have a great day ahead. We look for long and successful association., ज़बरदस्त!! आपकी सहायता करना मेरी खुशी थी। डी-लिंक मीडिया सेवाओं से संपर्क करने के लिए धन्यवाद। आगे एक महान दिन हो। हम लंबे और सफल जुड़ाव की तलाश करते हैं।,3,2
hi, नमस्ते,2,0
no thanks," जी नहीं, धन्यवाद",3,1
Madurai, मदुरै,0,0
"Perfect! Thank you for that. Please allow me a moment, I'll get back to you with the best discounts."," उत्तम! उसके लिये आपका धन्यवाद। कृपया मुझे एक क्षण दें, मैं सर्वोत्तम छूट के साथ आपके पास वापस आऊंगा।",3,2
I got all information about this data plan., मुझे इस डेटा प्लान के बारे में सारी जानकारी मिली है।,2,0
Perfect! Anything else that I may help you with today?, उत्तम! कुछ और जो मैं आज आपकी मदद कर सकता हूँ?,3,2
"I will surely help you out with that, before go ahead with the procedure I would like you to help me out with your name 16 digit account number please?","मैं निश्चित रूप से इसमें आपकी मदद करूंगा, इस प्रक्रिया को आगे बढ़ाने से पहले मैं चाहूंगा कि आप कृपया अपने नाम के 16 अंकों की खाता संख्या के साथ मेरी मदद करें?",3,0
OK BYEE, ठीक अलविदा,2,0
56456,56456,0,0
YOU HAVE ANY DISCOUNT IS AVAILABLE, आपके पास कोई भी छूट उपलब्ध है,0,0
56412,56412,0,0
Thank you and may I also know the zip code associated to your city please?, धन्यवाद और क्या मैं आपके शहर से जुड़ा ज़िप कोड भी जान सकता हूं?,3,0
please gohead, कृपया आगे बढ़ें,2,0
5 GB, 5 जीबी,0,0
"Amazing! May I know which plan would you like to choose in 1 GB, 5 GB and 10 GB?"," अद्भुत! क्या मैं जान सकता हूं कि आप 1 जीबी, 5 जीबी और 10 जीबी में कौन सा प्लान चुनना चाहेंगे?",3,2
5 GB, 5 जीबी,0,0
YES YOUR SERVICE HAS USEFULL TO US, हाँ आपकी सेवा हमारे लिए उपयोगी है,2,2
"Great! Just to confirm, we'll charge $25.40 per month for 5 GB data plan. Is that okay? "," महान! केवल पुष्टि करने के लिए, हम 5GB डेटा प्लान के लिए प्रति माह $25.40 का शुल्क लेंगे। क्या ये ठीक है?",3,1
change the email adress, ईमेल पता बदलें,0,0
"Great! I'd like to inform you that we have 3 plans available, 1Gb, 5Gb and 10Gb. May I know which one would you choose? "," महान! मैं आपको सूचित करना चाहता हूं कि हमारे पास 3 प्लान उपलब्ध हैं, 1Gb, 5Gb और 10Gb। क्या मैं जान सकता हूँ कि आप किसे चुनेंगे?",3,2
"Alright! I'd like to inform you that we are charging $25 for 10 GB data plan, Is that okay with you?"," ठीक है! मैं आपको सूचित करना चाहता हूं कि हम 10 जीबी डेटा प्लान के लिए $25 चार्ज कर रहे हैं, क्या यह आपके साथ ठीक है?",3,1
I WANT TO PURCHASE INTERNET, मुझे इंटरनेट खरीदना है,1,0
ok, ठीक है,2,0
"Sure! What would you like to purchase sir? We offer phone service, cable service and also internet service. You can avail any service you wish to sign up for."," ज़रूर! आप क्या खरीदना चाहेंगे सर? हम फोन सेवा, केबल सेवा और इंटरनेट सेवा भी प्रदान करते हैं। आप जिस भी सेवा के लिए साइन अप करना चाहते हैं, उसका लाभ उठा सकते हैं।",2,0
ok, ठीक है,2,0
Good Morning, शुभ प्रभात,3,0
THANK YOU SO MUCH, आपका बहुत-बहुत धन्यवाद,3,2
Fantastic! I've booked your subscription request for 10 GB internet data plan. You will be receiving a confirmation message regarding the same within 24 hours. I hope you enjoy our service. Will there be anything else I could do for you?, ज़बरदस्त! मैंने 10 जीबी इंटरनेट डेटा प्लान के लिए आपका सब्सक्रिप्शन अनुरोध बुक कर लिया है। आपको 24 घंटे के भीतर उसी के संबंध में एक पुष्टिकरण संदेश प्राप्त होगा। मुझे आशा है कि आप हमारी सेवा का आनंद लेंगे। क्या मैं तुम्हारे लिए और कुछ कर सकता हूँ?,3,2
ok, ठीक है,2,0
Sure. My team shall get in touch with you soon. Is there anything else I may help you with?,ज़रूर। मेरी टीम जल्द ही आपसे संपर्क करेगी। क्या कुछ और है जिसमें मैं आपकी मदद कर सकता हूं?,3,0
Thank you very much, आपका बहुत बहुत धन्यवाद,3,2
"Thanks for helping me with your details. As of now we are offering three data plans, 1 GB, 5 GB and 10 GB. Which one you'd like to buy?"," अपने विवरण के साथ मेरी मदद करने के लिए धन्यवाद। अभी तक हम तीन डेटा प्लान पेश कर रहे हैं, 1 जीबी, 5 जीबी और 10 जीबी। आप कौन सा खरीदना चाहेंगे?",3,0
No more queries. Thanks for all your information and assistance. Have a good day. Bye, कोई और प्रश्न नहीं। आपकी सभी जानकारी और सहायता के लिए धन्यवाद। आपका दिन शुभ हो। अलविदा,3,2
"I apologize, could you please be more specific with the response? "," मैं क्षमा चाहता हूं, क्या आप कृपया प्रतिक्रिया के साथ अधिक विशिष्ट हो सकते हैं?",3,0
no thanks," जी नहीं, धन्यवाद",3,1
10:10,10:10,0,0
ok, ठीक है,2,0
i want a new cable  service, मुझे एक नई केबल सेवा चाहिए,1,0
Please tell this month data usage bill, कृपया इस महीने डेटा उपयोग बिल बताएं,2,0
Hi..., नमस्ते...,3,0
I LIKE 1GB, मुझे 1GB पसंद है,2,2
madurai, मदुरै,0,0
"Which data plan would you like to purchase? We have 1 GB, 5 GB, 10 GB available as of now. You can use the data plan according to your preferences."," आप कौन सा डेटा प्लान खरीदना चाहेंगे? हमारे पास अभी तक 1 जीबी, 5 जीबी, 10 जीबी उपलब्ध है। आप अपनी पसंद के अनुसार डेटा प्लान का उपयोग कर सकते हैं।",3,0
THANK YOU ROBIN, धन्यवाद रॉबिन,3,2
"Hello! Welcome to Zoom services, how may I assist you today? "," नमस्ते! ज़ूम सेवाओं में आपका स्वागत है, मैं आज आपकी कैसे सहायता कर सकता हूँ?",3,0
I want a new internet service, मुझे एक नई इंटरनेट सेवा चाहिए,1,0
Thank you for asking me this. You'd be given discounts once you complete six months with us. Anything else?, मुझसे यह पूछने के लिए धन्यवाद। हमारे साथ छह महीने पूरे करने के बाद आपको छूट दी जाएगी। और कुछ?,3,2
"Perfect! Thanks for sharing the information, could you please let me know which service would you like to sign up for?"," उत्तम! जानकारी साझा करने के लिए धन्यवाद, क्या आप कृपया मुझे बता सकते हैं कि आप किस सेवा के लिए साइन अप करना चाहेंगे?",3,2
"I will surely help you out with that but before we go ahead, could I have the name of your city and it's zip code please?"," मैं निश्चित रूप से इसमें आपकी मदद करूंगा लेकिन इससे पहले कि हम आगे बढ़ें, क्या मुझे आपके शहर का नाम और उसका ज़िप कोड मिल सकता है?",3,0
"And which data plan would you like to sign up for? We currently have 1 GB, 5 GB and 10 GB available. You can choose as per your usage.","और आप किस डेटा प्लान के लिए साइन अप करना चाहेंगे? वर्तमान में हमारे पास 1 जीबी, 5 जीबी और 10 जीबी उपलब्ध है। आप अपने उपयोग के अनुसार चुन सकते हैं।",2,0
thanks, धन्यवाद,2,2
I WILL PREFER 5GB PLAN, मैं 5GB योजना को प्राथमिकता दूंगा,2,0
Thank you for your response! I've forwarded your subscription request for the 5 GB internet data plan. You'll be receiving a confirmation call regarding the same within 2-4 hours. We hope you enjoy our service. Will there be anything else I could do for you?, आपकी प्रतिक्रिया के लिए धन्यवाद! मैंने 5 जीबी इंटरनेट डेटा प्लान के लिए आपका सब्सक्रिप्शन अनुरोध अग्रेषित कर दिया है। आपको 2-4 घंटों के भीतर इसके बारे में एक पुष्टिकरण कॉल प्राप्त होगा। हमें उम्मीद है कि आप हमारी सेवा का आनंद लेंगे। क्या मैं तुम्हारे लिए और कुछ कर सकता हूँ?,3,2
okay +, ठीक है +,2,2
What would you like?, आप क्या पसंद करेंगे?,3,0
"Thanks for helping me with your details. As of now we are offering three data plans, 1 GB, 5 GB and 10 GB. Which one you'd like to buy?"," अपने विवरण के साथ मेरी मदद करने के लिए धन्यवाद। अभी तक हम तीन डेटा प्लान पेश कर रहे हैं, 1 जीबी, 5 जीबी और 10 जीबी। आप कौन सा खरीदना चाहेंगे?",3,0
my zip code 95625, मेरा ज़िप कोड 95625,1,0
have a nice day bye, अच्छा दिन हो अलविदा,2,0
"Yes, i am very comfortable."," हाँ, मैं बहुत सहज हूँ।",2,2
I need help in new cable, मुझे नए केबल में मदद चाहिए,1,1
Thank you very much. Which data plan would you like to sign up for?, आपका बहुत बहुत धन्यवाद। आप किस डेटा प्लान के लिए साइन अप करना चाहेंगे?,3,0
chennai 600005, चेन्नई 600005,0,0
new york 10002, न्यूयॉर्क 10002,2,0
No thanks. Please cancel this cable service.," जी नहीं, धन्यवाद। कृपया इस केबल सेवा को रद्द करें।",3,1
INTERNET, इंटरनेट,0,0
Hello! Welcome to Aura cable services. How may I assist you today?, नमस्ते! ऑरा केबल सर्विस में आपका स्वागत है। आज मैं आपकी मदद किस तरह कर सकता हूँ?,3,0
Perfect. Your request for the desired service has been raised and our agent will contact you for the installation at your convenient time., उत्तम। वांछित सेवा के लिए आपका अनुरोध उठाया गया है और हमारे एजेंट आपके सुविधाजनक समय पर स्थापना के लिए आपसे संपर्क करेंगे।,2,2
Alright! May I please know which data plan would you like to purchase?, ठीक है! क्या मैं कृपया जान सकता हूँ कि आप कौन सा डेटा प्लान खरीदना चाहेंगे?,3,0
Do you want to know your current bill status?, क्या आप अपने वर्तमान बिल की स्थिति जानना चाहते हैं?,2,0
hi, नमस्ते,2,0
Sure! Please allow me a moment to proceed further., ज़रूर! कृपया मुझे आगे बढ़ने के लिए एक क्षण का समय दें।,3,0
"Sure! I'll be glad to help you to get the information in this regard, may I please know your name and last 4 digit of the SSN?"," ज़रूर! मुझे इस संबंध में जानकारी प्राप्त करने में आपकी मदद करने में खुशी होगी, क्या मैं आपका नाम और एसएसएन का अंतिम 4 अंक जान सकता हूं?",3,0
"Great! I'm glad I can help you with your query. To get the best offers for your deals, may I know the name of your city and its zip code, please?
","महान! मुझे खुशी है कि मैं आपकी क्वेरी में आपकी मदद कर सकता हूं। आपके सौदों के लिए सर्वोत्तम ऑफ़र प्राप्त करने के लिए, क्या मैं आपके शहर का नाम और उसका ज़िप कोड जान सकता हूँ, कृपया?",3,2
"Superb! Thanks for contacting D-link customer service. I've registered your request, Enjoy our services. If you have any complaints or queries please contact us we'll help you out. Have a great day ahead!"," शानदार! डी-लिंक ग्राहक सेवा से संपर्क करने के लिए धन्यवाद। मैंने आपका अनुरोध दर्ज कर लिया है, हमारी सेवाओं का आनंद लें। यदि आपको कोई शिकायत या प्रश्न हैं तो कृपया हमसे संपर्क करें हम आपकी सहायता करेंगे। आगे एक महान दिन हो!",3,2
"I want to purchase new cable, internet or phone service. "," मैं नई केबल, इंटरनेट या फोन सेवा खरीदना चाहता हूं।",1,0
"Perfect! The monthly cost of 10 GB internet data plan is $250 including all the taxes. Since you are our new customer, we would like to offer you a promotional discount of 10% on your bills for the first 2 months. Would you like to confirm your subscription for the 10 GB internet data plan?"," उत्तम! सभी करों सहित 10 जीबी इंटरनेट डेटा योजना की मासिक लागत $250 है। चूंकि आप हमारे नए ग्राहक हैं, इसलिए हम आपको पहले 2 महीनों के लिए आपके बिलों पर 10% की प्रचार छूट देना चाहेंगे। क्या आप 10 जीबी इंटरनेट डेटा प्लान के लिए अपनी सदस्यता की पुष्टि करना चाहेंगे?",3,2
Hello. Welcome to ACE cables. How may I help you today?, नमस्ते। एसीई केबल्स में आपका स्वागत है। आज मैं आपकी कैसे मदद कर सकता हूँ?,3,0
"Hi! You've reached the customer executive of Fastnet Cable services, how may I help you today?"," नमस्ते! आप Fastnet Cable सेवाओं के ग्राहक कार्यकारी तक पहुँच चुके हैं, मैं आज आपकी कैसे मदद कर सकता हूँ?",3,0
Perfect! Please allow me a moment to check your details., उत्तम! कृपया मुझे अपने विवरण की जांच करने के लिए कुछ समय दें।,2,2
ok thanks, ठीक है धन्यवाद,3,0
Hello. Welcome to Tarro cables. How may I help you today?, नमस्ते। टैरो केबल्स में आपका स्वागत है। आज मैं आपकी कैसे मदद कर सकता हूँ?,3,0
What would you like?, आप क्या पसंद करेंगे?,3,0
All right. 10GB costs you 15$. Would you like to confirm the data plan?, ठीक है। 10GB की कीमत आपको 15$ है। क्या आप डेटा प्लान की पुष्टि करना चाहेंगे?,3,0
Ok I am very happy, ठीक है मैं बहुत खुश हूँ,1,2
Hi there! This is your customer executive speaking. How may I help you today?, नमस्ते! यह आपका ग्राहक कार्यकारी बोल रहा है। आज मैं आपकी कैसे मदद कर सकता हूँ?,3,0
"Hello, anyone there?", हेलो कोई है?,3,0
Sure! Could you please tell me the time for activation?, ज़रूर! क्या आप कृपया मुझे सक्रियण का समय बता सकते हैं?,3,0
I want new connection, मुझे नया कनेक्शन चाहिए,1,0
"Hey! Good morning, You've reached D-link customer service. How may I assist you today? "," अरे! सुप्रभात, आप डी-लिंक ग्राहक सेवा तक पहुँच चुके हैं। आज मैं आपकी मदद किस तरह कर सकता हूँ?",3,0
"Surely, I'll help you with it. could you help me with your city and the zip code?","ज़रूर, मैं इसमें आपकी मदद करूँगा। क्या आप अपने शहर और ज़िप कोड के बारे में मेरी मदद कर सकते हैं?",2,0
"Hello! Good morning, Fast net cable services. How may I assist you today?
"," नमस्ते! सुप्रभात, फास्ट नेट केबल सेवाएं। आज मैं आपकी मदद किस तरह कर सकता हूँ?",3,0
Nothing else,और कुछ नहीं,2,0
I would need a couple of details like the city and the zip code. Could you please share?, मुझे शहर और ज़िप कोड जैसे कुछ विवरणों की आवश्यकता होगी। क्या आप कृपया साझा कर सकते हैं?,3,0
You're welcome! Would there be anything else I may assist you with?, आपका स्वागत है! क्या कुछ और होगा जिसमें मैं आपकी सहायता कर सकूं?,3,2
ok thankyou, ठीक है धन्यवाद,3,0
Hello! Welcome to prodesk cable services. How may I help you today?, नमस्ते! प्रोडेस्क केबल सेवाओं में आपका स्वागत है। आज मैं आपकी कैसे मदद कर सकता हूँ?,3,0
What is the price of the data plan?, डेटा प्लान की कीमत क्या है?,0,0
Sure. I'll help you with this. Could you please help me with your name and the last four digits of the SSN?, ज़रूर। मैं इसमें आपकी मदद करूंगा। क्या आप कृपया मुझे अपने नाम और एसएसएन के अंतिम चार अंकों के साथ मदद कर सकते हैं?,3,0
10gb plan, 10GB प्लान,0,0
"would like to purchase cable, internet"," केबल, इंटरनेट खरीदना चाहते हैं",2,0
sorry, माफ़ करना,2,1
NOTHING, कुछ नहीं,1,0
Pleasure's mine! Stay connected:), आनंद की मेरी! जुड़े रहें:),2,2
Thank you for contacting us. I hope you have a great day ahead. Bye!, हमसे संपर्क करने के लिए धन्यवाद। मुझे आशा है कि आपके लिए आगे एक अच्छा दिन होगा। अलविदा!,3,2
which plans are available, कौन सी योजनाएँ उपलब्ध हैं,2,0
no thanks," जी नहीं, धन्यवाद",3,1
hi, नमस्ते,2,0
"Thank you for staying connected, our executives will reach out to you for further concerns. Please give us 2-3 business days for the installation. Will that be fine with you? "," जुड़े रहने के लिए धन्यवाद, आगे की चिंताओं के लिए हमारे अधिकारी आपसे संपर्क करेंगे। कृपया हमें स्थापना के लिए 2-3 कार्यदिवस दें। क्या यह आपके साथ ठीक रहेगा?",3,0
city name is Huntsville, शहर का नाम हंट्सविल है,0,0
"It's a pleasure assisting you, thank you for reaching out to us. Have an awesome day ahead!"," आपकी सहायता करना खुशी की बात है, हमसे संपर्क करने के लिए धन्यवाद। आगे का दिन शानदार हो!",3,2
5 GB DATA PLAN, 5 जीबी डेटा प्लान,0,0
You're welcome. Anything else that I may assist you with today?, आपका स्वागत है। कुछ और जिससे मैं आज आपकी सहायता कर सकूं?,2,2
hai good morning, नमस्ते सुप्रभात,2,2
ok, ठीक है,2,0
Sorry for the delay! May I please know which data plan would you like to purchase?,विलंब के लिए क्षमा चाहते हैं! क्या मैं कृपया जान सकता हूँ कि आप कौन सा डेटा प्लान खरीदना चाहेंगे?,3,0
YES I NEED THIS PLAN, हाँ मुझे यह योजना चाहिए,2,2
"Murray Randall, 0998 8766 6544 "," मरे रान्डेल, 0998 8766 6544",0,0
You are at a very right place! I'll be glad to assist you. Could you please help me with your city name and the zip code?, आप बहुत सही जगह पर हैं! मुझे आपकी सहायता करने में खुशी होगी। क्या आप कृपया मुझे अपने शहर के नाम और ज़िप कोड के साथ मदद कर सकते हैं?,3,2
"Alright! Thanks for the details. May I know which data plan would you like to purchase? We have 1 GB, 5 GB and 10 GB available as of now."," ठीक है! विवरण के लिए धन्यवाद। क्या मैं जान सकता हूँ कि आप कौन सा डेटा प्लान खरीदना चाहेंगे? हमारे पास अभी तक 1 जीबी, 5 जीबी और 10 जीबी उपलब्ध है।",3,0
I'll help you out with that. May I know your name and your account number?, मैं इसमें आपकी मदद करूंगा। क्या मैं आपका नाम और आपका खाता नंबर जान सकता हूँ?,3,0
okay no thanks, ठीक है नहीं धन्यवाद,3,1
"You're welcome! Thank you for reaching Net Link, We are always here to help you any issues relating to cable/media. Goodbye!"," आपका स्वागत है! नेट लिंक तक पहुंचने के लिए धन्यवाद, केबल/मीडिया से संबंधित किसी भी मुद्दे की सहायता के लिए हम हमेशा यहां हैं। अलविदा!",3,2
I want to purchase new cable service, मैं नई केबल सेवा खरीदना चाहता/चाहती हूं,1,0
GOOD MORNING, शुभ प्रभात,2,0
i wand to purchase  internet  service, मैं इंटरनेट सेवा खरीदना चाहता हूँ,1,0
ok, ठीक है,2,0
yes, हां,2,0
OK, ठीक है,2,0
I am using premier service. But need to upgrade to platinum service, मैं प्रीमियर सेवा का उपयोग कर रहा हूं। लेकिन प्लेटिनम सेवा में अपग्रेड करने की आवश्यकता है,1,0
That's great! Please give me a minute to proceed further., एक दम बढ़िया! कृपया मुझे आगे बढ़ने के लिए एक मिनट दें।,2,2
What would be the plan rate per month?, प्रति माह योजना दर क्या होगी?,1,0
NO THANKS," जी नहीं, धन्यवाद",3,1
Great! Would there be anything else I may help you with?, महान! क्या कुछ और होगा जिसमें मैं आपकी मदद कर सकूं?,3,2
"Hello! Good morning, Fast Net Cable Services. How may I assist you today?
"," नमस्ते! सुप्रभात, फास्ट नेट केबल सेवाएं। आज मैं आपकी मदद किस तरह कर सकता हूँ?",3,0
"Hello! Good Morning. Welcome to media cable service, how may I help you out today?","नमस्ते! शुभ प्रभात। मीडिया केबल सेवा में आपका स्वागत है, मैं आज आपकी कैसे मदद कर सकता हूँ?",3,0
Ok, ठीक,2,0
i want to new cable, मुझे नई केबल चाहिए,1,0
"Nothing else, Thank you for your information. Have a nice day to chat with you. "," और कुछ नहीं, आपकी जानकारी के लिए धन्यवाद। आपके साथ चैट करने के लिए एक अच्छा दिन है।",3,0
87966,87966,0,0
5 gb, 5 जीबी,0,0
17830,17830,0,0
hi, नमस्ते,2,0
Have a great day ahead and take care. Goodbye :), आपका दिन अच्छा बीते और अपना ख्याल रखें। अलविदा :),3,2
What is the procedure to sign up.,साइन अप करने की प्रक्रिया क्या है।,0,0
ok no problem confirm it, ठीक है कोई समस्या नहीं इसकी पुष्टि करें,2,0
Take your time., पर्याप्त समय लो।,2,0
hi, नमस्ते,2,0
5 gbcable, 5 जीबीसीबल,0,0
"Perfect! According to your area, we have 3 data plans available which are, 1Gb, 5Gb and 10Gb. "," उत्तम! आपके क्षेत्र के अनुसार, हमारे पास 3 डेटा प्लान उपलब्ध हैं, जो 1Gb, 5Gb और 10Gb हैं।",2,2
Sure!  I must say you've reached the right place for the best services and plans. I'd be glad t help you in this regard. Could you please help me with the name of the city you live in and it's zip code, ज़रूर! मुझे कहना होगा कि आप सर्वोत्तम सेवाओं और योजनाओं के लिए सही जगह पर पहुँचे हैं। मुझे इस संबंध में आपकी मदद करने में खुशी होगी। क्या आप कृपया मुझे उस शहर का नाम बताने में मदद कर सकते हैं जिसमें आप रहते हैं और उसका ज़िप कोड,3,2
I would like to sign up for new Internet service. Could you please help me with that?, मैं नई इंटरनेट सेवा के लिए साइन अप करना चाहता/चाहती हूं। क्या आप कृपया इसमें मेरी मदद कर सकते हैं?,3,0
OKAY THANK YOU, ठीक है धन्यवाद,3,2
Sounds good. 1GB data plan costs you 5$. Would you like to confirm?, सुनने में तो अच्छा लगता है। 1GB डेटा प्लान की कीमत आपको 5$ है। क्या आप पुष्टि करना चाहेंगे?,3,0
"Fantastic! Thanks a ton for reaching out to us, Welcome to D-link services family. We look forward for long and reliable association. Have a great day ahead!"," ज़बरदस्त! हमसे संपर्क करने के लिए बहुत-बहुत धन्यवाद, डी-लिंक सेवा परिवार में आपका स्वागत है। हम लंबे और विश्वसनीय जुड़ाव की आशा करते हैं। आगे एक महान दिन हो!",3,2
Alright! Thank you for contacting us and please do reach out to us in case of any further queries., ठीक है! हमसे संपर्क करने के लिए धन्यवाद और किसी और प्रश्न के मामले में कृपया हमसे संपर्क करें।,3,2
i want to new internet service, मुझे नई इंटरनेट सेवा चाहिए,1,0
"Additionally, I would like to ask that which data plan are you interested in. We have 1 GB that costs $5, 5 GB that costs $25 and 10 GB that costs $50 respectively.  ","इसके अतिरिक्त, मैं पूछना चाहता हूं कि आप किस डेटा प्लान में रुचि रखते हैं। हमारे पास 1 जीबी है जिसकी कीमत $ 5 है, 5 जीबी है जिसकी कीमत $ 25 और 10 जीबी है जिसकी कीमत क्रमशः $ 50 है।",3,0
The activation shall be done @ allotted time. Is there anything else I may help you with?, सक्रियण @ आवंटित समय पर किया जाएगा। क्या कुछ और है जिसमें मैं आपकी मदद कर सकता हूं?,2,0
AND MONEY FIRST GIVE YOU OR MONTH LOST?, और पैसा सबसे पहले आपको देता है या खोया हुआ महीना?,0,0
Hello there! This is Customer Executive speaking. How may I help you today?, नमस्ते! यह ग्राहक कार्यकारी बोल रहा है। आज मैं आपकी कैसे मदद कर सकता हूँ?,3,0
That's a good choice! I'd like to inform you that your service request has been registered with us and our technical team will contact you in the next 24 hours to book an appointment for the installation of the service., यह एक अच्छा विकल्प है! मैं आपको सूचित करना चाहता हूं कि आपका सेवा अनुरोध हमारे पास पंजीकृत हो गया है और हमारी तकनीकी टीम सेवा की स्थापना के लिए अपॉइंटमेंट बुक करने के लिए अगले 24 घंटों में आपसे संपर्क करेगी।,3,2
5gb plan, 5जीबी प्लान,0,0
ok, ठीक है,2,0
mubai, मुंबई,0,0
May i know the price?, क्या मैं कीमत जान सकता हूँ?,2,0
okay thankyou bye, ठीक है धन्यवाद अलविदा,2,0
10gb data plan, 10GB डेटा प्लान,0,0
"Perfect! May I know which data plan would you like to choose, 1Gb data plan or 5Gb data plan or 10Gb data plan? "," उत्तम! क्या मैं जान सकता हूँ कि आप कौन सा डेटा प्लान चुनना चाहेंगे, 1Gb डेटा प्लान या 5Gb डेटा प्लान या 10Gb डेटा प्लान?",3,2
YES, हां,2,2
Please do reach out to us in case of any further queries. Looking forward to seeing you soon again! Have a great day ahead! Good bye!, कृपया किसी और प्रश्न के मामले में हमसे संपर्क करें। जल्द ही आपको फिर से देखने के लिए उत्सुक हैं! आगे एक महान दिन हो! अलविदा!,3,2
HAI, हाई,2,0
hai, हाय,2,0
i WANT TO CHANGE MY SERVICE, मैं अपनी सेवा बदलना चाहता हूँ,2,1
"Sure, are you referring to the phone service?"," ज़रूर, क्या आप फ़ोन सेवा की बात कर रहे हैं?",2,0
Hi, नमस्ते,2,0
hi, नमस्ते,2,0
"That's amazing! Thank you for the response. Could you please allow me a minute or two, I'll get back to you with the confirmation?"," वह आश्चर्यजनक है! जवाब देने के लिए धन्यवाद। क्या आप कृपया मुझे एक या दो मिनट का समय दे सकते हैं, मैं पुष्टि के साथ आपसे संपर्क करूंगा?",3,2
Thank you for reaching out to us. Welcome to the AT&T family. Great day!, हमसे संपर्क की पहल के लिए आपका धन्यवाद। एटी एंड टी परिवार में आपका स्वागत है। भव्य दिवस!,3,2
Awesome! I've forwarded your subscription request for the 5 GB internet data plan. You will be receiving a confirmation call regarding the same within 24 hours. We hope you enjoy our service. Will there be anything else I could do for you?,बहुत बढ़िया! मैंने 5 जीबी इंटरनेट डेटा प्लान के लिए आपका सब्सक्रिप्शन अनुरोध अग्रेषित कर दिया है। आपको 24 घंटे के भीतर उसी के संबंध में एक पुष्टिकरण कॉल प्राप्त होगा। हमें उम्मीद है कि आप हमारी सेवा का आनंद लेंगे। क्या मैं तुम्हारे लिए और कुछ कर सकता हूँ?,3,2
5gb, 5जीबी,0,0
?, ?,0,0
"Hello! Alex here, How may I help you today?"," नमस्ते! एलेक्स यहाँ, मैं आज आपकी कैसे मदद कर सकता हूँ?",3,0
HII, HII,2,0
Hello! How may I help you today?, नमस्ते! आज मैं आपकी कैसे मदद कर सकता हूँ?,3,0
"Superb! Thank you for the details. We have 1 GB, 5 GB and 10 GB cable data plans for you. Which one of these would you like?
"," शानदार! विवरण के लिए धन्यवाद। हमारे पास आपके लिए 1 जीबी, 5 जीबी और 10 जीबी केबल डेटा प्लान हैं। आप इनमें से कौन सा चाहेंगे?",3,2
hi, नमस्ते,2,0
Okay!, ठीक!,2,0
"Thank you! Good news! I've registered your request. Shortly, My team will get in touch with you and they will ask for personal details which are necessary for verification. Please cooperate with them in completing the process. As soon as this process is done. You'll receive a service activation email within an hour. "," आपको धन्यवाद! खुशखबरी! मैंने आपका अनुरोध दर्ज कर लिया है। शीघ्र ही, मेरी टीम आपसे संपर्क करेगी और वे व्यक्तिगत विवरण मांगेंगी जो सत्यापन के लिए आवश्यक हैं। कृपया प्रक्रिया को पूरा करने में उनका सहयोग करें। जैसे ही यह प्रक्रिया पूरी हो जाएगी। आपको एक घंटे के भीतर एक सेवा सक्रियण ईमेल प्राप्त होगा।",3,2
"Yes, Please confirm"," हाँ, कृपया पुष्टि करें",3,0
"Sure, thank you. Could you tell me which data plan would you like to sign up for?"," पक्का, आपका धन्यवाद। क्या आप मुझे बता सकते हैं कि आप किस डेटा प्लान के लिए साइन अप करना चाहेंगे?",3,0
3pm-7pm, दोपहर 3 बजे से शाम 7 बजे तक,0,0
10 GB, 10 जीबी,0,0
I'M PLANNING TO PURCHASE CABLE SERVICE, मैं केबल सेवा खरीदने की योजना बना रहा हूँ,0,2
I NEED A INTERNET CONNECTION, मुझे इंटरनेट कनेक्शन चाहिए,1,0
"Wonderful! We are always here to help you any issues relating to cable/media, wish to serve you again. Goodbye!","अद्भुत! केबल/मीडिया से संबंधित किसी भी मुद्दे पर आपकी मदद करने के लिए हम हमेशा यहां मौजूद हैं, हम फिर से आपकी सेवा करना चाहते हैं। अलविदा!",3,2
internet service, इंटरनेट सेवा,0,0
Could you please specify if you want a phone service or the internet service?, क्या आप कृपया निर्दिष्ट कर सकते हैं कि आप फ़ोन सेवा या इंटरनेट सेवा चाहते हैं?,3,0
You're welcome! Would there be anything else I may assist you with?, आपका स्वागत है! क्या कुछ और होगा जिसमें मैं आपकी सहायता कर सकूं?,3,2
I'm sorry to hear that. I'll look into this issue. May I know your full name please?, उसे सुनने के लिए मुझे माफ करें। मैं इस मुद्दे को देखूंगा। क्या मैं आपका पूरा नाम जान सकता हूँ?,3,1
66745,66745,0,0
"Thank you! As the cable service we have 1 GB, 5 GB and 10 GB data plans, May I know which data plan you’d like to purchase?"," आपको धन्यवाद! केबल सेवा के रूप में हमारे पास 1 जीबी, 5 जीबी और 10 जीबी डेटा प्लान हैं, क्या मैं जान सकता हूं कि आप कौन सा डेटा प्लान खरीदना चाहेंगे?",3,0
1GB, 1GB,0,0
ok, ठीक है,2,0
May I know what service are you currently using?, क्या मैं जान सकता हूँ कि आप वर्तमान में किस सेवा का उपयोग कर रहे हैं?,2,0
"Good morning, you're connected to AT&T Customer Service. How can I be of help to you?"," सुप्रभात, आप एटी एंड टी ग्राहक सेवा से जुड़े हैं। मैं आपकी किस प्रकार सहायता कर सकता हूँ?",3,0
ok thanks, ठीक है धन्यवाद,3,0
"Awesome! Thank you for contacting us, hope you'll have a great day ahead! "," बहुत बढ़िया! हमसे संपर्क करने के लिए धन्यवाद, आशा है कि आपका दिन अच्छा बीतेगा!",3,2
"Hi,good morning", हाय सुप्रभात,3,0
newyork city zip code is65654, न्यूयॉर्क शहर का ज़िप कोड है65654,2,0
thats all, बस इतना ही,1,0
"And, also may I know if you need a cable connection or internet connection?"," और, क्या मैं यह भी जान सकता हूं कि आपको केबल कनेक्शन या इंटरनेट कनेक्शन की आवश्यकता है?",2,0
Hello there! Welcome to Act Fiber net services. How may I help you today?, नमस्ते! एक्ट फाइबर नेट सेवाओं में आपका स्वागत है। आज मैं आपकी कैसे मदद कर सकता हूँ?,3,0
i want a purchase is cable service, मुझे एक खरीद चाहिए केबल सेवा है,1,0
I would also like to know price of the 10 GB plan., मैं 10 जीबी प्लान की कीमत भी जानना चाहूंगा।,2,0
Hello! Good morning! You've reached sun feast media services. How may I help you today?, नमस्ते! सुबह बख़ैर! आप सन दावत मीडिया सेवाओं तक पहुँच चुके हैं। आज मैं आपकी कैसे मदद कर सकता हूँ?,3,0
Good bye!!, अलविदा!!,3,0
6410118,6410118,0,0
"Awesome! Could you please help me with the plans you'd like to go with, we have the 1 GB, 5 GB, 10 GB?","बहुत बढ़िया! क्या आप उन योजनाओं में मेरी मदद कर सकते हैं जिनके साथ आप जाना चाहते हैं, हमारे पास 1 जीबी, 5 जीबी, 10 जीबी है?",3,2
1gb, 1जीबी,0,0
Alright! Please allow me a moment to proceed further., ठीक है! कृपया मुझे आगे बढ़ने के लिए एक क्षण का समय दें।,2,0
no thanks," जी नहीं, धन्यवाद",3,1
Great! I'll help you with that. Could you please provide your city's name?, महान! मैं इसमें आपकी मदद करूंगा। क्या आप कृपया अपने शहर का नाम बता सकते हैं?,3,2
no thanks," जी नहीं, धन्यवाद",3,1
Thanks for sharing your details. What service type would you like to purchase? Is it cable. internet or phone?, अपना विवरण साझा करने के लिए धन्यवाद। आप किस प्रकार की सेवा खरीदना चाहेंगे? क्या यह केबल है। इंटरनेट या फोन?,3,0
"Alright I will surely help you out with that but before we go ahead with that, could you please help me with your city name and zip code?"," ठीक है, मैं निश्चित रूप से इसमें आपकी मदद करूंगा, लेकिन इससे पहले कि हम आगे बढ़ें, क्या आप कृपया अपने शहर के नाम और ज़िप कोड के साथ मेरी मदद कर सकते हैं?",3,0
I NEED A CABLE CONECTION, मुझे एक केबल कनेक्शन चाहिए,1,0
I want a new connection, मुझे एक नया कनेक्शन चाहिए,1,0
ok bye, चलो बाय,2,0
no thanks]," जी नहीं, धन्यवाद]",3,1
Absolutely! I'll be glad to help you with it. Could you first share the city and the zip code?, बिल्कुल! मुझे इसमें आपकी मदद करने में खुशी होगी। क्या आप पहले शहर और पिन कोड साझा कर सकते हैं?,3,2
"Thanks for waiting, I've processed your request and signed you up for the service you can now enjoy it's benefits. Anything else I may help you in?
"," प्रतीक्षा करने के लिए धन्यवाद, मैंने आपके अनुरोध को संसाधित कर लिया है और आपको उस सेवा के लिए साइन अप कर लिया है जिसका अब आप लाभ उठा सकते हैं। कुछ और मैं आपकी मदद कर सकता हूँ?",3,2
I WOULD like to purchase the internet connection, मैं इंटरनेट कनेक्शन खरीदना चाहूंगा,2,0
My option 1GB data plan., मेरा विकल्प 1GB डेटा प्लान।,1,0
Thank you. May I know the data pack you're willing to purchase?, शुक्रिया। क्या मैं उस डेटा पैक को जान सकता हूँ जिसे आप खरीदना चाहते हैं?,3,0
no thanks," जी नहीं, धन्यवाद",3,1
10GB, 10जीबी,0,0
Hello! Welcome to Aura cable services. How may I help you?, नमस्ते! ऑरा केबल सर्विस में आपका स्वागत है। क्या मेरे द्वारा आपकी कोई सहायता हो सकती है?,3,0
Which plan would you like to opt for?, आप किस योजना को चुनना चाहेंगे?,3,0
hi, नमस्ते,2,0
I'd like to inform you that the 10Gb data plan would cost you $45 per month., मैं आपको सूचित करना चाहता हूं कि 10Gb डेटा प्लान की कीमत आपको $45 प्रति माह होगी।,3,1
ok thank you, ठीक है धन्यवाद,3,0
"Thanks for confirming. You'll have to login to our website i.e. www.cablehub.com , to create a new account go to New customer> update details> payment. When this process is done, you'll get a service activation text message. Enjoy using your service.","पुष्टि करने के लिए धन्यवाद। नया खाता बनाने के लिए आपको हमारी वेबसाइट यानी www.cablehub.com पर लॉग इन करना होगा, नए ग्राहक पर जाएं> विवरण अपडेट करें> भुगतान करें। जब यह प्रक्रिया पूरी हो जाती है, तो आपको एक सेवा सक्रियण टेक्स्ट संदेश प्राप्त होगा। अपनी सेवा का उपयोग करके आनंद लें।",3,2
Perfect plans ...I could choose 10 GB for me..Hope it would give the best experience in surfing, बिल्कुल सही योजना...मैं अपने लिए 10 जीबी चुन सकता था..आशा है कि यह सर्फिंग में सबसे अच्छा अनुभव देगा,3,2
"10 GB Date plan
", 10 जीबी डेट प्लान,0,0
Good morning! You've reached Net link Media/Cable Services. How may I help you?, सुबह बख़ैर! आप नेट लिंक मीडिया/केबल सेवाओं पर पहुंच गए हैं। क्या मेरे द्वारा आपकी कोई सहायता हो सकती है?,3,0
"Awesome! Thank you for the details. We have various data plans like 1 GB, 5 GB and 10 GB data plans for our cable service. Which one of these would you prefer?"," बहुत बढ़िया! विवरण के लिए धन्यवाद। हमारे पास अपनी केबल सेवा के लिए 1 जीबी, 5 जीबी और 10 जीबी डेटा प्लान जैसे विभिन्न डेटा प्लान हैं। आप इनमें से किसे पसंद करेंगे?",3,2
MUMBAI AND 804728, मुंबई और 804728,0,0
I would like to change my premium cable service., मैं अपनी प्रीमियम केबल सेवा बदलना चाहता/चाहती हूं.,3,1
Hello there! How may I help you today?, नमस्ते! आज मैं आपकी कैसे मदद कर सकता हूँ?,3,0
"Hello there, My name is Casey and how may I help you today? ","नमस्ते, मेरा नाम केसी है और मैं आज आपकी कैसे मदद कर सकता हूं?",3,0
oh that's amamzing, ओह यह अद्भुत है,1,2
Perfect! Is there anything else I may help you with?, उत्तम! क्या कुछ और है जिसमें मैं आपकी मदद कर सकता हूं?,3,2
No thank you please just cancel my cable service," नहीं, धन्यवाद, कृपया मेरी केबल सेवा रद्द करें",3,1
I hope I helped you with your query. Will there be anything else I could help you with?, मुझे आशा है कि मैंने आपकी क्वेरी में आपकी मदद की। क्या कुछ और होगा जिसमें मैं आपकी मदद कर सकूं?,3,0
"Good news! I've confirmed your 5 GB internet service with Net link and our executives will reach you within 2-3 days for the installation. And, I've also created an account of yours with us, for any further queries on plans or services you can check on our website i.e www.netlink.com.","खुशखबरी! मैंने नेट लिंक के साथ आपकी 5 जीबी इंटरनेट सेवा की पुष्टि की है और हमारे अधिकारी इंस्टॉलेशन के लिए 2-3 दिनों के भीतर आप तक पहुंच जाएंगे। और, मैंने आपका खाता भी हमारे साथ बनाया है, योजनाओं या सेवाओं के बारे में किसी और प्रश्न के लिए आप हमारी वेबसाइट यानी www.netlink.com पर देख सकते हैं।",3,2
"Wonderful! Thank you for reaching out to us, we are always here to help you in any issues relating to cable/media. Goodbye!","अद्भुत! हमसे संपर्क करने के लिए धन्यवाद, केबल/मीडिया से संबंधित किसी भी मुद्दे में आपकी मदद करने के लिए हम हमेशा यहां मौजूद हैं। अलविदा!",3,2
"Surely, please allow me a minute to get this done for you."," निश्चित रूप से, कृपया मुझे यह आपके लिए करने के लिए एक मिनट का समय दें।",3,0
"Thank you! So for the internet packages we have (1 GB, 5 GB, 10 GB) which cost $5, $10 and $20 respectively. Now could you please go ahead and choose a package according to your usage please?"," आपको धन्यवाद! तो इंटरनेट पैकेज के लिए हमारे पास (1 जीबी, 5 जीबी, 10 जीबी) है जिसकी कीमत क्रमशः $ 5, $ 10 और $ 20 है। अब क्या आप कृपया आगे बढ़ सकते हैं और कृपया अपने उपयोग के अनुसार पैकेज चुनें?",3,0
YES, हां,2,2
May I know which service would you like to get?, क्या मैं जान सकता हूँ कि आप कौन सी सेवा प्राप्त करना चाहेंगे?,3,0
10 GB, 10 जीबी,0,0
Sounds great! Is there anything else I may help you with?, बहुत अच्छा लगता है! क्या कुछ और है जिसमें मैं आपकी मदद कर सकता हूं?,3,2
"Thank you and could you please help me in knowing that which plan are you interested in. The 1 GB will cost $3, 5 GB will cost $5 and 10 GB cost $7 respectively. "," धन्यवाद और क्या आप कृपया मुझे यह जानने में मदद कर सकते हैं कि आप किस योजना में रुचि रखते हैं। 1 जीबी की कीमत $ 3 होगी, 5 जीबी की कीमत क्रमशः $ 5 और 10 जीबी की कीमत $ 7 होगी।",3,0
10005,10005,0,0
mubai 45120, मुंबई 45120,0,0
OK, ठीक है,2,0
ok charlie confirm that plan, ठीक है चार्ली उस योजना की पुष्टि करें,2,0
"Sure, thank you. Which data plan would you like tom subscribe to?"," पक्का, आपका धन्यवाद। टॉम को आप किस डेटा प्लान की सदस्यता लेना चाहेंगे?",3,0
internet, इंटरनेट,0,0
Amazing! Please allow me a moment to proceed further., अद्भुत! कृपया मुझे आगे बढ़ने के लिए एक क्षण का समय दें।,3,2
Alright. Thanks. If I need any assistance I ll reach you after 24 hours. GOod Bye, ठीक है। धन्यवाद। अगर मुझे किसी सहायता की आवश्यकता होगी तो मैं 24 घंटे के बाद आप तक पहुंचूंगा। अलविदा,3,0
"Hi I want a new internet connection, can you able to help me?"," नमस्ते मुझे एक नया इंटरनेट कनेक्शन चाहिए, क्या आप मेरी मदद कर सकते हैं?",3,0
"You are always welcome. Thank you for choosing our service. For any queries, please feel free to talk to us anytime."," आपका हमेशा स्वागत है। हमारी सेवा चुनने के लिए धन्यवाद। किसी भी प्रश्न के लिए, कृपया बेझिझक हमसे कभी भी बात करें।",3,2
"Hello! Good Evening, Fast Net Cable Services. How may I assist you today?
"," नमस्ते! शुभ संध्या, फास्ट नेट केबल सेवाएं। आज मैं आपकी मदद किस तरह कर सकता हूँ?",3,0
"Alright. I'll explain it you again. I've booked your cable connection, Shortly my team will call you and they'll assist you further.","ठीक है। मैं आपको इसे फिर से समझाऊंगा। मैंने आपका केबल कनेक्शन बुक कर लिया है, शीघ्र ही मेरी टीम आपको कॉल करेगी और वे आगे आपकी सहायता करेंगे।",3,0
"Thank you for all the details, please give me a minute while I get this done for you. "," सभी विवरणों के लिए धन्यवाद, कृपया मुझे एक मिनट दें जब तक कि मैं आपके लिए इसे पूरा कर लूं।",3,2
Tiruvananthapuram, तिरुवनंतपुरम,0,0
like to purchase, खरीदना पसंद है,2,0
like to purchase, खरीदना पसंद है,2,2
"that's all, thanks.", बस यही सब धन्यवाद।,3,0
Superb! I have forwarded your subscription request for the 10 GB cable data plan. You will be receiving a confirmation message regarding the same within 24 hours. We hope you enjoy our service. Will there be anything else I could help you with?, शानदार! मैंने 10 जीबी केबल डेटा प्लान के लिए आपका सब्सक्रिप्शन अनुरोध अग्रेषित कर दिया है। आपको 24 घंटे के भीतर उसी के संबंध में एक पुष्टिकरण संदेश प्राप्त होगा। हमें उम्मीद है कि आप हमारी सेवा का आनंद लेंगे। क्या कुछ और होगा जिसमें मैं आपकी मदद कर सकूं?,3,2
655443 madurai, 655443 मदुरै,0,0
Alright I have now confirmed the package for you and also created an account on your name. Our associate would visit your house shortly and help you with the service installation. Is there anything else I could help you with for today?," ठीक है, मैंने अब आपके लिए पैकेज की पुष्टि कर दी है और आपके नाम पर एक खाता भी बनाया है। हमारे सहयोगी शीघ्र ही आपके घर आएंगे और सेवा स्थापना में आपकी सहायता करेंगे। क्या आज के लिए मैं आपकी कुछ और मदद कर सकता हूँ?",2,0
All right. I've initiated the data plan. You will be receiving the confirmation message along with the payment link. Is there anything else I may help you with?, ठीक है। मैंने डेटा योजना शुरू की है। आपको भुगतान लिंक के साथ पुष्टिकरण संदेश प्राप्त होगा। क्या कुछ और है जिसमें मैं आपकी मदद कर सकता हूं?,3,0
ok, ठीक है,2,0
ok, ठीक है,2,0
"Alright! We will levy only $25 every month for 5 GB internet data plan, Would that be okay? "," ठीक है! हम 5 जीबी इंटरनेट डेटा प्लान के लिए हर महीने केवल $25 का शुल्क लेंगे, क्या यह ठीक रहेगा?",2,0
56253,56253,0,0
Great! Is there anything else that I may help you with?, महान! क्या कुछ और है जिसमें मैं आपकी मदद कर सकता हूं?,3,2
18827,18827,0,0
like to purchase, खरीदना पसंद है,2,0
ok thanks, ठीक है धन्यवाद,3,0
Fantastic!! It was my pleasure assisting you. Thanks for contacting D-link media services. Have a great day ahead. We look for long and successful association., ज़बरदस्त!! आपकी सहायता करना मेरी खुशी थी। डी-लिंक मीडिया सेवाओं से संपर्क करने के लिए धन्यवाद। आगे एक महान दिन हो। हम लंबे और सफल जुड़ाव की तलाश करते हैं।,3,2
"Sure, the the plan is the fastest offering 10 Mbps of speed. That will assure you an uninterrupted service all while. Have I answered your question?"," निश्चित रूप से, यह योजना सबसे तेज गति से 10 एमबीपीएस की पेशकश कर रही है। यह आपको हर समय एक निर्बाध सेवा का आश्वासन देगा। क्या मैंने आपके प्रश्न का उत्तर दिया है?",2,1
Hello! You've reached AT&T Customer Service. How may I help you today?, नमस्ते! आप एटी एंड टी ग्राहक सेवा तक पहुँच चुके हैं। आज मैं आपकी कैसे मदद कर सकता हूँ?,3,0
mathurai9, मथुराई9,0,0
"Wonderful! Thank you for reaching out to us, we are always here to help you in any issue relating to cable/media. Goodbye!","अद्भुत! हमसे संपर्क करने के लिए धन्यवाद, केबल/मीडिया से संबंधित किसी भी मुद्दे में आपकी मदद करने के लिए हम हमेशा यहां मौजूद हैं। अलविदा!",3,2
Okay, ठीक,2,0
10 GB, 10 जीबी,0,0
10 GB, 10 जीबी,0,0
no thanks," जी नहीं, धन्यवाद",3,1
Great! Anything else that I may help you with?, महान! कुछ और जिससे मैं आपकी मदद कर सकूं?,3,2
My pleasure! Thanks for being considerate. Would there be anything else I may help you with?, मेरा सौभाग्य! विचारशील होने के लिए धन्यवाद। क्या कुछ और होगा जिसमें मैं आपकी मदद कर सकूं?,3,2
internet, इंटरनेट,0,0
Should I confirm that you would like to sign up for cable service?, क्या मुझे पुष्टि करनी चाहिए कि आप केबल सेवा के लिए साइन अप करना चाहते हैं?,3,0
15038,15038,0,0
canada, कनाडा,0,0
"Surely, would there be anything else that I could help you with?"," निश्चित रूप से, क्या कुछ और होगा जिससे मैं आपकी मदद कर सकूं?",2,0
Have your time..No problem., अपना समय लो..कोई बात नहीं।,2,2
?, ?,0,0
ok, ठीक है,2,0
Looking forward to seeing you soon again! Have a great day ahead! Good bye!, जल्द ही आपको फिर से देखने के लिए उत्सुक हैं! आगे एक महान दिन हो! अलविदा!,3,2
no, नहीं,1,1
"As there is no reply, I'll be forced to end this chat immediately. Thank you. "," जैसा कि कोई उत्तर नहीं है, मुझे इस चैट को तुरंत समाप्त करने के लिए मजबूर किया जाएगा। शुक्रिया।",3,1
"You're most welcome! I'm glad, I was able to help. Would there be anything else I may help you with?"," आपका स्वागत है! मुझे खुशी है, मैं मदद करने में सक्षम था। क्या कुछ और होगा जिसमें मैं आपकी मदद कर सकूं?",3,2
5 gb, 5 जीबी,0,0
10 GB*, 10 जीबी*,0,0
"I appreciate your patience. Under Internet service we are offering three data plans, they are 1 GB, 5 GB and 10 GB. You can pick one based on your usage pattern and also the price may vary."," मैं आपके धैर्य की सराहना करता हूँ। इंटरनेट सेवा के तहत हम तीन डेटा प्लान पेश कर रहे हैं, वे 1 जीबी, 5 जीबी और 10 जीबी हैं। आप अपने उपयोग पैटर्न के आधार पर एक चुन सकते हैं और कीमत भी भिन्न हो सकती है।",3,2
Sure. Could you please help me with your details like your city and zipcode? So that I can find the best plans available near you., ज़रूर। क्या आप कृपया अपने शहर और ज़िप कोड जैसे विवरण के साथ मेरी मदद कर सकते हैं? ताकि मैं आपके आस-पास उपलब्ध सर्वोत्तम योजनाओं को ढूंढ सकूं।,3,0
"Awesome! Could you please confirm the plans for your internet services? The plans we offer are 1 GB, 5 GB, 10 GB."," बहुत बढ़िया! क्या आप कृपया अपनी इंटरनेट सेवाओं की योजनाओं की पुष्टि कर सकते हैं? हम जो प्लान पेश करते हैं वे 1 जीबी, 5 जीबी, 10 जीबी हैं।",3,2
mumbai 415214, मुंबई 415214,0,0
okay thanks, ठीक है शुक्रिया,3,0
another plans are available, अन्य योजनाएं उपलब्ध हैं,1,0
my city b, मेरा शहर बी,1,0
Is there anything else I may help you with today?, क्या आज मैं आपकी कुछ और मदद कर सकता हूँ?,2,0
"I apologize for the inconvenience caused but, Just as a compensation, only for you I could offer you 10% off on your next monthly bill so that you could continue the service and keep your account open with us","मुझे हुई असुविधा के लिए मैं क्षमा चाहता हूं, लेकिन मुआवजे के रूप में, केवल आपके लिए मैं आपको आपके अगले मासिक बिल पर 10% की छूट प्रदान कर सकता हूं ताकि आप सेवा जारी रख सकें और हमारे साथ अपना खाता खुला रख सकें।",3,2
Thank you for contacting us. Hope to have a great day ahead. Bye!, हमसे संपर्क करने के लिए धन्यवाद। आशा है कि आगे एक अच्छा दिन होगा। अलविदा!,3,2
yes we are, हाँ हम,2,0
HI, नमस्ते,3,0
"Hello, I want to get a new cable cable service from your service"," नमस्कार, मैं आपकी सेवा से एक नई केबल केबल सेवा प्राप्त करना चाहता हूं",3,0
& please subscribe this pack as soon as possible...., और कृपया इस पैक को जल्द से जल्द सब्सक्राइब करें....,2,2
"i want to sign up internet service.
", मैं इंटरनेट सेवा साइन अप करना चाहता हूं।,1,0
"Stanton Nadine, and 7291 8301 4219"," स्टैंटन नादिन, और 7291 8301 4219",0,0
"You're welcome, thank you for reaching out to us. Have an awesome day ahead!"," आपका स्वागत है, हमसे संपर्क करने के लिए धन्यवाद। आगे का दिन शानदार हो!",3,2
ok, ठीक है,2,0
"Great! 10 Gb is one of the best plans that we provide to our customers. 10 GB will cost $7 including all the taxes. I will confirm the same for you. 
", महान! 10 Gb हमारे ग्राहकों को प्रदान की जाने वाली सर्वोत्तम योजनाओं में से एक है। सभी करों सहित 10 जीबी की कीमत $7 होगी। मैं आपके लिए इसकी पुष्टि करूंगा।,3,2
"Thank you! For the internet service we have 1 GB, 5 GB and 10 GB data plans, may I know which data plan you'd like to purchase? "," आपको धन्यवाद! इंटरनेट सेवा के लिए हमारे पास 1 जीबी, 5 जीबी और 10 जीबी डेटा प्लान हैं, क्या मैं जान सकता हूं कि आप कौन सा डेटा प्लान खरीदना चाहेंगे?",3,0
I NEED A CABLE CONECTION, मुझे एक केबल कनेक्शन चाहिए,1,0
Sure! I'll definitely help you with that. Could you please help me with the city and zip code?, ज़रूर! मैं इसमें आपकी जरूर मदद करूंगा। क्या आप कृपया मुझे शहर और ज़िप कोड के साथ मदद कर सकते हैं?,3,0
"Your request for the desired service has been initiated. Our agent will contact you soon. Is there anything else I could help you with?
", वांछित सेवा के लिए आपका अनुरोध शुरू कर दिया गया है। हमारा एजेंट जल्द ही आपसे संपर्क करेगा। क्या कुछ और है जिसमें मैं आपकी मदद कर सकता हूं?,2,0
69854,69854,0,0
"Hello! You've reached AT&T Customer Service. Absolutely, I'll be able to do this for you. Please may I know your name?"," नमस्ते! आप एटी एंड टी ग्राहक सेवा तक पहुँच चुके हैं। बिल्कुल, मैं आपके लिए यह कर पाऊंगा। कृपया क्या मैं आपका नाम जान सकता हूँ?",3,0
Fantastic! I've forwarded your subscription request for the 5 GB internet data plan. You will be receiving a confirmation message regarding the same within 2-4 hours. We hope you enjoy our service. Will there be anything else I could help you with?,ज़बरदस्त! मैंने 5 जीबी इंटरनेट डेटा प्लान के लिए आपका सब्सक्रिप्शन अनुरोध अग्रेषित कर दिया है। आपको 2-4 घंटों के भीतर उसी के संबंध में एक पुष्टिकरण संदेश प्राप्त होगा। हमें उम्मीद है कि आप हमारी सेवा का आनंद लेंगे। क्या कुछ और होगा जिसमें मैं आपकी मदद कर सकूं?,3,2
like to purchase, खरीदना पसंद है,2,2
Hello, नमस्ते,2,0
"Hi! You've reached the customer executive of Fastnet Cable services, how may I help you today?"," नमस्ते! आप Fastnet Cable सेवाओं के ग्राहक कार्यकारी तक पहुँच चुके हैं, मैं आज आपकी कैसे मदद कर सकता हूँ?",3,0
NOTHING ELSE, और कुछ नहीं,2,0
i would like to 10 GB, मुझे 10 जीबी चाहिए,2,0
i want new cable service, मुझे नई केबल सेवा चाहिए,1,0
Sure! I'll definitely help you with that. Could you please provide me the city and the zip code?, ज़रूर! मैं इसमें आपकी जरूर मदद करूंगा। क्या आप कृपया मुझे शहर और ज़िप कोड प्रदान कर सकते हैं?,3,0
okay my zipcode 2795, ठीक है मेरा ज़िप कोड 2795,2,0
zip code 98632, पिन कोड 98632,0,0
"Sure, which internet data plan would you want to sign up for?"," ज़रूर, आप किस इंटरनेट डेटा प्लान के लिए साइन अप करना चाहेंगे?",3,0
Absolutely! I'll assist you in the best way possible. Could you first share the city and the zip code?, बिल्कुल! मैं आपकी हर संभव मदद करूंगा। क्या आप पहले शहर और पिन कोड साझा कर सकते हैं?,3,2
Hello. Welcome to Tarro cables. How may I help you today?, नमस्ते। टैरो केबल्स में आपका स्वागत है। आज मैं आपकी कैसे मदद कर सकता हूँ?,3,0
Hello! You've been connected to Zoom cable services. How may I assist you today?, नमस्ते! आप ज़ूम केबल सेवाओं से कनेक्ट हो गए हैं। आज मैं आपकी मदद किस तरह कर सकता हूँ?,3,0
Great! Is there anything else that I may help you with?, महान! क्या कुछ और है जिसमें मैं आपकी मदद कर सकता हूं?,3,2
Hello! Welcome to AT&T customer service. How may I help you today?, नमस्ते! एटी एंड टी ग्राहक सेवा में आपका स्वागत है। आज मैं आपकी कैसे मदद कर सकता हूँ?,3,0
CHENNAI AND 124480, चेन्नई और 124480,0,0
Okay! Please allow me a moment while I go ahead and check with your account., ठीक! कृपया मुझे कुछ समय दें जब तक मैं आगे बढ़ूं और आपके खाते से जांच करूं।,2,0
Kemmer Edith, केमर एडिथ,0,0
Hai, हाई,2,0
"Alright! It was great assisting you, have a nice day. Goodbye."," ठीक है! आपकी सहायता करके बहुत अच्छा लगा, आपका दिन शुभ हो। अलविदा।",3,2
ok, ठीक है,2,0
"I'll help you with that, may I know your last name and the 16 digits of account number? "," मैं इसमें आपकी मदद करूंगा, क्या मैं आपका अंतिम नाम और खाता संख्या के 16 अंक जान सकता हूं?",3,0
"That's amazing! I'll be glad to help you in this, may I please know your city and it's zip code?","वह आश्चर्यजनक है! मुझे इसमें आपकी मदद करने में खुशी होगी, क्या मैं आपका शहर और उसका ज़िप कोड जान सकता हूं?",3,2
"Thank you! For the cable service we have 1 GB, 5 GB and 10 GB data plans. May I know which data plans you'd like to purchase?"," आपको धन्यवाद! केबल सर्विस के लिए हमारे पास 1 जीबी, 5 जीबी और 10 जीबी डेटा प्लान हैं। क्या मैं जान सकता हूँ कि आप कौन-से डेटा प्लान खरीदना चाहेंगे?",3,0
Fantastic! Thanks for reaching out to us. We are always at your back to provide you assistance. Have a pleasant day ahead! :), ज़बरदस्त! हमसे संपर्क करने के लिए धन्यवाद। हम आपको सहायता प्रदान करने के लिए हमेशा आपकी पीठ पर हैं। आगे आपका दिन मंगलमय हो! :),3,2
I'll be glad to help you with that. May I know your city and it's zip code please?, मुझे इसमें आपकी मदद करने में खुशी होगी। क्या मैं आपका शहर और उसका ज़िप कोड जान सकता हूँ?,3,0
WHEN CONNECT TO ME, जब मुझसे जुड़ें,0,0
i want new cable service, मुझे नई केबल सेवा चाहिए,1,0
Alright! Have a good day Richard. Hope to assist you again in the future. Bye!, ठीक है! आपका दिन शुभ हो रिचर्ड। आशा है कि भविष्य में फिर से आपकी सहायता करेंगे। अलविदा!,3,2
what is the price of 10gb data plan, 10GB डेटा प्लान की कीमत क्या है,0,0
Great news! You've been successfully registered for this service connection. The installation team will reach out to you and the connection will be made within the next 24 hours?, बढ़िया खबर! आप इस सेवा कनेक्शन के लिए सफलतापूर्वक पंजीकृत हो गए हैं। इंस्टालेशन टीम आप तक पहुंचेगी और अगले 24 घंटों के भीतर कनेक्शन कर दिया जाएगा?,3,2
"Joseph, Peter"," जोसेफ, पीटर",0,0
Wow! Great! You are at a very right place! I'll be glad to assist you. Could you please help me with your city name and the zip code?, बहुत खूब! महान! आप बहुत सही जगह पर हैं! मुझे आपकी सहायता करने में खुशी होगी। क्या आप कृपया मुझे अपने शहर के नाम और ज़िप कोड के साथ मदद कर सकते हैं?,3,2
I want a new service, मुझे एक नई सेवा चाहिए,1,0
Wonderful! Please feel free to reach out to us. Have a nice day. Bye., अद्भुत! कृपया बेझिझक हमसे संपर्क करें। आपका दिन शुभ हो। अलविदा।,3,2
thats all for now, अभी के लिए इतना ही,1,0
chennai, चेन्नई,0,0
That's a great choice! I'd like to inform you that your requested service has been registered with us and our technical team will contact you in the next 2 business days to book an appointment for the installation of the internet service.,यह एक बढ़िया विकल्प है! मैं आपको सूचित करना चाहता हूं कि आपकी अनुरोधित सेवा हमारे साथ पंजीकृत हो गई है और हमारी तकनीकी टीम इंटरनेट सेवा की स्थापना के लिए अपॉइंटमेंट बुक करने के लिए अगले 2 व्यावसायिक दिनों में आपसे संपर्क करेगी।,3,2
Please feel free to contact us anytime. Thank you for reaching out to us. Have a great day ahead :), कृपया हमसे किसी भी समय निःसंकोच संपर्क करें। हमसे संपर्क की पहल के लिए आपका धन्यवाद। आगे एक महान दिन हो :),3,2
"Perfect! Noted! I've checked with my resources. we have our networks in your area. Proceeding further, We have functionality data plans available for you, namely 1 GB, 5 GB and 10 GB. Which one you'd like to choose? "," उत्तम! विख्यात! मैंने अपने संसाधनों से जांच की है। आपके क्षेत्र में हमारा नेटवर्क है। आगे बढ़ते हुए, हमारे पास आपके लिए 1 जीबी, 5 जीबी और 10 जीबी जैसे कार्यात्मक डेटा योजनाएं उपलब्ध हैं। आप किसे चुनना चाहेंगे?",3,2
charlie are you there, चार्ली क्या तुम वहाँ हो,1,0
NO, ना,1,1
ok, ठीक है,2,0
"You're most welcome, is there anything else I may help you with? "," आपका बहुत-बहुत स्वागत है, क्या कुछ और है जिसमें मैं आपकी मदद कर सकता हूँ?",3,2
KANPU 541803, कानपुर 541803,0,0
Could you please confirm the city and it's zip code?, क्या आप कृपया शहर और उसके ज़िप कोड की पुष्टि कर सकते हैं?,3,0
5gb, 5जीबी,0,0
"Hello! Good Morning. Welcome to media cable service, how may I help you out today?","नमस्ते! शुभ प्रभात। मीडिया केबल सेवा में आपका स्वागत है, मैं आज आपकी कैसे मदद कर सकता हूँ?",3,0
"Thank you for sharing the details. We have different data plans such as 1GB, 5GB and 10GB for services like phone, cable and internet. Which one would you like to purchase?"," विवरण साझा करने के लिए धन्यवाद। हमारे पास फोन, केबल और इंटरनेट जैसी सेवाओं के लिए 1GB, 5GB और 10GB जैसे अलग-अलग डेटा प्लान हैं। आप कौन सा खरीदना चाहेंगे?",3,0
Perfect thanks, बहुत बहुत धन्यवाद,3,2
New York 10001, न्यूयॉर्क 10001,2,0
"Amazing! May I know which plan would you like to choose in 1 GB, 5 GB and 10 GB?"," अद्भुत! क्या मैं जान सकता हूं कि आप 1 जीबी, 5 जीबी और 10 जीबी में कौन सा प्लान चुनना चाहेंगे?",3,2
i need internet service., मुझे इंटरनेट सेवा चाहिए।,1,0
Great! I'd be glad to help you with that. May I know your name please?, महान! मुझे इसमें आपकी मदद करने में खुशी होगी। क्या मैं आपका नाम जान सकता हूँ?,3,2
5GB data plan., 5GB डेटा प्लान।,0,0
That's a perfect choice Wiza! I have forwarded your request. We hope you enjoy our service. Will there be anything else I could do for you?, यह एक आदर्श विकल्प है Wiza! मैंने आपका अनुरोध अग्रेषित कर दिया है। हमें उम्मीद है कि आप हमारी सेवा का आनंद लेंगे। क्या मैं तुम्हारे लिए और कुछ कर सकता हूँ?,3,2
no, नहीं,1,1
"Hello! Good Morning. Welcome to media cable service, how may I help you out today?","नमस्ते! शुभ प्रभात। मीडिया केबल सेवा में आपका स्वागत है, मैं आज आपकी कैसे मदद कर सकता हूँ?",3,0
"Nothing else, Thank you for your information. Have a nice day to chat with you. "," और कुछ नहीं, आपकी जानकारी के लिए धन्यवाद। आपके साथ चैट करने के लिए एक अच्छा दिन है।",3,0
Superb! It was my pleasure assisting a customer like you. Thanks for reaching out to us. We look forward for long and reliable commitment. Have a great day ahead., शानदार! आप जैसे ग्राहक की सहायता करना मेरे लिए खुशी की बात थी। हमसे संपर्क करने के लिए धन्यवाद। हम लंबी और विश्वसनीय प्रतिबद्धता की आशा करते हैं। आगे एक महान दिन हो।,3,2
"Alright! It was a pleasure assisting you, have a wonderful day. Goodbye.","ठीक है! आपकी सहायता करने में खुशी हुई, आपका दिन मंगलमय हो। अलविदा।",3,2
"Thanks for sharing your details. We presently have 1 GB, 5 GB and 10 GB data plans. May I know which plan you'd like to buy?"," अपना विवरण साझा करने के लिए धन्यवाद। अभी हमारे पास 1 जीबी, 5 जीबी और 10 जीबी डेटा प्लान हैं। क्या मैं जान सकता हूँ कि आप कौन-सा प्लान खरीदना चाहेंगे?",3,0
"Oh I see! I'll try my best to resolve the issue. Could you please provide your name, account number and the last four digits of social security number?
"," ओह मैं समझा! मैं इस मुद्दे को सुलझाने की पूरी कोशिश करूंगा। क्या आप कृपया अपना नाम, खाता संख्या और सामाजिक सुरक्षा संख्या के अंतिम चार अंक प्रदान कर सकते हैं?",3,1
And your city?, और आपका शहर?,0,0
NICE AND THE PRICE IS AVERAGE.I WANT YOUR BANK ACCOUNT DETAILS BECAUSE I WILL TRANSFER MONEY TO YOUR BANK ACCOUNT.SO SEND ME YOUR BANK ACCOUNT DETAILS., अच्छा है और कीमत औसत है। मुझे आपके बैंक खाते का विवरण चाहिए क्योंकि मैं आपके बैंक खाते में पैसे स्थानांतरित कर दूंगा। इसलिए मुझे अपना बैंक खाता विवरण भेजें।,3,2
no thanks," जी नहीं, धन्यवाद",3,1
ok thanks, ठीक है धन्यवाद,3,0
nothing else, और कुछ नहीं,1,0
Sure! I will help you right away. May I know the name of your city and it's zip code please?, ज़रूर! मैं आपकी तुरंत मदद करूंगा। क्या मैं आपके शहर का नाम और उसका ज़िप कोड जान सकता हूँ?,3,2
I hope we are still connected?, मुझे आशा है कि हम अभी भी जुड़े हुए हैं?,2,0
I'm glad I could help. Thank you for reaching out to us. Good day!, मैं खुश हूं कि मैं मदद कर सका। हमसे संपर्क की पहल के लिए आपका धन्यवाद। अच्छा दिन!,3,2
"Sure! I'll definitely help you, May I know your query please? "," ज़रूर! मैं निश्चित रूप से आपकी मदद करूंगा, क्या मैं आपकी क्वेरी जान सकता हूं?",3,2
TAKE ACTION IMMEDIATELY OTHERWISE I SHOULD DISCONNECT THIS CABLE CONNECTION, तुरंत कार्रवाई करें अन्यथा मुझे यह केबल कनेक्शन काट देना चाहिए,2,1
Alright I have now confirmed the package for you and also created an account on your name. Our associate would visit your house shortly and help you with the service installation. Is there anything else I could help you with for today?," ठीक है, मैंने अब आपके लिए पैकेज की पुष्टि कर दी है और आपके नाम पर एक खाता भी बनाया है। हमारे सहयोगी शीघ्र ही आपके घर आएंगे और सेवा स्थापना में आपकी सहायता करेंगे। क्या आज के लिए मैं आपकी कुछ और मदद कर सकता हूँ?",2,0
thank you, धन्यवाद,2,2
Name: Vetrivel.S..Account number:2765389564256, नाम: Vetrivel.S..खाता संख्या: 2765389564256,0,0
OK, ठीक है,2,0
You're always welcome, आपका हमेशा स्वागत है,3,2
WHAT IS THE PRICE OF 10GB PLAN OF CABLE SERVICE TAYLOR?, केबल सर्विस टेलर के 10GB प्लान की कीमत क्या है?,0,0
HI, नमस्ते,2,0
hi, नमस्ते,2,0
"Hello! Good evening, Fast Net Cable Services. How may I assist you today?","नमस्ते! शुभ संध्या, फास्ट नेट केबल सेवाएं। आज मैं आपकी मदद किस तरह कर सकता हूँ?",3,0
hai, हाय,2,0
"Sure, would you have any queries regarding this plan?"," ज़रूर, क्या आप इस योजना के बारे में कोई प्रश्न पूछना चाहेंगे?",3,0
I need a new cable connection., मुझे एक नया केबल कनेक्शन चाहिए।,1,0
HI, नमस्ते,2,0
ok, ठीक है,2,0
5 gb i enough, 5 जीबी मैं पर्याप्त,1,0
ok, ठीक है,2,0
MADURAI 456321, मदुरै 456321,0,0
65894,65894,0,0
"That's amazing! I'll be happy to assist you get the connection, could you please let me know which city you belong to and its zip code?
","वह आश्चर्यजनक है! कनेक्शन प्राप्त करने में आपकी सहायता करने में मुझे खुशी होगी, क्या आप कृपया मुझे बता सकते हैं कि आप किस शहर से संबंधित हैं और उसका ज़िप कोड?",3,2
Perfect! May I please know the last 4 digit of the SSN?, उत्तम! क्या मैं कृपया SSN के अंतिम 4 अंक जान सकता हूँ?,3,0
"Alright! Thanks for choosing our services, have a nice day. Goodbye."," ठीक है! हमारी सेवाओं को चुनने के लिए धन्यवाद, आपका दिन शुभ हो। अलविदा।",3,2
I will surely help you out with that but firstly could you please help me with your city name and its zip code please?, मैं निश्चित रूप से इसमें आपकी मदद करूंगा लेकिन सबसे पहले क्या आप कृपया अपने शहर के नाम और उसके ज़िप कोड के साथ मेरी मदद कर सकते हैं?,3,0
Montgomery, मॉन्टगोमेरी,0,0
"We offer three data plans. 1 GB, 5 GB and 10 GB. The prices are $40, $50 and $70 per month respectively. I suggest you go for the 10 GB plan as it is the best. What do you say?"," हम तीन डेटा प्लान पेश करते हैं। 1 जीबी, 5 जीबी और 10 जीबी। कीमतें क्रमशः $ 40, $ 50 और $ 70 प्रति माह हैं। मेरा सुझाव है कि आप 10 जीबी प्लान चुनें क्योंकि यह सबसे अच्छा है। क्यों भाई क्या कहते हो?",3,0
"Hi,good morning", हाय सुप्रभात,3,0
"Awesome! Thanks for reaching out to us, hope you'll have a great day ahead. "," बहुत बढ़िया! हमसे संपर्क करने के लिए धन्यवाद, आशा है कि आपका आने वाला दिन बहुत अच्छा होगा।",3,2
i have to go can we go faster please?, मुझे जाना है क्या हम तेजी से जा सकते हैं?,3,0
may i know the cost of the plans?, क्या मैं योजनाओं की लागत जान सकता हूँ?,2,0
Surely! Thanks for contacting us in this regards. We're at your service. I'll need your details. Would you please help me with your city name and zip code?, निश्चित रूप से! इस संबंध में हमसे संपर्क करने के लिए धन्यवाद। हम आपकी सेवा में हैं। मुझे आपके विवरण की आवश्यकता होगी। क्या आप कृपया अपने शहर के नाम और ज़िप कोड के साथ मेरी मदद करेंगे?,3,0
Hello! Good morning. Welcome to LMT cable services. How may I help you today?, नमस्ते! सुबह बख़ैर। एलएमटी केबल सेवाओं में आपका स्वागत है। आज मैं आपकी कैसे मदद कर सकता हूँ?,3,0
I want new phone connection., मुझे नया फोन कनेक्शन चाहिए।,1,0
active military member, सक्रिय सैन्य सदस्य,0,0
It was a pleasure to assist you today. Have a great day!, आज आपकी सहायता करके खुशी हुई। आपका दिन अच्छा रहे!,3,2
Perumalsamy@gmail.com,पेरूमलसामी@gmail.com,0,0
Thank you fro reaching out to us. Good day!, हमसे संपर्क करने के लिए धन्यवाद। अच्छा दिन!,3,2
Fantastic! Thanks for being considerate. It was my pleasure assisting you. Have an pleasant evening. Please feel free to contact us anytime in case of any other query., ज़बरदस्त! विचारशील होने के लिए धन्यवाद। आपकी सहायता करना मेरी खुशी थी। एक सुखद शाम हो। कृपया किसी भी अन्य प्रश्न के मामले में किसी भी समय हमसे संपर्क करने में संकोच न करें।,3,2
NOTHING thanks for information spencer, सूचना स्पेंसर के लिए कुछ भी नहीं धन्यवाद,3,1
You're welcome! Would there be anything else I may assist you with?, आपका स्वागत है! क्या कुछ और होगा जिसमें मैं आपकी सहायता कर सकूं?,3,2
"Hello! Good evening, Fast Net Cable Services. How may I assist you today?","नमस्ते! शुभ संध्या, फास्ट नेट केबल सेवाएं। आज मैं आपकी मदद किस तरह कर सकता हूँ?",3,0
no thanks," जी नहीं, धन्यवाद",3,1
"That's amazing! Thank you for that. Could you please allow me a moment, I'll get back to you with the confirmation."," वह आश्चर्यजनक है! उसके लिये आपका धन्यवाद। क्या आप कृपया मुझे एक क्षण की अनुमति दे सकते हैं, मैं पुष्टि के साथ आपसे संपर्क करूंगा।",3,2
no thanks," जी नहीं, धन्यवाद",3,1
"Good morning, you're connected to AT&T Customer Service. How can I be of help to you?"," सुप्रभात, आप एटी एंड टी ग्राहक सेवा से जुड़े हैं। मैं आपकी किस प्रकार सहायता कर सकता हूँ?",3,0
nothing else man. Thanks for ur help., और कुछ नहीं यार। आपकी मदद के लिए धन्यवाद।,3,2
Hi! welcome to universal cable customer care service. How may I help you today?, नमस्ते! यूनिवर्सल केबल कस्टमर केयर सर्विस में आपका स्वागत है। आज मैं आपकी कैसे मदद कर सकता हूँ?,3,0
I WANT A NEW CABLE SERVICE, मुझे एक नई केबल सेवा चाहिए,1,1
hi, नमस्ते,2,0
Nice! Should I confirm that you're referring to a new cable service installation?, अच्छा! क्या मुझे पुष्टि करनी चाहिए कि आप एक नई केबल सेवा स्थापना की बात कर रहे हैं?,3,0
"I will surely help you out with that, but before we go ahead with the procedure could you please help me with your city name and it's zip code please?"," मैं निश्चित रूप से इसमें आपकी मदद करूंगा, लेकिन इससे पहले कि हम प्रक्रिया को आगे बढ़ाएं, क्या आप कृपया मुझे अपने शहर के नाम और उसके ज़िप कोड के साथ मदद कर सकते हैं?",3,0
my internet bill is too high,मेरा इंटरनेट बिल बहुत ज्यादा है,2,1
I'm glad that you are happy. Thanks for your appreciation. Is there anything else I may help you with?, मुझे खुशी है कि आप खुश हैं। सराहना करने के लिए धन्यवाद। क्या कुछ और है जिसमें मैं आपकी मदद कर सकता हूं?,3,2
madurai 625106, मदुरै 625106,0,0
Thank you for confirming. I've initiated a request for the 5GB data plan for the cable service. You would receive a confirmation message along with the payment link. Is there anything else I may help you with?,पुष्टि करने के लिए शुक्रिया। मैंने केबल सेवा के लिए 5GB डेटा योजना के लिए एक अनुरोध शुरू किया है। आपको भुगतान लिंक के साथ एक पुष्टिकरण संदेश प्राप्त होगा। क्या कुछ और है जिसमें मैं आपकी मदद कर सकता हूं?,3,0
Very well! Could you please mention Date for installation?, बहुत अच्छा! क्या आप कृपया स्थापना की तिथि का उल्लेख कर सकते हैं?,3,2
You're always welcome! Would there be anything else I may help you with?,आपका हमेशा स्वागत है! क्या कुछ और होगा जिसमें मैं आपकी मदद कर सकूं?,3,2
"Alright! Will confirm that for you, anything else I may help you in?"," ठीक है! क्या मैं पुष्टि करूंगा कि आपके लिए, मैं आपकी किसी और चीज में मदद कर सकता हूं?",2,0
okey, शाबाशी,2,0
1 hours, 1 घंटा,0,0
"Hello there, Good Morning! How may I assist you today?"," नमस्ते वहाँ, सुप्रभात! आज मैं आपकी मदद किस तरह कर सकता हूँ?",3,0
Sure thing! Could you help me out with your name and your email address?, अवश्य! क्या आप अपने नाम और ईमेल पते के साथ मेरी मदद कर सकते हैं?,3,0
It was a pleasure to assist you today. Have a great day!, आज आपकी सहायता करके खुशी हुई। आपका दिन अच्छा रहे!,3,2
melur 625102, मेलूर 625102,0,0
We look forward to satisfy our customers in the best way possible. Kindly log onto our website - www.infocable.com Good Day!, हम अपने ग्राहकों को सर्वोत्तम संभव तरीके से संतुष्ट करने के लिए तत्पर हैं। कृपया हमारी वेबसाइट - www.infocable.com पर लॉग इन करें शुभ दिन!,3,2
hello there, नमस्ते,2,0
ok, ठीक है,2,0
HAI, हाई,2,0
"Alright! It was great assisting you, feel free to reach us when needed. Have a great day, goodbye."," ठीक है! आपकी सहायता करके बहुत अच्छा लगा, जरूरत पड़ने पर हमसे बेझिझक संपर्क करें। आपका दिन शुभ हो, अलविदा।",3,2
"Alright! I have created an account on your name and also updated the details about your plan as well. Our associate would visit you shortly and help you with the service installation. Now, Is there any other query you want me to help you with for today?","ठीक है! मैंने आपके नाम पर एक खाता बनाया है और साथ ही आपकी योजना के बारे में विवरण भी अपडेट किया है। हमारे सहयोगी शीघ्र ही आपसे मिलने आएंगे और सेवा स्थापना में आपकी सहायता करेंगे। अब, क्या कोई अन्य प्रश्न है जो आप चाहते हैं कि मैं आज के लिए आपकी सहायता करूँ?",3,0
Good morning! You've reached Net Link Media/Cable Services. How may I help you today?, सुबह बख़ैर! आप नेट लिंक मीडिया/केबल सेवाओं तक पहुंच गए हैं। आज मैं आपकी कैसे मदद कर सकता हूँ?,3,0
"Thank you! Since you've mentioned you are looking for a cable service we have three packages to offer to you (1GB, 5 GB, 10 GB) which are $5, $10 and $20 respectively so could you please go ahead and choose a package and then we can go ahead and create your account."," आपको धन्यवाद! चूंकि आपने उल्लेख किया है कि आप एक केबल सेवा की तलाश कर रहे हैं, हमारे पास आपको देने के लिए तीन पैकेज हैं (1GB, 5GB, 10GB) जो क्रमशः $5, $10 और $20 हैं, तो क्या आप कृपया आगे बढ़ सकते हैं और एक पैकेज चुन सकते हैं और फिर हम आगे बढ़ सकते हैं और अपना खाता बना सकते हैं।",3,2
"Thank you! So for the cable packages we have (1 GB, 5 GB, 10 GB) which cost $5, $10 and $20 respectively. Now could you please go ahead and choose a package according to your usage please?","आपको धन्यवाद! तो केबल पैकेज के लिए हमारे पास (1 जीबी, 5 जीबी, 10 जीबी) है जिसकी कीमत क्रमशः $ 5, $ 10 और $ 20 है। अब क्या आप कृपया आगे बढ़ सकते हैं और कृपया अपने उपयोग के अनुसार पैकेज चुनें?",3,0
Ok no problem," ठीक, कोई समस्या नहीं",2,0
"Great! Which data plan would you like to purhcase? We have 1GB, 5GB and 10GB data plans available."," महान! आप किस डेटा प्लान को खरीदना चाहेंगे? हमारे पास 1GB, 5GB और 10GB डेटा प्लान उपलब्ध हैं।",3,2
"I appreciate your patience in staying connected. I'd like to inform you that, I've upgraded your 1 GB service to 10 GB. You will be notified about the same through an email. And, will be activated from next month.","मैं जुड़े रहने में आपके धैर्य की सराहना करता हूं। मैं आपको सूचित करना चाहता हूं कि, मैंने आपकी 1 जीबी सेवा को 10 जीबी में अपग्रेड कर दिया है। आपको एक ईमेल के माध्यम से उसी के बारे में सूचित किया जाएगा। और, अगले महीने से सक्रिय हो जाएगा।",3,2
"Thank you! So for the cable packages we have (1GB, 5 GB, 10 GB) which cost $5, $10 and $20 respectively. Now could you please choose a package according to your usage so that we could go ahead with the procedure."," आपको धन्यवाद! तो केबल पैकेज के लिए हमारे पास (1GB, 5GB, 10GB) है जिसकी कीमत क्रमशः $5, $10 और $20 है। अब क्या आप कृपया अपने उपयोग के अनुसार पैकेज चुन सकते हैं ताकि हम प्रक्रिया को आगे बढ़ा सकें।",3,0
fine.  thank you!, ठीक। धन्यवाद!,3,2
"ok, I am asking what is the price of this plan ?"," ठीक है, मैं पूछ रहा हूँ कि इस योजना की कीमत क्या है?",2,0
Thank you for contacting us. I hope you have a great day ahead. Bye!, हमसे संपर्क करने के लिए धन्यवाद। मुझे आशा है कि आपके लिए आगे एक अच्छा दिन होगा। अलविदा!,3,2
Texas 12500, टेक्सास 12500,0,0
"Amazing! You're actually getting a great deal I must say, the cost of this plan is only $15 and you get fast cable service with all the channels. "," अद्भुत! आपको वास्तव में बहुत कुछ मिल रहा है, मुझे कहना होगा, इस योजना की लागत केवल $ 15 है और आपको सभी चैनलों के साथ तेज़ केबल सेवा मिलती है।",2,2
"
Thank you for that! May I know which data plan would you like to purchase? We have 1 GB, 5 GB and 10 GB available as of now."," उसके लिये आपका धन्यवाद! क्या मैं जान सकता हूँ कि आप कौन सा डेटा प्लान खरीदना चाहेंगे? हमारे पास अभी तक 1 जीबी, 5 जीबी और 10 जीबी उपलब्ध है।",3,0
Awesome! Could you help me with the zip code of Canada please?, बहुत बढ़िया! क्या आप कृपया कनाडा के ज़िप कोड के साथ मेरी मदद कर सकते हैं?,3,2
Sure! I'll be happy to help you in this regard. Could you please help me with the city you live in and it's zip code?,ज़रूर! मुझे इस संबंध में आपकी मदद करने में खुशी होगी। क्या आप कृपया मुझे उस शहर और उसके ज़िप कोड के बारे में बता सकते हैं जिसमें आप रहते हैं?,3,2
"Wonderful! It was great assisting you, we are always here to help you in any issues relating to cable/media. Goodbye!"," अद्भुत! आपकी सहायता करके बहुत अच्छा लगा, केबल/मीडिया से संबंधित किसी भी मुद्दे में आपकी सहायता के लिए हम हमेशा यहां मौजूद हैं। अलविदा!",3,2
Nice! Should I confirm that you're looking out for just the cable service?, अच्छा! क्या मुझे पुष्टि करनी चाहिए कि आप केवल केबल सेवा की तलाश कर रहे हैं?,3,0
hai, हाय,2,0
yes I would like that one., हाँ मुझे वह चाहिए।,3,2
"Great! Which data plan would you like to purchase? We have 1 GB, 5 GB, 10 GB available as of now. You can use the data plan according to your preferences."," महान! आप कौन सा डेटा प्लान खरीदना चाहेंगे? हमारे पास अभी तक 1 जीबी, 5 जीबी, 10 जीबी उपलब्ध है। आप अपनी पसंद के अनुसार डेटा प्लान का उपयोग कर सकते हैं।",3,2
Are you sure you would want to go with the 1Gb data plan? As you won't be having access to the whole data., क्या आप वाकई 1Gb डेटा प्लान के साथ जाना चाहेंगे? चूंकि आपके पास संपूर्ण डेटा तक पहुंच नहीं होगी।,2,0
45180,45180,0,0
Thank you so much for contacting us. Please let us know your valuable feedback. You've a great day ahead.,हमसे संपर्क करने के लिए आपका बहुत-बहुत धन्यवाद। कृपया हमें अपनी बहुमूल्य प्रतिक्रिया बताएं। आपका आने वाला दिन बहुत अच्छा है।,3,2
NO THANKS," जी नहीं, धन्यवाद",3,1
bye, अलविदा,2,0
"Perfect! As you can see we serve the 3 plans those are: basic ($50 per month - 50 channels), premium ($75 per month - 75 channels), and platinum ($100 per month - all channels). Could you please let me know which plan you'd like to choose? "," उत्तम! जैसा कि आप देख सकते हैं कि हम 3 योजनाओं की सेवा करते हैं: मूल ($ 50 प्रति माह - 50 चैनल), प्रीमियम ($ 75 प्रति माह - 75 चैनल), और प्लैटिनम ($ 100 प्रति माह - सभी चैनल)। क्या आप कृपया मुझे बता सकते हैं कि आप कौन सी योजना चुनना चाहेंगे?",3,2
Perfect! I'll confirm the plan of 10 GB for the internet service to you. Is there anything else that I may help you with?, उत्तम! मैं आपको इंटरनेट सेवा के लिए 10 जीबी की योजना की पुष्टि करूंगा। क्या कुछ और है जिसमें मैं आपकी मदद कर सकता हूं?,3,2
Pleasure is mine. Have a great day. Bye., मेरा सौभाग्य है। आपका दिन अच्छा रहे। अलविदा।,2,2
I need to purchase 10 GB data plan., मुझे 10 जीबी डेटा प्लान खरीदना है।,1,0
"my city is newyork and zip code is 5087.
", मेरा शहर न्यूयॉर्क है और ज़िप कोड 5087 है।,1,0
Alright! Please allow me a moment to process your request.,ठीक है! कृपया मुझे आपके अनुरोध को संसाधित करने के लिए कुछ समय दें।,2,0
Great! I'm glad that I could help you with the query. It was really nice talking to you. We're always here at your service. Do get back to us in case of any other query. Have a great day ahead! Bye :), महान! मुझे खुशी है कि मैं इस प्रश्न में आपकी सहायता कर सका। आपसे बात करके बहुत अच्छा लगा। हम हमेशा आपकी सेवा में यहां हैं। किसी अन्य प्रश्न के मामले में हमसे संपर्क करें। आगे एक महान दिन हो! अलविदा :),3,2
May I know your query please?, क्या मैं आपका प्रश्न जान सकता हूँ?,3,0
I would like to sign up internet service., मैं इंटरनेट सेवा साइन अप करना चाहता/चाहती हूं।,2,0
Hello! Welcome to Aura cable services. How may I help you?, नमस्ते! ऑरा केबल सर्विस में आपका स्वागत है। क्या मेरे द्वारा आपकी कोई सहायता हो सकती है?,3,0
no, नहीं,1,1
"Alright! Thanks for choosing our services, have a great day.  Feel free to reach out to us when needed, goodbye."," ठीक है! हमारी सेवाओं को चुनने के लिए धन्यवाद, आपका दिन शुभ हो। जरूरत पड़ने पर बेझिझक हमसे संपर्क करें, अलविदा।",3,2
Thank you for contacting our live chat customer service. Hope to serve you again in future. Bye!, हमारी लाइव चैट ग्राहक सेवा से संपर्क करने के लिए धन्यवाद। आशा है कि भविष्य में फिर से आपकी सेवा करेंगे। अलविदा!,3,2
5Gb, 5जीबी,0,0
Perfect! The 5 GB will be now activated and it will cost you $5 including all taxes., उत्तम! 5 जीबी अब सक्रिय हो जाएगा और सभी करों सहित इसकी कीमत आपको $ 5 होगी।,2,2
hai, हाय,2,0
"Alright! May I know which data plan would you like to purchase? We have 1 GB, 5 GB and 10 GB available as of now."," ठीक है! क्या मैं जान सकता हूँ कि आप कौन सा डेटा प्लान खरीदना चाहेंगे? हमारे पास अभी तक 1 जीबी, 5 जीबी और 10 जीबी उपलब्ध है।",3,0
hi, नमस्ते,2,0
12,12,0,0
Thank you. Which data plan would you want to sign up for?, शुक्रिया। आप किस डेटा प्लान के लिए साइन अप करना चाहेंगे?,3,0
kerala, केरल,2,0
Fantastic! Thank you for reaching out to us. Have a nice day. Bye., ज़बरदस्त! हमसे संपर्क की पहल के लिए आपका धन्यवाद। आपका दिन शुभ हो। अलविदा।,3,2
Perfect! May I please know which data plan would you like you buy?, उत्तम! क्या मैं कृपया जान सकता हूं कि आप कौन सा डेटा प्लान खरीदना चाहेंगे?,3,2
internet, इंटरनेट,0,0
"Hello! I'm Casey, how can I help you today?"," नमस्ते! मैं केसी हूँ, आज मैं आपकी कैसे मदद कर सकता हूँ?",3,0
5gb data  plan, 5GB डेटा प्लान,0,0
"Hello! Good morning, Welcome to media cable services. How may I help you today?"," नमस्ते! सुप्रभात, मीडिया केबल सेवाओं में आपका स्वागत है। आज मैं आपकी कैसे मदद कर सकता हूँ?",3,0
"Surely, that's help. Thank you. Which data plan would you require for the internet connection?"," ज़रूर, वह मदद है। शुक्रिया। इंटरनेट कनेक्शन के लिए आपको किस डेटा प्लान की आवश्यकता होगी?",3,0
Glad to help you with this. Kindly call us on 736-213-401 for any related query. Good day!, इसमें आपकी मदद करके खुशी हुई। किसी भी संबंधित प्रश्न के लिए कृपया हमें 736-213-401 पर कॉल करें। अच्छा दिन!,3,2
I want a new service, मुझे एक नई सेवा चाहिए,1,0
"Hi there! Good morning, Fast Net Cable Services. How may I help you?
","नमस्ते! सुप्रभात, फास्ट नेट केबल सेवाएं। क्या मेरे द्वारा आपकी कोई सहायता हो सकती है?",3,0
"I really appreciate for staying connected. Please give us 24 hours for the installation process, our executives will reach out to you for further details. If there's any concern please feel free to visit our website www.cablemedia.com. Will there be anything else I may help you with?","मैं वास्तव में जुड़े रहने के लिए सराहना करता हूं। कृपया हमें स्थापना प्रक्रिया के लिए 24 घंटे का समय दें, हमारे अधिकारी अधिक जानकारी के लिए आप तक पहुंचेंगे। अगर कोई चिंता है तो कृपया बेझिझक हमारी वेबसाइट www.cablemedia.com पर जाएं। क्या कुछ और होगा जिसमें मैं आपकी मदद कर सकूं?",3,2
67328,67328,0,0
You're welcome! Would there be anything else that I may help you with?, आपका स्वागत है! क्या कुछ और होगा जिससे मैं आपकी मदद कर सकूं?,3,2
"Alright! It was great assisting you, have a great day. Thanks for choosing our services, goodbye."," ठीक है! आपकी सहायता करके बहुत अच्छा लगा, आपका दिन शुभ हो। हमारी सेवाओं को चुनने के लिए धन्यवाद, अलविदा।",3,2
internet, इंटरनेट,0,0
Good morning! You've reached Net Link Media/Cable Services. How may I help you today?, सुबह बख़ैर! आप नेट लिंक मीडिया/केबल सेवाओं तक पहुंच गए हैं। आज मैं आपकी कैसे मदद कर सकता हूँ?,3,0
OK BYE, चलो बाय,2,0
hi, नमस्ते,2,0
"Alright! Feel free to reach us when needed, it was great assisting you. Goodbye."," ठीक है! जरूरत पड़ने पर बेझिझक हमसे संपर्क करें, आपकी मदद करके बहुत अच्छा लगा। अलविदा।",3,2
YES, हां,2,2
like to purchase, खरीदना पसंद है,2,2
smithtown 48312, स्मिथटाउन 48312,0,0
"Thank you Giyan, may I know the name of the city you live and the zip code of that city?"," धन्यवाद ज्ञान, क्या मैं आपके रहने वाले शहर का नाम और उस शहर का पिन कोड जान सकता हूँ?",3,0
Have a great day.. Bye, आपका दिन शुभ हो.. अलविदा,2,2
Hai., हाय।,2,0
Awesome! Is there anything else I could help you out with for today?, बहुत बढ़िया! क्या आज के लिए मैं आपकी कुछ और मदद कर सकता हूँ?,3,2
"It's always a pleasure assisting valuable customers! Thank you so much for reaching out to us, hope you'll have a great day ahead!"," मूल्यवान ग्राहकों की सहायता करना हमेशा खुशी की बात होती है! हमसे संपर्क करने के लिए आपका बहुत-बहुत धन्यवाद, आशा है कि आपका आने वाला दिन बहुत अच्छा होगा!",3,2
"Which data plan would you like to sign up for? We currently have 1 GB, 5 GB and 10 GB available. You can choose any of them and we will be able to install it.","आप किस डेटा प्लान के लिए साइन अप करना चाहेंगे? वर्तमान में हमारे पास 1 जीबी, 5 जीबी और 10 जीबी उपलब्ध है। आप उनमें से कोई भी चुन सकते हैं और हम इसे स्थापित करने में सक्षम होंगे।",3,0
Are we connected?, क्या हम जुड़े हुए हैं?,0,0
my city is Illinois, मेरा शहर इलिनॉय है,1,0
Rochester, रोचेस्टर,0,0
Ok thanks for your support, ठीक है आपके समर्थन के लिए धन्यवाद,3,2
10GB plan, 10GB प्लान,0,0
Sounds great! I will go ahead and complete the subscription process., बहुत अच्छा लगता है! मैं आगे बढ़ूंगा और सदस्यता प्रक्रिया को पूरा करूंगा।,2,2
hi, नमस्ते,2,0
"We've three data plans on sale they are, 1 GB, 5 GB and 10 GB. Which one you'd like to buy? "," हमारे पास बिक्री पर तीन डेटा योजनाएं हैं, 1 जीबी, 5 जीबी और 10 जीबी। आप कौन सा खरीदना चाहेंगे?",2,0
Hello! Thank you for contacting D-Link customer service. How may I help you today?, नमस्ते! डी-लिंक ग्राहक सेवा से संपर्क करने के लिए धन्यवाद। आज मैं आपकी कैसे मदद कर सकता हूँ?,3,0
"Thank you for choosing us, please feel free to reach you to us for further concerns. Have an awesome day ahead!"," हमें चुनने के लिए धन्यवाद, कृपया बेझिझक आगे की चिंताओं के लिए हमसे संपर्क करें। आगे का दिन शानदार हो!",3,2
"Sure, I'll arrange this for you. Would you have any queries regarding this plan?","ज़रूर, मैं आपके लिए इसकी व्यवस्था कर दूँगा। क्या आप इस योजना के बारे में कोई प्रश्न पूछना चाहेंगे?",3,0
"You are always welcome dear customer! Thank you for giving us an opportunity to serve you. For any query, feel free to call us anytime on our toll free number. We are always at your service!"," प्रिय ग्राहक आपका हमेशा स्वागत है! हमें आपकी सेवा करने का अवसर देने के लिए धन्यवाद। किसी भी प्रश्न के लिए, हमारे टोल फ्री नंबर पर हमें कभी भी कॉल करने में संकोच न करें। हम हमेशा आपकी सेवा में हैं!",3,2
"Thank you for the information. What service type would you like to purchase? Is it cable, internet or phone?"," जानकारी के लिए धन्यवाद। आप किस प्रकार की सेवा खरीदना चाहेंगे? क्या यह केबल, इंटरनेट या फोन है?",3,0
Awesome! I have now updated your internet service. Is there anything else you would like me to help you with for today?, बहुत बढ़िया! मैंने अब आपकी इंटरनेट सेवा को अपडेट कर दिया है। क्या कुछ और है जो आप चाहते हैं कि मैं आज के लिए आपकी मदद करूं?,3,2
Great! I've made a request for the installation of the services you wish to sign up for. Our team will shortly get in touch with you for further process., महान! मैंने उन सेवाओं की स्थापना के लिए अनुरोध किया है जिनके लिए आप साइन अप करना चाहते हैं। आगे की प्रक्रिया के लिए हमारी टीम जल्द ही आपसे संपर्क करेगी।,3,2
"For sure! I'll help you with that, may I know your name and the account number?"," पक्का! मैं इसमें आपकी मदद करूंगा, क्या मैं आपका नाम और खाता संख्या जान सकता हूं?",3,0
Thank you for choosing us. I had a great time assisting you. In case you have any queries please feel free to reach out to us. Have a good day!, हमें चुनने के लिए धन्यवाद। मुझे आपकी सहायता करने में बहुत अच्छा लगा। यदि आपके कोई प्रश्न हैं तो कृपया बेझिझक हमसे संपर्क करें। आपका दिन शुभ हो!,3,2
"Not to worry about that, I'd be glad to help you fix that. Could you please help me with your full name and your account number?"," इसके बारे में चिंता न करें, मुझे इसे ठीक करने में आपकी सहायता करने में खुशी होगी। क्या आप कृपया अपना पूरा नाम और अपना खाता नंबर देने में मेरी मदद कर सकते हैं?",3,0
I want to purchase internet, मुझे इंटरनेट खरीदना है,1,0
As you do not have any questions. Would you want me to confirm this plan for you?, चूंकि आपके पास कोई प्रश्न नहीं है। क्या आप चाहते हैं कि मैं आपके लिए इस योजना की पुष्टि करूं?,3,0
10 GB, 10 जीबी,0,0
I apologize. Could you please specify the service that you'd like to purchase?,मैं क्षमाप्रार्थी हूं। क्या आप कृपया वह सेवा निर्दिष्ट कर सकते हैं जिसे आप खरीदना चाहते हैं?,3,0
"Thanks a ton for sharing your details. I've checked with my resources, In your locality we are offering three data plans: 1 GB, 5 GB and 10 GB. May I know which one you'd like to buy? "," अपना विवरण साझा करने के लिए एक टन धन्यवाद। मैंने अपने संसाधनों से जांच की है, आपके इलाके में हम तीन डेटा प्लान पेश कर रहे हैं: 1 जीबी, 5 जीबी और 10 जीबी। क्या मैं जान सकता हूँ कि आप किसे खरीदना चाहेंगे?",3,2
Please help me.,क्रिप्या मेरि सहायता करे।,3,0
Awesome! Is there anything else that I may help you with?, बहुत बढ़िया! क्या कुछ और है जिसमें मैं आपकी मदद कर सकता हूं?,3,2
madurai, मदुरै,0,0
I WANT TO PURCHASE INTERNET, मुझे इंटरनेट खरीदना है,1,0
"Sure, you've been successfully registered for this service connection. The installation team will reach out to you and the connection will be made within the next 24 hours?"," ज़रूर, आप इस सेवा कनेक्शन के लिए सफलतापूर्वक पंजीकृत हो गए हैं। इंस्टालेशन टीम आप तक पहुंचेगी और अगले 24 घंटों के भीतर कनेक्शन कर दिया जाएगा?",2,1
I want to internet connection., मुझे इंटरनेट कनेक्शन चाहिए।,1,0
Thank you for contacting us. Hope all queries were answered today. Have a great day. Bye!, हमसे संपर्क करने के लिए धन्यवाद। आशा है कि आज सभी प्रश्नों का उत्तर दिया गया। आपका दिन अच्छा रहे। अलविदा!,3,2
"OK THANK YOU, NOTHING ELSE"," ठीक है धन्यवाद, और कुछ नहीं",3,2
i need 10 GB, मुझे 10 जीबी चाहिए,1,0
OKAY BYEE, ठीक है अलविदा,2,0
I NEED TO NEW CABLE SERVICES, मुझे नई केबल सेवाओं की आवश्यकता है,1,1
Have a great day ahead and take care. Goodbye :), आपका दिन अच्छा बीते और अपना ख्याल रखें। अलविदा :),3,2
That's amazing Mary! Would there be anything else I may help you with?, यह अद्भुत है मैरी! क्या कुछ और होगा जिसमें मैं आपकी मदद कर सकूं?,3,2
Good Morning! This is Customer Executive speaking. How may I help you today?, शुभ प्रभात! यह ग्राहक कार्यकारी बोल रहा है। आज मैं आपकी कैसे मदद कर सकता हूँ?,3,0
I would like to choose 10 GB data plan., मैं 10 जीबी डेटा प्लान चुनना चाहूंगा।,2,0
"Thank you for reaching out to us, please feel free to reach out to us for further concerns. Have a great day ahead!"," हमसे संपर्क करने के लिए धन्यवाद, कृपया आगे की चिंताओं के लिए हमसे बेझिझक संपर्क करें। आगे एक महान दिन हो!",3,2
"25737 US Rt 11, Evans Mills NY 13637."," 25737 यूएस आरटी 11, इवांस मिल्स एनवाई 13637।",0,0
May I know what would you like to purchase?, क्या मैं जान सकता हूँ कि आप क्या खरीदना चाहेंगे?,3,0
Do you want me to add a cable or upgrade your internet service?, क्या आप चाहते हैं कि मैं एक केबल जोड़ूं या आपकी इंटरनेट सेवा को अपग्रेड करूं?,1,0
ok, ठीक है,2,0
"Superb! We have different data plans like 1 GB, 5 GB and 10 GB for our cable services. Which one of these would you prefer?"," शानदार! हमारी केबल सेवाओं के लिए 1 जीबी, 5 जीबी और 10 जीबी जैसे अलग-अलग डेटा प्लान हैं। आप इनमें से किसे पसंद करेंगे?",3,2
I WANT TO PURCHASE INTERNET, मुझे इंटरनेट खरीदना है,1,0
Good news! You've been successfully subscribed to our service and it will be activated within the next 24 hours. Would you need anything else?, खुशखबरी! आपने हमारी सेवा की सफलतापूर्वक सदस्यता ले ली है और यह अगले 24 घंटों के भीतर सक्रिय हो जाएगी। क्या आपको कुछ और चाहिए होगा?,3,2
ok, ठीक है,2,0
"Okay! I've confirmed your 10 GB internet service and our executives will reach you within 2-3 days for the installation. And, I've also created an account of yours with us, for any further queries on plans or services you can check on our website i.e www.AT&T.com."," ठीक! मैंने आपकी 10 जीबी इंटरनेट सेवा की पुष्टि कर दी है और हमारे अधिकारी इंस्टॉलेशन के लिए 2-3 दिनों के भीतर आप तक पहुंच जाएंगे। और, मैंने आपका खाता भी हमारे साथ बनाया है, योजनाओं या सेवाओं के बारे में किसी और प्रश्न के लिए आप हमारी वेबसाइट यानी www.AT&T.com पर देख सकते हैं।",2,0
"Hello! You've been connected to Zoom cable services, may I know how may I help you?"," नमस्ते! आप ज़ूम केबल सेवाओं से जुड़े हुए हैं, क्या मैं जान सकता हूँ कि मैं आपकी कैसे मदद कर सकता हूँ?",3,0
ok, ठीक है,2,0
NEW YORK 10041, न्यू यॉर्क 10041,0,0
Have a great day, आपका दिन अच्छा रहे,2,2
hi, नमस्ते,2,0
"Okay! Which plan would you prefer out of Internet, Cable and Phone?","ठीक! आप इंटरनेट, केबल और फोन में से कौन सा प्लान पसंद करेंगे?",3,0
Good choice! I'd like to inform you that your requested service will be installed and activated by our service agents in the next 2 business days., अच्छा विकल्प! मैं आपको सूचित करना चाहता हूं कि आपकी अनुरोधित सेवा अगले 2 व्यावसायिक दिनों में हमारे सेवा एजेंटों द्वारा स्थापित और सक्रिय कर दी जाएगी।,3,2
NO THANKS," जी नहीं, धन्यवाद",3,1
YES, हां,2,2
HAI, हाई,2,0
My id card is 5487, मेरा आईडी कार्ड 5487 . है,2,0
10 GB, 10 जीबी,0,0
"I really apologize, could you please be more specific with your query? "," मैं वास्तव में क्षमा चाहता हूं, क्या आप कृपया अपनी क्वेरी के साथ और अधिक विशिष्ट हो सकते हैं?",3,0
10GB, 10जीबी,0,0
"Hello there! Fast Net Cable Services, How may I assist you today?"," नमस्ते! फास्ट नेट केबल सेवाएं, मैं आज आपकी कैसे सहायता कर सकता हूं?",3,0
"Okay, Thanks for being considerate. Would there be anything else I may help you with?"," ठीक है, विचारशील होने के लिए धन्यवाद। क्या कुछ और होगा जिसमें मैं आपकी मदद कर सकूं?",3,2
"Great! Which data plan would you like to purchase? We have 1 GB for $50, 5 GB for $75 and 10 GB for $125 for one month."," महान! आप कौन सा डेटा प्लान खरीदना चाहेंगे? हमारे पास $50 के लिए 1 जीबी, $75 के लिए 5 जीबी और एक महीने के लिए $125 के लिए 10 जीबी है।",3,2
"Hello! Good evening, Fast Net Cable Services. How may I assist you today?","नमस्ते! शुभ संध्या, फास्ट नेट केबल सेवाएं। आज मैं आपकी मदद किस तरह कर सकता हूँ?",3,0
Please give 24 hours for the installation process., कृपया स्थापना प्रक्रिया के लिए 24 घंटे दें।,2,0
"Great! Which data plan would you like to purchase? We have 1 GB for $50, 5 GB for $75 and 10 GB for $125 for one month."," महान! आप कौन सा डेटा प्लान खरीदना चाहेंगे? हमारे पास $50 के लिए 1 जीबी, $75 के लिए 5 जीबी और एक महीने के लिए $125 के लिए 10 जीबी है।",3,2
"Hey! Good morning, You've reached D-link customer service. How may I assist you today? "," अरे! सुप्रभात, आप डी-लिंक ग्राहक सेवा तक पहुँच चुके हैं। आज मैं आपकी मदद किस तरह कर सकता हूँ?",3,0
Great! May I know the zip code of Little Rock please?, महान! क्या मुझे लिटिल रॉक का पिन कोड पता हो सकता है?,3,2
hi, नमस्ते,2,0
"That's great! I'll definitely help you with your request. To get the exciting deals for you, may I know the name of your city and its zip code, please?"," एक दम बढ़िया! मैं निश्चित रूप से आपके अनुरोध में आपकी मदद करूंगा। आपके लिए रोमांचक डील पाने के लिए, क्या मैं आपके शहर का नाम और उसका ज़िप कोड जान सकता हूँ?",3,2
Great! Is there anything else that I may help you with today?, महान! क्या आज मैं आपकी कुछ और मदद कर सकता हूँ?,3,2
hai, हाय,2,0
Good morning! You've reached Net link Media/Cable Services. How may I help you today?, सुबह बख़ैर! आप नेट लिंक मीडिया/केबल सेवाओं पर पहुंच गए हैं। आज मैं आपकी कैसे मदद कर सकता हूँ?,3,0
hi, नमस्ते,2,0
Thanks bye," धन्यवाद, अलविदा",3,0
ok, ठीक है,2,0
"Alright! I have now confirmed the 5 GB data plan on your name. However you would be receiving a conformation message about the same in an hour or two. Now, is there anything else I could help you with for today? "," ठीक है! मैंने अब आपके नाम पर 5 जीबी डेटा प्लान कन्फर्म कर दिया है। हालाँकि आपको एक या दो घंटे में इसके बारे में एक संदेश प्राप्त होगा। अब, क्या आज के लिए मैं आपकी कुछ और मदद कर सकता हूँ?",3,0
Good morning! You've reached Net link Media/Cable Services. How may I help you?, सुबह बख़ैर! आप नेट लिंक मीडिया/केबल सेवाओं पर पहुंच गए हैं। क्या मेरे द्वारा आपकी कोई सहायता हो सकती है?,3,0
hi, नमस्ते,2,0
"Nice, i need a internet service so tell that services about me?  ","बढ़िया, मुझे एक इंटरनेट सेवा की ज़रूरत है, तो वह सेवाएँ मेरे बारे में बताएं?",3,0
Perfect! The 5 GB will cost you $5 including all taxes. I will go ahead and activate the same for you., उत्तम! 5 जीबी की कीमत आपको सभी करों सहित $ 5 होगी। मैं आगे बढ़ूंगा और इसे आपके लिए सक्रिय करूंगा।,3,2
the 10gb service, 10GB सेवा,0,0
2520,2520,0,0
I'll be glad to help you out with the signing up for the new cable service. May I know the name of your city and the zip code of your area?, नई केबल सेवा के लिए साइन अप करने में आपकी सहायता करने में मुझे खुशी होगी। क्या मैं आपके शहर का नाम और आपके क्षेत्र का ज़िप कोड जान सकता हूँ?,3,2
5GB, 5GB,0,0
10 IS OK, 10 ठीक है,2,2
Yeah that's fine, हाँ वह ठीक है,1,0
OK, ठीक है,2,0
"Superb! Thanks for contacting D-link customer service. I've registered your request, Enjoy our services. We look forward for long and successful association. Have a great day ahead!"," शानदार! डी-लिंक ग्राहक सेवा से संपर्क करने के लिए धन्यवाद। मैंने आपका अनुरोध दर्ज कर लिया है, हमारी सेवाओं का आनंद लें। हम लंबे और सफल जुड़ाव की आशा करते हैं। आगे एक महान दिन हो!",3,2
"Yes we are connected! You are always welcome! Sure! If your family is a joint family or if there are more members in your family, you should go for 5 GB data pack or 10 GB data pack. For individual use, 1 GB data pack is perfect!"," हाँ हम जुड़े हुए हैं! आपका हमेशा स्वागत है! ज़रूर! अगर आपका परिवार एक संयुक्त परिवार है या आपके परिवार में अधिक सदस्य हैं, तो आपको 5 जीबी डेटा पैक या 10 जीबी डेटा पैक के लिए जाना चाहिए। व्यक्तिगत उपयोग के लिए, 1 जीबी डेटा पैक एकदम सही है!",2,2
"Hello! Good Morning. Welcome to media cable service, how may I help you out today?","नमस्ते! शुभ प्रभात। मीडिया केबल सेवा में आपका स्वागत है, मैं आज आपकी कैसे मदद कर सकता हूँ?",3,0
no thanks," जी नहीं, धन्यवाद",3,1
Bristol, ब्रिस्टल,0,0
hi, नमस्ते,2,0
zip code 85001, ज़िप कोड 85001,0,0
okay. Thank you., ठीक है। शुक्रिया।,3,0
"Hi, there is some connectivity problem in your device, can you able rectify it?"," नमस्ते, आपके डिवाइस में कुछ कनेक्टिविटी समस्या है, क्या आप इसे ठीक कर सकते हैं?",3,0
"For sure! You've reached the right place, could you please help me with the name of the city you'd want to setup the connection?","पक्का! आप सही जगह पर पहुँचे हैं, क्या आप कृपया उस शहर के नाम में मेरी मदद कर सकते हैं जिसे आप कनेक्शन स्थापित करना चाहते हैं?",3,2
Perfect! I'll confirm the plan of 10 GB for cable service. Is there anything I might help you with?, उत्तम! मैं केबल सेवा के लिए 10 जीबी की योजना की पुष्टि करूंगा। क्या कोई ऐसी चीज है जिसमें मैं आपकी मदद कर सकता हूं?,3,2
"Thank you for reaching out to us, please feel free to reach out to us for further concerns. Have a great day ahead!"," हमसे संपर्क करने के लिए धन्यवाद, कृपया आगे की चिंताओं के लिए हमसे बेझिझक संपर्क करें। आगे एक महान दिन हो!",3,2
okay, ठीक है,2,0
10 GB, 10 जीबी,0,0
All right. Do you have any query regarding our services?, ठीक है। क्या आपके पास हमारी सेवाओं के बारे में कोई प्रश्न है?,2,0
You're welcome! Let me know if there would be anything more I could do for you., आपका स्वागत है! मुझे बताएं कि क्या मैं आपके लिए और कुछ कर सकता हूं।,2,2
"Thank you for staying connected. I'd like to inform you that you're eligible for basic ($50 per month - 50 channels), premium ($75 per month - 75 channels), and platinum ($100 per month - all channels). The current promotions are 10% off premium cable if you sign a 3 month contract or 15% off platinum cable if you sign a 3 month contract. "," जुड़े रहने के लिए धन्यवाद। मैं आपको सूचित करना चाहता हूं कि आप मूल ($50 प्रति माह - 50 चैनल), प्रीमियम ($75 प्रति माह - 75 चैनल), और प्लैटिनम ($100 प्रति माह - सभी चैनल) के लिए पात्र हैं। यदि आप 3 महीने के अनुबंध पर हस्ताक्षर करते हैं या यदि आप 3 महीने के अनुबंध पर हस्ताक्षर करते हैं तो प्लैटिनम केबल पर 15% की छूट प्रीमियम केबल पर वर्तमान प्रचार 10% है।",3,2
Sure thing! 10GB costs you $25 per month., अवश्य! 10GB की कीमत आपको $25 प्रति माह है।,2,0
Hello there! This is Customer Executive speaking. How may I help you today?, नमस्ते! यह ग्राहक कार्यकारी बोल रहा है। आज मैं आपकी कैसे मदद कर सकता हूँ?,3,0
hi, नमस्ते,2,0
"Hello, Thank you for contacting D-Link Service. How may I assist you today? "," नमस्कार, डी-लिंक सेवा से संपर्क करने के लिए धन्यवाद। आज मैं आपकी मदद किस तरह कर सकता हूँ?",3,0
madurai, मदुरै,0,0
"You're Welcome! Have a good day, hope to assist you in the future as well. Goodbye"," आपका स्वागत है! आपका दिन शुभ हो, भविष्य में भी आपकी सहायता करने की आशा है। अलविदा",3,2
"Hello! Good morning, Welcome to media cable services. How may I help you today?"," नमस्ते! सुप्रभात, मीडिया केबल सेवाओं में आपका स्वागत है। आज मैं आपकी कैसे मदद कर सकता हूँ?",3,0
account id :79850, खाता आईडी :79850,0,0
OK BYE, चलो बाय,2,0
"No, Thank you", नहीं धन्यवाद,3,0
SURE.., ज़रूर..,2,0
Previous month, पिछला महीना,0,0
I'm so sorry but we can provide you the one-time special promotion of 10%," मुझे खेद है, लेकिन हम आपको 10% का एकमुश्त विशेष प्रचार प्रदान कर सकते हैं",3,2
Thank you., शुक्रिया।,3,2
"Thank you for confirming. I've created your new account and shared your details with my team, Quite soon, they'll contact you and proceed with the installation process. I'm positive that within two hours your service will get activated.","पुष्टि करने के लिए शुक्रिया। मैंने आपका नया खाता बना लिया है और अपनी टीम के साथ आपका विवरण साझा किया है, बहुत जल्द, वे आपसे संपर्क करेंगे और स्थापना प्रक्रिया के साथ आगे बढ़ेंगे। मुझे विश्वास है कि दो घंटे के भीतर आपकी सेवा सक्रिय हो जाएगी।",3,2
I hope all your queries have been answered for today., मुझे आशा है कि आज के लिए आपके सभी प्रश्नों का उत्तर दिया गया है।,1,0
"Congratulations! Your new 10 GB cable  connection is confirmed were our executives will reach you within 2-3 days for the installation. You are now a part of Net Link cable/media services, and I've also created an account of your with us, for any further queries you can look up to our website i.e www.netlink.com. "," बधाई हो! आपके नए 10 जीबी केबल कनेक्शन की पुष्टि हो गई है, हमारे अधिकारी इंस्टॉलेशन के लिए 2-3 दिनों के भीतर आप तक पहुंच जाएंगे। अब आप नेट लिंक केबल/मीडिया सेवाओं का हिस्सा हैं, और मैंने आपके साथ एक खाता भी बनाया है, किसी भी अन्य प्रश्न के लिए आप हमारी वेबसाइट www.netlink.com पर देख सकते हैं।",2,2
hi, नमस्ते,2,0
okay, ठीक है,2,0
"Amazing! May I know the plan that you'd opt among 1 GB, 5 GB and 10 GB please?"," अद्भुत! क्या मैं उस योजना को जान सकता हूँ जिसे आप कृपया 1 जीबी, 5 जीबी और 10 जीबी में से चुनेंगे?",3,2
"yes, for this plan, is the 10gb up and down? "," हाँ, इस योजना के लिए, क्या 10GB ऊपर और नीचे है?",2,0
I will surely help you in getting that done. May I know the name of your city please?,इसे पूरा करने में मैं निश्चित रूप से आपकी मदद करूंगा। क्या मैं आपके शहर का नाम जान सकता हूँ?,3,0
Wonderful! I had a good time assisting you. Have a nice day. Bye., अद्भुत! मेरे पास आपकी सहायता करने का अच्छा समय था। आपका दिन शुभ हो। अलविदा।,3,2
I WILL PREFER THE 10GB DATA PLAN.., मैं 10GB डेटा प्लान को प्राथमिकता दूंगा..,2,0
Awesome! Please allow me a moment to proceed further., बहुत बढ़िया! कृपया मुझे आगे बढ़ने के लिए एक क्षण का समय दें।,3,2
ok thank you, ठीक है धन्यवाद,3,0
"Thank you for choosing the best plan, kindly give me a minute to proceed further. "," सबसे अच्छी योजना चुनने के लिए धन्यवाद, कृपया मुझे आगे बढ़ने के लिए एक मिनट दें।",3,2
Hello! Welcome to prodesk cable services. How may I help you today?, नमस्ते! प्रोडेस्क केबल सेवाओं में आपका स्वागत है। आज मैं आपकी कैसे मदद कर सकता हूँ?,3,0
"Awesome! May I know if you'd like to get a 1 GB, 5 GB, 10 GB? "," बहुत बढ़िया! क्या मैं जान सकता हूँ कि क्या आप 1 जीबी, 5 जीबी, 10 जीबी प्राप्त करना चाहते हैं?",3,2
Nice name lily! May I know the last 4 digits of your SSN please?, अच्छा नाम लिली! क्या मैं कृपया आपके एसएसएन के अंतिम 4 अंक जान सकता हूं?,3,2
"Sounds perfect! The internet service we have 1 GB, 5 GB and 10 GB data plan. May I know which data plan you'd like to choose?"," यह बढ़िया है! इंटरनेट सेवा के लिए हमारे पास 1 जीबी, 5 जीबी और 10 जीबी डेटा प्लान है। क्या मैं जान सकता हूँ कि आप कौन-सा डेटा प्लान चुनना चाहेंगे?",3,2
Sure thing! I'll do that for you. Please let me know if anything else is required?,अवश्य! मैं तुम्हारे लिए यह करूँगा। कृपया मुझे बताएं कि क्या कुछ और आवश्यक है?,2,0
"You're welcome! It was great assisting you, feel free to reach us when needed. Have a nice day. Goodbye."," आपका स्वागत है! आपकी सहायता करके बहुत अच्छा लगा, जरूरत पड़ने पर हमसे बेझिझक संपर्क करें। आपका दिन शुभ हो। अलविदा।",3,2
Hello! good morning! You're connected to Annabelle cable customer service. How may I help you today?, नमस्ते! शुभ प्रभात! आप एनाबेले केबल ग्राहक सेवा से जुड़े हैं। आज मैं आपकी कैसे मदद कर सकता हूँ?,3,0
Okay. Would you want me to confirm this service connection?, ठीक। क्या आप चाहते हैं कि मैं इस सेवा कनेक्शन की पुष्टि करूं?,3,0
"Hello! You've been connected to Zoom cable services, may I know how may I help you?"," नमस्ते! आप ज़ूम केबल सेवाओं से जुड़े हुए हैं, क्या मैं जान सकता हूँ कि मैं आपकी कैसे मदद कर सकता हूँ?",3,0
Thanks for the information. I am really very happy to hear this message., सूचना के लिए धन्यवाद। यह संदेश सुनकर मैं वाकई बहुत खुश हूं।,3,2
Please help me in finding the best plan for my Cable needs?, कृपया मेरी केबल आवश्यकताओं के लिए सर्वोत्तम योजना खोजने में मेरी सहायता करें?,3,0
That sounds very reasonable! Please go ahead and continue signing me up for the plan!, यह बहुत उचित लगता है! कृपया आगे बढ़ें और योजना के लिए मुझे साइन अप करना जारी रखें!,2,2
Please share the plan details with special offer's?, कृपया विशेष ऑफ़र के साथ योजना विवरण साझा करें?,2,0
CHENNAI AND 376917, चेन्नई और 376917,0,0
Alright! I'd like to inform you that this 10 GB data plan will cost you $15. Is that okay with you?, ठीक है! मैं आपको सूचित करना चाहता हूं कि इस 10 जीबी डेटा प्लान की कीमत आपको $15 होगी। क्या आपके आपके लिए सही है?,3,0
Thank you for your time with us. Good day!, हमारे साथ समय बिताने के लिए धन्यवाद। अच्छा दिन!,3,2
i want new phone service, मुझे नई फोन सेवा चाहिए,1,0
hai, हाय,2,0
I like to sign up for Phone Service., मुझे फ़ोन सेवा के लिए साइन अप करना पसंद है।,2,2
I will pay the amount, मैं राशि का भुगतान करूंगा,1,0
"Oh! That's so unfortunate to hear such a thing from our valuable customer. May I know why you want to cancel our service, please?"," ओह! हमारे मूल्यवान ग्राहक से ऐसी बात सुनना बहुत दुर्भाग्यपूर्ण है। क्या मैं जान सकता हूँ कि आप हमारी सेवा क्यों रद्द करना चाहते हैं, कृपया?",3,1
basic ($50 per month - 50 channels),मूल ($50 प्रति माह - 50 चैनल),0,0
My city name is TX and zip code is 56987, मेरे शहर का नाम TX है और ज़िप कोड 56987 . है,1,0
bye, अलविदा,2,0
Is there anything else I may help you with today?, क्या आज मैं आपकी कुछ और मदद कर सकता हूँ?,2,0
548765,548765,0,0
??, ??,0,0
i want a cable coennection, मुझे एक केबल संयोजन चाहिए,1,0
"Nice place! I'd like to inform you that as of now we are providing 3 different data plans for your service which are, 1Gb data plan, 5Gb data plan and 10Gb data plan. May I know which data plan would you prefer? "," अच्छी जगह! मैं आपको सूचित करना चाहता हूं कि अब तक हम आपकी सेवा के लिए 3 अलग-अलग डेटा प्लान प्रदान कर रहे हैं, जो हैं, 1Gb डेटा प्लान, 5Gb डेटा प्लान और 10Gb डेटा प्लान। क्या मैं जान सकता हूँ कि आप कौन-सा डेटा प्लान पसंद करेंगे?",3,2
"NO,THANKS FOR BEING PATIENT."," नहीं, रोगी होने के लिए धन्यवाद।",3,2
Awesome! I'd be glad to help you with that. May I know the name of your city please?, बहुत बढ़िया! मुझे इसमें आपकी मदद करने में खुशी होगी। क्या मैं आपके शहर का नाम जान सकता हूँ?,3,2
OK BYEE, ठीक अलविदा,2,0
8:00 PM, 8 बजे।,0,0
hi, नमस्ते,2,0
"philadelphia, pa"," फिलाडेल्फिया, पीए",2,0
Please do reach out to us in case of any further queries. Looking forward to seeing you soon again! Have a great day ahead! Good bye!, कृपया किसी और प्रश्न के मामले में हमसे संपर्क करें। जल्द ही आपको फिर से देखने के लिए उत्सुक हैं! आगे एक महान दिन हो! अलविदा!,3,2
Perfect! Please allow me a moment while I go ahead and check with your account., उत्तम! कृपया मुझे कुछ समय दें जब तक मैं आगे बढ़ूं और आपके खाते से जांच करूं।,3,2
My pleasure! Good day!, मेरा सौभाग्य! अच्छा दिन!,3,2
Fantastic! I've confirmed your new  5 GB cable connection and I've created an account of yours with our services. Our executives will reach you with the installation within 48 hrs. Would there be anything else that I may help you with?, ज़बरदस्त! मैंने आपके नए 5GB केबल कनेक्शन की पुष्टि कर दी है और मैंने हमारी सेवाओं के साथ आपका खाता बना लिया है। हमारे अधिकारी 48 घंटे के भीतर इंस्टॉलेशन के साथ आप तक पहुंच जाएंगे। क्या कुछ और होगा जिससे मैं आपकी मदद कर सकूं?,3,2
You're welcome. Is there anything else I may help you with?, आपका स्वागत है। क्या कुछ और है जिसमें मैं आपकी मदद कर सकता हूं?,2,2
nothing else, और कुछ नहीं,1,0
"You're most welcome! I'm glad, I was able to help. Would there be anything else I may help you with?"," आपका स्वागत है! मुझे खुशी है, मैं मदद करने में सक्षम था। क्या कुछ और होगा जिसमें मैं आपकी मदद कर सकूं?",3,2
Definitely! Thanks for approaching Sun feast media service in this regards. We are always here to help you out. May I know your city name and zip code please?, निश्चित रूप से! इस संबंध में सूर्य पर्व मीडिया सेवा से संपर्क करने के लिए धन्यवाद। हम आपकी मदद के लिए हमेशा यहां हैं। क्या मैं आपके शहर का नाम और ज़िप कोड जान सकता हूँ?,3,2
I would like to prefer 10GB data package., मैं 10GB डेटा पैकेज को प्राथमिकता देना चाहूंगा।,2,0
Great! Let me know if there would be anything more I could do for you., महान! मुझे बताएं कि क्या मैं आपके लिए और कुछ कर सकता हूं।,3,2
"Okay thanks, I just wanted that clarified. Thank you for your help, you've been great. Have a nice day."," ठीक है धन्यवाद, मैं बस चाहता था कि यह स्पष्ट हो। आपकी मदद के लिए धन्यवाद, आप बहुत अच्छे रहे हैं। आपका दिन शुभ हो।",3,2
5GB, 5GB,0,0
nothing sir, कुछ नहीं सर,2,0
could you please elaborate the query so that I can help you in the best possible way,क्या आप कृपया प्रश्न को विस्तृत कर सकते हैं ताकि मैं आपकी सर्वोत्तम संभव तरीके से सहायता कर सकूं,3,0
bbye, अलविदा,2,0
"Sure! I'll definitely help you with your query. To get the best deals for you, may I know the name of your city and its zip code, please?"," ज़रूर! मैं निश्चित रूप से आपकी क्वेरी में आपकी मदद करूंगा। आपके लिए सर्वोत्तम सौदे प्राप्त करने के लिए, क्या मैं आपके शहर का नाम और उसका ज़िप कोड जान सकता हूँ, कृपया?",3,2
"Perfect! Thank you for the response. Please allow me a moment, while I get this done for you."," उत्तम! जवाब देने के लिए धन्यवाद। कृपया मुझे एक क्षण की अनुमति दें, जबकि मैं यह आपके लिए करवाता हूं।",3,2
I WANT TO KNOW INTERNET CONNECTION OFFERS, मैं इंटरनेट कनेक्शन ऑफ़र जानना चाहता/चाहती हूं,1,0
5GB is better, 5GB बेहतर है,0,0
ok, ठीक है,2,0
"That's awesome! Thank you for all the details, please give me a minute to proceed further. "," वह तो कमाल है! सभी विवरणों के लिए धन्यवाद, कृपया मुझे आगे बढ़ने के लिए एक मिनट दें।",3,2
I would like to sign up for cable service., मैं केबल सेवा के लिए साइन अप करना चाहता/चाहती हूं।,2,0
"Sure! I'll be glad to help you in getting a connection, may I please know your city and zip code?","ज़रूर! कनेक्शन प्राप्त करने में आपकी सहायता करने में मुझे खुशी होगी, क्या मैं आपका शहर और ज़िप कोड जान सकता हूं?",3,0
"Thank you for the information. What service type would you like to purchase? Is it cable, internet or phone?"," जानकारी के लिए धन्यवाद। आप किस प्रकार की सेवा खरीदना चाहेंगे? क्या यह केबल, इंटरनेट या फोन है?",3,0
HAI, हाई,2,0
no thanks," जी नहीं, धन्यवाद",3,1
10gb, 10जीबी,0,0
"Alright!  It was great assisting you, have an amazing day. Feel free to reach us when needed, goodbye."," ठीक है! आपकी सहायता करके बहुत अच्छा लगा, आपका दिन मंगलमय हो। जरूरत पड़ने पर बेझिझक हम तक पहुंचें, अलविदा।",3,2
Oh kk sorry wrongly understood. Is there is any installation charges applicable?, ओह केके सॉरी गलत समझा। क्या कोई स्थापना शुल्क लागू है?,3,0
how much do the plan cost?, योजना की लागत कितनी है?,0,0
"Awesome! Thank you for the details. We provide cable, internet and phone services. Which one of these services, would you like to sign up for?"," बहुत बढ़िया! विवरण के लिए धन्यवाद। हम केबल, इंटरनेट और फोन सेवाएं प्रदान करते हैं। आप इनमें से किस सेवा के लिए साइन अप करना चाहेंगे?",3,2
hi, नमस्ते,2,0
ok nothanks, ठीक है धन्यवाद,2,0
no thanks," जी नहीं, धन्यवाद",3,1
may i know the details?, क्या मैं विवरण जान सकता हूँ?,2,0
need to purchase a cable service ..can u?, केबल सेवा खरीदने की आवश्यकता है ..क्या आप कर सकते हैं?,1,0
ok, ठीक है,2,0
I want to connect new cable connection., मैं नया केबल कनेक्शन जोड़ना चाहता हूं।,1,0
yes, हां,2,0
bye, अलविदा,2,0
"Sorry to keep you waiting, I've signed you up for the services. Now you can enjoy our services, anything else I may help you with?","आपको प्रतीक्षा करते रहने के लिए क्षमा करें, मैंने आपको सेवाओं के लिए साइन अप कर लिया है। अब आप हमारी सेवाओं का आनंद ले सकते हैं, और क्या मैं आपकी मदद कर सकता हूँ?",3,2
ok, ठीक है,2,0
We will be obliged to serve you. Could you please help me with your city name and the zip code?, हम आपकी सेवा करने के लिए बाध्य होंगे। क्या आप कृपया मुझे अपने शहर के नाम और ज़िप कोड के साथ मदद कर सकते हैं?,3,0
I'll help you in setting up a new internet service. May I know the name of your city and the zip code of your area?, मैं एक नई इंटरनेट सेवा स्थापित करने में आपकी सहायता करूंगा। क्या मैं आपके शहर का नाम और आपके क्षेत्र का ज़िप कोड जान सकता हूँ?,3,0
nothing, कुछ नहीं,1,0
INTERNET, इंटरनेट,0,0
Great! Would there be anything else that I may help you with?, महान! क्या कुछ और होगा जिससे मैं आपकी मदद कर सकूं?,3,2
"No, Thanks. & please activate this plan as soon as possible..Thank you.."," जी नहीं, धन्यवाद। और कृपया इस योजना को जल्द से जल्द सक्रिय करें..धन्यवाद..",3,0
"That's great! I'm glad I can help you with your query. To get the best deals for you, may I know the name of your city and its zip code, please?"," एक दम बढ़िया! मुझे खुशी है कि मैं आपकी क्वेरी में आपकी मदद कर सकता हूं। आपके लिए सर्वोत्तम सौदे प्राप्त करने के लिए, क्या मैं आपके शहर का नाम और उसका ज़िप कोड जान सकता हूँ, कृपया?",3,2
56%,56%,0,0
"Amazing! We are presently offering 1 GB, 5 GB and 10 GB data plans. Which one you'd like to purchase?"," अद्भुत! हम फिलहाल 1 जीबी, 5 जीबी और 10 जीबी डेटा प्लान दे रहे हैं। आप कौन सा खरीदना चाहेंगे?",2,2
like to purchase, खरीदना पसंद है,2,0
Sacramento and 94203, सैक्रामेंटो और 94203,0,0
Thank you for contacting us. I hope you have a great day ahead. Bye!, हमसे संपर्क करने के लिए धन्यवाद। मुझे आशा है कि आपके लिए आगे एक अच्छा दिन होगा। अलविदा!,3,2
ok, ठीक है,2,0
4.75161E+15,4.75161E+15,0,0
Have a wonderful day ahead and take care. Goodbye, आगे का दिन शानदार हो और अपना ख्याल रखें। अलविदा,3,2
64567,64567,0,0
confirm, पुष्टि करें,0,0
HAI, हाई,2,0
"Thank you for helping me with your details. At present, we have three data plans, they are 1 GB, 5 GB and 10 GB. which one you'd like to buy?","अपने विवरण के साथ मेरी मदद करने के लिए धन्यवाद। फिलहाल हमारे पास तीन डेटा प्लान हैं, वे 1 जीबी, 5 जीबी और 10 जीबी हैं। आप कौन सा खरीदना चाहेंगे?",3,0
"Sure! Awesome, Thanks for choosing us. We'd love to serve you. May I know your full name please? "," ज़रूर! बहुत बढ़िया, हमें चुनने के लिए धन्यवाद। हमें आपकी सेवा करना अच्छा लगेगा। क्या मैं आपका पूरा नाम जान सकता हूँ?",3,2
"Awesome! I'll definitely help you with this, Thanks for contacting us. We are delighted to serve you. May I know your city name and zip code, please?","बहुत बढ़िया! मैं निश्चित रूप से इसमें आपकी मदद करूंगा, हमसे संपर्क करने के लिए धन्यवाद। हम आपकी सेवा करके प्रसन्न हैं। क्या मैं आपके शहर का नाम और ज़िप कोड जान सकता हूँ, कृपया?",3,2
"Thanks for being considerate, Is there anything else I may help you with? "," विचारशील होने के लिए धन्यवाद, क्या कुछ और है जिसमें मैं आपकी मदद कर सकता हूं?",3,2
madurai 66487, मदुरै 66487,0,0
nothing else, और कुछ नहीं,1,0
10gb, 10जीबी,0,0
"Amazing! Which data plan would you like to purchase? We have 1GB, 5 GB and 10 GB data plans available with us."," अद्भुत! आप कौन सा डेटा प्लान खरीदना चाहेंगे? हमारे पास 1GB, 5GB और 10GB डेटा प्लान उपलब्ध हैं।",3,2
All right. I've initiated a request for the 10GB data plan. You would be receiving a confirmation message regarding this along with the payment link. Is there anything else I may help you with?, ठीक है। मैंने 10GB डेटा प्लान के लिए एक अनुरोध शुरू किया है। आपको भुगतान लिंक के साथ इस संबंध में एक पुष्टिकरण संदेश प्राप्त होगा। क्या कुछ और है जिसमें मैं आपकी मदद कर सकता हूं?,3,0
NEW YORK, न्यूयॉर्क,0,0
I choose 10 GB plan, मैं 10 जीबी प्लान चुनता हूं,1,0
I Would like to sign up for new service., मैं नई सेवा के लिए साइन अप करना चाहूंगा।,2,0
Good day..Bye, शुभ दिन..अलविदा,3,0
no thanks," जी नहीं, धन्यवाद",3,1
Nothing else,और कुछ नहीं,2,0
hai, हाय,2,0
I want to sign up for new internet service, मैं नई इंटरनेट सेवा के लिए साइन अप करना चाहता/चाहती हूं,1,0
"Thank you! Now, we have three data plans on sale, They are 1 GB, 5 GB and 10 GB. which one you'd like to purchase? "," आपको धन्यवाद! अब, हमारे पास बिक्री पर तीन डेटा प्लान हैं, वे 1 जीबी, 5 जीबी और 10 जीबी हैं। आप कौन सा खरीदना चाहेंगे?",3,2
Thank you for choosing us. I had a great time assisting you. In case you have any queries please feel free to reach out to us. Have a good day!, हमें चुनने के लिए धन्यवाद। मुझे आपकी सहायता करने में बहुत अच्छा लगा। यदि आपके कोई प्रश्न हैं तो कृपया बेझिझक हमसे संपर्क करें। आपका दिन शुभ हो!,3,2
"Thanks. That's it, have a good day!"," धन्यवाद। बस इतना ही, आपका दिन शुभ हो!",3,2
because of network problem, नेटवर्क प्रॉब्लम के कारण,2,0
no thanks," जी नहीं, धन्यवाद",3,1
"Alright! I have created an account on your name and also updated the details about your plan as well. Our associate would visit you shortly and help you with the service installation. Now, Is there any other query you want me to help you with for today?","ठीक है! मैंने आपके नाम पर एक खाता बनाया है और साथ ही आपकी योजना के बारे में विवरण भी अपडेट किया है। हमारे सहयोगी शीघ्र ही आपसे मिलने आएंगे और सेवा स्थापना में आपकी सहायता करेंगे। अब, क्या कोई अन्य प्रश्न है जो आप चाहते हैं कि मैं आज के लिए आपकी सहायता करूँ?",3,0
Hello! Welcome to AT&T! How can I help you today?, नमस्ते! एटी एंड टी में आपका स्वागत है! आज मैं आपकी मदद करने में कैसे सक्षम हूं?,3,0
"Alright! Have a good day, hope to assist you in the future as well. Goodbye!"," ठीक है! आपका दिन शुभ हो, भविष्य में भी आपकी सहायता करने की आशा है। अलविदा!",3,2
Thank you for contacting our live chat service and it was a pleasure talking to you today. Bye!, हमारी लाइव चैट सेवा से संपर्क करने के लिए धन्यवाद और आज आपसे बात करके अच्छा लगा। अलविदा!,3,2
Hello! Welcome to Aura cable services. How may I assist you today?, नमस्ते! ऑरा केबल सर्विस में आपका स्वागत है। आज मैं आपकी मदद किस तरह कर सकता हूँ?,3,0
YES, हां,2,2
GOA AND 467109, गोवा और 467109,0,0
"Thank you for sharing the details. We have different data plans such as 1GB, 5GB and 10GB for services like phone, internet and cable. Which one would you like to purchase?"," विवरण साझा करने के लिए धन्यवाद। हमारे पास फोन, इंटरनेट और केबल जैसी सेवाओं के लिए 1GB, 5GB और 10GB जैसे अलग-अलग डेटा प्लान हैं। आप कौन सा खरीदना चाहेंगे?",3,0
"Great! Which data plan would you like to purhcase? We have 1GB, 5GB and 10GB data plans available. It's $25 for 1GB. $40 for 5GB and $60 for 10GB."," महान! आप किस डेटा प्लान को खरीदना चाहेंगे? हमारे पास 1GB, 5GB और 10GB डेटा प्लान उपलब्ध हैं। यह 1GB के लिए $25 है। 5GB के लिए $40 और 10GB के लिए $60।",3,2
Bravo!! I've shared your details with my team. As soon as this chat is closed you'll get a call from our team. They'll assist you further. In case if you still have any issue or query. Please feel free to get back to us.,वाहवाही!! मैंने आपका विवरण अपनी टीम के साथ साझा किया है। जैसे ही यह चैट बंद होगी आपको हमारी टीम की ओर से एक कॉल आएगा। वे आगे आपकी मदद करेंगे। मामले में यदि आपके पास अभी भी कोई समस्या या प्रश्न है। कृपया हमारे पास वापस आने के लिए स्वतंत्र महसूस करें।,3,2
no thanks," जी नहीं, धन्यवाद",3,1
yes, हां,2,0
city new york zip code 1236, सिटी न्यू यॉर्क ज़िप कोड 1236,2,0
"Awesome! May I also know if you need the 1 GB, 5 GB, 10 GB plan for your service? "," बहुत बढ़िया! क्या मैं यह भी जान सकता हूं कि क्या आपको अपनी सेवा के लिए 1 जीबी, 5 जीबी, 10 जीबी प्लान चाहिए?",3,2
No problem I can manage.., कोई समस्या नहीं मैं प्रबंधन कर सकता हूँ ..,2,0
stephenj56@mail.com, stephenj56@mail.com,0,0
"Sure thing! We have these plans available with us for you - 1GB, 5GB and 10 GB. What's your pick?"," अवश्य! हमारे पास आपके लिए ये प्लान उपलब्ध हैं - 1GB, 5GB और 10GB। आपकी पसंद क्या है?",2,2
Okay. Thank you!, ठीक। आपको धन्यवाद!,3,2
for all, सभी के लिए,0,0
Good morning! You've reached Net link Media/Cable Services. How may I help you today?, सुबह बख़ैर! आप नेट लिंक मीडिया/केबल सेवाओं पर पहुंच गए हैं। आज मैं आपकी कैसे मदद कर सकता हूँ?,3,0
Okay, ठीक,2,2
SAM, सैम,0,0
Atlanta 30303, अटलांटा 30303,0,0
I want to purchase internet, मुझे इंटरनेट खरीदना है,1,0
5 GB, 5 जीबी,0,0
"Oh that's bad! firstly, could you please help me with your name and 16 digit account number?"," ओह यह बुरी बात है! सबसे पहले, क्या आप कृपया अपने नाम और 16 अंकों की खाता संख्या के बारे में मेरी मदद कर सकते हैं?",3,1
OK..SURE, यकीनन ठीक,2,0
"No, Thanks."," जी नहीं, धन्यवाद।",3,0
Need your help to sign up for new cable service .., नई केबल सेवा के लिए साइन अप करने के लिए आपकी सहायता की आवश्यकता है ..,1,0
Hi there! This is your Customer Executive speaking. May I know your query please?, नमस्ते! यह आपका ग्राहक कार्यकारी बोल रहा है। क्या मैं आपका प्रश्न जान सकता हूँ?,3,0
"Sure, For 5 GB data plan we will charge you $20. "," ज़रूर, 5 जीबी डेटा प्लान के लिए हम आपसे $20 चार्ज करेंगे।",2,1
yes, हां,2,0
Absolutely! I'll do my best to help you in this regards. Could you share the city and the zip code?, बिल्कुल! मैं इस संबंध में आपकी मदद करने की पूरी कोशिश करूंगा। क्या आप शहर और पिन कोड साझा कर सकते हैं?,3,0
"Thank you for staying connected. We've made a note of your request, please give us 24 hours for the installation process. Our executives will reach out to you for further details, please feel free to visit our website www.vfibernet.com. ","जुड़े रहने के लिए धन्यवाद। हमने आपके अनुरोध को नोट कर लिया है, कृपया हमें इंस्टॉलेशन प्रक्रिया के लिए 24 घंटे का समय दें। अधिक जानकारी के लिए हमारे अधिकारी आपसे संपर्क करेंगे, कृपया बेझिझक हमारी वेबसाइट www.vfibernet.com देखें।",3,2
Goodbye!, अलविदा!,2,0
For sure! Could you please help me with the name of the city and the zip code?, पक्का! क्या आप कृपया शहर के नाम और ज़िप कोड के साथ मेरी मदद कर सकते हैं?,3,0
Happy Morning Rory, हैप्पी मॉर्निंग रोरी,2,0
And lastly may I know your 16 digits credit card number?, और अंत में क्या मैं आपका 16 अंकों का क्रेडिट कार्ड नंबर जान सकता हूं?,2,0
internet, इंटरनेट,0,0
Good morning! You've reached Net link Media/Cable Services. How may I help you today?, सुबह बख़ैर! आप नेट लिंक मीडिया/केबल सेवाओं पर पहुंच गए हैं। आज मैं आपकी कैसे मदद कर सकता हूँ?,3,0
Perfect! The 5 GB plan will approximately costs you $ 5 including all the charges. I will activate the same right away., उत्तम! 5 जीबी प्लान के लिए आपको सभी शुल्कों सहित लगभग $ 5 का खर्च आएगा। मैं इसे तुरंत सक्रिय कर दूंगा।,3,2
"Awesome! Thank you for the details! We have 1 GB, 5 GB and 10 GB cable data plans for you. Which one of these data plans, would you like to choose?"," बहुत बढ़िया! विवरण के लिए धन्यवाद! हमारे पास आपके लिए 1 जीबी, 5 जीबी और 10 जीबी केबल डेटा प्लान हैं। आप इनमें से कौन सा डेटा प्लान चुनना चाहेंगे?",3,2
"Hello! Welcome to Zoom services, may I know how may I help you? "," नमस्ते! ज़ूम सेवाओं में आपका स्वागत है, क्या मैं जान सकता हूँ कि मैं आपकी कैसे मदद कर सकता हूँ?",3,0
"I don't mean to rush you, I just wanted to check if we are connected/"," मैं आपको जल्दी करने का मतलब नहीं है, मैं सिर्फ यह जांचना चाहता था कि क्या हम जुड़े हुए हैं /",3,0
MADURAI 625001., मदुरै 625001.,0,0
Great! Could you help me with the zip code of Kanpur please?, महान! क्या आप कृपया कानपुर के ज़िप कोड के साथ मेरी मदद कर सकते हैं?,3,2
"Thank you! Since you've mentioned you would like to go ahead with the internet service, we have three packages to offer since you are our new customer and they are (1GB, 5 GB, 10 GB) which are $5, $10 and $20 respectively. So now could you please go ahead and choose a package for yourself?","आपको धन्यवाद! चूंकि आपने उल्लेख किया है कि आप इंटरनेट सेवा के साथ आगे बढ़ना चाहते हैं, हमारे पास पेश करने के लिए तीन पैकेज हैं क्योंकि आप हमारे नए ग्राहक हैं और वे हैं (1GB, 5GB, 10GB) जो क्रमशः $5, $10 और $20 हैं। तो क्या अब आप कृपया आगे बढ़ सकते हैं और अपने लिए एक पैकेज चुन सकते हैं?",3,0
Sure! May I know which service you'd like to sign up for?, ज़रूर! क्या मैं जान सकता हूँ कि आप किस सेवा के लिए साइन अप करना चाहते हैं?,3,0
"Wonderful! It was glad assisting you, we are always here to help you in any issue relating to cable/media. Goodbye!","अद्भुत! आपकी सहायता करते हुए खुशी हुई, केबल/मीडिया से संबंधित किसी भी मुद्दे में आपकी सहायता के लिए हम हमेशा यहां मौजूद हैं। अलविदा!",2,2
"Wonderful! Thank you for reaching out to us, I'm glad I could resolve this for you. Looking forward to connect back. Have a nice day!"," अद्भुत! हमसे संपर्क करने के लिए धन्यवाद, मुझे खुशी है कि मैं आपके लिए इसका समाधान कर सका। वापस कनेक्ट करने के लिए तत्पर हैं। आपका दिन शुभ हो!",3,2
i want new cable service connection, मुझे नया केबल सेवा कनेक्शन चाहिए,1,0
Hello there! This is Customer Executive speaking. How may I help you today?, नमस्ते! यह ग्राहक कार्यकारी बोल रहा है। आज मैं आपकी कैसे मदद कर सकता हूँ?,3,0
Thanks for confirming! I've registered your request and also shared your details with my team. They'll contact you and ask for personal details. after this verification call. you'll get a service activation text message. After which you'll be able to enjoy your service., पुष्टि करने के लिए धन्यवाद! मैंने आपका अनुरोध दर्ज कर लिया है और आपकी टीम के साथ आपका विवरण भी साझा किया है। वे आपसे संपर्क करेंगे और व्यक्तिगत विवरण मांगेंगे। इस सत्यापन कॉल के बाद। आपको एक सेवा सक्रियण टेक्स्ट संदेश प्राप्त होगा। जिसके बाद आप अपनी सर्विस का मजा ले पाएंगे।,3,2
yes confirm this plan, हाँ इस योजना की पुष्टि करें,2,0
Sure thing. Could you please let me know your name and the account ID?, अवश्य। क्या आप कृपया मुझे अपना नाम और खाता आईडी बता सकते हैं?,3,0
i want to purchase new cable service, मैं नई केबल सेवा खरीदना चाहता हूँ,1,0
10 GB, 10 जीबी,0,0
OK, ठीक है,2,0
"Yes, I'm here. Could you please help me with the plan you're willing to purchase?", हाँ मैं यहाँ हूँ। क्या आप कृपया उस योजना में मेरी सहायता कर सकते हैं जिसे आप खरीदना चाहते हैं?,3,0
Thank you for choosing our services. I had a great time assisting you. Please do feel free to reach out to us for further queries. Have a good day!, हमारी सेवाओं को चुनने के लिए धन्यवाद। मुझे आपकी सहायता करने में बहुत अच्छा लगा। कृपया आगे के प्रश्नों के लिए हमसे बेझिझक संपर्क करें। आपका दिन शुभ हो!,3,2
hai, हाय,2,0
"I must say you've reached the right place. We're always here to help you out. May I know city name and zip code, please? 
",मुझे कहना होगा कि आप सही जगह पर पहुँचे हैं। हम आपकी मदद के लिए हमेशा यहां हैं। क्या मुझे शहर का नाम और ज़िप कोड पता हो सकता है?,3,2
no thanks," जी नहीं, धन्यवाद",3,1
thank you, धन्यवाद,2,2
Good Morning, शुभ प्रभात,3,0
"Thank you for sharing the details. We have different data plans like 5GB, 10GB, 1GB. Which one would you like to purchase?"," विवरण साझा करने के लिए धन्यवाद। हमारे पास 5GB, 10GB, 1GB जैसे अलग-अलग डेटा प्लान हैं। आप कौन सा खरीदना चाहेंगे?",3,0
"Hey! Good morning, You've reached D-link customer service. How may I assist you today? "," अरे! सुप्रभात, आप डी-लिंक ग्राहक सेवा तक पहुँच चुके हैं। आज मैं आपकी मदद किस तरह कर सकता हूँ?",3,0
Sure! I'll help you with that. Could you please provide me the city and the zip code?, ज़रूर! मैं इसमें आपकी मदद करूंगा। क्या आप कृपया मुझे शहर और ज़िप कोड प्रदान कर सकते हैं?,3,0
5 GB, 5 जीबी,0,0
cable service, केबल सेवा,0,0
i want cable service, मुझे केबल सेवा चाहिए,1,0
hai, हाय,2,0
5 GB, 5 जीबी,0,0
"Perfect! Thank you for being patient and sharing the information. Please allow me a minute or two, I'll get back to you with the resolution."," उत्तम! धैर्य रखने और जानकारी साझा करने के लिए धन्यवाद। कृपया मुझे एक या दो मिनट का समय दें, मैं संकल्प के साथ आपसे संपर्क करूंगा।",3,2
hai, हाय,2,0
"Awesome! Thank you for the details. We provide cable, internet and phone services. Which one of these would you like to avail?"," बहुत बढ़िया! विवरण के लिए धन्यवाद। हम केबल, इंटरनेट और फोन सेवाएं प्रदान करते हैं। आप इनमें से किसका लाभ उठाना चाहेंगे?",3,2
that's it.  have a good day.  good bye., यह बात है। आपका दिन शुभ हो। अलविदा।,3,1
chennai 652314, चेन्नई 652314,0,0
THANK YOU., शुक्रिया।,3,2
You are at a very right place! I'll be glad to assist you. Could you please help me with your city name and the zip code?, आप बहुत सही जगह पर हैं! मुझे आपकी सहायता करने में खुशी होगी। क्या आप कृपया मुझे अपने शहर के नाम और ज़िप कोड के साथ मदद कर सकते हैं?,3,2
"Sure! Thanks for contacting us and giving us opportunity to serve you. I'll definitely help you out. May I know your city name and the zip code, please?"," ज़रूर! हमसे संपर्क करने और हमें आपकी सेवा करने का अवसर देने के लिए धन्यवाद। मैं निश्चित रूप से आपकी मदद करूंगा। क्या मैं आपके शहर का नाम और ज़िप कोड जान सकता हूँ, कृपया?",3,2
Amazing! Would there be anything else I may assist you with?, अद्भुत! क्या कुछ और होगा जिसमें मैं आपकी सहायता कर सकूं?,3,2
Awesome! Thanks for the prompt reply. May I know the city name you reside in and the zip code as well?, बहुत बढ़िया! शीघ्र उत्तर के लिए धन्यवाद। क्या मैं उस शहर का नाम जान सकता हूँ जिसमें आप रहते हैं और उसका ज़िप कोड भी?,3,2
"I apologize, could you please be more specific with your query?"," मैं क्षमा चाहता हूं, क्या आप कृपया अपनी क्वेरी के साथ और अधिक विशिष्ट हो सकते हैं?",3,0
"Thank you! since you've mentioned you would like to go ahead the internet service. We have three packages to offer, (1GB, 5 GB, 10 GB) which are $5, $10 and $20 respectively. So could you please go ahead and choose a packages for yourself please?","आपको धन्यवाद! चूंकि आपने उल्लेख किया है कि आप इंटरनेट सेवा को आगे बढ़ाना चाहेंगे। हमारे पास पेश करने के लिए तीन पैकेज हैं, (1GB, 5GB, 10GB) जो क्रमशः $5, $10 और $20 हैं। तो क्या आप कृपया आगे बढ़ सकते हैं और कृपया अपने लिए एक पैकेज चुनें?",3,0
yes, हां,2,0
"Thank you. May I also know that which service would you like to go for (1GB, 5 GB, 10 GB)?  "," शुक्रिया। क्या मैं यह भी जान सकता हूँ कि आप किस सेवा के लिए जाना चाहेंगे (1GB, 5GB, 10GB)?",3,0
i would like to purchase cable connection, मुझे केबल कनेक्शन खरीदना है,2,0
hello, नमस्ते,2,0
Thank you for choosing our services. I had a great time assisting you. Please do reach out to us for further queries. Have a good day!, हमारी सेवाओं को चुनने के लिए धन्यवाद। मुझे आपकी सहायता करने में बहुत अच्छा लगा। कृपया आगे के प्रश्नों के लिए हमसे संपर्क करें। आपका दिन शुभ हो!,3,2
Great! Please allow me a moment to process your request., महान! कृपया मुझे आपके अनुरोध को संसाधित करने के लिए कुछ समय दें।,3,2
okay, ठीक है,2,0
NO, ना,1,1
5 GB, 5 जीबी,0,0
67453,67453,0,0
24541,24541,0,0
cable data plan*, केबल डेटा योजना*,0,0
Have a great day, आपका दिन अच्छा रहे,2,2
"OK THANK YOU, NOTHING ELSE"," ठीक है धन्यवाद, और कुछ नहीं",3,2
hello, नमस्ते,2,0
Have a great day ahead. Goodbye :), आगे एक महान दिन हो। अलविदा :),2,2
"That's amazing! Thank you for the response. Could you please allow me a moment, while I get this done for you?"," वह आश्चर्यजनक है! जवाब देने के लिए धन्यवाद। क्या आप कृपया मुझे एक क्षण की अनुमति दे सकते हैं, जबकि मैं यह आपके लिए करवाता हूं?",3,2
"Which data plan would you like to purchase? We have 1 GB, 5 GB, 10 GB available as of now. You can use the data plan according to your preferences."," आप कौन सा डेटा प्लान खरीदना चाहेंगे? हमारे पास अभी तक 1 जीबी, 5 जीबी, 10 जीबी उपलब्ध है। आप अपनी पसंद के अनुसार डेटा प्लान का उपयोग कर सकते हैं।",3,0
"Thanks for sharing your details. Currently we have three data plans namely, 1 GB, 5 GB and 10 GB. which one you'd like to buy?"," अपना विवरण साझा करने के लिए धन्यवाद। वर्तमान में हमारे पास तीन डेटा प्लान हैं, 1 जीबी, 5 जीबी और 10 जीबी। आप कौन सा खरीदना चाहेंगे?",3,0
Hello! How may I assist you today?, नमस्ते! आज मैं आपकी मदद किस तरह कर सकता हूँ?,3,0
28301,28301,0,0
yes i'm student, हाँ मैं विद्यार्थी हूँ,2,0
Hello! Thank you for contacting D-Link customer service. How may I help you today?, नमस्ते! डी-लिंक ग्राहक सेवा से संपर्क करने के लिए धन्यवाद। आज मैं आपकी कैसे मदद कर सकता हूँ?,3,0
"You're welcome! Feel free to reach us when needed, have a great day. Goodbye."," आपका स्वागत है! जरूरत पड़ने पर बेझिझक हम तक पहुंचें, आपका दिन शुभ हो। अलविदा।",2,2
"Your request for the desired service has been initiated. Our agent will contact you soon. Is there anything else I could help you with?
", वांछित सेवा के लिए आपका अनुरोध शुरू कर दिया गया है। हमारा एजेंट जल्द ही आपसे संपर्क करेगा। क्या कुछ और है जिसमें मैं आपकी मदद कर सकता हूं?,2,0
okay sure, पक्का निश्चित,2,0
new york sir, न्यू यॉर्क सर,2,0
i want your cable service, मुझे आपकी केबल सेवा चाहिए,1,0
i want a new cable service, मुझे एक नई केबल सेवा चाहिए,1,0
Sure thing!  You've reached the right place for the best services and the best plans available. I'd be glad to help you in this regard. May I know the city you live in and it's zip code?,अवश्य! आप सर्वोत्तम सेवाओं और उपलब्ध सर्वोत्तम योजनाओं के लिए सही स्थान पर पहुँच गए हैं। मुझे इस संबंध में आपकी मदद करने में खुशी होगी। क्या मैं उस शहर को जान सकता हूँ जिसमें आप रहते हैं और उसका ज़िप कोड है?,3,2
"Awesome! Thank you for reaching out to us, hope you'll have a great day ahead! "," बहुत बढ़िया! हमसे संपर्क करने के लिए धन्यवाद, आशा है कि आगे आपका दिन बहुत अच्छा रहेगा!",3,2
city : alapuzha, शहर : अलापुझा,0,0
That's $130 for cable and internet. I saw an ad for a promotion that was $99 for both of them. Do I qualify for that?, केबल और इंटरनेट के लिए यह $ 130 है। मैंने एक प्रचार के लिए एक विज्ञापन देखा जो उन दोनों के लिए $99 था। क्या मैं इसके लिए योग्य हूं?,3,0
Sure thing! I'll activate the same within 24 hours. Anything else?, अवश्य! मैं इसे 24 घंटे के भीतर सक्रिय कर दूंगा। और कुछ?,2,0
Sure! 10 GB internet data plan will cost you $10 and the validity will be for 90 days., ज़रूर! 10 जीबी इंटरनेट डेटा प्लान की कीमत आपको $ 10 होगी और वैधता 90 दिनों के लिए होगी।,2,0
Perfect! I'll confirm the plan of 5 GB for cable service. Is there anything I might help you with?, उत्तम! मैं केबल सेवा के लिए 5 जीबी की योजना की पुष्टि करूंगा। क्या कोई ऐसी चीज है जिसमें मैं आपकी मदद कर सकता हूं?,3,2
Thank you for choosing us. I had a great time assisting you. In case you have any queries please feel free to reach out to us. Have a good day!, हमें चुनने के लिए धन्यवाद। मुझे आपकी सहायता करने में बहुत अच्छा लगा। यदि आपके कोई प्रश्न हैं तो कृपया बेझिझक हमसे संपर्क करें। आपका दिन शुभ हो!,3,2
i need a new service, मुझे एक नई सेवा चाहिए,1,1
Thanks Banu! Could you please let me know the last 4 digit of the SSN?, धन्यवाद बानो! क्या आप कृपया मुझे SSN के अंतिम 4 अंक के बारे में बता सकते हैं?,3,0
I WANT TO PURCHASE INTERNET, मुझे इंटरनेट खरीदना है,1,0
Speed Aad prize, स्पीड विज्ञापन पुरस्कार,0,2
Jonestown, जॉनस्टाउन,0,0
Hello there! Welcome to Star cable customer care services. How may I help you today?, नमस्ते! स्टार केबल कस्टमर केयर सर्विसेज में आपका स्वागत है। आज मैं आपकी कैसे मदद कर सकता हूँ?,3,0
OK BYE, चलो बाय,2,0
Perfect! I've successfully signed you up for this service. My team will reach out to you shortly and the plan will be activated in 24 hours. Would you need anything else?, उत्तम! मैंने आपको इस सेवा के लिए सफलतापूर्वक साइन अप कर लिया है। मेरी टीम शीघ्र ही आप तक पहुंचेगी और योजना 24 घंटे में सक्रिय हो जाएगी। क्या आपको कुछ और चाहिए होगा?,3,2
5432,5432,0,0
hi, नमस्ते,2,0
Good day! You're connected to D-link media services. How may I assist you today?, अच्छा दिन! आप डी-लिंक मीडिया सेवाओं से जुड़े हैं। आज मैं आपकी मदद किस तरह कर सकता हूँ?,3,0
That's awesome! I'd like to inform you that your service will be activated in the next 24 hours., वह तो कमाल है! मैं आपको सूचित करना चाहता हूं कि आपकी सेवा अगले 24 घंटों में सक्रिय हो जाएगी।,3,2
1Gb, 1 जीबी,0,0
Hello and welcome to Universal cable customer care services. How may I help you?,नमस्ते और यूनिवर्सल केबल कस्टमर केयर सर्विसेज में आपका स्वागत है। क्या मेरे द्वारा आपकी कोई सहायता हो सकती है?,3,0
I hope we are still connected?, मुझे आशा है कि हम अभी भी जुड़े हुए हैं?,2,0
melur 81630, मेलूर 81630,0,0
Little Rock 72201, लिटिल रॉक 72201,2,0
kanpur 410789, कानपुर 410789,2,0
I know that 10 GB would not last 1 day for me so I do not need to try it., मुझे पता है कि 10 जीबी मेरे लिए 1 दिन नहीं चलेगा इसलिए मुझे इसे आजमाने की जरूरत नहीं है।,2,1
"I need to sign up new phone cable internet connection, please provide information about it"," मुझे नया फ़ोन केबल इंटरनेट कनेक्शन साइन अप करने की आवश्यकता है, कृपया इसके बारे में जानकारी प्रदान करें",3,0
Thank you for contacting us. You've a great day., हमसे संपर्क करने के लिए धन्यवाद। आपका दिन बहुत अच्छा रहा।,3,2
Would there be anything else I may help you with?, क्या कुछ और होगा जिसमें मैं आपकी मदद कर सकूं?,2,0
How much is the 10gb plan?, 10GB प्लान कितने का है?,0,0
HI, नमस्ते,2,0
OK, ठीक है,2,0
nothing else sir..., और कुछ नहीं सर...,2,0
YES, हां,2,2
Are there any other clarifications in which I may help you with?, क्या कोई अन्य स्पष्टीकरण है जिसमें मैं आपकी सहायता कर सकता हूं?,2,0
Ricki and 631542054812, रिकी और 631542054812,2,0
okay, ठीक है,2,0
Thank you very much, आपका बहुत बहुत धन्यवाद,3,2
ok thanks, ठीक है धन्यवाद,3,0
ZIP-12586, ज़िप-12586,0,0
"Good news! I'd like to inform you that, I've confirmed you new 5 GB cable connection. Our executives will reach you within 48 hrs for the installation. Is there anything else that I may help you with?"," खुशखबरी! मैं आपको सूचित करना चाहता हूं कि, मैंने आपको नए 5 जीबी केबल कनेक्शन की पुष्टि की है। स्थापना के लिए हमारे अधिकारी 48 घंटे के भीतर आप तक पहुंचेंगे। क्या कुछ और है जिसमें मैं आपकी मदद कर सकता हूं?",3,2
"nothing else, thank you"," और कुछ नहीं, धन्यवाद",3,0
"Amazing! Could you please confirm if you'd like to get a  1 GB, 5 GB, 10 GB connection?"," अद्भुत! क्या आप कृपया पुष्टि कर सकते हैं कि क्या आप 1 जीबी, 5 जीबी, 10 जीबी कनेक्शन प्राप्त करना चाहते हैं?",3,2
NIJAM 65325, निजाम 65325,0,0
NOTHING ELSE, और कुछ नहीं,2,0
code :80500, कोड: 80500,0,0
Have a great day ahead and take care. Goodbye, आपका दिन अच्छा बीते और अपना ख्याल रखें। अलविदा,3,2
i need 5GB DATA PLAN, मुझे 5GB डेटा प्लान चाहिए,1,0
Hi Lindsay, हाय लिंडसे,3,0
like to purchase, खरीदना पसंद है,2,0
interneyt, इंटरनेट,0,0
Is there anything else I may help you with?, क्या कुछ और है जिसमें मैं आपकी मदद कर सकता हूं?,2,0
"nothing else, thank you "," और कुछ नहीं, धन्यवाद",3,0
bye, अलविदा,2,0
no, नहीं,1,1
tharun, थारुण,0,0
"wow, i need a internet service with 5 GB Data plan "," वाह, मुझे 5 जीबी डेटा प्लान वाली इंटरनेट सेवा चाहिए",1,1
I want to make a request to sign up for a new srvice of cable and internet., मैं केबल और इंटरनेट की एक नई सेवा के लिए साइन अप करने का अनुरोध करना चाहता हूं।,1,0
Sure! Please allow me a moment to process your request., ज़रूर! कृपया मुझे आपके अनुरोध को संसाधित करने के लिए कुछ समय दें।,3,0
Sure. The plan would cost you around $150 a month. Would you want me to confirm the plan for you?,ज़रूर। योजना की लागत आपको लगभग $ 150 प्रति माह होगी। क्या आप चाहते हैं कि मैं आपके लिए योजना की पुष्टि करूं?,3,0
Hello! How may I assist you today?, नमस्ते! आज मैं आपकी मदद किस तरह कर सकता हूँ?,3,0
the 10 GB data plan will work just perfectly for me., 10 जीबी डेटा प्लान मेरे लिए बिल्कुल सही काम करेगा।,2,2
HAI, हाई,2,0
11037,11037,0,0
"No thanks, that's all"," नहीं, धन्यवाद। बस इतना ही",3,1
Hope 10 GB will be good one to a choose as more members will be using it., आशा है कि 10 जीबी किसी एक को चुनने के लिए अच्छा होगा क्योंकि अधिक सदस्य इसका उपयोग कर रहे होंगे।,0,0
hai, हाय,2,0
Thank you. I've successfully signed you up for the plan. My team will reach out to you shortly. Would you need anything else?, शुक्रिया। मैंने आपको योजना के लिए सफलतापूर्वक साइन अप कर लिया है। मेरी टीम शीघ्र ही आप तक पहुंचेगी। क्या आपको कुछ और चाहिए होगा?,3,2
Good morning, सुबह बख़ैर,3,2
chennai 605625, चेन्नई 605625,0,0
All right! 5GB would cost you $10. Would you like to confirm the data plan?, ठीक है! 5GB की कीमत आपको $10 होगी। क्या आप डेटा प्लान की पुष्टि करना चाहेंगे?,3,0
Hi good morning!, हाय सुप्रभात!,3,0
"Nothing else, Thank you for your Booking. Have a nice day to chat with you. "," और कुछ नहीं, आपकी बुकिंग के लिए धन्यवाद। आपके साथ चैट करने के लिए एक अच्छा दिन है।",3,0
Hope we are connected?, आशा है कि हम जुड़े हुए हैं?,2,0
i want new internet service,मुझे नई इंटरनेट सेवा चाहिए,1,0
Well! Could you please tell me the reason behind the same?, कुंआ! क्या आप कृपया मुझे इसके पीछे का कारण बता सकते हैं?,3,0
YEAH OKEY SAM, हाँ ठीक है सैम,2,2
Sure. Please tell me the city and t's zip code., ज़रूर। कृपया मुझे शहर और टी का ज़िप कोड बताएं।,2,0
Thank you for sharing the details. Could you please tell me the data plan you would like to purchase?, विवरण साझा करने के लिए धन्यवाद। क्या आप कृपया मुझे वह डेटा प्लान बता सकते हैं जिसे आप खरीदना चाहते हैं?,3,0
ok, ठीक है,2,0
"Perfect! I'd like to inform you that based on your area, we have 3 data plans available, which are 1Gb, 5Gb and 10Gb. May I know which one would you prefer? "," उत्तम! मैं आपको सूचित करना चाहता हूं कि आपके क्षेत्र के आधार पर, हमारे पास 3 डेटा प्लान उपलब्ध हैं, जो 1Gb, 5Gb और 10Gb हैं। क्या मैं जान सकता हूँ कि आप किसे पसंद करेंगे?",3,2
hi, नमस्ते,2,0
my name is mani and city mutarai, मेरा नाम मणि है और शहर मुतराई,1,0
Hai Good Morning..I am interested in purchase a new cable service.Can you help me?, हाई गुड मॉर्निंग..मुझे एक नई केबल सेवा खरीदने में दिलचस्पी है।क्या आप मेरी मदद कर सकते हैं?,3,0
10-09-2018,10-09-2018,0,0
Hello there! Maata Media/Cable Services welcomes you. This is the customer executive speaking., नमस्ते! माता मीडिया/केबल सर्विसेज आपका स्वागत करती है। यह ग्राहक कार्यकारी बोल रहा है।,3,0
"Hi! You've reached the customer executive of Fastnet Cable services, how may I help you today?"," नमस्ते! आप Fastnet Cable सेवाओं के ग्राहक कार्यकारी तक पहुँच चुके हैं, मैं आज आपकी कैसे मदद कर सकता हूँ?",3,0
HI, नमस्ते,2,0
Good morning! You've reached Net link Media/Cable Services. How may I help you today?, सुबह बख़ैर! आप नेट लिंक मीडिया/केबल सेवाओं पर पहुंच गए हैं। आज मैं आपकी कैसे मदद कर सकता हूँ?,3,0
Fantastic! Thanks for reaching out to us. We are always at your back to provide you assistance. Have a pleasant day ahead! :), ज़बरदस्त! हमसे संपर्क करने के लिए धन्यवाद। हम आपको सहायता प्रदान करने के लिए हमेशा आपकी पीठ पर हैं। आगे आपका दिन मंगलमय हो! :),3,2
"Perfect! Thank you for that. Could you please allow me a moment, while I get this done for you?","उत्तम! उसके लिये आपका धन्यवाद। क्या आप कृपया मुझे एक क्षण की अनुमति दे सकते हैं, जबकि मैं यह आपके लिए करवाता हूं?",3,2
"Thank you Dhruv, could you please be more specific with the account number as well?"," धन्यवाद ध्रुव, क्या आप कृपया खाता संख्या के साथ और अधिक विशिष्ट हो सकते हैं?",3,0
like to purchase, खरीदना पसंद है,2,0
"Perfect! Thank you for the details! We have 1 GB, 5 GB and 10 GB internet data plans for you. Which data plan would you like to choose?"," उत्तम! विवरण के लिए धन्यवाद! हमारे पास आपके लिए 1 जीबी, 5 जीबी और 10 जीबी इंटरनेट डेटा प्लान हैं। आप कौन सा डेटा प्लान चुनना चाहेंगे?",3,2
I would go for 5 gb plan, मैं 5 जीबी प्लान के लिए जाऊंगा,1,0
bye, अलविदा,2,0
Fantastic! Thank you for reaching out to us. Have a great day. Bye., ज़बरदस्त! हमसे संपर्क की पहल के लिए आपका धन्यवाद। आपका दिन अच्छा रहे। अलविदा।,3,2
Good morning! You've reached Net link Media/Cable Services. How may I help you today?, सुबह बख़ैर! आप नेट लिंक मीडिया/केबल सेवाओं पर पहुंच गए हैं। आज मैं आपकी कैसे मदद कर सकता हूँ?,3,0
"melur  625126
", मेलूर 625126,0,0
Hello there! This is Customer Executive speaking. How may I help you today?, नमस्ते! यह ग्राहक कार्यकारी बोल रहा है। आज मैं आपकी कैसे मदद कर सकता हूँ?,3,0
Sure! I will help you in getting that done today. To process your request I will need your city's name and it's zip code please., ज़रूर! आज इसे पूरा करने में मैं आपकी मदद करूंगा। आपके अनुरोध को संसाधित करने के लिए मुझे आपके शहर का नाम और उसका ज़िप कोड चाहिए होगा।,3,2
2653,2653,0,0
Thank you so much for reconsidering this. Could you please share your name and account ID?, इस पर फिर से विचार करने के लिए आपका बहुत-बहुत धन्यवाद। क्या आप कृपया अपना नाम और खाता आईडी साझा कर सकते हैं?,3,2
Great! Would you please confirm if you would like to sign up 10 GB data plan for Internet and cable service?, महान! क्या आप कृपया पुष्टि करेंगे कि क्या आप इंटरनेट और केबल सेवा के लिए 10 जीबी डेटा प्लान साइन अप करना चाहते हैं?,3,2
hai, हाय,2,0
yes, हां,2,0
I CHOOSE 10 GB, मैं 10 जीबी चुनता हूँ,1,0
Could you please confirm me?, क्या आप कृपया मेरी पुष्टि कर सकते हैं?,3,0
Hello and welcome to Venus cable customer care. How may I help you?, नमस्कार और वीनस केबल कस्टमर केयर में आपका स्वागत है। क्या मेरे द्वारा आपकी कोई सहायता हो सकती है?,3,0
Perfect! Is there anything else I could help you with?, उत्तम! क्या कुछ और है जिसमें मैं आपकी मदद कर सकता हूं?,2,2
That's a great choice! Your cable connection of 10 GB data plan will get activated after you complete the subscription formalities. Would you like to know anything about our data plans?,यह एक बढ़िया विकल्प है! सब्सक्रिप्शन औपचारिकताएं पूरी करने के बाद आपका 10 जीबी डेटा प्लान का केबल कनेक्शन सक्रिय हो जाएगा। क्या आप हमारे डेटा प्लान के बारे में कुछ जानना चाहेंगे?,3,2
Good morning! You've reached Net link Media/Cable Services. How may I help you today?, सुबह बख़ैर! आप नेट लिंक मीडिया/केबल सेवाओं पर पहुंच गए हैं। आज मैं आपकी कैसे मदद कर सकता हूँ?,3,0
no thanks," जी नहीं, धन्यवाद",3,1
THANK YOU, धन्यवाद,3,2
Superb! It was my pleasure assisting a customer like you. Thanks for reaching out to us. We look forward for long and reliable commitment. Have a great day ahead., शानदार! आप जैसे ग्राहक की सहायता करना मेरे लिए खुशी की बात थी। हमसे संपर्क करने के लिए धन्यवाद। हम लंबी और विश्वसनीय प्रतिबद्धता की आशा करते हैं। आगे एक महान दिन हो।,3,2
Hello! Welcome to AT&T Customer Service. How may I help you today?, नमस्ते! एटी एंड टी ग्राहक सेवा में आपका स्वागत है। आज मैं आपकी कैसे मदद कर सकता हूँ?,3,0
Awesome! I have now confirmed the 10 GB data plan on your name and created an account for you. Our associate would visit your house and help you in the service installation. Is there anything else I could help you with for today?, बहुत बढ़िया! मैंने अब आपके नाम पर 10 जीबी डेटा प्लान की पुष्टि की है और आपके लिए एक खाता बनाया है। हमारे सहयोगी आपके घर आएंगे और सर्विस इंस्टालेशन में आपकी मदद करेंगे। क्या आज के लिए मैं आपकी कुछ और मदद कर सकता हूँ?,3,2
Hello! Thank you for connecting to the Zoom services! How may I assist you?, नमस्ते! ज़ूम सेवाओं से जुड़ने के लिए धन्यवाद! मैं आपकी कैसे सहायता कर सकता हूँ?,3,0
ok, ठीक है,2,0
"Ok, Thank you.", ठीक है धन्यवाद।,3,2
"Perfect! Would there be anything else apart from this, I may help you with?"," उत्तम! क्या इसके अलावा और कुछ होगा, मैं आपकी मदद कर सकता हूँ?",3,2
Awesome! I'd be glad to help you with that. May I know the name of your city please?, बहुत बढ़िया! मुझे इसमें आपकी मदद करने में खुशी होगी। क्या मैं आपके शहर का नाम जान सकता हूँ?,3,2
You are always welcome! I've forwarded your subscription request for the 1 GB internet data plan. You will be receiving a confirmation message regarding the same within 2-4 hours. We hope you enjoy our service. Will there be anything else I could help you with?, आपका हमेशा स्वागत है! मैंने 1 जीबी इंटरनेट डेटा योजना के लिए आपका सदस्यता अनुरोध अग्रेषित कर दिया है। आपको 2-4 घंटों के भीतर उसी के संबंध में एक पुष्टिकरण संदेश प्राप्त होगा। हमें उम्मीद है कि आप हमारी सेवा का आनंद लेंगे। क्या कुछ और होगा जिसमें मैं आपकी मदद कर सकूं?,3,2
Perfect! I'll confirm the plan of 10 GB for cable service. Is there anything I might help you with?, उत्तम! मैं केबल सेवा के लिए 10 जीबी की योजना की पुष्टि करूंगा। क्या कोई ऐसी चीज है जिसमें मैं आपकी मदद कर सकता हूं?,3,2
5gb, 5जीबी,0,0
Done! May I know which data plan would you choose 1Gb or 5Gb or 10Gb?, पूर्ण! क्या मैं जान सकता हूँ कि आप कौन सा डेटा प्लान 1Gb या 5Gb या 10Gb चुनेंगे?,3,0
ramkumar, रामकुमार,2,0
like to purchase, खरीदना पसंद है,2,0
ok, ठीक है,2,0
OK, ठीक है,2,0
hi, नमस्ते,2,0
no need, कोई ज़रुरत नहीं है,1,0
Perfect! I will activate the same for you. The 10GB plan costs $10 including all taxes., उत्तम! मैं आपके लिए इसे सक्रिय कर दूंगा। सभी करों सहित 10GB योजना की लागत $ 10 है।,3,2
i like to cancel my service., मुझे अपनी सेवा रद्द करना पसंद है।,3,1
no thanks," जी नहीं, धन्यवाद",3,1
"Awesome! Thank you for reaching out to us, hope you'll have a great day ahead! "," बहुत बढ़िया! हमसे संपर्क करने के लिए धन्यवाद, आशा है कि आगे आपका दिन बहुत अच्छा रहेगा!",3,2
"Awesome! Thank you for reaching out to us, hope you'll have a great day ahead! "," बहुत बढ़िया! हमसे संपर्क करने के लिए धन्यवाद, आशा है कि आगे आपका दिन बहुत अच्छा रहेगा!",3,2
"I apologize, could you please elaborate your query?"," मुझे खेद है, क्या आप कृपया अपनी क्वेरी विस्तृत कर सकते हैं?",3,0
5GB, 5GB,0,0
madurai, मदुरै,0,0
HI, नमस्ते,2,0
Awesome! I have now confirmed the 10 GB data plan on your name and created an account for you. Our associate would visit your house and help you in the service installation. Is there anything else I could help you with for today?, बहुत बढ़िया! मैंने अब आपके नाम पर 10 जीबी डेटा प्लान की पुष्टि की है और आपके लिए एक खाता बनाया है। हमारे सहयोगी आपके घर आएंगे और सर्विस इंस्टालेशन में आपकी मदद करेंगे। क्या आज के लिए मैं आपकी कुछ और मदद कर सकता हूँ?,3,2
I hope all your queries are cleared?,मुझे आशा है कि आपके सभी प्रश्न साफ़ हो गए हैं?,3,0
ok thanks, ठीक है धन्यवाद,3,0
"Alright! I have created an account on your name and also updated the details about your plan as well. Our associate would visit you shortly and help you with the service installation. Now, Is there any other query you want me to help you with for today?","ठीक है! मैंने आपके नाम पर एक खाता बनाया है और साथ ही आपकी योजना के बारे में विवरण भी अपडेट किया है। हमारे सहयोगी शीघ्र ही आपसे मिलने आएंगे और सेवा स्थापना में आपकी सहायता करेंगे। अब, क्या कोई अन्य प्रश्न है जो आप चाहते हैं कि मैं आज के लिए आपकी सहायता करूँ?",3,0
The plan of 10 GB for both internet and phone services would cost you $30 per month collectively., इंटरनेट और फोन दोनों सेवाओं के लिए 10 जीबी की योजना के लिए आपको सामूहिक रूप से $30 प्रति माह खर्च करना होगा।,0,0
"Thank you for staying connected. Our executives will reach out to you for further details, will that be fine with you?"," जुड़े रहने के लिए धन्यवाद। हमारे अधिकारी अधिक जानकारी के लिए आप तक पहुंचेंगे, क्या यह आपके लिए ठीक रहेगा?",3,2
"Amazing! We are presently offering 1 GB, 5 GB and 10 GB data plans. Which one you'd like to purchase?"," अद्भुत! हम फिलहाल 1 जीबी, 5 जीबी और 10 जीबी डेटा प्लान दे रहे हैं। आप कौन सा खरीदना चाहेंगे?",2,2
"Great! I'll definitely help you with your query. To get the best deals for you, may I know your city's name and its zip code, please?"," महान! मैं निश्चित रूप से आपकी क्वेरी में आपकी मदद करूंगा। आपके लिए सर्वोत्तम सौदे प्राप्त करने के लिए, क्या मैं आपके शहर का नाम और उसका ज़िप कोड जान सकता हूँ, कृपया?",3,2
melur 6251402, मेलूर 6251402,0,0
1gb, 1जीबी,0,0
Here i am very cleared., यहाँ मैं बहुत साफ हूँ।,1,2
5gb, 5जीबी,0,0
"Thank you for choosing Net Link for your new cable services, I'd be glad to help you in this regard. May I know the city you live in and it's zip code?"," आपकी नई केबल सेवाओं के लिए नेट लिंक चुनने के लिए धन्यवाद, मुझे इस संबंध में आपकी सहायता करने में खुशी होगी। क्या मैं उस शहर को जान सकता हूँ जिसमें आप रहते हैं और उसका ज़िप कोड है?",3,2
"Perfect! Martin I'd like to inform you that according to my sources you've been subscribed for 40Gb data pack every month, out of which you've used 32Gb of data till date in this month, which means you are still left of 8Gb of data in your account for this month. Also, I'd like to inform you that the unused data of every month will be transferred to the next month's pack. "," उत्तम! मार्टिन मैं आपको सूचित करना चाहता हूं कि मेरे सूत्रों के अनुसार आपको हर महीने 40Gb डेटा पैक के लिए सब्सक्राइब किया गया है, जिसमें से आपने इस महीने में अब तक 32Gb डेटा का उपयोग किया है, जिसका अर्थ है कि आपके पास अभी भी 8Gb डेटा बचा है। इस महीने के लिए आपके खाते में डेटा। साथ ही मैं आपको बताना चाहता हूं कि हर महीने का अप्रयुक्त डेटा अगले महीने के पैक में ट्रांसफर कर दिया जाएगा।",3,2
"Superb! Thank you for the details. We offer 1 GB, 5 GB and 10 GB data plans for our cable service. Which one of these are you looking for?","शानदार! विवरण के लिए धन्यवाद। हम अपनी केबल सेवा के लिए 1 जीबी, 5 जीबी और 10 जीबी डेटा प्लान पेश करते हैं। आप इनमें से किसकी तलाश कर रहे हैं?",3,2
"Definitely!! I'd love to help you out, Thanks for reaching out to us. We are at your service. May I know your city name and zip code please? "," निश्चित रूप से!! मुझे आपकी मदद करना अच्छा लगेगा, हमसे संपर्क करने के लिए धन्यवाद। हम आपकी सेवा के लिए हैं। क्या मैं आपके शहर का नाम और ज़िप कोड जान सकता हूँ?",3,2
Thanks for having a live chat. Glad to help you. Good bye!, लाइव चैट करने के लिए धन्यवाद। आपकी मदद करके प्रसन्नता हुई। अलविदा!,3,2
Hello! Welcome to prodesk cable services. How may I help you today?, नमस्ते! प्रोडेस्क केबल सेवाओं में आपका स्वागत है। आज मैं आपकी कैसे मदद कर सकता हूँ?,3,0
Hello! Welcome to Aura cable services. How may I assist you today?, नमस्ते! ऑरा केबल सर्विस में आपका स्वागत है। आज मैं आपकी मदद किस तरह कर सकता हूँ?,3,0
yes, हां,2,0
no thanks," जी नहीं, धन्यवाद",3,1
23785,23785,0,0
Sure! I'd love to help you out. I'll go ahead and book your connection forthwith. May I know your city name and zip code please?, ज़रूर! मुझे आपकी मदद करना अच्छा लगेगा। मैं आगे बढ़ूंगा और आपका कनेक्शन तुरंत बुक कर दूंगा। क्या मैं आपके शहर का नाम और ज़िप कोड जान सकता हूँ?,3,2
"Hey there! I'll be glad to help you with that, could you please help me with the city's name and the zip code? "," सुनो! मुझे इसमें आपकी मदद करने में खुशी होगी, क्या आप कृपया शहर के नाम और ज़िप कोड के साथ मेरी मदद कर सकते हैं?",3,0
"Thank you! Also I'd like to know that which data plan would you like to go for (1GB cost $3, 5GB costs $5 and 10GB costs $7)? "," आपको धन्यवाद! साथ ही मैं यह जानना चाहता हूं कि आप किस डेटा प्लान के लिए जाना चाहेंगे (1GB की कीमत $3, 5GB की कीमत $5 और 10GB की कीमत $7)?",3,0
OKAY, ठीक है,2,0
"I'll surely help you with that, may I know your name and the email address? "," मैं निश्चित रूप से इसमें आपकी मदद करूंगा, क्या मैं आपका नाम और ईमेल पता जान सकता हूं?",2,0
"I dont believe so, thanks again!"," मुझे विश्वास नहीं है, फिर से धन्यवाद!",3,0
5 GB, 5 जीबी,0,0
Good choice! I'd like to inform you that I've registered your request in our account and you will receive a call from our technical team in the next 2 business days to book an appointment for the installation of the service.,अच्छा विकल्प! मैं आपको सूचित करना चाहता हूं कि मैंने आपके अनुरोध को हमारे खाते में पंजीकृत कर दिया है और सेवा की स्थापना के लिए अपॉइंटमेंट बुक करने के लिए आपको अगले 2 व्यावसायिक दिनों में हमारी तकनीकी टीम से कॉल प्राप्त होगी।,3,2
My side cleared, मेरा पक्ष साफ़ हो गया,2,0
4521,4521,0,0
1gb, 1जीबी,0,0
5GB, 5GB,0,0
ajianu 8956748596325874, अजियानु 8956748596325874,0,0
HEY TAYLOR, अरे टेलर,3,0
"Definitely, the 10 GB internet plan has the unlimited data and it is one of the fastest internet. "," निश्चित रूप से, 10 जीबी इंटरनेट प्लान में असीमित डेटा है और यह सबसे तेज इंटरनेट में से एक है।",0,2
Beverly Hills 90209, बेवर्ली हिल्स 90209,2,0
Thank You. May I know the zip code associated with your city?, शुक्रिया। क्या मैं आपके शहर से जुड़ा ज़िप कोड जान सकता हूँ?,3,0
"that's all. thank you
", बस इतना ही। धन्यवाद,3,0
I WANT NEW INTERNET CONNECTION, मुझे नया इंटरनेट कनेक्शन चाहिए,1,0
Hi, नमस्ते,2,0
okay, ठीक है,2,0
Fantastic! I've confirmed your new  5 GB cable connection and I've created an account of yours with our services. Our executives will reach you with the installation within 48 hrs. Would there be anything else that I may help you with?, ज़बरदस्त! मैंने आपके नए 5GB केबल कनेक्शन की पुष्टि कर दी है और मैंने हमारी सेवाओं के साथ आपका खाता बना लिया है। हमारे अधिकारी 48 घंटे के भीतर इंस्टॉलेशन के साथ आप तक पहुंच जाएंगे। क्या कुछ और होगा जिससे मैं आपकी मदद कर सकूं?,3,2
hi, नमस्ते,2,0
yes, हां,2,0
ok, ठीक है,2,0
Yeah..Confirm the same, हाँ..इसकी पुष्टि करें,0,0
Hello! Welcome to Prodesk cable services. How may I help you today?, नमस्ते! प्रोडेस्क केबल सेवाओं में आपका स्वागत है। आज मैं आपकी कैसे मदद कर सकता हूँ?,3,0
"Thanks for sharing your details. Sure, We have three data plans in phone service currently, They are 1 GB, 5 GB and 10 GB. Which one you'd like to pick?
"," अपना विवरण साझा करने के लिए धन्यवाद। ज़रूर, हमारे पास वर्तमान में फोन सेवा में तीन डेटा प्लान हैं, वे 1 जीबी, 5 जीबी और 10 जीबी हैं। आप किसे चुनना चाहेंगे?",3,0
Hello! How may I assist you today?, नमस्ते! आज मैं आपकी मदद किस तरह कर सकता हूँ?,3,0
no, नहीं,1,1
10 GB data plan, 10 जीबी डेटा प्लान,0,0
Thank you! Which data plan are you looking to purchase?, आपको धन्यवाद! आप कौन सा डेटा प्लान खरीदना चाह रहे हैं?,3,0
thank you, धन्यवाद,2,2
"Hi there! Welcome to Universal cable customer care services. How may I help you today?
", नमस्ते! यूनिवर्सल केबल कस्टमर केयर सर्विसेज में आपका स्वागत है। आज मैं आपकी कैसे मदद कर सकता हूँ?,3,0
no thanks," जी नहीं, धन्यवाद",3,1
OK, ठीक है,2,0
Good evening! This is your customer executive speaking. How may I help you today?, सुसंध्या! यह आपका ग्राहक कार्यकारी बोल रहा है। आज मैं आपकी कैसे मदद कर सकता हूँ?,3,0
hi, नमस्ते,2,0
hi, नमस्ते,2,0
internet, इंटरनेट,0,0
ok, ठीक है,2,0
"It will cost $100 if you take that normally as we are having a promotional offer you'll get that with 25% discount that is only 75$, would you like to have it?","इसकी कीमत $100 होगी यदि आप इसे सामान्य रूप से लेते हैं क्योंकि हमारे पास एक प्रचार प्रस्ताव है तो आपको 25% छूट के साथ मिलेगा जो कि केवल 75$ है, क्या आप इसे प्राप्त करना चाहेंगे?",3,2
All right! May I know your city and it's zip code please?, ठीक है! क्या मैं आपका शहर और उसका ज़िप कोड जान सकता हूँ?,3,0
Wow! Great! You are at a very right place! I'll be glad to assist you. Could you please help me with your city name and the zip code?, बहुत खूब! महान! आप बहुत सही जगह पर हैं! मुझे आपकी सहायता करने में खुशी होगी। क्या आप कृपया मुझे अपने शहर के नाम और ज़िप कोड के साथ मदद कर सकते हैं?,3,2
Hey there! How may I assist you today?, सुनो! आज मैं आपकी मदद किस तरह कर सकता हूँ?,3,0
thank you, धन्यवाद,2,2
nice', अच्छा',3,2
"I'll surely help you with that, could you please help me with the city name and the zip code? "," मैं निश्चित रूप से इसमें आपकी मदद करूंगा, क्या आप कृपया शहर के नाम और ज़िप कोड के साथ मेरी मदद कर सकते हैं?",3,0
1 gb data plan, 1 जीबी डेटा प्लान,0,0
"I'll surely help you with that, could you please let me know your name and the last 4 digits of SSN? "," मैं निश्चित रूप से इसमें आपकी मदद करूंगा, क्या आप कृपया मुझे अपना नाम और एसएसएन के अंतिम 4 अंक बता सकते हैं?",3,0
Great! That was quick! I'm glad it worked!, महान! यह जल्दी था! मुझे खुशी है कि इसने काम किया!,3,2
okay thank you, ठीक है धन्यवाद,3,2
Nothing else. Thank you., और कुछ नहीं। शुक्रिया।,3,0
Thank you for providing all important info. I see that due to sudden increase in government taxes and expiration of the contract your bill is reflecting high amount., सभी महत्वपूर्ण जानकारी प्रदान करने के लिए धन्यवाद। मैं देख रहा हूं कि सरकारी करों में अचानक वृद्धि और अनुबंध की समाप्ति के कारण आपका बिल उच्च राशि को दर्शा रहा है।,3,0
Alright! The price of the 5 GB data plan is $25. Is that okay?, ठीक है! 5 जीबी डेटा प्लान की कीमत 25 डॉलर है। क्या ये ठीक है?,2,0
"Sure! Before we help you purchase the service, could you please help me with your city name and zip code?"," ज़रूर! इससे पहले कि हम सेवा खरीदने में आपकी मदद करें, क्या आप कृपया अपने शहर के नाम और ज़िप कोड के साथ मेरी मदद कर सकते हैं?",3,0
"Good news! I appreciate your patience in staying connected. I'd like to inform you that, I've confirmed your 5 GB internet connection with Net Link services. Our executives will reach you for the installation within 2-3 days","खुशखबरी! मैं जुड़े रहने में आपके धैर्य की सराहना करता हूं। मैं आपको सूचित करना चाहता हूं कि, मैंने नेट लिंक सेवाओं के साथ आपके 5 जीबी इंटरनेट कनेक्शन की पुष्टि कर दी है। हमारे अधिकारी 2-3 दिनों के भीतर स्थापना के लिए आप तक पहुंचेंगे",3,2
Hello! How may I assist you?, नमस्ते! मैं आपकी कैसे सहायता कर सकता हूँ?,3,0
Perfect! 10 GB is the one of the best plans and we will charge you $ 7 including all taxes. I will activate the same for you., उत्तम! 10 जीबी सबसे अच्छी योजनाओं में से एक है और हम आपसे सभी करों सहित $ 7 का शुल्क लेंगे। मैं आपके लिए इसे सक्रिय कर दूंगा।,3,2
Sure thing! May I know the city and it's zip code please?, अवश्य! क्या मैं शहर और उसका ज़िप कोड जान सकता हूँ?,3,0
"Perfect! We provide 3 various data plans in your city which are, 1Gb data plan, 5Gb data plan and 10Gb data plan. May I know which data plan would you like to purchase? "," उत्तम! हम आपके शहर में 3 विभिन्न डेटा प्लान प्रदान करते हैं, जो हैं, 1Gb डेटा प्लान, 5Gb डेटा प्लान और 10Gb डेटा प्लान। क्या मैं जान सकता हूँ कि आप कौन सा डेटा प्लान खरीदना चाहेंगे?",3,2
"Amazing! I'll be happy to assist you get the connection, could you please let me know which city you belong to and its zip code?'"," अद्भुत! कनेक्शन प्राप्त करने में आपकी सहायता करने में मुझे खुशी होगी, क्या आप कृपया मुझे बता सकते हैं कि आप किस शहर से संबंधित हैं और उसका ज़िप कोड?'",3,2
Hello! Good morning. Welcome to LMT cable services. How may I help you today?, नमस्ते! सुबह बख़ैर। एलएमटी केबल सेवाओं में आपका स्वागत है। आज मैं आपकी कैसे मदद कर सकता हूँ?,3,0
HI, नमस्ते,3,0
pavi, पावि,0,0
"Thank you for sharing the details. We have different data plans such as 1GB, 5GB and 10GB for services like phone, internet and cable. Which one would you like to purchase?"," विवरण साझा करने के लिए धन्यवाद। हमारे पास फोन, इंटरनेट और केबल जैसी सेवाओं के लिए 1GB, 5GB और 10GB जैसे अलग-अलग डेटा प्लान हैं। आप कौन सा खरीदना चाहेंगे?",3,0
5 GB, 5 जीबी,0,0
$100 per month - all channels, $100 प्रति माह - सभी चैनल,0,0
I'm looking into getting a new phone package, मैं एक नया फ़ोन पैकेज प्राप्त करने पर विचार कर रहा हूँ,1,0
HAI, हाई,2,0
"Thank You! Which data service would you like to purchase among these (1GB, 5 GB, 10 GB)? "," धन्यवाद! आप इनमें से कौन सी डेटा सेवा (1GB, 5GB, 10GB) खरीदना चाहेंगे?",3,0
Sure! Please allow me a moment to check the details., ज़रूर! कृपया मुझे विवरण की जांच करने के लिए कुछ समय दें।,2,0
No Sir. Is there anything else I could help you with?,नहीं साहब। क्या कुछ और है जिसमें मैं आपकी मदद कर सकता हूं?,2,0
Thank you for your help. No other concern., आपके सहयोग के लिए धन्यवाद। कोई अन्य चिंता नहीं।,3,2
Thanks for contacting. May I know your name please?, संपर्क करने के लिए धन्यवाद। क्या मैं आपका नाम जान सकता हूँ?,3,2
"Alright! There are only three data plans on sale, 1 GB, 5 GB and 10 GB as of now, You can choose any plan based on your usage pattern and affordability. "," ठीक है! बिक्री पर केवल तीन डेटा प्लान हैं, 1 जीबी, 5 जीबी और 10 जीबी, आप अपने उपयोग पैटर्न और सामर्थ्य के आधार पर कोई भी योजना चुन सकते हैं।",2,2
37160,37160,0,0
"want to purchase new cable

", नई केबल खरीदना चाहते हैं,1,0
Do you mean you want Cable Connection?, क्या आपका मतलब है कि आप केबल कनेक्शन चाहते हैं?,1,0
"Thank you for sharing the details. We provide different data plans such as 1GB, 5GB and 10GB for services."," विवरण साझा करने के लिए धन्यवाद। हम सेवाओं के लिए 1GB, 5GB और 10GB जैसे विभिन्न डेटा प्लान प्रदान करते हैं।",3,0
I think 1 GB is quite enough for my use. So please confirm it., मुझे लगता है कि 1 जीबी मेरे इस्तेमाल के लिए काफी है। तो कृपया इसकी पुष्टि करें।,3,0
No. That would be all," नहीं, वह सब होगा",1,0
chennai 600124, चेन्नई 600124,0,0
5 gb, 5 जीबी,0,0
NOTHING ELSE, और कुछ नहीं,2,0
What service type would you like to purchase? Is it cable. internet or phone?, आप किस प्रकार की सेवा खरीदना चाहेंगे? क्या यह केबल है। इंटरनेट या फोन?,3,0
california and 90001, कैलिफ़ोर्निया और 90001,0,0
Columbia 29210, कोलंबिया 29210,0,0
i want to purchase internet, मुझे इंटरनेट खरीदना है,1,0
54132,54132,0,0
10 GB, 10 जीबी,0,0
bye, अलविदा,2,0
Great! I'd be glad to help you with that. Could you please help me with your city's name?,महान! मुझे इसमें आपकी मदद करने में खुशी होगी। क्या आप कृपया अपने शहर के नाम के साथ मेरी मदद कर सकते हैं?,3,2
great service, उत्तम सेवा,3,2
You're Welcome! Have a good day! Hope to assist you again in the future. Goodbye!, आपका स्वागत है! आपका दिन शुभ हो! आशा है कि भविष्य में फिर से आपकी सहायता करेंगे। अलविदा!,3,2
10gb/month plan, 10GB/माह योजना,0,0
"Sure! Thanks for reaching out to us in this regards. We are at your service. I'll require your details to sign up, May I know your city name and zip code please? "," ज़रूर! इस संबंध में हमसे संपर्क करने के लिए धन्यवाद। हम आपकी सेवा के लिए हैं। साइन अप करने के लिए मुझे आपके विवरण की आवश्यकता होगी, क्या मैं आपके शहर का नाम और ज़िप कोड जान सकता हूँ?",3,0
no thanks," जी नहीं, धन्यवाद",3,1
ok, ठीक है,2,0
Fantastic! I've confirmed your 1 GB cable connection with Net Link services. Our executives will reach you within 48hrs for the installation. Would there be anything else that I may help you with?,ज़बरदस्त! मैंने नेट लिंक सेवाओं के साथ आपके 1 जीबी केबल कनेक्शन की पुष्टि की है। स्थापना के लिए हमारे अधिकारी 48 घंटे के भीतर आप तक पहुंचेंगे। क्या कुछ और होगा जिससे मैं आपकी मदद कर सकूं?,3,2
5Gb, 5जीबी,0,0
OKAY SURE, पक्का निश्चित,2,0
nice., अच्छा।,3,2
"Perfect! May I know which data plan would you like to choose, 1Gb or 5Gb or 10Gb?"," उत्तम! क्या मैं जान सकता हूँ कि आप कौन सा डेटा प्लान चुनना चाहेंगे, 1Gb या 5Gb या 10Gb?",3,2
Sure! Please allow me  a moment to proceed further., ज़रूर! कृपया मुझे आगे बढ़ने के लिए एक क्षण का समय दें।,2,0
"
I WANT TO PURCHASE INTERNET", मुझे इंटरनेट खरीदना है,1,0
1 GB, 1 जीबी,0,0
delhi 647412, दिल्ली 647412,2,0
"Yes,I need want to help."," हां, मुझे मदद की जरूरत है।",2,0
"Surely, the plan costs you $70 a month. Would you like me to confirm this plan for you?"," निश्चित रूप से, योजना की लागत आपको $70 प्रति माह है। क्या आप चाहते हैं कि मैं आपके लिए इस योजना की पुष्टि करूं?",2,0
Good choice! I'd like to inform you that your requested service will be installed and activated in the next 2 business days., अच्छा विकल्प! मैं आपको सूचित करना चाहता हूं कि आपकी अनुरोधित सेवा अगले 2 व्यावसायिक दिनों में स्थापित और सक्रिय हो जाएगी।,3,2
"Hello! Good morning, Fast Net Cable Services. How may I assist you today?"," नमस्ते! सुप्रभात, फास्ट नेट केबल सेवाएं। आज मैं आपकी मदद किस तरह कर सकता हूँ?",3,0
"You're Welcome! Have a great day, hope to assist you again. Goodbye!"," आपका स्वागत है! आपका दिन शुभ हो, आशा है कि आप फिर से मदद करेंगे। अलविदा!",3,2
OK, ठीक है,2,0
You are always welcome! I have forwarded your subscription request for the 5 GB internet data plan. You will be receiving a confirmation message regarding the same within 24 hours. We hope you enjoy our service. Will there be anything else I could help you with?,आपका हमेशा स्वागत है! मैंने 5 जीबी इंटरनेट डेटा प्लान के लिए आपका सब्सक्रिप्शन अनुरोध अग्रेषित कर दिया है। आपको 24 घंटे के भीतर उसी के संबंध में एक पुष्टिकरण संदेश प्राप्त होगा। हमें उम्मीद है कि आप हमारी सेवा का आनंद लेंगे। क्या कुछ और होगा जिसमें मैं आपकी मदद कर सकूं?,3,2
i what to purchase new cable service, मैं नई केबल सेवा क्या खरीदूं,0,0
ok bye, चलो बाय,2,0
I'll help you in setting up the cable service. May I know in which city would you like to set up the cable service?, मैं केबल सेवा स्थापित करने में आपकी सहायता करूंगा। क्या मैं जान सकता हूँ कि आप किस शहर में केबल सेवा स्थापित करना चाहेंगे?,3,0
All right! 5GB would cost you $10. Would you like to confirm the data plan?, ठीक है! 5GB की कीमत आपको $10 होगी। क्या आप डेटा प्लान की पुष्टि करना चाहेंगे?,3,0
HII, HII,2,0
"You're welcome! Thank you for bringing this up to us, we are always here to help you in any issue regarding cable/media. Goodbye!"," आपका स्वागत है! इसे हमारे पास लाने के लिए धन्यवाद, केबल/मीडिया से संबंधित किसी भी मुद्दे में आपकी सहायता के लिए हम हमेशा यहां मौजूद हैं। अलविदा!",3,2
"Congratulations! Your new 5 GB cable  connection is confirmed were our executives will reach you within 2-3 days for the installation. You are now a part of Net Link cable/media services, and I've also created an account of your with us, for any further queries you can look up to our website i.e www.netlink.com. "," बधाई हो! आपके नए 5 जीबी केबल कनेक्शन की पुष्टि हो गई है, हमारे अधिकारी इंस्टॉलेशन के लिए 2-3 दिनों के भीतर आप तक पहुंच जाएंगे। अब आप नेट लिंक केबल/मीडिया सेवाओं का हिस्सा हैं, और मैंने आपके साथ एक खाता भी बनाया है, किसी भी अन्य प्रश्न के लिए आप हमारी वेबसाइट www.netlink.com पर देख सकते हैं।",3,2
10 GB data plan, 10 जीबी डेटा प्लान,0,0
1 GB data plane, 1 जीबी डेटा प्लेन,0,0
The 10 GB plan will cost you $7 including all taxes. I will activate the same for you., 10 जीबी प्लान की कीमत आपको सभी करों सहित $7 होगी। मैं आपके लिए इसे सक्रिय कर दूंगा।,1,0
washington-20001,वाशिंगटन-20001,2,0
AND WHAT ARE THE CHARGES FOR 5GB DATA PLAN OF INTERNET SERVICE?, और इंटरनेट सेवा के 5GB डेटा प्लान के लिए क्या शुल्क हैं?,0,0
hi, नमस्ते,2,0
"Alright! Thanks for choosing our services, have a great day. Goodbye."," ठीक है! हमारी सेवाओं को चुनने के लिए धन्यवाद, आपका दिन शुभ हो। अलविदा।",3,2
All right! Could you please tell me the time for activation?, ठीक है! क्या आप कृपया मुझे सक्रियण का समय बता सकते हैं?,3,0
Good morning! You've reached Net link Media/Cable Services. How may I help you today?, सुबह बख़ैर! आप नेट लिंक मीडिया/केबल सेवाओं पर पहुंच गए हैं। आज मैं आपकी कैसे मदद कर सकता हूँ?,3,0
"I really appreciate for choosing us, thank you for reaching out to us. Have an awesome day ahead!"," मुझे चुनने के लिए मैं वास्तव में सराहना करता हूं, हमसे संपर्क करने के लिए धन्यवाद। आगे का दिन शानदार हो!",3,2
lily@gmail.com, लिली@gmail.com,0,0
ok yes, हाँ ठीक है,2,0
bye, अलविदा,2,0
No Thanking you, नो थैंक्स यू,2,1
5GB, 5GB,0,0
WHAT ABOUT PRICE DETAILS OF THE PLAN WITH TAXES?, करों के साथ योजना के मूल्य विवरण के बारे में क्या?,0,0
ok, ठीक है,2,0
Thanks for confirming! Just give me a moment I'll go ahead and share your details with my team., पुष्टि करने के लिए धन्यवाद! बस मुझे एक क्षण दें मैं आगे बढ़ूंगा और अपनी टीम के साथ आपका विवरण साझा करूंगा।,3,0
ok good bye, ठीक हे अलविदा,2,0
Hello! Good morning! Thank you for contacting High speed Cable Corporation. May I know your query please?, नमस्ते! सुबह बख़ैर! हाई स्पीड केबल कॉर्पोरेशन से संपर्क करने के लिए धन्यवाद। क्या मैं आपका प्रश्न जान सकता हूँ?,3,0
no thanks," जी नहीं, धन्यवाद",3,1
washington-20001,वाशिंगटन-20001,2,0
yes. confirm it, हां। इसे पुष्टिकृत करें,2,0
hai, हाय,2,0
Great! The plan is for $90 per month. Would you want me to confirm?, महान! योजना $ 90 प्रति माह के लिए है। क्या आप चाहते हैं कि मैं पुष्टि करूं?,3,2
ok, ठीक है,2,0
"And which data plan would you like to sign up for? We currently have 1 GB, 5 GB and 10 GB available. You can choose any."," और आप किस डेटा प्लान के लिए साइन अप करना चाहेंगे? वर्तमान में हमारे पास 1 जीबी, 5 जीबी और 10 जीबी उपलब्ध है। आप कोई भी चुन सकते हैं।",2,0
A very warm good morning and welcome to venus cable customer care services. How may I assist you today?, एक बहुत ही हार्दिक सुप्रभात और वीनस केबल कस्टमर केयर सेवाओं में आपका स्वागत है। आज मैं आपकी मदद किस तरह कर सकता हूँ?,3,2
Thanks for cooperating with us. Is there anything else I may help you with?, हमारे साथ सहयोग करने के लिए धन्यवाद। क्या कुछ और है जिसमें मैं आपकी मदद कर सकता हूं?,3,2
washington, वाशिंगटन,2,0
I hope we are still connected?, मुझे आशा है कि हम अभी भी जुड़े हुए हैं?,2,0
I need help in new cable, मुझे नए केबल में मदद चाहिए,1,1
I WANT TO PURCHASE INTERNET, मुझे इंटरनेट खरीदना है,1,0
YES, हां,2,2
10gb data plan, 10GB डेटा प्लान,0,0
"My pleasure! Feel free to reach us when needed, have a great day. It was great assisting you, goodbye.","मेरा सौभाग्य! जरूरत पड़ने पर बेझिझक हम तक पहुंचें, आपका दिन शुभ हो। आपकी सहायता करके बहुत अच्छा लगा, अलविदा।",3,2
i want to need a cable service, मुझे केबल सेवा चाहिए,1,0
"Ok, I wait for your information. "," ठीक है, मैं आपकी जानकारी की प्रतीक्षा कर रहा हूँ।",2,0
Sure! Please allow me a moment to proceed further., ज़रूर! कृपया मुझे आगे बढ़ने के लिए एक क्षण का समय दें।,3,0
"Thanks, that's all from me"," धन्यवाद, यह सब मेरी तरफ से है",3,0
", internet"," , इंटरनेट",0,0
hai, हाय,2,0
yes fine. thank you., हा ठीक है। शुक्रिया।,3,2
thnx for the help, मदद के लिए thnx,0,2
My option to purchase 5GB data plan., 5GB डेटा प्लान खरीदने का मेरा विकल्प।,1,0
$200, $200,0,0
"Hello! Good morning, Fast net cable services. How may I assist you today?
"," नमस्ते! सुप्रभात, फास्ट नेट केबल सेवाएं। आज मैं आपकी मदद किस तरह कर सकता हूँ?",3,0
no need, कोई ज़रुरत नहीं है,1,0
Good news! You've been successfully signed up for this plan. The plan will be activated in 24 hours. would you need anything else?, खुशखबरी! आपको इस योजना के लिए सफलतापूर्वक साइन अप कर लिया गया है। यह योजना 24 घंटे में सक्रिय हो जाएगी। क्या आपको कुछ और चाहिए?,3,2
hello, नमस्ते,2,0
Perfect! I will activate the same for you. The 5GB plan costs $5 including all taxes., उत्तम! मैं आपके लिए इसे सक्रिय कर दूंगा। 5GB प्लान की कीमत $5 है जिसमें सभी टैक्स शामिल हैं।,3,2
"Superb! The monthly charges for the 10 GB internet data plan is $250 including all the taxes. Since you are our new customer, we would like to offer you a discount of 10% on your bills for the first 3 months. Would you like to confirm your subscription request for the 10 GB internet data plan?"," शानदार! 10 जीबी इंटरनेट डेटा प्लान का मासिक शुल्क सभी करों सहित $250 है। चूंकि आप हमारे नए ग्राहक हैं, इसलिए हम आपको पहले 3 महीनों के लिए आपके बिलों पर 10% की छूट देना चाहेंगे। क्या आप 10 जीबी इंटरनेट डेटा प्लान के लिए अपने सब्सक्रिप्शन अनुरोध की पुष्टि करना चाहेंगे?",3,2
Please do reach out to us in case of any further queries. Looking forward to seeing you soon again! Have a great day ahead! Good bye!, कृपया किसी और प्रश्न के मामले में हमसे संपर्क करें। जल्द ही आपको फिर से देखने के लिए उत्सुक हैं! आगे एक महान दिन हो! अलविदा!,3,2
hai, हाय,2,0
Ok take a time, ठीक है एक समय लो,2,0
Great! May I please know which service data plan would you like to purchase?, महान! क्या मैं कृपया जान सकता हूँ कि आप कौन-सा सेवा डेटा प्लान खरीदना चाहेंगे?,3,2
no that's all, नहीं यही काफ़ी है,1,0
"Okh! No problem your account number is 285761845025 and the last 4 digit of SSN is 8249, should I confirm that for you?","ठीक है! कोई बात नहीं, आपका खाता नंबर 285761845025 है और SSN का अंतिम 4 अंक 8249 है, क्या मुझे आपके लिए इसकी पुष्टि करनी चाहिए?",2,0
"Great! Which data plan would you like to purhcase? We have 1GB, 5GB and 10GB data plans available."," महान! आप किस डेटा प्लान को खरीदना चाहेंगे? हमारे पास 1GB, 5GB और 10GB डेटा प्लान उपलब्ध हैं।",3,2
no help just chat friendly, कोई मदद नहीं सिर्फ दोस्ताना चैट करें,1,0
Sure Could you please help me knowing that which service are you looking for (Phone/Internet/cable)?, निश्चित रूप से क्या आप कृपया मुझे यह जानने में मदद कर सकते हैं कि आप किस सेवा की तलाश में हैं (फोन/इंटरनेट/केबल)?,3,0
"Thank you for choosing us, wish to assist you again. Goodbye!"," हमें चुनने के लिए धन्यवाद, मैं फिर से आपकी सहायता करना चाहता हूं। अलविदा!",3,2
May I know what is your query related internet service?, क्या मैं जान सकता हूँ कि आपकी क्वेरी से संबंधित इंटरनेट सेवा क्या है?,2,0
my zip code 94027, मेरा ज़िप कोड 94027,1,0
HELLO, नमस्ते,2,0
and the city name?, और शहर का नाम?,0,0
"Perfect! We provide 3 various plans for internet and cable service in your area, which are 1Gb data plan, 5Gb data plan and 10Gb data plan. May I know which one would you prefer? "," उत्तम! हम आपके क्षेत्र में इंटरनेट और केबल सेवा के लिए 3 विभिन्न योजनाएं प्रदान करते हैं, जो 1जीबी डाटा प्लान, 5जीबी डाटा प्लान और 10जीबी डाटा प्लान हैं। क्या मैं जान सकता हूँ कि आप किसे पसंद करेंगे?",3,2
NOTHING ELSE.GOOD BYE, और कुछ नहीं।अलविदा,2,2
10 GB data plans, 10 जीबी डेटा प्लान,0,0
"Hello! Good Morning, Welcome to media cable services, how may I help you today?"," नमस्ते! सुप्रभात, मीडिया केबल सेवाओं में आपका स्वागत है, मैं आज आपकी कैसे मदद कर सकता हूं?",3,0
Okay. The 1 GB plan is for $40 a month. Would you have any more queries regarding this plan?, ठीक। 1 जीबी प्लान $40 प्रति माह के लिए है। क्या आप इस योजना के बारे में कोई और प्रश्न पूछना चाहेंगे?,3,0
"Thank you for reaching out to us, please feel free to reach out to us for further concerns. Have a great day ahead!"," हमसे संपर्क करने के लिए धन्यवाद, कृपया आगे की चिंताओं के लिए हमसे बेझिझक संपर्क करें। आगे एक महान दिन हो!",3,2
I WANT 1 GB DATA PLAN., मुझे 1 जीबी डेटा प्लान चाहिए।,1,0
"Hello! Good morning, Welcome to media cable services. How may I help you today?"," नमस्ते! सुप्रभात, मीडिया केबल सेवाओं में आपका स्वागत है। आज मैं आपकी कैसे मदद कर सकता हूँ?",3,0
YES CONNECTED, हाँ जुड़ा हुआ है,2,2
My SSN number is 5635, मेरा एसएसएन नंबर 5635 . है,1,0
thank you.nothing else, धन्यवाद।और कुछ नहीं,3,0
Yes I ma fine with the price Sam.., हाँ मैं कीमत सैम के साथ ठीक हूँ ..,2,2
"Thank you! For the cable service we have 1 GB, 5 Gb and 10 GB data plans, may I know which data plan you'd like to purchase? "," आपको धन्यवाद! केबल सेवा के लिए हमारे पास 1 जीबी, 5 जीबी और 10 जीबी डेटा प्लान हैं, क्या मैं जान सकता हूं कि आप कौन सा डेटा प्लान खरीदना चाहेंगे?",3,0
All right! Anything else I may help you with?, ठीक है! कुछ और मैं आपकी मदद कर सकता हूँ?,3,0
"Sure, thing. Could you please let me know your name and the email address? ",अवश्य। क्या आप कृपया मुझे अपना नाम और ईमेल पता बता सकते हैं?,3,0
I will help you in getting that done. May i know your city name with zip code please?, इसे पूरा करने में मैं आपकी मदद करूंगा। क्या मैं आपके शहर का नाम ज़िप कोड से जान सकता हूँ?,3,0
" As you know we serve different services, we have cable service, internet service, phone service. May I know which service type you'd like to purchase?"," जैसा कि आप जानते हैं कि हम विभिन्न सेवाओं की सेवा करते हैं, हमारे पास केबल सेवा, इंटरनेट सेवा, फोन सेवा है। क्या मैं जान सकता हूँ कि आप किस प्रकार की सेवा खरीदना चाहेंगे?",3,0
Zip Code :63124., पिन कोड: 63124।,0,0
DELHI 631059, दिल्ली 631059,2,0
"Good morning, you're connected to AT&T Customer Service. How can I be of help to you?"," सुप्रभात, आप एटी एंड टी ग्राहक सेवा से जुड़े हैं। मैं आपकी किस प्रकार सहायता कर सकता हूँ?",3,0
"That's a nice place! May I know which data plan would you like to choose, 1Gb data plan or 5Gb data plan or 10Gb data plan?"," यह एक अच्छी जगह है! क्या मैं जान सकता हूँ कि आप कौन सा डेटा प्लान चुनना चाहेंगे, 1Gb डेटा प्लान या 5Gb डेटा प्लान या 10Gb डेटा प्लान?",3,2
You're welcome. Is there anything else I could help you with?, आपका स्वागत है। क्या कुछ और है जिसमें मैं आपकी मदद कर सकता हूं?,2,2
hello, नमस्ते,2,0
I'll be glad to help you with that. May I know your city and it's zip code please?, मुझे इसमें आपकी मदद करने में खुशी होगी। क्या मैं आपका शहर और उसका ज़िप कोड जान सकता हूँ?,3,0
"It's a pleasure assisting you, please feel free to reach out to us for further concerns. Have a great day ahead!"," आपकी सहायता करना खुशी की बात है, कृपया आगे की चिंताओं के लिए हमसे बेझिझक संपर्क करें। आगे एक महान दिन हो!",3,2
"My sincere apologies, I'll be unable to  help you get the 10 GB plan confirmed for you unless I get the particular service you need. I request you to please help me with the service you'd like to get. The services we provide are cable, internet and phone services."," मेरी ईमानदारी से क्षमा याचना, मैं आपके लिए 10 जीबी प्लान कन्फर्म करवाने में आपकी मदद नहीं कर पाऊंगा जब तक कि मुझे वह विशेष सेवा नहीं मिल जाती जिसकी आपको आवश्यकता है। मैं आपसे अनुरोध करता हूं कि आप जिस सेवा को प्राप्त करना चाहते हैं, उसमें मेरी सहायता करें। हम जो सेवाएं प्रदान करते हैं वे हैं केबल, इंटरनेट और फोन सेवाएं।",3,1
"Sure! It would be a matter of immense pleasure for me assisting you. To get the best deals for you, may I know the name of your city and its zip code, please?","ज़रूर! आपकी सहायता करना मेरे लिए बहुत खुशी की बात होगी। आपके लिए सर्वोत्तम सौदे प्राप्त करने के लिए, क्या मैं आपके शहर का नाम और उसका ज़िप कोड जान सकता हूँ, कृपया?",3,2
"Good morning, you're connected to AT&T Customer Service. How can I be of help to you?"," सुप्रभात, आप एटी एंड टी ग्राहक सेवा से जुड़े हैं। मैं आपकी किस प्रकार सहायता कर सकता हूँ?",3,0
WHAT ARE THE OFFER TO YOUR NET SERVICE, आपकी नेट सेवा के लिए क्या प्रस्ताव हैं,0,0
YES CONFIRM THE PLAN.TELL ME ABOUT THE PRICE WITH TAX, हाँ योजना की पुष्टि करें। मुझे टैक्स के साथ कीमत के बारे में बताएं,2,0
"I apologize, could you please be more specific with your concern?"," मुझे खेद है, क्या आप कृपया अपनी चिंता के बारे में अधिक विशिष्ट हो सकते हैं?",3,0
but i said 1 gb to you, लेकिन मैंने तुमसे 1 जीबी कहा था,0,0
sign up fgor new connection, साइन अप fgor नया कनेक्शन,0,0
That's great! could you share the city you're residing and the zip code?, एक दम बढ़िया! क्या आप उस शहर को साझा कर सकते हैं जिसमें आप रह रहे हैं और उसका पिन कोड साझा कर सकते हैं?,3,2
10GB, 10जीबी,0,0
"Sure, my pleasure. Would you like me to confirm this plan for you?"," ज़रूर, मेरी खुशी। क्या आप चाहते हैं कि मैं आपके लिए इस योजना की पुष्टि करूं?",3,0
OK, ठीक है,2,0
"Alright! Firstly, Thanks for contacting Sun feast media service. May I know your city name and zip code please? "," ठीक है! सबसे पहले, सूर्य दावत मीडिया सेवा से संपर्क करने के लिए धन्यवाद। क्या मैं आपके शहर का नाम और ज़िप कोड जान सकता हूँ?",3,0
Alright! I've made a request for the installation of the services you wish to sign up for. Our team will shortly get in touch with you for further process., ठीक है! मैंने उन सेवाओं की स्थापना के लिए अनुरोध किया है जिनके लिए आप साइन अप करना चाहते हैं। आगे की प्रक्रिया के लिए हमारी टीम जल्द ही आपसे संपर्क करेगी।,3,0
"Alright! And what kind of cable service would you like to sigh up for? We have basic, premium and platinum service plans available as of now."," ठीक है! और आप किस प्रकार की केबल सेवा के लिए आहें भरना चाहेंगे? अभी हमारे पास बेसिक, प्रीमियम और प्लेटिनम सर्विस प्लान उपलब्ध हैं।",2,0
Thats all thanks," बस इतना ही, धन्यवाद",3,2
nothing else, और कुछ नहीं,1,0
"Perfect! We have 3 data plans available in your city, which are 1Gb data plan, 5Gb data plana and 10Gb data plan. May I know which one would you choose? "," उत्तम! आपके शहर में हमारे पास 3 डेटा प्लान उपलब्ध हैं, जो 1Gb डेटा प्लान, 5Gb डेटा प्लान और 10Gb डेटा प्लान हैं। क्या मैं जान सकता हूँ कि आप किसे चुनेंगे?",3,2
Could you help me get a good plan for Phone service?, क्या आप फ़ोन सेवा के लिए एक अच्छी योजना प्राप्त करने में मेरी मदद कर सकते हैं?,3,0
"Thanks for having a live chat. Please drop in your invaluable feedback at 546-827-124, by giving a missed call. Good day!",लाइव चैट करने के लिए धन्यवाद। कृपया मिस्ड कॉल देकर 546-827-124 पर अपनी बहुमूल्य प्रतिक्रिया दें। अच्छा दिन!,3,2
ajianu, अजियानु,0,0
hi', नमस्ते',3,0
no thanks," जी नहीं, धन्यवाद",3,1
Huntsville 35801, हंट्सविल 35801,0,0
HELLO, नमस्ते,2,0
"Surely, thank you for choosing AT&T. For more queries or assistance, please do reach out to us. Good day!"," निश्चित रूप से, एटी एंड टी को चुनने के लिए धन्यवाद। अधिक प्रश्नों या सहायता के लिए, कृपया हमसे संपर्क करें। अच्छा दिन!",3,2
I WANT TO PURCHASE INTERNET, मुझे इंटरनेट खरीदना है,1,0
thanks, धन्यवाद,2,2
Alright! Could you please confirm if you need a cable connection or internet service?, ठीक है! क्या आप कृपया पुष्टि कर सकते हैं कि आपको केबल कनेक्शन या इंटरनेट सेवा की आवश्यकता है?,3,0
hi, नमस्ते,2,0
I am from Chicago and my zip code is 60601, मैं शिकागो से हूँ और मेरा ज़िप कोड 60601 है,2,0
Hello! I'll be glad to help you out. May I know your query?, नमस्ते! मुझे आपकी मदद करने में खुशी होगी। क्या मैं आपकी क्वेरी जान सकता हूँ?,3,0
Fantastic! Thank you for reaching out to us. Have a nice day. Bye., ज़बरदस्त! हमसे संपर्क की पहल के लिए आपका धन्यवाद। आपका दिन शुभ हो। अलविदा।,3,2
"Awesome! Thank you for the information. We have 1 GB, 5 GB and 10 GB data plans for our internet services. Which one of these would you like to sign up for?"," बहुत बढ़िया! जानकारी के लिए धन्यवाद। हमारी इंटरनेट सेवाओं के लिए हमारे पास 1 जीबी, 5 जीबी और 10 जीबी डेटा प्लान हैं। आप इनमें से किसके लिए साइन अप करना चाहेंगे?",3,2
Perfect! Could you also help me with your home address?, उत्तम! क्या आप भी अपने घर का पता बताने में मेरी मदद कर सकते हैं?,3,2
10GB plan, 10GB प्लान,0,0
Okay Thank You, ठीक है धन्यवाद,3,2
"Sure! Thank you for choosing Net Link for you new cable services, I'd be glad to help you get the best services with the plans. Could you please help me with the city name and it's zip code?"," ज़रूर! आपके लिए नई केबल सेवाओं के लिए नेट लिंक चुनने के लिए धन्यवाद, योजनाओं के साथ सर्वोत्तम सेवाएं प्राप्त करने में आपकी सहायता करने में मुझे खुशी होगी। क्या आप कृपया शहर के नाम और उसके ज़िप कोड के बारे में मेरी मदद कर सकते हैं?",3,2
hai, हाय,2,0
Have a great day, आपका दिन अच्छा रहे,2,2
bye, अलविदा,2,0
"You're welcome, thank you for reaching out to us. Have a great day ahead!"," आपका स्वागत है, हमसे संपर्क करने के लिए धन्यवाद। आगे एक महान दिन हो!",3,2
I'm glad I could help. Thank you for reaching out to us. Good day!, मैं खुश हूं कि मैं मदद कर सका। हमसे संपर्क की पहल के लिए आपका धन्यवाद। अच्छा दिन!,3,2
"Hello! Good evening, Fast net cable services. How may I assist you today?
"," नमस्ते! शुभ संध्या, फास्ट नेट केबल सेवाएं। आज मैं आपकी मदद किस तरह कर सकता हूँ?",3,0
hai, हाय,2,0
10gb, 10जीबी,0,0
"As I've checked your account, I see that there was a request for a special subscription from your end, and that's the reason your bill was high this month, if you wish to cancel the subscription, you can cancel it and the bill amount will be regular as before.","जैसा कि मैंने आपके खाते की जाँच की है, मैंने देखा कि आपकी ओर से एक विशेष सदस्यता के लिए अनुरोध किया गया था, और यही कारण है कि इस महीने आपका बिल अधिक था, यदि आप सदस्यता रद्द करना चाहते हैं, तो आप इसे रद्द कर सकते हैं और बिल की राशि पहले की तरह नियमित रहेंगे।",2,0
It was a pleasure assisting you. Thank you for reaching out to us. Have a great day too!, आपकी सहायता करना खुशी की बात थी। हमसे संपर्क की पहल के लिए आपका धन्यवाद। आपक दिन भी अच्छा हो!,3,2
Thanks Murali! May I please know your email address?, धन्यवाद मुरली! क्या मैं आपका ईमेल पता जान सकता हूँ?,3,2
hi, नमस्ते,2,0
Great! I'd be glad to help you with that. Could you please help me with your city's name?,महान! मुझे इसमें आपकी मदद करने में खुशी होगी। क्या आप कृपया अपने शहर के नाम के साथ मेरी मदद कर सकते हैं?,3,2
i need cable connection, मुझे केबल कनेक्शन चाहिए,1,0
"Thank you! As you know we provide you the best services - the cable service, phone service and internet service. May I know which service you’d like to purchase?"," आपको धन्यवाद! जैसा कि आप जानते हैं कि हम आपको सर्वोत्तम सेवाएं प्रदान करते हैं - केबल सेवा, फोन सेवा और इंटरनेट सेवा। क्या मैं जान सकता हूँ कि आप कौन सी सेवा खरीदना चाहेंगे?",3,2
Perfect! I'll confirm the plan of 1 GB for cable service. Is there anything I might help you with?, उत्तम! मैं केबल सेवा के लिए 1 जीबी की योजना की पुष्टि करूंगा। क्या कोई ऐसी चीज है जिसमें मैं आपकी मदद कर सकता हूं?,3,2
I've raised a request for your service. Our Agent will be contacting you soon for the installation. Is there anything else I could help you with?, मैंने आपकी सेवा के लिए एक अनुरोध किया है। इंस्टालेशन के लिए हमारा एजेंट जल्द ही आपसे संपर्क करेगा। क्या कुछ और है जिसमें मैं आपकी मदद कर सकता हूं?,3,0
"Great! Which Data plan would you like to purchase? We have 1GB, 5GB and 10GB data packages available with us."," महान! आप कौन सा डेटा प्लान खरीदना चाहेंगे? हमारे पास 1GB, 5GB और 10GB डेटा पैकेज उपलब्ध हैं।",3,2
I dont believe so,मुझे ऐसा विश्वास नहीं है,1,0
"thank you, nothing else"," धन्यवाद, और कुछ नहीं",3,0
Would there be anything else I could help you with?, क्या कुछ और होगा जिसमें मैं आपकी मदद कर सकूं?,2,0
"I apologize, You've given me two data plans. May I know which data plan you'd like to buy? "," मुझे खेद है, आपने मुझे दो डेटा प्लान दिए हैं। क्या मैं जान सकता हूँ कि आप कौन-सा डेटा प्लान खरीदना चाहेंगे?",3,1
Awesome! 10GB would cost you $15. Would you like to confirm the data plan?, बहुत बढ़िया! 10GB की कीमत आपको $15 होगी। क्या आप डेटा प्लान की पुष्टि करना चाहेंगे?,3,2
"ok,thank you", ठीक है धन्यवाद,3,2
Hi, नमस्ते,2,0
You're welcome! Is there anything else that I may help you with?, आपका स्वागत है! क्या कुछ और है जिसमें मैं आपकी मदद कर सकता हूं?,2,2
"I assure you that the service will be activated as soon as possible, please don't worry about that. Thank you for reaching out to us, hope you'll have a great day ahead! "," मैं आपको विश्वास दिलाता हूं कि सेवा जल्द से जल्द सक्रिय हो जाएगी, कृपया इसके बारे में चिंता न करें। हमसे संपर्क करने के लिए धन्यवाद, आशा है कि आगे आपका दिन बहुत अच्छा रहेगा!",3,2
CURRENT CITY : CA AND ZIP CODE : 56821, वर्तमान शहर: सीए और ज़िप कोड: 56821,0,0
5 GB, 5 जीबी,0,0
I need cable connection., मुझे केबल कनेक्शन चाहिए।,1,0
Thank you for sharing the details. Could you please tell me the data plan you would like to purchase?, विवरण साझा करने के लिए धन्यवाद। क्या आप कृपया मुझे वह डेटा प्लान बता सकते हैं जिसे आप खरीदना चाहते हैं?,3,0
5gb plan, 5जीबी प्लान,0,0
5 GB, 5 जीबी,0,0
HMM THAT'S COOL, हम्म यह अच्छा है,3,2
"Los angeles, 90011"," लॉस एंजिल्स, 90011",0,0
"Awesome! The services we provide are cable connection, internet services and the phone connection. The plans we offer are 1 GB, 5 GB, 10 GB and the prices are $5, $25 and $50 respectively."," बहुत बढ़िया! हम जो सेवाएं प्रदान करते हैं वे हैं केबल कनेक्शन, इंटरनेट सेवाएं और फोन कनेक्शन। हमारे द्वारा पेश किए जाने वाले प्लान 1 जीबी, 5 जीबी, 10 जीबी हैं और कीमतें क्रमशः $ 5, $ 25 और $ 50 हैं।",3,2
ok, ठीक है,2,0
"I'll help you with that, may I know your name and the 16 digit account number? "," मैं इसमें आपकी मदद करूंगा, क्या मैं आपका नाम और 16 अंकों की खाता संख्या जान सकता हूं?",3,0
"Good news! I've confirmed your 10 GB cable service with Net link and our executives will reach you within 2-3 days for the installation. And, I've also created an account of yours with us, for any further queries on plans or services you can check on our website i.e www.netlink.com. ","खुशखबरी! मैंने नेट लिंक के साथ आपकी 10 जीबी केबल सेवा की पुष्टि की है और हमारे अधिकारी इंस्टॉलेशन के लिए 2-3 दिनों के भीतर आप तक पहुंच जाएंगे। और, मैंने आपका खाता भी हमारे साथ बनाया है, योजनाओं या सेवाओं के बारे में किसी और प्रश्न के लिए आप हमारी वेबसाइट यानी www.netlink.com पर देख सकते हैं।",3,2
Good morning! You've reached Net link Media Services. How may I help you?, सुबह बख़ैर! आप नेट लिंक मीडिया सर्विसेज पर पहुंच गए हैं। क्या मेरे द्वारा आपकी कोई सहायता हो सकती है?,3,0
OK THANK YOU VERY MUCH FOR THE INFORMATION, ठीक है जानकारी के लिए बहुत बहुत धन्यवाद,3,2
colifornia, कोलिफ़ोर्निया,0,0
"Hello! Thank you for contacting our live chat service, How may I help you today? "," नमस्ते! हमारी लाइव चैट सेवा से संपर्क करने के लिए धन्यवाद, मैं आज आपकी कैसे मदद कर सकता हूं?",3,0
Hey there! Good morning. You've reached LMT cable services. How may I assist you?, सुनो! सुबह बख़ैर। आप LMT केबल सेवाओं तक पहुँच चुके हैं। मैं आपकी कैसे सहायता कर सकता हूँ?,3,0
"Thanks for being considerate, Would there be anything else I may help you with? and I hope I've answered all your queries? "," विचारशील होने के लिए धन्यवाद, क्या कुछ और होगा जिसमें मैं आपकी मदद कर सकता हूं? और मुझे आशा है कि मैंने आपके सभी प्रश्नों का उत्तर दे दिया है?",3,2
dover, डोवर,0,0
no thanks," जी नहीं, धन्यवाद",3,1
Perfect!!!! I hope all my needs are cleared. Have a goodday ahead. Bye, उत्तम!!!! मुझे उम्मीद है कि मेरी सभी जरूरतें साफ हो गई हैं। आगे एक अच्छा दिन हो। अलविदा,3,2
i want to cancel my cable connection, मैं अपना केबल कनेक्शन रद्द करना चाहता हूं,2,1
Would there be anything else I may help you with?, क्या कुछ और होगा जिसमें मैं आपकी मदद कर सकूं?,2,0
Sounds good. 10GB data plan costs you 15$. Would you like to confirm?, सुनने में तो अच्छा लगता है। 10GB डेटा प्लान की कीमत आपको 15$ है। क्या आप पुष्टि करना चाहेंगे?,3,0
I want to sign up for new cable service., मैं नई केबल सेवा के लिए साइन अप करना चाहता हूं।,1,0
"Thanks for reaching out to us. It was pleasure to assist you. We look forward for long and successful association. Have a great day ahead.
", हमसे संपर्क करने के लिए धन्यवाद। आपकी सहायता करके खुशी हुई। हम लंबे और सफल जुड़ाव की आशा करते हैं। आगे एक महान दिन हो।,3,2
"Hello, you're connected to Continental cable customer service. How may I assist you today?","नमस्कार, आप कॉन्टिनेंटल केबल ग्राहक सेवा से जुड़े हैं। आज मैं आपकी मदद किस तरह कर सकता हूँ?",3,0
"Sure thing! We have these plans available with us for you - 1GB, 5GB and 10 GB. What's your pick?"," अवश्य! हमारे पास आपके लिए ये प्लान उपलब्ध हैं - 1GB, 5GB और 10GB। आपकी पसंद क्या है?",2,2
Hello, नमस्ते,2,0
HAI SPENCER, हाई स्पेंसर,2,0
10gb, 10जीबी,0,0
Is there anything else from my end that I can help you today?, क्या मेरी ओर से कुछ और है जिससे मैं आज आपकी मदद कर सकूं?,2,0
nothing, कुछ नहीं,1,0
63103,63103,0,0
"Vernon Rockville, CT 06066"," वर्नोन रॉकविल, सीटी 06066",2,0
My pleasure! Would there anything else I may help you with?, मेरा सौभाग्य! क्या कुछ और होगा जिसमें मैं आपकी मदद कर सकता हूं?,3,2
"Would there be anything else apart from this, I may help you with?"," क्या इसके अलावा और कुछ होगा, मैं आपकी मदद कर सकता हूँ?",2,0
ARE YOU THERE?, क्या आप हैं?,1,0
ok, ठीक है,2,0
ok, ठीक है,2,0
"Thank you! Which data plan are you interested to go for. We have 1 GB, 5 GB and 10 GB which costs $3, $5 and $7 respectively. "," आपको धन्यवाद! आप किस डेटा प्लान के लिए जाना चाहते हैं। हमारे पास 1 जीबी, 5 जीबी और 10 जीबी है जिसकी कीमत क्रमशः $3, $5 और $7 है।",3,0
I WANT TO PURCHASE INTERNET, मुझे इंटरनेट खरीदना है,1,0
"My pleasure! Thank you for reaching out to us, please feel free to reach out to us for further concerns. Have an awesome day ahead!","मेरा सौभाग्य! हमसे संपर्क करने के लिए धन्यवाद, कृपया आगे की चिंताओं के लिए हमसे बेझिझक संपर्क करें। आगे का दिन शानदार हो!",3,2
"I will surely help you out with that, but before we go ahead with the procedure could you please help me with your city name and it's zip code please?"," मैं निश्चित रूप से इसमें आपकी मदद करूंगा, लेकिन इससे पहले कि हम प्रक्रिया को आगे बढ़ाएं, क्या आप कृपया मुझे अपने शहर के नाम और उसके ज़िप कोड के साथ मदद कर सकते हैं?",3,0
i need internet service, मुझे इंटरनेट सेवा चाहिए,1,0
"Hello! Alex here, how may I help you today?"," नमस्ते! एलेक्स यहाँ, मैं आज आपकी कैसे मदद कर सकता हूँ?",3,0
5 GB, 5 जीबी,0,0
"Sure! To proceed further I'd require the name of the city and the zip code, could you please help me with the details? "," ज़रूर! आगे बढ़ने के लिए मुझे शहर का नाम और ज़िप कोड की आवश्यकता होगी, क्या आप कृपया विवरण के साथ मेरी मदद कर सकते हैं?",3,0
I WANT NEW INTERNET CONNECTION, मुझे नया इंटरनेट कनेक्शन चाहिए,1,0
Thanks for sharing the information! May I please know which type of service would you like to sign up for?, जानकारी साझा करने के लिए धन्यवाद! क्या मैं कृपया जान सकता हूँ कि आप किस प्रकार की सेवा के लिए साइन अप करना चाहेंगे?,3,0
Okay. Which service would you want? Cable or internet or phone?, ठीक। आप कौन सी सेवा चाहेंगे? केबल या इंटरनेट या फोन?,3,0
can you tell me the price?, क्या आप मुझे कीमत बता सकते हैं?,2,0
10 GB, 10 जीबी,0,0
hi, नमस्ते,2,0
Zip code: 70112., पिन कोड: 70112।,0,0
NEW YORK AND 25668, न्यू यॉर्क और 25668,0,0
"My pleasure! Thanks for choosing our services, have an amazing day. Goodbye."," मेरा सौभाग्य! हमारी सेवाओं को चुनने के लिए धन्यवाद, आपका दिन मंगलमय हो। अलविदा।",3,2
i want to sign up new service., मैं नई सेवा साइन अप करना चाहता हूं।,1,2
"cable,"," केबल,",0,0
anusiya   524937856425, अनुसिया 524937856425,2,0
I will go for platinum service, मैं प्लेटिनम सेवा के लिए जाऊंगा,1,0
ok, ठीक है,2,0
Thank you so much for contacting us. Please let us know your valuable feedback. You've a great day ahead.,हमसे संपर्क करने के लिए आपका बहुत-बहुत धन्यवाद। कृपया हमें अपनी बहुमूल्य प्रतिक्रिया बताएं। आपका आने वाला दिन बहुत अच्छा है।,3,2
Awesome! I'd be glad to help you with that. May I know the name of your city please?, बहुत बढ़िया! मुझे इसमें आपकी मदद करने में खुशी होगी। क्या मैं आपके शहर का नाम जान सकता हूँ?,3,2
Hello there! Welcome to Universal cable customer care. How may I assist you today?, नमस्ते! यूनिवर्सल केबल कस्टमर केयर में आपका स्वागत है। आज मैं आपकी मदद किस तरह कर सकता हूँ?,3,0
NO THANKS," जी नहीं, धन्यवाद",3,1
OKAY.. SURE, पक्का निश्चित,2,2
"Perfect! As you know we serve different services, we have cable service, internet service, phone service. May I know which service type you'd like to purchase? "," उत्तम! जैसा कि आप जानते हैं कि हम विभिन्न सेवाओं की सेवा करते हैं, हमारे पास केबल सेवा, इंटरनेट सेवा, फोन सेवा है। क्या मैं जान सकता हूँ कि आप किस प्रकार की सेवा खरीदना चाहेंगे?",3,2
"Thank you! Since you've mentioned you would like to go ahead with all the three services, we have three packages to offer since you are our new customer and they are (1GB, 5 GB, 10 GB) which are $5, $10 and $20 respectively. For example if you choose the 10 GB data package you would get 10 GB on all the three services individually. So now could you please go ahead and choose a package for yourself?","आपको धन्यवाद! चूंकि आपने उल्लेख किया है कि आप तीनों सेवाओं के साथ आगे बढ़ना चाहते हैं, हमारे पास पेश करने के लिए तीन पैकेज हैं क्योंकि आप हमारे नए ग्राहक हैं और वे हैं (1GB, 5GB, 10GB) जो क्रमशः $5, $10 और $20 हैं। उदाहरण के लिए यदि आप 10 जीबी डेटा पैकेज चुनते हैं तो आपको तीनों सेवाओं पर अलग-अलग 10 जीबी मिलेगा। तो क्या अब आप कृपया आगे बढ़ सकते हैं और अपने लिए एक पैकेज चुन सकते हैं?",3,2
5 GB, 5 जीबी,0,0
25874 COIMBATORE, 25874 कोयंबटूर,0,0
Perfect! I'll confirm the plan of 5 GB for cable and phone services to you. Is there anything else that I may help you with?, उत्तम! मैं आपको केबल और फ़ोन सेवाओं के लिए 5 GB की योजना की पुष्टि करूँगा। क्या कुछ और है जिसमें मैं आपकी मदद कर सकता हूं?,3,2
"The usage limit was been crossed and that's the reason, your bill was high this month.", उपयोग की सीमा पार कर दी गई थी और यही कारण है कि इस महीने आपका बिल अधिक था।,2,1
Hello! How may I assist you?, नमस्ते! मैं आपकी कैसे सहायता कर सकता हूँ?,3,0
NOTHING BYE, कुछ नहीं अलविदा,2,0
The activation shall be done. I hope everything's resolved?, एक्टिवेशन किया जाना है। मुझे आशा है कि सब कुछ हल हो गया है?,2,0
Perfect Alex. All done. Thanks for all your support in this . Have a nice day. Good bye., बिल्कुल सही एलेक्स। सब कुछ कर दिया। इसमें आप सभी के समर्थन के लिए धन्यवाद। आपका दिन शुभ हो। अलविदा।,3,2
Perfect! May I know to which service you'd like to change?, उत्तम! क्या मैं जान सकता हूँ कि आप किस सेवा में परिवर्तन करना चाहेंगे?,3,2
ok, ठीक है,2,0
"want to purchase new cable
", नई केबल खरीदना चाहते हैं,1,0
Great! That's a smart choice. I've raised your request for the service installation. Our agent will contact you soon. Is there anything else I could help you with?, महान! यह एक स्मार्ट विकल्प है। मैंने सेवा स्थापना के लिए आपका अनुरोध उठाया है। हमारा एजेंट जल्द ही आपसे संपर्क करेगा। क्या कुछ और है जिसमें मैं आपकी मदद कर सकता हूं?,3,2
"Sure! I'll be glad to help you in this, May I please know which city you belong to and its zip code?"," ज़रूर! मुझे इसमें आपकी मदद करने में खुशी होगी, क्या मैं कृपया जान सकता हूं कि आप किस शहर से संबंधित हैं और उसका ज़िप कोड?",3,0
4.51508E+11,4.51508E+11,0,0
OKAY, ठीक है,2,0
"Perfect! I'd like to inform you that in your city we offer 3 various data plan which are 1Gb data plan, 5GB data plan and 10Gb data plan. May I know which data plan would you like to choose? ","उत्तम! मैं आपको सूचित करना चाहता हूं कि आपके शहर में हम 3 विभिन्न डेटा प्लान पेश करते हैं जो 1 जीबी डेटा प्लान, 5 जीबी डेटा प्लान और 10 जीबी डेटा प्लान हैं। क्या मैं जान सकता हूँ कि आप कौन-सा डेटा प्लान चुनना चाहेंगे?",3,2
"Sure! We offer three types of services, which are cable connection, phone connection and Internet service. "," ज़रूर! हम तीन प्रकार की सेवाएं प्रदान करते हैं, जो केबल कनेक्शन, फोन कनेक्शन और इंटरनेट सेवा हैं।",2,0
Superb! Thank you for reaching out to us. Have a great day. Bye., शानदार! हमसे संपर्क की पहल के लिए आपका धन्यवाद। आपका दिन अच्छा रहे। अलविदा।,3,2
Surely. This shall be activated within 24 hours. Is there anything else I may help you with?, निश्चित रूप से। यह 24 घंटे के भीतर सक्रिय हो जाएगा। क्या कुछ और है जिसमें मैं आपकी मदद कर सकता हूं?,2,0
"Nothing else, Thank you for your information. Have a nice day to chat with you. "," और कुछ नहीं, आपकी जानकारी के लिए धन्यवाद। आपके साथ चैट करने के लिए एक अच्छा दिन है।",3,0
10gb data plan, 10GB डेटा प्लान,0,0
"Sure, I'm glad I could help. Thank you fro reaching out to us. good day."," ज़रूर, मुझे खुशी है कि मैं मदद कर सका। हमसे संपर्क करने के लिए धन्यवाद। अच्छा दिन।",3,2
Great! Is there anything else that I may help you with?, महान! क्या कुछ और है जिसमें मैं आपकी मदद कर सकता हूं?,3,2
"I'll surely look upon the discounts available for you, could you please help me with your name and the account number?"," मैं निश्चित रूप से आपके लिए उपलब्ध छूटों को देखूंगा, क्या आप कृपया अपने नाम और खाता संख्या के साथ मेरी मदद कर सकते हैं?",3,0
Thank you for contacting us. I hope you have a great day ahead. Bye!, हमसे संपर्क करने के लिए धन्यवाद। मुझे आशा है कि आपके लिए आगे एक अच्छा दिन होगा। अलविदा!,3,2
Absolutely! May I know the data plan you're willing to purchase?, बिल्कुल! क्या मैं उस डेटा योजना को जान सकता हूँ जिसे आप खरीदना चाहते हैं?,3,0
Los Angeles 90012, लॉस एंजिल्स 90012,0,0
Hello! Thank you for contacting media cable services. How may I help you today?, नमस्ते! मीडिया केबल सेवाओं से संपर्क करने के लिए धन्यवाद। आज मैं आपकी कैसे मदद कर सकता हूँ?,3,0
"Great! Thank you for bringing this up to us, we are always here to help you in any issues relating to cable/media. Have a nice day ahead!"," महान! इसे हमारे पास लाने के लिए धन्यवाद, केबल/मीडिया से संबंधित किसी भी मुद्दे में आपकी सहायता के लिए हम हमेशा यहां मौजूद हैं। आपका दिन अच्छा हों!",3,2
"No, thank you",नहीं धन्यवाद,3,0
purchase cable service, खरीद केबल सेवा,0,0
yes, हां,2,0
"Awesome! May I know if you'd like to get a 1 GB, 5 GB, 10 GB connection?"," बहुत बढ़िया! क्या मैं जान सकता हूँ कि क्या आप 1 जीबी, 5 जीबी, 10 जीबी कनेक्शन लेना चाहते हैं?",3,2
what do you offer?, तुम क्या प्रस्ताव दे रहे हो?,0,0
Sure, ज़रूर,2,0
"Nice place! I'd like to inform you that in your city and area we offer 1Gb data plan, 5Gb data plan and 10Gb data plan. May I know which data plan would you like to choose? "," अच्छी जगह! मैं आपको सूचित करना चाहता हूं कि आपके शहर और क्षेत्र में हम 1Gb डेटा प्लान, 5Gb डेटा प्लान और 10Gb डेटा प्लान प्रदान करते हैं। क्या मैं जान सकता हूँ कि आप कौन-सा डेटा प्लान चुनना चाहेंगे?",3,2
"28173
Waxhaw, NC"," 28173 वैक्सहा, एनसी",0,0
For sure! May I know the name of the city and the zip code please?, पक्का! क्या मैं शहर का नाम और ज़िप कोड जान सकता हूँ?,2,0
i want new cable service, मुझे नई केबल सेवा चाहिए,1,0
"Awesome! Thank you for all the details, you're now a member of act fiber services. Our executives will reach out to you for further details. Will there be anything else I may help you with?"," बहुत बढ़िया! सभी विवरणों के लिए धन्यवाद, अब आप एक्ट फाइबर सेवाओं के सदस्य हैं। अधिक जानकारी के लिए हमारे अधिकारी आपसे संपर्क करेंगे। क्या कुछ और होगा जिसमें मैं आपकी मदद कर सकूं?",3,2
"Thanks for having a live chat. Please drop in your invaluable feedback at 546-827-124, by giving a missed call. Good day!",लाइव चैट करने के लिए धन्यवाद। कृपया मिस्ड कॉल देकर 546-827-124 पर अपनी बहुमूल्य प्रतिक्रिया दें। अच्छा दिन!,3,2
"Thank you. Which data plan are you interested to purchase. We have 1GB which costs $3, 5GB costs $5 and 10GB will cost you $7. "," शुक्रिया। आप कौन सा डेटा प्लान खरीदना चाहते हैं। हमारे पास 1GB है जिसकी कीमत $3 है, 5GB की कीमत $5 है और 10GB की कीमत आपको $7 है।",3,0
"Superb! Thank you for the information. We have 1 GB, 5 GB and 10 GB data plans for our cable services. Which one of these data plans, would you like to sign up for?"," शानदार! जानकारी के लिए धन्यवाद। हमारी केबल सेवाओं के लिए हमारे पास 1 जीबी, 5 जीबी और 10 जीबी डेटा प्लान हैं। आप इनमें से किस डेटा प्लान के लिए साइन अप करना चाहेंगे?",3,2
"Amazing! May I know which plan would you like to choose in 1 GB, 5 GB and 10 GB?"," अद्भुत! क्या मैं जान सकता हूं कि आप 1 जीबी, 5 जीबी और 10 जीबी में कौन सा प्लान चुनना चाहेंगे?",3,2
no thanks," जी नहीं, धन्यवाद",3,1
"Thank you very much. To proceed further for the cable service we have 1 GB, 5 GB and 10 GB for $10, $20 and $30 respectively. "," आपका बहुत बहुत धन्यवाद। केबल सेवा के लिए आगे बढ़ने के लिए हमारे पास क्रमशः $10, $20 और $30 के लिए 1 जीबी, 5 जीबी और 10 जीबी है।",3,2
"All right! The bill for August includes Phone- 115MB, TV- 298MB and Internet has consumed 2GB. Anything else I may help you with?"," ठीक है! अगस्त के बिल में फोन- 115 एमबी, टीवी- 298 एमबी और इंटरनेट ने 2 जीबी की खपत की है। कुछ और मैं आपकी मदद कर सकता हूँ?",3,0
10gb data plan, 10GB डेटा प्लान,0,0
1GB, 1GB,0,0
Thank you so much Alex. All queries are done. Have a wonderful day ahead..Good bye, बहुत बहुत धन्यवाद एलेक्स। सभी पूछताछ की जाती है। आगे का दिन शानदार हो..अलविदा,3,2
Thanks for being so cooperative and baring with my questions. I'd love to help you in case of any other query?,इतना सहयोग करने और मेरे सवालों को रोकने के लिए धन्यवाद। किसी अन्य प्रश्न के मामले में मुझे आपकी मदद करना अच्छा लगेगा?,3,2
"Thank you. Could you please help me with which plan would you like to go for (1GB, 5 GB, 10 GB)? "," शुक्रिया। क्या आप कृपया मेरी मदद कर सकते हैं कि आप किस प्लान (1GB, 5GB, 10GB) के लिए जाना चाहेंगे?",3,0
"Thanks for waiting, I've processed your request and signed you up for the service you can now enjoy it's benefits. Anything else I may help you in?
"," प्रतीक्षा करने के लिए धन्यवाद, मैंने आपके अनुरोध को संसाधित कर लिया है और आपको उस सेवा के लिए साइन अप कर लिया है जिसका अब आप लाभ उठा सकते हैं। कुछ और मैं आपकी मदद कर सकता हूँ?",3,2
"Thanks for confirming. I've registered your request. Shortly, My team will get in touch with you. They'll proceed with the installation process. In case of any discrepancies, please feel free to contact us anytime."," पुष्टि करने के लिए धन्यवाद। मैंने आपका अनुरोध दर्ज कर लिया है। शीघ्र ही, मेरी टीम आपसे संपर्क करेगी। वे स्थापना प्रक्रिया के साथ आगे बढ़ेंगे। किसी भी विसंगति के मामले में, कृपया बेझिझक हमसे किसी भी समय संपर्क करें।",3,2
"Thank you, Since you've mentioned you want to purchase an internet connected we have three packages (1GB, 5 GB, 10 GB) so which one would you like to go for?"," धन्यवाद, चूंकि आपने उल्लेख किया है कि आप एक इंटरनेट कनेक्टेड खरीदना चाहते हैं, हमारे पास तीन पैकेज हैं (1GB, 5GB, 10GB) तो आप किसके लिए जाना चाहेंगे?",3,0
HAI, हाई,2,0
ok, ठीक है,2,0
zip code 69584, पिन कोड 69584,0,0
SERVICE IS NOT WILL, सेवा नहीं होगी,1,0
Hello! good morning! You're connected to Annabelle cable customer service. How may I help you today?, नमस्ते! शुभ प्रभात! आप एनाबेले केबल ग्राहक सेवा से जुड़े हैं। आज मैं आपकी कैसे मदद कर सकता हूँ?,3,0
Please help me to sign up for a new Internet Connection with best plan?, कृपया सर्वोत्तम योजना के साथ नए इंटरनेट कनेक्शन के लिए साइन अप करने में मेरी सहायता करें?,3,0
That's a nice choice! I'd like to inform you that your service will be activated in the next 24-48 hours. I hope you're fine with that?, यह एक अच्छा विकल्प है! मैं आपको सूचित करना चाहता हूं कि आपकी सेवा अगले 24-48 घंटों में सक्रिय हो जाएगी। मुझे आशा है कि आप इसके साथ ठीक हैं?,3,2
Nothing else,और कुछ नहीं,2,0
hi drew, हाय आकर्षित,3,0
Hello. welcome to Tech Cable Services. How may I help you today?, नमस्ते। टेक केबल सर्विसेज में आपका स्वागत है। आज मैं आपकी कैसे मदद कर सकता हूँ?,3,0
I want to sign up for new internet service., मैं नई इंटरनेट सेवा के लिए साइन अप करना चाहता हूं।,1,0
Alright! I have confirmed the package for you and also registered your account with us. Our associate would reach your house shortly and help you with the service installation. Is there anything else I could help you with for today?, ठीक है! मैंने आपके लिए पैकेज की पुष्टि कर दी है और हमारे साथ आपका खाता भी पंजीकृत कर दिया है। हमारा सहयोगी शीघ्र ही आपके घर पहुंचेगा और सेवा स्थापना में आपकी सहायता करेगा। क्या आज के लिए मैं आपकी कुछ और मदद कर सकता हूँ?,3,0
Sure Robert! I have updated your email address. Will there be anything else I can do for you?,ज़रूर रॉबर्ट! मैंने आपका ईमेल पता अपडेट कर दिया है। क्या मैं तुम्हारे लिए और कुछ कर सकता हूँ?,3,0
" internet service, "," इंटरनेट सेवा,",0,0
Hello! Welcome to AT&T Customer Service. How may I help you today?, नमस्ते! एटी एंड टी ग्राहक सेवा में आपका स्वागत है। आज मैं आपकी कैसे मदद कर सकता हूँ?,3,0
"Sure! I'll be happy to help you in getting internet services, may I please know your city and it's zip code?"," ज़रूर! मुझे इंटरनेट सेवाएं प्राप्त करने में आपकी सहायता करने में खुशी होगी, क्या मैं आपका शहर और उसका ज़िप कोड जान सकता हूं?",3,0
?*, ?*,0,0
Good morning! You've reached Net Link Media/Cable Services. How may I help you today?, सुबह बख़ैर! आप नेट लिंक मीडिया/केबल सेवाओं तक पहुंच गए हैं। आज मैं आपकी कैसे मदद कर सकता हूँ?,3,0
BYE, अलविदा,2,0
Fantastic! The 10 GB will be now activated and it will cost you $50 on monthly basis including all taxes., ज़बरदस्त! 10 जीबी अब सक्रिय हो जाएगा और सभी करों सहित मासिक आधार पर आपको $50 का खर्च आएगा।,2,2
"It's always a pleasure assisting valuable customers like you, I've confirmed the 10Gb service for you which will be installed and activated in the next 2 business days. "," आप जैसे मूल्यवान ग्राहकों की सहायता करना हमेशा खुशी की बात होती है, मैंने आपके लिए 10Gb सेवा की पुष्टि की है जो अगले 2 व्यावसायिक दिनों में स्थापित और सक्रिय हो जाएगी।",3,2
city new york zip code 4567, सिटी न्यू यॉर्क ज़िप कोड 4567,2,0
bye, अलविदा,2,0
Perfect! 10 GB is the one of the best plans and we will charge you $ 7 including all taxes. I will activate the same for you., उत्तम! 10 जीबी सबसे अच्छी योजनाओं में से एक है और हम आपसे सभी करों सहित $ 7 का शुल्क लेंगे। मैं आपके लिए इसे सक्रिय कर दूंगा।,3,2
Alright I have now confirmed the package for you and also created an account on your name. Our associate would visit your house shortly and help you with the service installation. Is there anything else I could help you with for today?," ठीक है, मैंने अब आपके लिए पैकेज की पुष्टि कर दी है और आपके नाम पर एक खाता भी बनाया है। हमारे सहयोगी शीघ्र ही आपके घर आएंगे और सेवा स्थापना में आपकी सहायता करेंगे। क्या आज के लिए मैं आपकी कुछ और मदद कर सकता हूँ?",2,0
"I'll be glad to help you with that, may I know the name of the city and the zip code please? "," मुझे इसमें आपकी मदद करने में खुशी होगी, क्या मुझे शहर का नाम और ज़िप कोड पता हो सकता है?",3,0
"Awesome! Sure, I'll surely sign up for internet service for you. May I know your city name and the zip code please?"," बहुत बढ़िया! ज़रूर, मैं निश्चित रूप से आपके लिए इंटरनेट सेवा के लिए साइन अप करूँगा। क्या मैं आपके शहर का नाम और ज़िप कोड जान सकता हूँ?",3,2
INTERNET, इंटरनेट,0,0
5GB., 5जीबी.,0,0
Hello, नमस्ते,2,0
Sure. I've successfully signed you up for the service. The connection will be made within 24 hours. Would you need anything else?,ज़रूर। मैंने आपको सेवा के लिए सफलतापूर्वक साइन अप कर लिया है। 24 घंटे के अंदर कनेक्शन दिया जाएगा। क्या आपको कुछ और चाहिए होगा?,3,2
"Surely, would you have any queries regarding this plan?"," निश्चित रूप से, क्या आप इस योजना के बारे में कोई प्रश्न पूछना चाहेंगे?",2,0
"Sure, what is it please?"," ज़रूर, यह क्या है?",2,0
hi, नमस्ते,2,0
hi, नमस्ते,2,0
87541,87541,0,0
BYE, अलविदा,2,0
I Would like to sign up for new cable service., मैं नई केबल सेवा के लिए साइन अप करना चाहता/चाहती हूं।,2,0
nothing else, और कुछ नहीं,1,0
Hello! Welcome to AT&T. How may I help you today?, नमस्ते! एटी एंड टी में आपका स्वागत है। आज मैं आपकी कैसे मदद कर सकता हूँ?,3,0
"Alright! Thank you for the response. Please allow me a moment, I'll get back to you with the bills.","ठीक है! जवाब देने के लिए धन्यवाद। कृपया मुझे एक क्षण दें, मैं बिलों के साथ आपके पास वापस आऊंगा।",3,2
"And lastly, could you help me with the last 4 digits of your SSN?"," और अंत में, क्या आप अपने SSN के अंतिम 4 अंकों के साथ मेरी मदद कर सकते हैं?",1,0
nothing else, और कुछ नहीं,1,0
I want to purchase internet, मुझे इंटरनेट खरीदना है,1,0
ok also can you breakdown bill for august," ठीक है, क्या आप अगस्त का बिल भी तोड़ सकते हैं?",2,0
"Which data plan would you like to sign up for? We currently have 1 GB, 5 GB and 10 GB available. You can choose any of them and we will be able to install it.","आप किस डेटा प्लान के लिए साइन अप करना चाहेंगे? वर्तमान में हमारे पास 1 जीबी, 5 जीबी और 10 जीबी उपलब्ध है। आप उनमें से कोई भी चुन सकते हैं और हम इसे स्थापित करने में सक्षम होंगे।",3,0
Seattle  937474, सिएटल 937474,0,0
"Wonderful! Thank you for reaching Net Link, We are always here to help you any issues relating to cable/media. Goodbye!"," अद्भुत! नेट लिंक तक पहुंचने के लिए धन्यवाद, केबल/मीडिया से संबंधित किसी भी मुद्दे की सहायता के लिए हम हमेशा यहां हैं। अलविदा!",3,2
That's great! The plan is for $50 a month. Would you have any questions regarding this service?, एक दम बढ़िया! योजना $ 50 प्रति माह के लिए है। क्या आप इस सेवा के बारे में कोई प्रश्न पूछना चाहेंगे?,3,2
Have a great day, आपका दिन अच्छा रहे,2,2
"Thank you so much for your positive response! I've forwarded your subscription request for the 5 GB cable data plan. You will be receiving a confirmation message regarding the same within 2-4 hours. We hope you enjoy our service. Will there be anything else I could help you with?
", आपकी सकारात्मक प्रतिक्रिया के लिए बहुत-बहुत धन्यवाद! मैंने 5 जीबी केबल डेटा प्लान के लिए आपका सब्सक्रिप्शन अनुरोध अग्रेषित कर दिया है। आपको 2-4 घंटों के भीतर उसी के संबंध में एक पुष्टिकरण संदेश प्राप्त होगा। हमें उम्मीद है कि आप हमारी सेवा का आनंद लेंगे। क्या कुछ और होगा जिसमें मैं आपकी मदद कर सकूं?,3,2
ok, ठीक है,2,0
Hello. Welcome to ACE cables. How may I help you today?, नमस्ते। एसीई केबल्स में आपका स्वागत है। आज मैं आपकी कैसे मदद कर सकता हूँ?,3,0
OK, ठीक है,2,0
A very good evening to you. Welcome to Sony cable customer service. How may I help you today?, आपके लिए एक बहुत ही शुभ संध्या। सोनी केबल ग्राहक सेवा में आपका स्वागत है। आज मैं आपकी कैसे मदद कर सकता हूँ?,3,2
"That's perfect! Thank you for that. Please allow me a moment, while I get this done for you."," यह बिल्कुल सही है! उसके लिये आपका धन्यवाद। कृपया मुझे एक क्षण की अनुमति दें, जबकि मैं यह आपके लिए करवाता हूं।",3,2
Nice meeting you Jeese. I am in search of Phone service. Can you find me the best plan?,जी आपसे मिलकर अच्छा लगा। मैं फोन सेवा की तलाश में हूं। क्या आप मुझे सबसे अच्छी योजना ढूंढ सकते हैं?,3,2
no thanks," जी नहीं, धन्यवाद",3,1
HAI, हाई,2,0
ok, ठीक है,2,0
"Awesome! Thank you for reaching out to us, hope you'll have a great day ahead!"," बहुत बढ़िया! हमसे संपर्क करने के लिए धन्यवाद, आशा है कि आगे आपका दिन बहुत अच्छा रहेगा!",3,2
"That's perfect! For the cable service we have 1 GB, 5 GB and 10 GB data plans, may I know which data plan you'd like to purchase?"," यह बिल्कुल सही है! केबल सेवा के लिए हमारे पास 1 जीबी, 5 जीबी और 10 जीबी डेटा प्लान हैं, क्या मैं जान सकता हूं कि आप कौन सा डेटा प्लान खरीदना चाहेंगे?",3,2
THANKYOU ALEX, धन्यवाद एलेक्स,2,2
home address chennai 605428, घर का पता चेन्नई 605428,1,0
ok, ठीक है,2,0
5 gb, 5 जीबी,0,0
"Amazing! Good news!! I've opened your new account. Quite soon, you'll receive your username and password, please visit our website and sign up. After which within an hour service will get activated."," अद्भुत! खुशखबरी!! मैंने आपका नया खाता खोल दिया है। बहुत जल्द, आपको अपना उपयोगकर्ता नाम और पासवर्ड प्राप्त होगा, कृपया हमारी वेबसाइट पर जाएँ और साइन अप करें। जिसके बाद एक घंटे के अंदर सर्विस एक्टिवेट हो जाएगी।",3,2
500,500,0,0
Yes confirm it but please tell me the price, हाँ इसकी पुष्टि करें लेकिन कृपया मुझे कीमत बताएं,2,0
parise, पैरिस,0,0
Thank you for choosing our services. I had a great time assisting you. Please do feel free to reach out to us for further queries. Have a good day!, हमारी सेवाओं को चुनने के लिए धन्यवाद। मुझे आपकी सहायता करने में बहुत अच्छा लगा। कृपया आगे के प्रश्नों के लिए हमसे बेझिझक संपर्क करें। आपका दिन शुभ हो!,3,2
Thank you for choosing our services. I had a great time assisting you. Please do feel free to reach out to us for further queries. Have a good day!, हमारी सेवाओं को चुनने के लिए धन्यवाद। मुझे आपकी सहायता करने में बहुत अच्छा लगा। कृपया आगे के प्रश्नों के लिए हमसे बेझिझक संपर्क करें। आपका दिन शुभ हो!,3,2
Thanks for sharing your details. What service type would you like to purchase? Is it cable. internet or phone?, अपना विवरण साझा करने के लिए धन्यवाद। आप किस प्रकार की सेवा खरीदना चाहेंगे? क्या यह केबल है। इंटरनेट या फोन?,3,0
yes, हां,2,0
"Superb! Thanks for contacting D-link customer service. I've registered your request, Enjoy our services. We look forward for long and successful association. Have a great day ahead!"," शानदार! डी-लिंक ग्राहक सेवा से संपर्क करने के लिए धन्यवाद। मैंने आपका अनुरोध दर्ज कर लिया है, हमारी सेवाओं का आनंद लें। हम लंबे और सफल जुड़ाव की आशा करते हैं। आगे एक महान दिन हो!",3,2
"95013, Coyote"," 95013, कोयोट",0,0
GOA 415263, गोवा 415263,0,0
"Thank you for contacting our service. I hope you have a great day ahead. Bye! 
", हमारी सेवा से संपर्क करने के लिए धन्यवाद। मुझे आशा है कि आपके लिए आगे एक अच्छा दिन होगा। अलविदा!,3,2
Good morning! You've reached Net link Media/Cable Services. How may I help you today?, सुबह बख़ैर! आप नेट लिंक मीडिया/केबल सेवाओं पर पहुंच गए हैं। आज मैं आपकी कैसे मदद कर सकता हूँ?,3,0
1 GB, 1 जीबी,0,0
no, नहीं,1,1
"Hey there! Welcome to Act Fiber net service, how may I help you today? "," सुनो! एक्ट फाइबर नेट सेवा में आपका स्वागत है, मैं आज आपकी कैसे मदद कर सकता हूँ?",3,0
"Thank you for staying connected. We've made a note of your request, please give us 24 hours for the installation process. Our executives will reach out to you for further details, please feel free to visit our website www.vfibernet.com."," जुड़े रहने के लिए धन्यवाद। हमने आपके अनुरोध को नोट कर लिया है, कृपया हमें इंस्टॉलेशन प्रक्रिया के लिए 24 घंटे का समय दें। अधिक जानकारी के लिए हमारे अधिकारी आपसे संपर्क करेंगे, कृपया बेझिझक हमारी वेबसाइट www.vfibernet.com देखें।",3,2
"Thanks for the information. You said you need a Cable plan. Which data plan would you like to purchase? We have 1GB, 5GB and 10GB data plans available. It's $25 for 1GB. $40 for 5GB and $60 for 10GB.","सूचना के लिए धन्यवाद। आपने कहा था कि आपको केबल योजना की आवश्यकता है। आप कौन सा डेटा प्लान खरीदना चाहेंगे? हमारे पास 1GB, 5GB और 10GB डेटा प्लान उपलब्ध हैं। यह 1GB के लिए $25 है। 5GB के लिए $40 और 10GB के लिए $60।",3,0
i want new cable service, मुझे नई केबल सेवा चाहिए,1,0
Good morning! You've reached Net link Media/Cable Services. How may I help you?, सुबह बख़ैर! आप नेट लिंक मीडिया/केबल सेवाओं पर पहुंच गए हैं। क्या मेरे द्वारा आपकी कोई सहायता हो सकती है?,3,0
ok, ठीक है,2,0
Thank you! Anything else that I may help you with today?, आपको धन्यवाद! कुछ और जो मैं आज आपकी मदद कर सकता हूँ?,3,2
Good Morning! Welcome to T-Link customer service. How may I assist you today?, शुभ प्रभात! टी-लिंक ग्राहक सेवा में आपका स्वागत है। आज मैं आपकी मदद किस तरह कर सकता हूँ?,3,0
Thanks a lot Spencer... I am happy to get your assistance.., बहुत बहुत धन्यवाद स्पेंसर... आपकी सहायता पाकर मुझे खुशी हो रही है..,3,2
"Absolutely! Could you please mention your choice of service among Internet, Cable and Phone?"," बिल्कुल! क्या आप कृपया इंटरनेट, केबल और फोन के बीच अपनी पसंद की सेवा का उल्लेख कर सकते हैं?",3,0
NEW YORK CITY, न्यूयॉर्क शहर,0,0
hi, नमस्ते,2,0
My pleasure! Thanks for being considerate. Would there be anything else I may help you with?, मेरा सौभाग्य! विचारशील होने के लिए धन्यवाद। क्या कुछ और होगा जिसमें मैं आपकी मदद कर सकूं?,3,2
"Awesome! Could you please confirm the plans for your internet services? The plans we offer are 1 GB, 5 GB, 10 GB."," बहुत बढ़िया! क्या आप कृपया अपनी इंटरनेट सेवाओं की योजनाओं की पुष्टि कर सकते हैं? हम जो प्लान पेश करते हैं वे 1 जीबी, 5 जीबी, 10 जीबी हैं।",3,2
ok thanks, ठीक है धन्यवाद,3,0
"Surely, I'll assist you with it. Could you please share the city and the zip code?"," ज़रूर, मैं इसमें आपकी मदद करूँगा। क्या आप कृपया शहर और ज़िप कोड साझा कर सकते हैं?",3,0
I will surely help you out in this regards but before we go ahead with the procedure could I please have your city name and it's zip code?,"मैं निश्चित रूप से इस संबंध में आपकी मदद करूंगा, लेकिन इससे पहले कि हम प्रक्रिया को आगे बढ़ाएं, क्या मैं आपके शहर का नाम और उसका ज़िप कोड बता सकता हूं?",3,0
45610,45610,0,0
" It's a pleasure assisting you, thank you for reaching out to us. Have an awesome day ahead!"," आपकी सहायता करना खुशी की बात है, हमसे संपर्क करने के लिए धन्यवाद। आगे का दिन शानदार हो!",3,2
"Surely, which data plan would you like to sign up for?"," निश्चित रूप से, आप किस डेटा प्लान के लिए साइन अप करना चाहेंगे?",2,0
I would like a 5 GB phone plan, मुझे 5 GB फ़ोन प्लान चाहिए,2,0
want to purchase new cable, नई केबल खरीदना चाहते हैं,1,0
"awesome! I'll definitely help you with your query. To get the best deals for you, may I know the name of your city and its zip code, please?"," बहुत बढ़िया! मैं निश्चित रूप से आपकी क्वेरी में आपकी मदद करूंगा। आपके लिए सर्वोत्तम सौदे प्राप्त करने के लिए, क्या मैं आपके शहर का नाम और उसका ज़िप कोड जान सकता हूँ, कृपया?",3,2
"cookeville, 38506"," कुकविल, 38506",2,0
"Yes, for every 1 GB used over the 10 GB slab, you'll be charged $20."," हां, 10 जीबी स्लैब में उपयोग किए गए प्रत्येक 1 जीबी के लिए, आपसे $20 का शुल्क लिया जाएगा।",2,1
okbye, चलो बाय,2,0
i need 5 gb plan, मुझे 5 जीबी प्लान चाहिए,1,0
"Thanks for the information. You said you need a Cable plan. Which data plan would you like to purchase? We have 1GB, 5GB and 10GB data plans available. It's $25 for 1GB. $40 for 5GB and $60 for 10GB.","सूचना के लिए धन्यवाद। आपने कहा था कि आपको केबल योजना की आवश्यकता है। आप कौन सा डेटा प्लान खरीदना चाहेंगे? हमारे पास 1GB, 5GB और 10GB डेटा प्लान उपलब्ध हैं। यह 1GB के लिए $25 है। 5GB के लिए $40 और 10GB के लिए $60।",3,0
Waashington 20001, वाशिंगटन 20001,2,0
no thanks," जी नहीं, धन्यवाद",3,1
no thanks for your wonderful help, आपकी अद्भुत मदद के लिए धन्यवाद नहीं,3,1
"Sure! I must say you've reached the right place for that, we provide the best services with the best plans with a very feasible rate. To help you further, could you please help me with the city name and it's zip code?"," ज़रूर! मुझे कहना होगा कि आप उसके लिए सही जगह पर पहुंच गए हैं, हम बहुत ही व्यवहार्य दर के साथ सर्वोत्तम योजनाओं के साथ सर्वोत्तम सेवाएं प्रदान करते हैं। आपकी और मदद करने के लिए, क्या आप कृपया शहर के नाम और उसके ज़िप कोड के बारे में मेरी मदद कर सकते हैं?",3,2
"Good news! I appreciate your patience in staying connected. I'd like to inform you that, I've confirmed your 10 GB internet connection with Net Link services. Our executives will reach you for the installation within 2-3 days.","खुशखबरी! मैं जुड़े रहने में आपके धैर्य की सराहना करता हूं। मैं आपको सूचित करना चाहता हूं कि, मैंने नेट लिंक सेवाओं के साथ आपके 10 जीबी इंटरनेट कनेक्शन की पुष्टि कर दी है। हमारे अधिकारी 2-3 दिनों के भीतर स्थापना के लिए आप तक पहुंचेंगे।",3,2
no nothing, कुछ भी नहीं,2,0
Alright! I have now confirmed the 10 GB data plan on your name. However you would be receiving a conformation message about the same in an hour. Is there anything else I could help you with for today?, ठीक है! मैंने अब आपके नाम पर 10 जीबी डेटा प्लान कन्फर्म कर दिया है। हालाँकि आपको एक घंटे में उसी के बारे में एक संदेश प्राप्त होगा। क्या आज के लिए मैं आपकी कुछ और मदद कर सकता हूँ?,3,0
"I'm glad I could help you. Thanks for staying connected. For further assistance, please feel free to reach out to us 24*7."," मुझे खुशी है कि मैं आपकी मदद कर सका। जुड़े रहने के लिए धन्यवाद। अधिक सहायता के लिए, कृपया बेझिझक हमसे 24*7 संपर्क करें।",3,2
I apologize. May I know the service that you'd like to purchase please?, मैं क्षमाप्रार्थी हूं। क्या मैं उस सेवा को जान सकता हूँ जिसे आप कृपया खरीदना चाहते हैं?,3,0
bye, अलविदा,2,0
"Alright! Dear user, We can observe that you've been telling the same thing in all the chats and not helping with the query. Its gentle request to please be conversational. "," ठीक है! प्रिय उपयोगकर्ता, हम देख सकते हैं कि आप सभी चैट में एक ही बात कह रहे हैं और प्रश्न में मदद नहीं कर रहे हैं। कृपया संवादी होने का विनम्र अनुरोध।",3,1
no need, कोई ज़रुरत नहीं है,1,0
Hello! Good morning! Welcome to media cable services. How may I help you today?, नमस्ते! सुबह बख़ैर! मीडिया केबल सेवाओं में आपका स्वागत है। आज मैं आपकी कैसे मदद कर सकता हूँ?,3,0
Sure! Please allow me a moment to proceed further., ज़रूर! कृपया मुझे आगे बढ़ने के लिए एक क्षण का समय दें।,3,0
Perfect! Is there anything else that I may help you with?, उत्तम! क्या कुछ और है जिसमें मैं आपकी मदद कर सकता हूं?,3,2
Alright! Please allow me a moment to proceed further., ठीक है! कृपया मुझे आगे बढ़ने के लिए एक क्षण का समय दें।,2,0
"Which data plan would you like to sign up for? We currently have 1 GB, 5 GB and 10 GB available. You can choose any of them and we will be able to install it.","आप किस डेटा प्लान के लिए साइन अप करना चाहेंगे? वर्तमान में हमारे पास 1 जीबी, 5 जीबी और 10 जीबी उपलब्ध है। आप उनमें से कोई भी चुन सकते हैं और हम इसे स्थापित करने में सक्षम होंगे।",3,0
yes okay alright, हाँ ठीक है ठीक है,2,0
i want a cable connection, मुझे केबल कनेक्शन चाहिए,1,0
no thanks," जी नहीं, धन्यवाद",3,1
paris 1234, पेरिस 1234,0,0
5 GB data plan, 5 जीबी डेटा प्लान,0,0
Thank you! Anything else that I may help you with today?, आपको धन्यवाद! कुछ और जो मैं आज आपकी मदद कर सकता हूँ?,3,2
yes sir..i need one help,हाँ सर..मुझे एक मदद चाहिए,2,0
Thank you so much for contacting us. Please let us know your valuable feedback. You've a great day ahead.,हमसे संपर्क करने के लिए आपका बहुत-बहुत धन्यवाद। कृपया हमें अपनी बहुमूल्य प्रतिक्रिया बताएं। आपका आने वाला दिन बहुत अच्छा है।,3,2
yes, हां,2,0
Are we connected?, क्या हम जुड़े हुए हैं?,0,0
Your request for the desired service has been raised and our agent will contact you for the installation at your convenient time.,वांछित सेवा के लिए आपका अनुरोध उठाया गया है और हमारे एजेंट आपके सुविधाजनक समय पर स्थापना के लिए आपसे संपर्क करेंगे।,1,0
previous bill, पिछला बिल,0,0
I was glad to help you today! Good bye. Stay connected:), मुझे आज आपकी मदद करने में खुशी हुई! अलविदा। जुड़े रहें:),3,2
Hello and welcome to star cable customer care services. How may I assist you today?, नमस्ते और स्टार केबल कस्टमर केयर सर्विसेज में आपका स्वागत है। आज मैं आपकी मदद किस तरह कर सकता हूँ?,3,0
"i would like to make request to transfer the service to new location, we have been shifted to new location"," मैं सेवा को नए स्थान पर स्थानांतरित करने का अनुरोध करना चाहता हूं, हमें नए स्थान पर स्थानांतरित कर दिया गया है",3,0
i am moving to Las Vegas Nevada, मैं लास वेगास नेवादा जा रहा हूं,1,0
NOTHING, कुछ नहीं,1,0
hello, नमस्ते,2,0
"Hello there! Welcome to V-Fiber net service, how may I help you today?"," नमस्ते! वी-फाइबर नेट सेवा में आपका स्वागत है, मैं आज आपकी कैसे मदद कर सकता हूं?",3,0
Alright! Please allow me a moment to go ahead and process your request., ठीक है! कृपया मुझे आगे बढ़ने और आपके अनुरोध को संसाधित करने के लिए कुछ समय दें।,2,0
5 gb, 5 जीबी,0,0
Hello! Welcome to prodesk cable services. How may I help you today?, नमस्ते! प्रोडेस्क केबल सेवाओं में आपका स्वागत है। आज मैं आपकी कैसे मदद कर सकता हूँ?,3,0
I want to get data plan of internet and phone connection., मैं इंटरनेट और फोन कनेक्शन का डेटा प्लान प्राप्त करना चाहता हूं।,1,0
Hi Lindsay! I would like to purchase a new internet package, हाय लिंडसे! मैं एक नया इंटरनेट पैकेज खरीदना चाहता/चाहती हूं,3,0
My city is tigard and zip code is 97223, मेरा शहर बाघ है और पिन कोड 97223 है,1,0
"Awesome! Thank you for the details. We have amazing cable data packages like 1 GB, 5 GB and 10 GB packages for you. Which one of these cable data packages, would you like to sign up for?
"," बहुत बढ़िया! विवरण के लिए धन्यवाद। हमारे पास आपके लिए 1 जीबी, 5 जीबी और 10 जीबी पैकेज जैसे अद्भुत केबल डेटा पैकेज हैं। आप इनमें से किस केबल डेटा पैकेज के लिए साइन अप करना चाहेंगे?",3,2
Sure! I will help you right away. May I know the name of your city and it's zip code please?, ज़रूर! मैं आपकी तुरंत मदद करूंगा। क्या मैं आपके शहर का नाम और उसका ज़िप कोड जान सकता हूँ?,3,2
"Awesome! Thank you for the details. We have 1 GB, 5 GB and 10 GB internet data plans for you. Which one of these would you like to prefer?","बहुत बढ़िया! विवरण के लिए धन्यवाद। हमारे पास आपके लिए 1 जीबी, 5 जीबी और 10 जीबी इंटरनेट डेटा प्लान हैं। आप इनमें से किसे पसंद करना चाहेंगे?",3,2
Amazing! Would there be anything else I may assist you with?, अद्भुत! क्या कुछ और होगा जिसमें मैं आपकी सहायता कर सकूं?,3,2
Perfect! I'll confirm the plan of 1 GB for internet service. Is there anything I might help you with?, उत्तम! मैं इंटरनेट सेवा के लिए 1 जीबी की योजना की पुष्टि करूंगा। क्या कोई ऐसी चीज है जिसमें मैं आपकी मदद कर सकता हूं?,3,2
"Sure. Could you please help me with your city and zipcode?
", ज़रूर। क्या आप कृपया मुझे अपने शहर और ज़िप कोड के साथ मदद कर सकते हैं?,3,0
canada, कनाडा,0,0
OKAY, ठीक है,2,0
Thanks for being patient and cooperative. Is there anything else I may assist you with?, धैर्यवान और सहयोगी होने के लिए धन्यवाद। क्या कुछ और है जिसमें मैं आपकी सहायता कर सकता हूं?,3,2
"Thank you for sharing the details. We have different data plans like 5GB, 10GB, 1GB for data services which includes cable, internet and phone. Which one would you like to purchase?"," विवरण साझा करने के लिए धन्यवाद। हमारे पास डेटा सेवाओं के लिए 5GB, 10GB, 1GB जैसे अलग-अलग डेटा प्लान हैं जिनमें केबल, इंटरनेट और फोन शामिल हैं। आप कौन सा खरीदना चाहेंगे?",3,0
May I know the cost of the plan?, क्या मैं योजना की लागत जान सकता हूँ?,2,0
chennai 675645, चेन्नई 675645,0,0
hi, नमस्ते,2,0
ok, ठीक है,2,0
nothing else, और कुछ नहीं,1,0
Amazing! Thank you so much for sharing the details. Please allow me a minute to get this done for you., अद्भुत! विवरण साझा करने के लिए आपका बहुत-बहुत धन्यवाद। कृपया मुझे यह आपके लिए करने के लिए एक मिनट का समय दें।,3,2
Hello, नमस्ते,2,0
HMM OKAY.. THANKS A LOT FOR HELPING LINDSAY, हम्म ठीक है.. लिंडसे की मदद करने के लिए बहुत-बहुत धन्यवाद,3,2
code :80500, कोड: 80500,0,0
Thank you John. Could you please provide me the 12 digits account number?, धन्यवाद जॉन। क्या आप कृपया मुझे 12 अंकों की खाता संख्या प्रदान कर सकते हैं?,3,0
"Alright! We are currently offering 1 GB, 5 GB and 10 GB data plans. Which one you'd like to buy? this is total up to you. The price may vary. "," ठीक है! फिलहाल हम 1 जीबी, 5 जीबी और 10 जीबी डेटा प्लान दे रहे हैं। आप कौन सा खरीदना चाहेंगे? यह कुल आप पर निर्भर है। कीमत भिन्न हो सकती है।",3,0
"I Need new Service Connection
", मुझे नया सेवा कनेक्शन चाहिए,1,0
Great! Which data plan would you like to opt for?,महान! आप किस डेटा प्लान को चुनना चाहेंगे?,3,2
Nothing else. Thanks a lot. That's it., और कुछ नहीं। बहुत-बहुत धन्यवाद। यही बात है।,3,0
bye, अलविदा,2,0
5Gb, 5जीबी,0,0
29856,29856,0,0
"bye,"," अलविदा,",2,0
internet, इंटरनेट,0,0
ok, ठीक है,2,0
Austin / 63344, ऑस्टिन / 63344,0,0
"Sure! Anytime! You are always welcome! Thank you for choosing our service! For any query, feel free to call us anytime on our toll free number. We are always here at your service."," ज़रूर! किसी भी समय! आपका हमेशा स्वागत है! हमारी सेवा चुनने के लिए धन्यवाद! किसी भी प्रश्न के लिए, हमारे टोल फ्री नंबर पर हमें कभी भी कॉल करने में संकोच न करें। हम हमेशा आपकी सेवा में यहां हैं।",3,2
GOA 709080, गोवा 709080,0,0
hai, हाय,2,0
HII, HII,2,0
Awesome! So do I go ahead and confirm the package for you?, बहुत बढ़िया! तो क्या मैं आगे बढ़कर आपके लिए पैकेज की पुष्टि करूं?,3,2
Surely! I'd love to book your connection in D-link services. We are pleased to serve you. May I know your city name and zip code please?, निश्चित रूप से! मुझे डी-लिंक सेवाओं में आपका कनेक्शन बुक करना अच्छा लगेगा। हम आपकी सेवा करके प्रसन्न हैं। क्या मैं आपके शहर का नाम और ज़िप कोड जान सकता हूँ?,3,2
" i want to new cable
", मुझे नई केबल चाहिए,1,0
"Thank you for all the details, please give me a minute to proceed further. "," सभी विवरणों के लिए धन्यवाद, कृपया मुझे आगे बढ़ने के लिए एक मिनट दें।",3,0
"Awesome! Thank you for reaching out to us, hope you'll have a great day ahead!"," बहुत बढ़िया! हमसे संपर्क करने के लिए धन्यवाद, आशा है कि आगे आपका दिन बहुत अच्छा रहेगा!",3,2
Thanks., धन्यवाद।,3,2
"Pleasure's mine! Thanks for having a live chat, Good day!"," आनंद की मेरी! लाइव चैट करने के लिए धन्यवाद, शुभ दिन!",3,2
"Hey there, you're connected to Star cable customer service! How may I help you today?"," ठीक है, आप स्टार केबल ग्राहक सेवा से जुड़े हैं! आज मैं आपकी कैसे मदद कर सकता हूँ?",3,0
okay, ठीक है,2,0
Surely! May I know the city and it's zip code please?, निश्चित रूप से! क्या मैं शहर और उसका ज़िप कोड जान सकता हूँ?,3,0
divi & 2563 8569 8547, डिवि और 2563 8569 8547,0,0
okay, ठीक है,2,0
"Thanks for confirming. You'll have to login to our website i.e. www.cablehub.com , to create a new account go to New customer> update details> payment. When this process is done, you'll get a service activation text message. Enjoy using your service.","पुष्टि करने के लिए धन्यवाद। नया खाता बनाने के लिए आपको हमारी वेबसाइट यानी www.cablehub.com पर लॉग इन करना होगा, नए ग्राहक पर जाएं> विवरण अपडेट करें> भुगतान करें। जब यह प्रक्रिया पूरी हो जाती है, तो आपको एक सेवा सक्रियण टेक्स्ट संदेश प्राप्त होगा। अपनी सेवा का उपयोग करके आनंद लें।",3,2
"Good choice! I'd like to inform you that the 5Gb data plan would cost you $15 per month, would you want me to confirm the service?"," अच्छा विकल्प! मैं आपको सूचित करना चाहता हूं कि 5Gb डेटा योजना के लिए आपको प्रति माह $15 का खर्च आएगा, क्या आप चाहते हैं कि मैं सेवा की पुष्टि करूं?",3,2
ok, ठीक है,2,0
Phone please., कृपया फोन करें।,2,0
madurai, मदुरै,0,0
Bye, अलविदा,2,0
Awesome! So do I go ahead and confirm the plan and register your account with us?, बहुत बढ़िया! तो क्या मैं आगे बढ़ूं और योजना की पुष्टि करूं और हमारे साथ अपना खाता पंजीकृत करूं?,3,2
Thank you for choosing our services. I had a good time assisting you. Please feel free to reach out to us for further queries. Have a nice day!,हमारी सेवाओं को चुनने के लिए धन्यवाद। मेरे पास आपकी सहायता करने का अच्छा समय था। कृपया आगे के प्रश्नों के लिए हमसे बेझिझक संपर्क करें। आपका दिन शुभ हो!,3,2
i want to purchase cable, मुझे केबल खरीदना है,1,0
no thanks," जी नहीं, धन्यवाद",3,1
"Huntsvile  35801 thru 35888
", हंट्सविले 35801 से 35888,0,0
hai, हाय,2,0
Would there be anything else I may assist you with?, क्या कुछ और होगा जिसमें मैं आपकी सहायता कर सकूं?,2,0
"Sure, that's a very good decision. Would you have any queries regarding this plan?","ज़रूर, यह बहुत अच्छा निर्णय है। क्या आप इस योजना के बारे में कोई प्रश्न पूछना चाहेंगे?",3,2
You're welcome. I hope all your queries have been answered for today., आपका स्वागत है। मुझे आशा है कि आज के लिए आपके सभी प्रश्नों का उत्तर दिया गया है।,2,2
"That's perfect! Thank you for all the details, please give me a minute to proceed further. ","यह बिल्कुल सही है! सभी विवरणों के लिए धन्यवाद, कृपया मुझे आगे बढ़ने के लिए एक मिनट दें।",3,2
no nothing and have a great day sir., कुछ नहीं और आपका दिन शुभ हो सर।,2,0
"Hi! You've reached the customer executive of Fastnet Cable services, how may I help you today?
"," नमस्ते! आप Fastnet Cable सेवाओं के ग्राहक कार्यकारी तक पहुँच चुके हैं, मैं आज आपकी कैसे मदद कर सकता हूँ?",3,0
Thanks for connecting to us. Please feel free to contact us for any further assistance. have a great day ahead! :)," हमसे जुड़ने के लिए धन्यवाद। किसी और सहायता के लिए कृपया बेझिझक हमसे संपर्क करें। यही चाहता हूं, दिन अच्छा बीते! :)",3,2
yes, हां,2,0
Sure! I'll definitely help you with that. Could you please help me with your city name and the zip code?, ज़रूर! मैं इसमें आपकी जरूर मदद करूंगा। क्या आप कृपया मुझे अपने शहर के नाम और ज़िप कोड के साथ मदद कर सकते हैं?,3,0
I understand your situation. I'd be glad to assist you in this regard. May I know your full name and  your account number?, मैं अपकी स्थिति को समझता हूँ। मुझे इस संबंध में आपकी सहायता करने में खुशी होगी। क्या मैं आपका पूरा नाम और आपका खाता नंबर जान सकता हूँ?,3,0
Alright! Would there be anything else I may help you with?, ठीक है! क्या कुछ और होगा जिसमें मैं आपकी मदद कर सकूं?,2,0
I NEED A INTERNET CONNECTION, मुझे इंटरनेट कनेक्शन चाहिए,1,0
NEED TO PURCHASE CABLE SERVICE NETWORK..CAN U?, केबल सेवा नेटवर्क खरीदने की आवश्यकता है..क्या आप कर सकते हैं?,1,0
Perfect! The 5 GB will be now activated and it will cost you $5 on monthly basis including all taxes., उत्तम! 5 जीबी अब सक्रिय हो जाएगा और सभी करों सहित मासिक आधार पर इसकी कीमत आपको $ 5 होगी।,2,2
I WANT TO PURCHASE INTERNET, मुझे इंटरनेट खरीदना है,1,0
Fantastic!! It was my pleasure assisting you. Thanks for contacting D-link media services. Have a great day ahead. We look for long and successful association., ज़बरदस्त!! आपकी सहायता करना मेरी खुशी थी। डी-लिंक मीडिया सेवाओं से संपर्क करने के लिए धन्यवाद। आगे एक महान दिन हो। हम लंबे और सफल जुड़ाव की तलाश करते हैं।,3,2
"And, also may I know if you need a cable connection or internet connection?"," और, क्या मैं यह भी जान सकता हूं कि आपको केबल कनेक्शन या इंटरनेट कनेक्शन की आवश्यकता है?",2,0
new york, न्यूयॉर्क,2,0
"Hello! Good Morning, Welcome to media cable services, How may I help you today?"," नमस्ते! सुप्रभात, मीडिया केबल सेवाओं में आपका स्वागत है, मैं आज आपकी कैसे मदद कर सकता हूं?",3,0
I would like to purchase 5GB data plan.,मैं 5GB डेटा प्लान खरीदना चाहूंगा।,2,0
prathi, पृथ्वी,2,0
Is there anything else I could help you with?, क्या कुछ और है जिसमें मैं आपकी मदद कर सकता हूं?,2,0
OK THANK YOU, ठीक है धन्यवाद,3,2
Perfect! I'll confirm the plan of 5 GB for cable service. Is there anything I might help you with?, उत्तम! मैं केबल सेवा के लिए 5 जीबी की योजना की पुष्टि करूंगा। क्या कोई ऐसी चीज है जिसमें मैं आपकी मदद कर सकता हूं?,3,2
Hi., नमस्ते।,3,0
GOA 456321, गोवा 456321,0,0
"Amazing! May I know the service that you'd like to take up in cable, internet and phone please?"," अद्भुत! क्या मैं उस सेवा को जान सकता हूँ जिसे आप केबल, इंटरनेट और फोन में लेना चाहते हैं?",3,2
HEY WAIT A MINUTE CAMERON.. SORRY I WOULD LIKE TO CHANGE MY TIME OF INSTALLATION AS I WON'T BE THERE IN THE AFTERNOON.. PLEASE MARK THE TIME AT 4.00PM IN THE EVENING...," अरे रुको एक मिनट कैमरून.. क्षमा करें, मैं अपने स्थापना के समय को बदलना चाहूंगा क्योंकि मैं दोपहर में वहां नहीं पहुंचूंगा.. कृपया शाम को 4.00 बजे समय चिह्नित करें...",3,1
okay, ठीक है,2,0
"Thanks for confirming, Good news! I've booked your cable connection. Forthwith after this chat, my technical team will get in touch with you and they'll assist you further. In case you don't get any call, please get back to us anytime."," पुष्टि करने के लिए धन्यवाद, अच्छी खबर! मैंने आपका केबल कनेक्शन बुक कर लिया है। इस चैट के तुरंत बाद, मेरी तकनीकी टीम आपसे संपर्क करेगी और वे आगे आपकी सहायता करेंगे। यदि आपको कोई कॉल नहीं आती है, तो कृपया किसी भी समय हमसे संपर्क करें।",3,2
delhi and 397648, दिल्ली और 397648,2,0
Good morning! You've reached Net link Media/Cable Services. How may I help you today?, सुबह बख़ैर! आप नेट लिंक मीडिया/केबल सेवाओं पर पहुंच गए हैं। आज मैं आपकी कैसे मदद कर सकता हूँ?,3,0
"Hi! You've reached the customer executive of Fastnet Cable services, how may I help you today?"," नमस्ते! आप Fastnet Cable सेवाओं के ग्राहक कार्यकारी तक पहुँच चुके हैं, मैं आज आपकी कैसे मदद कर सकता हूँ?",3,0
5 gb, 5 जीबी,0,0
I want to purchase new cable service, मैं नई केबल सेवा खरीदना चाहता/चाहती हूं,1,0
I am interested to purchase a new cable service ..Can you help me?, मुझे एक नई केबल सेवा खरीदने में दिलचस्पी है..क्या आप मेरी मदद कर सकते हैं?,3,0
Hello! Welcome to AT&T. How may I help you today?, नमस्ते! एटी एंड टी में आपका स्वागत है। आज मैं आपकी कैसे मदद कर सकता हूँ?,3,0
Awesome! 5GB data plan would cost you $10. Would you like to confirm the plan?, बहुत बढ़िया! 5GB डेटा प्लान की कीमत आपको $ 10 होगी। क्या आप योजना की पुष्टि करना चाहेंगे?,3,2
The plan is for a month and the speed is 500 MBPS., प्लान एक महीने के लिए है और स्पीड 500 एमबीपीएस है।,0,0
"Alright, Would it be 10 GB for internet and cable service?"," ठीक है, क्या यह इंटरनेट और केबल सेवा के लिए 10 जीबी होगा?",1,0
Great! Let me know if there would be anything more I could do for you., महान! मुझे बताएं कि क्या मैं आपके लिए और कुछ कर सकता हूं।,3,2
Perfect! The tariff of 10 GB internet data plan is $10. Should I confirm your subscription for 10 GB internet data plan?, उत्तम! 10 जीबी इंटरनेट डेटा प्लान का टैरिफ 10 डॉलर है। क्या मुझे 10 जीबी इंटरनेट डेटा प्लान के लिए आपकी सदस्यता की पुष्टि करनी चाहिए?,3,2
I'll help you in signing up for a new internet service. May I know the name of your city and the zip code of your area?, मैं एक नई इंटरनेट सेवा के लिए साइन अप करने में आपकी सहायता करूंगा। क्या मैं आपके शहर का नाम और आपके क्षेत्र का ज़िप कोड जान सकता हूँ?,3,0
Great! I've made a request for the installation of the services you wish to sign up for. Our team will shortly get in touch with you for further process., महान! मैंने उन सेवाओं की स्थापना के लिए अनुरोध किया है जिनके लिए आप साइन अप करना चाहते हैं। आगे की प्रक्रिया के लिए हमारी टीम जल्द ही आपसे संपर्क करेगी।,3,2
city Hazard and zip code 41701, सिटी हैज़र्ड और ज़िप कोड 41701,0,0
"Good news! I appreciate your patience in staying connected. I'd like to inform you that, I've confirmed your 10 GB internet connection with Net Link services. Our executives will reach you for the installation within 2-3 days.","खुशखबरी! मैं जुड़े रहने में आपके धैर्य की सराहना करता हूं। मैं आपको सूचित करना चाहता हूं कि, मैंने नेट लिंक सेवाओं के साथ आपके 10 जीबी इंटरनेट कनेक्शन की पुष्टि कर दी है। हमारे अधिकारी 2-3 दिनों के भीतर स्थापना के लिए आप तक पहुंचेंगे।",3,2
NO THANKS," जी नहीं, धन्यवाद",3,1
NOTHING ELSE  OK GOOD BYE HAVE A NICE DAY, और कुछ नहीं ठीक है आपका दिन शुभ हो,3,0
no thanks," जी नहीं, धन्यवाद",3,1
"Hello there! Welcome to Brad Ford Web services, how may I help you today? "," नमस्ते! ब्रैड फोर्ड वेब सेवाओं में आपका स्वागत है, मैं आज आपकी कैसे मदद कर सकता हूं?",3,0
No.Thank you so much for your help., नहीं।आपकी मदद के लिए बहुत बहुत धन्यवाद।,3,2
hi, नमस्ते,2,0
Sure I'll give you the required details right away. May I know your name and the account number?,निश्चित रूप से मैं आपको आवश्यक विवरण तुरंत दूंगा। क्या मैं आपका नाम और खाता संख्या जान सकता हूँ?,3,0
i need a some help, मुझे कुछ मदद चाहिए,1,0
"Thank you for all the details, please give me a minute to proceed further. "," सभी विवरणों के लिए धन्यवाद, कृपया मुझे आगे बढ़ने के लिए एक मिनट दें।",3,0
"Thanks for sharing your details. We've variety of data plans to fulfill your needs Viz, 1 GB, 5 GB and 10 GB. May I know which one you'd like to buy?"," अपना विवरण साझा करने के लिए धन्यवाद। आपकी ज़रूरतों को पूरा करने के लिए हमारे पास कई तरह के डेटा प्लान हैं जैसे 1 जीबी, 5 जीबी और 10 जीबी। क्या मैं जान सकता हूँ कि आप किसे खरीदना चाहेंगे?",3,2
nothing, कुछ नहीं,1,0
Alright! Which data plan would you like to purchase?, ठीक है! आप कौन सा डेटा प्लान खरीदना चाहेंगे?,3,0
"Thank you for being patient. I'd like to inform you that you're eligible for basic ($50 per month - 50 channels), premium ($75 per month - 75 channels), and platinum ($100 per month - all channels). The current promotions are 10% off premium cable if you sign a 3 month contract or 15% off platinum cable if you sign a 3 month contract. "," धैर्य रखने के लिए धन्यवाद। मैं आपको सूचित करना चाहता हूं कि आप मूल ($50 प्रति माह - 50 चैनल), प्रीमियम ($75 प्रति माह - 75 चैनल), और प्लैटिनम ($100 प्रति माह - सभी चैनल) के लिए पात्र हैं। यदि आप 3 महीने के अनुबंध पर हस्ताक्षर करते हैं या यदि आप 3 महीने के अनुबंध पर हस्ताक्षर करते हैं तो प्लैटिनम केबल पर 15% की छूट प्रीमियम केबल पर वर्तमान प्रचार 10% है।",3,2
HI, नमस्ते,2,0
ok, ठीक है,2,0
For sure! Could you please help me with the name of the city and the zip code?, पक्का! क्या आप कृपया शहर के नाम और ज़िप कोड के साथ मेरी मदद कर सकते हैं?,3,0
I'll need your complete 16 digit number could you please share?, मुझे आपकी 16 अंकों की पूरी संख्या की आवश्यकता होगी क्या आप कृपया साझा कर सकते हैं?,3,0
"Sure! That's awesome! And which data plan would you like to subscribe for? We have 1 GB, 5 GB and 10 GB plans available as of now."," ज़रूर! वह तो कमाल है! और आप किस डेटा प्लान की सदस्यता लेना चाहेंगे? अभी हमारे पास 1 जीबी, 5 जीबी और 10 जीबी प्लान उपलब्ध हैं।",3,2
HI, नमस्ते,2,0
No..Thanks for helping me., नहीं..मेरी मदद करने के लिए धन्यवाद।,3,0
"Great! Which Data plan would you like to purchase? We have 1GB, 5GB and 10GB data packages available with us."," महान! आप कौन सा डेटा प्लान खरीदना चाहेंगे? हमारे पास 1GB, 5GB और 10GB डेटा पैकेज उपलब्ध हैं।",3,2
Fantastic! Thank you for reaching out to us. Have a great day. Bye., ज़बरदस्त! हमसे संपर्क की पहल के लिए आपका धन्यवाद। आपका दिन अच्छा रहे। अलविदा।,3,2
All right! This shall be activated within 2 hours. Is there anything else I may help you with?, ठीक है! यह 2 घंटे के भीतर सक्रिय हो जाएगा। क्या कुछ और है जिसमें मैं आपकी मदद कर सकता हूं?,3,0
That is great!  I would like to sign up, यह बहुत बढ़िया बात है! मैं साइन अप करना चाहूंगा,2,2
5GB, 5GB,0,0
All right! That's it from my end. Would you like to know anything else?, ठीक है! मेरी तरफ से यही है। क्या आप कुछ और जानना चाहेंगे?,3,0
Sure! I will help you in getting your connection today. May I know the name our city with it's zip code?, ज़रूर! मैं आज आपका कनेक्शन पाने में आपकी मदद करूंगा। क्या मैं अपने शहर का नाम उसके ज़िप कोड से जान सकता हूँ?,3,2
"Nothing else needed ,Thank you"," और कुछ नहीं चाहिए, धन्यवाद",3,2
hi, नमस्ते,2,0
delhi, दिल्ली,2,0
"Fantastic! I've confirmed your new  1 GB cable connection, internet and phone services and I've created an account of yours with our services. Our executives will reach you with the installation within 48 hrs. Would there be anything else that I may help you with?","ज़बरदस्त! मैंने आपके नए 1 जीबी केबल कनेक्शन, इंटरनेट और फोन सेवाओं की पुष्टि की है और मैंने हमारी सेवाओं के साथ आपका खाता बनाया है। हमारे अधिकारी 48 घंटे के भीतर इंस्टॉलेशन के साथ आप तक पहुंच जाएंगे। क्या कुछ और होगा जिससे मैं आपकी मदद कर सकूं?",3,2
hellooo, नमस्ते,2,0
"Good morning, you're connected to AT&T Customer Service. How can I be of help to you?"," सुप्रभात, आप एटी एंड टी ग्राहक सेवा से जुड़े हैं। मैं आपकी किस प्रकार सहायता कर सकता हूँ?",3,0
5 GB plan, 5 जीबी प्लान,0,0
"Thank you for helping me with your details. At present, we have three data plans, they are 1 GB, 5 GB and 10 GB. which one you'd like to buy?","अपने विवरण के साथ मेरी मदद करने के लिए धन्यवाद। फिलहाल हमारे पास तीन डेटा प्लान हैं, वे 1 जीबी, 5 जीबी और 10 जीबी हैं। आप कौन सा खरीदना चाहेंगे?",3,0
"That's great! To proceed with that, may I know the name of your city and its zip code, please?"," एक दम बढ़िया! उस पर आगे बढ़ने के लिए, क्या मैं आपके शहर का नाम और उसका ज़िप कोड जान सकता हूँ, कृपया?",3,2
drew, ड्रयू,0,0
ok, ठीक है,2,0
YES FINE, हा ठीक है,2,2
"Thank you for reaching out to us, please feel free to reach out to us for further concerns. Have an awesome day ahead!"," हमसे संपर्क करने के लिए धन्यवाद, कृपया आगे की चिंताओं के लिए हमसे बेझिझक संपर्क करें। आगे का दिन शानदार हो!",3,2
I WANT TO PURCHASE INTERNET, मुझे इंटरनेट खरीदना है,1,0
"Thank you for staying connected, as we see that the government taxes has increased. This is the reason for the increase in the bill. We'll make sure that from the next you'll be getting a constant bill."," जुड़े रहने के लिए धन्यवाद, जैसा कि हम देखते हैं कि सरकारी करों में वृद्धि हुई है। यही वजह है कि बिल में बढ़ोतरी हुई है। हम सुनिश्चित करेंगे कि अगले से आपको लगातार बिल मिलता रहे।",3,1
I WANT TO PURCHASE INTERNET, मुझे इंटरनेट खरीदना है,1,0
I WANT TO PURCHASE INTERNET, मुझे इंटरनेट खरीदना है,1,0
Is the green light on the device blinking?, क्या डिवाइस पर हरी बत्ती झपक रही है?,2,0
sure, ज़रूर,2,0
ALEXANDER CITY 35002, सिकंदर शहर 35002,0,0
YES, हां,2,2
"Thank you for reaching out to us, please feel free to reach out to us for further concerns. Have a great day ahead!"," हमसे संपर्क करने के लिए धन्यवाद, कृपया आगे की चिंताओं के लिए हमसे बेझिझक संपर्क करें। आगे एक महान दिन हो!",3,2
Alright I have now confirmed the package for you and also created an account on your name. Our associate would visit your house shortly and help you with the service installation. Is there anything else I could help you with for today?," ठीक है, मैंने अब आपके लिए पैकेज की पुष्टि कर दी है और आपके नाम पर एक खाता भी बनाया है। हमारे सहयोगी शीघ्र ही आपके घर आएंगे और सेवा स्थापना में आपकी सहायता करेंगे। क्या आज के लिए मैं आपकी कुछ और मदद कर सकता हूँ?",2,0
hi, नमस्ते,2,0
okay, ठीक है,2,0
I am moving from Chennai to Mumbai in India, मैं भारत में चेन्नई से मुंबई जा रहा हूं,1,0
Good morning! You've reached Net link Media/Cable Services. How may I help you today?, सुबह बख़ैर! आप नेट लिंक मीडिया/केबल सेवाओं पर पहुंच गए हैं। आज मैं आपकी कैसे मदद कर सकता हूँ?,3,0
Good morning! You've reached Net link Media/Cable Services. How may I help you today?, सुबह बख़ैर! आप नेट लिंक मीडिया/केबल सेवाओं पर पहुंच गए हैं। आज मैं आपकी कैसे मदद कर सकता हूँ?,3,0
5gb, 5जीबी,0,0
10GB, 10जीबी,0,0
bye, अलविदा,2,0
OKAY THANK YOU, ठीक है धन्यवाद,3,2
Thank you for waiting. I checked with my team and it seems you've subscribed for daily news and current affairs alerts and that's why you're being charged extra., प्रतीक्षा के लिए धन्यवाद। मैंने अपनी टीम के साथ जांच की और ऐसा लगता है कि आपने दैनिक समाचारों और समसामयिक मामलों के अलर्ट के लिए सदस्यता ली है और इसलिए आपसे अतिरिक्त शुल्क लिया जा रहा है।,3,1
okay thank you, ठीक है धन्यवाद,3,2
Good Morning, शुभ प्रभात,3,0
Alright! Before you would like to go ahead and cancel the service I would like to offer a 10% off on your next months bill. This offer is specially for you and we do not want to loose a customer like you so we would like to give a compensation from our end and would you please be considerate and accept the offer and choose to continue your service with us?,"ठीक है! इससे पहले कि आप आगे बढ़ें और सेवा रद्द करें, मैं आपके अगले महीने के बिल पर 10% की छूट देना चाहूंगा। यह ऑफ़र विशेष रूप से आपके लिए है और हम आप जैसे ग्राहक को खोना नहीं चाहते हैं, इसलिए हम अपनी ओर से एक मुआवजा देना चाहेंगे और क्या आप कृपया इस पर विचार करेंगे और इस प्रस्ताव को स्वीकार करेंगे और हमारे साथ अपनी सेवा जारी रखने का विकल्प चुनेंगे?",3,2
10 GB data plan, 10 जीबी डेटा प्लान,0,0
Oh! I'm really sorry for that. I contacted my team and it seems you've subscribed for daily fitness tips and that's why you're being charged an extra amount of 85$., ओह! मुझे इसके लिए वाकई खेद है। मैंने अपनी टीम से संपर्क किया और ऐसा लगता है कि आपने दैनिक फिटनेस युक्तियों के लिए सदस्यता ली है और इसलिए आपसे 85$ की अतिरिक्त राशि ली जा रही है।,3,1
new cable service, नई केबल सेवा,0,0
no thanks," जी नहीं, धन्यवाद",3,1
"Perfect! For the internet service we have 1 GB, 5 GB and 10 GB data plans. May I know which plan you'd like to purchase? "," उत्तम! इंटरनेट सेवा के लिए हमारे पास 1 जीबी, 5 जीबी और 10 जीबी डेटा प्लान हैं। क्या मैं जान सकता हूँ कि आप कौन-सा प्लान खरीदना चाहेंगे?",3,2
Should I confirm the 5Gb data plan for you?, क्या मुझे आपके लिए 5Gb डेटा प्लान की पुष्टि करनी चाहिए?,1,0
"Nothing else, Thank you for your information. Have a nice day to chat with you. "," और कुछ नहीं, आपकी जानकारी के लिए धन्यवाद। आपके साथ चैट करने के लिए एक अच्छा दिन है।",3,0
no, नहीं,1,1
5 GB, 5 जीबी,0,0
"Fort Lee, NJ 07024
"," फोर्ट ली, एनजे 07024",0,0
Sure! I'll help you with that. Could you please provide me the city and the zip code?, ज़रूर! मैं इसमें आपकी मदद करूंगा। क्या आप कृपया मुझे शहर और ज़िप कोड प्रदान कर सकते हैं?,3,0
"Hello, you're connected to Continental cable customer service. How may I assist you today?","नमस्कार, आप कॉन्टिनेंटल केबल ग्राहक सेवा से जुड़े हैं। आज मैं आपकी मदद किस तरह कर सकता हूँ?",3,0
"Perfect! For the internet service, we have 1 GB plan for $10, 5 GB plan for $20 and 10 GB for $30. Could you please let me know which data plan you'd like to choose? "," उत्तम! इंटरनेट सेवा के लिए, हमारे पास $10 के लिए 1 जीबी योजना, $20 के लिए 5 जीबी योजना और $30 के लिए 10 जीबी की योजना है। क्या आप कृपया मुझे बता सकते हैं कि आप कौन सी डेटा योजना चुनना चाहेंगे?",3,2
I apologize?, मैं क्षमाप्रार्थी हूं?,3,0
YES, हां,2,2
"Awesome! Thank you for reaching out to us, hope you'll have a great day ahead! "," बहुत बढ़िया! हमसे संपर्क करने के लिए धन्यवाद, आशा है कि आगे आपका दिन बहुत अच्छा रहेगा!",3,2
hi, नमस्ते,2,0
Hello there! This is Customer Executive speaking. How may I help you today?, नमस्ते! यह ग्राहक कार्यकारी बोल रहा है। आज मैं आपकी कैसे मदद कर सकता हूँ?,3,0
Fantastic! may I know your address and credit card number for service activation please,ज़बरदस्त! क्या मुझे सेवा सक्रियण के लिए आपका पता और क्रेडिट कार्ड नंबर पता हो सकता है,3,2
Great! May I please know which know data plan would you like to purchase?, महान! क्या मैं कृपया जान सकता हूं कि आप कौन सा डेटा प्लान खरीदना चाहेंगे?,3,2
Good morning! You've reached Net link Media/Cable Services. How may I help you today?, सुबह बख़ैर! आप नेट लिंक मीडिया/केबल सेवाओं पर पहुंच गए हैं। आज मैं आपकी कैसे मदद कर सकता हूँ?,3,0
Great! I'd be glad to help you with that. Could you please help me with your city's name?,महान! मुझे इसमें आपकी मदद करने में खुशी होगी। क्या आप कृपया अपने शहर के नाम के साथ मेरी मदद कर सकते हैं?,3,2
I NEED A INTERNET CONEECTION, मुझे इंटरनेट कनेक्शन चाहिए,1,0
yes, हां,2,0
Hello! good morning! You're connected to Annabelle cable customer service., नमस्ते! शुभ प्रभात! आप एनाबेले केबल ग्राहक सेवा से जुड़े हैं।,3,0
HELLO, नमस्ते,2,0
hai, हाय,2,0
i happy, मै खुश,2,2
no thanks," जी नहीं, धन्यवाद",3,1
"Nice! May I know which data plan would you prefer, we have 1Gb, 5Gb and 10Gb?"," अच्छा! क्या मुझे पता है कि आप कौन सा डेटा प्लान पसंद करेंगे, हमारे पास 1Gb, 5Gb और 10Gb है?",3,0
Sure! Thank you for giving us a chance to serve you. Could you please help me with your city name and the zip code?, ज़रूर! हमें आपकी सेवा करने का मौका देने के लिए धन्यवाद। क्या आप कृपया मुझे अपने शहर के नाम और ज़िप कोड के साथ मदद कर सकते हैं?,3,2
What if I don't want the phone?, अगर मुझे फोन नहीं चाहिए तो क्या होगा?,1,0
Awaiting for your reply, आपके उत्तर का इंतज़ार,0,0
jessly, jessly,0,0
no, नहीं,1,1
"Thank you John! I see that your bill for the month of September, is $46 i.e from (1st-27th September) "," धन्यवाद जॉन! मैं देख रहा हूं कि सितंबर महीने के लिए आपका बिल $46 है, यानी (1-27 सितंबर)",3,0
"Perfect choice! I'd like to inform you that, The fare for 10 GB would be $25.60 (including all the taxes) and you get high speed internet at no extra cost. Isn't that amazing? "," सही चुनाव! मैं आपको सूचित करना चाहता हूं कि, 10 जीबी का किराया $25.60 (सभी करों सहित) होगा और आपको बिना किसी अतिरिक्त लागत के उच्च गति का इंटरनेट मिलेगा। क्या यह आश्चर्यजनक नहीं है?",3,2
"Can you just tell me how much that will be each month, please?", क्या आप मुझे बता सकते हैं कि यह हर महीने कितना होगा?,3,0
"I NEED 5GB, $10 PACKAGES "," मुझे 5GB, $10 पैकेज चाहिए",1,0
I need to my last month data, मुझे अपने पिछले महीने के डेटा की आवश्यकता है,2,0
"Thank you! Since you've mentioned you would like to go ahead with the internet service, we have three packages to offer since you are our new customer and they are (1GB, 5 GB, 10 GB) which are $5, $10 and $20 respectively. So now could you please go ahead and choose a package for yourself?","आपको धन्यवाद! चूंकि आपने उल्लेख किया है कि आप इंटरनेट सेवा के साथ आगे बढ़ना चाहते हैं, हमारे पास पेश करने के लिए तीन पैकेज हैं क्योंकि आप हमारे नए ग्राहक हैं और वे हैं (1GB, 5GB, 10GB) जो क्रमशः $5, $10 और $20 हैं। तो क्या अब आप कृपया आगे बढ़ सकते हैं और अपने लिए एक पैकेज चुन सकते हैं?",3,0
654685,654685,0,0
NOTHING ELSE, और कुछ नहीं,2,0
I would like the 10 GB., मुझे 10 जीबी चाहिए।,2,0
10GB, 10जीबी,0,0
Could you help me locate you by sharing your city and the zip code?, क्या आप अपना शहर और ज़िप कोड साझा करके आपको ढूंढने में मेरी मदद कर सकते हैं?,3,0
No Thanks. I feel i got all quiries.,"जी नहीं, धन्यवाद। मुझे लगता है कि मेरे पास सभी प्रश्न हैं।",3,1
23$, 23$,0,0
ok thanks, ठीक है धन्यवाद,3,0
5 GB, 5 जीबी,0,0
1 GB pla, 1 जीबी प्ला,0,0
Fantastic! Thank you for reaching out to us. Have a great day. Bye., ज़बरदस्त! हमसे संपर्क की पहल के लिए आपका धन्यवाद। आपका दिन अच्छा रहे। अलविदा।,3,2
"Definitely! Thank you for choosing Net Link for you new cable services, we have the best plans for our customers on their choice of services. I'd be glad to help you get that. May I know the city name and it's zip code?"," निश्चित रूप से! आपके लिए नई केबल सेवाओं के लिए नेट लिंक चुनने के लिए धन्यवाद, हमारे ग्राहकों के लिए उनकी पसंद की सेवाओं पर सर्वोत्तम योजनाएं हैं। मुझे इसे प्राप्त करने में आपकी सहायता करने में खुशी होगी। क्या मैं शहर का नाम और उसका ज़िप कोड जान सकता हूँ?",3,2
basic ($50 per month - 50 channels),मूल ($50 प्रति माह - 50 चैनल),0,0
HI, नमस्ते,2,0
Awesome! I have now confirmed the 10 GB data plan on your name and created an account for you. Our associate would visit your house and help you in the service installation. Is there anything else I could help you with for today?, बहुत बढ़िया! मैंने अब आपके नाम पर 10 जीबी डेटा प्लान की पुष्टि की है और आपके लिए एक खाता बनाया है। हमारे सहयोगी आपके घर आएंगे और सर्विस इंस्टालेशन में आपकी मदद करेंगे। क्या आज के लिए मैं आपकी कुछ और मदद कर सकता हूँ?,3,2
hi, नमस्ते,2,0
Its ok., यह ठीक है।,2,2
"Surely, I'll help you with it. Could you share the city and the zip code?"," ज़रूर, मैं इसमें आपकी मदद करूँगा। क्या आप शहर और पिन कोड साझा कर सकते हैं?",2,0
"Thank you for staying connected. We've made a note of your request, please give us 24 hours for the installation process. Our executives will reach out to you for further details, please feel free to visit our website www.vfibernet.com. ","जुड़े रहने के लिए धन्यवाद। हमने आपके अनुरोध को नोट कर लिया है, कृपया हमें इंस्टॉलेशन प्रक्रिया के लिए 24 घंटे का समय दें। अधिक जानकारी के लिए हमारे अधिकारी आपसे संपर्क करेंगे, कृपया बेझिझक हमारी वेबसाइट www.vfibernet.com देखें।",3,2
Thank You, धन्यवाद,3,2
"I apologize, could you please be more specific with your concern? "," मुझे खेद है, क्या आप कृपया अपनी चिंता के बारे में अधिक विशिष्ट हो सकते हैं?",3,0
Perfect! I'll confirm the plan of 10 GB for the phone service to you. Is there anything else that I may help you with?, उत्तम! मैं आपको फोन सेवा के लिए 10 जीबी की योजना की पुष्टि करूंगा। क्या कुछ और है जिसमें मैं आपकी मदद कर सकता हूं?,3,2
"Sorry ,Please cancel my service iam not interested to continue the service"," क्षमा करें, कृपया मेरी सेवा रद्द करें, मुझे सेवा जारी रखने में कोई दिलचस्पी नहीं है",3,1
hi, नमस्ते,2,0
Hello! Welcome to AT&T! How may I help you today?, नमस्ते! एटी एंड टी में आपका स्वागत है! आज मैं आपकी कैसे मदद कर सकता हूँ?,3,0
I WANT TO PURCHASE INTERNET, मुझे इंटरनेट खरीदना है,1,0
Are you there?, क्या आप हैं?,1,0
nothing, कुछ नहीं,1,0
5GB PLAN., 5GB योजना।,0,0
Do you have ongoing promotions?, क्या आपके पास चल रहे प्रचार हैं?,0,0
Absolutely! May I confirm if everything's cleared?, बिल्कुल! क्या मैं पुष्टि कर सकता हूं कि सब कुछ साफ़ हो गया है?,2,0
Thank you! Anything else that I may help you with today?, आपको धन्यवाद! कुछ और जो मैं आज आपकी मदद कर सकता हूँ?,3,2
That's great! I've registered you for this plan and the plan will be activated within the next 24 hours. Would you need anything else?, एक दम बढ़िया! मैंने आपको इस योजना के लिए पंजीकृत किया है और यह योजना अगले 24 घंटों के भीतर सक्रिय हो जाएगी। क्या आपको कुछ और चाहिए होगा?,3,2
"Alright! Have a great day, hope to assist you again. Goodbye!"," ठीक है! आपका दिन शुभ हो, आशा है कि आप फिर से मदद करेंगे। अलविदा!",3,2
"yeah, thankyou spencer","हाँ, धन्यवाद स्पेंसर",2,0
melur, मेलूर,0,0
hai, हाय,2,0
hai, हाय,2,0
MUMBAI AND 107961, मुंबई और 107961,0,0
"Amazing! May I know which plan would you like to choose in 1 GB, 5 GB and 10 GB?"," अद्भुत! क्या मैं जान सकता हूं कि आप 1 जीबी, 5 जीबी और 10 जीबी में कौन सा प्लान चुनना चाहेंगे?",3,2
"Alright! And what kind of cable service would you like to sigh up for? We have basic, premium and platinum service plans available as of now."," ठीक है! और आप किस प्रकार की केबल सेवा के लिए आहें भरना चाहेंगे? अभी हमारे पास बेसिक, प्रीमियम और प्लेटिनम सर्विस प्लान उपलब्ध हैं।",2,0
Hello! How may I assist you today?, नमस्ते! आज मैं आपकी मदद किस तरह कर सकता हूँ?,3,0
I WANT TO PURCHASE INTERNET, मुझे इंटरनेट खरीदना है,1,0
OH OKAY.., ओह ठीक है..,2,2
"Hello and welcome to Star cable customer care services. How may I assist you today?
", नमस्कार और स्टार केबल कस्टमर केयर सर्विसेज में आपका स्वागत है। आज मैं आपकी मदद किस तरह कर सकता हूँ?,3,0
dover 19901, डोवर 19901,0,0
Hello! Welcome to Aura cable services. How may I assist you today?, नमस्ते! ऑरा केबल सर्विस में आपका स्वागत है। आज मैं आपकी मदद किस तरह कर सकता हूँ?,3,0
no thanks," जी नहीं, धन्यवाद",3,1
"Awesome! May I also know if you'd like to get a 1 GB, 5 GB or 10 GB plans for your service?","बहुत बढ़िया! क्या मैं यह भी जान सकता हूं कि क्या आप अपनी सेवा के लिए 1 जीबी, 5 जीबी या 10 जीबी प्लान लेना चाहते हैं?",3,2
Washington 20001, वाशिंगटन 20001,2,0
10GB, 10जीबी,0,0
Hello! Welcome to AT&T Customer Service. How may I help you today?, नमस्ते! एटी एंड टी ग्राहक सेवा में आपका स्वागत है। आज मैं आपकी कैसे मदद कर सकता हूँ?,3,0
"Awesome! Thank you for reaching out to us, hope you'll have a great day ahead!"," बहुत बढ़िया! हमसे संपर्क करने के लिए धन्यवाद, आशा है कि आगे आपका दिन बहुत अच्छा रहेगा!",3,2
"You can choose from these suitable data plans from 10Gb, 5GB and 1GB?"," आप इन उपयुक्त डेटा प्लान्स में से 10Gb, 5GB और 1GB में से चुन सकते हैं?",0,0
"You are most welcome! Thank you for choosing our service! For any query, please feel free to call us anytime on our toll free number. We are always here at your service!"," आपका बहुत स्वागत है! हमारी सेवा चुनने के लिए धन्यवाद! किसी भी प्रश्न के लिए, कृपया बेझिझक हमें किसी भी समय हमारे टोल फ्री नंबर पर कॉल करें। हम हमेशा आपकी सेवा में हैं!",3,2
Hello! How may I assist you today?, नमस्ते! आज मैं आपकी मदद किस तरह कर सकता हूँ?,3,0
1456,1456,0,0
"Alright, I'd like to inform you that your service request has been registered with us and our technical team will contact you in the next 24 hours to book an appointment for the installation of the service. "," ठीक है, मैं आपको सूचित करना चाहता हूं कि आपका सेवा अनुरोध हमारे साथ पंजीकृत हो गया है और हमारी तकनीकी टीम सेवा की स्थापना के लिए अपॉइंटमेंट बुक करने के लिए अगले 24 घंटों में आपसे संपर्क करेगी।",3,0
mathurai, मथुराई,0,0
Hey! Good morning! You are connected to star cable customer service. How may I help you today?, अरे! सुबह बख़ैर! आप स्टार केबल ग्राहक सेवा से जुड़े हैं। आज मैं आपकी कैसे मदद कर सकता हूँ?,3,0
"Great! I've forwarded your service activation request for the 10 GB internet data plan. You will be receiving a confirmation message regarding the same within 2-4 hours. We hope you enjoy our service. Will there be anything else I could help you with?
",महान! मैंने 10 जीबी इंटरनेट डेटा प्लान के लिए आपका सेवा सक्रियण अनुरोध अग्रेषित कर दिया है। आपको 2-4 घंटों के भीतर उसी के संबंध में एक पुष्टिकरण संदेश प्राप्त होगा। हमें उम्मीद है कि आप हमारी सेवा का आनंद लेंगे। क्या कुछ और होगा जिसमें मैं आपकी मदद कर सकूं?,3,2
Can you please share the process for new cable connection, क्या आप कृपया नए केबल कनेक्शन के लिए प्रक्रिया साझा कर सकते हैं,3,0
The 5GB plan will cost you $5 including all taxes. I will activate the same for you., 5GB प्लान में आपको सभी टैक्स सहित $5 खर्च होंगे। मैं आपके लिए इसे सक्रिय कर दूंगा।,1,0
10 GB data plan, 10 जीबी डेटा प्लान,0,0
no thanks for your great help, आपकी महान मदद के लिए नहीं धन्यवाद,3,1
9.85479E+11,9.85479E+11,0,0
"NO , THANK YOU ", नहीं धन्यवाद,3,0
NO THANKS," जी नहीं, धन्यवाद",3,1
"We have 1GB, 5GB and 10GB data plans available."," हमारे पास 1GB, 5GB और 10GB डेटा प्लान उपलब्ध हैं।",1,0
"Oh you have 3 plans, let me choose the best one, But i need to know the price of each, can you suggest?"," ओह, आपके पास 3 योजनाएँ हैं, मुझे सबसे अच्छी योजना चुनने दें, लेकिन मुझे प्रत्येक की कीमत जानने की आवश्यकता है, क्या आप सुझाव दे सकते हैं?",3,0
Perfect! I will activate the same for you. The 10GB plan costs $10 including all taxes., उत्तम! मैं आपके लिए इसे सक्रिय कर दूंगा। सभी करों सहित 10GB योजना की लागत $ 10 है।,3,2
my city name is denver my zip code is 80201, मेरे शहर का नाम डेनवर है मेरा ज़िप कोड 80201 है,1,0
HI, नमस्ते,2,0
NOTHING ELSE, और कुछ नहीं,2,0
"All right. As per your request, I have initiated the data plan of 10GB. You would be receiving the message and the payment link shortly. Is there anything else I may help you with?","ठीक है। आपके अनुरोध के अनुसार, मैंने 10GB का डेटा प्लान शुरू किया है। आपको शीघ्र ही संदेश और भुगतान लिंक प्राप्त होगा। क्या कुछ और है जिसमें मैं आपकी मदद कर सकता हूं?",2,0
I want a new service, मुझे एक नई सेवा चाहिए,1,0
"Alright, I'd like to inform you that I've confirmed your service which will be installed and activated in the next 2 business days. "," ठीक है, मैं आपको सूचित करना चाहता हूं कि मैंने आपकी सेवा की पुष्टि कर दी है जो अगले 2 व्यावसायिक दिनों में स्थापित और सक्रिय हो जाएगी।",2,0
"HYDERABAD, 933254"," हैदराबाद, 933254",0,0
I NEED A CABLE SERVICE, मुझे केबल सेवा चाहिए,1,0
hello robin, हैलो रॉबिन,3,0
"You're welcome!  Thank you for reaching out to us, wish to serve you again. Have a nice time!"," आपका स्वागत है! हमसे संपर्क करने के लिए धन्यवाद, मैं फिर से आपकी सेवा करना चाहता हूं। आशा है आपका समय अच्छा बीते!",3,2
"Superb! Thanks for contacting D-link customer service. I've registered your request, Enjoy our services. If you have any complaints or queries please contact us we'll help you out. Have a great day ahead!"," शानदार! डी-लिंक ग्राहक सेवा से संपर्क करने के लिए धन्यवाद। मैंने आपका अनुरोध दर्ज कर लिया है, हमारी सेवाओं का आनंद लें। यदि आपको कोई शिकायत या प्रश्न हैं तो कृपया हमसे संपर्क करें हम आपकी सहायता करेंगे। आगे एक महान दिन हो!",3,2
"Hi,good morning", हाय सुप्रभात,3,0
cable, केबल,0,0
my city name is chennai my zip code  600058,मेरे शहर का नाम चेन्नई है मेरा ज़िप कोड 600058,2,0
"Sure! What would you like to purchase sir? We offer phone service, cable service and also internet service. You can avail any service you wish to sign up for."," ज़रूर! आप क्या खरीदना चाहेंगे सर? हम फोन सेवा, केबल सेवा और इंटरनेट सेवा भी प्रदान करते हैं। आप जिस भी सेवा के लिए साइन अप करना चाहते हैं, उसका लाभ उठा सकते हैं।",2,0
Hello sam!!!, हैलो सैम!!!,3,0
My prefer to purchase 1GB data plan., मैं 1GB डेटा प्लान खरीदना पसंद करता हूं।,2,0
It will charge you $7 including all taxes., यह आपसे सभी करों सहित $7 का शुल्क लेगा।,0,0
Thank you very much, आपका बहुत बहुत धन्यवाद,3,2
Good Morning! Thank you for contacting F-Link service. How may I help you today?, शुभ प्रभात! एफ-लिंक सेवा से संपर्क करने के लिए धन्यवाद। आज मैं आपकी कैसे मदद कर सकता हूँ?,3,2
"Amazing! May I know which plan would you like to choose in 1 GB, 5 GB and 10 GB?"," अद्भुत! क्या मैं जान सकता हूं कि आप 1 जीबी, 5 जीबी और 10 जीबी में कौन सा प्लान चुनना चाहेंगे?",3,2
Hey there! How may I help you today?, सुनो! आज मैं आपकी कैसे मदद कर सकता हूँ?,3,0
Please arrange by tomorrow, कृपया कल तक व्यवस्था करें,2,0
"Sure thing! We have these plans available with us for you - 1GB, 5GB and 10 GB. What's your pick?"," अवश्य! हमारे पास आपके लिए ये प्लान उपलब्ध हैं - 1GB, 5GB और 10GB। आपकी पसंद क्या है?",2,2
madurai, मदुरै,0,0
"Thanks for having a live chat. Please drop in your invaluable feedback at 546-827-124, by giving a missed call. Good day!",लाइव चैट करने के लिए धन्यवाद। कृपया मिस्ड कॉल देकर 546-827-124 पर अपनी बहुमूल्य प्रतिक्रिया दें। अच्छा दिन!,3,2
"Sure, you've been successfully registered for this service connection. The installation team will reach out to you and the connection will be made within the next 24 hours?"," ज़रूर, आप इस सेवा कनेक्शन के लिए सफलतापूर्वक पंजीकृत हो गए हैं। इंस्टालेशन टीम आप तक पहुंचेगी और अगले 24 घंटों के भीतर कनेक्शन कर दिया जाएगा?",2,1
Sure! Please allow me a moment to proceed further., ज़रूर! कृपया मुझे आगे बढ़ने के लिए एक क्षण का समय दें।,3,0
I am reaching here to get a new internet service., मैं नई इंटरनेट सेवा लेने के लिए यहां पहुंच रहा हूं।,2,0
I want new cable service, मुझे नई केबल सेवा चाहिए,1,0
Thank you for choosing our services. I had a great time assisting you. Please do feel free to reach out to us for further queries. Have a good day!, हमारी सेवाओं को चुनने के लिए धन्यवाद। मुझे आपकी सहायता करने में बहुत अच्छा लगा। कृपया आगे के प्रश्नों के लिए हमसे बेझिझक संपर्क करें। आपका दिन शुभ हो!,3,2
Hello! Welcome to prodesk cable services. How may I help you today?, नमस्ते! प्रोडेस्क केबल सेवाओं में आपका स्वागत है। आज मैं आपकी कैसे मदद कर सकता हूँ?,3,0
hai, हाय,2,0
ok take your time," ठीक है, जितना चाहिए समय लो",2,0
Hello. Welcome to ACE cables. How may I help you today?, नमस्ते। एसीई केबल्स में आपका स्वागत है। आज मैं आपकी कैसे मदद कर सकता हूँ?,3,0
ok, ठीक है,2,0
yes, हां,2,0
Sure. Your request for the desired service has been raised and our agent will contact you for the installation at your convenient time., ज़रूर। वांछित सेवा के लिए आपका अनुरोध उठाया गया है और हमारे एजेंट आपके सुविधाजनक समय पर स्थापना के लिए आपसे संपर्क करेंगे।,2,2
5 GB, 5 जीबी,0,0
Hey there! How may I assist you today?, सुनो! आज मैं आपकी मदद किस तरह कर सकता हूँ?,3,0
"Thank you for confirming! I've opened your new account, One of our customer associate will contact you and they'll proceed with the installation procedure. After which your service will get activated. This might take 24 hours. So, please be patient.  we also have fast track installation service as well, We'll install your service within two hours and you'll be charged $5 extra."," पुष्टि करने के लिए शुक्रिया! मैंने आपका नया खाता खोल दिया है, हमारा एक ग्राहक सहयोगी आपसे संपर्क करेगा और वे स्थापना प्रक्रिया के साथ आगे बढ़ेंगे। जिसके बाद आपकी सर्विस एक्टिवेट हो जाएगी। इसमें 24 घंटे लग सकते हैं। तो, कृपया धैर्य रखें। हमारे पास फास्ट ट्रैक इंस्टॉलेशन सेवा भी है, हम आपकी सेवा को दो घंटे के भीतर स्थापित कर देंगे और आपसे $ 5 अतिरिक्त शुल्क लिया जाएगा।",3,1
"Alright! Thanks for confirming. You'll have to login to our website i.e. www.dlink.com, to create a new account go to New customer> update details> payment. When this process is done, you'll get a service activation text message. Enjoy using your service. ","ठीक है! पुष्टि करने के लिए धन्यवाद। नया खाता बनाने के लिए आपको हमारी वेबसाइट www.dlink.com पर लॉग इन करना होगा, नए ग्राहक पर जाएं> विवरण अपडेट करें> भुगतान करें। जब यह प्रक्रिया पूरी हो जाती है, तो आपको एक सेवा सक्रियण टेक्स्ट संदेश प्राप्त होगा। अपनी सेवा का उपयोग करके आनंद लें।",3,2
Would there be anything else I may assist you with?, क्या कुछ और होगा जिसमें मैं आपकी सहायता कर सकूं?,2,0
"Perfect! Thanks for information, may I please Know which data plan would you like to purchase?"," उत्तम! जानकारी के लिए धन्यवाद, क्या मैं कृपया जान सकता हूं कि आप कौन सा डेटा प्लान खरीदना चाहेंगे?",3,2
"Awesome! The monthly charges for the 1 GB internet data plan is $100 including all the taxes. Since you are our new customer, we would like to offer you a discount of 10% on your bills for the first 3 months. Would you like to confirm your subscription request for the 1 GB internet data plan?"," बहुत बढ़िया! 1 जीबी इंटरनेट डेटा प्लान का मासिक शुल्क सभी करों सहित $100 है। चूंकि आप हमारे नए ग्राहक हैं, इसलिए हम आपको पहले 3 महीनों के लिए आपके बिलों पर 10% की छूट देना चाहेंगे। क्या आप 1 जीबी इंटरनेट डेटा प्लान के लिए अपने सब्सक्रिप्शन अनुरोध की पुष्टि करना चाहेंगे?",3,2
"That's amazing! Thank you for the response. Could you please allow me a moment, I'll get back to you with the confirmation?"," वह आश्चर्यजनक है! जवाब देने के लिए धन्यवाद। क्या आप कृपया मुझे एक क्षण की अनुमति दे सकते हैं, मैं पुष्टि के साथ आपसे संपर्क करूंगा?",3,2
nothing thanks," कुछ नहीं, धन्यवाद",3,1
"Okay. Surely, please allow me a minute to do so."," ठीक। निश्चित रूप से, कृपया मुझे ऐसा करने के लिए एक मिनट का समय दें।",3,0
Perfect! I'll sign you for the cable services of 5 GB plan. Is there anything else I might help you with?, उत्तम! मैं आपको 5 जीबी प्लान की केबल सेवाओं के लिए साइन करूंगा। क्या कुछ और है जिसमें मैं आपकी मदद कर सकता हूं?,3,2
Fantastic! I've forwarded your subscription request for a new cable in 1 GB data plan. You will be receiving a confirmation call regarding the same within 24 hours. I hope you enjoy our service. Will there be anything else I could do for you?, ज़बरदस्त! मैंने 1 जीबी डेटा प्लान में एक नई केबल के लिए आपका सब्सक्रिप्शन अनुरोध अग्रेषित कर दिया है। आपको 24 घंटे के भीतर उसी के संबंध में एक पुष्टिकरण कॉल प्राप्त होगा। मुझे आशा है कि आप हमारी सेवा का आनंद लेंगे। क्या मैं तुम्हारे लिए और कुछ कर सकता हूँ?,3,2
"Awesome! Therefore, I shall close this discussion here. You've been a great customer. Good day!",बहुत बढ़िया! इसलिए मैं इस चर्चा को यहीं समाप्त करता हूं। आप एक महान ग्राहक रहे हैं। अच्छा दिन!,3,2
Hello, नमस्ते,2,0
Hello and welcome to Star cable customer care. How may I help you today?, नमस्कार और स्टार केबल कस्टमर केयर में आपका स्वागत है। आज मैं आपकी कैसे मदद कर सकता हूँ?,3,0
Fantastic! The 10 GB will be now activated and it will cost you $50 on monthly basis including all taxes., ज़बरदस्त! 10 जीबी अब सक्रिय हो जाएगा और सभी करों सहित मासिक आधार पर आपको $50 का खर्च आएगा।,2,2
Good morning! You've reached Net link Media/Cable Services. How may I help you today?, सुबह बख़ैर! आप नेट लिंक मीडिया/केबल सेवाओं पर पहुंच गए हैं। आज मैं आपकी कैसे मदद कर सकता हूँ?,3,0
5 GB, 5 जीबी,0,0
DELHI AND 812763, दिल्ली और 812763,2,0
ok bye, चलो बाय,2,0
"Surely, I'll help you with it. Could you share the city you're residing and the zip code?"," ज़रूर, मैं इसमें आपकी मदद करूँगा। क्या आप जिस शहर में रह रहे हैं, उसका ज़िप कोड साझा कर सकते हैं?",2,0
"Alright! I have created an account on your name and also updated the details about your plan as well. Our associate would visit you shortly and help you with the service installation. Now, Is there any other query you want me to help you with for today?","ठीक है! मैंने आपके नाम पर एक खाता बनाया है और साथ ही आपकी योजना के बारे में विवरण भी अपडेट किया है। हमारे सहयोगी शीघ्र ही आपसे मिलने आएंगे और सेवा स्थापना में आपकी सहायता करेंगे। अब, क्या कोई अन्य प्रश्न है जो आप चाहते हैं कि मैं आज के लिए आपकी सहायता करूँ?",3,0
Oh! Sorry for that! I'll right away check that! May I know your name please?, ओह! उसके लिए खेद है! मैं तुरंत इसकी जाँच करूँगा! क्या मैं आपका नाम जान सकता हूँ?,3,0
"Thank you for choosing our service. For any query, please feel free to call us anytime on our toll free number. We are always here to help you.
"," हमारी सेवा चुनने के लिए धन्यवाद। किसी भी प्रश्न के लिए, कृपया बेझिझक हमें किसी भी समय हमारे टोल फ्री नंबर पर कॉल करें। हम आपकी मदद करने के लिए हमेशा मौजूद हैं।",3,2
"Thank you for your patience, I'm glad to inform you that I've signed you up for the services it will get activated in an hour and you can enjoy the services. Welcome aboard, anything else I may help you with?"," आपके धैर्य के लिए धन्यवाद, मुझे आपको यह बताते हुए खुशी हो रही है कि मैंने आपको उन सेवाओं के लिए साइन अप किया है जो एक घंटे में सक्रिय हो जाएंगी और आप सेवाओं का आनंद ले सकते हैं। जहाज पर आपका स्वागत है, कुछ और जो मैं आपकी मदद कर सकता हूँ?",3,2
Awesome! Would there be anything else I could help you with?, बहुत बढ़िया! क्या कुछ और होगा जिसमें मैं आपकी मदद कर सकूं?,3,2
"los angeles, 90011"," लॉस एंजिल्स, 90011",0,0
Great! Will there be anything else I may help you in?, महान! क्या कुछ और होगा जिसमें मैं आपकी मदद कर सकूं?,3,2
"Perfect! Thank you for that. Please allow me a minute or two, while I get this done for you."," उत्तम! उसके लिये आपका धन्यवाद। कृपया मुझे एक या दो मिनट का समय दें, जबकि मैं आपके लिए यह कर रहा हूं।",3,2
Hello! Thank you for contacting media cable services. How may I assist you today?, नमस्ते! मीडिया केबल सेवाओं से संपर्क करने के लिए धन्यवाद। आज मैं आपकी मदद किस तरह कर सकता हूँ?,3,0
"Thank you for sharing the details. We have different data plans such as 1GB, 5GB and 10GB for services like phone, internet and cable. Which one would you like to purchase?"," विवरण साझा करने के लिए धन्यवाद। हमारे पास फोन, इंटरनेट और केबल जैसी सेवाओं के लिए 1GB, 5GB और 10GB जैसे अलग-अलग डेटा प्लान हैं। आप कौन सा खरीदना चाहेंगे?",3,0
platinum, प्लैटिनम,0,2
"Superb! Could you please provide the information regarding the plan you'd opt in 1 GB, 5 GB and 10 GB?"," शानदार! क्या आप कृपया उस योजना के बारे में जानकारी प्रदान कर सकते हैं जिसे आप 1 जीबी, 5 जीबी और 10 जीबी में चुनते हैं?",3,2
Hello! How may I assist you?, नमस्ते! मैं आपकी कैसे सहायता कर सकता हूँ?,3,0
hai, हाय,2,0
"Surely, thank you for reaching out to us. Have a great day!"," निश्चित रूप से, हमसे संपर्क करने के लिए धन्यवाद। आपका दिन अच्छा रहे!",3,2
No thanks thanks for your information, नहीं धन्यवाद आपकी जानकारी के लिए धन्यवाद,3,1
"Congratulations! Your new 1 GB internet, cable and phone  connection is confirmed were our executives will reach you within 2-3 days for the installation. You are now a part of Net Link cable/media services, and I've also created an account of your with us, for any further queries you can look up to our website i.e www.netlink.com. ","बधाई हो! आपके नए 1 जीबी इंटरनेट, केबल और फोन कनेक्शन की पुष्टि हो गई है कि हमारे अधिकारी इंस्टॉलेशन के लिए 2-3 दिनों के भीतर आप तक पहुंच जाएंगे। अब आप नेट लिंक केबल/मीडिया सेवाओं का हिस्सा हैं, और मैंने आपके साथ एक खाता भी बनाया है, किसी भी अन्य प्रश्न के लिए आप हमारी वेबसाइट www.netlink.com पर देख सकते हैं।",2,2
I am trying to get a new internet package, मैं एक नया इंटरनेट पैकेज प्राप्त करने का प्रयास कर रहा हूँ,1,0
"Awesome! Thank you for that Ms.Whitney. Could you please allow me a moment, while I get this done for you?"," बहुत बढ़िया! उस सुश्री व्हिटनी के लिए धन्यवाद। क्या आप कृपया मुझे एक क्षण की अनुमति दे सकते हैं, जबकि मैं यह आपके लिए करवाता हूं?",3,2
ok, ठीक है,2,0
It was a pleasure to assist you today. Thank you for reaching out to us. Good day!, आज आपकी सहायता करके खुशी हुई। हमसे संपर्क की पहल के लिए आपका धन्यवाद। अच्छा दिन!,3,2
Great! I have now updated the details of your new city and our associate would visit your house and help you with the procedure further. However you would get a conformation regarding the same in an hour or two. Since you've been using the platinum cable service I have updated the same to your new location as well.," महान! मैंने अब आपके नए शहर का विवरण अपडेट कर दिया है और हमारे सहयोगी आपके घर आएंगे और आगे की प्रक्रिया में आपकी मदद करेंगे। हालाँकि आपको एक या दो घंटे में इसके बारे में एक रचना मिल जाएगी। चूंकि आप प्लेटिनम केबल सेवा का उपयोग कर रहे हैं, इसलिए मैंने इसे आपके नए स्थान पर भी अपडेट कर दिया है।",3,2
"That's Nice! The monthly charges for the 5 GB cable data plan is $100 including all the taxes. Since you are our new customer, we would like to offer you a discount of 10% on the bills for your first 2 months. Would you like to confirm the subscription for 5 GB cable data plan?\
","यह अच्छा है! 5 जीबी केबल डेटा प्लान का मासिक शुल्क सभी करों सहित $100 है। चूंकि आप हमारे नए ग्राहक हैं, इसलिए हम आपको आपके पहले 2 महीनों के बिलों पर 10% की छूट देना चाहेंगे। क्या आप 5 जीबी केबल डेटा प्लान के लिए सदस्यता की पुष्टि करना चाहेंगे?\",3,2
"Surely, it was a pleasure to assist you today. Have a great day! "," निश्चित रूप से, आज आपकी सहायता करने में खुशी हुई। आपका दिन अच्छा रहे!",3,2
Sure! You can visit our website for further details., ज़रूर! अधिक जानकारी के लिए आप हमारी वेबसाइट पर जा सकते हैं।,2,0
yaeh thats fine.., हाँ ठीक है..,2,0
internet service, इंटरनेट सेवा,0,0
I like to inform that i like to purchase new phone service., मुझे यह सूचित करना अच्छा लगता है कि मुझे नई फोन सेवा खरीदना पसंद है।,3,0
arun, अरुण,0,0
Hi! Welcome to universal cable customer care service. How may I help you today?, नमस्ते! यूनिवर्सल केबल कस्टमर केयर सर्विस में आपका स्वागत है। आज मैं आपकी कैसे मदद कर सकता हूँ?,3,0
10 GM, 10 जीएम,0,0
I need to my  ongoing promotions, मुझे अपने चल रहे प्रचारों की आवश्यकता है,2,0
ok, ठीक है,2,0
My option 10GB plan., मेरा विकल्प 10GB योजना।,1,0
THANKYOU FOR YOUR HELP TAYLOR, आपकी मदद के लिए धन्यवाद टेलर,2,2
Okay! Would there be anything else I may help you with?, ठीक! क्या कुछ और होगा जिसमें मैं आपकी मदद कर सकूं?,2,0
i will choose phone service, मैं फोन सेवा चुनूंगा,1,0
"Amazing! We are presently offering 1 GB, 5 GB and 10 GB data plans. Which one you'd like to purchase?"," अद्भुत! हम फिलहाल 1 जीबी, 5 जीबी और 10 जीबी डेटा प्लान दे रहे हैं। आप कौन सा खरीदना चाहेंगे?",2,2
Have a great day ahead and take care. Goodbye, आपका दिन अच्छा बीते और अपना ख्याल रखें। अलविदा,3,2
"Sorry sir but could you please be more clear with query. Would you like to view your previous month cable bill, current month cable bill or the both?"," क्षमा करें सर, लेकिन क्या आप कृपया प्रश्न के साथ और अधिक स्पष्ट हो सकते हैं। क्या आप अपने पिछले महीने के केबल बिल, चालू महीने के केबल बिल या दोनों को देखना चाहेंगे?",3,1
Alright! Is there anything else I may help you with?,ठीक है! क्या कुछ और है जिसमें मैं आपकी मदद कर सकता हूं?,2,0
THANK YOU, धन्यवाद,3,2
Sure! The price for 10 GB plan is $125 for one month., ज़रूर! 10 जीबी प्लान की कीमत एक महीने के लिए 125 डॉलर है।,2,0
internet, इंटरनेट,0,0
"Hello! Good morning, You've contacted D-link services. How may I assist you today? 
"," नमस्ते! सुप्रभात, आपने डी-लिंक सेवाओं से संपर्क किया है। आज मैं आपकी मदद किस तरह कर सकता हूँ?",3,0
"Thank you! Since you've mentioned you would like to go ahead with the internet service, we have three packages to offer since you are our new customer and they are (1GB, 5 GB, 10 GB) which are $5, $10 and $20 respectively. So now could you please go ahead and choose a package for yourself?","आपको धन्यवाद! चूंकि आपने उल्लेख किया है कि आप इंटरनेट सेवा के साथ आगे बढ़ना चाहते हैं, हमारे पास पेश करने के लिए तीन पैकेज हैं क्योंकि आप हमारे नए ग्राहक हैं और वे हैं (1GB, 5GB, 10GB) जो क्रमशः $5, $10 और $20 हैं। तो क्या अब आप कृपया आगे बढ़ सकते हैं और अपने लिए एक पैकेज चुन सकते हैं?",3,0
89501,89501,0,0
zip code 98645, पिन कोड 98645,0,0
ok, ठीक है,2,0
Nothing else,और कुछ नहीं,2,0
"That's perfect! Thank you for that. Please allow me a moment, while I get this done for you."," यह बिल्कुल सही है! उसके लिये आपका धन्यवाद। कृपया मुझे एक क्षण की अनुमति दें, जबकि मैं यह आपके लिए करवाता हूं।",3,2
no, नहीं,1,1
JHON, जॉन,0,0
"Hello! Welcome to V-Fiber net cable/media services, how may I help you with?"," नमस्ते! वी-फाइबर नेट केबल/मीडिया सेवाओं में आपका स्वागत है, मैं आपकी कैसे मदद कर सकता हूं?",3,0
"NOTHING ELSE, THANK YOU"," और कुछ नहीं, धन्यवाद",3,2
Superb! Thanks for reaching out to us. have a great day ahead! Feel free to contact us for any other query. :)," शानदार! हमसे संपर्क करने के लिए धन्यवाद। यही चाहता हूं, दिन अच्छा बीते! किसी भी अन्य प्रश्न के लिए हमसे बेझिझक संपर्क करें। :)",3,2
hai, हाय,2,0
Hi Casey, हाय केसी,3,0
Thank you for your response! I've forwarded your subscription request for the 10 GB cable data plan. You'll be receiving a confirmation call regarding the same within 2-4 hours. We hope you enjoy our service. Will there be anything else I could do for you, आपकी प्रतिक्रिया के लिए धन्यवाद! मैंने 10 जीबी केबल डेटा प्लान के लिए आपका सब्सक्रिप्शन अनुरोध अग्रेषित कर दिया है। आपको 2-4 घंटों के भीतर इसके बारे में एक पुष्टिकरण कॉल प्राप्त होगा। हमें उम्मीद है कि आप हमारी सेवा का आनंद लेंगे। क्या कुछ और होगा जो मैं तुम्हारे लिए कर सकता हूँ,3,2
86340,86340,0,0
Internet, इंटरनेट,0,0
"Perfect! To proceed further, I'd like to know if you're a student or an active military member or a person over an age of 65?"," उत्तम! आगे बढ़ने के लिए, मैं जानना चाहूंगा कि क्या आप एक छात्र हैं या एक सक्रिय सैन्य सदस्य हैं या 65 वर्ष से अधिक आयु के व्यक्ति हैं?",3,0
I want to purchase internet, मुझे इंटरनेट खरीदना है,1,0
You're welcome! Would there be anything else that I may help you with?, आपका स्वागत है! क्या कुछ और होगा जिससे मैं आपकी मदद कर सकूं?,3,2
no thanks," जी नहीं, धन्यवाद",3,1
"Hello! Welcome to Zoom services, I'll surely help you out with the setting up of new cable, internet and phone service. May I know the name of your city and the zip code of your area? ","नमस्ते! जूम सेवाओं में आपका स्वागत है, मैं निश्चित रूप से नई केबल, इंटरनेट और फोन सेवा की स्थापना में आपकी मदद करूंगा। क्या मैं आपके शहर का नाम और आपके क्षेत्र का ज़िप कोड जान सकता हूँ?",3,2
I NEED NEW INTERNET CABLE SERVICE, मुझे नई इंटरनेट केबल सेवा चाहिए,1,1
cable service, केबल सेवा,0,0
Of course! I'll help you with that. Could you please provide your city's name?, बेशक! मैं इसमें आपकी मदद करूंगा। क्या आप कृपया अपने शहर का नाम बता सकते हैं?,3,0
"Perfect! Thank you for the response. Please allow me a moment, I'll get back to you with the bills."," उत्तम! जवाब देने के लिए धन्यवाद। कृपया मुझे एक क्षण दें, मैं बिलों के साथ आपके पास वापस आऊंगा।",3,2
"Good news! Your service request has been accepted and shortly, you'll receive a verification call from my team. Please cooperate with them and they'll assist you further. "," खुशखबरी! आपका सेवा अनुरोध स्वीकार कर लिया गया है और शीघ्र ही, आपको मेरी टीम से एक सत्यापन कॉल प्राप्त होगी। कृपया उनके साथ सहयोग करें और वे आगे आपकी सहायता करेंगे।",3,2
"Absolutely! Which plan would you prefer out of Internet, Cable and Phone?"," बिल्कुल! आप इंटरनेट, केबल और फोन में से कौन सा प्लान पसंद करेंगे?",3,0
i would like to sign up new cable service, मैं नई केबल सेवा साइन अप करना चाहूंगा,2,0
"Sure! I'm glad I can help you with your query. May I know the name of your city and its zip code, please?"," ज़रूर! मुझे खुशी है कि मैं आपकी क्वेरी में आपकी मदद कर सकता हूं। क्या मैं आपके शहर का नाम और उसका ज़िप कोड जान सकता हूँ, कृपया?",3,2
hi, नमस्ते,2,0
"surely, thank you. We offer three data plans 1 GB, 5 GB and 10 GB. As you said you you want the connection for home, I suggest 5 GB is the best for you. Which one would you prefer?","निश्चित रूप से, धन्यवाद। हम तीन डेटा प्लान 1 जीबी, 5 जीबी और 10 जीबी देते हैं। जैसा कि आपने कहा था कि आप घर के लिए कनेक्शन चाहते हैं, मेरा सुझाव है कि 5 जीबी आपके लिए सबसे अच्छा है। आप कौन सा पसंद करेंगे?",3,0
iwant to need a cable service sir., मुझे केबल सर्विस चाहिए सर।,1,0
"NO , THANK YOU ", नहीं धन्यवाद,3,0
"Thank you for all the details. Just give me a minute, I'll contact my team regarding your query and let you know reason for the same?"," सभी विवरण के लिए धन्यवाद। बस मुझे एक मिनट दें, मैं आपकी क्वेरी के संबंध में अपनी टीम से संपर्क करूंगा और आपको इसका कारण बताऊंगा?",3,0
anna university, अन्ना विश्वविद्यालय,0,0
"Alright! Feel free to reach us when needed, it was great assisting you, have a nice day. Goodbye."," ठीक है! जरूरत पड़ने पर बेझिझक हमसे संपर्क करें, आपकी मदद करना बहुत अच्छा रहा, आपका दिन शुभ हो। अलविदा।",3,2
Hello! How may I assist you today?, नमस्ते! आज मैं आपकी मदद किस तरह कर सकता हूँ?,3,0
raja, राजा,0,0
"76522
Copperas Cove, TX"," 76522 कॉपरस कोव, TX",0,0
nothing drew, कुछ भी नहीं खींचा,2,1
internet, इंटरनेट,0,0
ok, ठीक है,2,0
no, नहीं,1,1
"Pittsburgh, 1521"," पिट्सबर्ग, 1521",0,0
256,256,0,0
good morning, शुभ प्रभात,2,2
HELLO, नमस्ते,2,0
"Hello! Good evening, Fast Net Cable Services. How may I assist you today?","नमस्ते! शुभ संध्या, फास्ट नेट केबल सेवाएं। आज मैं आपकी मदद किस तरह कर सकता हूँ?",3,0
my name is arun, मेरा नाम अरुण है,1,0
10 GB, 10 जीबी,0,0
New York 10014, न्यूयॉर्क 10014,2,0
10gb please, 10जीबी कृपया,2,0
"MUMBAI, 877665"," मुंबई, 877665",0,0
Perfect! Ma'am would you like to change your name or email ID?, उत्तम! महोदया क्या आप अपना नाम या ईमेल आईडी बदलना चाहेंगे?,3,0
Fantastic! Thanks for reaching out to us. We are always at your back to provide you assistance. Have a pleasant day ahead! :), ज़बरदस्त! हमसे संपर्क करने के लिए धन्यवाद। हम आपको सहायता प्रदान करने के लिए हमेशा आपकी पीठ पर हैं। आगे आपका दिन मंगलमय हो! :),3,2
"Thanks for sharing your details. As of now we have 1 GB, 5 GB and 10 GB data plans. May I know which data plan you'd like to go for?"," अपना विवरण साझा करने के लिए धन्यवाद। अभी तक हमारे पास 1 जीबी, 5 जीबी और 10 जीबी डेटा प्लान हैं। क्या मैं जान सकता हूँ कि आप किस डेटा प्लान के लिए जाना चाहते हैं?",3,0
Okay. Thank you., ठीक। शुक्रिया।,3,2
5 GB, 5 जीबी,0,0
cable, केबल,0,0
like to purchase, खरीदना पसंद है,2,0
California, कैलिफोर्निया,0,0
hai, हाय,2,0
That's awesome! May I know the year of your graduation and the student ID number?, वह तो कमाल है! क्या मैं आपके स्नातक स्तर की पढ़ाई का वर्ष और छात्र आईडी नंबर जान सकता हूं?,3,2
basic only, केवल मूल,0,0
"madurai,tamilnadu,india"," मदुरै, तमिलनाडु, भारत",0,0
I apologize. Could you please be specific with the query?,मैं क्षमाप्रार्थी हूं। क्या आप कृपया क्वेरी के साथ विशिष्ट हो सकते हैं?,3,0
5 gb, 5 जीबी,0,0
Is there anything else I may help you with?, क्या कुछ और है जिसमें मैं आपकी मदद कर सकता हूं?,2,0
"Alright! Before, we proceed may I confirm if, you'd like a 1 GB, 5 GB or 10 GB connection?","ठीक है! इससे पहले, हम आगे बढ़ें, क्या मैं पुष्टि कर सकता हूं कि आप 1 जीबी, 5 जीबी या 10 जीबी कनेक्शन चाहते हैं?",3,0
"I must say you've reached the right place for that, I'd be glad to help you in this regard. Could you please help me with the city name and it's zip code?"," मुझे कहना होगा कि आप इसके लिए सही जगह पर पहुंच गए हैं, मुझे इस संबंध में आपकी मदद करने में खुशी होगी। क्या आप कृपया शहर के नाम और उसके ज़िप कोड के बारे में मेरी मदद कर सकते हैं?",3,2
"Awesome! Thank you for the details. We provide internet, cable and phone services. Which one of these services, would you like to sign up for?
"," बहुत बढ़िया! विवरण के लिए धन्यवाद। हम इंटरनेट, केबल और फोन सेवाएं प्रदान करते हैं। आप इनमें से किस सेवा के लिए साइन अप करना चाहेंगे?",3,2
Perfectly alright! thanks for your help. bye!!, बिल्कुल ठीक! आपकी सहायता के लिए धन्यवाद। अलविदा!!,3,2
"Surely, that's a great choice, would you have any queries regarding this plan?"," निश्चित रूप से, यह एक बढ़िया विकल्प है, क्या आप इस योजना के बारे में कोई प्रश्न पूछना चाहेंगे?",3,2
Austin 90001, ऑस्टिन 90001,0,0
"Sure, the plan is for just $50 per month. Have I answered your question?"," ज़रूर, यह योजना केवल $50 प्रति माह के लिए है। क्या मैंने आपके प्रश्न का उत्तर दिया है?",2,0
"Hello! Good evening, Fast Net Cable Services. How may I assist you today?","नमस्ते! शुभ संध्या, फास्ट नेट केबल सेवाएं। आज मैं आपकी मदद किस तरह कर सकता हूँ?",3,0
hi, नमस्ते,2,0
OK THANKS, ठीक है धन्यवाद,3,2
confirm this plan, इस योजना की पुष्टि करें,2,0
HELLO SIR, नमस्ते महोदय,3,0
"Awesome! Thank you for choosing us, please feel free to reach out to us for further concerns. Have an awesome day ahead!"," बहुत बढ़िया! हमें चुनने के लिए धन्यवाद, कृपया आगे की चिंताओं के लिए हमसे बेझिझक संपर्क करें। आगे का दिन शानदार हो!",3,2
sorry, माफ़ करना,2,1
i want to purchase cable, मुझे केबल खरीदना है,1,0
Absolutely! Please just give me a moment to get this done for you., बिल्कुल! कृपया मुझे यह आपके लिए करने के लिए बस एक क्षण दें।,3,2
"Perfect! Thank you for that. Please allow me a moment, while I get this done for you."," उत्तम! उसके लिये आपका धन्यवाद। कृपया मुझे एक क्षण की अनुमति दें, जबकि मैं यह आपके लिए करवाता हूं।",3,2
"You are always welcome! Thank you for giving us an opportunity to serve you. For any query, feel free to call us anytime on our toll free number. We are always at your service!","आपका हमेशा स्वागत है! हमें आपकी सेवा करने का अवसर देने के लिए धन्यवाद। किसी भी प्रश्न के लिए, हमारे टोल फ्री नंबर पर हमें कभी भी कॉल करने में संकोच न करें। हम हमेशा आपकी सेवा में हैं!",3,2
I WANT TO PURCHASE INTERNET, मुझे इंटरनेट खरीदना है,1,0
Amazing!!!! Please confirm that plan . No more confusions., अद्भुत!!!! कृपया उस योजना की पुष्टि करें। कोई और भ्रम नहीं।,2,2
sure, ज़रूर,2,0
chennai, चेन्नई,0,0
I hope we are still connected?, मुझे आशा है कि हम अभी भी जुड़े हुए हैं?,2,0
"Hello! Good Morning. Welcome to media cable service, how may I help you out today?","नमस्ते! शुभ प्रभात। मीडिया केबल सेवा में आपका स्वागत है, मैं आज आपकी कैसे मदद कर सकता हूँ?",3,0
657 584 5475, 657 584 5475,0,0
Great! I'll help you with that. Could you please provide your city's name?, महान! मैं इसमें आपकी मदद करूंगा। क्या आप कृपया अपने शहर का नाम बता सकते हैं?,3,2
"Sure, the plan is $150 a month."," ज़रूर, योजना $150 प्रति माह है।",2,0
yes sure my address is 900 st 8th road miami usa, हाँ यकीन है कि मेरा पता 900 वीं 8 वीं सड़क मियामी यूएसए है,2,0
Perfect! Would you want your 5Gb internet service to be activated in the next 2 business days?, उत्तम! क्या आप चाहते हैं कि आपकी 5Gb इंटरनेट सेवा अगले 2 व्यावसायिक दिनों में सक्रिय हो जाए?,3,2
okay, ठीक है,2,0
I want to internet connection., मुझे इंटरनेट कनेक्शन चाहिए।,1,0
Good morning! You've reached Net link Media/Cable Services. How may I help you today?, सुबह बख़ैर! आप नेट लिंक मीडिया/केबल सेवाओं पर पहुंच गए हैं। आज मैं आपकी कैसे मदद कर सकता हूँ?,3,0
hai, हाय,2,0
I want to purchase internet, मुझे इंटरनेट खरीदना है,1,0
Hi, नमस्ते,3,0
City is new york city and zip is 456987, शहर न्यूयॉर्क शहर है और ज़िप 456987 . है,2,0
"I'll surely help you with that, could you please help me with your name? "," मैं निश्चित रूप से इसमें आपकी मदद करूंगा, क्या आप कृपया अपने नाम के साथ मेरी मदद कर सकते हैं?",3,0
ok thanks, ठीक है धन्यवाद,3,0
5 GB, 5 जीबी,0,0
Sure. Your request for the desired service has been raised and our agent will contact you for the installation at your convenient time., ज़रूर। वांछित सेवा के लिए आपका अनुरोध उठाया गया है और हमारे एजेंट आपके सुविधाजनक समय पर स्थापना के लिए आपसे संपर्क करेंगे।,2,2
HAI, हाई,2,0
Alright! Is there anything else I may assist you with?, ठीक है! क्या कुछ और है जिसमें मैं आपकी सहायता कर सकता हूं?,2,0
Fantastic! Thank you for reaching out to us. Have a great day. Bye., ज़बरदस्त! हमसे संपर्क की पहल के लिए आपका धन्यवाद। आपका दिन अच्छा रहे। अलविदा।,3,2
That's great! Please allow me a moment to proceed further., एक दम बढ़िया! कृपया मुझे आगे बढ़ने के लिए एक क्षण का समय दें।,2,2
ok, ठीक है,2,0
Thank you for choosing our services. I had a good time assisting you. Please feel free to reach out to us for further queries. Have a nice day!,हमारी सेवाओं को चुनने के लिए धन्यवाद। मेरे पास आपकी सहायता करने का अच्छा समय था। कृपया आगे के प्रश्नों के लिए हमसे बेझिझक संपर्क करें। आपका दिन शुभ हो!,3,2
hi, नमस्ते,2,0
Okay. Would you like me to confirm this plan then?, ठीक। क्या आप चाहते हैं कि मैं तब इस योजना की पुष्टि करूं?,3,0
hello, नमस्ते,2,0
Sure. Could you please help me with your details like your city and zipcode? So that I can find the best plans available near you., ज़रूर। क्या आप कृपया अपने शहर और ज़िप कोड जैसे विवरण के साथ मेरी मदद कर सकते हैं? ताकि मैं आपके आस-पास उपलब्ध सर्वोत्तम योजनाओं को ढूंढ सकूं।,3,0
That's a good decision. That's the best plan we offer and also the fastest. You can get your hands on it by just paying $200 per month. Would you have any queries regarding this plan?, यह एक अच्छा फैसला है। यह सबसे अच्छी योजना है जो हम पेश करते हैं और सबसे तेज़ भी। आप प्रति माह केवल $200 का भुगतान करके इस पर अपना हाथ पा सकते हैं। क्या आप इस योजना के बारे में कोई प्रश्न पूछना चाहेंगे?,3,2
"Perfect! That was helpful, could you please let me know which data plan would you like me to activate for you?","उत्तम! यह मददगार था, क्या आप कृपया मुझे बता सकते हैं कि आप मेरे लिए कौन सी डेटा योजना सक्रिय करना चाहेंगे?",3,2
"Of course!  Thank you for choosing Net Link for you new cable/media service, we serve the best plans for our customers at a very feasible amount. And, I'll be happy to help you in this regard. May I know the city you live in and it's zip code?"," बेशक! आपके लिए नई केबल/मीडिया सेवा के लिए नेट लिंक चुनने के लिए धन्यवाद, हम अपने ग्राहकों के लिए बहुत ही व्यवहार्य राशि पर सर्वोत्तम योजनाएं प्रदान करते हैं। और, मुझे इस संबंध में आपकी सहायता करने में खुशी होगी। क्या मैं उस शहर को जान सकता हूँ जिसमें आप रहते हैं और उसका ज़िप कोड है?",3,2
"You're Welcome! Have a great day, hope to assist you again. Goodbye!"," आपका स्वागत है! आपका दिन शुभ हो, आशा है कि आप फिर से मदद करेंगे। अलविदा!",3,2
any discount available in your company, आपकी कंपनी में उपलब्ध कोई भी छूट,1,0
That's great. thx, एक दम बढ़िया। धन्यवाद,2,2
10-03-2018,10-03-2018,0,0
Hi, नमस्ते,3,0
bye, अलविदा,2,0
"Seattle, 98101"," सिएटल, 98101",0,0
hi, नमस्ते,2,0
Hello! Good morning! Welcome to media cable services. How may I help you today?, नमस्ते! सुबह बख़ैर! मीडिया केबल सेवाओं में आपका स्वागत है। आज मैं आपकी कैसे मदद कर सकता हूँ?,3,0
Good Morning! Thank you for contacting F-Link service. How may I help you today?, शुभ प्रभात! एफ-लिंक सेवा से संपर्क करने के लिए धन्यवाद। आज मैं आपकी कैसे मदद कर सकता हूँ?,3,2
I'll surely do that for you. I'd like to inform you that the 5Gb data plan includes 50 channels to watch in the HD quality and the price of the plan would be $45 per month., मैं आपके लिए यह जरूर करूंगा। मैं आपको सूचित करना चाहता हूं कि 5Gb डेटा प्लान में HD गुणवत्ता में देखने के लिए 50 चैनल शामिल हैं और योजना की कीमत $45 प्रति माह होगी।,2,0
Not to worry about that. I'll make sure that I get it fixed for you. May I know your full name and your account number?, इसके बारे में चिंता करने की नहीं। मैं यह सुनिश्चित करूंगा कि मैं इसे आपके लिए ठीक कर दूं। क्या मैं आपका पूरा नाम और आपका खाता नंबर जान सकता हूँ?,3,0
"Perfect! Could you please allow me a minute or two, while I get this done for you?"," उत्तम! क्या आप कृपया मुझे एक या दो मिनट का समय दे सकते हैं, जबकि मैं आपके लिए यह कर रहा हूँ?",3,2
nothing else, और कुछ नहीं,1,0
The 10 GB plan though a bit expensive is totally worth the money. It gives you access to the best and the fastest connection. Please allow me a minute to confirm you the 1GB plan.,"10 जीबी का प्लान हालांकि थोड़ा महंगा है, लेकिन यह पूरी तरह से पैसे के लायक है। यह आपको सबसे अच्छे और सबसे तेज़ कनेक्शन तक पहुँच प्रदान करता है। कृपया मुझे 1GB योजना की पुष्टि करने के लिए एक मिनट का समय दें।",2,2
Nothing else,और कुछ नहीं,2,0
"HI SIR, I REQUEST YOU TO SIGN UP TO NEW CONNECTION SIR"," नमस्ते महोदय, मैं आपसे नए कनेक्शन के लिए साइन अप करने का अनुरोध करता हूं",3,0
"Superb! Thanks for contacting D-link customer service. I've registered your request, Enjoy our services. We look forward for long and successful association. Have a great day ahead!"," शानदार! डी-लिंक ग्राहक सेवा से संपर्क करने के लिए धन्यवाद। मैंने आपका अनुरोध दर्ज कर लिया है, हमारी सेवाओं का आनंद लें। हम लंबे और सफल जुड़ाव की आशा करते हैं। आगे एक महान दिन हो!",3,2
"Amazing! May I know the plan that you'd opt among 1 GB, 5 GB and 10 GB please?"," अद्भुत! क्या मैं उस योजना को जान सकता हूँ जिसे आप कृपया 1 जीबी, 5 जीबी और 10 जीबी में से चुनेंगे?",3,2
"Okay. Please confirm the data plan for me.
", ठीक। कृपया मेरे लिए डेटा योजना की पुष्टि करें।,3,0
my internet bill is too high,मेरा इंटरनेट बिल बहुत ज्यादा है,2,1
OK THANK YOU, ठीक है धन्यवाद,3,2
"Perfect! Thank you for that. Please allow me a moment, while I get this done for you."," उत्तम! उसके लिये आपका धन्यवाद। कृपया मुझे एक क्षण की अनुमति दें, जबकि मैं यह आपके लिए करवाता हूं।",3,2
"Sure! I'll definitely help you with your query. To get the best deals for you, may I know the name of your city and its zip code, please?"," ज़रूर! मैं निश्चित रूप से आपकी क्वेरी में आपकी मदद करूंगा। आपके लिए सर्वोत्तम सौदे प्राप्त करने के लिए, क्या मैं आपके शहर का नाम और उसका ज़िप कोड जान सकता हूँ, कृपया?",3,2
"Hello! Welcome to Zoom services, how may I assist you today? "," नमस्ते! ज़ूम सेवाओं में आपका स्वागत है, मैं आज आपकी कैसे सहायता कर सकता हूँ?",3,0
"11787
Smithtown, NY"," 11787 स्मिथटाउन, एनवाई",0,0
Thank you so much for your assistance., सहायता करने के लिए आपका बहुत - बहुत धन्यवाद।,3,2
"Awesome! Thanks for reaching out to us, hope you'll have a great day ahead! "," बहुत बढ़िया! हमसे संपर्क करने के लिए धन्यवाद, आशा है कि आपका आने वाला दिन बहुत अच्छा होगा!",3,2
"Thank you for choosing the best plan, may I know at what times you're available at your place so that our executives will get back to you for the installation process?  The available timings are  8AM-12PM or 12PM-3 PM or 3PM-7PM. 
User12PM-3PM"," सबसे अच्छी योजना चुनने के लिए धन्यवाद, क्या मैं जान सकता हूँ कि आप अपने स्थान पर किस समय उपलब्ध हैं ताकि हमारे अधिकारी संस्थापन प्रक्रिया के लिए आपसे संपर्क कर सकें? उपलब्ध समय सुबह 8 बजे से दोपहर 12 बजे या दोपहर 12 बजे से दोपहर 3 बजे या शाम 3 बजे से शाम 7 बजे तक है। प्रयोक्ता 12 अपराह्न 3 अपराह्न",3,2
"nothing, thanks"," कुछ नहीं, धन्यवाद",3,0
ok, ठीक है,2,0
California city, कैलिफोर्निया शहर,0,0
"i want to purchase new cable, internet or phone service. "," मैं नई केबल, इंटरनेट या फोन सेवा खरीदना चाहता हूं।",1,0
i request to sign up for new service, मैं नई सेवा के लिए साइन अप करने का अनुरोध करता हूं,1,0
"I appreciate you patience in sharing the information. Please allow me a minute or two, while I get the best discounts on the cable connections."," मैं जानकारी साझा करने में आपके धैर्य की सराहना करता हूं। कृपया मुझे एक या दो मिनट का समय दें, जबकि मुझे केबल कनेक्शन पर सर्वोत्तम छूट मिलती है।",3,2
ok thanks, ठीक है धन्यवाद,3,0
bye, अलविदा,2,0
mumbai 5190, मुंबई 5190,0,0
Great! I'll do that for you. Please let me know if anything else is required?, महान! मैं तुम्हारे लिए यह करूँगा। कृपया मुझे बताएं कि क्या कुछ और आवश्यक है?,3,2
no thanks," जी नहीं, धन्यवाद",3,1
5 gb, 5 जीबी,0,0
melur 15243, मेलुर 15243,0,0
Good news! You've been successfully signed up for the service. The team will contact you shortly and help you with the installation process., खुशखबरी! आपको सेवा के लिए सफलतापूर्वक साइन अप कर लिया गया है। टीम शीघ्र ही आपसे संपर्क करेगी और स्थापना प्रक्रिया में आपकी सहायता करेगी।,3,2
BURBANK 964152, बरबैंक 964152,0,0
yes sure city name is davis and zip code is 978563,हाँ निश्चित रूप से शहर का नाम डेविस है और ज़िप कोड 978563 है,2,0
"Sorry to keep you waiting, I've got a good news for you. I've signed you up for the services and soon you'll get a message for confirmation and payment link after that our executives will reach you to help for the installation. Anything else I may help you in?
"," आपको प्रतीक्षा करने के लिए क्षमा करें, मेरे पास आपके लिए एक अच्छी खबर है। मैंने आपको सेवाओं के लिए साइन अप किया है और जल्द ही आपको पुष्टिकरण और भुगतान लिंक के लिए एक संदेश मिलेगा, उसके बाद हमारे अधिकारी इंस्टॉलेशन के लिए सहायता के लिए आप तक पहुंचेंगे। कुछ और मैं आपकी मदद कर सकता हूँ?",3,2
Superb! Would there be anything else I may help you with?, शानदार! क्या कुछ और होगा जिसमें मैं आपकी मदद कर सकूं?,3,2
8am-12PM, सुबह 8 बजे से दोपहर 12 बजे तक,0,0
NOTHING ELSE, और कुछ नहीं,2,0
Hey there! Good morning! You've been connected to Cable Hub Customer Service. How may I help you today?,सुनो! सुबह बख़ैर! आपको केबल हब ग्राहक सेवा से कनेक्ट कर दिया गया है. आज मैं आपकी कैसे मदद कर सकता हूँ?,3,0
Sure! The price for 10 GB plan is $125 for one month., ज़रूर! 10 जीबी प्लान की कीमत एक महीने के लिए 125 डॉलर है।,2,0
OKAY THANKYOU FOR THE INFORMATION, ठीक है जानकारी के लिए धन्यवाद,3,2
The 10 GB plan will cost you $7 including all taxes. I will activate the same for you., 10 जीबी प्लान की कीमत आपको सभी करों सहित $7 होगी। मैं आपके लिए इसे सक्रिय कर दूंगा।,1,0
Perfect! We are charging $15 per month for 5 GB Internet data plans. I hope you are okay with this?, उत्तम! हम 5 जीबी इंटरनेट डेटा प्लान के लिए प्रति माह $15 चार्ज कर रहे हैं। मुझे आशा है कि आप इसके साथ ठीक हैं?,3,2
"Good news! I appreciate your patience in staying connected. I'd like to inform you that, I've confirmed your 10 GB internet connection with Net Link services. Our executives will reach you for the installation within 2-3 days.","खुशखबरी! मैं जुड़े रहने में आपके धैर्य की सराहना करता हूं। मैं आपको सूचित करना चाहता हूं कि, मैंने नेट लिंक सेवाओं के साथ आपके 10 जीबी इंटरनेट कनेक्शन की पुष्टि कर दी है। हमारे अधिकारी 2-3 दिनों के भीतर स्थापना के लिए आप तक पहुंचेंगे।",3,2
internet, इंटरनेट,0,0
"CITY - HYDERABAD , ZIP CODE - 750028"," शहर - हैदराबाद, ज़िप कोड - 750028",0,0
Good Morning, शुभ प्रभात,3,0
Thank you., शुक्रिया।,3,2
"Sounds great! To proceed further we have 1 GB, 5 GB and 10 GB data plans, could you please let me know which data plan you'd like to purchase? "," बहुत अच्छा लगता है! आगे बढ़ने के लिए हमारे पास 1 जीबी, 5 जीबी और 10 जीबी डेटा प्लान हैं, क्या आप कृपया मुझे बता सकते हैं कि आप कौन सा डेटा प्लान खरीदना चाहते हैं?",3,2
10GB, 10जीबी,0,0
"Thanks for staying connected with us. For further assistance, please feel free to reach out to us. We are always here to help you."," हमारे साथ जुड़े रहने के लिए धन्यवाद। अधिक सहायता के लिए, कृपया बेझिझक हमसे संपर्क करें। हम आपकी मदद करने के लिए हमेशा मौजूद हैं।",3,2
I WANT TO PURCHASE INTERNET, मुझे इंटरनेट खरीदना है,1,0
no, नहीं,1,1
i want to new internet service, मुझे नई इंटरनेट सेवा चाहिए,1,0
"cable,"," केबल,",0,0
Thank you for choosing our services. I had a great time assisting you. Please do feel free to reach out to us for further queries. Have a good day!, हमारी सेवाओं को चुनने के लिए धन्यवाद। मुझे आपकी सहायता करने में बहुत अच्छा लगा। कृपया आगे के प्रश्नों के लिए हमसे बेझिझक संपर्क करें। आपका दिन शुभ हो!,3,2
"Great! You are in the right place! May I know the name of your city and its zip code, please?"," महान! तुम सही जगह पर हैं! क्या मैं आपके शहर का नाम और उसका ज़िप कोड जान सकता हूँ, कृपया?",3,2
Oh no! You haven't specified for which service you'd like to sign up?,धत्तेरे की! आपने यह निर्दिष्ट नहीं किया है कि आप किस सेवा के लिए साइन अप करना चाहते हैं?,2,1
"Alright! Thanks for choosing our services, feel free to reach us when needed. Have a great day, goodbye."," ठीक है! हमारी सेवाओं को चुनने के लिए धन्यवाद, जरूरत पड़ने पर हमसे बेझिझक संपर्क करें। आपका दिन शुभ हो, अलविदा।",3,2
OK. THANKS, ठीक है। धन्यवाद,3,2
"Thanks for the information. You said you need a Cable plan. Which data plan would you like to purchase? We have 1GB, 5GB and 10GB data plans available. It's $25 for 1GB. $40 for 5GB and $60 for 10GB.","सूचना के लिए धन्यवाद। आपने कहा था कि आपको केबल योजना की आवश्यकता है। आप कौन सा डेटा प्लान खरीदना चाहेंगे? हमारे पास 1GB, 5GB और 10GB डेटा प्लान उपलब्ध हैं। यह 1GB के लिए $25 है। 5GB के लिए $40 और 10GB के लिए $60।",3,0
Perfect! I'll confirm the plan of 10 GB for cable service. Is there anything I might help you with?, उत्तम! मैं केबल सेवा के लिए 10 जीबी की योजना की पुष्टि करूंगा। क्या कोई ऐसी चीज है जिसमें मैं आपकी मदद कर सकता हूं?,3,2
i want to new internet service, मुझे नई इंटरनेट सेवा चाहिए,1,0
"Absolutely! Which plan would you prefer out of Internet, Cable and Phone?"," बिल्कुल! आप इंटरनेट, केबल और फोन में से कौन सा प्लान पसंद करेंगे?",3,0
"Thank you! Also I'd like to know that which data plan would you like to go for (1GB cost $3, 5GB costs $5 and 10GB costs $7)? "," आपको धन्यवाद! साथ ही मैं यह जानना चाहता हूं कि आप किस डेटा प्लान के लिए जाना चाहेंगे (1GB की कीमत $3, 5GB की कीमत $5 और 10GB की कीमत $7)?",3,0
OK, ठीक है,2,0
melur, मेलूर,0,0
"hi, i will like to sign up for cable service"," नमस्ते, मैं केबल सेवा के लिए साइन अप करना चाहूंगा",3,0
64561,64561,0,0
yes, हां,2,0
goa 741085, गोवा 741085,0,0
"Sure! Thanks for showing your interest. We're glad to serve you. To book your connection I need your details, Would you mind sharing them with me?"," ज़रूर! अपनी रुचि दिखाने के लिए धन्यवाद। हमें आपकी सेवा करने में खुशी हो रही है। आपका कनेक्शन बुक करने के लिए मुझे आपके विवरण चाहिए, क्या आप उन्हें मेरे साथ साझा करना चाहेंगे?",3,2
thank you goodbye, शुक्रिया अलविदा,3,2
10GB PLAN, 10GB योजना,0,0
ok bye, चलो बाय,2,0
Great! I'd be glad to help you with that. Could you please help me with your city's name?,महान! मुझे इसमें आपकी मदद करने में खुशी होगी। क्या आप कृपया अपने शहर के नाम के साथ मेरी मदद कर सकते हैं?,3,2
"Hello, I Wish to buy a new cable service from your services...Could you help me?"," नमस्ते, मैं आपकी सेवाओं से एक नई केबल सेवा खरीदना चाहता हूं...क्या आप मेरी मदद कर सकते हैं?",3,0
10gb, 10जीबी,0,0
"Sure! I'll definitely help you with your query. May I know the name of your city and its zip code, please?"," ज़रूर! मैं निश्चित रूप से आपकी क्वेरी में आपकी मदद करूंगा। क्या मैं आपके शहर का नाम और उसका ज़िप कोड जान सकता हूँ, कृपया?",3,2
988765 ooty, 988765 ऊटी,0,0
OK THANK YOU, ठीक है धन्यवाद,3,2
I want new cable service, मुझे नई केबल सेवा चाहिए,1,0
If I started next week., अगर मैं अगले हफ्ते शुरू करता हूं।,2,0
YES I LIKE 1GB PLAN, हाँ मुझे 1GB प्लान पसंद है,2,2
Have a great day ahead and take care. Goodbye, आपका दिन अच्छा बीते और अपना ख्याल रखें। अलविदा,3,2
"Thanks for the information. You said you need a Cable plan. Which data plan would you like to purchase? We have 1GB, 5GB and 10GB data plans available. It's $25 for 1GB. $40 for 5GB and $60 for 10GB.","सूचना के लिए धन्यवाद। आपने कहा था कि आपको केबल योजना की आवश्यकता है। आप कौन सा डेटा प्लान खरीदना चाहेंगे? हमारे पास 1GB, 5GB और 10GB डेटा प्लान उपलब्ध हैं। यह 1GB के लिए $25 है। 5GB के लिए $40 और 10GB के लिए $60।",3,0
Perfect! I'll confirm the plan of 1 GB for cable service. Is there anything I might help you with?, उत्तम! मैं केबल सेवा के लिए 1 जीबी की योजना की पुष्टि करूंगा। क्या कोई ऐसी चीज है जिसमें मैं आपकी मदद कर सकता हूं?,3,2
"Sure! I'll be glad to help you in this, may I please know which city you belong to and its zip code?"," ज़रूर! मुझे इसमें आपकी मदद करने में खुशी होगी, क्या मैं कृपया जान सकता हूं कि आप किस शहर से संबंधित हैं और उसका पिन कोड क्या है?",3,0
ok, ठीक है,2,0
internet, इंटरनेट,0,0
HI, नमस्ते,2,0
OKAY., ठीक है।,2,0
YES, हां,2,2
"Let me know if you would like to confirm the plan, so that I can initiate a request."," मुझे बताएं कि क्या आप योजना की पुष्टि करना चाहते हैं, ताकि मैं एक अनुरोध शुरू कर सकूं।",2,0
Could you please elaborate your query?, क्या आप कृपया अपनी क्वेरी विस्तृत कर सकते हैं?,3,0
hi riley, हाय रिले,3,0
You are always welcome. Do you have any query or would you like to know anything about the data plans?,आपका हमेशा स्वागत है। क्या आपके पास कोई प्रश्न है या आप डेटा प्लान के बारे में कुछ जानना चाहेंगे?,3,2
Great! Let me know if there would be anything more I could do for you., महान! मुझे बताएं कि क्या मैं आपके लिए और कुछ कर सकता हूं।,3,2
HI, नमस्ते,2,0
Looking forward to seeing you soon again! Have a great day ahead! Good bye!, जल्द ही आपको फिर से देखने के लिए उत्सुक हैं! आगे एक महान दिन हो! अलविदा!,3,2
Glad to help you! Thank you for connecting with us. Please contact 564-272-819 in case of any query and help us help you. Good day!, आपकी मदद करके प्रसन्नता हुई! हमसे जुड़ने के लिए धन्यवाद। कृपया किसी भी प्रश्न के मामले में 564-272-819 पर संपर्क करें और आपकी सहायता करने में हमारी सहायता करें। अच्छा दिन!,3,2
"Amazing! May I know which plan would you like to choose in 1 GB, 5 GB and 10 GB?"," अद्भुत! क्या मैं जान सकता हूं कि आप 1 जीबी, 5 जीबी और 10 जीबी में कौन सा प्लान चुनना चाहेंगे?",3,2
like to purchase, खरीदना पसंद है,2,0
"That's great! I'll definitely help you with your query. To get the best deals for you, may I know the name of your city and its zip code, please?"," एक दम बढ़िया! मैं निश्चित रूप से आपकी क्वेरी में आपकी मदद करूंगा। आपके लिए सर्वोत्तम सौदे प्राप्त करने के लिए, क्या मैं आपके शहर का नाम और उसका ज़िप कोड जान सकता हूँ, कृपया?",3,2
No, नहीं,1,0
YES, हां,2,2
Wonderful! Please feel free to reach out to us. Have a nice day. Bye., अद्भुत! कृपया बेझिझक हमसे संपर्क करें। आपका दिन शुभ हो। अलविदा।,3,2
hi, नमस्ते,2,0
Lauderdale lakes 33254, लॉडरडेल झीलें 33254,2,0
Have a nice day. Goodbye, आपका दिन शुभ हो। अलविदा,3,0
1gb, 1जीबी,0,0
ok, ठीक है,2,0
I want to purchase internet, मुझे इंटरनेट खरीदना है,1,0
"May I know which service would you like to purchase, cable or internet or phone? "," क्या मैं जान सकता हूँ कि आप कौन सी सेवा खरीदना चाहेंगे, केबल या इंटरनेट या फोन?",3,0
"nothing else, thanks"," और कुछ नहीं, धन्यवाद",3,0
my city name is madurai my zip code is  600 871, मेरे शहर का नाम मदुरै है मेरा ज़िप कोड 600 871 है,1,0
"Hey! Good morning, You're connected to XYZ customer service. I'd be glad to assist you today!"," अरे! सुप्रभात, आप XYZ ग्राहक सेवा से जुड़े हैं। मुझे आज आपकी सहायता करने में खुशी होगी!",3,2
Okay, ठीक,2,0
"Thank you! Now could you please go ahead and choose a service from  (cable, internet, phone) so that we could go ahead and create an account for you and help you access your service."," आपको धन्यवाद! अब क्या आप कृपया आगे बढ़ सकते हैं और (केबल, इंटरनेट, फोन) से एक सेवा चुन सकते हैं ताकि हम आगे बढ़ सकें और आपके लिए एक खाता बना सकें और आपकी सेवा तक पहुंचने में आपकी सहायता कर सकें।",3,0
10gb, 10जीबी,0,0
Awesome! I'll help you with that. May I know the name of your current city please?, बहुत बढ़िया! मैं इसमें आपकी मदद करूंगा। क्या मैं आपके वर्तमान शहर का नाम जान सकता हूँ?,3,2
"Sure! To proceed further, could you please help me with the name of the city and the zip code? "," ज़रूर! आगे बढ़ने के लिए, क्या आप कृपया शहर के नाम और ज़िप कोड के साथ मेरी मदद कर सकते हैं?",3,0
no thanks," जी नहीं, धन्यवाद",3,1
52164,52164,0,0
"Good news! I'd like to inform you that, I've confirmed you new 10 GB cable connection. Our executives will reach you within 48 hrs for the installation. Is there anything else that I may help you with?"," खुशखबरी! मैं आपको सूचित करना चाहता हूं कि, मैंने आपको नए 10 जीबी केबल कनेक्शन की पुष्टि की है। स्थापना के लिए हमारे अधिकारी 48 घंटे के भीतर आप तक पहुंचेंगे। क्या कुछ और है जिसमें मैं आपकी मदद कर सकता हूं?",3,2
no thanks," जी नहीं, धन्यवाद",3,1
Thank you for choosing our services. I had a good time assisting you. Please feel free to reach out to us for further queries. Have a nice day!,हमारी सेवाओं को चुनने के लिए धन्यवाद। मेरे पास आपकी सहायता करने का अच्छा समय था। कृपया आगे के प्रश्नों के लिए हमसे बेझिझक संपर्क करें। आपका दिन शुभ हो!,3,2
All right! 1GB would cost you $5. Would you like to confirm the data plan?,ठीक है! 1GB की कीमत आपको $5 होगी. क्या आप डेटा प्लान की पुष्टि करना चाहेंगे?,3,0
"Thanks for helping me with the details. We have 1 GB, 5 GB and 10 GB. which one you'd like to purchase? "," विवरण के साथ मेरी मदद करने के लिए धन्यवाद। हमारे पास 1 जीबी, 5 जीबी और 10 जीबी है। आप कौन सा खरीदना चाहेंगे?",3,2
Perfect! Please allow me moment to proceed further., उत्तम! कृपया मुझे आगे बढ़ने के लिए कुछ क्षण दें।,2,2
10gb data plan, 10GB डेटा प्लान,0,0
My pleasure! Is there anything else I may assist you with?, मेरा सौभाग्य! क्या कुछ और है जिसमें मैं आपकी सहायता कर सकता हूं?,3,2
Which one would you prefer?, आप कौन सा पसंद करेंगे?,3,0
That's great! Could you first share the city you're residing and the zip code?, एक दम बढ़िया! क्या आप सबसे पहले उस शहर और ज़िप कोड को साझा कर सकते हैं जिसमें आप रह रहे हैं?,3,2
"Thanks for sharing your details with me. You said you need a Internet plan. We've functionality data plans, namely 1 GB, 5 GB and 10 GB. Which one you'd like to buy?
","अपना विवरण मेरे साथ साझा करने के लिए धन्यवाद। आपने कहा था कि आपको इंटरनेट योजना की आवश्यकता है। हमारे पास कार्यात्मक डेटा योजनाएं हैं, अर्थात् 1 जीबी, 5 जीबी और 10 जीबी। आप कौन सा खरीदना चाहेंगे?",3,0
Great! My team shall get back to you soon. Anything else I may help you with?, महान! मेरी टीम जल्द ही आपके पास वापस आएगी। कुछ और मैं आपकी मदद कर सकता हूँ?,3,2
"Thank you for all the details, please allow me a moment to proceed further. "," सभी विवरणों के लिए धन्यवाद, कृपया मुझे आगे बढ़ने के लिए कुछ समय दें।",3,0
Fantastic! I've forwarded your subscription request for 5 GB cable data plan. You will be receiving a confirmation message regarding the same within 24 hours. We hope you enjoy our service. Will there be anything else I could help you with?, ज़बरदस्त! मैंने 5 जीबी केबल डेटा प्लान के लिए आपका सब्सक्रिप्शन अनुरोध अग्रेषित कर दिया है। आपको 24 घंटे के भीतर उसी के संबंध में एक पुष्टिकरण संदेश प्राप्त होगा। हमें उम्मीद है कि आप हमारी सेवा का आनंद लेंगे। क्या कुछ और होगा जिसमें मैं आपकी मदद कर सकूं?,3,2
That's a great choice! I'd like to inform you that your service will be activated in the next 24 hours.,यह एक बढ़िया विकल्प है! मैं आपको सूचित करना चाहता हूं कि आपकी सेवा अगले 24 घंटों में सक्रिय हो जाएगी।,3,2
5GB PLAN, 5GB योजना,0,0
no sir, नहीं साहब,1,0
"Awesome! For the internet service we have 1 GB, 5 GB and 10 GB plans. May I know which plan you'd like to purchase? "," बहुत बढ़िया! इंटरनेट सेवा के लिए हमारे पास 1 जीबी, 5 जीबी और 10 जीबी के प्लान हैं। क्या मैं जान सकता हूँ कि आप कौन-सा प्लान खरीदना चाहेंगे?",3,2
Good morning! You've reached Net link Media/Cable Services. How may I help you today?, सुबह बख़ैर! आप नेट लिंक मीडिया/केबल सेवाओं पर पहुंच गए हैं। आज मैं आपकी कैसे मदद कर सकता हूँ?,3,0
"Hey there! Welcome to V-Fiber net services, how may I help you today?","सुनो! वी-फाइबर नेट सेवाओं में आपका स्वागत है, मैं आज आपकी कैसे मदद कर सकता हूं?",3,0
i need to purchase internet connection, मुझे इंटरनेट कनेक्शन खरीदना है,1,0
"I highly appreciate your patience. We are currently offering 1 GB, 5 GB and 10 GB data plans. Which one you'd like to sign up for? "," मैं आपके धैर्य की अत्यधिक सराहना करता हूं। फिलहाल हम 1 जीबी, 5 जीबी और 10 जीबी डेटा प्लान दे रहे हैं। आप किसके लिए साइन अप करना चाहेंगे?",3,2
please keep safe my card number, कृपया मेरा कार्ड नंबर सुरक्षित रखें,3,0
hai, हाय,2,0
"Thank you so much Rory, certainly please do it"," बहुत बहुत धन्यवाद रोरी, निश्चित रूप से कृपया इसे करें",3,2
5gb plan, 5जीबी प्लान,0,0
Thank you for contacting us. I hope you have a great day ahead. Bye!, हमसे संपर्क करने के लिए धन्यवाद। मुझे आशा है कि आपके लिए आगे एक अच्छा दिन होगा। अलविदा!,3,2
YES I LIKED CABLE SERVICE SIR.., हाँ मुझे केबल सेवा पसंद आई सर..,2,2
new cable service, नई केबल सेवा,0,0
My pleasure! Is there anything else I may help you with?, मेरा सौभाग्य! क्या कुछ और है जिसमें मैं आपकी मदद कर सकता हूं?,3,2
hi, नमस्ते,2,0
Thank you so much for contacting us. Please let us know your valuable feedback. You've a great day ahead.,हमसे संपर्क करने के लिए आपका बहुत-बहुत धन्यवाद। कृपया हमें अपनी बहुमूल्य प्रतिक्रिया बताएं। आपका आने वाला दिन बहुत अच्छा है।,3,2
"Good news! I've confirmed your 10 GB cable and internet service with Net link and our executives will reach you within 2-3 days for the installation. And, I've also created an account of yours with us, for any further queries on plans or services you can check on our website i.e www.netlink.com."," खुशखबरी! मैंने नेट लिंक के साथ आपकी 10 जीबी केबल और इंटरनेट सेवा की पुष्टि की है और हमारे अधिकारी इंस्टॉलेशन के लिए 2-3 दिनों के भीतर आप तक पहुंच जाएंगे। और, मैंने आपका खाता भी हमारे साथ बनाया है, योजनाओं या सेवाओं के बारे में किसी और प्रश्न के लिए आप हमारी वेबसाइट यानी www.netlink.com पर देख सकते हैं।",3,2
Good morning! You've reached Net Link Media/Cable Services. How may I help you today?, सुबह बख़ैर! आप नेट लिंक मीडिया/केबल सेवाओं तक पहुंच गए हैं। आज मैं आपकी कैसे मदद कर सकता हूँ?,3,0
I am from New York 10011, मैं न्यूयॉर्क से हूँ 10011,1,0
hi, नमस्ते,2,0
What would the rates of these planes Sam?, सैम इन विमानों की दरें क्या होंगी?,0,0
"That's perfect! For the internet service we have 1 GB, 5 GB and 10 GB data plans, may I know which data plan you'd like to purchase?"," यह बिल्कुल सही है! इंटरनेट सेवा के लिए हमारे पास 1 जीबी, 5 जीबी और 10 जीबी डेटा प्लान हैं, क्या मैं जान सकता हूं कि आप कौन सा डेटा प्लान खरीदना चाहेंगे?",3,2
NOTHING ELSE, और कुछ नहीं,2,0
"Thank you! For the cable packages we have  (1GB, 5 GB, 10 GB) which are $5, $10 and $29 respectively. Could you now please go ahead and choose a package for yourself?","आपको धन्यवाद! केबल पैकेज के लिए हमारे पास (1GB, 5GB, 10GB) हैं जो क्रमशः $5, $10 और $29 हैं। क्या अब आप कृपया आगे बढ़ सकते हैं और अपने लिए एक पैकेज चुन सकते हैं?",3,2
ok, ठीक है,2,0
OHIO CITY, ओहियो शहर,2,0
"Sounds perfect! For the cable service, we have 1 GB plan, 5 GB and 10 GB plan. May I know which plan you'd like to choose? "," यह बढ़िया है! केबल सर्विस के लिए हमारे पास 1 जीबी प्लान, 5 जीबी और 10 जीबी का प्लान है। क्या मैं जान सकता हूँ कि आप कौन-सी योजना चुनना चाहेंगे?",3,2
BYE, अलविदा,2,0
aaron, हारून,0,0
I'm sorry I didn't get that. Welcome to Universal cable customer care services. How may I help you?, मुझे खेद है कि मुझे वह नहीं मिला। यूनिवर्सल केबल कस्टमर केयर सर्विसेज में आपका स्वागत है। क्या मेरे द्वारा आपकी कोई सहायता हो सकती है?,3,1
chennai 600018, चेन्नई 600018,0,0
HAVE A GREAT NICE DAY!, आपका दिन बहुत अच्छा हो!,2,2
1 gb data plan, 1 जीबी डेटा प्लान,0,0
OK, ठीक है,2,0
"A GREAT DAY, GOOD BYE"," एक अच्छा दिन, अलविदा",2,2
5gb, 5जीबी,0,0
hello, नमस्ते,2,0
"Thank you for helping me with your details. At present, we have three data plans, they are 1 GB, 5 GB and 10 GB. which one you'd like to buy?","अपने विवरण के साथ मेरी मदद करने के लिए धन्यवाद। फिलहाल हमारे पास तीन डेटा प्लान हैं, वे 1 जीबी, 5 जीबी और 10 जीबी हैं। आप कौन सा खरीदना चाहेंगे?",3,0
o0k, o0k,2,0
"My pleasure! It was great assisting you, have a great day. Goodbye."," मेरा सौभाग्य! आपकी सहायता करके बहुत अच्छा लगा, आपका दिन शुभ हो। अलविदा।",3,2
"Absolutely! I'll be able to assist you in this, could you please share which city you belong to and its zip code?"," बिल्कुल! मैं इसमें आपकी सहायता कर सकूंगा, क्या आप कृपया साझा कर सकते हैं कि आप किस शहर से संबंधित हैं और उसका ज़िप कोड?",3,0
Thanks for sharing the information! Could you please let me know which data plan would you like to purchase?, जानकारी साझा करने के लिए धन्यवाद! क्या आप कृपया मुझे बता सकते हैं कि आप कौन सा डेटा प्लान खरीदना चाहेंगे?,3,0
"Hi, my name is Casey. How may I help you today?"," नमस्ते, मेरा नाम केसी है। आज मैं आपकी कैसे मदद कर सकता हूँ?",3,0
HI SIR, नमस्कार श्री मान जी,3,0
"i want to purchase new cable service
", मैं नई केबल सेवा खरीदना चाहता हूँ,1,0
no thanks," जी नहीं, धन्यवाद",3,1
Hello, नमस्ते,2,0
"You're welcome! Thank you for reaching out to us, hope that was helpful. Looking forward to connect back. Have a nice day!","आपका स्वागत है! हमसे संपर्क करने के लिए धन्यवाद, आशा है कि यह मददगार था। वापस कनेक्ट करने के लिए तत्पर हैं। आपका दिन शुभ हो!",3,2
"Wonderful! Thank you for reaching out to us, we are always here to help you in any issue relating to cable/media. Goodbye!","अद्भुत! हमसे संपर्क करने के लिए धन्यवाद, केबल/मीडिया से संबंधित किसी भी मुद्दे में आपकी मदद करने के लिए हम हमेशा यहां मौजूद हैं। अलविदा!",3,2
Hello, नमस्ते,2,0
file case*, फाइल केस*,0,0
"Sure, we'll make sure there is no bill increase from our end."," ज़रूर, हम यह सुनिश्चित करेंगे कि हमारी ओर से कोई बिल वृद्धि न हो।",2,0
"Surely, thank you for choosing AT&T. For more queries or assistance, please do reach out to us. Good day!"," निश्चित रूप से, एटी एंड टी को चुनने के लिए धन्यवाद। अधिक प्रश्नों या सहायता के लिए, कृपया हमसे संपर्क करें। अच्छा दिन!",3,2
RAJ SSN 2587, राज एसएसएन 2587,0,0
"Sure! We have 3 plans for the cable services, like 1 GB, 5 GB and 10 GB."," ज़रूर! केबल सेवाओं के लिए हमारे पास 3 प्लान हैं, जैसे 1 जीबी, 5 जीबी और 10 जीबी।",2,0
Good morning! You've reached Net Link Media/Cable Services. How may I help you today?, सुबह बख़ैर! आप नेट लिंक मीडिया/केबल सेवाओं तक पहुंच गए हैं। आज मैं आपकी कैसे मदद कर सकता हूँ?,3,0
Great! Please spare me a moment to process your request., महान! कृपया मुझे आपके अनुरोध को संसाधित करने के लिए कुछ समय दें।,3,2
"Alcoa, TN 37701"," अल्कोआ, टीएन 37701",0,0
Glad to help you Kindly call us on 736-213-401 for any related query. Good day!," आपकी मदद करने में खुशी हुई, कृपया किसी भी संबंधित प्रश्न के लिए हमें 736-213-401 पर कॉल करें। अच्छा दिन!",3,2
"Thank you! Since you've mentioned you would like to go ahead with the internet connection. We have three packages to offer, (1GB, 5 GB, 10 GB) which are $5 $10 and $20 respectively. Now would you please go ahead and choose a package for yourself please?"," आपको धन्यवाद! चूंकि आपने उल्लेख किया है कि आप इंटरनेट कनेक्शन के साथ आगे बढ़ना चाहेंगे। हमारे पास पेश करने के लिए तीन पैकेज हैं, (1GB, 5GB, 10GB) जो क्रमशः $5 $10 और $20 हैं। अब क्या आप कृपया आगे बढ़ें और कृपया अपने लिए एक पैकेज चुनें?",3,2
internet, इंटरनेट,0,0
"Alright. We have 1 GB, 5 GB and 10 GB data plans, May I know which one you'd like to sign up for? "," ठीक है। हमारे पास 1 जीबी, 5 जीबी और 10 जीबी डेटा प्लान हैं, क्या मैं जान सकता हूं कि आप किसके लिए साइन अप करना चाहते हैं?",3,0
"Perfect! Thank you for the response. Could you please allow me a minute or two, while I get this done for you?"," उत्तम! जवाब देने के लिए धन्यवाद। क्या आप कृपया मुझे एक या दो मिनट का समय दे सकते हैं, जबकि मैं आपके लिए यह कर रहा हूँ?",3,2
It was a pleasure to assist you today. Have a great day!, आज आपकी सहायता करके खुशी हुई। आपका दिन अच्छा रहे!,3,2
No, नहीं,1,0
"Dear customer, please elaborate your query for us to help your efficiently.","प्रिय ग्राहक, कृपया अपनी क्वेरी को विस्तृत करें ताकि हम आपकी कुशलता से मदद कर सकें।",3,0
Hello?, नमस्ते?,3,0
Good news! This shall be activated within 24 hours. Is there anything else I may help you with?, खुशखबरी! यह 24 घंटे के भीतर सक्रिय हो जाएगा। क्या कुछ और है जिसमें मैं आपकी मदद कर सकता हूं?,3,2
"I apologize, I haven't got your last response. Could you please help me with your query so that I can help you in the best way?"," मुझे खेद है, मुझे आपका अंतिम उत्तर नहीं मिला। क्या आप कृपया अपनी क्वेरी में मेरी मदद कर सकते हैं ताकि मैं आपकी सर्वोत्तम तरीके से मदद कर सकूं?",3,0
hello, नमस्ते,2,0
10 gb, 10 जीबी,0,0
yes, हां,2,0
mumbai and 647948, मुंबई और 647948,0,0
53202,53202,0,0
Sure! I'll help you with that. Could you please provide me the city and the zip code?, ज़रूर! मैं इसमें आपकी मदद करूंगा। क्या आप कृपया मुझे शहर और ज़िप कोड प्रदान कर सकते हैं?,3,0
thanks thats it, धन्यवाद यही है,3,0
"You're Welcome! Have a good day, hope to assist you in the future as well. Goodbye!"," आपका स्वागत है! आपका दिन शुभ हो, भविष्य में भी आपकी सहायता करने की आशा है। अलविदा!",3,2
i want new cable service, मुझे नई केबल सेवा चाहिए,1,0
"Thank you for helping me with your details. At present, we have three data plans, they are 1 GB, 5 GB and 10 GB. which one you'd like to buy?","अपने विवरण के साथ मेरी मदद करने के लिए धन्यवाद। फिलहाल हमारे पास तीन डेटा प्लान हैं, वे 1 जीबी, 5 जीबी और 10 जीबी हैं। आप कौन सा खरीदना चाहेंगे?",3,0
"Thanks for being so cooperative, I've checked your details and found that your previous month bill from 1st Sep to 27th Sep stand at $80. Anything else I may help you with?"," इतना सहयोग करने के लिए धन्यवाद, मैंने आपके विवरण की जांच की है और पाया है कि 1 सितंबर से 27 सितंबर तक आपके पिछले महीने का बिल $80 है। कुछ और मैं आपकी मदद कर सकता हूँ?",3,2
kf4658, केएफ4658,2,0
ok thanks, ठीक है धन्यवाद,3,0
no thanks bye, नहीं धन्यवाद अलविदा,3,1
"Sure thing! I must say you've reached the right place for the best plans, I'll be happy to help you in this regard. May I know the city you live in and  it's zip code?"," अवश्य! मुझे कहना होगा कि आप सबसे अच्छी योजनाओं के लिए सही जगह पर पहुँचे हैं, मुझे इस संबंध में आपकी मदद करने में खुशी होगी। क्या मैं उस शहर को जान सकता हूँ जिसमें आप रहते हैं और उसका ज़िप कोड है?",3,2
i need a new cable service connection, मुझे एक नया केबल सेवा कनेक्शन चाहिए,1,0
Alright! Hope you liked our service and continue to help us help you. You can go through our website in case of any query. Good day!, ठीक है! आशा है कि आपको हमारी सेवा पसंद आई होगी और आपकी मदद करने में हमारी मदद करना जारी रखेंगे। किसी भी प्रश्न के मामले में आप हमारी वेबसाइट पर जा सकते हैं। अच्छा दिन!,3,2
Have a great day, आपका दिन अच्छा रहे,2,2
"I'll surely help you with that, could you please let me know your name and the email address? "," मैं निश्चित रूप से इसमें आपकी मदद करूंगा, क्या आप कृपया मुझे अपना नाम और ईमेल पता बता सकते हैं?",3,0
I NEED A INTERNET SERVICE,मुझे एक इंटरनेट सेवा चाहिए,1,0
"Thank you! For the internet service we have 1 GB, 5 Gb and 10 GB data plans, may I know which data plans you'd like to purchase?"," आपको धन्यवाद! इंटरनेट सेवा के लिए हमारे पास 1 जीबी, 5 जीबी और 10 जीबी डेटा प्लान हैं, क्या मैं जान सकता हूं कि आप कौन से डेटा प्लान खरीदना चाहेंगे?",3,0
sorry for my mistake, मेरी गलती के लिए क्षमा करें,3,0
"20886
Montgomery Village, MD"," 20886 मोंटगोमरी विलेज, एमडी",0,0
SORRY, माफ़ करना,2,1
bye, अलविदा,2,0
The bill is too high., बिल बहुत ज्यादा है।,2,1
It was a pleasure assisting you. Thank you for reaching out to us. Good day!, आपकी सहायता करना खुशी की बात थी। हमसे संपर्क की पहल के लिए आपका धन्यवाद। अच्छा दिन!,3,2
ok thanks, ठीक है धन्यवाद,3,0
no thanks," जी नहीं, धन्यवाद",3,1
ok, ठीक है,2,0
"Great! The plans available with us along with their costs are 1GB - $5, 5GB - $10 and 10GB - $25 per month, including taxes."," महान! उनकी लागत के साथ हमारे पास उपलब्ध योजनाएं करों सहित 1GB - $5, 5GB - $10 और 10GB - $25 प्रति माह हैं।",3,2
ok, ठीक है,2,0
okay goodbye have  a great day, ठीक है अलविदा आपका दिन शुभ हो,3,2
no, नहीं,1,1
10 gb data plan, 10 जीबी डेटा प्लान,0,0
"Fantastic! I've confirmed your new  5 GB cable connection, Our executives will reach you with the installation within 48 hrs. And I've also created an account of yours with Net Link. Further you can check all our plans and discounts from our website i.e www.netlink.com.  "," ज़बरदस्त! मैंने आपके नए 5 जीबी केबल कनेक्शन की पुष्टि कर दी है, हमारे अधिकारी 48 घंटे के भीतर इंस्टॉलेशन के साथ आप तक पहुंच जाएंगे। और मैंने नेट लिंक से आपका अकाउंट भी बनाया है। इसके अलावा आप हमारी वेबसाइट www.netlink.com से हमारी सभी योजनाओं और छूटों की जांच कर सकते हैं।",3,2
17830,17830,0,0
Hello! Welcome to prodesk cable services. How may I help you today?, नमस्ते! प्रोडेस्क केबल सेवाओं में आपका स्वागत है। आज मैं आपकी कैसे मदद कर सकता हूँ?,3,0
You're most welcome. Is there be anything else I may help you with?, आपका स्वागत है। क्या कुछ और है जिसमें मैं आपकी मदद कर सकता हूं?,3,2
"That's perfect! Thank you for the details, as you can see we serve the 3 plans those are: basic ($50 per month - 50 channels), premium ($75 per month - 75 channels), and platinum ($100 per month - all channels) and the current promotions for each of the cable are 10% off premium cable if you sign for a 3 month contract or 15% off platinum cable if you sign for a 3 month contract. ","यह बिल्कुल सही है! विवरण के लिए धन्यवाद, जैसा कि आप देख सकते हैं कि हम 3 योजनाओं की सेवा करते हैं: मूल ($ 50 प्रति माह - 50 चैनल), प्रीमियम ($ 75 प्रति माह - 75 चैनल), और प्लैटिनम ($ 100 प्रति माह - सभी चैनल) और यदि आप 3 महीने के अनुबंध पर हस्ताक्षर करते हैं या 3 महीने के अनुबंध पर हस्ताक्षर करते हैं तो प्लैटिनम केबल पर 15% की छूट के साथ प्रत्येक केबल के लिए वर्तमान प्रचार प्रीमियम केबल पर 10% की छूट है।",3,2
ok, ठीक है,2,0
That's a good choice. The plan is for $60 a month. Would you have any questions about this?, यह एक अच्छा विकल्प है। योजना $ 60 प्रति माह के लिए है। क्या आप इसके बारे में कोई प्रश्न पूछना चाहेंगे?,3,2
"texas,75074"," टेक्सास,75074",0,0
SSN NO 4568, एसएसएन संख्या 4568,1,0
Perfect! Is there anything else I may help you out with?, उत्तम! क्या कुछ और है जिसमें मैं आपकी मदद कर सकता हूं?,3,2
ok, ठीक है,2,0
thank you, धन्यवाद,2,2
Awesome! I'll help you with that. May I know the name of your city please?, बहुत बढ़िया! मैं इसमें आपकी मदद करूंगा। क्या मैं आपके शहर का नाम जान सकता हूँ?,3,2
5GB is perfect for me, 5GB मेरे लिए एकदम सही है,0,2
5 GB, 5 जीबी,0,0
Have a nice day., आपका दिन शुभ हो।,2,2
That's great! Thanks for your help. Bye!, एक दम बढ़िया! आपकी सहायता के लिए धन्यवाद. अलविदा!,3,2
"Thank you for confirming. I've created your new account and shared your details with my team, Quite soon, they'll contact you and proceed with the installation process. I'm positive that within two hours your service will get activated.","पुष्टि करने के लिए शुक्रिया। मैंने आपका नया खाता बना लिया है और अपनी टीम के साथ आपका विवरण साझा किया है, बहुत जल्द, वे आपसे संपर्क करेंगे और स्थापना प्रक्रिया के साथ आगे बढ़ेंगे। मुझे विश्वास है कि दो घंटे के भीतर आपकी सेवा सक्रिय हो जाएगी।",3,2
"Awesome! Could you please help me with the plan you need for your service? The plans that we offer are 1 GB, 5 GB, 10 GB and their prices are $5, $25 and $50 respectively."," बहुत बढ़िया! क्या आप कृपया मुझे अपनी सेवा के लिए आवश्यक योजना में मदद कर सकते हैं? हम जो प्लान पेश करते हैं वे 1 जीबी, 5 जीबी, 10 जीबी हैं और उनकी कीमतें क्रमशः $ 5, $ 25 और $ 50 हैं।",3,2
No problem. Thanks for your help today. Nothing else is needed., कोई बात नहीं। आज आपकी मदद के लिए धन्यवाद। और कुछ नहीं चाहिए।,3,2
"Perfect!  As you see that we are right now serving 3 promotional plans i.e basic ($50 per month - 50 channels), premium ($75 per month - 75 channels), and platinum ($100 per month - all channels) and the promotional offer being 10% off premium cable if you sign a 3 month contract or 15% off platinum cable if you sign a 3 month contract.  Which off them would you choose?","उत्तम! जैसा कि आप देख रहे हैं कि हम अभी 3 प्रचार योजनाओं की सेवा कर रहे हैं अर्थात मूल ($50 प्रति माह - 50 चैनल), प्रीमियम ($75 प्रति माह - 75 चैनल), और प्लेटिनम ($100 प्रति माह - सभी चैनल) और प्रचार ऑफ़र 10% है यदि आप 3 महीने के अनुबंध पर हस्ताक्षर करते हैं या 3 महीने के अनुबंध पर हस्ताक्षर करने पर प्लैटिनम केबल पर 15% की छूट देते हैं तो प्रीमियम केबल बंद करें। आप उनमें से किसे चुनेंगे?",3,2
okay., ठीक है।,2,0
"Alright! Feel free to reach us when needed, thanks for choosing our services. Have a nice day, goodbye."," ठीक है! जरूरत पड़ने पर हम तक बेझिझक पहुंचें, हमारी सेवाओं को चुनने के लिए धन्यवाद। आपका दिन शुभ हो, अलविदा।",3,2
Do you mean yes?, क्या आपका मतलब हाँ है?,2,0
OK, ठीक है,2,0
YES, हां,2,2
"Wonderful! I appreciate your patience in staying connected. As you see we have basic ($50 per month - 50 channels), premium ($75 per month - 75 channels), and platinum ($100 per month - all channels). Which one would you choose?"," अद्भुत! मैं जुड़े रहने में आपके धैर्य की सराहना करता हूं। जैसा कि आप देख सकते हैं कि हमारे पास बुनियादी ($50 प्रति माह - 50 चैनल), प्रीमियम ($75 प्रति माह - 75 चैनल), और प्लैटिनम ($100 प्रति माह - सभी चैनल) हैं। आप किसका चयन करेंगे?",3,2
i need a new cable service connection, मुझे एक नया केबल सेवा कनेक्शन चाहिए,1,0
"Thank you! For the internet packages we have  (1GB, 5 GB, 10 GB) which are $5, $10 and $29 respectively. Could you now please go ahead and choose a package for yourself?"," आपको धन्यवाद! इंटरनेट पैकेज के लिए हमारे पास (1GB, 5GB, 10GB) हैं जो क्रमशः $5, $10 और $29 हैं। क्या अब आप कृपया आगे बढ़ सकते हैं और अपने लिए एक पैकेज चुन सकते हैं?",3,2
BYE, अलविदा,2,0
Fantastic! I've forwarded your service activation request for the 5 GB internet data plan. You will be receiving a confirmation call regarding the same within 24 hours. We hope you enjoy our service. Will there be anything else I could do for you?, ज़बरदस्त! मैंने 5 जीबी इंटरनेट डेटा प्लान के लिए आपका सेवा सक्रियण अनुरोध अग्रेषित कर दिया है। आपको 24 घंटे के भीतर उसी के संबंध में एक पुष्टिकरण कॉल प्राप्त होगा। हमें उम्मीद है कि आप हमारी सेवा का आनंद लेंगे। क्या मैं तुम्हारे लिए और कुछ कर सकता हूँ?,3,2
Great! I'll make a confirmation request for you and our team will get in touch with you as soon as possible for further process.,महान! मैं आपके लिए एक पुष्टिकरण अनुरोध करूंगा और हमारी टीम आगे की प्रक्रिया के लिए जितनी जल्दी हो सके आपसे संपर्क करेगी।,3,2
My pleasure. Thank you so much for choosing us to serve you. Good day!, मेरा सौभाग्य। हमें आपकी सेवा करने के लिए चुनने के लिए आपका बहुत-बहुत धन्यवाद। अच्छा दिन!,3,2
I NEED TO NEW CABLE SERVICE, मुझे नई केबल सेवा चाहिए,1,1
"Alcoa, TN 37701."," अल्कोआ, टीएन 37701।",0,0
hai, हाय,2,0
I need cable connection., मुझे केबल कनेक्शन चाहिए।,1,0
10Gb, 10जीबी,0,0
how much did each family member use ?, परिवार के प्रत्येक सदस्य ने कितना उपयोग किया?,0,0
Columbus, कोलंबस,0,0
Perfect! I'll confirm the plan of 5 GB for the internet service to you. Is there anything else that I may help you with?, उत्तम! मैं आपको इंटरनेट सेवा के लिए 5 जीबी की योजना की पुष्टि करूंगा। क्या कुछ और है जिसमें मैं आपकी मदद कर सकता हूं?,3,2
NOTHING ELSE, और कुछ नहीं,2,0
OK, ठीक है,2,0
i need new service, मुझे नई सेवा चाहिए,1,1
i want new cable service, मुझे नई केबल सेवा चाहिए,1,0
Melinda could you also help me out with the last 4 digits of your SSN?, मेलिंडा क्या आप अपने एसएसएन के अंतिम 4 अंकों के साथ मेरी मदद कर सकते हैं?,3,0
I would like to purchase 1 GB plan., मैं 1 जीबी प्लान खरीदना चाहता हूं।,2,0
"Thanks for confirming, I'm sorry for the delay in reply, due to some technical glitch I couldn't reply. "," पुष्टि करने के लिए धन्यवाद, उत्तर में देरी के लिए मुझे खेद है, कुछ तकनीकी गड़बड़ी के कारण मैं जवाब नहीं दे सका।",3,1
5gb, 5जीबी,0,0
1GB cost $3, 1GB की कीमत $3,0,0
Hello! How may I assist you today?, नमस्ते! आज मैं आपकी मदद किस तरह कर सकता हूँ?,3,0
10 GB, 10 जीबी,0,0
Alright! May I confirm if you have restarting the router and the issue is still continuing?, ठीक है! क्या मैं पुष्टि कर सकता हूं कि क्या आपने राउटर को पुनरारंभ किया है और समस्या अभी भी जारी है?,2,1
"Fantastic! I've confirmed your new  10 GB cable connection, Our executives will reach you with the installation within 48 hrs. And I've also created an account of yours with Net Link. Further you can check all our plans and discounts from our website i.e www.netlink.com.  "," ज़बरदस्त! मैंने आपके नए 10 जीबी केबल कनेक्शन की पुष्टि कर दी है, हमारे अधिकारी 48 घंटे के भीतर इंस्टॉलेशन के साथ आप तक पहुंच जाएंगे। और मैंने नेट लिंक से आपका अकाउंट भी बनाया है। इसके अलावा आप हमारी वेबसाइट www.netlink.com से हमारी सभी योजनाओं और छूटों की जांच कर सकते हैं।",3,2
NO, ना,1,1
1GB, 1GB,0,0
Awesome! 10GB data plan would cost you $15. Would you like to confirm the plan?, बहुत बढ़िया! 10GB डेटा प्लान की कीमत आपको $15 होगी। क्या आप योजना की पुष्टि करना चाहेंगे?,3,2
"NOTHING ELSE RORY, THANK YOU FOR YOUR HELP.","और कुछ नहीं रोरी, आपकी मदद के लिए धन्यवाद।",3,2
Oxford and zip code is 27565, ऑक्सफोर्ड और ज़िप कोड 27565 . है,0,0
"Thank you, could you please be more specific with the zip code as well?"," धन्यवाद, क्या आप कृपया ज़िप कोड के साथ और अधिक विशिष्ट हो सकते हैं?",3,0
I hope we are still connected?, मुझे आशा है कि हम अभी भी जुड़े हुए हैं?,2,0
"NOTHING ELSE, THANK YOU"," और कुछ नहीं, धन्यवाद",3,2
Hi Riley, हाय रिले,3,0
hi, नमस्ते,2,0
"Awesome! Thank you so much for reaching out to us, hope you'll have a great day ahead! "," बहुत बढ़िया! हमसे संपर्क करने के लिए आपका बहुत-बहुत धन्यवाद, आशा है कि आपका आने वाला दिन बहुत अच्छा होगा!",3,2
Good Morning!, शुभ प्रभात!,3,2
"Sure, please allow me a minute. "," ज़रूर, कृपया मुझे एक मिनट का समय दें।",3,0
I'll help you with that. Could you please help me with the city's name and the zip code?, मैं इसमें आपकी मदद करूंगा। क्या आप कृपया शहर के नाम और ज़िप कोड के साथ मेरी मदद कर सकते हैं?,3,0
"And, the current service your on would be?"," और, आपकी वर्तमान सेवा क्या होगी?",1,0
"Thank you! Here we provide you with service types like- cable, internet and phone. Could you please tell me which one would you like to go with?"," आपको धन्यवाद! यहां हम आपको सेवा प्रकार प्रदान करते हैं जैसे- केबल, इंटरनेट और फोन। क्या आप कृपया मुझे बता सकते हैं कि आप किसके साथ जाना चाहेंगे?",3,2
That's a great choice! Your cable connection of 10 GB data plan will get activated soon after you complete the sign up process. Would you like to know anything about our data plans?, यह एक बढ़िया विकल्प है! साइन अप प्रक्रिया पूरी करने के तुरंत बाद आपका 10 जीबी डेटा प्लान का केबल कनेक्शन सक्रिय हो जाएगा। क्या आप हमारे डेटा प्लान के बारे में कुछ जानना चाहेंगे?,3,2
Hello! Welcome to D-Link customer care chat service. How may I help you today?, नमस्ते! डी-लिंक कस्टमर केयर चैट सर्विस में आपका स्वागत है। आज मैं आपकी कैसे मदद कर सकता हूँ?,3,0
i want phone service, मुझे फोन सेवा चाहिए,1,0
i want to register for new internet connection, मैं नए इंटरनेट कनेक्शन के लिए पंजीकरण करना चाहता हूं,1,0
Awesome! Just give me a moment sir while I contact my team regarding your issue and then I'll get back to you?," बहुत बढ़िया! बस मुझे एक पल दें सर, जब तक मैं आपकी समस्या के बारे में अपनी टीम से संपर्क करता हूं और फिर मैं आपसे संपर्क करूंगा?",3,1
Sure! Please allow me a moment to go ahead and confirm that for you., ज़रूर! कृपया मुझे आगे बढ़ने का एक क्षण दें और आपके लिए इसकी पुष्टि करें।,3,0
98562,98562,0,0
"cable, internet service ","केबल, इंटरनेट सेवा",0,0
"Alright! Thanks for choosing our services, it was great assisting you. Have a nice day, goodbye."," ठीक है! हमारी सेवाओं को चुनने के लिए धन्यवाद, आपकी सहायता करके बहुत अच्छा लगा। आपका दिन शुभ हो, अलविदा।",3,2
Sure! I'll definitely help you with that. Could you please help me with your city name and the zip code?, ज़रूर! मैं इसमें आपकी जरूर मदद करूंगा। क्या आप कृपया मुझे अपने शहर के नाम और ज़िप कोड के साथ मदद कर सकते हैं?,3,0
Nice! I hope I helped you with your query. Will there be anything else I could help you with?, अच्छा! मुझे आशा है कि मैंने आपकी क्वेरी में आपकी मदद की। क्या कुछ और होगा जिसमें मैं आपकी मदद कर सकूं?,3,2
Would there be anything else I may assist you with?, क्या कुछ और होगा जिसमें मैं आपकी सहायता कर सकूं?,2,0
how about speed, गति के बारे में कैसे,0,0
I want a new services, मुझे एक नई सेवा चाहिए,1,0
hi, नमस्ते,2,0
"You're most welcome, thank you for reaching out to us. Have an awesome day ahead!"," आपका बहुत-बहुत स्वागत है, हमसे संपर्क करने के लिए धन्यवाद। आगे का दिन शानदार हो!",3,2
"Alright! Just to confirm, we'll levy $25.60 per month (inclusive of taxes). Is that okay with you?"," ठीक है! केवल पुष्टि करने के लिए, हम प्रति माह $25.60 (करों सहित) लगाएंगे। क्या आपके आपके लिए सही है?",2,0
cable, केबल,0,0
Hey there! Good morning. Welcome to LMT cable services. How may I assist you?,सुनो! सुबह बख़ैर। एलएमटी केबल सेवाओं में आपका स्वागत है। मैं आपकी कैसे सहायता कर सकता हूँ?,3,0
Definitely! We do have new cable services. Would you like to get one for yourself?, निश्चित रूप से! हमारे पास नई केबल सेवाएं हैं। क्या आप अपने लिए एक प्राप्त करना चाहेंगे?,3,2
" Thank you for reaching out to us, have an awesome day ahead!"," हमसे संपर्क करने के लिए धन्यवाद, आपका आने वाला दिन शानदार हो!",3,2
"Thank you for the details, please give me a minute to proceed further. "," विवरण के लिए धन्यवाद, कृपया मुझे आगे बढ़ने के लिए एक मिनट दें।",3,0
5 GB, 5 जीबी,0,0
no that shall," नहीं, वह",1,0
no, नहीं,1,1
"That's a really good choice, as you'll be access to the whole data at an amazing speed. I'd like to inform you that your service will be activated in the next 2 business days. "," यह वास्तव में एक अच्छा विकल्प है, क्योंकि आप एक अद्भुत गति से संपूर्ण डेटा तक पहुंच पाएंगे। मैं आपको सूचित करना चाहता हूं कि आपकी सेवा अगले 2 व्यावसायिक दिनों में सक्रिय हो जाएगी।",2,2
like to purchase, खरीदना पसंद है,2,2
5 GB, 5 जीबी,0,0
i want new internet connection, मुझे नया इंटरनेट कनेक्शन चाहिए,1,0
"City Name: Hartford.
", शहर का नाम: हार्टफोर्ड।,0,0
ok no thanks, ठीक है नहीं धन्यवाद,3,1
Good morning! You've reached Net link Media/Cable Services. How may I help you today?, सुबह बख़ैर! आप नेट लिंक मीडिया/केबल सेवाओं पर पहुंच गए हैं। आज मैं आपकी कैसे मदद कर सकता हूँ?,3,0
"Great! Which data plan would you like to purchase? We have 1 GB, 5 GB, 10 GB available as of now. You can use the data plan according to your preferences."," महान! आप कौन सा डेटा प्लान खरीदना चाहेंगे? हमारे पास अभी तक 1 जीबी, 5 जीबी, 10 जीबी उपलब्ध है। आप अपनी पसंद के अनुसार डेटा प्लान का उपयोग कर सकते हैं।",3,2
I'll surely help you out with that. May I know which service would you like to have?, मैं इसमें आपकी मदद जरूर करूंगा। क्या मैं जान सकता हूँ कि आप कौन सी सेवा करना चाहेंगे?,3,0
chennai 600008, चेन्नई 600008,0,0
my city name is Huntsville,मेरे शहर का नाम हंट्सविल है,1,0
I'll help you out in getting a new cable service. Could you help me out with the name of the city and the zip code?, मैं एक नई केबल सेवा प्राप्त करने में आपकी सहायता करूंगा। क्या आप शहर के नाम और ज़िप कोड के साथ मेरी मदद कर सकते हैं?,3,0
10 GB, 10 जीबी,0,0
like to purchase, खरीदना पसंद है,2,0
"Sure, I'll help you with it. Could you share your city and the zip code?"," ज़रूर, मैं इसमें आपकी मदद करूँगा। क्या आप अपना शहर और पिन कोड साझा कर सकते हैं?",3,0
ok thanks, ठीक है धन्यवाद,3,0
Perfect! May I know the amount of charge being charged extra on your bill?, उत्तम! क्या मैं जान सकता हूँ कि आपके बिल पर कितना अतिरिक्त शुल्क लिया जा रहा है?,3,1
845145,845145,0,0
DON'T YOU WANT MY CITY AND ZIP CODE?, क्या आपको मेरा शहर और ज़िप कोड नहीं चाहिए?,1,0
PARIS 75006, पेरिस 75006,0,0
Great! Is there anything else that I may help you with?, महान! क्या कुछ और है जिसमें मैं आपकी मदद कर सकता हूं?,3,2
10 gb, 10 जीबी,0,0
10GB, 10जीबी,0,0
Yeah okay, हाँ ठीक है,2,0
"Thank you for staying connected. Good news! You're eligible for our promotions which are 10% off premium cable if you sign a 3 month contract or 15% off platinum cable if you sign a 3 month contract. We have basic ($50 per month - 50 channels), premium ($75 per month - 75 channels), and platinum ($100 per month - all channels). May I know which one would you choose? ","जुड़े रहने के लिए धन्यवाद। खुशखबरी! यदि आप 3 महीने के अनुबंध पर हस्ताक्षर करते हैं या 3 महीने के अनुबंध पर हस्ताक्षर करने पर प्लैटिनम केबल पर 15% की छूट देते हैं, तो आप हमारे प्रचार के लिए पात्र हैं, जो प्रीमियम केबल पर 10% की छूट है। हमारे पास मूल ($ 50 प्रति माह - 50 चैनल), प्रीमियम ($ 75 प्रति माह - 75 चैनल), और प्लैटिनम ($ 100 प्रति माह - सभी चैनल) हैं। क्या मैं जान सकता हूँ कि आप किसे चुनेंगे?",3,2
Good morning! You've reached Net Link Media/Cable Services. How may I help you today?, सुबह बख़ैर! आप नेट लिंक मीडिया/केबल सेवाओं तक पहुंच गए हैं। आज मैं आपकी कैसे मदद कर सकता हूँ?,3,0
10gb, 10जीबी,0,0
"i want to purchase new cable, internet or phone service. "," मैं नई केबल, इंटरनेट या फोन सेवा खरीदना चाहता हूं।",1,0
mumbai and 750029, मुंबई और 750029,0,0
"Great! Thank you for the details, please give me a minute to proceed further. "," महान! विवरण के लिए धन्यवाद, कृपया मुझे आगे बढ़ने के लिए एक मिनट दें।",3,2
ok thanks, ठीक है धन्यवाद,3,0
ok, ठीक है,2,0
Sure! I'll definitely help you with that. Could you please help me with the city and zip code?, ज़रूर! मैं इसमें आपकी जरूर मदद करूंगा। क्या आप कृपया मुझे शहर और ज़िप कोड के साथ मदद कर सकते हैं?,3,0
"Dear User, there seems to be a connection issue. I'm forced to disconnect this chat within 30 seconds, if not connected."," प्रिय उपयोगकर्ता, ऐसा लगता है कि कोई कनेक्शन समस्या है। कनेक्ट नहीं होने पर, मैं 30 सेकंड के भीतर इस चैट को डिस्कनेक्ट करने के लिए बाध्य हूं।",2,1
yes, हां,2,0
okay no thaks, ठीक है नहीं धन्यवाद,2,0
I'll help you in getting a new cable connection. May I know the name of the city where you want to set up the cable connection and the zip code of your area?, मैं नया केबल कनेक्शन लेने में आपकी मदद करूंगा। क्या मैं उस शहर का नाम जान सकता हूँ जहाँ आप केबल कनेक्शन और अपने क्षेत्र का ज़िप कोड स्थापित करना चाहते हैं?,3,0
no thanks," जी नहीं, धन्यवाद",3,1
"Sure, i am waiting for your replay."," ज़रूर, मैं आपके रीप्ले का इंतज़ार कर रहा हूँ।",2,0
You're at the right place for Cable service. May I know your city and it's zip code please?, आप केबल सेवा के लिए सही जगह पर हैं। क्या मैं आपका शहर और उसका ज़िप कोड जान सकता हूँ?,3,2
Thank you for contacting our live chat service. I hope you have a great day ahead. Bye!,हमारी लाइव चैट सेवा से संपर्क करने के लिए धन्यवाद। मुझे आशा है कि आपके लिए आगे एक अच्छा दिन होगा। अलविदा!,3,2
no, नहीं,1,1
"thank you jesse, price and validity of plan"," थैंक यू जेसी, कीमत और प्लान की वैधता",3,2
"Thanks for the information. You said you need a cable plan. Which data plan would you like to purchase? We have 1GB, 5GB and 10GB data plans available. It's $25 for 1GB. $40 for 5GB and $60 for 10GB."," सूचना के लिए धन्यवाद। आपने कहा कि आपको केबल योजना की आवश्यकता है। आप कौन सा डेटा प्लान खरीदना चाहेंगे? हमारे पास 1GB, 5GB और 10GB डेटा प्लान उपलब्ध हैं। यह 1GB के लिए $25 है। 5GB के लिए $40 और 10GB के लिए $60।",3,0
I am from Austin 73301, मैं ऑस्टिन से हूँ 73301,1,0
"Good news! I'd like to inform you that, I've confirmed you new 1 GB cable connection. Our executives will reach you within 48 hrs for the installation. Is there anything else that I may help you with?"," खुशखबरी! मैं आपको सूचित करना चाहता हूं कि, मैंने आपको नए 1 जीबी केबल कनेक्शन की पुष्टि की है। स्थापना के लिए हमारे अधिकारी 48 घंटे के भीतर आप तक पहुंचेंगे। क्या कुछ और है जिसमें मैं आपकी मदद कर सकता हूं?",3,2
5Gb, 5जीबी,0,0
hi, नमस्ते,2,0
Hello! Welcome to Prodesk cable services. How may I help you today?, नमस्ते! प्रोडेस्क केबल सेवाओं में आपका स्वागत है। आज मैं आपकी कैसे मदद कर सकता हूँ?,3,0
moving to a new city, एक नए शहर में जाना,0,0
It was a pleasure to assist you today. Thank you for reaching out to us. Good day!, आज आपकी सहायता करके खुशी हुई। हमसे संपर्क की पहल के लिए आपका धन्यवाद। अच्छा दिन!,3,2
Sure. Could you please help me with your details like your city and zipcode? So that I can find the best plans available near you., ज़रूर। क्या आप कृपया अपने शहर और ज़िप कोड जैसे विवरण के साथ मेरी मदद कर सकते हैं? ताकि मैं आपके आस-पास उपलब्ध सर्वोत्तम योजनाओं को ढूंढ सकूं।,3,0
Thank you! Which data plan are you looking to purchase?, आपको धन्यवाद! आप कौन सा डेटा प्लान खरीदना चाह रहे हैं?,3,0
"Awesome! Thanks for reaching out to us, hope you'll have a great day ahead. "," बहुत बढ़िया! हमसे संपर्क करने के लिए धन्यवाद, आशा है कि आपका आने वाला दिन बहुत अच्छा होगा।",3,2
"My pleasure! Feel free to reach out to us when needed, it was great assisting you. Have a nice day, goodbye."," मेरा सौभाग्य! जरूरत पड़ने पर बेझिझक हमसे संपर्क करें, यह आपकी बहुत मदद कर रहा था। आपका दिन शुभ हो, अलविदा।",3,2
Great! I'll help you with that. Could you please provide your city's name?, महान! मैं इसमें आपकी मदद करूंगा। क्या आप कृपया अपने शहर का नाम बता सकते हैं?,3,2
"I apologize, could you please be more specific with your concern? "," मुझे खेद है, क्या आप कृपया अपनी चिंता के बारे में अधिक विशिष्ट हो सकते हैं?",3,0
21110,21110,0,0
12573,12573,0,0
"Thank you very much. To proceed further, we have 1 GB, 5 GB and 10 GB data plans. May I know which data plan you'd like to purchase? "," आपका बहुत बहुत धन्यवाद। आगे बढ़ने के लिए, हमारे पास 1 जीबी, 5 जीबी और 10 जीबी डेटा प्लान हैं। क्या मैं जान सकता हूँ कि आप कौन-सा डेटा प्लान खरीदना चाहेंगे?",3,0
789612,789612,0,0
"You are always welcome! Thanks for choosing our service. For any query, feel free to talk to us. "," आपका हमेशा स्वागत है! हमारी सेवा चुनने के लिए धन्यवाद। किसी भी प्रश्न के लिए, बेझिझक हमसे बात करें।",3,2
11328,11328,0,0
Definitely! I'd be glad to help you in this regard.  Could you please help me with the city name and it's zip code?,निश्चित रूप से! मुझे इस संबंध में आपकी मदद करने में खुशी होगी। क्या आप कृपया शहर के नाम और उसके ज़िप कोड के बारे में मेरी मदद कर सकते हैं?,3,2
"Perfect! We have 1 GB, 5 GB and 10 GB plan, may I know which plan you'd like to purchase?"," उत्तम! हमारे पास 1 जीबी, 5 जीबी और 10 जीबी प्लान है, क्या मैं जान सकता हूं कि आप कौन सा प्लान खरीदना चाहेंगे?",3,2
"Good evening! Welcome to Fastnet Cable customer service, I'm Cameron. How may I help you?"," सुसंध्या! Fastnet Cable ग्राहक सेवा में आपका स्वागत है, मैं कैमरून हूँ। क्या मेरे द्वारा आपकी कोई सहायता हो सकती है?",3,0
Perfect! I'll confirm the plan of 1 GB for cable service. Is there anything else that I may help you with?, उत्तम! मैं केबल सेवा के लिए 1 जीबी की योजना की पुष्टि करूंगा। क्या कुछ और है जिसमें मैं आपकी मदद कर सकता हूं?,3,2
i wand a new cable service, मुझे एक नई केबल सेवा चाहिए,1,0
Perfect! The 10 GB will be now activated and it will cost you $7 including all taxes., उत्तम! 10 जीबी अब सक्रिय हो जाएगा और सभी करों सहित इसकी कीमत आपको $7 होगी।,2,2
5GB PLAN, 5GB योजना,0,0
Hello! You've reached AT&T. How may I help you today?, नमस्ते! आप एटी एंड टी पर पहुंच गए हैं। आज मैं आपकी कैसे मदद कर सकता हूँ?,3,0
hai, हाय,2,0
Alright! I have now confirmed the 10 GB data plan on your name. However you would be receiving a conformation message about the same in an hour. Is there anything else I could help you with for today?, ठीक है! मैंने अब आपके नाम पर 10 जीबी डेटा प्लान कन्फर्म कर दिया है। हालाँकि आपको एक घंटे में उसी के बारे में एक संदेश प्राप्त होगा। क्या आज के लिए मैं आपकी कुछ और मदद कर सकता हूँ?,3,0
5 GB, 5 जीबी,0,0
nothing else sam.., कुछ और नहीं सैम..,2,0
madurai 625698, मदुरै 625698,0,0
HELLO, नमस्ते,2,0
"Alright! Feel free to reach us when needed, have a nice day. Goodbye."," ठीक है! जरूरत पड़ने पर बेझिझक हमसे संपर्क करें, आपका दिन शुभ हो। अलविदा।",2,0
5 gb, 5 जीबी,0,0
"Sure. Could you please help me with your city and zipcode?
", ज़रूर। क्या आप कृपया मुझे अपने शहर और ज़िप कोड के साथ मदद कर सकते हैं?,3,0
"Thank you for staying connected. Our executives will reach out to you for further details, will that be fine with you?"," जुड़े रहने के लिए धन्यवाद। हमारे अधिकारी अधिक जानकारी के लिए आप तक पहुंचेंगे, क्या यह आपके लिए ठीक रहेगा?",3,2
How much will it cost me for a year?, मुझे एक साल के लिए कितना खर्च आएगा?,0,0
Yes every thing done perfectly ..Thanks a lot for your help., हाँ सब कुछ पूरी तरह से किया ..आपकी मदद के लिए बहुत बहुत धन्यवाद।,3,2
CODE-457652, कोड-457652,0,0
nothing, कुछ नहीं,1,0
Thank you for choosing our services. I had a great time assisting you. Please do feel free to reach out to us for further queries. Have a good day!, हमारी सेवाओं को चुनने के लिए धन्यवाद। मुझे आपकी सहायता करने में बहुत अच्छा लगा। कृपया आगे के प्रश्नों के लिए हमसे बेझिझक संपर्क करें। आपका दिन शुभ हो!,3,2
Great! Please allow me a moment to process your request., महान! कृपया मुझे आपके अनुरोध को संसाधित करने के लिए कुछ समय दें।,3,2
"Awesome! Thank you for reaching out to us, hope you'll have a great day ahead! "," बहुत बढ़िया! हमसे संपर्क करने के लिए धन्यवाद, आशा है कि आगे आपका दिन बहुत अच्छा रहेगा!",3,2
Thank you for contacting us. You've a great day., हमसे संपर्क करने के लिए धन्यवाद। आपका दिन बहुत अच्छा रहा।,3,2
Thank you for contacting us. I hope you have a great day ahead. Bye!, हमसे संपर्क करने के लिए धन्यवाद। मुझे आशा है कि आपके लिए आगे एक अच्छा दिन होगा। अलविदा!,3,2
"Awesome! May I also know if you need the 1 GB, 5 GB, 10 GB plan for your service? "," बहुत बढ़िया! क्या मैं यह भी जान सकता हूं कि क्या आपको अपनी सेवा के लिए 1 जीबी, 5 जीबी, 10 जीबी प्लान चाहिए?",3,2
I go for 5 GB plan, मैं 5 जीबी प्लान के लिए जाता हूं,1,0
Yes we are connected. Hello and welcome to universal cable customer care services. How may I assist you today?, हाँ हम जुड़े हुए हैं। नमस्ते और यूनिवर्सल केबल कस्टमर केयर सर्विसेज में आपका स्वागत है। आज मैं आपकी मदद किस तरह कर सकता हूँ?,3,0
hI, नमस्ते,3,0
No thanks," जी नहीं, धन्यवाद",3,1
i need home phone services, मुझे होम फोन सेवाओं की आवश्यकता है,1,0
I apologize?, मैं क्षमाप्रार्थी हूं?,3,0
"Sure, which data plan are you planning to sign up?"," ज़रूर, आप किस डेटा प्लान के लिए साइन अप करने की योजना बना रहे हैं?",2,0
"You're welcome! Thank you for reaching out to us, we are always here to help you in any issue relating to media/cable. Goodbye!","आपका स्वागत है! हमसे संपर्क करने के लिए धन्यवाद, मीडिया/केबल से संबंधित किसी भी मुद्दे में आपकी मदद करने के लिए हम हमेशा यहां मौजूद हैं। अलविदा!",3,2
Thank you for contacting us. I hope you have a great day ahead. Bye!, हमसे संपर्क करने के लिए धन्यवाद। मुझे आशा है कि आपके लिए आगे एक अच्छा दिन होगा। अलविदा!,3,2
selam 87946, सेलम 87946,0,0
"Thank you! Since you've mentioned you would like to go ahead with the cable service, we have three packages to offer since you are our new customer and they are (1GB, 5 GB, 10 GB) which are $5, $10 and $20 respectively. So now could you please go ahead and choose a package for yourself?","आपको धन्यवाद! चूंकि आपने उल्लेख किया है कि आप केबल सेवा के साथ आगे बढ़ना चाहते हैं, हमारे पास पेश करने के लिए तीन पैकेज हैं क्योंकि आप हमारे नए ग्राहक हैं और वे हैं (1GB, 5GB, 10GB) जो क्रमशः $5, $10 और $20 हैं। तो क्या अब आप कृपया आगे बढ़ सकते हैं और अपने लिए एक पैकेज चुन सकते हैं?",3,2
i want to purchasing new cable service any discount avaible for my ncable service," मैं नई केबल सेवा खरीदना चाहता हूं, मेरी एनसीेबल सेवा के लिए कोई भी छूट उपलब्ध है",2,0
no thanks," जी नहीं, धन्यवाद",3,1
"I apologize, could you please be more specific with your response? "," मैं क्षमा चाहता हूं, क्या आप कृपया अपनी प्रतिक्रिया के साथ अधिक विशिष्ट हो सकते हैं?",3,0
NOTHING ELSE, और कुछ नहीं,2,0
Hi, नमस्ते,2,0
Thank you for choosing us. I had a great day assisting you. Please do feel free to reach out to us for further queries. Have a nice day!, हमें चुनने के लिए धन्यवाद। आपकी सहायता करने में मेरा दिन बहुत अच्छा रहा। कृपया आगे के प्रश्नों के लिए हमसे बेझिझक संपर्क करें। आपका दिन शुभ हो!,3,2
I'll help you out in setting up a new cable connection. May I know the name of your city and the zip code of your area?, मैं एक नया केबल कनेक्शन स्थापित करने में आपकी सहायता करूंगा। क्या मैं आपके शहर का नाम और आपके क्षेत्र का ज़िप कोड जान सकता हूँ?,3,0
my having trouble connecting to the internet, मुझे इंटरनेट से जुड़ने में परेशानी हो रही है,0,1
done sir, किया सर,1,0
jamis martin, जैमिस मार्टिन,0,0
ok, ठीक है,2,0
Absolutely! Could you please help me with your city and it's pin code?, बिल्कुल! क्या आप कृपया अपने शहर और उसके पिन कोड के बारे में मेरी मदद कर सकते हैं?,3,0
CITY-OHIO, शहर-ओहियो,2,0
"Thank you VAneesa, would you like to know about the cable, phone, internet, TV packages bills? "," धन्यवाद वनीसा, क्या आप केबल, फोन, इंटरनेट, टीवी पैकेज बिलों के बारे में जानना चाहेंगे?",3,0
"Superb! Could you please share the type of plan you'd choose among 1 GB, 5 GB and 10 GB?"," शानदार! क्या आप कृपया 1 जीबी, 5 जीबी और 10 जीबी के बीच चुने गए प्लान के प्रकार को साझा कर सकते हैं?",3,2
All right! My team shall get back to you soon. Anything else I may help you with?, ठीक है! मेरी टीम जल्द ही आपके पास वापस आएगी। कुछ और मैं आपकी मदद कर सकता हूँ?,3,0
Amazing! Please allow me a moment to proceed further., अद्भुत! कृपया मुझे आगे बढ़ने के लिए एक क्षण का समय दें।,3,2
NOTHING ELSE, और कुछ नहीं,2,0
ok, ठीक है,2,0
"City: Manga,,ZIP:27563."," शहर: मंगा, ज़िप: 27563।",0,0
Okay. Did you mean the 10 GB plan? That's a good choice. The plan is for $80 a month. Would you have any queries regarding this?, ठीक। क्या आपका मतलब 10GB प्लान से था? यह एक अच्छा विकल्प है। योजना $ 80 प्रति माह के लिए है। क्या आप इस संबंध में कोई प्रश्न पूछना चाहेंगे?,3,0
thats all., बस इतना ही।,1,0
Perfect! I have now confirmed the 10 GB package for you and also created an account on your name as well. However you would be receiving a conformation message about the same in an hour. Is there anything else I could help you with for today?,उत्तम! मैंने अब आपके लिए 10 जीबी पैकेज की पुष्टि की है और साथ ही आपके नाम पर एक खाता भी बनाया है। हालाँकि आपको एक घंटे में उसी के बारे में एक संदेश प्राप्त होगा। क्या आज के लिए मैं आपकी कुछ और मदद कर सकता हूँ?,3,2
I need 10gb data plan., मुझे 10GB डेटा प्लान चाहिए।,1,0
"Thank you so much. Which plan would you like to go for (1GB, 5 GB, 10 GB)? ","बहुत-बहुत धन्यवाद। आप किस प्लान (1GB, 5GB, 10GB) के लिए जाना चाहेंगे?",3,0
like to purchase, खरीदना पसंद है,2,2
im loking for the cable internet service, मैं केबल इंटरनेट सेवा की तलाश में हूं,1,0
"Thank you for sharing the details. We have different data plans such as 1GB, 5GB and 10GB for services like phone, internet and cable. Which one would you like to purchase?"," विवरण साझा करने के लिए धन्यवाद। हमारे पास फोन, इंटरनेट और केबल जैसी सेवाओं के लिए 1GB, 5GB और 10GB जैसे अलग-अलग डेटा प्लान हैं। आप कौन सा खरीदना चाहेंगे?",3,0
oh that's lovely city name is arlington and zip code is 8491632," ओह, यह सुंदर शहर का नाम अर्लिंग्टन है और ज़िप कोड 8491632 है",2,2
NO THANKS," जी नहीं, धन्यवाद",3,1
"Thank you! since you've mentioned you would like to go ahead the internet service. We have three packages to offer, (1GB, 5 GB, 10 GB) which are $5, $10 and $20 respectively so could you please go ahead and choose a packages for yourself please?"," आपको धन्यवाद! चूंकि आपने उल्लेख किया है कि आप इंटरनेट सेवा को आगे बढ़ाना चाहेंगे। हमारे पास पेश करने के लिए तीन पैकेज हैं, (1GB, 5GB, 10GB) जो क्रमशः $5, $10 और $20 हैं, तो क्या आप कृपया आगे बढ़ सकते हैं और अपने लिए एक पैकेज चुन सकते हैं?",3,0
I will help you in getting that done. May I know the name of the city and the zip code as well to process your request., इसे पूरा करने में मैं आपकी मदद करूंगा। क्या मैं आपके अनुरोध को संसाधित करने के लिए शहर का नाम और ज़िप कोड भी जान सकता हूं।,3,0
"Sure! I'll be glad to help you in this, may I please know the name of your city and it's zip code?"," ज़रूर! मुझे इसमें आपकी मदद करने में खुशी होगी, क्या मैं आपके शहर का नाम और उसका ज़िप कोड जान सकता हूं?",3,0
"Thanks for being so cooperative, you'll soon get a text about the pack activation and we will be coming for installation please make sure you are available at the time so that we could install it and you can enjoy the services. Will there be anything else I may help you in?
"," इतने सहयोगी होने के लिए धन्यवाद, आपको जल्द ही पैक सक्रियण के बारे में एक पाठ मिलेगा और हम स्थापना के लिए आ रहे हैं कृपया सुनिश्चित करें कि आप उस समय उपलब्ध हैं ताकि हम इसे स्थापित कर सकें और आप सेवाओं का आनंद ले सकें। क्या कुछ और होगा जिसमें मैं आपकी मदद कर सकूं?",3,2
Good morning! You've reached Net link Media/Cable Services. How may I help you today?, सुबह बख़ैर! आप नेट लिंक मीडिया/केबल सेवाओं पर पहुंच गए हैं। आज मैं आपकी कैसे मदद कर सकता हूँ?,3,0
Thank you so much !!!!!, बहुत-बहुत धन्यवाद !!!!!,3,2
This would cost you $25 per month., इसके लिए आपको प्रति माह $25 खर्च होंगे।,2,0
Perfect! Suja may I know if the green light on the device is working?,उत्तम! सुजा क्या मुझे पता चल सकता है कि डिवाइस पर हरी बत्ती काम कर रही है या नहीं?,2,2
12873,12873,0,0
"Sure! I'll be glad to help you in this, may I please know which city you belong to and its zip code?"," ज़रूर! मुझे इसमें आपकी मदद करने में खुशी होगी, क्या मैं कृपया जान सकता हूं कि आप किस शहर से संबंधित हैं और उसका पिन कोड क्या है?",3,0
I want to purchase internet, मुझे इंटरनेट खरीदना है,1,0
WIZA AND 7854 5231 8674, विजा और 7854 5231 8674,0,0
I LIKE PURCHASE PHONE, मुझे फोन खरीदना पसंद है,2,2
I'm glad you've shown interest in our cable services. I'll be glad to assist you with this regards. Could you please help me with the name of your city and the zip code too?, मुझे खुशी है कि आपने हमारी केबल सेवाओं में रुचि दिखाई है। मुझे इस संबंध में आपकी सहायता करने में खुशी होगी। क्या आप कृपया मुझे अपने शहर के नाम और ज़िप कोड के साथ भी मदद कर सकते हैं?,3,2
melur, मेलूर,0,0
Thank you for choosing us. I had a great time assisting you. In case you have any queries please feel free to reach out to us. Have a good day!, हमें चुनने के लिए धन्यवाद। मुझे आपकी सहायता करने में बहुत अच्छा लगा। यदि आपके कोई प्रश्न हैं तो कृपया बेझिझक हमसे संपर्क करें। आपका दिन शुभ हो!,3,2
i need an internet connection, मुझे इंटरनेट कनेक्शन चाहिए,1,0
Hai., हाय।,2,0
Ok, ठीक,2,0
"Hi there, thank you for connecting to Max services. How may I assist you today? "," नमस्ते, मैक्स सेवाओं से जुड़ने के लिए धन्यवाद। आज मैं आपकी मदद किस तरह कर सकता हूँ?",3,0
CHENNAI ZIP CODE 32546, चेन्नई ज़िप कोड 32546,0,0
ok, ठीक है,2,0
"Hey! Good morning, You're connected to Hong kong customer service. I'd be glad to assist you today!"," अरे! सुप्रभात, आप हांगकांग ग्राहक सेवा से जुड़े हैं। मुझे आज आपकी सहायता करने में खुशी होगी!",3,2
Hi Casey!!! Nice to meet you. Could you provide the details for Internet service available with you?, हाय केसी !!! आप से मिलकर अच्छा लगा। क्या आप अपने पास उपलब्ध इंटरनेट सेवा का विवरण प्रदान कर सकते हैं?,3,0
"I apologize! I would not be able to help you out in this regards, you will have to reach another department to know about the discounts you'd be getting on your bill"," मैं क्षमाप्रार्थी हूं! मैं इस संबंध में आपकी मदद नहीं कर पाऊंगा, आपको अपने बिल पर मिलने वाली छूट के बारे में जानने के लिए दूसरे विभाग तक पहुंचना होगा",3,1
Sure! I will help you right away. May I know the name of your city and it's zip code please?, ज़रूर! मैं आपकी तुरंत मदद करूंगा। क्या मैं आपके शहर का नाम और उसका ज़िप कोड जान सकता हूँ?,3,2
"Great! Could you please let me know that which plan would you like to go for? (1GB, 5 GB, 10 GB) "," महान! क्या आप कृपया मुझे बता सकते हैं कि आप किस योजना के लिए जाना चाहेंगे? (1 जीबी, 5 जीबी, 10 जीबी)",3,2
"Perfect! We have 1 GB, 5 GB and 10 GB data plans available. May I know which one you'd like to buy? ","उत्तम! हमारे पास 1 जीबी, 5 जीबी और 10 जीबी डेटा प्लान उपलब्ध हैं। क्या मैं जान सकता हूँ कि आप किसे खरीदना चाहेंगे?",3,2
Alright! Please allow me a moment to proceed further and do what's needed., ठीक है! कृपया मुझे आगे बढ़ने के लिए एक क्षण का समय दें और जो आवश्यक है वह करें।,2,0
Hello! You've reached AT&T. How may I help you today?, नमस्ते! आप एटी एंड टी पर पहुंच गए हैं। आज मैं आपकी कैसे मदद कर सकता हूँ?,3,0
$15 a month is great, $15 प्रति माह बहुत अच्छा है,2,2
okthanks, ठीक है धन्यवाद,2,0
ok bye, चलो बाय,2,0
Fantastic! Thanks for being considerate. It was my pleasure assisting you. Have a pleasant evening. Please feel free to contact us anytime in case of any other query., ज़बरदस्त! विचारशील होने के लिए धन्यवाद। आपकी सहायता करना मेरी खुशी थी। शाम सुखद हो। कृपया किसी भी अन्य प्रश्न के मामले में किसी भी समय हमसे संपर्क करने में संकोच न करें।,3,2
"Perfect choice, I'd like to inform you that this plan will cost you $25 and it is valid for a month and first if every month it gets renewed. Are you okay with the price? "," बिल्कुल सही विकल्प, मैं आपको सूचित करना चाहता हूं कि इस योजना की कीमत आपको $25 होगी और यह एक महीने के लिए वैध है और पहली बार अगर हर महीने इसे नवीनीकृत किया जाता है। क्या आप कीमत के साथ ठीक हैं?",2,2
"Thank you for sharing the details. We have different data plans such as 1GB, 5GB and 10GB for services like phone, cable and internet. Which one would you like to purchase?"," विवरण साझा करने के लिए धन्यवाद। हमारे पास फोन, केबल और इंटरनेट जैसी सेवाओं के लिए 1GB, 5GB और 10GB जैसे अलग-अलग डेटा प्लान हैं। आप कौन सा खरीदना चाहेंगे?",3,0
"Thanks for helping me with your valuable details. We've variety of data plans to fulfill your needs, at competitive prices. As of now we have 1 GB, 5 GB and 10 GB. "," अपने बहुमूल्य विवरण के साथ मेरी मदद करने के लिए धन्यवाद। प्रतिस्पर्धी कीमतों पर आपकी आवश्यकताओं को पूरा करने के लिए हमारे पास विभिन्न प्रकार की डेटा योजनाएं हैं। अभी तक हमारे पास 1 जीबी, 5 जीबी और 10 जीबी है।",3,2
"60193
Schaumburg, IL"," 60193 शांबुर्ग, IL",0,0
Perfect! Please allow me a moment to check the details., उत्तम! कृपया मुझे विवरण की जांच करने के लिए कुछ समय दें।,3,2
"Okay. could you please share your name, account number and the last four digits of your SSN?"," ठीक। क्या आप कृपया अपना नाम, खाता संख्या और अपने एसएसएन के अंतिम चार अंक साझा कर सकते हैं?",3,0
ok, ठीक है,2,0
monthly price*, मासिक मूल्य*,0,0
OK, ठीक है,2,0
i want new cable service, मुझे नई केबल सेवा चाहिए,1,0
no, नहीं,1,1
I am located in Denton city and my Zip code 75007,मैं डेंटन शहर में स्थित हूं और मेरा ज़िप कोड 75007,2,0
thank you so much sir, बहुत बहुत धन्यवाद सर,3,2
10 gb, 10 जीबी,0,0
hello, नमस्ते,2,0
ok, ठीक है,2,0
"Amazing! May I know which plan would you like to choose in 1 GB, 5 GB and 10 GB?"," अद्भुत! क्या मैं जान सकता हूं कि आप 1 जीबी, 5 जीबी और 10 जीबी में कौन सा प्लान चुनना चाहेंगे?",3,2
"You're Welcome! Have a great day, hope to assist you again. Goodbye!"," आपका स्वागत है! आपका दिन शुभ हो, आशा है कि आप फिर से मदद करेंगे। अलविदा!",3,2
"Thank you for the information. We provide 1 GB, 5 GB and 10 GB data plans for our customers. May I know which plan you'd want to purchase? "," जानकारी के लिए धन्यवाद। हम अपने ग्राहकों के लिए 1 जीबी, 5 जीबी और 10 जीबी डेटा प्लान प्रदान करते हैं। क्या मैं जान सकता हूँ कि आप कौन-सा प्लान खरीदना चाहेंगे?",3,0
"Ok, I wait for your information. "," ठीक है, मैं आपकी जानकारी की प्रतीक्षा कर रहा हूँ।",2,0
Great! Could you share the zip code of Washington please?, महान! क्या आप कृपया वाशिंगटन का पिन कोड साझा कर सकते हैं?,3,2
Hello! Welcome to Aura cable services. How may I assist you today?, नमस्ते! ऑरा केबल सर्विस में आपका स्वागत है। आज मैं आपकी मदद किस तरह कर सकता हूँ?,3,0
"Hello! Welcome to Zoom services, how may I assist you today? "," नमस्ते! ज़ूम सेवाओं में आपका स्वागत है, मैं आज आपकी कैसे सहायता कर सकता हूँ?",3,0
"Yeah, Sure!", हां यकीनन!,2,0
hi, नमस्ते,2,0
OK, ठीक है,2,0
Awesome! I'm glad that you choose us. We are at your service. May I know where you live?, बहुत बढ़िया! मुझे खुशी है कि आपने हमें चुना। हम आपकी सेवा के लिए हैं। क्या मैं जान सकता हूँ कि तुम कहाँ रहते हो?,3,2
hai, हाय,2,0
TEXAS 73302, टेक्सास 73302,0,0
Awesome! So do I go ahead and confirm the plan and register your account with us?, बहुत बढ़िया! तो क्या मैं आगे बढ़ूं और योजना की पुष्टि करूं और हमारे साथ अपना खाता पंजीकृत करूं?,3,2
01-01-2018,01-01-2018,0,0
Thanks!  Yes I am, धन्यवाद! हाँ मैं,3,2
superb! We have three time slots for cable installation :  8AM-12PM or 12PM-3 PM or 3PM-7PM. Which time slot would you prefer?, शानदार! केबल इंस्टालेशन के लिए हमारे पास तीन टाइम स्लॉट हैं: सुबह 8 बजे से 12 बजे तक या दोपहर 12 बजे से दोपहर 3 बजे तक या शाम के 3 बजे से शाम 7 बजे तक। आप कौन सा टाइम स्लॉट पसंद करेंगे?,3,2
"Beverly Hills	90209", बेवर्ली हिल्स 90209,2,0
no thanks," जी नहीं, धन्यवाद",3,1
My prefer to purchase 10GB plan., मैं 10GB प्लान खरीदना पसंद करता हूं।,2,0
ok good bye, ठीक हे अलविदा,2,0
i need to know y my bills going up?, मुझे पता होना चाहिए कि मेरे बिल बढ़ रहे हैं?,2,0
"Nice! I'd like to inform you that in your city we offer 3 data plans which are 1Gb data plan, 5Gb data plan and 10Gb data plan. May I know which data plan would you like to choose? "," अच्छा! मैं आपको सूचित करना चाहता हूं कि आपके शहर में हम 3 डेटा प्लान पेश करते हैं जो 1Gb डेटा प्लान, 5Gb डेटा प्लान और 10Gb डेटा प्लान हैं। क्या मैं जान सकता हूँ कि आप कौन-सा डेटा प्लान चुनना चाहेंगे?",3,0
10 gb is good, 10 जीबी अच्छा है,0,2
"Sure! Thanks for showing your interest in D-link services. We're highly privileged. May I know your city name and zip code, please? ","ज़रूर! डी-लिंक सेवाओं में अपनी रुचि दिखाने के लिए धन्यवाद। हम अत्यधिक विशेषाधिकार प्राप्त हैं। क्या मैं आपके शहर का नाम और ज़िप कोड जान सकता हूँ, कृपया?",3,2
delhi 796433, दिल्ली 796433,2,0
Welcome to Y-Link customer service. How may I help you today?, वाई-लिंक ग्राहक सेवा में आपका स्वागत है। आज मैं आपकी कैसे मदद कर सकता हूँ?,2,0
the city name is naugatuck and zip code is 569731, शहर का नाम नौगटक है और पिन कोड 569731 . है,2,0
Superb! It was my pleasure assisting a customer like you. Thanks for reaching out to us. We look forward for long and reliable commitment. Have a great day ahead., शानदार! आप जैसे ग्राहक की सहायता करना मेरे लिए खुशी की बात थी। हमसे संपर्क करने के लिए धन्यवाद। हम लंबी और विश्वसनीय प्रतिबद्धता की आशा करते हैं। आगे एक महान दिन हो।,3,2
hi, नमस्ते,2,0
1 GB, 1 जीबी,0,0
Great! Is there anything else I may help you with?, महान! क्या कुछ और है जिसमें मैं आपकी मदद कर सकता हूं?,3,2
okay thanks, ठीक है शुक्रिया,3,0
i like to purchase new cable service, मुझे नई केबल सेवा खरीदना पसंद है,2,0
You're always welcome! Please do reach out to us in case of any further queries. Looking forward to seeing you soon again! Have a great day ahead! Good bye!,आपका हमेशा स्वागत है! कृपया किसी और प्रश्न के मामले में हमसे संपर्क करें। जल्द ही आपको फिर से देखने के लिए उत्सुक हैं! आगे एक महान दिन हो! अलविदा!,3,2
Absolutely! I'll assist you with it. Could you share the city and the zip code?, बिल्कुल! मैं इसमें आपकी मदद करूंगा। क्या आप शहर और पिन कोड साझा कर सकते हैं?,3,2
You're welcome! Would there be anything else I may assist you with?, आपका स्वागत है! क्या कुछ और होगा जिसमें मैं आपकी सहायता कर सकूं?,3,2
Great! May I please know what service are you currently using and to what service you'd like to change?, महान! क्या मैं कृपया जान सकता हूँ कि आप वर्तमान में किस सेवा का उपयोग कर रहे हैं और आप किस सेवा में परिवर्तन करना चाहते हैं?,3,2
10GB, 10जीबी,0,0
Hope you liked our service and continue to help us help you. You can go through our website in case of any query. Good day!, आशा है कि आपको हमारी सेवा पसंद आई होगी और आपकी मदद करने में हमारी मदद करना जारी रखेंगे। किसी भी प्रश्न के मामले में आप हमारी वेबसाइट पर जा सकते हैं। अच्छा दिन!,3,2
no, नहीं,1,1
no thanks," जी नहीं, धन्यवाद",3,1
thank you thats all, धन्यवाद बस इतना ही,3,0
Hey there! Good morning. You've reached LMT cable services. How may I assist you?, सुनो! सुबह बख़ैर। आप LMT केबल सेवाओं तक पहुँच चुके हैं। मैं आपकी कैसे सहायता कर सकता हूँ?,3,0
Hello! How may I assist you?, नमस्ते! मैं आपकी कैसे सहायता कर सकता हूँ?,3,0
cable service bill, केबल सेवा बिल,0,1
"Good morning, you're connected to AT&T Customer Service. How can I be of help to you?"," सुप्रभात, आप एटी एंड टी ग्राहक सेवा से जुड़े हैं। मैं आपकी किस प्रकार सहायता कर सकता हूँ?",3,0
ok bye, चलो बाय,2,0
10 gb, 10 जीबी,0,0
i want new cable service, मुझे नई केबल सेवा चाहिए,1,0
"You're welcome! It was great assisting you, have an amazing day. Feel free to reach us when needed, goodbye."," आपका स्वागत है! आपकी सहायता करके बहुत अच्छा लगा, आपका दिन मंगलमय हो। जरूरत पड़ने पर बेझिझक हम तक पहुंचें, अलविदा।",3,2
OKAY, ठीक है,2,0
"Thank You! Which data service would you like to purchase among these (1GB, 5 GB, 10 GB)? "," धन्यवाद! आप इनमें से कौन सी डेटा सेवा (1GB, 5GB, 10GB) खरीदना चाहेंगे?",3,0
1gb, 1जीबी,0,0
THANKS, धन्यवाद,3,2
"Ok, I wait for your information. "," ठीक है, मैं आपकी जानकारी की प्रतीक्षा कर रहा हूँ।",2,0
"Alright! Thanks for choosing our services, have a nice day. Goodbye."," ठीक है! हमारी सेवाओं को चुनने के लिए धन्यवाद, आपका दिन शुभ हो। अलविदा।",3,2
i want a new cable service, मुझे एक नई केबल सेवा चाहिए,1,0
bye, अलविदा,2,0
ok, ठीक है,2,0
definitely 10 gb, निश्चित रूप से 10 जीबी,0,2
HAI, हाई,2,0
10GB plan, 10GB प्लान,0,0
Hello there! How may I assist you today?, नमस्ते! आज मैं आपकी मदद किस तरह कर सकता हूँ?,3,0
Awesome! Could you help me with the zip code of Mumbai please?, बहुत बढ़िया! क्या आप कृपया मुंबई के ज़िप कोड के साथ मेरी मदद कर सकते हैं?,3,2
no thanks," जी नहीं, धन्यवाद",3,1
Kindly note that you have contacted the wrong customer department. In case you want some help in new installation please let me know.,कृपया ध्यान दें कि आपने गलत ग्राहक विभाग से संपर्क किया है। यदि आप नई स्थापना में कुछ सहायता चाहते हैं तो कृपया मुझे बताएं।,3,1
sure, ज़रूर,2,0
"Thank you! Since you've mentioned you would like to go ahead with the internet connection. We have three packages to offer, (1GB, 5 GB, 10 GB) which are $5 $10 and $20 respectively. Now would you please go ahead and choose a package for yourself please?"," आपको धन्यवाद! चूंकि आपने उल्लेख किया है कि आप इंटरनेट कनेक्शन के साथ आगे बढ़ना चाहेंगे। हमारे पास पेश करने के लिए तीन पैकेज हैं, (1GB, 5GB, 10GB) जो क्रमशः $5 $10 और $20 हैं। अब क्या आप कृपया आगे बढ़ें और कृपया अपने लिए एक पैकेज चुनें?",3,2
Superb! It was my pleasure assisting a customer like you. Thanks for reaching out to us. We look forward for long and reliable commitment. Have a great day ahead., शानदार! आप जैसे ग्राहक की सहायता करना मेरे लिए खुशी की बात थी। हमसे संपर्क करने के लिए धन्यवाद। हम लंबी और विश्वसनीय प्रतिबद्धता की आशा करते हैं। आगे एक महान दिन हो।,3,2
Thank you. Which data plan would you like to go with?, शुक्रिया। आप किस डेटा प्लान के साथ जाना चाहेंगे?,3,0
ok, ठीक है,2,0
"That's amazing! Thank you for the response. Could you please allow me a moment, I'll get back to you with the confirmation?"," वह आश्चर्यजनक है! जवाब देने के लिए धन्यवाद। क्या आप कृपया मुझे एक क्षण की अनुमति दे सकते हैं, मैं पुष्टि के साथ आपसे संपर्क करूंगा?",3,2
I WOULD LIKE TO SIGN UP FOR A NEW SERVICE CASEY. PLEASE HELP, मैं एक नई सेवा केसी के लिए साइन अप करना चाहूंगा। कृपया सहायता कीजिए,3,0
10GB plan, 10GB प्लान,0,0
"Hello! Good morning, You've contacted D-link services. How may I assist you today? 
"," नमस्ते! सुप्रभात, आपने डी-लिंक सेवाओं से संपर्क किया है। आज मैं आपकी मदद किस तरह कर सकता हूँ?",3,0
I need to connect new internet connection., मुझे नया इंटरनेट कनेक्शन कनेक्ट करने की आवश्यकता है।,1,0
Okay. Would you like to confirm this plan for you?, ठीक। क्या आप अपने लिए इस योजना की पुष्टि करना चाहेंगे?,3,0
"Thank you! So for the internet packages we have (1 GB, 5 GB, 10 GB) which cost $5, $10 and $20 respectively. Now could you please go ahead and choose a package according to your usage please?"," आपको धन्यवाद! तो इंटरनेट पैकेज के लिए हमारे पास (1 जीबी, 5 जीबी, 10 जीबी) है जिसकी कीमत क्रमशः $ 5, $ 10 और $ 20 है। अब क्या आप कृपया आगे बढ़ सकते हैं और कृपया अपने उपयोग के अनुसार पैकेज चुनें?",3,0
Hello! You've been connected to Zoom cable services. How may I assist you today?, नमस्ते! आप ज़ूम केबल सेवाओं से कनेक्ट हो गए हैं। आज मैं आपकी मदद किस तरह कर सकता हूँ?,3,0
"I apologize, could you please be more specific with your query?"," मैं क्षमा चाहता हूं, क्या आप कृपया अपनी क्वेरी के साथ और अधिक विशिष्ट हो सकते हैं?",3,0
CABLE, केबल,0,0
Sure! you can start at tomorrow and could you advise the price details, ज़रूर! आप कल से शुरू कर सकते हैं और क्या आप मूल्य विवरण की सलाह दे सकते हैं,2,0
Awesome! May I know the zip code of Tulsaplease?, बहुत बढ़िया! क्या मैं तुलसीप्लीज का पिन कोड जान सकता हूं?,3,2
5 GB, 5 जीबी,0,0
5GB, 5GB,0,0
Rory my Zip code is 33124 and city is Miami, रोरी मेरा ज़िप कोड 33124 है और शहर मियामी है,1,0
newyork 25056, न्यूयॉर्क 25056,2,0
Good bye!, अलविदा!,3,0
"Hello! Good Morning, Welcome to media cable services, how may I help you today?"," नमस्ते! सुप्रभात, मीडिया केबल सेवाओं में आपका स्वागत है, मैं आज आपकी कैसे मदद कर सकता हूं?",3,0
"HI, "," नमस्ते,",3,0
i need a new cable service connection, मुझे एक नया केबल सेवा कनेक्शन चाहिए,1,0
"OK,THANK YOU FOR A HELP."," ठीक है, मदद के लिए धन्यवाद।",3,2
Glad to help you! Kindly call us on 736-213-401 for any related query. Good day!, आपकी मदद करके प्रसन्नता हुई! किसी भी संबंधित प्रश्न के लिए कृपया हमें 736-213-401 पर कॉल करें। अच्छा दिन!,3,2
no, नहीं,1,1
Hello! How may I help you?, नमस्ते! क्या मेरे द्वारा आपकी कोई सहायता हो सकती है?,3,0
"Perfect! May I know when will you be available to install the cable service at your home? We have 3 slots available, 8AM-12PM or 12PM-3 PM or 3PM-7PM. "," उत्तम! क्या मैं जान सकता हूँ कि आप अपने घर पर केबल सेवा स्थापित करने के लिए कब उपलब्ध होंगे? हमारे पास 3 स्लॉट उपलब्ध हैं, 8 AM-12PM या 12PM-3 PM या 3PM-7PM।",3,2
Perfect! I'll confirm the plan of 5 GB for cable service. Is there anything I might help you with?, उत्तम! मैं केबल सेवा के लिए 5 जीबी की योजना की पुष्टि करूंगा। क्या कोई ऐसी चीज है जिसमें मैं आपकी मदद कर सकता हूं?,3,2
"23860
Hopewell, VA"," 23860 होपवेल, वीए",1,0
Sure. Please go ahead and confirm it., ज़रूर। कृपया आगे बढ़ें और इसकी पुष्टि करें।,2,0
Yes, हाँ,2,0
That's a nice choice! I'd like to inform you that your requested service will be activated in the next 24-48 hours.,यह एक अच्छा विकल्प है! मैं आपको सूचित करना चाहता हूं कि आपकी अनुरोधित सेवा अगले 24-48 घंटों में सक्रिय हो जाएगी।,3,2
Great! Would there be anything else I may assist you with?, महान! क्या कुछ और होगा जिसमें मैं आपकी सहायता कर सकूं?,3,2
"Thanks for sharing your details. We are currently offering 1 GB, 5 GB and 10 GB data plans. Which one you'd like to sign up for? "," अपना विवरण साझा करने के लिए धन्यवाद। फिलहाल हम 1 जीबी, 5 जीबी और 10 जीबी डेटा प्लान दे रहे हैं। आप किसके लिए साइन अप करना चाहेंगे?",3,0
"Awesome! Thanks for reaching out to us, hope you'll have a wonderful day ahead. "," बहुत बढ़िया! हमसे संपर्क करने के लिए धन्यवाद, आशा है कि आगे आपका दिन शानदार रहेगा।",3,2
"I dont believe so, thanks again for your help!"," मुझे ऐसा विश्वास नहीं है, आपकी मदद के लिए फिर से धन्यवाद!",3,2
"want to purchase new cable
", नई केबल खरीदना चाहते हैं,1,0
no, नहीं,1,1
no thanks," जी नहीं, धन्यवाद",3,1
You're welcome. Is there anything else I could help you with?, आपका स्वागत है। क्या कुछ और है जिसमें मैं आपकी मदद कर सकता हूं?,2,2
zipcode 45872, ज़िप कोड 45872,0,0
no thanks," जी नहीं, धन्यवाद",3,1
Alright! Have a good day! Hope to assist you in the future as well. Goodbye!, ठीक है! आपका दिन शुभ हो! आशा है कि भविष्य में भी आपकी सहायता करते रहेंगे। अलविदा!,2,2
Perfect! The 5 GB will be now activated and it will cost you $5 on monthly basis including all taxe, उत्तम! 5 जीबी अब सक्रिय हो जाएगा और सभी करों सहित मासिक आधार पर आपको $5 खर्च होंगे,2,2
How much will I be charged for 10 gb riley ? it will be less than $20 know ?, 10 जीबी रिले के लिए मुझसे कितना शुल्क लिया जाएगा? यह $20 से कम होगा पता है ?,1,0
"Perfect! According to our systems records, I see that your bill amount from September 1, 2018 to September 27, 2018 is $95."," उत्तम! हमारे सिस्टम रिकॉर्ड के अनुसार, मैं देख रहा हूं कि 1 सितंबर 2018 से 27 सितंबर 2018 तक की आपकी बिल राशि $95 है।",3,2
"Amazing! I'll be glad to help you in this, could you please let me know your city and it's zip code?"," अद्भुत! मुझे इसमें आपकी मदद करने में खुशी होगी, क्या आप कृपया मुझे अपना शहर और उसका ज़िप कोड बता सकते हैं?",3,2
device is not working,डिवाइस काम नहीं कर रहा है,2,1
Thank you for choosing our services. I had a good time assisting you. Please feel free to reach out to us for further queries. Have a nice day!,हमारी सेवाओं को चुनने के लिए धन्यवाद। मेरे पास आपकी सहायता करने का अच्छा समय था। कृपया आगे के प्रश्नों के लिए हमसे बेझिझक संपर्क करें। आपका दिन शुभ हो!,3,2
nothing, कुछ नहीं,1,0
"Thanks for confirming that, I've singed up for cable service and soon you'll receive a verification call from our team and they'll proceed with the installation process. "," इसकी पुष्टि करने के लिए धन्यवाद, मैंने केबल सेवा के लिए साइन अप किया है और जल्द ही आपको हमारी टीम से एक सत्यापन कॉल प्राप्त होगी और वे स्थापना प्रक्रिया के साथ आगे बढ़ेंगे।",3,0
"I'm sorry, I didn't get you."," मुझे क्षमा करें, मैं आपको समझ नहीं पाया।",3,1
hi, नमस्ते,2,0
Have a great day ahead and take care. Goodbye :), आपका दिन अच्छा बीते और अपना ख्याल रखें। अलविदा :),3,2
Internet Service, इंटरनेट सेवा,0,0
"Hi! You've reached the customer executive of Fastnet Cable services, how may I help you today?"," नमस्ते! आप Fastnet Cable सेवाओं के ग्राहक कार्यकारी तक पहुँच चुके हैं, मैं आज आपकी कैसे मदद कर सकता हूँ?",3,0
i wnt to a new cable service, मैं एक नई केबल सेवा नहीं चाहता,1,0
"Superb! We have 1 GB, 5 GB and 10 GB internet data plans for you. Which one of these would you prefer?"," शानदार! हमारे पास आपके लिए 1 जीबी, 5 जीबी और 10 जीबी इंटरनेट डेटा प्लान हैं। आप इनमें से किसे पसंद करेंगे?",3,2
ok, ठीक है,2,0
CATCH YOU LATER, आपसे बाद में मिलता हूँ,0,0
hi, नमस्ते,2,0
10 GB, 10 जीबी,0,0
Is there anything else I may help you with?, क्या कुछ और है जिसमें मैं आपकी मदद कर सकता हूं?,2,0
"Perfect! Thank you for the details! We have 1 GB, 5 GB and 10 GB data plans for you. Which one of these, would you like to choose?"," उत्तम! विवरण के लिए धन्यवाद! हमारे पास आपके लिए 1 जीबी, 5 जीबी और 10 जीबी डेटा प्लान हैं। आप इनमें से किसे चुनना चाहेंगे?",3,2
MO 256456, एमओ 256456,0,0
no thanks," जी नहीं, धन्यवाद",3,1
Perfect! I'll confirm the plan of 10 GB for internet service. Is there anything I might help you with?, उत्तम! मैं इंटरनेट सेवा के लिए 10 जीबी की योजना की पुष्टि करूंगा। क्या कोई ऐसी चीज है जिसमें मैं आपकी मदद कर सकता हूं?,3,2
Perfect! To which service you'd like to change? Would you like to add cable or change to the fast internet service?, उत्तम! आप किस सेवा में बदलना चाहेंगे? क्या आप केबल जोड़ना चाहते हैं या तेज़ इंटरनेट सेवा में बदलाव करना चाहते हैं?,3,2
Good news! I've successfully registered you for the connection. My team will contact you soon and the connection will be made within the next 24 hours.\, खुशखबरी! मैंने आपको कनेक्शन के लिए सफलतापूर्वक पंजीकृत कर लिया है। मेरी टीम जल्द ही आपसे संपर्क करेगी और अगले 24 घंटों के भीतर कनेक्शन कर दिया जाएगा।\,3,2
Awesome! I hope all your queries are cleared?, बहुत बढ़िया! मुझे आशा है कि आपके सभी प्रश्न साफ़ हो गए हैं?,3,2
i need new internet connection, मुझे नया इंटरनेट कनेक्शन चाहिए,1,0
And your name?, और आपका नाम?,0,0
ok, ठीक है,2,0
5gb, 5जीबी,0,0
confirm, पुष्टि करें,0,0
ok, ठीक है,2,0
"That's a good place to stay. I'd like to inform you that according to my sources in your area we offer 1Gb data plan, 5Gb data plan and 10Gb data plan. May I know which data plan would you prefer? ","यह रहने के लिए एक अच्छी जगह है। मैं आपको सूचित करना चाहता हूं कि आपके क्षेत्र में मेरे सूत्रों के अनुसार हम 1Gb डेटा प्लान, 5Gb डेटा प्लान और 10Gb डेटा प्लान प्रदान करते हैं। क्या मैं जान सकता हूँ कि आप कौन-सा डेटा प्लान पसंद करेंगे?",3,2
"Thanks for being patient. We have three data plans on sale, they are 1 GB, 5 GB and 10 GB. Which one you'd like to buy? "," धैर्य रखने के लिए धन्यवाद। हमारे पास बिक्री पर तीन डेटा योजनाएं हैं, वे 1 जीबी, 5 जीबी और 10 जीबी हैं। आप कौन सा खरीदना चाहेंगे?",3,2
Hi, नमस्ते,2,0
Nothing else,और कुछ नहीं,2,0
ok, ठीक है,2,0
"Great! May I please know which data plan would you like to purchase? We offer 1 GB, 5 Gb and 10 Gb."," महान! क्या मैं कृपया जान सकता हूँ कि आप कौन सा डेटा प्लान खरीदना चाहेंगे? हम 1 जीबी, 5 जीबी और 10 जीबी की पेशकश करते हैं।",3,2
"Perfect! Thank you for the details! We provide cable, internet and phone services to our customers. Which service(s) would you like to sign up for?"," उत्तम! विवरण के लिए धन्यवाद! हम अपने ग्राहकों को केबल, इंटरनेट और फोन सेवाएं प्रदान करते हैं। आप किस सेवा(सेवाओं) के लिए साइन अप करना चाहेंगे?",3,2
I WANT  THE 1 GB DATA PLAN FOR MY PHONE SERVICE, मुझे अपनी फ़ोन सेवा के लिए 1 जीबी डेटा प्लान चाहिए,2,0
"Thank you for sharing the details. We provide different services like cable, internet and phone. Could you please tell me the data service that you would to purchase?"," विवरण साझा करने के लिए धन्यवाद। हम केबल, इंटरनेट और फोन जैसी विभिन्न सेवाएं प्रदान करते हैं। क्या आप कृपया मुझे वह डेटा सेवा बता सकते हैं जिसे आप खरीदना चाहते हैं?",3,0
Hello! Thank you for contacting media cable services. How may I assist you today?, नमस्ते! मीडिया केबल सेवाओं से संपर्क करने के लिए धन्यवाद। आज मैं आपकी मदद किस तरह कर सकता हूँ?,3,0
i need internet service, मुझे इंटरनेट सेवा चाहिए,1,0
yes, हां,2,0
Thank you very much.I got all information about this data plan., बहुत-बहुत धन्यवाद।मुझे इस डेटा योजना के बारे में सारी जानकारी मिल गई है।,3,0
HI, नमस्ते,2,0
"Hello! Good Evening, Fast net cable services. How may I assist you today?"," नमस्ते! शुभ संध्या, फास्ट नेट केबल सेवाएं। आज मैं आपकी मदद किस तरह कर सकता हूँ?",3,0
ok, ठीक है,2,0
Hello. Welcome to Tarro cables. How may I help you today?, नमस्ते। टैरो केबल्स में आपका स्वागत है। आज मैं आपकी कैसे मदद कर सकता हूँ?,3,0
10gb, 10जीबी,0,0
50645,50645,0,0
hi, नमस्ते,2,0
no, नहीं,1,1
i want new cable service, मुझे नई केबल सेवा चाहिए,1,0
ZIP - 74120, ज़िप - 74120,0,0
Thank you so much for contacting us. Please let us know your valuable feedback. You've a great day ahead.,हमसे संपर्क करने के लिए आपका बहुत-बहुत धन्यवाद। कृपया हमें अपनी बहुमूल्य प्रतिक्रिया बताएं। आपका आने वाला दिन बहुत अच्छा है।,3,2
I want to Purchase new Internet connection, मुझे नया इंटरनेट कनेक्शन खरीदना है,1,0
THANKS FOR CHATING, चैटिंग के लिए धन्यवाद,3,2
Sure! I will help you in getting your connection today. May I know the name our city with it's zip code?, ज़रूर! मैं आज आपका कनेक्शन पाने में आपकी मदद करूंगा। क्या मैं अपने शहर का नाम उसके ज़िप कोड से जान सकता हूँ?,3,2
Thank you for confirming. I've initiated a request for the 5GB data plan for the cable service. You would receive a confirmation message along with the payment link. Is there anything else I may help you with?,पुष्टि करने के लिए शुक्रिया। मैंने केबल सेवा के लिए 5GB डेटा योजना के लिए एक अनुरोध शुरू किया है। आपको भुगतान लिंक के साथ एक पुष्टिकरण संदेश प्राप्त होगा। क्या कुछ और है जिसमें मैं आपकी मदद कर सकता हूं?,3,0
We apologize for your inconvenience. You're our valuable customer and its our pleasure to provide you our service, आपकी असुविधा के लिए हमें खेद है। आप हमारे मूल्यवान ग्राहक हैं और आपको हमारी सेवा प्रदान करना हमारी खुशी है,3,2
melur, मेलूर,0,0
NO THANKS," जी नहीं, धन्यवाद",3,1
Thank you for your time with us. Have a great day!, हमारे साथ समय बिताने के लिए धन्यवाद। आपका दिन अच्छा रहे!,3,2
You're welcome. Is there anything else I could help you with?, आपका स्वागत है। क्या कुछ और है जिसमें मैं आपकी मदद कर सकता हूं?,2,2
Please choose the data plan and let me know.,कृपया डेटा प्लान चुनें और मुझे बताएं।,2,0
"I really appreciate for staying connected, you're now a part of our services. Our executives will reach out to you for further concern, will that be fine with you? "," जुड़े रहने के लिए मैं वास्तव में सराहना करता हूं, अब आप हमारी सेवाओं का हिस्सा हैं। हमारे अधिकारी आगे की चिंता के लिए आप तक पहुंचेंगे, क्या यह आपके लिए ठीक रहेगा?",3,2
MY CITY:WASHINGTON, मेरा शहर: वाशिंगटन,2,0
900003,900003,0,0
"Thank you connecting with us. For any further queries, feel free to let us know. We're always here to help you. "," हमारे साथ जुड़ने के लिए धन्यवाद। किसी भी अन्य प्रश्न के लिए, बेझिझक हमें बताएं। हम आपकी मदद के लिए हमेशा यहां हैं।",3,2
What do you mean about the 10 GB cable data plan? I thought I just ordered the 5 GB internet plan?, 10 जीबी केबल डेटा प्लान के बारे में आपका क्या मतलब है? मुझे लगा कि मैंने अभी-अभी 5GB इंटरनेट प्लान का ऑर्डर दिया है?,2,0
"san francisco,94113"," सैन फ्रांसिस्को, 94113",0,0
That's a nice choice! I'd like to inform you that I've successfully confirmed your service which will be activated in the next 24-48 hours., यह एक अच्छा विकल्प है! मैं आपको सूचित करना चाहता हूं कि मैंने आपकी सेवा की सफलतापूर्वक पुष्टि कर दी है जो अगले 24-48 घंटों में सक्रिय हो जाएगी।,3,2
"Great! Which data plan would you like to purhcase? We have 1GB, 5GB and 10GB data plans available. It's $25 for 1GB. $40 for 5GB and $60 for 10GB."," महान! आप किस डेटा प्लान को खरीदना चाहेंगे? हमारे पास 1GB, 5GB और 10GB डेटा प्लान उपलब्ध हैं। यह 1GB के लिए $25 है। 5GB के लिए $40 और 10GB के लिए $60।",3,2
"I apologize. As you are not under any of our criteria, we might not be able to provide you any sort of discount."," मैं क्षमाप्रार्थी हूं। जैसा कि आप हमारे किसी भी मानदंड के तहत नहीं हैं, हम आपको किसी भी प्रकार की छूट प्रदान करने में सक्षम नहीं हो सकते हैं।",3,1
Thank you so much! Could you please help me with the last four digits of your SSN?, बहुत-बहुत धन्यवाद! क्या आप कृपया अपने एसएसएन के अंतिम चार अंकों में मेरी मदद कर सकते हैं?,3,0
"Thank you connecting with us. For any further queries, feel free to let us know. We're always here to help you. "," हमारे साथ जुड़ने के लिए धन्यवाद। किसी भी अन्य प्रश्न के लिए, बेझिझक हमें बताएं। हम आपकी मदद के लिए हमेशा यहां हैं।",3,2
123054 madurai, 123054 मदुरै,0,0
Perfect! Is there anything else that I may help you with?, उत्तम! क्या कुछ और है जिसमें मैं आपकी मदद कर सकता हूं?,3,2
May I confirm if everything is cleared?, क्या मैं पुष्टि कर सकता हूं कि सब कुछ साफ हो गया है?,2,0
hai, हाय,2,0
"Hey, We've transfer service option for you, you'll not have to cancel your cable connection. I'll place a request to my team for transferring your service. ","अरे, हमने आपके लिए ट्रांसफर सर्विस का विकल्प दिया है, आपको अपना केबल कनेक्शन रद्द नहीं करना पड़ेगा। मैं आपकी सेवा को स्थानांतरित करने के लिए अपनी टीम से अनुरोध करूंगा।",3,2
"Sure, I'll get you that. The plan would be for $70 per month. Shall I confirm this plan?"," ज़रूर, मैं तुम्हें वह दिला दूँगा। योजना $ 70 प्रति माह के लिए होगी। क्या मैं इस योजना की पुष्टि करूं?",2,0
Fantastic! My team shall get in touch with you soon. Anything else I may help you with?, ज़बरदस्त! मेरी टीम जल्द ही आपसे संपर्क करेगी। कुछ और मैं आपकी मदद कर सकता हूँ?,3,2
Perfect! I'll sign you for the internet services of 5 GB plan. Is there anything else I might help you with?, उत्तम! मैं आपको 5 जीबी प्लान की इंटरनेट सेवाओं के लिए साइन करूंगा। क्या कुछ और है जिसमें मैं आपकी मदद कर सकता हूं?,3,2
OK, ठीक है,2,0
Perfect. Thanks for the assistance and help, उत्तम। सहायता और सहायता के लिए धन्यवाद,3,2
washinton-20001, वाशिंगटन-20001,2,0
"Definitely! I""ll be glad to help you in this, may I please know your city name and it's zip code?"," निश्चित रूप से! मुझे इसमें आपकी मदद करने में खुशी होगी, क्या मैं आपके शहर का नाम और उसका ज़िप कोड जान सकता हूं?",3,0
"Surely! Thank you for choosing Net Link for you new cable services, I'd be glad to help you get the best services with the plans. Could you please help me with the city name and it's zip code?"," निश्चित रूप से! आपके लिए नई केबल सेवाओं के लिए नेट लिंक चुनने के लिए धन्यवाद, योजनाओं के साथ सर्वोत्तम सेवाएं प्राप्त करने में आपकी सहायता करने में मुझे खुशी होगी। क्या आप कृपया शहर के नाम और उसके ज़िप कोड के बारे में मेरी मदद कर सकते हैं?",3,2
moving to a new city, एक नए शहर में जाना,0,0
MILITARY, सैन्य,0,0
"I really appreciate for staying connected. Please give us 24 hours for the installation process, our executives will reach out to you for further details. If there's any concern please feel free to visit our website www.cablemedia.com. Will there be anything else I may help you with?","मैं वास्तव में जुड़े रहने के लिए सराहना करता हूं। कृपया हमें स्थापना प्रक्रिया के लिए 24 घंटे का समय दें, हमारे अधिकारी अधिक जानकारी के लिए आप तक पहुंचेंगे। अगर कोई चिंता है तो कृपया बेझिझक हमारी वेबसाइट www.cablemedia.com पर जाएं। क्या कुछ और होगा जिसमें मैं आपकी मदद कर सकूं?",3,2
"Surely, it's a good choice to go with. The price is $150 per month. Would you have any queries?"," निश्चित रूप से, इसके साथ जाना एक अच्छा विकल्प है। कीमत $150 प्रति माह है। क्या आपके कोई प्रश्न होंगे?",2,2
ok, ठीक है,2,0
Hey! A very good morning to you. You're connected to Beam Cable customer service. How may I help you today?,अरे! आपके लिए एक बहुत ही शुभ प्रभात। आप बीम केबल ग्राहक सेवा से जुड़े हैं। आज मैं आपकी कैसे मदद कर सकता हूँ?,3,2
5GB, 5GB,0,0
OKAY, ठीक है,2,0
troy23@hotmail.com, troy23@hotmail.com,0,0
Hello! Welcome to prodesk cable services. How may I help you today?, नमस्ते! प्रोडेस्क केबल सेवाओं में आपका स्वागत है। आज मैं आपकी कैसे मदद कर सकता हूँ?,3,0
Perfect! Please allow me a moment to check the details., उत्तम! कृपया मुझे विवरण की जांच करने के लिए कुछ समय दें।,3,2
Hi, नमस्ते,2,0
"Well, in that case I suggest you to opt for the 10 GB plan. Shall I sign you up for that?"," ठीक है, उस स्थिति में मेरा सुझाव है कि आप 10 जीबी योजना का विकल्प चुनें। क्या मैं आपको इसके लिए साइन अप करूं?",3,0
Hello. Welcome to Tarro cables. How may I help you today?, नमस्ते। टैरो केबल्स में आपका स्वागत है। आज मैं आपकी कैसे मदद कर सकता हूँ?,3,0
internet service, इंटरनेट सेवा,0,0
MUMBAI 905612, मुंबई 905612,0,0
5 GB, 5 जीबी,0,0
hai, हाय,2,0
thanking you, आपको धन्यवाद,2,2
Good Morning! This is Customer Executive speaking. How may I help you today?, शुभ प्रभात! यह ग्राहक कार्यकारी बोल रहा है। आज मैं आपकी कैसे मदद कर सकता हूँ?,3,0
NISHA & NISHA45@GMAIL.COM, निशा और निशा45@GMAIL.COM,0,0
i get a 10 GB, मुझे 10 जीबी मिलता है,1,0
kanpur 789653, कानपुर 789653,2,0
8 to 12 am, सुबह 8 से 12 बजे,0,0
7229,7229,0,0
"It's 40 for 1GB per month inclusive of all taxes.

It's $60 for 5GB per month inclusive of all taxes.

It's $90 for 10GB per month inclusive of all taxes.
", यह सभी करों को मिलाकर 1GB प्रति माह के लिए 40 है। यह सभी करों सहित 5GB प्रति माह के लिए $60 है। यह सभी करों सहित प्रति माह 10GB के लिए $90 है।,0,0
Hello! Welcome to prodesk cable services. How may I help you today, नमस्ते! प्रोडेस्क केबल सेवाओं में आपका स्वागत है। मैं आज आपकी क्या मदद कर सकता हूँ,3,0
ok, ठीक है,2,0
thanking you, आपको धन्यवाद,2,2
10 GB, 10 जीबी,0,0
"Hi, I want to see my bill, can you able to help me?"," नमस्ते, मुझे अपना बिल देखना है, क्या आप मेरी मदद कर सकते हैं?",3,0
I will do my best., मुझे अपनी तरफ से सबसे बढ़िया करना है।,3,2
ok bye, चलो बाय,2,0
852147,852147,0,0
Hello there! Welcome to Star cable customer care services. How may I help you today?, नमस्ते! स्टार केबल कस्टमर केयर सर्विसेज में आपका स्वागत है। आज मैं आपकी कैसे मदद कर सकता हूँ?,3,0
You're always welcome! Have a great day ahead and please do reach out to us in case of any further queries., आपका हमेशा स्वागत है! आपका दिन शुभ हो और किसी भी अन्य प्रश्न के मामले में कृपया हमसे संपर्क करें।,3,2
5 gb, 5 जीबी,0,0
ok thank you, ठीक है धन्यवाद,3,0
"Thank you for your patience, I'm glad to inform you that I've signed you up for the services it will get activated in an hour and you can enjoy the services. It will cost you 5$ per month, anything else I may help you with?"," आपके धैर्य के लिए धन्यवाद, मुझे आपको यह बताते हुए खुशी हो रही है कि मैंने आपको उन सेवाओं के लिए साइन अप किया है जो एक घंटे में सक्रिय हो जाएंगी और आप सेवाओं का आनंद ले सकते हैं। इसकी कीमत आपको प्रति माह 5 डॉलर होगी, और कुछ मैं आपकी मदद कर सकता हूं?",3,2
You're welcome! Have a good day! Please reach out to us for any other concerns as well. Goodbye!,आपका स्वागत है! आपका दिन शुभ हो! कृपया किसी अन्य चिंता के लिए भी हमसे संपर्क करें। अलविदा!,3,2
But i did not extended, लेकिन मैंने नहीं बढ़ाया,1,0
HI, नमस्ते,2,0
hi, नमस्ते,2,0
nothing else, और कुछ नहीं,1,0
Would there be anything else I may assist you with?, क्या कुछ और होगा जिसमें मैं आपकी सहायता कर सकूं?,2,0
Hope we are still connected?, आशा है कि हम अभी भी जुड़े हुए हैं?,0,0
"That's great! I'll definitely help you with your query. To get the best deals for you, may I know the name of city you are living in and its zip code, please?"," एक दम बढ़िया! मैं निश्चित रूप से आपकी क्वेरी में आपकी मदद करूंगा। आपके लिए सर्वोत्तम सौदे प्राप्त करने के लिए, क्या मैं उस शहर का नाम जान सकता हूँ जिसमें आप रह रहे हैं और उसका ज़िप कोड, कृपया?",3,2
hello, नमस्ते,2,0
I apologize! The price of the plan is $10 per month all inclusive! Is there anything else I could help you with for today?, मैं क्षमाप्रार्थी हूं! योजना की कीमत $10 प्रति माह सभी समावेशी है! क्या आज के लिए मैं आपकी कुछ और मदद कर सकता हूँ?,3,0
I WILL HAVE THE PHONE SERVICE.., मेरे पास फोन सेवा होगी..,2,0
My device is not working. Kindly fix it., मेरा डिवाइस काम नहीं कर रहा है। कृपया इसे ठीक करें।,2,1
"Good morning, you're connected to AT&T Customer Service. How can I be of help to you?"," सुप्रभात, आप एटी एंड टी ग्राहक सेवा से जुड़े हैं। मैं आपकी किस प्रकार सहायता कर सकता हूँ?",3,0
1GB, 1GB,0,0
Internet service, इंटरनेट सेवा,0,0
That's the fastest. Would you have any questions in regards to this plan?, वही सबसे तेज है। क्या इस योजना के संबंध में आपके कोई प्रश्न हैं?,3,2
may i know the cost of other data plans?, क्या मैं अन्य डेटा योजनाओं की लागत जान सकता हूँ?,2,0
okay, ठीक है,2,0
i'd like the 5gb, मुझे 5gb चाहिए,2,0
NOTHING ELSE, और कुछ नहीं,2,0
I would like to inform that i need to purchase a new cable service., मैं सूचित करना चाहूंगा कि मुझे एक नई केबल सेवा खरीदनी है।,3,0
Wonderful! Please feel free to reach out to us. Have a nice day. Bye., अद्भुत! कृपया बेझिझक हमसे संपर्क करें। आपका दिन शुभ हो। अलविदा।,3,2
Would there be anything else I may assist you with?, क्या कुछ और होगा जिसमें मैं आपकी सहायता कर सकूं?,2,0
no thanks," जी नहीं, धन्यवाद",3,1
Oh! That's very rare to hear! We never had this complain in our cable service. Not a problem! I'll right away check with it. Could you please help me with your name and email address?, ओह! ऐसा बहुत कम सुनने को मिलता है! हमें अपनी केबल सेवा में यह शिकायत कभी नहीं मिली। एक समस्या नहीं है! मैं तुरंत इसकी जांच करूंगा। क्या आप कृपया अपने नाम और ईमेल पते के साथ मेरी मदद कर सकते हैं?,3,1
Hey there! How may I help you today?, सुनो! आज मैं आपकी कैसे मदद कर सकता हूँ?,3,0
hi, नमस्ते,2,0
Cable, केबल,0,0
Could you let me know whether the internet is working once you restart the router?, क्या आप मुझे बता सकते हैं कि राउटर को पुनरारंभ करने के बाद इंटरनेट काम कर रहा है या नहीं?,3,0
no thanks," जी नहीं, धन्यवाद",3,1
"Jacksonville, Florida 32202"," जैक्सनविल, फ्लोरिडा 32202",2,0
Sure, ज़रूर,2,0
Great! Which data plan are you looking to purchase?, महान! आप कौन सा डेटा प्लान खरीदना चाह रहे हैं?,3,2
hey, अरे,2,0
"i wand a new cable connection
", मुझे एक नया केबल कनेक्शन चाहिए,1,0
Alright! Please allow me a moment to proceed further., ठीक है! कृपया मुझे आगे बढ़ने के लिए एक क्षण का समय दें।,2,0
"Amazing! Thank you for that. Please allow me a minute or two, while I get this done for you."," अद्भुत! उसके लिये आपका धन्यवाद। कृपया मुझे एक या दो मिनट का समय दें, जबकि मैं आपके लिए यह कर रहा हूं।",3,2
nothing else charlie, और कुछ नहीं चार्ली,2,0
"My pleasure! It's a pleasure assisting you, please feel free to reach out to us for further details. Good day!","मेरा सौभाग्य! आपकी सहायता करना खुशी की बात है, कृपया अधिक जानकारी के लिए हमसे बेझिझक संपर्क करें। अच्छा दिन!",3,2
erode and 25413, इरोड और 25413,0,0
"Amazing! I've shared your details with my team, quite soon our team will get in touch with you, They'll guide you further."," अद्भुत! मैंने आपका विवरण अपनी टीम के साथ साझा कर दिया है, बहुत जल्द हमारी टीम आपसे संपर्क करेगी, वे आगे आपका मार्गदर्शन करेंगे।",3,2
41510,41510,0,0
I like to platinum ($100 per month - all channels), मुझे प्लैटिनम पसंद है ($100 प्रति माह - सभी चैनल),2,0
Thank you for sharing the details. Could you please tell me the data plan you would like to purchase?, विवरण साझा करने के लिए धन्यवाद। क्या आप कृपया मुझे वह डेटा प्लान बता सकते हैं जिसे आप खरीदना चाहते हैं?,3,0
I've raised a request for your service. Our Agent will be contacting you soon for the installation. Is there anything else I could help you with?, मैंने आपकी सेवा के लिए एक अनुरोध किया है। इंस्टालेशन के लिए हमारा एजेंट जल्द ही आपसे संपर्क करेगा। क्या कुछ और है जिसमें मैं आपकी मदद कर सकता हूं?,3,0
"Sure! What would you like to purchase sir? We offer phone service, cable service and also internet service. You can avail any service you wish to sign up for."," ज़रूर! आप क्या खरीदना चाहेंगे सर? हम फोन सेवा, केबल सेवा और इंटरनेट सेवा भी प्रदान करते हैं। आप जिस भी सेवा के लिए साइन अप करना चाहते हैं, उसका लाभ उठा सकते हैं।",2,0
OK, ठीक है,2,0
Thank you for contacting our service. I hope you have a great day ahead. Bye!,हमारी सेवा से संपर्क करने के लिए धन्यवाद। मुझे आशा है कि आपके लिए आगे एक अच्छा दिन होगा। अलविदा!,3,2
"Wonderful! Thank you for reaching out to us, we are always here to help you in any issue relating to cable/media. Goodbye!","अद्भुत! हमसे संपर्क करने के लिए धन्यवाद, केबल/मीडिया से संबंधित किसी भी मुद्दे में आपकी मदद करने के लिए हम हमेशा यहां मौजूद हैं। अलविदा!",3,2
okay. Thank you., ठीक है। शुक्रिया।,3,0
nothing else ok thank you, और कुछ नहीं ठीक है धन्यवाद,3,0
hi, नमस्ते,2,0
I WANT CANCEL CABLE SERVICE, मुझे केबल सेवा रद्द करनी है,1,0
Thank you! Anything else that I may help you with?, आपको धन्यवाद! कुछ और जिससे मैं आपकी मदद कर सकूं?,3,2
"Thank you for staying connected. I've confirmed the 5 GB cable data plan for you, please give us 24 hours for the installation process. Our executives will reach out to you for further details. For further concerns please visit our website. "," जुड़े रहने के लिए धन्यवाद। मैंने आपके लिए 5 जीबी केबल डेटा योजना की पुष्टि की है, कृपया हमें स्थापना प्रक्रिया के लिए 24 घंटे दें। अधिक जानकारी के लिए हमारे अधिकारी आपसे संपर्क करेंगे। अधिक चिंताओं के लिए कृपया हमारी वेबसाइट पर जाएँ।",3,0
I NEED 5 GB PLAN, मुझे 5 जीबी प्लान चाहिए,1,0
"THANK YOU SO MUCH, NOTHING ELSE MR, ROBIN"," बहुत बहुत धन्यवाद, कुछ नहीं श्रीमान, रॉबिन",3,2
.*, .*,0,0
hai, हाय,2,0
New York 10014, न्यूयॉर्क 10014,2,0
Alright! Is there anything else I may assist you with?, ठीक है! क्या कुछ और है जिसमें मैं आपकी सहायता कर सकता हूं?,2,0
selam, सालेम,0,0
i like 1GB data plan, मुझे 1GB डेटा प्लान पसंद है,2,2
Wow! That's awesome! Great! I'll make a confirmation request for you and our team will get in touch with you as soon as possible for further process. Would that be okay?, बहुत खूब! वह तो कमाल है! महान! मैं आपके लिए एक पुष्टिकरण अनुरोध करूंगा और हमारी टीम आगे की प्रक्रिया के लिए जितनी जल्दी हो सके आपसे संपर्क करेगी। क्या यह ठीक रहेगा?,3,2
Thank you! Anything else that I may help you with today?, आपको धन्यवाद! कुछ और जो मैं आज आपकी मदद कर सकता हूँ?,3,2
I'd also require the last 4 digits of your SSN?, मुझे आपके SSN के अंतिम 4 अंक भी चाहिए होंगे?,1,0
74120,74120,0,0
1gb dada plan, 1जीबी दादा प्लान,0,0
"Great! Thank you very much for providing all the details, please give me a minute while I get this for you/ "," महान! सभी विवरण प्रदान करने के लिए आपका बहुत-बहुत धन्यवाद, कृपया मुझे यह आपके लिए प्राप्त होने तक एक मिनट दें/",3,2
"10455	Bronx", 10455 ब्रोंक्स,0,0
5 GB, 5 जीबी,0,0
OK, ठीक है,2,0
"Yes,I need for help."," हाँ, मुझे मदद की ज़रूरत है।",2,0
Fantastic! May I confirm if all your questions have been answered for the day?,ज़बरदस्त! क्या मैं पुष्टि कर सकता हूँ कि क्या उस दिन के लिए आपके सभी प्रश्नों का उत्तर दे दिया गया है?,3,2
Hello! Welcome to Aura cable services. How may I assist you today?, नमस्ते! ऑरा केबल सर्विस में आपका स्वागत है। आज मैं आपकी मदद किस तरह कर सकता हूँ?,3,0
Sure! I will help you in getting that done today. To process your request I will need your city's name and it's zip code please., ज़रूर! आज इसे पूरा करने में मैं आपकी मदद करूंगा। आपके अनुरोध को संसाधित करने के लिए मुझे आपके शहर का नाम और उसका ज़िप कोड चाहिए होगा।,3,2
10 GB, 10 जीबी,0,0
i want to know purchase internet service, मैं खरीद इंटरनेट सेवा जानना चाहता हूँ,1,0
Good Bye, अलविदा,3,0
Thank you for sharing the details., विवरण साझा करने के लिए धन्यवाद।,3,2
Okay! The cable and internet service of 1Gb plan would cost you $18 per month., ठीक! 1Gb प्लान की केबल और इंटरनेट सेवा के लिए आपको प्रति माह $18 का खर्च आएगा।,2,1
Sure! I'll help you with that. Could you please help me with your city name and the zip code?, ज़रूर! मैं इसमें आपकी मदद करूंगा। क्या आप कृपया मुझे अपने शहर के नाम और ज़िप कोड के साथ मदद कर सकते हैं?,3,0
"i want to purchase new cable, internet or phone service. "," मैं नई केबल, इंटरनेट या फोन सेवा खरीदना चाहता हूं।",1,0
Huntsville 35801, हंट्सविल 35801,0,0
"Durhan 85301 thru  82109
", डरहान 85301 थ्रू 82109,0,0
i need data conection, मुझे डेटा कनेक्शन चाहिए,1,0
"Sure, you've been successfully registered for this service connection. The installation team will reach out to you and the connection will be made within the next 24 hours?"," ज़रूर, आप इस सेवा कनेक्शन के लिए सफलतापूर्वक पंजीकृत हो गए हैं। इंस्टालेशन टीम आप तक पहुंचेगी और अगले 24 घंटों के भीतर कनेक्शन कर दिया जाएगा?",2,1
Superb! Thank you for contacting us. We are always here at your service. It was pleasure assisting you. Have a great day ahead! :), शानदार! हमसे संपर्क करने के लिए धन्यवाद। हम हमेशा आपकी सेवा में यहां हैं। आपकी सहायता करके खुशी हुई। आगे एक महान दिन हो! :),3,2
NO THIS IS ENOUGH SIR.THANK YOU FOR GIVING INFORMATION," नहीं, यह काफी है सर।जानकारी देने के लिए धन्यवाद",3,0
Hey there! Good morning. Welcome to LMT cable services. How may I assist you?,सुनो! सुबह बख़ैर। एलएमटी केबल सेवाओं में आपका स्वागत है। मैं आपकी कैसे सहायता कर सकता हूँ?,3,0
RONDAUNIQUE@HOTMAIL.COM .. THIS IS MY EMAIL ID, RONDAUNIQUE@HOTMAIL.COM .. यह मेरी ईमेल आईडी है,2,0
"No, Thank you, & subscribe this pack as soon as possible..."," नहीं, धन्यवाद, और जितनी जल्दी हो सके इस पैक को सब्सक्राइब करें...",3,2
"You're welcome! Thank you for choosing Net link services, we are always here to help you. Goodbye!"," आपका स्वागत है! नेट लिंक सेवाओं को चुनने के लिए धन्यवाद, हम आपकी सहायता के लिए हमेशा यहां हैं। अलविदा!",3,2
Pleasure is mine. I hope that all your queries are cleared?, मेरा सौभाग्य है। मुझे आशा है कि आपके सभी प्रश्नों का समाधान हो गया होगा?,3,2
Thank you and may I also know the last 4 digits of the SSN?, धन्यवाद और क्या मैं SSN के अंतिम 4 अंक भी जान सकता हूँ?,3,0
OK, ठीक है,2,0
No.Thanks a lot, नहीं।बहुत-बहुत धन्यवाद,3,0
What is the cost of the plan?,योजना की लागत क्या है?,0,0
well city is Washington  my city zip code is 22345, वेल सिटी वाशिंगटन है मेरे शहर का पिन कोड 22345 . है,2,0
I'll help you with the purchase of phone service., मैं फ़ोन सेवा ख़रीदने में आपकी सहायता करूँगा।,1,0
"Thanks for your confirmation. I've created your new account. Shortly you'll receive an email from my team, please fill the form and submit after which you'll be directed to the payment page. When the process is done. Your service will automatically get activated and you can enjoy using it. "," आपके पुष्टिकरण के लिए धन्यवाद। मैंने आपका नया खाता बना लिया है। शीघ्र ही आपको मेरी टीम से एक ईमेल प्राप्त होगा, कृपया फ़ॉर्म भरें और सबमिट करें जिसके बाद आपको भुगतान पृष्ठ पर निर्देशित किया जाएगा। जब प्रक्रिया पूरी हो जाती है। आपकी सेवा स्वचालित रूप से सक्रिय हो जाएगी और आप इसका उपयोग करने का आनंद ले सकते हैं।",3,2
dover19905, डोवर19905,0,0
5GB, 5GB,0,0
ok, ठीक है,2,0
HAI, हाई,2,0
"I really appreciate your intelligence! You can avail 10 GB internet data plan as soon as you complete the subscription process. Would you like to know anything about our data plans?
", मैं वास्तव में आपकी बुद्धिमत्ता की सराहना करता हूँ! सब्सक्रिप्शन प्रक्रिया पूरी करते ही आप 10 जीबी इंटरनेट डेटा प्लान का लाभ उठा सकते हैं। क्या आप हमारे डेटा प्लान के बारे में कुछ जानना चाहेंगे?,3,2
I will surely help you out with that but firstly could you please help me with your city name and its zip code please?, मैं निश्चित रूप से इसमें आपकी मदद करूंगा लेकिन सबसे पहले क्या आप कृपया अपने शहर के नाम और उसके ज़िप कोड के साथ मेरी मदद कर सकते हैं?,3,0
i want cable connection, मुझे केबल कनेक्शन चाहिए,1,0
Alright! Please allow me a moment to check the check the details., ठीक है! कृपया मुझे विवरणों की जांच करने के लिए कुछ समय दें।,2,0
bye, अलविदा,2,0
Happy Morning Taylor :), हैप्पी मॉर्निंग टेलर :),2,2
For sure! May I know your name and the email address?, पक्का! क्या मैं आपका नाम और ईमेल पता जान सकता हूँ?,2,0
yes sir one help, हाँ सर एक मदद,2,0
no queries, कोई प्रश्न नहीं,1,0
"Perfect! I'd like to inform you that depending on your city and area we offer 3 data plans for you, which are 1Gb data plan, 5Gb data plan and 10Gb data plan, may I know which one would you prefer? ","उत्तम! मैं आपको सूचित करना चाहता हूं कि आपके शहर और क्षेत्र के आधार पर हम आपके लिए 3 डेटा प्लान पेश करते हैं, जो 1 जीबी डेटा प्लान, 5 जीबी डेटा प्लान और 10 जीबी डेटा प्लान हैं, क्या मैं जान सकता हूं कि आप किसे पसंद करेंगे?",3,2
Okay, ठीक,2,2
No sir. Thank you very much., नहीं साहब। आपका बहुत बहुत धन्यवाद।,3,0
no thanks," जी नहीं, धन्यवाद",3,1
platinum ($100 per month - all channels), प्लेटिनम ($100 प्रति माह - सभी चैनल),0,0
"Awesome! Thank you for the details. We have 1 GB, 5 GB and 10 GB data plans for our cable services. Which one of these data plans, would you like to sign up for?"," बहुत बढ़िया! विवरण के लिए धन्यवाद। हमारी केबल सेवाओं के लिए हमारे पास 1 जीबी, 5 जीबी और 10 जीबी डेटा प्लान हैं। आप इनमें से किस डेटा प्लान के लिए साइन अप करना चाहेंगे?",3,2
Sure! The cost of 10GB data plan is $7 including all taxes. I will activate the same for you right away., ज़रूर! 10GB डेटा प्लान की लागत सभी करों सहित $7 है। मैं इसे तुरंत आपके लिए सक्रिय कर दूंगा।,3,2
yes, हां,2,0
856*5, 856*5,0,0
Glad to help you with your query. Please feel free to call us on 745-836-737 available at your service. Good bye!, आपकी क्वेरी में आपकी सहायता करने में खुशी हुई। कृपया बेझिझक हमें आपकी सेवा में उपलब्ध 745-836-737 पर कॉल करें। अलविदा!,3,2
The plan of 10 GB for internet service would cost you $15 per month. Would that be all?, इंटरनेट सेवा के लिए 10 जीबी की योजना के लिए आपको प्रति माह $15 खर्च होंगे। क्या वह सब होगा?,1,0
Thank you for staying connected. You've been successfully registered for this service connection. The installation team will reach out to you and the connection will be made within the next 24 hours., जुड़े रहने के लिए धन्यवाद। आप इस सेवा कनेक्शन के लिए सफलतापूर्वक पंजीकृत हो गए हैं। इंस्टॉलेशन टीम आपसे संपर्क करेगी और अगले 24 घंटों के भीतर कनेक्शन कर दिया जाएगा।,3,2
platinum service, प्लेटिनम सेवा,0,2
"I Need new Service Connection
", मुझे नया सेवा कनेक्शन चाहिए,1,0
Superb! I have placed your issue forward. You will be receiving a replacement device within 2-3 days. We are really for your inconvenience. Will there be anything else I could do for you?,शानदार! मैंने आपकी बात सामने रखी है। आपको 2-3 दिनों के भीतर एक प्रतिस्थापन उपकरण प्राप्त होगा। हम वास्तव में आपकी असुविधा के लिए हैं। क्या मैं तुम्हारे लिए और कुछ कर सकता हूँ?,3,2
HI, नमस्ते,2,0
chennai 215641, चेन्नई 215641,0,0
"Sure! Thank you for choosing Net Link for you new cable services, we have the best plans for our customers on their choice of services. I'd be glad to help you get that. May I know the city name and it's zip code?"," ज़रूर! आपके लिए नई केबल सेवाओं के लिए नेट लिंक चुनने के लिए धन्यवाद, हमारे ग्राहकों के लिए उनकी पसंद की सेवाओं पर सर्वोत्तम योजनाएं हैं। मुझे इसे प्राप्त करने में आपकी सहायता करने में खुशी होगी। क्या मैं शहर का नाम और उसका ज़िप कोड जान सकता हूँ?",3,2
i want new cable service, मुझे नई केबल सेवा चाहिए,1,0
4510,4510,0,0
chennai 321754, चेन्नई 321754,0,0
Hello! How may I assist you?, नमस्ते! मैं आपकी कैसे सहायता कर सकता हूँ?,3,0
Sure! Which service are you looking for (Internet/Phone/Cable)?, ज़रूर! आप किस सेवा की तलाश में हैं (इंटरनेट/फोन/केबल)?,2,0
NOTHING ELSE, और कुछ नहीं,2,0
confirm, पुष्टि करें,0,0
that's it, यह बात है,0,0
If there is no reply from your end I'll be forced to close the chat., अगर आपकी तरफ से कोई जवाब नहीं आया तो मुझे चैट बंद करने के लिए मजबूर किया जाएगा।,1,1
"Thank you! Which data plan are you interested in. We have 1GB, 5GB and 10 GB which costs $3, $5 and $7 respectively. "," आपको धन्यवाद! आप किस डेटा प्लान में रुचि रखते हैं। हमारे पास 1GB, 5GB और 10GB है जिसकी कीमत क्रमशः $3, $5 और $7 है।",3,0
"Amazing! Will sign you up for that, please allow me a moment."," अद्भुत! इसके लिए आपको साइन अप करेंगे, कृपया मुझे एक क्षण दें।",3,2
It was great assisting you today. Thank you for your time with us. Good day!, आज आपकी मदद करके बहुत अच्छा लगा। हमारे साथ समय बिताने के लिए धन्यवाद। अच्छा दिन!,3,2
nope I think I am all set," नहीं, मुझे लगता है कि मैं पूरी तरह तैयार हूं",2,0
10 GB, 10 जीबी,0,0
like to purchase, खरीदना पसंद है,2,0
"Hello! Good Morning. Welcome to media cable service, how may I help you out today?","नमस्ते! शुभ प्रभात। मीडिया केबल सेवा में आपका स्वागत है, मैं आज आपकी कैसे मदद कर सकता हूँ?",3,0
i need new cable connection, मुझे नया केबल कनेक्शन चाहिए,1,0
okay., ठीक है।,2,0
I like to connect new internet connection., मुझे नया इंटरनेट कनेक्शन कनेक्ट करना पसंद है।,2,0
"Awesome! Thank you for the details. We have 1 GB, 5 GB and 10 GB data plans for our cable services. Which one of these are you looking for?"," बहुत बढ़िया! विवरण के लिए धन्यवाद। हमारी केबल सेवाओं के लिए हमारे पास 1 जीबी, 5 जीबी और 10 जीबी डेटा प्लान हैं। आप इनमें से किसकी तलाश कर रहे हैं?",3,2
Good morning! You've reached Net link Media/Cable Services. How may I help you today?, सुबह बख़ैर! आप नेट लिंक मीडिया/केबल सेवाओं पर पहुंच गए हैं। आज मैं आपकी कैसे मदद कर सकता हूँ?,3,0
Wonderful! I'd like to inform you that your requested service has been confirmed and will be activated in the next 2 business days.,अद्भुत! मैं आपको सूचित करना चाहता हूं कि आपकी अनुरोधित सेवा की पुष्टि हो गई है और अगले 2 व्यावसायिक दिनों में सक्रिय हो जाएगी।,3,2
"Thank you for confirming. I've created your new account and shared your details with my team, Quite soon, they'll contact you and proceed with the installation process. I'm positive that within two hours your service will get activated.","पुष्टि करने के लिए शुक्रिया। मैंने आपका नया खाता बना लिया है और अपनी टीम के साथ आपका विवरण साझा किया है, बहुत जल्द, वे आपसे संपर्क करेंगे और स्थापना प्रक्रिया के साथ आगे बढ़ेंगे। मुझे विश्वास है कि दो घंटे के भीतर आपकी सेवा सक्रिय हो जाएगी।",3,2
HELLO, नमस्ते,2,0
"my city is newyork and zip code is 5087.
", मेरा शहर न्यूयॉर्क है और ज़िप कोड 5087 है।,1,0
"Great! Which data plan would you like to purchase? We have 1 GB, 5 GB, 10 GB available as of now. You can use the data plan according to your preferences."," महान! आप कौन सा डेटा प्लान खरीदना चाहेंगे? हमारे पास अभी तक 1 जीबी, 5 जीबी, 10 जीबी उपलब्ध है। आप अपनी पसंद के अनुसार डेटा प्लान का उपयोग कर सकते हैं।",3,2
Thank you so much ., बहुत-बहुत धन्यवाद ।,3,2
"Thanks for being so cooperative, I'm glad to inform you that I've signed you up for the new internet service you'll soon receive a confirmation message with a link to payment and after payment the services will be activated. Welcome aboard, will there be anything else I may help you with?
"," इतना सहयोग करने के लिए धन्यवाद, मुझे आपको यह सूचित करते हुए खुशी हो रही है कि मैंने आपको नई इंटरनेट सेवा के लिए साइन अप किया है, आपको जल्द ही भुगतान के लिंक के साथ एक पुष्टिकरण संदेश प्राप्त होगा और भुगतान के बाद सेवाएं सक्रिय हो जाएंगी। जहाज पर आपका स्वागत है, क्या कुछ और होगा जिसमें मैं आपकी मदद कर सकता हूँ?",3,2
OK, ठीक है,2,0
"Yundt Gwen, 8977 8976 5335 "," युंड्ट ग्वेन, 8977 8976 5335",0,0
ok, ठीक है,2,0
i will prefer 5 gb plan, मैं 5 जीबी प्लान पसंद करूंगा,2,0
cheenai, चीनाई,0,0
Would there be anything else I may help you with?, क्या कुछ और होगा जिसमें मैं आपकी मदद कर सकूं?,2,0
"surely, that's helpful. Thank you. Could you tell me which data plan would you need?"," निश्चित रूप से, यह मददगार है। शुक्रिया। क्या आप मुझे बता सकते हैं कि आपको किस डेटा प्लान की आवश्यकता होगी?",3,0
"Thank you! Noted! As I can check here, There are three data plans available, they are 1 GB, 5 GB and 10 GB. which one you'd like to buy? "," आपको धन्यवाद! विख्यात! जैसा कि मैं यहां देख सकता हूं, तीन डेटा प्लान उपलब्ध हैं, वे 1 जीबी, 5 जीबी और 10 जीबी हैं। आप कौन सा खरीदना चाहेंगे?",3,0
NO THANKS," जी नहीं, धन्यवाद",3,1
"Surely, the plan is for $70 a month. Would you have any doubts regarding this plan?"," निश्चित रूप से, योजना $ 70 प्रति माह के लिए है। क्या आपको इस योजना के बारे में कोई संदेह होगा?",2,0
My bill keeps going up and up each month. I need to find out why this is?, मेरा बिल हर महीने बढ़ता रहता है। मुझे यह पता लगाना है कि ऐसा क्यों है?,2,1
May i know any other plan more than 10Gb data?, क्या मैं 10Gb से ज्यादा डेटा वाला कोई अन्य प्लान जान सकता हूं?,2,0
"Thank you for cooperating, is there anything else I may help you with? ","सहयोग करने के लिए धन्यवाद, क्या कुछ और है जिसमें मैं आपकी मदद कर सकता हूं?",3,2
hai, हाय,2,0
no thankss, नो थैंक्स,2,1
Thanks for providing the information. I'd like to inform you that your information has been updated and it'll reflect in your account in the next 30 min., जानकारी प्रदान करने के लिए धन्यवाद। मैं आपको सूचित करना चाहता हूं कि आपकी जानकारी अपडेट कर दी गई है और यह अगले 30 मिनट में आपके खाते में दिखाई देगी।,3,0
"Awesome! Could you also please help me with the type of data plan you need? The plans we offer are 1 GB, 5 GB, 10 GB and the prices are $5, $25 and $50 respectively. "," बहुत बढ़िया! क्या आप कृपया मेरी मदद कर सकते हैं कि आपको किस प्रकार की डेटा योजना की आवश्यकता है? हमारे द्वारा पेश किए जाने वाले प्लान 1 जीबी, 5 जीबी, 10 जीबी हैं और कीमतें क्रमशः $ 5, $ 25 और $ 50 हैं।",3,2
nothing else, और कुछ नहीं,1,0
bye, अलविदा,2,0
Hello! good morning! You're connected to Annabelle cable customer service. How may I help you today?, नमस्ते! शुभ प्रभात! आप एनाबेले केबल ग्राहक सेवा से जुड़े हैं। आज मैं आपकी कैसे मदद कर सकता हूँ?,3,0
can i view bills, क्या मैं बिल देख सकता हूँ,0,0
Alright! Is there anything else I may help you with?,ठीक है! क्या कुछ और है जिसमें मैं आपकी मदद कर सकता हूं?,2,0
"You're Welcome! Have a great day, hope to assist you again. Goodbye!"," आपका स्वागत है! आपका दिन शुभ हो, आशा है कि आप फिर से मदद करेंगे। अलविदा!",3,2
"I'M IN YISHUN,SINGAPORE."," मैं यिशुन, सिंगापुर में हूँ।",0,0
no thanks," जी नहीं, धन्यवाद",3,1
Alright! Please allow me a moment to process your request.,ठीक है! कृपया मुझे आपके अनुरोध को संसाधित करने के लिए कुछ समय दें।,2,0
Hello! Good morning. Welcome to LMT cable services. How may I help you today?, नमस्ते! सुबह बख़ैर। एलएमटी केबल सेवाओं में आपका स्वागत है। आज मैं आपकी कैसे मदद कर सकता हूँ?,3,0
I'm so sorry for what has happened. May I know your name please?, जो हुआ उसके लिए मुझे बहुत खेद है। क्या मैं आपका नाम जान सकता हूँ?,3,1
Great! Is there anything else that I may help you with?, महान! क्या कुछ और है जिसमें मैं आपकी मदद कर सकता हूं?,3,2
THANK YOU FOR THE INFORMATION, जानकारी के लिए धन्यवाद,3,2
"Thank you. Which data plan are you interested to purchase. We have 1GB which costs $3, 5GB costs $5 and 10GB will cost you $7. "," शुक्रिया। आप कौन सा डेटा प्लान खरीदना चाहते हैं। हमारे पास 1GB है जिसकी कीमत $3 है, 5GB की कीमत $5 है और 10GB की कीमत आपको $7 है।",3,0
"Good evening! You're now talking to the Customer Executive, at your service!", सुसंध्या! अब आप अपनी सेवा में ग्राहक कार्यकारी से बात कर रहे हैं!,3,1
"Oh, that's a good deal, thank you!"," ओह, यह एक अच्छा सौदा है, धन्यवाद!",3,2
hi, नमस्ते,2,0
like to purchase, खरीदना पसंद है,2,2
"Surely, my pleasure. Is there anything else that I could help you with?"," निश्चित रूप से, मेरी खुशी। क्या कुछ और है जिसमें मैं आपकी मदद कर सकता हूं?",3,2
hello, नमस्ते,2,0
OK, ठीक है,2,0
on, पर,0,0
"It's a pleasure assisting you, thank you for reaching out to us. Have an awesome day ahead!"," आपकी सहायता करना खुशी की बात है, हमसे संपर्क करने के लिए धन्यवाद। आगे का दिन शानदार हो!",3,2
Are we connected?, क्या हम जुड़े हुए हैं?,0,0
Good bye!, अलविदा!,3,0
"You are always welcome. Thank you for choosing our service. For any query, please feel free to call us anytime. We are always here to help you."," आपका हमेशा स्वागत है। हमारी सेवा चुनने के लिए धन्यवाद। किसी भी प्रश्न के लिए, कृपया बेझिझक हमें किसी भी समय कॉल करें। हम आपकी मदद करने के लिए हमेशा मौजूद हैं।",3,2
"Awesome! May I also know if you need the 1 GB, 5 GB, 10 GB plan for your service? "," बहुत बढ़िया! क्या मैं यह भी जान सकता हूं कि क्या आपको अपनी सेवा के लिए 1 जीबी, 5 जीबी, 10 जीबी प्लान चाहिए?",3,2
That's a great choice! I'd like to inform you that your service request has been registered with us and you'll be getting a call from out technical team to book an appointment for the installation of the service. I hope that sounds good?,यह एक बढ़िया विकल्प है! मैं आपको सूचित करना चाहता हूं कि आपका सेवा अनुरोध हमारे पास पंजीकृत किया गया है और आपको सेवा की स्थापना के लिए अपॉइंटमेंट बुक करने के लिए तकनीकी टीम से कॉल प्राप्त होगी। मुझे आशा है कि यह अच्छा लगता है?,3,2
Absolutely! May I know your name and account id please?, बिल्कुल! क्या मैं आपका नाम और खाता आईडी जान सकता हूँ?,3,0
"SORRY, ITS ENOUGH THANK YOU VERY MUCH"," क्षमा करें, बहुत बहुत धन्यवाद",3,1
Great! I'll help you with that. Could you please provide your city's name?, महान! मैं इसमें आपकी मदद करूंगा। क्या आप कृपया अपने शहर का नाम बता सकते हैं?,3,2
are you from riley, क्या आप रिले से हैं?,0,0
OK, ठीक है,2,0
GOA 415863, गोवा 415863,0,0
ok thanks, ठीक है धन्यवाद,3,0
Pleasure is mine., मेरा सौभाग्य है।,2,2
no thanks," जी नहीं, धन्यवाद",3,1
i wants internet, मुझे इंटरनेट चाहिए,1,0
no thanks," जी नहीं, धन्यवाद",3,1
Sure sam, ज़रूर सामु,2,0
i not understant, मुझे समझ नहीं आ रहा है,1,0
NEW YORK AND 54454, न्यू यॉर्क और 54454,0,0
"oh sorry i'm confuse, i like platinum service plan"," ओह क्षमा करें, मैं भ्रमित हूँ, मुझे प्लेटिनम सेवा योजना पसंद है",3,0
I confirm it. Please give quick connection., मैं इसकी पुष्टि करता हूं। कृपया शीघ्र कनेक्शन दें।,2,0
"Surely, would you mind mentioning the data plan you'd like to purchase?"," निश्चित रूप से, क्या आप उस डेटा प्लान का उल्लेख करना चाहेंगे जिसे आप खरीदना चाहते हैं?",3,0
19828,19828,0,0
I'll help you out with that. May I know the name of your city and the zip code of the area?, मैं इसमें आपकी मदद करूंगा। क्या मैं आपके शहर का नाम और क्षेत्र का ज़िप कोड जान सकता हूँ?,3,0
"Thank you for the information. What service type would you like to purchase? Is it cable, internet or phone?"," जानकारी के लिए धन्यवाद। आप किस प्रकार की सेवा खरीदना चाहेंगे? क्या यह केबल, इंटरनेट या फोन है?",3,0
Glad to help you! Thank you for connecting with us. Please contact 564-272-819 in case of any query and help us help you. Good day!, आपकी मदद करके प्रसन्नता हुई! हमसे जुड़ने के लिए धन्यवाद। कृपया किसी भी प्रश्न के मामले में 564-272-819 पर संपर्क करें और आपकी सहायता करने में हमारी सहायता करें। अच्छा दिन!,3,2
Sure! I'll definitely help you with you. Could you please help me with the city and zip code?, ज़रूर! मैं निश्चित रूप से आपकी मदद करूंगा। क्या आप कृपया मुझे शहर और ज़िप कोड के साथ मदद कर सकते हैं?,3,0
1GB, 1GB,0,0
Fantastic!! It was my pleasure assisting you. Thanks for contacting D-link media services. Have a great day ahead. We look for long and successful association., ज़बरदस्त!! आपकी सहायता करना मेरी खुशी थी। डी-लिंक मीडिया सेवाओं से संपर्क करने के लिए धन्यवाद। आगे एक महान दिन हो। हम लंबे और सफल जुड़ाव की तलाश करते हैं।,3,2
"I'll be glad to help you with that, could you please help me with the name of the city and the zip code? "," मुझे इसमें आपकी मदद करने में खुशी होगी, क्या आप कृपया शहर के नाम और ज़िप कोड के साथ मेरी मदद कर सकते हैं?",3,0
no thaks,नहीं थाक्सो,2,0
"Surely!! Thanks for showing your interest in D-link services, We're pleased. May I know your city name and zip code please? "," निश्चित रूप से !! डी-लिंक सेवाओं में अपनी रुचि दिखाने के लिए धन्यवाद, हमें खुशी है। क्या मैं आपके शहर का नाम और ज़िप कोड जान सकता हूँ?",3,2
"Well, the amount for the 5 GB internet service is $25 for 3 months. You can also change your plans later."," खैर, 5 जीबी इंटरनेट सेवा की राशि 3 महीने के लिए $25 है। आप बाद में अपनी योजनाओं में बदलाव भी कर सकते हैं।",1,0
Great! I have now updated the details of your new city and our associate would visit your house and help you with the procedure further. However you would get a conformation regarding the same in an hour or two. Since you've been using the platinum cable service I have updated the same to your new location as well.," महान! मैंने अब आपके नए शहर का विवरण अपडेट कर दिया है और हमारे सहयोगी आपके घर आएंगे और आगे की प्रक्रिया में आपकी मदद करेंगे। हालाँकि आपको एक या दो घंटे में इसके बारे में एक रचना मिल जाएगी। चूंकि आप प्लेटिनम केबल सेवा का उपयोग कर रहे हैं, इसलिए मैंने इसे आपके नए स्थान पर भी अपडेट कर दिया है।",3,2
Awesome! Could you help me with the zip code of Madurai please?, बहुत बढ़िया! क्या आप कृपया मदुरै के ज़िप कोड के साथ मेरी मदद कर सकते हैं?,3,2
yes, हां,2,0
hi, नमस्ते,2,0
May I know the name of your city and it's zip code please?, क्या मैं आपके शहर का नाम और उसका ज़िप कोड जान सकता हूँ?,2,0
"Sorry to keep you waiting, I've got a good news for you. I've signed you up for the services and soon you'll get a message for confirmation and payment link after that our executives will reach you to help for the installation. Anything else I may help you in?
"," आपको प्रतीक्षा करने के लिए क्षमा करें, मेरे पास आपके लिए एक अच्छी खबर है। मैंने आपको सेवाओं के लिए साइन अप किया है और जल्द ही आपको पुष्टिकरण और भुगतान लिंक के लिए एक संदेश मिलेगा, उसके बाद हमारे अधिकारी इंस्टॉलेशन के लिए सहायता के लिए आप तक पहुंचेंगे। कुछ और मैं आपकी मदद कर सकता हूँ?",3,2
"Okay! Thank you for connecting with us, hope you'll have a great day ahead! "," ठीक! हमारे साथ जुड़ने के लिए धन्यवाद, आशा है कि आपका आने वाला दिन बहुत अच्छा होगा!",3,2
hi, नमस्ते,2,0
May I know what would you like to purchase?, क्या मैं जान सकता हूँ कि आप क्या खरीदना चाहेंगे?,3,0
my city is Huntsville and zip code is 35801, मेरा शहर हंट्सविल है और ज़िप कोड 35801 है,1,0
nothing else, और कुछ नहीं,1,0
HI, नमस्ते,2,0
Hello. Welcome to Tarro cables. How may I help you today?, नमस्ते। टैरो केबल्स में आपका स्वागत है। आज मैं आपकी कैसे मदद कर सकता हूँ?,3,0
5 GB, 5 जीबी,0,0
"Oh no! I'm so sorry to hear that. To resolve your problem, i will need your full name and email address. Could you share these details please? "," धत्तेरे की! मुझे यह सुनकर खेद हुआ। आपकी समस्या का समाधान करने के लिए, मुझे आपका पूरा नाम और ईमेल पता चाहिए। क्या आप कृपया इन विवरणों को साझा कर सकते हैं?",3,1
Im trying to sign up for a new cable plan, मैं एक नई केबल योजना के लिए साइन अप करने का प्रयास कर रहा हूं,1,0
Awesome! I'll help you with that. May I know the name of your city please?, बहुत बढ़िया! मैं इसमें आपकी मदद करूंगा। क्या मैं आपके शहर का नाम जान सकता हूँ?,3,2
Definitely! Thanks for choosing D-link media services. To proceed further I'll need your city name and zip code?, निश्चित रूप से! डी-लिंक मीडिया सेवाओं को चुनने के लिए धन्यवाद। आगे बढ़ने के लिए मुझे आपके शहर का नाम और ज़िप कोड चाहिए होगा?,3,2
Sure. Could you please help me with your details like your city and zipcode? So that I can find the best plans available near you., ज़रूर। क्या आप कृपया अपने शहर और ज़िप कोड जैसे विवरण के साथ मेरी मदद कर सकते हैं? ताकि मैं आपके आस-पास उपलब्ध सर्वोत्तम योजनाओं को ढूंढ सकूं।,3,0
Good bye!, अलविदा!,3,0
HI, नमस्ते,2,0
"Sure, I'll do my best to assist you in this regards. Could you help me with the city you're residing and the zip code?"," ज़रूर, मैं इस संबंध में आपकी सहायता करने की पूरी कोशिश करूँगा। क्या आप जिस शहर में रह रहे हैं, उसके ज़िप कोड के बारे में मेरी मदद कर सकते हैं?",3,0
NO THANKS," जी नहीं, धन्यवाद",3,1
hi, नमस्ते,2,0
Have a great day ahead and take care. Goodbye :), आपका दिन अच्छा बीते और अपना ख्याल रखें। अलविदा :),3,2
ok, ठीक है,2,0
yes confirm, हाँ पुष्टि करें,2,0
I WANT TO PURCHASE INTERNET, मुझे इंटरनेट खरीदना है,1,0
Awesome! Could you help me with the zip code of New York please?,बहुत बढ़िया! क्या आप कृपया मुझे न्यूयॉर्क के ज़िप कोड के साथ मदद कर सकते हैं?,3,2
Great! I'll help you with that. Could you please provide your city's name?, महान! मैं इसमें आपकी मदद करूंगा। क्या आप कृपया अपने शहर का नाम बता सकते हैं?,3,2
"Sure, I'll be glad to help you with it. Could you help me with the city you're from and the zip code?"," ज़रूर, मुझे इसमें आपकी मदद करने में खुशी होगी। क्या आप उस शहर और ज़िप कोड के बारे में मेरी मदद कर सकते हैं जहां से आप हैं?",3,0
"Hello! Welcome to Zoom services, may I know how may I help you? "," नमस्ते! ज़ूम सेवाओं में आपका स्वागत है, क्या मैं जान सकता हूँ कि मैं आपकी कैसे मदद कर सकता हूँ?",3,0
5 GB data plan, 5 जीबी डेटा प्लान,0,0
Perfect! May I please know which data plan would you like to purchase?, उत्तम! क्या मैं कृपया जान सकता हूँ कि आप कौन सा डेटा प्लान खरीदना चाहेंगे?,3,2
"Surely, which city are you moving to?"," ज़रूर, आप किस शहर में जा रहे हैं?",2,0
Alright! Is there anything else I may help you with?,ठीक है! क्या कुछ और है जिसमें मैं आपकी मदद कर सकता हूं?,2,0
"Sure, I'm here to help you out. May I know your query please?"," ज़रूर, मैं यहाँ आपकी मदद करने के लिए हूँ। क्या मैं आपका प्रश्न जान सकता हूँ?",3,0
thankyou, धन्यवाद,2,2
byer, बायर,2,0
are you there, आप वहाँ हैं,1,0
Great! Please allow me a moment to process your request., महान! कृपया मुझे आपके अनुरोध को संसाधित करने के लिए कुछ समय दें।,3,2
ok, ठीक है,2,0
Awesome! May I know the zip code of Anna Nagar please?, बहुत बढ़िया! क्या मुझे अन्ना नगर का पिन कोड पता हो सकता है?,3,2
"Awesome! Thank you for reaching out to us, hope you'll have a great day ahead! "," बहुत बढ़िया! हमसे संपर्क करने के लिए धन्यवाद, आशा है कि आगे आपका दिन बहुत अच्छा रहेगा!",3,2
Are those monthly prices?, क्या वे मासिक मूल्य हैं?,0,0
You're welcome! Would there be anything else I may assist you with?, आपका स्वागत है! क्या कुछ और होगा जिसमें मैं आपकी सहायता कर सकूं?,3,2
"Awesome! Thank you for reaching out to us, hope you'll have a great day ahead! "," बहुत बढ़िया! हमसे संपर्क करने के लिए धन्यवाद, आशा है कि आगे आपका दिन बहुत अच्छा रहेगा!",3,2
"Alright! Feel free to reach out to us when needed, it was great assisting you. Have a great day, goodbye."," ठीक है! जरूरत पड़ने पर बेझिझक हमसे संपर्क करें, यह आपकी बहुत मदद कर रहा था। आपका दिन शुभ हो, अलविदा।",3,2
Awesome! Could you please help me with the last 4 digits of your SSN number?, बहुत बढ़िया! क्या आप कृपया अपने SSN नंबर के अंतिम 4 अंकों के बारे में मेरी मदद कर सकते हैं?,3,2
Definitely! I'll be happy to help you in this regard. May I know your name and your account ID?, निश्चित रूप से! मुझे इस संबंध में आपकी मदद करने में खुशी होगी। क्या मैं आपका नाम और आपकी खाता आईडी जान सकता हूँ?,3,2
NO NEED NOW...THANKS FOR YOUR HELP, अब कोई ज़रूरत नहीं...आपकी मदद के लिए धन्यवाद,3,2
"Alright! Thanks for choosing our services, have a great day.  Feel free to reach out to us when needed, goodbye."," ठीक है! हमारी सेवाओं को चुनने के लिए धन्यवाद, आपका दिन शुभ हो। जरूरत पड़ने पर बेझिझक हमसे संपर्क करें, अलविदा।",3,2
Sure., ज़रूर।,2,0
Thank you for contacting our live chat service. I hope you have a great day ahead. Bye!,हमारी लाइव चैट सेवा से संपर्क करने के लिए धन्यवाद। मुझे आशा है कि आपके लिए आगे एक अच्छा दिन होगा। अलविदा!,3,2
"Awesome! May I know if you'd like to get a 1 GB, 5 GB, 10 GB connection?"," बहुत बढ़िया! क्या मैं जान सकता हूँ कि क्या आप 1 जीबी, 5 जीबी, 10 जीबी कनेक्शन लेना चाहते हैं?",3,2
Amazing! Would there be anything else I may assist you with?, अद्भुत! क्या कुछ और होगा जिसमें मैं आपकी सहायता कर सकूं?,3,2
okay that sounds fine, ठीक है यह ठीक लगता है,2,2
"Nice! May I know which data plan would you like to choose, 1Gb or 5Gb or 10Gb?"," अच्छा! क्या मैं जान सकता हूँ कि आप कौन सा डेटा प्लान चुनना चाहेंगे, 1Gb या 5Gb या 10Gb?",3,0
Hello there! This is Customer Executive speaking. How may I help you today?, नमस्ते! यह ग्राहक कार्यकारी बोल रहा है। आज मैं आपकी कैसे मदद कर सकता हूँ?,3,0
"You're Welcome! Have a great day, hope to assist you again. Goodbye!"," आपका स्वागत है! आपका दिन शुभ हो, आशा है कि आप फिर से मदद करेंगे। अलविदा!",3,2
Perfect! Is there anything else I may help you out with?, उत्तम! क्या कुछ और है जिसमें मैं आपकी मदद कर सकता हूं?,3,2
NO THANKS," जी नहीं, धन्यवाद",3,1
27245,27245,0,0
city - west islip  zip code - 11795, शहर - पश्चिमी द्वीप का ज़िप कोड - 11795,0,0
internet, इंटरनेट,0,0
Sure! I would like to know the name of your city and it's zip code to process the request.,ज़रूर! मैं अनुरोध को संसाधित करने के लिए आपके शहर का नाम और उसका ज़िप कोड जानना चाहता हूं।,3,0
May I please know your query?, क्या मैं कृपया आपकी क्वेरी जान सकता हूँ?,3,0
"Sure! I will be really glad to assist you with your query. To move further with your query, may I know your name and the account number, please?"," ज़रूर! मुझे आपकी क्वेरी में आपकी सहायता करने में वास्तव में खुशी होगी। आपकी पूछताछ के साथ आगे बढ़ने के लिए, क्या मैं आपका नाम और खाता संख्या जान सकता हूं, कृपया?",3,2
Sure! I will help you right away. May I know the name of your city and it's zip code please?, ज़रूर! मैं आपकी तुरंत मदद करूंगा। क्या मैं आपके शहर का नाम और उसका ज़िप कोड जान सकता हूँ?,3,2
That's fine. I'll be on the lookout for the confirmation message. Do you need any other info from me?, कोई बात नहीं। मैं पुष्टिकरण संदेश की तलाश में रहूंगा। क्या आपको मुझसे कोई अन्य जानकारी चाहिए?,3,0
"Which Data plan would you like to purchase? We have 1GB, 5GB and 10GB data packages available with us."," आप कौन सा डेटा प्लान खरीदना चाहेंगे? हमारे पास 1GB, 5GB और 10GB डेटा पैकेज उपलब्ध हैं।",3,0
ok thankyou isr., ठीक है धन्यवाद इसर।,3,0
NO, ना,1,1
Please feel free to contact us anytime. Thank you for reaching out to us. Have a great day ahead :), कृपया हमसे किसी भी समय निःसंकोच संपर्क करें। हमसे संपर्क की पहल के लिए आपका धन्यवाद। आगे एक महान दिन हो :),3,2
no need thanks for your help, आपकी मदद के लिए धन्यवाद की आवश्यकता नहीं है,3,0
"That's it, thanks."," बस इतना ही, धन्यवाद।",3,0
Yes please gohead and confirm it., हाँ कृपया आगे बढ़ें और इसकी पुष्टि करें।,3,0
I want anet connection, मुझे एनेट कनेक्शन चाहिए,1,0
Sure! Thank you for contacting D-link services in this regards. We are delighted to serve you., ज़रूर! इस संबंध में डी-लिंक सेवाओं से संपर्क करने के लिए धन्यवाद। हम आपकी सेवा करके प्रसन्न हैं।,3,2
I'll help you in installing a new internet service. May I know in which city are you residing and the zip code of your area?, मैं एक नई इंटरनेट सेवा स्थापित करने में आपकी सहायता करूंगा। क्या मैं जान सकता हूँ कि आप किस शहर में रहते हैं और आपके क्षेत्र का ज़िप कोड?,3,0
MADURAI  625009., मदुरै 625009.,0,0
my zip code 95231, मेरा ज़िप कोड 95231,1,0
Sure! Which service would you like to purchase (Internet/Cable/Phone) ?, ज़रूर! आप कौन सी सेवा (इंटरनेट/केबल/फोन) खरीदना चाहेंगे?,3,0
26353,26353,0,0
okay good bye, अच्छा चलते हैं,2,0
"Awesome! May I also know if you need the 1 GB, 5 GB, 10 GB plan for your service? "," बहुत बढ़िया! क्या मैं यह भी जान सकता हूं कि क्या आपको अपनी सेवा के लिए 1 जीबी, 5 जीबी, 10 जीबी प्लान चाहिए?",3,2
"Awesome! Thank you for reaching out to us, hope you'll have a great day ahead! "," बहुत बढ़िया! हमसे संपर्क करने के लिए धन्यवाद, आशा है कि आगे आपका दिन बहुत अच्छा रहेगा!",3,2
"i would like to sign up for new cable service, we have shifted today ","मैं नई केबल सेवा के लिए साइन अप करना चाहता हूं, हम आज स्थानांतरित हो गए हैं",3,0
1 GB, 1 जीबी,0,0
Nice! would you like to know about the tariff and validity for your selected cable data plan?, अच्छा! क्या आप अपने चुने हुए केबल डेटा प्लान के टैरिफ और वैधता के बारे में जानना चाहेंगे?,3,0
Hi, नमस्ते,2,0
"Hey! You're connected to Moon Cable Customer Service, how may I assist you today?"," अरे! आप Moon Cable ग्राहक सेवा से जुड़े हैं, मैं आज आपकी कैसे सहायता कर सकता हूँ?",3,0
i need a new cable service connection, मुझे एक नया केबल सेवा कनेक्शन चाहिए,1,0
los angel 90011, लॉस एंजेल 90011,0,0
"We are always here to serve you and help you with your concerns. I hope, I've helped you? Would that be all?"," हम हमेशा आपकी सेवा करने और आपकी चिंताओं में आपकी सहायता करने के लिए यहां हैं। मुझे आशा है, मैंने आपकी मदद की है? क्या वह सब होगा?",3,2
BYE, अलविदा,2,0
yes, हां,2,0
houston-45896, ह्यूस्टन-45896,0,0
THAN YOU.YOU ARE ALWAYS WELCOME, आप की तुलना में।आपका हमेशा स्वागत है,3,2
THANK YOU, धन्यवाद,3,2
NIce to have your assistance, आपकी सहायता के लिए अच्छा लगा,3,0
"I will surely help you out with that, but before we go ahead with the procedure could you please help me with your city name and it's zip code please?"," मैं निश्चित रूप से इसमें आपकी मदद करूंगा, लेकिन इससे पहले कि हम प्रक्रिया को आगे बढ़ाएं, क्या आप कृपया मुझे अपने शहर के नाम और उसके ज़िप कोड के साथ मदद कर सकते हैं?",3,0
Hello! How may I assist you?, नमस्ते! मैं आपकी कैसे सहायता कर सकता हूँ?,3,0
5 GB, 5 जीबी,0,0
Good Morning!, शुभ प्रभात!,3,2
"City: Kundar,,ZIP:87915."," शहर: कुंदर, ज़िप: 87915।",0,0
10 GB, 10 जीबी,0,0
All right. I've initiated a request for the 5GB data plan. You would be receiving a confirmation message regarding this along with the payment link. Is there anything else I may help you with?, ठीक है। मैंने 5GB डेटा प्लान के लिए एक अनुरोध शुरू किया है। आपको भुगतान लिंक के साथ इस संबंध में एक पुष्टिकरण संदेश प्राप्त होगा। क्या कुछ और है जिसमें मैं आपकी मदद कर सकता हूं?,3,0
"Thank you for sharing the details. We have different data plans such as 1GB, 5GB and 10GB for services like phone, internet and cable. Which one would you like to purchase?"," विवरण साझा करने के लिए धन्यवाद। हमारे पास फोन, इंटरनेट और केबल जैसी सेवाओं के लिए 1GB, 5GB और 10GB जैसे अलग-अलग डेटा प्लान हैं। आप कौन सा खरीदना चाहेंगे?",3,0
"Amazing! Could you please confirm if you'd like to get a  1 GB, 5 GB, 10 GB connection?"," अद्भुत! क्या आप कृपया पुष्टि कर सकते हैं कि क्या आप 1 जीबी, 5 जीबी, 10 जीबी कनेक्शन प्राप्त करना चाहते हैं?",3,2
Sure. I'll help you with this. Could you please help me with your name and the last four digits of the SSN?, ज़रूर। मैं इसमें आपकी मदद करूंगा। क्या आप कृपया मुझे अपने नाम और एसएसएन के अंतिम चार अंकों के साथ मदद कर सकते हैं?,3,0
" I want to purchase new cable, "," मैं नई केबल खरीदना चाहता हूं,",1,0
"Thanks for helping me with your details. As of now we are offering three data plans, 1 GB, 5 GB and 10 GB. Which one you'd like to buy?"," अपने विवरण के साथ मेरी मदद करने के लिए धन्यवाद। अभी तक हम तीन डेटा प्लान पेश कर रहे हैं, 1 जीबी, 5 जीबी और 10 जीबी। आप कौन सा खरीदना चाहेंगे?",3,0
Please restart the router once., कृपया एक बार राउटर को पुनरारंभ करें।,2,0
Hello there! You've reached AT&T. How may I assist you today?, नमस्ते! आप एटी एंड टी पर पहुंच गए हैं। आज मैं आपकी मदद किस तरह कर सकता हूँ?,3,0
that's over.  Have a good day. good bye., बस खत्म। आपका दिन शुभ हो। अलविदा।,3,0
nothing else, और कुछ नहीं,1,0
okay thanks, ठीक है शुक्रिया,3,0
byee, अलविदा,2,0
oh that's great city name is milford and zip code is 714390," ओह, महान शहर का नाम मिलफोर्ड है और ज़िप कोड 714390 है",2,2
2589,2589,0,0
35467,35467,0,0
May I know which of our service you'd like to sign up for?, क्या मैं जान सकता हूँ कि आप हमारी किस सेवा के लिए साइन अप करना चाहते हैं?,3,0
hai, हाय,2,0
I like to take a new Cable connection can you assist me what to do ?," मुझे एक नया केबल कनेक्शन लेना पसंद है, क्या आप मेरी सहायता कर सकते हैं कि क्या करना है?",3,0
purchase cable service, खरीद केबल सेवा,0,0
hi, नमस्ते,2,0
hi, नमस्ते,2,0
May I know which service would you like to purchase?, क्या मैं जान सकता हूँ कि आप कौन सी सेवा खरीदना चाहेंगे?,3,0
Thank you! May I also know the last 4 digits of the SSN., आपको धन्यवाद! क्या मैं SSN के अंतिम 4 अंक भी जान सकता हूँ।,3,0
i neet new indtemet connection, मुझे नया इंडटेमेट कनेक्शन मिल गया है,1,0
Fantastic! Our service person shall get in touch with you at the allotted time. Anything else I may help you with?,ज़बरदस्त! हमारे सेवाकर्मी आवंटित समय पर आपसे संपर्क करेंगे। कुछ और मैं आपकी मदद कर सकता हूँ?,3,2
Good Evening!, नमस्ते!,3,2
Awesome! It's great to have you as our customer. How may I assist you?, बहुत बढ़िया! आपको हमारे ग्राहक के रूप में पाकर बहुत अच्छा लगा। मैं आपकी कैसे सहायता कर सकता हूँ?,3,2
Fantastic! I've confirmed your new  5 GB internet connection and I've created an account of yours with our services. Our executives will reach you with the installation within 48 hrs. Would there be anything else that I may help you with?, ज़बरदस्त! मैंने आपके नए 5 जीबी इंटरनेट कनेक्शन की पुष्टि कर दी है और मैंने हमारी सेवाओं के साथ आपका खाता बना लिया है। हमारे अधिकारी 48 घंटे के भीतर इंस्टॉलेशन के साथ आप तक पहुंच जाएंगे। क्या कुछ और होगा जिससे मैं आपकी मदद कर सकूं?,3,2
That's a nice choice! I'd like to inform you that your requested service will be activated in the next 24-48 hours. I hope you're fine with that?, यह एक अच्छा विकल्प है! मैं आपको सूचित करना चाहता हूं कि आपकी अनुरोधित सेवा अगले 24-48 घंटों में सक्रिय हो जाएगी। मुझे आशा है कि आप इसके साथ ठीक हैं?,3,2
"Sure!  I'll be happy to assist you get the connection, could you please let me know which city you belong to and its zip code?"," ज़रूर! कनेक्शन प्राप्त करने में आपकी सहायता करने में मुझे खुशी होगी, क्या आप कृपया मुझे बता सकते हैं कि आप किस शहर से संबंधित हैं और उसका ज़िप कोड?",3,0
A very Good Morning!, एक बहुत ही शुभ प्रभात!,3,2
ok confirm sir, ओके कन्फर्म सर,2,0
Please drop your invaluable feedback by giving a missed call at 546-827-124. Good day!, कृपया 546-827-124 पर मिस्ड कॉल देकर अपनी बहुमूल्य प्रतिक्रिया दें। अच्छा दिन!,3,0
"Alright! Thanks for choosing our services, it was great assisting you. Have a nice day, goodbye."," ठीक है! हमारी सेवाओं को चुनने के लिए धन्यवाद, आपकी सहायता करके बहुत अच्छा लगा। आपका दिन शुभ हो, अलविदा।",3,2
Okay. Shall I confirm this plan then?, ठीक। क्या मैं तब इस योजना की पुष्टि करूं?,2,0
"Hello! Good morning, You've contacted D-link services. How may I assist you today?","नमस्ते! सुप्रभात, आपने डी-लिंक सेवाओं से संपर्क किया है। आज मैं आपकी मदद किस तरह कर सकता हूँ?",3,0
hai, हाय,2,0
NOTHING ELSE, और कुछ नहीं,2,0
No. Thank you so much for your help.," नहीं, आपकी मदद के लिए बहुत-बहुत धन्यवाद।",3,0
hai, हाय,2,0
Thank you for choosing us. I had a great day assisting you. Please do feel free to reach out to us for further queries. Have a nice day!, हमें चुनने के लिए धन्यवाद। आपकी सहायता करने में मेरा दिन बहुत अच्छा रहा। कृपया आगे के प्रश्नों के लिए हमसे बेझिझक संपर्क करें। आपका दिन शुभ हो!,3,2
"Hello there, Welcome to D-Link service. How may I help you today? "," नमस्ते, डी-लिंक सेवा में आपका स्वागत है। आज मैं आपकी कैसे मदद कर सकता हूँ?",3,0
no thanks," जी नहीं, धन्यवाद",3,1
"Alright! Dear user, Please be conversational we know that you are familiar with the questions. Please be patient and conversational. I hope you understand. "," ठीक है! प्रिय उपयोगकर्ता, कृपया संवादी बनें, हम जानते हैं कि आप प्रश्नों से परिचित हैं। कृपया धैर्य रखें और बातचीत करें। मुझे आशा है की तुम समझ गए होगे।",3,0
Internet, इंटरनेट,0,0
"This data plan is valid till 90 days. Once it gets expired, then you would be charged as per the premium package which is 20$ for 10GB."," यह डेटा प्लान 90 दिनों तक वैध है। एक बार जब यह समाप्त हो जाता है, तो आपसे प्रीमियम पैकेज के अनुसार शुल्क लिया जाएगा जो कि 10GB के लिए 20$ है।",2,1
Hello! Good morning. Welcome to LMT cable services. How may I help you today?, नमस्ते! सुबह बख़ैर। एलएमटी केबल सेवाओं में आपका स्वागत है। आज मैं आपकी कैसे मदद कर सकता हूँ?,3,0
"Thanks for sharing your details with me. You said you need a cable plan. We've functionality data plans, namely 1 GB, 5 GB and 10 GB. Which one you'd like to buy?"," अपना विवरण मेरे साथ साझा करने के लिए धन्यवाद। आपने कहा कि आपको केबल योजना की आवश्यकता है। हमारे पास कार्यात्मक डेटा योजनाएं हैं, अर्थात् 1 जीबी, 5 जीबी और 10 जीबी। आप कौन सा खरीदना चाहेंगे?",3,0
"Alright! Have a good day, hope to assist you in the future as well. Goodbye!"," ठीक है! आपका दिन शुभ हो, भविष्य में भी आपकी सहायता करने की आशा है। अलविदा!",3,2
Hi, नमस्ते,2,0
zip code 98653, पिन कोड 98653,0,0
internet, इंटरनेट,0,0
I'm extremely sorry to say that you've reached the wrong department. I'll only be able to help you with a new connection if you need any help in getting new connection please do let me knwo.," मुझे यह कहते हुए बहुत अफ़सोस हो रहा है कि आप गलत विभाग में पहुँच गए हैं। मैं नए कनेक्शन में आपकी मदद तभी कर पाऊंगा जब आपको नया कनेक्शन लेने में किसी तरह की मदद की जरूरत हो, कृपया मुझे बताएं।",3,1
U WILL BE THERE, आप वहां होंगे,1,0
i want 5GP plan, मुझे 5GP प्लान चाहिए,1,0
phone, फ़ोन,0,0
"All right, Thanks for showing your interest in our company. We are at your service. May I know in city do you live and the zip code as well? "," ठीक है, हमारी कंपनी में अपनी रुचि दिखाने के लिए धन्यवाद। हम आपकी सेवा के लिए हैं। क्या मुझे पता है कि आप शहर में रहते हैं और ज़िप कोड भी?",3,2
hello, नमस्ते,2,0
Great! Please allow me a moment to process your request., महान! कृपया मुझे आपके अनुरोध को संसाधित करने के लिए कुछ समय दें।,3,2
hi, नमस्ते,2,0
"I'd recommend you to go with the 5Gb data plan if the numbers of users are maximum of 3, as the data will be only enough to 3 users.","मैं आपको 5Gb डेटा प्लान के साथ जाने की सलाह दूंगा यदि उपयोगकर्ताओं की संख्या अधिकतम 3 है, क्योंकि डेटा केवल 3 उपयोगकर्ताओं के लिए पर्याप्त होगा।",3,0
Have a great day ahead and take care. Goodbye, आपका दिन अच्छा बीते और अपना ख्याल रखें। अलविदा,3,2
hi, नमस्ते,2,0
like to purchase, खरीदना पसंद है,2,0
"Thank you for the information. What service type would you like to purchase? Is it cable, internet or phone?"," जानकारी के लिए धन्यवाद। आप किस प्रकार की सेवा खरीदना चाहेंगे? क्या यह केबल, इंटरनेट या फोन है?",3,0
"Fantastic! I've confirmed your new 1 GB cable connection, Our executives will reach you with the installation within 48 hrs. And I've also created an account of yours with Net Link. Further you can check all our plans and discounts from our website i.e www.netlink.com.  "," ज़बरदस्त! मैंने आपके नए 1 जीबी केबल कनेक्शन की पुष्टि कर दी है, हमारे अधिकारी 48 घंटे के भीतर इंस्टॉलेशन के साथ आप तक पहुंच जाएंगे। और मैंने नेट लिंक से आपका अकाउंट भी बनाया है। इसके अलावा आप हमारी वेबसाइट www.netlink.com से हमारी सभी योजनाओं और छूटों की जांच कर सकते हैं।",3,2
Amazing! Please allow me a moment to process your request., अद्भुत! कृपया मुझे आपके अनुरोध को संसाधित करने के लिए कुछ समय दें।,2,2
I want to purchase internet, मुझे इंटरनेट खरीदना है,1,0
"Thanks for confirming. I've booked your connection. You'll receive an email with username and OTP. please login to our website, Update your details and make the payment. Within an hour your service will get activated and you'll be notified via email. "," पुष्टि करने के लिए धन्यवाद। मैंने आपका कनेक्शन बुक कर लिया है। आपको उपयोगकर्ता नाम और ओटीपी के साथ एक ईमेल प्राप्त होगा। कृपया हमारी वेबसाइट पर लॉग इन करें, अपना विवरण अपडेट करें और भुगतान करें। एक घंटे के भीतर आपकी सेवा सक्रिय हो जाएगी और आपको ईमेल द्वारा सूचित किया जाएगा।",3,2
i want new cable service connection, मुझे नया केबल सेवा कनेक्शन चाहिए,1,0
Nothing else,और कुछ नहीं,2,0
okay., ठीक है।,2,0
Wonderful! Would that be all?, अद्भुत! क्या वह सब होगा?,2,2
internet connection 5gb plan, इंटरनेट कनेक्शन 5GB प्लान,0,0
Is the green light on the device blinking?, क्या डिवाइस पर हरी बत्ती झपक रही है?,2,0
"Awesome! May I also know if you need the 1 GB, 5 GB, 10 GB plan for your service? "," बहुत बढ़िया! क्या मैं यह भी जान सकता हूं कि क्या आपको अपनी सेवा के लिए 1 जीबी, 5 जीबी, 10 जीबी प्लान चाहिए?",3,2
Amazing! I'd like to inform you that I've successfully confirmed your service which will be activated in the next 24-48 hours., अद्भुत! मैं आपको सूचित करना चाहता हूं कि मैंने आपकी सेवा की सफलतापूर्वक पुष्टि कर दी है जो अगले 24-48 घंटों में सक्रिय हो जाएगी।,3,2
"That's a lovely place! I'd like to inform you that in your city and area we have 1Gb data plan, 5Gb data plan and 10Gb data plan available for you. May I know which data plan would you like to choose? ","वह एक प्यारी जगह है! मैं आपको सूचित करना चाहता हूं कि आपके शहर और क्षेत्र में हमारे पास आपके लिए 1जीबी डाटा प्लान, 5जीबी डाटा प्लान और 10जीबी डाटा प्लान उपलब्ध है। क्या मैं जान सकता हूँ कि आप कौन-सा डेटा प्लान चुनना चाहेंगे?",3,2
I found my bill keeps on increasing every month. I am very much worried about it. So please change my service, मैंने पाया कि मेरा बिल हर महीने बढ़ता रहता है। मैं इसे लेकर बहुत चिंतित हूं। तो कृपया मेरी सेवा बदलें,3,1
"Alright! Just to confirm, may I know if you need a cable connection or internet service?"," ठीक है! बस पुष्टि करने के लिए, क्या मुझे पता चल सकता है कि आपको केबल कनेक्शन या इंटरनेट सेवा की आवश्यकता है?",2,0
Fantastic! I've forwarded your subscription request for 5 GB cable data plan. You will be receiving a confirmation call regarding the same within the next few hours. We hope you enjoy our service. Will there be anything else I could help you with?, ज़बरदस्त! मैंने 5 जीबी केबल डेटा प्लान के लिए आपका सब्सक्रिप्शन अनुरोध अग्रेषित कर दिया है। आपको अगले कुछ घंटों के भीतर उसी के संबंध में एक पुष्टिकरण कॉल प्राप्त होगा। हमें उम्मीद है कि आप हमारी सेवा का आनंद लेंगे। क्या कुछ और होगा जिसमें मैं आपकी मदद कर सकूं?,3,2
"That's all, thanks for your help."," बस इतना ही, आपकी मदद के लिए धन्यवाद।",3,2
Would there be anything else I could help you with?, क्या कुछ और होगा जिसमें मैं आपकी मदद कर सकूं?,2,0
Amazing! Please allow me a moment to process further., अद्भुत! कृपया मुझे आगे की प्रक्रिया के लिए एक क्षण का समय दें।,2,2
CANADA, कनाडा,0,0
"Thank you for sharing the details. We have different data plans such as 1GB, 5GB and 10GB for services like phone, internet and cable. Which one would you like to purchase?"," विवरण साझा करने के लिए धन्यवाद। हमारे पास फोन, इंटरनेट और केबल जैसी सेवाओं के लिए 1GB, 5GB और 10GB जैसे अलग-अलग डेटा प्लान हैं। आप कौन सा खरीदना चाहेंगे?",3,0
Nothing else,और कुछ नहीं,2,0
Good evening!, सुसंध्या!,3,2
"Sure! Thank you for choosing Net Link for you new cable services, I'd be glad to help you get the best services with the plans. Could you please help me with the city name and it's zip code?"," ज़रूर! आपके लिए नई केबल सेवाओं के लिए नेट लिंक चुनने के लिए धन्यवाद, योजनाओं के साथ सर्वोत्तम सेवाएं प्राप्त करने में आपकी सहायता करने में मुझे खुशी होगी। क्या आप कृपया शहर के नाम और उसके ज़िप कोड के बारे में मेरी मदद कर सकते हैं?",3,2
"07652
Paramus, NJ"," 07652 पैरामस, एनजे",0,0
"Thank you. May I know which data plan would you like to go for? (1GB, 5 GB, 10 GB) "," शुक्रिया। क्या मैं जान सकता हूँ कि आप किस डेटा प्लान के लिए जाना चाहेंगे? (1 जीबी, 5 जीबी, 10 जीबी)",3,0
hai, हाय,2,0
HII, HII,2,0
What's the wait time?, प्रतीक्षा समय क्या है?,0,0
Hello there! How may I help you today?, नमस्ते! आज मैं आपकी कैसे मदद कर सकता हूँ?,3,0
wa and 89246, वा और 89246,0,0
"Superb! Could you please share the type of plan you'd choose among 1 GB, 5 GB and 10 GB?"," शानदार! क्या आप कृपया 1 जीबी, 5 जीबी और 10 जीबी के बीच चुने गए प्लान के प्रकार को साझा कर सकते हैं?",3,2
"I apologize, may I know your query please? "," मैं क्षमा चाहता हूँ, क्या मैं आपकी क्वेरी जान सकता हूँ?",3,0
please upgrade my service how?,कृपया मेरी सेवा को कैसे अपग्रेड करें?,3,0
PLATINUM, प्लैटिनम,0,0
Thank you for choosing our services. I had a good time assisting you. Please feel free to reach out to us for further queries. Have a nice day!,हमारी सेवाओं को चुनने के लिए धन्यवाद। मेरे पास आपकी सहायता करने का अच्छा समय था। कृपया आगे के प्रश्नों के लिए हमसे बेझिझक संपर्क करें। आपका दिन शुभ हो!,3,2
no thanks," जी नहीं, धन्यवाद",3,1
hai, हाय,2,0
please cancel my service, कृपया मेरी सेवा रद्द करें,2,1
"Thank you for sharing the details. We have different data plans like 5GB, 10GB, 1GB. Which one would you like to purchase?"," विवरण साझा करने के लिए धन्यवाद। हमारे पास 5GB, 10GB, 1GB जैसे अलग-अलग डेटा प्लान हैं। आप कौन सा खरीदना चाहेंगे?",3,0
Awesome! I'd be glad to help you with that. May I know the name of your city please?, बहुत बढ़िया! मुझे इसमें आपकी मदद करने में खुशी होगी। क्या मैं आपके शहर का नाम जान सकता हूँ?,3,2
k if i select 10 gb now and in future i want 5gb only means shall i change my plan, k अगर मैं अभी 10 gb का चयन करता हूं और भविष्य में मुझे 5GB चाहिए तो इसका मतलब है कि क्या मैं अपना प्लान बदल सकता हूं,2,0
no thanks," जी नहीं, धन्यवाद",3,1
no thanks," जी नहीं, धन्यवाद",3,1
Good morning! You've reached Net link Media/Cable Services. How may I help you today?, सुबह बख़ैर! आप नेट लिंक मीडिया/केबल सेवाओं पर पहुंच गए हैं। आज मैं आपकी कैसे मदद कर सकता हूँ?,3,0
Hey there! Good morning! You've been connected to Cable Hub Customer Service. How may I help you today?,सुनो! सुबह बख़ैर! आपको केबल हब ग्राहक सेवा से कनेक्ट कर दिया गया है. आज मैं आपकी कैसे मदद कर सकता हूँ?,3,0
ok, ठीक है,2,0
hai, हाय,2,0
"Sure! Not a problem, however as you're not a part of the above category there's no discounts and promotions available. "," ज़रूर! कोई समस्या नहीं है, हालांकि चूंकि आप उपरोक्त श्रेणी का हिस्सा नहीं हैं, इसलिए कोई छूट और प्रचार उपलब्ध नहीं है।",2,1
yes ww001@e-mail.com, हाँ ww001@e-mail.com,2,0
thank you have a nice day, धन्यवाद आपका दिन अच्छा है,3,2
Hey there! Good morning! I hope you're having a good day. How may I help you today?, सुनो! सुबह बख़ैर! मुझे आशा है कि आपका दिन अच्छा बीतेगा। आज मैं आपकी कैसे मदद कर सकता हूँ?,3,2
10 gb plan, 10 जीबी प्लान,0,0
"Perfect! May I please know which data plan would you like to purchase? We offer 1 GB, 5 GB and 10 GB plans."," उत्तम! क्या मैं कृपया जान सकता हूँ कि आप कौन सा डेटा प्लान खरीदना चाहेंगे? हम 1 जीबी, 5 जीबी और 10 जीबी प्लान पेश करते हैं।",3,2
no thanks," जी नहीं, धन्यवाद",3,1
"Definitely! I'll do that for you. Before, that could you please help me with the city name and it's zip code?"," निश्चित रूप से! मैं तुम्हारे लिए यह करूँगा। इससे पहले, क्या आप कृपया मुझे शहर के नाम और उसके ज़िप कोड के साथ मदद कर सकते हैं?",3,2
"Thank you for confirming. I've created your new account and shared your details with my team, Quite soon, they'll contact you and proceed with the installation process. I'm positive that within two hours your service will get activated. "," पुष्टि करने के लिए शुक्रिया। मैंने आपका नया खाता बना लिया है और अपनी टीम के साथ आपका विवरण साझा किया है, बहुत जल्द, वे आपसे संपर्क करेंगे और स्थापना प्रक्रिया के साथ आगे बढ़ेंगे। मुझे विश्वास है कि दो घंटे के भीतर आपकी सेवा सक्रिय हो जाएगी।",3,2
"My pleasure! Thank you for reaching out to us, please feel free to reach out to us for further concerns. Have an awesome day ahead!","मेरा सौभाग्य! हमसे संपर्क करने के लिए धन्यवाद, कृपया आगे की चिंताओं के लिए हमसे बेझिझक संपर्क करें। आगे का दिन शानदार हो!",3,2
OKAY BYE, ठीक है अलविदा,2,0
5GB, 5GB,0,0
Hello Robin! Are we still connected?, हैलो रॉबिन! हम अभी भी जुड़े हैं?,3,0
I WANT TO NEW INTERNET CONNECTION,मुझे नया इंटरनेट कनेक्शन चाहिए,1,0
Hello! How may I assist you?, नमस्ते! मैं आपकी कैसे सहायता कर सकता हूँ?,3,0
okay good bye, अच्छा चलते हैं,2,0
"I'm glad that was helpful, is there anything else I may help you with? "," मुझे खुशी है कि यह मददगार था, क्या कुछ और है जिसमें मैं आपकी मदद कर सकता हूं?",3,2
yes, हां,2,0
nothing sir, कुछ नहीं सर,2,0
like to purchase, खरीदना पसंद है,2,0
NOTHING ELSE, और कुछ नहीं,2,0
INTERNET, इंटरनेट,0,0
"Hey! Good morning, You've reached D-link customer service. How may I assist you today?"," अरे! सुप्रभात, आप डी-लिंक ग्राहक सेवा तक पहुँच चुके हैं। आज मैं आपकी मदद किस तरह कर सकता हूँ?",3,0
54852,54852,0,0
like to purchase, खरीदना पसंद है,2,2
"Nothing else, Thank you for your information. Have a nice day to chat with you. "," और कुछ नहीं, आपकी जानकारी के लिए धन्यवाद। आपके साथ चैट करने के लिए एक अच्छा दिन है।",3,0
Alright! Is there anything else I may help you with?,ठीक है! क्या कुछ और है जिसमें मैं आपकी मदद कर सकता हूं?,2,0
"Alright!  We are always here to help you with any issues relating to cable/media, looking forward to connect back. Have a nice day!
"," ठीक है! केबल/मीडिया से संबंधित किसी भी मुद्दे पर आपकी मदद करने के लिए हम हमेशा यहां मौजूद हैं, वापस जुड़ने के लिए तत्पर हैं। आपका दिन शुभ हो!",2,2
Perfect! May I know if you would like a summarized bill or a separate bill for a particular service?, उत्तम! क्या मैं जान सकता हूँ कि क्या आप एक संक्षिप्त बिल या किसी विशेष सेवा के लिए एक अलग बिल चाहते हैं?,3,2
"I'm glad that was helpful, thank you for choosing us. Have a great day ahead!"," मुझे खुशी है कि यह मददगार था, हमें चुनने के लिए धन्यवाद। आगे एक महान दिन हो!",3,2
"Awesome! Thanks for reaching out to us, hope you'll have a great day ahead. "," बहुत बढ़िया! हमसे संपर्क करने के लिए धन्यवाद, आशा है कि आपका आने वाला दिन बहुत अच्छा होगा।",3,2
ok, ठीक है,2,0
Amazing! Would you mind sharing it's zip code also?, अद्भुत! क्या आप इसका ज़िप कोड भी साझा करना चाहेंगे?,3,2
No.., नहीं..,1,1
i want to purchase internet, मुझे इंटरनेट खरीदना है,1,0
ZIP-14586, ज़िप-14586,0,0
"That's amazing! May I know if you serve the Air Force, the army, the navy or the national guard? "," वह आश्चर्यजनक है! क्या मुझे पता चलेगा कि आप वायु सेना, सेना, नौसेना या राष्ट्रीय गार्ड की सेवा करते हैं?",3,2
"Thanks for being so cooperative, I've processed your request and signed you up for the service you opted for. Hope I've cleared all of your queries?"," इतना सहयोग करने के लिए धन्यवाद, मैंने आपके अनुरोध को संसाधित कर लिया है और आपके द्वारा चुनी गई सेवा के लिए आपको साइन अप कर लिया है। आशा है कि मैंने आपके सभी प्रश्नों का समाधान कर दिया है?",3,2
"Hi, my name is Casey. How may I help you today?"," नमस्ते, मेरा नाम केसी है। आज मैं आपकी कैसे मदद कर सकता हूँ?",3,0
"Thank you! For the phone packages we have  (1GB, 5 GB, 10 GB) which are $5, $10 and $29 respectively. Could you now please go ahead and choose a package for yourself?","आपको धन्यवाद! फोन पैकेज के लिए हमारे पास (1GB, 5GB, 10GB) हैं जो क्रमशः $5, $10 और $29 हैं। क्या अब आप कृपया आगे बढ़ सकते हैं और अपने लिए एक पैकेज चुन सकते हैं?",3,2
Have a great day ahead and take care. Goodbye, आपका दिन अच्छा बीते और अपना ख्याल रखें। अलविदा,3,2
ok, ठीक है,2,0
i need zip code is 58942, मुझे ज़िप कोड चाहिए 58942,1,0
"Thank you for sharing the details. We have different data plans such as 1GB, 5GB and 10GB for services like phone, internet and cable. Which one would you like to purchase?"," विवरण साझा करने के लिए धन्यवाद। हमारे पास फोन, इंटरनेट और केबल जैसी सेवाओं के लिए 1GB, 5GB और 10GB जैसे अलग-अलग डेटा प्लान हैं। आप कौन सा खरीदना चाहेंगे?",3,0
yes, हां,2,0
Hi, नमस्ते,2,0
shall i need to pay any initial amount for this, क्या मुझे इसके लिए कोई प्रारंभिक राशि का भुगतान करना होगा?,2,0
"Definitely! I'll be glad to help you, may I please know your city and it's zip code?"," निश्चित रूप से! मुझे आपकी मदद करने में खुशी होगी, क्या मैं आपका शहर और उसका ज़िप कोड जान सकता हूँ?",3,2
"Awesome! Thanks for reaching out to us, hope you'll have a wonderful day ahead. "," बहुत बढ़िया! हमसे संपर्क करने के लिए धन्यवाद, आशा है कि आगे आपका दिन शानदार रहेगा।",3,2
ok and the price of the plan ?, ठीक है और योजना की कीमत?,2,0
Okay. Please allow me a minute to get this done for you., ठीक। कृपया मुझे यह आपके लिए करने के लिए एक मिनट का समय दें।,2,0
I would like to get some cable please., कृपया मुझे कुछ केबल चाहिए।,3,0
Hey there! Good morning. Welcome to LMT cable services. How may I assist you?,सुनो! सुबह बख़ैर। एलएमटी केबल सेवाओं में आपका स्वागत है। मैं आपकी कैसे सहायता कर सकता हूँ?,3,0
no, नहीं,1,1
Okay. Would you like me to confirm this plan?, ठीक। क्या आप चाहते हैं कि मैं इस योजना की पुष्टि करूं?,3,0
ENOUGH, पर्याप्त,1,1
"Great, Thank you so much for your help, nothing more "," बढ़िया, आपकी मदद के लिए बहुत-बहुत धन्यवाद, और कुछ नहीं",3,2
i want new cable service, मुझे नई केबल सेवा चाहिए,1,0
kolkata 545413, कोलकाता 545413,2,0
"Awesome! Thank you for the details. We have 1 GB, 5 GB and 10 GB data plans for our cable services. Which one of these would you prefer?"," बहुत बढ़िया! विवरण के लिए धन्यवाद। हमारी केबल सेवाओं के लिए हमारे पास 1 जीबी, 5 जीबी और 10 जीबी डेटा प्लान हैं। आप इनमें से किसे पसंद करेंगे?",3,2
"You are most welcome dear customer! Thank you for choosing our service! For any query, feel free to call us anytime on our toll free number. We are always here at your service!"," आपका हार्दिक स्वागत है प्रिय ग्राहक! हमारी सेवा चुनने के लिए धन्यवाद! किसी भी प्रश्न के लिए, हमारे टोल फ्री नंबर पर हमें कभी भी कॉल करने में संकोच न करें। हम हमेशा आपकी सेवा में हैं!",3,2
276486,276486,0,0
kerala, केरल,2,0
I WANT TO PURCHASE INTERNET, मुझे इंटरनेट खरीदना है,1,0
Have a great day and take care. Goodbye, आपका दिन अच्छा रहे और अपना ख्याल रखें। अलविदा,2,2
"Sure! I'll be glad to help you in this, may I please know the name of your city and it's zip code?"," ज़रूर! मुझे इसमें आपकी मदद करने में खुशी होगी, क्या मैं आपके शहर का नाम और उसका ज़िप कोड जान सकता हूं?",3,0
"Here it is- 10GB costs you $25 per month. Once you have completed 6 months connection with us, we offer you discounts.","यहाँ यह है- 10GB की कीमत आपको $25 प्रति माह है। एक बार जब आप हमारे साथ 6 महीने का कनेक्शन पूरा कर लेते हैं, तो हम आपको छूट प्रदान करते हैं।",0,0
Texas 73310, टेक्सास 73310,0,0
10 gb, 10 जीबी,0,0
no, नहीं,1,1
immediately i like to activate, तुरंत मुझे सक्रिय करना पसंद है,2,2
You're welcome! Would there be anything else I may assist you with?, आपका स्वागत है! क्या कुछ और होगा जिसमें मैं आपकी सहायता कर सकूं?,3,2
"Indeed, the best plan we offer! Could you please confirm the city and it's zip code?"," वास्तव में, सबसे अच्छी योजना जो हम पेश करते हैं! क्या आप कृपया शहर और उसके ज़िप कोड की पुष्टि कर सकते हैं?",3,2
"Perfect! Thank you for the details! We have 1 GB, 5 GB and 10 GB internet data plans for you. Which of these data plans, would you like to sign up for?"," उत्तम! विवरण के लिए धन्यवाद! हमारे पास आपके लिए 1 जीबी, 5 जीबी और 10 जीबी इंटरनेट डेटा प्लान हैं। आप इनमें से किस डेटा प्लान के लिए साइन अप करना चाहेंगे?",3,2
melur 625102, मेलूर 625102,0,0
nothing else, और कुछ नहीं,1,0
no thanks," जी नहीं, धन्यवाद",3,1
"yes, Activate"," हाँ, सक्रिय करें",2,0
hellw good morning, नमस्ते सुप्रभात,2,2
"Perfect! I'd like to inform you that as of now we are providing 3 different data plans for your service which are, 1Gb data plan, 5Gb data plan and 10Gb data plan. May I know which data plan would you prefer? "," उत्तम! मैं आपको सूचित करना चाहता हूं कि अब तक हम आपकी सेवा के लिए 3 अलग-अलग डेटा प्लान प्रदान कर रहे हैं, जो हैं, 1Gb डेटा प्लान, 5Gb डेटा प्लान और 10Gb डेटा प्लान। क्या मैं जान सकता हूँ कि आप कौन-सा डेटा प्लान पसंद करेंगे?",3,2
"i want to purchase new cable,"," मैं नई केबल खरीदना चाहता हूँ,",1,0
cable, केबल,0,0
ok, ठीक है,2,0
my city name is Chicago my zip code is 60601, मेरे शहर का नाम शिकागो है मेरा ज़िप कोड 60601 है,2,0
Fantastic! I've confirmed your 10 GB phone connection with Net Link services. Our executives will reach you within 48hrs for the installation. Would there be anything else that I may help you with?, ज़बरदस्त! मैंने नेट लिंक सेवाओं के साथ आपके 10 जीबी फोन कनेक्शन की पुष्टि की है। स्थापना के लिए हमारे अधिकारी 48 घंटे के भीतर आप तक पहुंचेंगे। क्या कुछ और होगा जिससे मैं आपकी मदद कर सकूं?,3,2
no thanks," जी नहीं, धन्यवाद",3,1
Awesome! Could you please help me with your city name and the zip code?, बहुत बढ़िया! क्या आप कृपया मुझे अपने शहर के नाम और ज़िप कोड के साथ मदद कर सकते हैं?,3,2
"Alright! I have created an account on your name and also updated the details about your plan as well. Our associate would visit you shortly and help you with the service installation. Now, Is there any other query you want me to help you with for today?","ठीक है! मैंने आपके नाम पर एक खाता बनाया है और साथ ही आपकी योजना के बारे में विवरण भी अपडेट किया है। हमारे सहयोगी शीघ्र ही आपसे मिलने आएंगे और सेवा स्थापना में आपकी सहायता करेंगे। अब, क्या कोई अन्य प्रश्न है जो आप चाहते हैं कि मैं आज के लिए आपकी सहायता करूँ?",3,0
"Perfect! We provide 3 various data plans in your city which are, 1Gb data plan, 5Gb data plan and 10Gb data plan. May I know which data plan would you like to purchase? "," उत्तम! हम आपके शहर में 3 विभिन्न डेटा प्लान प्रदान करते हैं, जो हैं, 1Gb डेटा प्लान, 5Gb डेटा प्लान और 10Gb डेटा प्लान। क्या मैं जान सकता हूँ कि आप कौन सा डेटा प्लान खरीदना चाहेंगे?",3,2
10GB CABLE, 10GB केबल,0,0
madurai, मदुरै,0,0
hai, हाय,2,0
I got all information about this plan.,मुझे इस योजना के बारे में पूरी जानकारी मिली है।,2,0
"Awesome! I'll definitely guide you in buying the best internet plan. To proceed further, may I know the name of your city and its zip code, please?"," बहुत बढ़िया! मैं निश्चित रूप से सर्वश्रेष्ठ इंटरनेट प्लान खरीदने में आपका मार्गदर्शन करूंगा। आगे बढ़ने के लिए, क्या मैं आपके शहर का नाम और उसका ज़िप कोड जान सकता हूँ?",3,2
Good morning! You've reached Net link Media/Cable Services. How may I help you today?, सुबह बख़ैर! आप नेट लिंक मीडिया/केबल सेवाओं पर पहुंच गए हैं। आज मैं आपकी कैसे मदद कर सकता हूँ?,3,0
usa, अमेरीका,0,0
NO THANKS," जी नहीं, धन्यवाद",3,1
I hope all your queries are cleared?,मुझे आशा है कि आपके सभी प्रश्न साफ़ हो गए हैं?,3,0
okay, ठीक है,2,0
thankyou sir, धन्यवाद महोदय,3,2
565626,565626,0,0
Great! Is there anything else that I may help you with?, महान! क्या कुछ और है जिसमें मैं आपकी मदद कर सकता हूं?,3,2
fine, ठीक,1,2
i want cable service, मुझे केबल सेवा चाहिए,1,0
"Ok, I wait for your information.OK"," ठीक है, मैं आपकी जानकारी की प्रतीक्षा करता हूँ।ठीक है",2,0
"Okay how about this, I'll provide you a 10% off on your next monthly bill and also make sure that you'll be receiving some new offers as soon as possible? "," ठीक है, इसके बारे में, मैं आपको आपके अगले मासिक बिल पर 10% की छूट प्रदान करूंगा और यह भी सुनिश्चित करूंगा कि आपको जल्द से जल्द कुछ नए ऑफ़र प्राप्त होंगे?",2,2
Hello! Welcome to AT&T Customer Service. How may I help you today?, नमस्ते! एटी एंड टी ग्राहक सेवा में आपका स्वागत है। आज मैं आपकी कैसे मदद कर सकता हूँ?,3,0
"You're most welcome! Perfect! Would there be anything else apart from this, I may help you with?"," आपका स्वागत है! उत्तम! क्या इसके अलावा और कुछ होगा, मैं आपकी मदद कर सकता हूँ?",3,2
i want a new cable service, मुझे एक नई केबल सेवा चाहिए,1,0
"Hello! Good morning, Welcome to media cable services. How may I help you today?"," नमस्ते! सुप्रभात, मीडिया केबल सेवाओं में आपका स्वागत है। आज मैं आपकी कैसे मदद कर सकता हूँ?",3,0
like to purchase, खरीदना पसंद है,2,0
"Sure! Thank you for choosing Net Link for you new cable/media service, we serve the best plans for our customers at a very feasible amount. And, I'll be happy to help you in this regard. May I know the city you live in and it's zip code?","ज़रूर! आपके लिए नई केबल/मीडिया सेवा के लिए नेट लिंक चुनने के लिए धन्यवाद, हम अपने ग्राहकों के लिए बहुत ही व्यवहार्य राशि पर सर्वोत्तम योजनाएं प्रदान करते हैं। और, मुझे इस संबंध में आपकी सहायता करने में खुशी होगी। क्या मैं उस शहर को जान सकता हूँ जिसमें आप रहते हैं और उसका ज़िप कोड है?",3,2
"
I WANT TO PURCHASE INTERNET", मुझे इंटरनेट खरीदना है,1,0
Fantastic! Thanks for reaching out to us. Have a great day ahead. We look forward for long and successful association. :), ज़बरदस्त! हमसे संपर्क करने के लिए धन्यवाद। आगे एक महान दिन हो। हम लंबे और सफल जुड़ाव की आशा करते हैं। :),3,2
"Surely, I'll assist you with it. Could you share the city and the zip code?"," ज़रूर, मैं इसमें आपकी मदद करूँगा। क्या आप शहर और पिन कोड साझा कर सकते हैं?",3,0
My city Boston and my zip code 02101, मेरा शहर बोस्टन और मेरा ज़िप कोड 02101,2,0
"Sure! If you happen to exceed the data usage limit, first You'll be notified prior about this. later, we'll add extra data into your account and you will be charged for the extra data. "," ज़रूर! यदि आप डेटा उपयोग की सीमा को पार कर जाते हैं, तो पहले आपको इसके बारे में सूचित किया जाएगा। बाद में, हम आपके खाते में अतिरिक्त डेटा जोड़ देंगे और आपसे अतिरिक्त डेटा के लिए शुल्क लिया जाएगा।",2,1
Okay sure!, पक्का निश्चित!,2,0
Hello. Welcome to Tarro cables. How may I help you today?, नमस्ते। टैरो केबल्स में आपका स्वागत है। आज मैं आपकी कैसे मदद कर सकता हूँ?,3,0
"Sure, would you need anything else?","ज़रूर, क्या आपको और कुछ चाहिए?",3,0
Thank you for choosing us. I had a great day assisting you. Please do feel free to reach out to us for further queries. Have a nice day!, हमें चुनने के लिए धन्यवाद। आपकी सहायता करने में मेरा दिन बहुत अच्छा रहा। कृपया आगे के प्रश्नों के लिए हमसे बेझिझक संपर्क करें। आपका दिन शुभ हो!,3,2
"Thanks for sharing your details. We are offering 1 GB, 5 GB and 10 GB data plans. May I know which one you'd like to buy?","अपना विवरण साझा करने के लिए धन्यवाद। हम 1 जीबी, 5 जीबी और 10 जीबी डेटा प्लान दे रहे हैं। क्या मैं जान सकता हूँ कि आप किसे खरीदना चाहेंगे?",3,0
ok thanks 4 help, ठीक है धन्यवाद 4 मदद,3,2
Hello! Welcome to Prodesk cable services. How may I help you today?, नमस्ते! प्रोडेस्क केबल सेवाओं में आपका स्वागत है। आज मैं आपकी कैसे मदद कर सकता हूँ?,3,0
Charlie are we connected?, चार्ली क्या हम जुड़े हुए हैं?,0,0
Hello. Welcome to Tarro cables. How may I help you today?, नमस्ते। टैरो केबल्स में आपका स्वागत है। आज मैं आपकी कैसे मदद कर सकता हूँ?,3,0
canada, कनाडा,0,0
yes, हां,2,0
Good day! You're connected to D-link media services. How may I assist you today?, अच्छा दिन! आप डी-लिंक मीडिया सेवाओं से जुड़े हैं। आज मैं आपकी मदद किस तरह कर सकता हूँ?,3,0
3976,3976,0,0
Superb! 10 GB internet data plan will cost you $10 and the validity will be upto 90 days. The internet speed will be 21.1 megabits per second., शानदार! 10 जीबी इंटरनेट डेटा प्लान की कीमत आपको $ 10 होगी और वैधता 90 दिनों तक होगी। इंटरनेट की स्पीड 21.1 मेगाबिट प्रति सेकेंड होगी।,2,2
All done. Thanks for your assistance. Have a wonderful day ahead. GOod bye, सब कुछ कर दिया। सहयता के लिए धन्यवाद। आगे एक शानदार दिन हो। अलविदा,3,2
I hope we are still connected?, मुझे आशा है कि हम अभी भी जुड़े हुए हैं?,2,0
okay, ठीक है,2,0
hi, नमस्ते,2,0
SSN 6563, एसएसएन 6563,0,0
"Good news! I'd like to inform you that, I've confirmed you new 10 GB internet connection. Our executives will reach you within 48 hrs for the installation. Is there anything else that I may help you with?"," खुशखबरी! मैं आपको सूचित करना चाहता हूं कि, मैंने आपको नए 10 जीबी इंटरनेट कनेक्शन की पुष्टि की है। स्थापना के लिए हमारे अधिकारी 48 घंटे के भीतर आप तक पहुंचेंगे। क्या कुछ और है जिसमें मैं आपकी मदद कर सकता हूं?",3,2
Internet, इंटरनेट,0,0
I need 5 GB data plan., मुझे 5 जीबी डेटा प्लान चाहिए।,1,0
I WANT TO PURCHASE INTERNET, मुझे इंटरनेट खरीदना है,1,0
i wand to purchase internet service, मैं इंटरनेट सेवा खरीदना चाहता हूँ,1,0
HAI, हाई,2,0
Anchorage 99501, एंकरेज 99501,0,0
"We offer three data plans 1 GB, 5 GB and 10 GB. The 10 GB plan is the best. Which one would you like?"," हम तीन डेटा प्लान 1 जीबी, 5 जीबी और 10 जीबी देते हैं। 10 जीबी वाला प्लान सबसे अच्छा है। आप कौन सा पसंद करेंगे?",3,0
"Hello! Welcome to V-Fiber net cable/media services, how may I help you with?"," नमस्ते! वी-फाइबर नेट केबल/मीडिया सेवाओं में आपका स्वागत है, मैं आपकी कैसे मदद कर सकता हूं?",3,0
CAN YOU PROVIDE THE PLAN DETAILS, क्या आप योजना विवरण प्रदान कर सकते हैं,2,0
ok, ठीक है,2,0
"NO THANKS,BYE."," नहीं धन्यवाद, अलविदा।",3,1
"Great, I'd also like to inform that 5 GB cable data plan will cost $15 per month. Is that okay?"," बढ़िया, मैं यह भी बताना चाहूंगा कि 5 जीबी केबल डेटा प्लान की कीमत $15 प्रति माह होगी। क्या ये ठीक है?",3,0
no thanks," जी नहीं, धन्यवाद",3,1
canada, कनाडा,0,0
NEW YORK CITY, न्यूयॉर्क शहर,0,0
"Could you please help me with your details i.e., with your city and zipcode?","क्या आप कृपया मुझे अपने विवरण के साथ, अपने शहर और ज़िप कोड के साथ मदद कर सकते हैं?",3,0
I want to upgrade my Internet service, मैं अपनी इंटरनेट सेवा को अपग्रेड करना चाहता/चाहती हूं,2,0
I receive enough information about this data plan., मुझे इस डेटा योजना के बारे में पर्याप्त जानकारी प्राप्त होती है।,2,0
8101,8101,0,0
i need new cable connection, मुझे नया केबल कनेक्शन चाहिए,1,0
yes, हां,2,0
"I'm looking for a new service, can you please help me with it"," मैं एक नई सेवा की तलाश में हूं, क्या आप इसमें मेरी मदद कर सकते हैं",3,0
GO FOR IT., इसके लिए जाओ।,0,2
"Sure! I'll be able to help you in this, may I please know your name and email address?"," ज़रूर! मैं इसमें आपकी मदद कर सकूंगा, क्या मैं आपका नाम और ईमेल पता जान सकता हूं?",3,0
i would like to sign up new cable service, मैं नई केबल सेवा साइन अप करना चाहूंगा,2,0
yes okay, हाँ ठीक है,2,0
no thanks," जी नहीं, धन्यवाद",3,1
"Hello! I hope you're having a good day. Welcome to D-link cable services, How may I assist you today? "," नमस्ते! मुझे आशा है कि आपका दिन अच्छा बीतेगा। डी-लिंक केबल सेवाओं में आपका स्वागत है, मैं आज आपकी कैसे सहायता कर सकता हूं?",3,0
"No, Thanks."," जी नहीं, धन्यवाद।",3,0
hai, हाय,2,0
"Hello! Good morning, Welcome to media cable services. How may I help you today?"," नमस्ते! सुप्रभात, मीडिया केबल सेवाओं में आपका स्वागत है। आज मैं आपकी कैसे मदद कर सकता हूँ?",3,0
i need a new cable service connection, मुझे एक नया केबल सेवा कनेक्शन चाहिए,1,0
bye, अलविदा,2,0
canada, कनाडा,0,0
sign for new connection, नए कनेक्शन के लिए साइन,0,0
Hi! Welcome to Universal cable customer care services. How may I help you?, नमस्ते! यूनिवर्सल केबल कस्टमर केयर सर्विसेज में आपका स्वागत है। क्या मेरे द्वारा आपकी कोई सहायता हो सकती है?,3,0
All right! Could you please inform the GB your interested in purchasing?, ठीक है! क्या आप कृपया जीबी को खरीदारी में अपनी रुचि के बारे में सूचित कर सकते हैं?,3,0
5GB PLAN, 5GB योजना,0,0
You're welcome! Would there be anything else I may assist you with?, आपका स्वागत है! क्या कुछ और होगा जिसमें मैं आपकी सहायता कर सकूं?,3,2
Would there be anything else I may help you with?, क्या कुछ और होगा जिसमें मैं आपकी मदद कर सकूं?,2,0
"Thank you for reaching Net Link, We are always here to help you any issues relating to cable/media. Goodbye!"," नेट लिंक तक पहुंचने के लिए धन्यवाद, केबल/मीडिया से संबंधित किसी भी मुद्दे की सहायता के लिए हम हमेशा यहां हैं। अलविदा!",3,2
ok thank you, ठीक है धन्यवाद,3,0
"Thanks for waiting, I've processed your request and signed you up for the service you can now enjoy it's benefits. Anything else I may help you in?"," प्रतीक्षा करने के लिए धन्यवाद, मैंने आपके अनुरोध को संसाधित कर लिया है और आपको उस सेवा के लिए साइन अप कर लिया है जिसका अब आप लाभ उठा सकते हैं। कुछ और मैं आपकी मदद कर सकता हूँ?",3,2
"As there is no reply, I'll be forced to end this chat. Thank you. We appreciate your contact. ","जैसा कि कोई उत्तर नहीं है, मुझे इस चैट को समाप्त करने के लिए मजबूर किया जाएगा। शुक्रिया। हम आपके संपर्क की सराहना करते हैं।",3,1
"That's great! I'll definitely help you with your request. To proceed further, may I know the name of your city and its zip code, please?"," एक दम बढ़िया! मैं निश्चित रूप से आपके अनुरोध में आपकी मदद करूंगा। आगे बढ़ने के लिए, क्या मैं आपके शहर का नाम और उसका ज़िप कोड जान सकता हूँ?",3,2
I Would like to sign up for new service., मैं नई सेवा के लिए साइन अप करना चाहूंगा।,2,0
Surely. May I know the city and it's zip code please?, निश्चित रूप से। क्या मैं शहर और उसका ज़िप कोड जान सकता हूँ?,3,0
"I'll surely help you with that, could you please help me with the name of the city and the zip code? "," मैं निश्चित रूप से इसमें आपकी मदद करूंगा, क्या आप कृपया शहर के नाम और ज़िप कोड के साथ मेरी मदद कर सकते हैं?",3,0
Thanks for having a live chat. We look forward to help you again. Good bye!, लाइव चैट करने के लिए धन्यवाद। हम फिर से आपकी मदद करने के लिए तत्पर हैं। अलविदा!,3,2
"Thanks. You can choose from these suitable for all - data plan from 10Gb, 5GB and 1GB?"," धन्यवाद। आप इनमें से सभी के लिए उपयुक्त - 10Gb, 5GB और 1GB से डेटा प्लान चुन सकते हैं?",3,2
ok, ठीक है,2,0
no thanks," जी नहीं, धन्यवाद",3,1
$100, $100,0,0
u done a good job, आपने अच्छा काम किया,1,2
above said, ऊपर कहा,0,0
ok, ठीक है,2,0
Hey there! Good morning. You've reached LMT cable services. How may I assist you?, सुनो! सुबह बख़ैर। आप LMT केबल सेवाओं तक पहुँच चुके हैं। मैं आपकी कैसे सहायता कर सकता हूँ?,3,0
Amazing!! I'm glad I could resolve your query. Thanks for reaching out to us. It was amazing talking to you. Have a great day ahead! :), अद्भुत!! मुझे खुशी है कि मैं आपकी क्वेरी का समाधान कर सका। हमसे संपर्क करने के लिए धन्यवाद। आपसे बात करना अद्भुत था। आगे एक महान दिन हो! :),3,2
"That's great! We provide cable, internet and phone services. Which one of these services would you like to purchase?"," एक दम बढ़िया! हम केबल, इंटरनेट और फोन सेवाएं प्रदान करते हैं। आप इनमें से कौन सी सेवा खरीदना चाहेंगे?",3,2
Sure! I'll assist you in the best possible manner. Could you help us locate you by sharing the city and the zip code?,ज़रूर! मैं आपकी हर संभव मदद करूंगा। क्या आप शहर और ज़िप कोड साझा करके आपको ढूंढने में हमारी सहायता कर सकते हैं?,3,0
"cancel your service.amount level high
", अपनी सेवा रद्द करें।राशि स्तर उच्च,2,1
Alright! Please allow me a moment to proceed further., ठीक है! कृपया मुझे आगे बढ़ने के लिए एक क्षण का समय दें।,2,0
I need 5 GB data plan, मुझे 5 जीबी डेटा प्लान चाहिए,1,0
NEW YORK 10047, न्यू यॉर्क 10047,0,0
mumbai, मुंबई,0,0
Good morning!, सुबह बख़ैर!,3,2
Bye, अलविदा,2,0
"i want a new cable service
", मुझे एक नई केबल सेवा चाहिए,1,0
hai, हाय,2,0
zip code:80222, ज़िप कोड:80222,0,0
Thank you for reaching out to us. Good day!, हमसे संपर्क की पहल के लिए आपका धन्यवाद। अच्छा दिन!,3,2
"No thanks, i got all information."," नहीं धन्यवाद, मुझे सारी जानकारी मिल गई है।",3,0
"Congratulations! Your new 1 GB internet  connection is confirmed were our executives will reach you within 2-3 days for the installation. You are now a part of Net Link cable/media services, and I've also created an account of your with us, for any further queries you can look up to our website i.e www.netlink.com. "," बधाई हो! आपके नए 1 जीबी इंटरनेट कनेक्शन की पुष्टि हो गई है, हमारे अधिकारी इंस्टॉलेशन के लिए 2-3 दिनों के भीतर आप तक पहुंच जाएंगे। अब आप नेट लिंक केबल/मीडिया सेवाओं का हिस्सा हैं, और मैंने आपके साथ एक खाता भी बनाया है, किसी भी अन्य प्रश्न के लिए आप हमारी वेबसाइट www.netlink.com पर देख सकते हैं।",2,2
thanks for your support charlie, आपके समर्थन के लिए धन्यवाद चार्ली,3,2
"Great! Could you please let me know that which plan would you like to go for? (1GB, 5 GB, 10 GB) "," महान! क्या आप कृपया मुझे बता सकते हैं कि आप किस योजना के लिए जाना चाहेंगे? (1 जीबी, 5 जीबी, 10 जीबी)",3,2
madurai and 0908908, मदुरै और 0908908,0,0
delhi, दिल्ली,2,0
10 GB, 10 जीबी,0,0
CHENNAI AND 456120, चेन्नई और 456120,0,0
"Thank you for the information. May I know what time slot would you prefer for the installation of the cable? We have 3 time slots available, 8AM-12PM, 12PM-3PM and 3PM-7PM. Which time slot would you prefer?"," जानकारी के लिए धन्यवाद। क्या मैं जान सकता हूँ कि केबल की स्थापना के लिए आप कौन सा समय स्लॉट पसंद करेंगे? हमारे पास 3 टाइम स्लॉट उपलब्ध हैं, सुबह 8 बजे से दोपहर 12 बजे तक, दोपहर 12 बजे से दोपहर 3 बजे तक और शाम के 3 बजे से शाम 7 बजे तक। आप कौन सा टाइम स्लॉट पसंद करेंगे?",3,0
Great! I've successfully registered you to the plan. My team will reach out to you shortly. Would you need anything else?,महान! मैंने आपको योजना में सफलतापूर्वक पंजीकृत कर लिया है। मेरी टीम शीघ्र ही आप तक पहुंचेगी। क्या आपको कुछ और चाहिए होगा?,3,2
Charlie?, चार्ली?,0,0
Hello! Thank you for contacting media cable services. How may I assist you today?, नमस्ते! मीडिया केबल सेवाओं से संपर्क करने के लिए धन्यवाद। आज मैं आपकी मदद किस तरह कर सकता हूँ?,3,0
10 gb, 10 जीबी,0,0
washington and zip code is 98101, वाशिंगटन और ज़िप कोड 98101 . है,2,0
Wonderful! Please feel free to reach out to us for further queries. Have an amazing day. Bye., अद्भुत! कृपया आगे के प्रश्नों के लिए हमसे बेझिझक संपर्क करें। आपका दिन सुखद हो। अलविदा।,3,2
It's $7 as per your plan on monthly basis including all taxes., यह आपकी योजना के अनुसार सभी करों सहित मासिक आधार पर $7 है।,0,0
That's a great choice! Could you help me with your credit card number for the service activation?, यह एक बढ़िया विकल्प है! क्या आप सेवा सक्रियण के लिए अपने क्रेडिट कार्ड नंबर के साथ मेरी मदद कर सकते हैं?,3,2
Great! I'll get that confirmed for you. To proceed further with your query. Could you please help me with the city you live in and it's zip code?, महान! मैं आपके लिए इसकी पुष्टि करवा दूंगा। अपनी क्वेरी के साथ आगे बढ़ने के लिए। क्या आप कृपया मुझे उस शहर और उसके ज़िप कोड के बारे में बता सकते हैं जिसमें आप रहते हैं?,3,2
i want new cable service connection, मुझे नया केबल सेवा कनेक्शन चाहिए,1,0
Hello. Welcome to Tarro cables. How may I help you today?, नमस्ते। टैरो केबल्स में आपका स्वागत है। आज मैं आपकी कैसे मदद कर सकता हूँ?,3,0
like to  internet, इंटरनेट पसंद है,2,0
HI, नमस्ते,2,0
Wisoky Jana, विस्की जान,2,0
I want to purchase internet, मुझे इंटरनेट खरीदना है,1,0
Thank you for confirming. I've initiated a request for the 15GB data plan for the internet service. You would receive a confirmation message along with the payment link. Is there anything else I may help you with?, पुष्टि करने के लिए शुक्रिया। मैंने इंटरनेट सेवा के लिए 15GB डेटा योजना के लिए एक अनुरोध शुरू किया है। आपको भुगतान लिंक के साथ एक पुष्टिकरण संदेश प्राप्त होगा। क्या कुछ और है जिसमें मैं आपकी मदद कर सकता हूं?,3,0
1gb, 1जीबी,0,0
"Congratulations! Your new 5 GB internet  connection is confirmed were our executives will reach you within 2-3 days for the installation. You are now a part of Net Link cable/media services, and I've also created an account of your with us, for any further queries you can look up to our website i.e www.netlink.com. ","बधाई हो! आपके नए 5 जीबी इंटरनेट कनेक्शन की पुष्टि हो गई है कि हमारे अधिकारी इंस्टॉलेशन के लिए 2-3 दिनों के भीतर आप तक पहुंच जाएंगे। अब आप नेट लिंक केबल/मीडिया सेवाओं का हिस्सा हैं, और मैंने आपके साथ एक खाता भी बनाया है, किसी भी अन्य प्रश्न के लिए आप हमारी वेबसाइट www.netlink.com पर देख सकते हैं।",3,2
Absolutely! The 5Gb costs you $5 per month., बिल्कुल! 5Gb की कीमत आपको $5 प्रति माह है।,2,2
10093,10093,0,0
What is the procedure to sign up.,साइन अप करने की प्रक्रिया क्या है।,0,0
Hello! I'll be glad to hep you out today. May I know your query?, नमस्ते! मुझे आज आपकी मदद करने में खुशी होगी। क्या मैं आपकी क्वेरी जान सकता हूँ?,3,2
Thanks for sharing your details. What service type would you like to purchase? Is it cable. internet or phone?, अपना विवरण साझा करने के लिए धन्यवाद। आप किस प्रकार की सेवा खरीदना चाहेंगे? क्या यह केबल है। इंटरनेट या फोन?,3,0
Perfect. Your request for the desired service has been raised and our agent will contact you for the installation at your convenient time., उत्तम। वांछित सेवा के लिए आपका अनुरोध उठाया गया है और हमारे एजेंट आपके सुविधाजनक समय पर स्थापना के लिए आपसे संपर्क करेंगे।,2,2
Could you please be more specific with your city's name?, क्या आप कृपया अपने शहर के नाम के साथ अधिक विशिष्ट हो सकते हैं?,3,0
OKAY, ठीक है,2,0
John! I see that there has been over downloading from your side and also your contract has expired so you are no longer eligible to have the promotional rate. The government taxes have also been high this month and has reflected in your bill.," जॉन! मैं देख रहा हूं कि आपकी ओर से ओवर डाउनलोडिंग हुई है और आपका अनुबंध भी समाप्त हो गया है, इसलिए अब आप प्रचार दर प्राप्त करने के योग्य नहीं हैं। इस महीने सरकारी कर भी अधिक रहे हैं और आपके बिल में परिलक्षित हुए हैं।",2,1
That's a good plan. I'll activate it right away., यह एक अच्छी योजना है। मैं इसे तुरंत सक्रिय कर दूंगा।,2,2
SSN:4921, एसएसएन:4921,0,0
Hey there! Good morning! I hope you're having a good day. How may I help you today?, सुनो! सुबह बख़ैर! मुझे आशा है कि आपका दिन अच्छा बीतेगा। आज मैं आपकी कैसे मदद कर सकता हूँ?,3,2
"Sure! I'll be happy to help you in getting internet services, may I please know your city and it's zip code?"," ज़रूर! मुझे इंटरनेट सेवाएं प्राप्त करने में आपकी सहायता करने में खुशी होगी, क्या मैं आपका शहर और उसका ज़िप कोड जान सकता हूं?",3,0
"Lovely! Thank you for the response. Please allow me a moment, while I get this done for you."," प्यारा! जवाब देने के लिए धन्यवाद। कृपया मुझे एक क्षण की अनुमति दें, जबकि मैं यह आपके लिए करवाता हूं।",3,2
Thank you so much for contacting us. Please let us know your valuable feedback. You've a great day ahead.,हमसे संपर्क करने के लिए आपका बहुत-बहुत धन्यवाद। कृपया हमें अपनी बहुमूल्य प्रतिक्रिया बताएं। आपका आने वाला दिन बहुत अच्छा है।,3,2
I'm sorry? I didn't your last response., मुझे माफ़ करें? मैंने आपका आखिरी जवाब नहीं दिया।,3,1
washington-20001,वाशिंगटन-20001,2,0
internet, इंटरनेट,0,0
no thanks," जी नहीं, धन्यवाद",3,1
"Sure! I'll be glad to help you in this, may I please know your name and account number?","ज़रूर! इसमें आपकी मदद करने में मुझे खुशी होगी, क्या मैं आपका नाम और खाता संख्या जान सकता हूं?",3,0
"Amazing, We are leading service providers. We offer cable connection, internet service and phone connection. Which of our service you'd like to sign up for? "," कमाल है, हम अग्रणी सेवा प्रदाता हैं। हम केबल कनेक्शन, इंटरनेट सेवा और फोन कनेक्शन प्रदान करते हैं। आप हमारी किस सेवा के लिए साइन अप करना चाहेंगे?",2,2
canada, कनाडा,0,0
10gb data plan, 10GB डेटा प्लान,0,0
ok, ठीक है,2,0
It seems you are away. If you still need my help you can raise a chat again. Bye!, ऐसा लगता है कि आप दूर हैं। अगर आपको अभी भी मेरी मदद की ज़रूरत है तो आप फिर से चैट कर सकते हैं। अलविदा!,2,1
"Awesome! Therefore, I shall close this discussion here. You've been a great customer. Good day!",बहुत बढ़िया! इसलिए मैं इस चर्चा को यहीं समाप्त करता हूं। आप एक महान ग्राहक रहे हैं। अच्छा दिन!,3,2
Fantastic! I've confirmed your 5 GB internet connection with Net Link services. Our executives will reach you within 48hrs for the installation. Would there be anything else that I may help you with?, ज़बरदस्त! मैंने नेट लिंक सेवाओं के साथ आपके 5 जीबी इंटरनेट कनेक्शन की पुष्टि की है। स्थापना के लिए हमारे अधिकारी 48 घंटे के भीतर आप तक पहुंचेंगे। क्या कुछ और होगा जिससे मैं आपकी मदद कर सकूं?,3,2
zip code 98653, पिन कोड 98653,0,0
Yes! We're connected., हाँ! हम जुड़े हुए हैं।,2,0
STUDENT, छात्र,0,0
GOOD MORNING, शुभ प्रभात,2,0
"Sure, which service would you like to purchase? We have cable service, internet service and phone service available. Which service would you prefer?"," ज़रूर, आप कौन सी सेवा खरीदना चाहेंगे? हमारे पास केबल सेवा, इंटरनेट सेवा और फोन सेवा उपलब्ध है। आप कौन सी सेवा पसंद करेंगे?",3,0
Okay! I'll go ahead and make a confirmation request for the installation. Our team will get in touch with you as soon as possible., ठीक! मैं आगे बढ़ूंगा और स्थापना के लिए एक पुष्टिकरण अनुरोध करूंगा। हमारी टीम जल्द से जल्द आपसे संपर्क करेगी।,3,0
I'm glad I could help. Thank you for reaching out to us. Good day!, मैं खुश हूं कि मैं मदद कर सका। हमसे संपर्क की पहल के लिए आपका धन्यवाद। अच्छा दिन!,3,2
Boston and 02101, बोस्टन और 02101,0,0
yes sure, हाँ यकीनन,2,0
Would you like to just change the address on the account or would you want to change your service?, क्या आप केवल खाते का पता बदलना चाहेंगे या आप अपनी सेवा बदलना चाहेंगे?,2,0
TEXAS 73301, टेक्सास 73301,0,0
Hello. Welcome to Tarro cables. How may I help you today?, नमस्ते। टैरो केबल्स में आपका स्वागत है। आज मैं आपकी कैसे मदद कर सकता हूँ?,3,0
ok sure, यकीनन ठीक,2,0
DELHI 600254, दिल्ली 600254,2,0
"Great choice! That's our best selling data plan, which is available at a reasonable price i.e $25.60 per month. Would that be okay?","बहुत बढ़िया पसंद! यही हमारा सबसे अधिक बिकने वाला डेटा प्लान है, जो उचित मूल्य पर यानी $25.60 प्रति माह पर उपलब्ध है। क्या यह ठीक रहेगा?",3,2
military, सैन्य,0,0
i like to purchase cable service..., मुझे केबल सर्विस खरीदना पसंद है...,2,0
HELLO, नमस्ते,2,0
NOTHING ELSE., और कुछ नहीं।,2,0
I'm glad I could help. Thank you for choosing AT&T. Have a wonderful day!, मैं खुश हूं कि मैं मदद कर सका। एटी एंड टी चुनने के लिए धन्यवाद। शानदार दिन हो!,3,2
Perfect! I'll confirm the plan of 10 GB for the internet service to you. Is there anything else that I may help you with?, उत्तम! मैं आपको इंटरनेट सेवा के लिए 10 जीबी की योजना की पुष्टि करूंगा। क्या कुछ और है जिसमें मैं आपकी मदद कर सकता हूं?,3,2
Thank you! Which data plan are you looking to purchase?, आपको धन्यवाद! आप कौन सा डेटा प्लान खरीदना चाह रहे हैं?,3,0
I NEED A NEW CABLE CONNECTION, मुझे एक नया केबल कनेक्शन चाहिए,1,1
hi, नमस्ते,2,0
That's nice! Please allow me a moment to proceed further., यह अच्छा है! कृपया मुझे आगे बढ़ने के लिए एक क्षण का समय दें।,2,2
"Amazing! May I know the plan that you'd opt among 1 GB, 5 GB and 10 GB please?"," अद्भुत! क्या मैं उस योजना को जान सकता हूँ जिसे आप कृपया 1 जीबी, 5 जीबी और 10 जीबी में से चुनेंगे?",3,2
Please feel free to contact us anytime. Thank you for reaching out to us. Have a great day ahead :), कृपया हमसे किसी भी समय निःसंकोच संपर्क करें। हमसे संपर्क की पहल के लिए आपका धन्यवाद। आगे एक महान दिन हो :),3,2
platinum cable, प्लेटिनम केबल,0,0
"The 10 GB plan will cost you $7, the 5Gb is $5 and the 1Gb is $1. "," 10GB प्लान की कीमत आपको $7, 5Gb की $5 और 1Gb की $1 है।",0,0
I would like to inform that i need to connect new phone connection., मैं सूचित करना चाहता हूं कि मुझे नया फोन कनेक्शन कनेक्ट करने की आवश्यकता है।,3,0
Sure. You've been successfully registered for this plan. The team will contact you and the connection will be made within the next 24 hours.,ज़रूर। आप इस योजना के लिए सफलतापूर्वक पंजीकृत हो गए हैं। टीम आपसे संपर्क करेगी और अगले 24 घंटों के भीतर कनेक्शन कर दिया जाएगा।,2,2
Are we still connected?, हम अभी भी जुड़े हैं?,1,0
ok, ठीक है,2,0
Can you please elaborate your query dear user?, क्या आप कृपया अपनी क्वेरी को विस्तृत कर सकते हैं प्रिय उपयोगकर्ता?,3,0
Hello! Welcome to AT&T customer service. How may I help you today?, नमस्ते! एटी एंड टी ग्राहक सेवा में आपका स्वागत है। आज मैं आपकी कैसे मदद कर सकता हूँ?,3,0
"Sure!! Thanks for contacting D-link media services. We are delighted to serve you. I'll need your details to locate you, Could you please share your city name and zip code please? "," ज़रूर!! डी-लिंक मीडिया सेवाओं से संपर्क करने के लिए धन्यवाद। हम आपकी सेवा करके प्रसन्न हैं। मुझे आपका पता लगाने के लिए आपके विवरण की आवश्यकता होगी, क्या आप कृपया अपने शहर का नाम और ज़िप कोड साझा कर सकते हैं?",3,2
OK, ठीक है,2,0
Yeah.I am interested in purchasing new cable service.Can you help me?, हाँ।मुझे नई केबल सेवा खरीदने में दिलचस्पी है।क्या आप मेरी मदद कर सकते हैं?,3,0
thank you, धन्यवाद,2,2
Awesome! Could you please confirm the time you'd be available for cable installation?, बहुत बढ़िया! क्या आप कृपया उस समय की पुष्टि कर सकते हैं जब आप केबल स्थापना के लिए उपलब्ध होंगे?,3,2
"Perfect! I'd like to inform you that we have 3 data plans available, which are 1Gb, 5Gb and 10Gb. May I know which one would you prefer? "," उत्तम! मैं आपको सूचित करना चाहता हूं कि हमारे पास 3 डेटा प्लान उपलब्ध हैं, जो 1Gb, 5Gb और 10Gb हैं। क्या मैं जान सकता हूँ कि आप किसे पसंद करेंगे?",3,2
I am in search of good internet pack. Can you tell the best pack to assign?,मैं अच्छे इंटरनेट पैक की तलाश में हूं। क्या आप असाइन करने के लिए सबसे अच्छा पैक बता सकते हैं?,3,0
A very good morning to you. Hope you doing well. You're been connected to Riley. How may I help you today?, आपके लिए एक बहुत ही शुभ प्रभात। आशा है कि तुम अच्छा कर रहे होंगे। आप रिले से जुड़े हुए हैं। आज मैं आपकी कैसे मदद कर सकता हूँ?,3,2
"That's perfect! Thank you for that. Please allow me a moment, while I get this done for you."," यह बिल्कुल सही है! उसके लिये आपका धन्यवाद। कृपया मुझे एक क्षण की अनुमति दें, जबकि मैं यह आपके लिए करवाता हूं।",3,2
hi i decided to sign up cable internet which is available mam?, नमस्ते मैंने केबल इंटरनेट पर साइन अप करने का फैसला किया है जो उपलब्ध है मैम?,3,0
"Sure! The data plans for cable, phone and internet service are same as of now, next month we are coming up with unlimited data plans as well. You can switch later. "," ज़रूर! केबल, फोन और इंटरनेट सेवा के लिए डेटा प्लान अभी की तरह ही हैं, अगले महीने हम अनलिमिटेड डेटा प्लान भी लेकर आ रहे हैं। आप बाद में स्विच कर सकते हैं।",2,2
hi, नमस्ते,2,0
I WANT NEW CABLE SERVICE, मुझे नई केबल सेवा चाहिए,1,1
no thanks," जी नहीं, धन्यवाद",3,1
"Hey! Alex here, how can I help you today?"," अरे! एलेक्स यहाँ, मैं आज आपकी कैसे मदद कर सकता हूँ?",3,0
hi, नमस्ते,2,0
"Euless, TX 76039
"," यूलेस, TX 76039",0,0
Perfect! I'll sign you for the internet services of 10 GB plan. Is there anything else I might help you with?, उत्तम! मैं आपको 10 जीबी प्लान की इंटरनेट सेवाओं के लिए साइन करूंगा। क्या कुछ और है जिसमें मैं आपकी मदद कर सकता हूं?,3,2
i will choose 5GBplan, मैं 5GB प्लान चुनूंगा,1,0
Thank you for contacting D-Link customer care service. I hope you have a great day ahead. Bye!, डी-लिंक कस्टमर केयर सर्विस से संपर्क करने के लिए धन्यवाद। मुझे आशा है कि आपके लिए आगे एक अच्छा दिन होगा। अलविदा!,3,2
"Sure, the plan is for $50 a month. Would you have any questions to ask regarding this plan?"," ज़रूर, यह योजना $50 प्रति माह के लिए है। क्या आप इस योजना के संबंध में कोई प्रश्न पूछना चाहेंगे?",3,0
"Hello! Good Evening, Fast net cable services. How may I assist you today?"," नमस्ते! शुभ संध्या, फास्ट नेट केबल सेवाएं। आज मैं आपकी मदद किस तरह कर सकता हूँ?",3,0
Awesome! 5GB would cost you $10. Would you like to confirm the data plan?,बहुत बढ़िया! 5GB की कीमत आपको $10 होगी। क्या आप डेटा प्लान की पुष्टि करना चाहेंगे?,3,2
"Sure! I'll be able to help you in this, may I please know the city you stay in?"," ज़रूर! मैं इसमें आपकी मदद कर सकूंगा, क्या मैं कृपया उस शहर को जान सकता हूं जहां आप रहते हैं?",3,0
tulsa, तुलसी,0,0
like to purchase, खरीदना पसंद है,2,0
NO THANKS," जी नहीं, धन्यवाद",3,1
I like to order a internet service., मुझे इंटरनेट सेवा ऑर्डर करना पसंद है।,2,0
"Fantastic! Thank you for the response. Please allow me a minute or two, while I get this done for you."," ज़बरदस्त! जवाब देने के लिए धन्यवाद। कृपया मुझे एक या दो मिनट का समय दें, जबकि मैं आपके लिए यह कर रहा हूं।",3,2
"Sure! I'll definitely help you with your query. To proceed further with your query, may I know the name of your city and its zip code, please?","ज़रूर! मैं निश्चित रूप से आपकी क्वेरी में आपकी मदद करूंगा। आपकी क्वेरी के साथ आगे बढ़ने के लिए, क्या मैं आपके शहर का नाम और उसका ज़िप कोड जान सकता हूँ, कृपया?",3,2
madurai, मदुरै,0,0
nothing bye, कुछ नहीं अलविदा,2,0
i want to start new internet connection, मैं नया इंटरनेट कनेक्शन शुरू करना चाहता हूं,1,0
no thanks," जी नहीं, धन्यवाद",3,1
CHENNAI 654123, चेन्नई 654123,0,0
"Thank you for the information. What service type would you like to purchase? Is it cable, internet or phone?"," जानकारी के लिए धन्यवाद। आप किस प्रकार की सेवा खरीदना चाहेंगे? क्या यह केबल, इंटरनेट या फोन है?",3,0
"Perfect! I'd like to inform, The charge for 10 GB is $16.30 per month. Is that okay?"," उत्तम! मैं सूचित करना चाहता हूं, 10 जीबी का शुल्क प्रति माह $16.30 है। क्या ये ठीक है?",2,2
"Sure, the 1 GB plan is for $50 a month. Would you have any queries regarding this plan?"," ज़रूर, 1 जीबी प्लान $50 प्रति माह के लिए है। क्या आप इस योजना के बारे में कोई प्रश्न पूछना चाहेंगे?",3,0
I'm glad to be assisting you today. Welcome to the AT&T Family. Have an amazing day!, मुझे आज आपकी सहायता करने में खुशी हो रही है। एटी एंड टी परिवार में आपका स्वागत है। आपका दिन सुखद हो!,3,2
INTERNET SERVICE, इंटरनेट सेवा,0,0
"Yes, You can confirm this "," हाँ, आप इसकी पुष्टि कर सकते हैं",2,0
Yes, हाँ,2,0
Have a great day ahead and take care. Goodbye :), आपका दिन अच्छा बीते और अपना ख्याल रखें। अलविदा :),3,2
Thank you so much for contacting us. Please let us know your valuable feedback. You've a great day ahead.,हमसे संपर्क करने के लिए आपका बहुत-बहुत धन्यवाद। कृपया हमें अपनी बहुमूल्य प्रतिक्रिया बताएं। आपका आने वाला दिन बहुत अच्छा है।,3,2
Perfect! I will activate the same for you. The 10GB plan costs $10 including all taxes., उत्तम! मैं आपके लिए इसे सक्रिय कर दूंगा। सभी करों सहित 10GB योजना की लागत $ 10 है।,3,2
This is suba, यह सुबा है,2,0
5 GB, 5 जीबी,0,0
"Thank you! So for the cable packages we have (1 GB, 5 GB, 10 GB) which cost $5, $10 and $20 respectively. Now could you please go ahead and choose a package according to your usage please?","आपको धन्यवाद! तो केबल पैकेज के लिए हमारे पास (1 जीबी, 5 जीबी, 10 जीबी) है जिसकी कीमत क्रमशः $ 5, $ 10 और $ 20 है। अब क्या आप कृपया आगे बढ़ सकते हैं और कृपया अपने उपयोग के अनुसार पैकेज चुनें?",3,0
"Sure, I'll do my best to assist you. Could you share the city you're residing and the zip code?"," ज़रूर, मैं आपकी मदद करने की पूरी कोशिश करूँगा। क्या आप जिस शहर में रह रहे हैं, उसका ज़िप कोड साझा कर सकते हैं?",3,0
VADAPALANI  600058, वडापलानी 600058,0,0
Perfect! I'll confirm the plan of 5 GB for cable service. Is there anything I might help you with?, उत्तम! मैं केबल सेवा के लिए 5 जीबी की योजना की पुष्टि करूंगा। क्या कोई ऐसी चीज है जिसमें मैं आपकी मदद कर सकता हूं?,3,2
"Hi Sam, I'm looking to sign up r a new service"," हाय सैम, मैं नई सेवा के लिए साइन अप करना चाह रहा हूँ",3,0
"Perfect! Thank you for that. Please allow me a minute or two, while I get this done for you."," उत्तम! उसके लिये आपका धन्यवाद। कृपया मुझे एक या दो मिनट का समय दें, जबकि मैं आपके लिए यह कर रहा हूं।",3,2
Thank you for staying on hold. I appreciate your patience. I see that your package has expired and you don't have the permission to use the service anymore. That was the reason behind the billing amount's hike., रुके रहने के लिए धन्यवाद। मैं आपके धैर्य की सराहना करता हूँ। मैंने देखा कि आपका पैकेज समाप्त हो गया है और आपके पास अब सेवा का उपयोग करने की अनुमति नहीं है। बिलिंग राशि में बढ़ोतरी के पीछे यही कारण था।,3,1
No thank you, नहीं धन्यवाद,3,1
Would there be anything else I may assist you with?, क्या कुछ और होगा जिसमें मैं आपकी सहायता कर सकूं?,2,0
"You're welcome!  Thank you for reaching Net Link, We are always here to help you any issues relating to cable/media. Goodbye!","आपका स्वागत है! नेट लिंक तक पहुंचने के लिए धन्यवाद, केबल/मीडिया से संबंधित किसी भी मुद्दे की सहायता के लिए हम हमेशा यहां हैं। अलविदा!",3,2
10gb data plan, 10GB डेटा प्लान,0,0
Thank you for choosing us. I had a great time assisting you. In case you have any queries please feel free to reach out to us. Have a good day!, हमें चुनने के लिए धन्यवाद। मुझे आपकी सहायता करने में बहुत अच्छा लगा। यदि आपके कोई प्रश्न हैं तो कृपया बेझिझक हमसे संपर्क करें। आपका दिन शुभ हो!,3,2
"That's a great choice! I'd like to inform you the 10Gb data plan would cost you $20 per month, would you want me to confirm the service? "," यह एक बढ़िया विकल्प है! मैं आपको सूचित करना चाहता हूं कि 10Gb डेटा योजना के लिए आपको प्रति माह $20 का खर्च आएगा, क्या आप चाहते हैं कि मैं सेवा की पुष्टि करूं?",3,2
"Hello! Welcome to Zoom services, how may I assist you? "," नमस्ते! ज़ूम सेवाओं में आपका स्वागत है, मैं आपकी कैसे सहायता कर सकता हूँ?",3,0
COIMBATORE 641666, कोयंबटूर 641666,0,0
Absolutely! I'll do my best to help you. Could you get me your city and the zip code?, बिल्कुल! मैं आपकी मदद करने की पूरी कोशिश करूंगा। क्या आप मुझे अपना शहर और पिन कोड दिलवा सकते हैं?,3,2
I want a new service, मुझे एक नई सेवा चाहिए,1,0
INTERNET, इंटरनेट,0,0
I want a new service, मुझे एक नई सेवा चाहिए,1,0
Sure! May I know your name please?, ज़रूर! क्या मैं आपका नाम जान सकता हूँ?,3,0
Sure! Thank you for giving us a chance to serve you. Could you please help me with your city name and the zip code?, ज़रूर! हमें आपकी सेवा करने का मौका देने के लिए धन्यवाद। क्या आप कृपया मुझे अपने शहर के नाम और ज़िप कोड के साथ मदद कर सकते हैं?,3,2
jennifer99@hotmail.com, jennifer99@hotmail.com,0,0
I want to sign up for a new internet connection., मैं एक नए इंटरनेट कनेक्शन के लिए साइन अप करना चाहता हूं।,1,0
yes please confirm, हाँ कृपया पुष्टि करें,2,0
Hello! How may I assist you?, नमस्ते! मैं आपकी कैसे सहायता कर सकता हूँ?,3,0
Thank you. Which data plan would you like to sign up for?, शुक्रिया। आप किस डेटा प्लान के लिए साइन अप करना चाहेंगे?,3,0
I want to upgrade my Internet service, मैं अपनी इंटरनेट सेवा को अपग्रेड करना चाहता/चाहती हूं,2,0
okay, ठीक है,2,0
Alright! Thanks for confirming. May I know in which city you're currently living and the zip code?, ठीक है! पुष्टि करने के लिए धन्यवाद। क्या मैं जान सकता हूँ कि आप वर्तमान में किस शहर में रह रहे हैं और उसका ज़िप कोड?,3,0
"Hello there! Welcome to V-Fiber net service, how may I help you today?"," नमस्ते! वी-फाइबर नेट सेवा में आपका स्वागत है, मैं आज आपकी कैसे मदद कर सकता हूं?",3,0
"Thanks for having a live chat. Please drop in your invaluable feedback at 546-827-124, by giving a missed call. Good day!",लाइव चैट करने के लिए धन्यवाद। कृपया मिस्ड कॉल देकर 546-827-124 पर अपनी बहुमूल्य प्रतिक्रिया दें। अच्छा दिन!,3,2
"You are always welcome. Thank you for choosing our service. For any query, please feel free to talk to us anytime. We are always here to help you."," आपका हमेशा स्वागत है। हमारी सेवा चुनने के लिए धन्यवाद। किसी भी प्रश्न के लिए, कृपया बेझिझक हमसे कभी भी बात करें। हम आपकी मदद करने के लिए हमेशा मौजूद हैं।",3,2
hai, हाय,2,0
Good morning! This is Customer Executive speaking. How may I help you today?, सुबह बख़ैर! यह ग्राहक कार्यकारी बोल रहा है। आज मैं आपकी कैसे मदद कर सकता हूँ?,3,0
CANADA, कनाडा,0,0
Hello there! This is Customer Executive speaking. How may I help you today?, नमस्ते! यह ग्राहक कार्यकारी बोल रहा है। आज मैं आपकी कैसे मदद कर सकता हूँ?,3,0
Perfect! 1GB is one of the best data plans and it will cost you $3 including all taxes. I will activate the same for you right away.,उत्तम! 1GB सबसे अच्छी डेटा योजनाओं में से एक है और इसकी कीमत आपको सभी करों सहित $ 3 होगी। मैं इसे तुरंत आपके लिए सक्रिय कर दूंगा।,3,2
Hello. welcome to Tech Cable Services. How may I help you today?, नमस्ते। टेक केबल सर्विसेज में आपका स्वागत है। आज मैं आपकी कैसे मदद कर सकता हूँ?,3,0
Fantastic! I've confirmed your 5 GB cable connection with Net Link services. Our executives will reach you within 48hrs for the installation. Would there be anything else that I may help you with?, ज़बरदस्त! मैंने नेट लिंक सेवाओं के साथ आपके 5 जीबी केबल कनेक्शन की पुष्टि की है। स्थापना के लिए हमारे अधिकारी 48 घंटे के भीतर आप तक पहुंचेंगे। क्या कुछ और होगा जिससे मैं आपकी मदद कर सकूं?,3,2
"Thanks for the information. You said you need a internet plan. Which data plan would you like to purchase? We have 1GB, 5GB and 10GB data plans available. It's $25 for 1GB. $40 for 5GB and $60 for 10GB."," सूचना के लिए धन्यवाद। आपने कहा कि आपको इंटरनेट योजना की आवश्यकता है। आप कौन सा डेटा प्लान खरीदना चाहेंगे? हमारे पास 1GB, 5GB और 10GB डेटा प्लान उपलब्ध हैं। यह 1GB के लिए $25 है। 5GB के लिए $40 और 10GB के लिए $60।",3,0
1 GB data plan, 1 जीबी डेटा प्लान,0,0
"Alright! Feel free to reach out to us when needed, it was great assisting you. Have a nice day, goodbye."," ठीक है! जरूरत पड़ने पर बेझिझक हमसे संपर्क करें, यह आपकी बहुत मदद कर रहा था। आपका दिन शुभ हो, अलविदा।",3,2
YES, हां,2,2
Perfect! Could you please let me know if the green light on the device is blinking?, उत्तम! क्या आप कृपया मुझे बता सकते हैं कि क्या डिवाइस पर हरी बत्ती झपक रही है?,3,2
ok, ठीक है,2,0
texas, टेक्सास,0,0
"Thanks for your confirmation. I've forwarded your request to our installation department, One of our associate will get in touch with you, They'll assist you further. "," आपके पुष्टिकरण के लिए धन्यवाद। मैंने आपका अनुरोध हमारे संस्थापन विभाग को भेज दिया है, हमारा एक सहयोगी आपसे संपर्क करेगा, वे आगे आपकी सहायता करेंगे।",3,2
"Sure, the plan is for just $50 a month. Would you have any queries regarding this plan?"," ज़रूर, यह योजना केवल $50 प्रति माह के लिए है। क्या आप इस योजना के बारे में कोई प्रश्न पूछना चाहेंगे?",3,0
We just have three plans currently., अभी हमारे पास तीन प्लान हैं।,0,0
SUJI & SUJI78@GMAIL.COM, सूजी और SUJI78@GMAIL.COM,0,0
You're welcome! Would there be anything else I may assist you with?, आपका स्वागत है! क्या कुछ और होगा जिसमें मैं आपकी सहायता कर सकूं?,3,2
"Thanks for being so cooperative, I've initiated your request and have activated the plan for you. Anything else I may help you with?","इतना सहयोग करने के लिए धन्यवाद, मैंने आपका अनुरोध शुरू कर दिया है और आपके लिए योजना को सक्रिय कर दिया है। कुछ और मैं आपकी मदद कर सकता हूँ?",3,2
OK GOOD BYE, ठीक हे अलविदा,2,0
I dont think so, मुझे ऐसा नहीं लगता,2,0
okay, ठीक है,2,0
My pleasure! Thanks for being considerate. Would there be anything else I may help you with?, मेरा सौभाग्य! विचारशील होने के लिए धन्यवाद। क्या कुछ और होगा जिसमें मैं आपकी मदद कर सकूं?,3,2
Awesome! Will there be anything that I can help you with my ability?, बहुत बढ़िया! क्या ऐसा कुछ होगा जिससे मैं अपनी क्षमता से आपकी मदद कर सकूं?,3,2
NO, ना,1,1
NOTHING ELSE, और कुछ नहीं,2,0
i'am fine, मैं ठीक हूं,1,2
"Hello there, Welcome to star cable service! How may I help you today? "," नमस्ते, स्टार केबल सेवा में आपका स्वागत है! आज मैं आपकी कैसे मदद कर सकता हूँ?",3,0
madurai, मदुरै,0,0
For sure! I'll look upon the reasons behind the increase in the bill. Could you please help me with your name please?, पक्का! मैं बिल में वृद्धि के पीछे के कारणों को देखूंगा। क्या आप कृपया अपने नाम के साथ मेरी मदद कर सकते हैं?,3,0
Thank you for your time with us. It was great assisting you. Have a wonderful day!, हमारे साथ समय बिताने के लिए धन्यवाद। आपकी मदद करके बहुत अच्छा लगा। शानदार दिन हो!,3,2
Hello and welcome to Star cable customer care services., नमस्कार और स्टार केबल कस्टमर केयर सर्विसेज में आपका स्वागत है।,3,0
I'm glad to assist you today. Thank you for reaching out to us. Good day!, मुझे आज आपकी सहायता करने में खुशी हो रही है। हमसे संपर्क की पहल के लिए आपका धन्यवाद। अच्छा दिन!,3,2
Perfect! I'll be activating the platinum service and our agents would be at your place between 3-7 PM. Is there anything else that I may help you with?, उत्तम! मैं प्लेटिनम सेवा को सक्रिय कर रहा हूँ और हमारे एजेंट दोपहर 3-7 बजे के बीच आपके स्थान पर होंगे। क्या कुछ और है जिसमें मैं आपकी मदद कर सकता हूं?,3,2
"Awesome! I'll do that for you, please allow me a moment while I do that for you."," बहुत बढ़िया! मैं आपके लिए वह कर दूँगा, कृपया मुझे एक क्षण का समय दें जबकि मैं आपके लिए यह करूँ।",3,2
"no, it's okay", नहीं यह ठीक है,2,2
no thanks," जी नहीं, धन्यवाद",3,1
No problem. That should be done within 24 hours. Appreciate the apt response. Is there anything else I may help you with?,कोई बात नहीं। यह 24 घंटे के भीतर किया जाना चाहिए। उपयुक्त प्रतिक्रिया की सराहना करें। क्या कुछ और है जिसमें मैं आपकी मदद कर सकता हूं?,3,2
HMM OKAY LINDSAY. YOU CAN ACTIVATE THIS PLAN FOR ME, हम्म ठीक है लिंडसे। आप मेरे लिए इस योजना को सक्रिय कर सकते हैं,2,2
"280 Washington Street, Hudson MA 1749"," 280 वाशिंगटन स्ट्रीट, हडसन एमए 1749",2,0
"Amazing! Could you please confirm if you'd like to get a  1 GB, 5 GB, 10 GB connection?"," अद्भुत! क्या आप कृपया पुष्टि कर सकते हैं कि क्या आप 1 जीबी, 5 जीबी, 10 जीबी कनेक्शन प्राप्त करना चाहते हैं?",3,2
Hello! good morning! You're connected to Annabelle cable customer service. How may I help you today?, नमस्ते! शुभ प्रभात! आप एनाबेले केबल ग्राहक सेवा से जुड़े हैं। आज मैं आपकी कैसे मदद कर सकता हूँ?,3,0
456677 coinbatore, 456677 कॉइनबटोर,0,0
"Just to confirm, would you like to get a new cable connection? "," केवल पुष्टि करने के लिए, क्या आप एक नया केबल कनेक्शन लेना चाहेंगे?",3,0
"want to purchase new cable
", नई केबल खरीदना चाहते हैं,1,0
Hi..., नमस्ते...,3,0
GEORGE RIO AND 6829 3283 7930, जॉर्ज रियो और 6829 3283 7930,0,0
Your 10 GB cable data pack will get activated as soon as you sign up for it., जैसे ही आप इसके लिए साइन अप करेंगे आपका 10 जीबी केबल डेटा पैक सक्रिय हो जाएगा।,2,0
"Hello! Good morning, Fast net cable services. How may I assist you today?"," नमस्ते! सुप्रभात, फास्ट नेट केबल सेवाएं। आज मैं आपकी मदद किस तरह कर सकता हूँ?",3,0
"No, thanks."," जी नहीं, धन्यवाद।",3,0
Sure! Take your own time., ज़रूर! अपना समय लें।,2,0
Hello there! How may I help you today?, नमस्ते! आज मैं आपकी कैसे मदद कर सकता हूँ?,3,0
Hello! Good morning! You're connected to Boom media services. How may I help you today?, नमस्ते! सुबह बख़ैर! आप बूम मीडिया सेवाओं से जुड़े हैं। आज मैं आपकी कैसे मदद कर सकता हूँ?,3,0
Sure! I've forwarded your subscription request for 10 GB internet data plan. You will be receiving a confirmation message regarding the same within 24 hours. We hope you enjoy our service. Will there be anything else I could help you with?, ज़रूर! मैंने 10 जीबी इंटरनेट डेटा प्लान के लिए आपका सब्सक्रिप्शन अनुरोध अग्रेषित कर दिया है। आपको 24 घंटे के भीतर उसी के संबंध में एक पुष्टिकरण संदेश प्राप्त होगा। हमें उम्मीद है कि आप हमारी सेवा का आनंद लेंगे। क्या कुछ और होगा जिसमें मैं आपकी मदद कर सकूं?,3,2
Great! Would there be anything else I may help you with?, महान! क्या कुछ और होगा जिसमें मैं आपकी मदद कर सकूं?,3,2
nothing else, और कुछ नहीं,1,0
OHIO, ओहियो,2,0
Please do reach out to us in case of any further queries. Looking forward to seeing you soon again! Have a great day ahead! Good bye!, कृपया किसी और प्रश्न के मामले में हमसे संपर्क करें। जल्द ही आपको फिर से देखने के लिए उत्सुक हैं! आगे एक महान दिन हो! अलविदा!,3,2
"Hello! Sure thing! But before proceeding, could you please help me out with your name and the 12 digit account number? "," नमस्ते! अवश्य! लेकिन आगे बढ़ने से पहले, क्या आप कृपया अपने नाम और 12 अंकों की खाता संख्या के बारे में मेरी मदद कर सकते हैं?",3,0
OK THANK YOU, ठीक है धन्यवाद,3,2
DL 56328, डीएल 56328,0,0
Perfect! I'll confirm the plan of 10 GB for cable service. Is there anything I might help you with?, उत्तम! मैं केबल सेवा के लिए 10 जीबी की योजना की पुष्टि करूंगा। क्या कोई ऐसी चीज है जिसमें मैं आपकी मदद कर सकता हूं?,3,2
"Hey there! You've reached Act Fiber Cable services, how may I help you today?"," सुनो! आप Act Fiber Cable सेवाओं तक पहुँच चुके हैं, मैं आज आपकी कैसे मदद कर सकता हूँ?",3,0
Thank you. I see that you have been charge $7 on your current bill from 1/9/18 to 26/9/18.,शुक्रिया। मैं देख रहा हूं कि 1/9/18 से 26/9/18 तक आपके वर्तमान बिल पर आपसे $7 का शुल्क लिया गया है।,3,1
Thanks!, धन्यवाद!,3,2
Thank you for contacting us. I hope you have a great day ahead. Bye!, हमसे संपर्क करने के लिए धन्यवाद। मुझे आशा है कि आपके लिए आगे एक अच्छा दिन होगा। अलविदा!,3,2
i need internet service, मुझे इंटरनेट सेवा चाहिए,1,0
MY NAME IS PANDI, मेरा नाम पांडी है,2,0
"Superb! Thanks for contacting D-link customer service. I've registered your request, Enjoy our services. We look forward for long and successful association. Have a great day ahead!"," शानदार! डी-लिंक ग्राहक सेवा से संपर्क करने के लिए धन्यवाद। मैंने आपका अनुरोध दर्ज कर लिया है, हमारी सेवाओं का आनंद लें। हम लंबे और सफल जुड़ाव की आशा करते हैं। आगे एक महान दिन हो!",3,2
I NEED A SERVICE OF AN INTERNET, मुझे इंटरनेट की सेवा चाहिए,1,0
Alright! I have now confirmed the 10 GB data plan on your name. However you would be receiving a conformation message about the same in an hour. Is there anything else I could help you with for today?, ठीक है! मैंने अब आपके नाम पर 10 जीबी डेटा प्लान कन्फर्म कर दिया है। हालाँकि आपको एक घंटे में उसी के बारे में एक संदेश प्राप्त होगा। क्या आज के लिए मैं आपकी कुछ और मदद कर सकता हूँ?,3,0
PKAY SURE, सुनिश्चित करें,2,0
HAI ALEX, है एलेक्स,2,0
"Great! Thanks for sharing the details. Just give me a minute, I'll check with your data usage for this month and will let you know?"," महान! विवरण साझा करने के लिए धन्यवाद। बस मुझे एक मिनट दें, मैं इस महीने के लिए आपके डेटा उपयोग की जांच करूंगा और आपको बता दूंगा?",3,2
yah cleared, हाँ साफ़ हो गया,2,0
Jesse may I know which service are you using currently?, जेसी क्या मुझे पता चल सकता है कि आप वर्तमान में किस सेवा का उपयोग कर रहे हैं?,2,0
no thanks," जी नहीं, धन्यवाद",3,1
Alright! I'd like to inform you that the price for 5 GB cable data plan is $25.60( including taxes) and this plan is valid for one month. Would that be okay with you?, ठीक है! मैं आपको सूचित करना चाहता हूं कि 5 जीबी केबल डेटा प्लान की कीमत $25.60 (करों सहित) है और यह योजना एक महीने के लिए वैध है। क्या यह आपके साथ ठीक रहेगा?,3,0
Erode and 21456, इरोड और 21456,0,0
"Perfect!  For the internet service, we have 1 GB plan for $10, 5 GB plan for $20 and 10 GB for $30. Could you please let me know which data plan you'd like to choose? "," उत्तम! इंटरनेट सेवा के लिए, हमारे पास $10 के लिए 1 जीबी योजना, $20 के लिए 5 जीबी योजना और $30 के लिए 10 जीबी की योजना है। क्या आप कृपया मुझे बता सकते हैं कि आप कौन सी डेटा योजना चुनना चाहेंगे?",3,2
"Good news! I'd like to inform you that, I've confirmed you new 5 GB internet connection. Our executives will reach you within 48 hrs for the installation. Is there anything else that I may help you with?"," खुशखबरी! मैं आपको सूचित करना चाहता हूं कि, मैंने आपके लिए नए 5 जीबी इंटरनेट कनेक्शन की पुष्टि की है। स्थापना के लिए हमारे अधिकारी 48 घंटे के भीतर आप तक पहुंचेंगे। क्या कुछ और है जिसमें मैं आपकी मदद कर सकता हूं?",3,2
hi, नमस्ते,2,0
Hello! You've been connected to Zoom cable services. How may I assist you today?, नमस्ते! आप ज़ूम केबल सेवाओं से कनेक्ट हो गए हैं। आज मैं आपकी मदद किस तरह कर सकता हूँ?,3,0
HELLO, नमस्ते,2,0
Do you mean you want to sign up for the internet connection with us?,क्या आपका मतलब है कि आप हमारे साथ इंटरनेट कनेक्शन के लिए साइन अप करना चाहते हैं?,1,0
"Well I meant from these plans available with us for you - 1GB, 5GB and 10 GB. What's your pick?"," वैसे मेरा मतलब आपके लिए हमारे पास उपलब्ध इन योजनाओं से है - 1GB, 5GB और 10GB। आपकी पसंद क्या है?",1,0
Thank you so much for contacting us. Please let us know your valuable feedback. You've a great day ahead.,हमसे संपर्क करने के लिए आपका बहुत-बहुत धन्यवाद। कृपया हमें अपनी बहुमूल्य प्रतिक्रिया बताएं। आपका आने वाला दिन बहुत अच्छा है।,3,2
nothing sir, कुछ नहीं सर,2,0
Amazing! Please allow me a moment to proceeed further., अद्भुत! कृपया मुझे आगे बढ़ने के लिए एक क्षण का समय दें।,3,2
Is there anything else I could help you with?, क्या कुछ और है जिसमें मैं आपकी मदद कर सकता हूं?,2,0
okay, ठीक है,2,0
That's great! Please allow me a moment to get this done for you., एक दम बढ़िया! कृपया मुझे आपके लिए यह करने के लिए एक क्षण दें।,3,2
ok, ठीक है,2,0
Hey there! How may I help you today?, सुनो! आज मैं आपकी कैसे मदद कर सकता हूँ?,3,0
Amazing! Anything else I may assist you with?, अद्भुत! कुछ और मैं आपकी सहायता कर सकता हूँ?,3,2
madurai 52403, मदुरै 52403,0,0
Hello! Thank you for contacting media cable services. How may I assist you today?, नमस्ते! मीडिया केबल सेवाओं से संपर्क करने के लिए धन्यवाद। आज मैं आपकी मदद किस तरह कर सकता हूँ?,3,0
internet service, इंटरनेट सेवा,0,0
madurai, मदुरै,0,0
i want to new cable service,मुझे नई केबल सेवा चाहिए,1,0
Perfect! I kindly request you to stay connected while I go ahead and find out the reason for the increase in your bill.," उत्तम! मैं आपसे अनुरोध करता हूं कि जब तक मैं आगे बढ़ूं और आपके बिल में वृद्धि के कारण का पता लगाऊं, तब तक जुड़े रहें।",3,2
"Sorry to keep you waiting, I've got a good news for you. I've signed you up for the services and soon you'll get a message for confirmation and payment link after that our executives will reach you to help for the installation. Anything else I may help you in?"," आपको प्रतीक्षा करने के लिए क्षमा करें, मेरे पास आपके लिए एक अच्छी खबर है। मैंने आपको सेवाओं के लिए साइन अप किया है और जल्द ही आपको पुष्टिकरण और भुगतान लिंक के लिए एक संदेश मिलेगा, उसके बाद हमारे अधिकारी इंस्टॉलेशन के लिए सहायता के लिए आप तक पहुंचेंगे। कुछ और मैं आपकी मदद कर सकता हूँ?",3,2
No thanks as you have already told the price I have nothing to ask, नहीं धन्यवाद क्योंकि आपने पहले ही कीमत बता दी है मेरे पास पूछने के लिए कुछ नहीं है,3,1
"You're welcome, thank you for reaching out to us. Have a great day ahead!"," आपका स्वागत है, हमसे संपर्क करने के लिए धन्यवाद। आगे एक महान दिन हो!",3,2
That's a nice choice! I'd like to inform you that your service will be activated in the next 24-48 hours. I hope you'll be fine with that?, यह एक अच्छा विकल्प है! मैं आपको सूचित करना चाहता हूं कि आपकी सेवा अगले 24-48 घंटों में सक्रिय हो जाएगी। मुझे आशा है कि आप इसके साथ ठीक होंगे?,3,2
I NEED INTERNET CONNECTION,मुझे इंटरनेट कनेक्शन चाहिए,1,1
I'll help you out in setting up a new cable service. May I know the name of your city and the zip code of your area?, मैं एक नई केबल सेवा स्थापित करने में आपकी सहायता करूंगा। क्या मैं आपके शहर का नाम और आपके क्षेत्र का ज़िप कोड जान सकता हूँ?,3,0
"That's amazing! Thank you for the response. Allow me a minute or two, I'll get back to you with the confirmation."," वह आश्चर्यजनक है! जवाब देने के लिए धन्यवाद। मुझे एक या दो मिनट का समय दें, मैं पुष्टि के साथ आपसे संपर्क करूंगा।",3,2
"Sure, would you want to check out any of our other plans?"," ज़रूर, क्या आप हमारी कोई अन्य योजना देखना चाहेंगे?",3,0
"melur  625126
", मेलूर 625126,0,0
Hello! Good morning! You've reached sun feast media services. How may I help you today?, नमस्ते! सुबह बख़ैर! आप सन दावत मीडिया सेवाओं तक पहुँच चुके हैं। आज मैं आपकी कैसे मदद कर सकता हूँ?,3,0
"Sure, Could you please help me with the name of the city you reside in and the zip code?"," ज़रूर, क्या आप कृपया मुझे उस शहर के नाम और ज़िप कोड के बारे में बता सकते हैं जिसमें आप रहते हैं?",3,0
Amazing! That's a good choice! The plan is the fastest and is only for $200 per month. Would you want me to confirm this for you?, अद्भुत! यह एक अच्छा विकल्प है! यह योजना सबसे तेज़ है और केवल $200 प्रति माह के लिए है। क्या आप चाहते हैं कि मैं आपके लिए इसकी पुष्टि करूं?,3,2
I want a net connection, मुझे नेट कनेक्शन चाहिए,1,0
10GB plan.., 10GB प्लान..,0,0
"Sure! I'd like to inform you that, The outlay for 10 GB internet data plan is $15.60 (inclusive of all the taxes) per month. Are you fine with it?"," ज़रूर! मैं आपको सूचित करना चाहता हूं कि, 10 जीबी इंटरनेट डेटा योजना के लिए परिव्यय $15.60 (सभी करों सहित) प्रति माह है। क्या आप इसके साथ ठीक हैं?",3,0
"Perfect! That was helpful, could you please let me know which data plan would you like me to activate for you?","उत्तम! यह मददगार था, क्या आप कृपया मुझे बता सकते हैं कि आप मेरे लिए कौन सी डेटा योजना सक्रिय करना चाहेंगे?",3,2
No thanks.," जी नहीं, धन्यवाद।",3,1
internet, इंटरनेट,0,0
"Perfect! So, the total amount you need to pay for the 1 GB cable, internet and phone is $15. "," उत्तम! तो, 1 जीबी केबल, इंटरनेट और फोन के लिए आपको कुल $15 का भुगतान करना होगा।",2,2
"Alright! I have created an account on your name and also updated the details about your plan as well. Our associate would visit you shortly and help you with the service installation. Now, Is there any other query you want me to help you with for today?","ठीक है! मैंने आपके नाम पर एक खाता बनाया है और साथ ही आपकी योजना के बारे में विवरण भी अपडेट किया है। हमारे सहयोगी शीघ्र ही आपसे मिलने आएंगे और सेवा स्थापना में आपकी सहायता करेंगे। अब, क्या कोई अन्य प्रश्न है जो आप चाहते हैं कि मैं आज के लिए आपकी सहायता करूँ?",3,0
Good morning! You've reached Net link Media/Cable Services. How may I help you today?, सुबह बख़ैर! आप नेट लिंक मीडिया/केबल सेवाओं पर पहुंच गए हैं। आज मैं आपकी कैसे मदद कर सकता हूँ?,3,0
Hello, नमस्ते,2,0
"Thank you! So for the cable and internet packages we have (1 GB, 5 GB, 10 GB) which cost $5, $10 and $20 respectively. Now could you please go ahead and choose a package according to your usage please?"," आपको धन्यवाद! तो केबल और इंटरनेट पैकेज के लिए हमारे पास (1 जीबी, 5 जीबी, 10 जीबी) है जिसकी कीमत क्रमशः $ 5, $ 10 और $ 20 है। अब क्या आप कृपया आगे बढ़ सकते हैं और कृपया अपने उपयोग के अनुसार पैकेज चुनें?",3,0
THANK YOU, धन्यवाद,3,2
"Great! Could you please let me know that which plan would you like to go for? (1GB, 5 GB, 10 GB)","महान! क्या आप कृपया मुझे बता सकते हैं कि आप किस योजना के लिए जाना चाहेंगे? (1 जीबी, 5 जीबी, 10 जीबी)",3,2
Wonderful! I had a good time assisting you. Have a nice day. Bye., अद्भुत! मेरे पास आपकी सहायता करने का अच्छा समय था। आपका दिन शुभ हो। अलविदा।,3,2
"I'll be glad to help you with that, could you please help me with the name of the city and the zip code?"," मुझे इसमें आपकी मदद करने में खुशी होगी, क्या आप कृपया शहर के नाम और ज़िप कोड के साथ मेरी मदद कर सकते हैं?",3,0
5 GB data plan, 5 जीबी डेटा प्लान,0,0
internet, इंटरनेट,0,0
BYE, अलविदा,2,0
Hello and Good Morning! Welcome to Relax customer  service. How may I help you today?, नमस्ते और सुप्रभात! रिलैक्स कस्टमर सर्विस में आपका स्वागत है। आज मैं आपकी कैसे मदद कर सकता हूँ?,3,0
Nope that covers it. Thanks.," नहीं, जो इसे कवर करता है। धन्यवाद।",3,0
YES, हां,2,2
"Alright! I'll confirm the 10 GB plan, could you please let me know your city and zip code? As for the offer we currently don't have any offers but will surely inform you when we have offer."," ठीक है! मैं 10 जीबी प्लान की पुष्टि करूंगा, क्या आप कृपया मुझे अपना शहर और ज़िप कोड बता सकते हैं? जहां तक ऑफर की बात है तो हमारे पास फिलहाल कोई ऑफर नहीं है, लेकिन जब हमारे पास ऑफर होगा तो निश्चित रूप से आपको सूचित करेंगे।",3,0
The plan is for just $90 a month. Would you want me to confirm this plan?, योजना केवल $ 90 प्रति माह के लिए है। क्या आप चाहते हैं कि मैं इस योजना की पुष्टि करूं?,3,0
hi, नमस्ते,2,0
THATS IT.., यह बात है..,0,0
I apologize. For which month the bill is required?, मैं क्षमाप्रार्थी हूं। किस महीने के लिए बिल की आवश्यकता है?,3,1
yes, हां,2,0
"I understand how that feels, I'll surely help you with that. Could you please help me with your full name and account number?
"," मैं समझता हूं कि यह कैसा लगता है, मैं निश्चित रूप से इसमें आपकी मदद करूंगा। क्या आप कृपया अपना पूरा नाम और खाता संख्या प्रदान करने में मेरी सहायता कर सकते हैं?",3,0
Phoenix and 85001, फीनिक्स और 85001,0,0
8765,8765,0,0
Thank you for reaching us today. Hope to serve you again in future. Bye!, आज हम तक पहुँचने के लिए धन्यवाद। आशा है कि भविष्य में फिर से आपकी सेवा करेंगे। अलविदा!,3,2
1 gb, 1 जीबी,0,0
Awesome! 5GB would cost you $10. Would you like to confirm the data plan?,बहुत बढ़िया! 5GB की कीमत आपको $10 होगी। क्या आप डेटा प्लान की पुष्टि करना चाहेंगे?,3,2
YES, हां,2,2
"Good news! I appreciate your patience in staying connected. I'd like to inform you that, I've confirmed your 10 GB cable connection and internet services with Net Link services. Our executives will reach you for the installation within 2-3 days."," खुशखबरी! मैं जुड़े रहने में आपके धैर्य की सराहना करता हूं। मैं आपको सूचित करना चाहता हूं कि, मैंने नेट लिंक सेवाओं के साथ आपके 10 जीबी केबल कनेक्शन और इंटरनेट सेवाओं की पुष्टि की है। हमारे अधिकारी 2-3 दिनों के भीतर स्थापना के लिए आप तक पहुंचेंगे।",3,2
"No thanks, if anything i will contact you"," नहीं धन्यवाद, अगर कुछ भी हो तो मैं आपसे संपर्क करूंगा",3,1
You're welcome! Would there be anything else I may assist you with?, आपका स्वागत है! क्या कुछ और होगा जिसमें मैं आपकी सहायता कर सकूं?,3,2
658754,658754,0,0
good bye, अलविदा,3,0
I WANT TO PURCHASE INTERNET, मुझे इंटरनेट खरीदना है,1,0
10 GB).,10 जीबी)।,0,0
ok, ठीक है,2,0
Iam facing issues in my device please help me to fix the issue, मैं अपने डिवाइस में समस्याओं का सामना कर रहा हूं कृपया समस्या को ठीक करने में मेरी सहायता करें,3,1
"Indeed, the best plan we offer! Could you please confirm the city and it's zip code?"," वास्तव में, सबसे अच्छी योजना जो हम पेश करते हैं! क्या आप कृपया शहर और उसके ज़िप कोड की पुष्टि कर सकते हैं?",3,2
5 gb, 5 जीबी,0,0
o k bye, चलो बाय,2,0
nothing sir, कुछ नहीं सर,2,0
no thanks," जी नहीं, धन्यवाद",3,1
NO THANKS," जी नहीं, धन्यवाद",3,1
16543,16543,0,0
yes clear," हां, क्लियर",2,0
"Thanks for sharing your details with me. You said you need a cable plan. We've functionality data plans, namely 1 GB, 5 GB and 10 GB. Which one you'd like to buy?
"," अपना विवरण मेरे साथ साझा करने के लिए धन्यवाद। आपने कहा कि आपको केबल योजना की आवश्यकता है। हमारे पास कार्यात्मक डेटा योजनाएं हैं, अर्थात् 1 जीबी, 5 जीबी और 10 जीबी। आप कौन सा खरीदना चाहेंगे?",3,0
"OK, NO THANKS"," ठीक है, नहीं धन्यवाद",3,1
Could you please elaborate your query?, क्या आप कृपया अपनी क्वेरी विस्तृत कर सकते हैं?,3,0
Hi, नमस्ते,2,0
no thanks," जी नहीं, धन्यवाद",3,1
"Jamie, looking for a wonderful Internet plan. Could you help me?"," जेमी, एक अद्भुत इंटरनेट योजना की तलाश में है। क्या तुम मेरी मदद कर सकते हो?",3,0
any other data plan is available, कोई अन्य डेटा योजना उपलब्ध है,0,0
10gb, 10जीबी,0,0
hai, हाय,2,0
5GB, 5GB,0,0
no thanks," जी नहीं, धन्यवाद",3,1
Perfect! Is there anything else I may help you with today?, उत्तम! क्या आज मैं आपकी कुछ और मदद कर सकता हूँ?,3,2
no thanks," जी नहीं, धन्यवाद",3,1
"Thanks for confirming. You'll have to login to our website i.e. www.cablehub.com , to create a new account go to New customer> update details> payment. When this process is done, you'll get a service activation text message. Enjoy using your service.","पुष्टि करने के लिए धन्यवाद। नया खाता बनाने के लिए आपको हमारी वेबसाइट यानी www.cablehub.com पर लॉग इन करना होगा, नए ग्राहक पर जाएं> विवरण अपडेट करें> भुगतान करें। जब यह प्रक्रिया पूरी हो जाती है, तो आपको एक सेवा सक्रियण टेक्स्ट संदेश प्राप्त होगा। अपनी सेवा का उपयोग करके आनंद लें।",3,2
hello, नमस्ते,2,0
Wonderful! I'd like to inform you that I've confirmed your requested service which will be installed and activated in the next 2 business days., अद्भुत! मैं आपको सूचित करना चाहता हूं कि मैंने आपकी अनुरोधित सेवा की पुष्टि कर दी है जो अगले 2 व्यावसायिक दिनों में स्थापित और सक्रिय हो जाएगी।,3,2
I WANT TO PURCHASE INTERNET, मुझे इंटरनेट खरीदना है,1,0
hai, हाय,2,0
hi, नमस्ते,2,0
CALIFORNIA CITY, कैलिफ़ोर्निया शहर,0,0
Sure! I'll definitely help you with that. Could you please help me with the city and zip code?, ज़रूर! मैं इसमें आपकी जरूर मदद करूंगा। क्या आप कृपया मुझे शहर और ज़िप कोड के साथ मदद कर सकते हैं?,3,0
i need a new cable service connectio, मुझे एक नई केबल सेवा कनेक्टियो चाहिए,1,0
my bill keeps going up, मेरा बिल बढ़ता रहता है,2,1
okay thank you., ठीक है धन्यवाद।,3,2
Great! The same will be now activated. Is there anything else I may help you with today?, महान! वही अब सक्रिय हो जाएगा। क्या आज मैं आपकी कुछ और मदद कर सकता हूँ?,3,2
Perfect! Thanks for staying connected. Your cable bill for previous month came out $30 and for the ongoing month it is $10., उत्तम! जुड़े रहने के लिए धन्यवाद। पिछले महीने के लिए आपका केबल बिल $30 निकला और चालू महीने के लिए यह $10 है।,3,2
Goodbye!, अलविदा!,2,0
"Amazing! I'm glad that to inform you that now, you're a valuable customer of boom media services. I've shared your details with my team. They'll assist you further and I can assure you that within an hour your service will get activated. ","अद्भुत! मुझे खुशी है कि आपको यह सूचित करते हुए कि अब, आप बूम मीडिया सेवाओं के एक मूल्यवान ग्राहक हैं। मैंने आपका विवरण अपनी टीम के साथ साझा किया है। वे आपकी और सहायता करेंगे और मैं आपको आश्वस्त कर सकता हूं कि एक घंटे के भीतर आपकी सेवा सक्रिय हो जाएगी।",3,2
Thanks a lot Jesse. I am happy about your service. You have cleared all my queries., बहुत बहुत धन्यवाद जेसी। मैं आपकी सेवा से प्रसन्न हूँ। आपने मेरे सभी प्रश्नों का समाधान कर दिया है।,3,2
"OK THANKS,"," ठीक है धन्यवाद,",3,2
Alright! Please allow me a moment to confirm that plan for you., ठीक है! कृपया मुझे आपके लिए उस योजना की पुष्टि करने के लिए एक क्षण दें।,2,0
Good morning! You've reached Net link Media/Cable Services. How may I help you today?, सुबह बख़ैर! आप नेट लिंक मीडिया/केबल सेवाओं पर पहुंच गए हैं। आज मैं आपकी कैसे मदद कर सकता हूँ?,3,0
10 Gb data plan, 10 जीबी डेटा प्लान,0,0
10 GB., 10 जीबी।,0,0
"Thanks for reaching out to us. It was pleasure to assist you. We look forward for long and successful association. Have a great day ahead.
", हमसे संपर्क करने के लिए धन्यवाद। आपकी सहायता करके खुशी हुई। हम लंबे और सफल जुड़ाव की आशा करते हैं। आगे एक महान दिन हो।,3,2
i want to a cable service, मुझे केबल सर्विस चाहिए,1,0
Good morning! You've reached Net link Media/Cable Services. How may I help you today?, सुबह बख़ैर! आप नेट लिंक मीडिया/केबल सेवाओं पर पहुंच गए हैं। आज मैं आपकी कैसे मदद कर सकता हूँ?,3,0
45488,45488,0,0
" Thank you for reaching out to us, we are always here to help you out. Have a great time!"," हमसे संपर्क करने के लिए धन्यवाद, हम आपकी मदद के लिए हमेशा मौजूद हैं। बेहतर समय रहे!",3,2
10 GB, 10 जीबी,0,0
I am looking for a new Cable service. Can you provide me with the details of the best plan you have?, मैं एक नई केबल सेवा की तलाश में हूं। क्या आप मुझे अपनी सबसे अच्छी योजना का विवरण प्रदान कर सकते हैं?,3,0
"Thank you for the information. What service type would you like to purchase? Is it cable, internet or phone?"," जानकारी के लिए धन्यवाद। आप किस प्रकार की सेवा खरीदना चाहेंगे? क्या यह केबल, इंटरनेट या फोन है?",3,0
i need a new cable service connection, मुझे एक नया केबल सेवा कनेक्शन चाहिए,1,0
hj4879, एचजे4879,0,0
"Perfect! The monthly price of the 5 GB cable data plan is $250 including all the taxes. Would you like to confirm your subscription for the 5 GB cable data plan?
", उत्तम! 5 जीबी केबल डेटा प्लान की मासिक कीमत सभी करों सहित $250 है। क्या आप 5 जीबी केबल डेटा प्लान के लिए अपनी सदस्यता की पुष्टि करना चाहेंगे?,3,2
"Hey! Good morning, You're connected to XYZ customer service. I'd be glad to assist you today!"," अरे! सुप्रभात, आप XYZ ग्राहक सेवा से जुड़े हैं। मुझे आज आपकी सहायता करने में खुशी होगी!",3,2
"Great! I've done that for you, is there anything else I may help you with? "," महान! मैंने आपके लिए यह किया है, क्या मैं आपकी कुछ और मदद कर सकता हूँ?",3,2
ok thankyou, ठीक है धन्यवाद,3,0
"Thank you for staying connected. We've made a note of your request, please give us 24 hours for the installation process. Our executives will reach out to you for further details, please feel free to visit our website www.vfibernet.com. ","जुड़े रहने के लिए धन्यवाद। हमने आपके अनुरोध को नोट कर लिया है, कृपया हमें इंस्टॉलेशन प्रक्रिया के लिए 24 घंटे का समय दें। अधिक जानकारी के लिए हमारे अधिकारी आपसे संपर्क करेंगे, कृपया बेझिझक हमारी वेबसाइट www.vfibernet.com देखें।",3,2
HI, नमस्ते,2,0
HI, नमस्ते,2,0
Amazing! Please allow me a moment to process your request., अद्भुत! कृपया मुझे आपके अनुरोध को संसाधित करने के लिए कुछ समय दें।,2,2
ok thank you, ठीक है धन्यवाद,3,0
"Sure! I must say you've reached the right place for that, we provide the best services with the best plans with a very feasible rate. To help you further, could you please help me with the city name and it's zip code?"," ज़रूर! मुझे कहना होगा कि आप उसके लिए सही जगह पर पहुंच गए हैं, हम बहुत ही व्यवहार्य दर के साथ सर्वोत्तम योजनाओं के साथ सर्वोत्तम सेवाएं प्रदान करते हैं। आपकी और मदद करने के लिए, क्या आप कृपया शहर के नाम और उसके ज़िप कोड के बारे में मेरी मदद कर सकते हैं?",3,2
"I really appreciate for your patience. We've made a note of your request, our executives will reach out to you for further details. Please give us 24 hours for the installation process, for further concerns please feel free to visit our website www.vfibernet.com. ","मैं वास्तव में आपके धैर्य की सराहना करता हूं। हमने आपके अनुरोध को नोट कर लिया है, हमारे अधिकारी अधिक जानकारी के लिए आप तक पहुंचेंगे। कृपया हमें स्थापना प्रक्रिया के लिए 24 घंटे दें, अधिक चिंताओं के लिए कृपया बेझिझक हमारी वेबसाइट www.vfibernet.com पर जाएं।",3,2
i want a new cable service, मुझे एक नई केबल सेवा चाहिए,1,0
tulsa, तुलसी,0,0
"Alright! Have a great day, hope to assist you again. Goodbye!"," ठीक है! आपका दिन शुभ हो, आशा है कि आप फिर से मदद करेंगे। अलविदा!",3,2
Have a great day ahead and take care. Goodbye :), आपका दिन अच्छा बीते और अपना ख्याल रखें। अलविदा :),3,2
Awesome! Could you also help me with your home address?, बहुत बढ़िया! क्या आप भी अपने घर का पता बताने में मेरी मदद कर सकते हैं?,3,2
"You are always welcome! Thank you for choosing our service. For any query, please feel free to call us anytime on our toll free number. We are always here to help you!"," आपका हमेशा स्वागत है! हमारी सेवा चुनने के लिए धन्यवाद। किसी भी प्रश्न के लिए, कृपया बेझिझक हमें किसी भी समय हमारे टोल फ्री नंबर पर कॉल करें। हम आपकी मदद करने के लिए हमेशा मौजूद हैं!",3,2
May i know the internet and phone service included in this plan?, क्या मैं इस योजना में शामिल इंटरनेट और फोन सेवा के बारे में जान सकता हूँ?,2,0
Please share the plan details?, कृपया योजना विवरण साझा करें?,2,0
KOCHI AND 56686, कोच्चि और 56686,2,0
yes, हां,2,0
Hello! I'll be glad to help you out. May I know your query?, नमस्ते! मुझे आपकी मदद करने में खुशी होगी। क्या मैं आपकी क्वेरी जान सकता हूँ?,3,2
"Thank you Ganapathi, Could I also have the last four digits of your SSN for verification please?"," धन्यवाद गणपति, क्या मेरे पास सत्यापन के लिए आपके एसएसएन के अंतिम चार अंक भी हो सकते हैं?",3,0
Hello! How may I assist you?, नमस्ते! मैं आपकी कैसे सहायता कर सकता हूँ?,3,0
1 gb, 1 जीबी,0,0
my device is not working, मेरा डिवाइस काम नहीं कर रहा है,1,1
ok, ठीक है,2,0
"Sure! Thanks for reaching out to us in this regard. May I know your city name and zip code, please? "," ज़रूर! इस संबंध में हमसे संपर्क करने के लिए धन्यवाद। क्या मैं आपके शहर का नाम और ज़िप कोड जान सकता हूँ, कृपया?",3,2
Hello and welcome to star cable customer care services. How may I help you today?, नमस्ते और स्टार केबल कस्टमर केयर सर्विसेज में आपका स्वागत है। आज मैं आपकी कैसे मदद कर सकता हूँ?,3,0
"Amazing! Could you also please help me with, which plan you'd like to take-up? We have 1 GB, 5 GB and 10 GB.","अद्भुत! क्या आप कृपया मेरी मदद कर सकते हैं कि आप कौन सी योजना शुरू करना चाहते हैं? हमारे पास 1 जीबी, 5 जीबी और 10 जीबी है।",3,2
Fantastic! Thank you for reaching out to us. Have a great day. Bye., ज़बरदस्त! हमसे संपर्क की पहल के लिए आपका धन्यवाद। आपका दिन अच्छा रहे। अलविदा।,3,2
All Done Thank You Sam, ऑल डन थैंक यू सामी,3,2
"Thank you for contacting Ace cables. How may I provide world class service?
", ऐस केबल्स से संपर्क करने के लिए धन्यवाद। मैं विश्व स्तरीय सेवा कैसे प्रदान कर सकता हूं?,3,2
"Surely. The price for 10GB - $25, 5GB - $10 and 1GB - $5 per month. What's your pick?"," निश्चित रूप से। 10GB - $25, 5GB - $10 और 1GB - $5 प्रति माह की कीमत। आपकी पसंद क्या है?",2,0
HAWAII, हवाई,0,0
I hope you have a great day ahead. Bye!, मुझे आशा है कि आपके लिए आगे एक अच्छा दिन होगा। अलविदा!,3,2
10 gb, 10 जीबी,0,0
I WANT TO SIGN UP NEW CABLE SERVICE, मैं नई केबल सेवा साइन अप करना चाहता/चाहती हूं,1,2
ok confirm it, ठीक है इसकी पुष्टि करें,2,0
"You're welcome, thank you for reaching out us. Please feel free to reach out to us, have an awesome day!"," आपका स्वागत है, हमसे संपर्क करने के लिए धन्यवाद। कृपया बेझिझक हमसे संपर्क करें, आपका दिन शुभ हो!",3,2
You're welcome! May I confirm if all your questions have been answered for the day?, आपका स्वागत है! क्या मैं पुष्टि कर सकता हूँ कि क्या उस दिन के लिए आपके सभी प्रश्नों का उत्तर दे दिया गया है?,3,2
yes, हां,2,0
"You're Welcome! Have a great day, hope to assist you again. Goodbye!"," आपका स्वागत है! आपका दिन शुभ हो, आशा है कि आप फिर से मदद करेंगे। अलविदा!",3,2
"Congratulations! I've confirmed your new  1 GB cable services, Our executives will reach you with the installation within 48 hrs. You are now part of Net Link services, I've also created an account of yours with Net Link. Further you can check all our plans and discounts from our website i.e www.netlink.com.  "," बधाई हो! मैंने आपकी नई 1 जीबी केबल सेवाओं की पुष्टि कर दी है, हमारे अधिकारी 48 घंटे के भीतर इंस्टॉलेशन के साथ आप तक पहुंच जाएंगे। अब आप नेट लिंक सेवाओं का हिस्सा हैं, मैंने नेट लिंक के साथ आपका खाता भी बनाया है। इसके अलावा आप हमारी वेबसाइट www.netlink.com से हमारी सभी योजनाओं और छूटों की जांच कर सकते हैं।",3,2
"Thank you for the information. What service type would you like to purchase? Is it cable, internet or phone?"," जानकारी के लिए धन्यवाद। आप किस प्रकार की सेवा खरीदना चाहेंगे? क्या यह केबल, इंटरनेट या फोन है?",3,0
"We are always here to serve you and help you with your concerns. I hope, I've helped you? Would that be all?"," हम हमेशा आपकी सेवा करने और आपकी चिंताओं में आपकी सहायता करने के लिए यहां हैं। मुझे आशा है, मैंने आपकी मदद की है? क्या वह सब होगा?",3,2
5 gb, 5 जीबी,0,0
Thanks, धन्यवाद,3,2
Nice! Please go ahead and ask your query?, अच्छा! कृपया आगे बढ़ें और अपनी क्वेरी पूछें?,3,2
"Thank you for sharing the details. We provide different services like cable, internet and phone. Could you please tell me the data service that you would to purchase?"," विवरण साझा करने के लिए धन्यवाद। हम केबल, इंटरनेट और फोन जैसी विभिन्न सेवाएं प्रदान करते हैं। क्या आप कृपया मुझे वह डेटा सेवा बता सकते हैं जिसे आप खरीदना चाहते हैं?",3,0
HI, नमस्ते,2,0
ok, ठीक है,2,0
What's up? I need new internet.,क्या हो रहा है? मुझे नया इंटरनेट चाहिए।,1,0
"Awesome! Thank you for the details, please allow me a moment to proceed further. "," बहुत बढ़िया! विवरण के लिए धन्यवाद, कृपया मुझे आगे बढ़ने के लिए कुछ समय दें।",3,2
HI, नमस्ते,2,0
no thanks," जी नहीं, धन्यवाद",3,1
yes, हां,2,0
"My pleasure! It's a pleasure assisting you, thank you for reaching out to us. Have a great day ahead!"," मेरा सौभाग्य! आपकी सहायता करना खुशी की बात है, हमसे संपर्क करने के लिए धन्यवाद। आगे एक महान दिन हो!",3,2
hai, हाय,2,0
hi, नमस्ते,2,0
I WANT NEW CABLE SERVICE, मुझे नई केबल सेवा चाहिए,1,1
okay good bye, अच्छा चलते हैं,2,0
"Thank you! Which data plan are you interested in. We have 1GB, 5GB and 10 GB which costs $3, $5 and $7 respectively.  "," आपको धन्यवाद! आप किस डेटा प्लान में रुचि रखते हैं। हमारे पास 1GB, 5GB और 10GB है जिसकी कीमत क्रमशः $3, $5 और $7 है।",3,0
Hi there! This is your Customer Executive speaking. May I know your query please?, नमस्ते! यह आपका ग्राहक कार्यकारी बोल रहा है। क्या मैं आपका प्रश्न जान सकता हूँ?,3,0
"Amazing! I'll be happy to assist you get the connection, could you please let me know which city you belong to and its zip code?'"," अद्भुत! कनेक्शन प्राप्त करने में आपकी सहायता करने में मुझे खुशी होगी, क्या आप कृपया मुझे बता सकते हैं कि आप किस शहर से संबंधित हैं और उसका ज़िप कोड?'",3,2
Hello! Good morning! You're contacted High speed customer service. How may I assist you today?, नमस्ते! सुबह बख़ैर! आपने हाई स्पीड ग्राहक सेवा से संपर्क किया है। आज मैं आपकी मदद किस तरह कर सकता हूँ?,3,0
Thank you for sharing the details. Could you tell me which data plan would you want to sign up for?, विवरण साझा करने के लिए धन्यवाद। क्या आप मुझे बता सकते हैं कि आप किस डेटा प्लान के लिए साइन अप करना चाहेंगे?,3,0
That's a good choice! I'd like to inform you that your requested service will be activated in the next 2 business days., यह एक अच्छा विकल्प है! मैं आपको सूचित करना चाहता हूं कि आपकी अनुरोधित सेवा अगले 2 व्यावसायिक दिनों में सक्रिय हो जाएगी।,3,2
"I will surely help you out with that, but before we go ahead with the procedure could you please help me with your city name and it's zip code please?"," मैं निश्चित रूप से इसमें आपकी मदद करूंगा, लेकिन इससे पहले कि हम प्रक्रिया को आगे बढ़ाएं, क्या आप कृपया मुझे अपने शहर के नाम और उसके ज़िप कोड के साथ मदद कर सकते हैं?",3,0
like to purchase, खरीदना पसंद है,2,2
"Sure, the plan is just for $50 a month. Would you have any queries regarding this plan?"," ज़रूर, यह योजना केवल $50 प्रति माह के लिए है। क्या आप इस योजना के बारे में कोई प्रश्न पूछना चाहेंगे?",3,0
Sure thing! Could you please let me know what you'd like to purchase?, अवश्य! क्या आप कृपया मुझे बता सकते हैं कि आप क्या खरीदना चाहते हैं?,3,0
need to sign up a new service, एक नई सेवा साइन अप करने की आवश्यकता है,1,0
Thank you. I will go ahead and activate the same for you right away., शुक्रिया। मैं आगे बढ़ूंगा और इसे तुरंत आपके लिए सक्रिय करूंगा।,3,2
hi, नमस्ते,2,0
I like to sign up for Internet Services., मुझे इंटरनेट सेवाओं के लिए साइन अप करना पसंद है।,2,0
Hello! You've been connected to Zoom cable services. How may I assist you today?, नमस्ते! आप ज़ूम केबल सेवाओं से कनेक्ट हो गए हैं। आज मैं आपकी मदद किस तरह कर सकता हूँ?,3,0
10 gb new cable service provide to home, 10 जीबी की नई केबल सेवा घर-घर पहुंचाएगी,0,0
Good morning! You've reached Net link Media/Cable Services. How may I help you?, सुबह बख़ैर! आप नेट लिंक मीडिया/केबल सेवाओं पर पहुंच गए हैं। क्या मेरे द्वारा आपकी कोई सहायता हो सकती है?,3,0
OK BYE, चलो बाय,2,0
Sure! May I know the name of your city with it's zip code to process the request., ज़रूर! क्या मैं अनुरोध को संसाधित करने के लिए आपके शहर का नाम इसके ज़िप कोड के साथ जान सकता हूं।,2,0
"I apologize, we have no offers right now to provide you. However, we will definitely get back to you with the best offers.","मैं क्षमा चाहता हूँ, अभी हमारे पास आपको प्रदान करने के लिए कोई प्रस्ताव नहीं है। हालांकि, हम निश्चित रूप से आपके पास बेहतरीन ऑफर्स के साथ वापस आएंगे।",3,1
1.23457E+14,1.23457E+14,0,0
my name is laksh, मेरा नाम लक्ष्मी है,1,0
i need a new data plan, मुझे एक नया डेटा प्लान चाहिए,1,1
hello, नमस्ते,2,0
5 GB, 5 जीबी,0,0
Good Morning, शुभ प्रभात,3,0
"Hi! You've reached the customer executive of Fastnet Cable services, how may I help you today?
"," नमस्ते! आप Fastnet Cable सेवाओं के ग्राहक कार्यकारी तक पहुँच चुके हैं, मैं आज आपकी कैसे मदद कर सकता हूँ?",3,0
Bye!, अलविदा!,2,0
Fantastic! I've forwarded your subscription request for 10 GB internet data plan. You will be receiving a confirmation call regarding the same within the next few hours. We hope you enjoy our service. Will there be anything else I could help you with?, ज़बरदस्त! मैंने 10 जीबी इंटरनेट डेटा प्लान के लिए आपका सब्सक्रिप्शन अनुरोध अग्रेषित कर दिया है। आपको अगले कुछ घंटों के भीतर उसी के संबंध में एक पुष्टिकरण कॉल प्राप्त होगा। हमें उम्मीद है कि आप हमारी सेवा का आनंद लेंगे। क्या कुछ और होगा जिसमें मैं आपकी मदद कर सकूं?,3,2
No..Thanks for helped me., नहीं..मेरी मदद करने के लिए धन्यवाद।,3,2
"my address is 2212,waller street,TX"," मेरा पता 2212 है, वॉलर स्ट्रीट, TX",2,0
no thanks," जी नहीं, धन्यवाद",3,1
All right! My team shall get back to you soon. Anything else I may help you with?, ठीक है! मेरी टीम जल्द ही आपके पास वापस आएगी। कुछ और मैं आपकी मदद कर सकता हूँ?,3,0
I have great chat to clarify my query. Thanking you., मेरी क्वेरी को स्पष्ट करने के लिए मेरे पास बहुत अच्छी बातचीत है। आपको धन्यवाद।,3,2
Thank you, आपको धन्यवाद,2,2
ok thanks, ठीक है धन्यवाद,3,0
no, नहीं,1,1
after 1 pm, दोपहर 1 बजे के बाद,0,0
I need cable service with fast internet and phone service., मुझे तेज इंटरनेट और फोन सेवा के साथ केबल सेवा चाहिए।,2,0
The activation shall be done. This plan would cost you $15 per month., एक्टिवेशन किया जाना है। इस योजना के लिए आपको प्रति माह $15 खर्च होंगे।,2,0
My city is washington and zip code is 90210, मेरा शहर वाशिंगटन है और ज़िप कोड 90210 . है,2,0
"OK THANK YOU, HAVE A GREAT DAY"," ठीक है धन्यवाद, आपका दिन शुभ हो",3,2
10gb data plan, 10GB डेटा प्लान,0,0
"Sure! Before we help you purchase the service, could you please help me with your city name and zip code?"," ज़रूर! इससे पहले कि हम सेवा खरीदने में आपकी मदद करें, क्या आप कृपया अपने शहर के नाम और ज़िप कोड के साथ मेरी मदद कर सकते हैं?",3,0
OK, ठीक है,2,0
"Thank you! For the internet packages we have  (1GB, 5 GB, 10 GB) which are $5, $10 and $29 respectively. Could you now please go ahead and choose a package for yourself?"," आपको धन्यवाद! इंटरनेट पैकेज के लिए हमारे पास (1GB, 5GB, 10GB) हैं जो क्रमशः $5, $10 और $29 हैं। क्या अब आप कृपया आगे बढ़ सकते हैं और अपने लिए एक पैकेज चुन सकते हैं?",3,2
hi, नमस्ते,2,0
"Aahil, I'd like to inform you that your previous month bill statement dated from 1 August 2018 to 31 August 2018 states an amount of $56. "," आहिल, मैं आपको सूचित करना चाहता हूं कि 1 अगस्त 2018 से 31 अगस्त 2018 तक के आपके पिछले महीने के बिल स्टेटमेंट में $56 की राशि बताई गई है।",2,0
"HI,GOOD MORNING", हाय सुप्रभात,3,0
i want to purchase 5gb, मैं 5gb खरीदना चाहता हूँ,1,0
Have a nice day ahead and take care. Goodbye,आगे आपका दिन अच्छा हो और अपना ख्याल रखें। अलविदा,3,0
5 GB, 5 जीबी,0,0
Good morning! You've reached Net link Media/Cable Services. How may I help you today?, सुबह बख़ैर! आप नेट लिंक मीडिया/केबल सेवाओं पर पहुंच गए हैं। आज मैं आपकी कैसे मदद कर सकता हूँ?,3,0
"Hey! Good morning, You've reached D-link customer service. How may I assist you today? "," अरे! सुप्रभात, आप डी-लिंक ग्राहक सेवा तक पहुँच चुके हैं। आज मैं आपकी मदद किस तरह कर सकता हूँ?",3,0
Fantastic! Thank you for reaching out to us. Have a nice day. Bye., ज़बरदस्त! हमसे संपर्क की पहल के लिए आपका धन्यवाद। आपका दिन शुभ हो। अलविदा।,3,2
ok bey, ठीक है,2,0
yes, हां,2,0
Thank you for choosing our service. I had a great time assisting you. Please feel free to reach out to us. Have a good day!, हमारी सेवा चुनने के लिए धन्यवाद। मुझे आपकी सहायता करने में बहुत अच्छा लगा। कृपया बेझिझक हमसे संपर्क करें। आपका दिन शुभ हो!,3,2
53789,53789,0,0
like to purchase cable service, केबल सेवा खरीदना पसंद करते हैं,2,0
okey, शाबाशी,2,0
Sure! May I know the name of your city with it's zip code to process the request., ज़रूर! क्या मैं अनुरोध को संसाधित करने के लिए आपके शहर का नाम इसके ज़िप कोड के साथ जान सकता हूं।,2,0
Sure! I'll help you with that. Could you please provide me the city and the zip code?, ज़रूर! मैं इसमें आपकी मदद करूंगा। क्या आप कृपया मुझे शहर और ज़िप कोड प्रदान कर सकते हैं?,3,0
Great! Could you help me with the zip code of Illinois please?, महान! क्या आप कृपया इलिनॉय के ज़िप कोड के साथ मेरी मदद कर सकते हैं?,3,2
i want to sign up new service., मैं नई सेवा साइन अप करना चाहता हूं।,1,2
"Definitely! I am here to help you out. Could you please help me with your query, so that I could help you in the best way?"," निश्चित रूप से! मैं यहां आपकी मदद करने के लिए हूं। क्या आप कृपया मुझे अपने प्रश्न में मदद कर सकते हैं, ताकि मैं आपकी सर्वोत्तम तरीके से मदद कर सकूं?",3,2
I'm glad I could help. Thank you for trusting AT&T to serve your needs. Have a wonderful day., मैं खुश हूं कि मैं मदद कर सका। अपनी जरूरतों को पूरा करने के लिए एटी एंड टी पर भरोसा करने के लिए धन्यवाद। शानदार दिन हो।,3,2
Phone, फ़ोन,0,0
31284,31284,0,0
"Perfect! I've made a request for the same. Would there be anything else apart from this, I may help you with?"," उत्तम! मैंने इसके लिए अनुरोध किया है। क्या इसके अलावा और कुछ होगा, मैं आपकी मदद कर सकता हूँ?",3,2
ssn 1546, एसएसएन 1546,0,0
Perfect I will go ahead and activate the plan! Is there anything else I may help you out with?, बिल्कुल सही मैं आगे बढ़ूंगा और योजना को सक्रिय करूंगा! क्या कुछ और है जिसमें मैं आपकी मदद कर सकता हूं?,3,2
625224,625224,0,0
ok can you tell me the cost of every plan it help me to decide the plan," ठीक है, क्या आप मुझे हर योजना की लागत बता सकते हैं जो मुझे योजना तय करने में मदद करती है",2,0
hai, हाय,2,0
Okay. If there are any doubts regarding the pricing and installation. I'll be happy to help., ठीक। यदि मूल्य निर्धारण और स्थापना के संबंध में कोई संदेह है। मुझे मदद करने में खुशी होगी.,2,0
ok, ठीक है,2,0
i need information about my bill, मुझे अपने बिल के बारे में जानकारी चाहिए,2,0
Great! Could you help me with the zip code of Delhi please?,महान! क्या आप दिल्ली के ज़िप कोड के बारे में मेरी मदद कर सकते हैं?,3,2
NOTHING ELSE, और कुछ नहीं,2,0
Could you please tell me the time for activation?, क्या आप कृपया मुझे सक्रियण का समय बता सकते हैं?,3,0
ok, ठीक है,2,0
OKAY, ठीक है,2,0
HAVE A GOOD DAY, आपका दिन शुभ हो,0,2
THANKS A LOT.. NOTHING ELSE, बहुत बहुत धन्यवाद.. और कुछ नहीं,3,2
"Surely, I'm glad. Would there be anything else that I could help you with?"," ज़रूर, मैं ख़ुश हूँ। क्या कुछ और होगा जिसमें मैं आपकी मदद कर सकूं?",3,2
"Great! We offer 1 GB, 5 GB and 10 GB, which one would you like to purchase?"," महान! हम 1 जीबी, 5 जीबी और 10 जीबी की पेशकश करते हैं, आप किसे खरीदना चाहेंगे?",3,2
"Hello! Welcome to Zoom services, how may I assist you? "," नमस्ते! ज़ूम सेवाओं में आपका स्वागत है, मैं आपकी कैसे सहायता कर सकता हूँ?",3,0
Sure thing!  I must say you've reached the right place for the best services and best plans. I'll surely help you in this regard. Could you please help me with the name of the city you live in and it's zip code?, अवश्य! मुझे कहना होगा कि आप सर्वोत्तम सेवाओं और सर्वोत्तम योजनाओं के लिए सही जगह पर पहुँचे हैं। मैं इस संबंध में आपकी अवश्य सहायता करूंगा। क्या आप कृपया मुझे उस शहर का नाम बताने में मदद कर सकते हैं जिसमें आप रहते हैं और उसका ज़िप कोड?,3,2
ok, ठीक है,2,0
hi, नमस्ते,2,0
no thanks," जी नहीं, धन्यवाद",3,1
NO, ना,1,1
no thanks," जी नहीं, धन्यवाद",3,1
OK THANK YOU, ठीक है धन्यवाद,3,2
"That's a great choice! As you'll be having access to the whole data and the quality of 10Gb data plan is amazing. But I'd also want to inform you that the 10Gb data plan for cable service would cost you $20 per month, would you want me to confirm the service? "," यह एक बढ़िया विकल्प है! जैसा कि आपके पास संपूर्ण डेटा तक पहुंच होगी और 10Gb डेटा प्लान की गुणवत्ता अद्भुत है। लेकिन मैं आपको यह भी सूचित करना चाहता हूं कि केबल सेवा के लिए 10Gb डेटा प्लान के लिए आपको प्रति माह $20 का खर्च आएगा, क्या आप चाहते हैं कि मैं सेवा की पुष्टि करूं?",3,2
no, नहीं,1,1
"Hello! Good evening, Fast net cable services. How may I assist you today?
"," नमस्ते! शुभ संध्या, फास्ट नेट केबल सेवाएं। आज मैं आपकी मदद किस तरह कर सकता हूँ?",3,0
"Sure, I'll be glad to assist you, but could you please tell me which month's bill are you looking for?"," ज़रूर, मुझे आपकी सहायता करने में खुशी होगी, लेकिन क्या आप कृपया मुझे बता सकते हैं कि आप किस महीने का बिल ढूंढ रहे हैं?",3,0
OK, ठीक है,2,0
ok, ठीक है,2,0
Hello and welcome to star cable customer care services. How may I assist you today?, नमस्ते और स्टार केबल कस्टमर केयर सर्विसेज में आपका स्वागत है। आज मैं आपकी मदद किस तरह कर सकता हूँ?,3,0
yes, हां,2,0
HI SIR...I REQUEST YOU TO SIGNUP FOR NEW CONNECTION...,नमस्ते सर...मैं आपसे नए कनेक्शन के लिए साइन अप करने का अनुरोध करता हूं...,3,0
Thank you for choosing our services. I had a great time assisting you. Please do feel free to reach out to us for further queries. Have a good day!, हमारी सेवाओं को चुनने के लिए धन्यवाद। मुझे आपकी सहायता करने में बहुत अच्छा लगा। कृपया आगे के प्रश्नों के लिए हमसे बेझिझक संपर्क करें। आपका दिन शुभ हो!,3,2
"Awesome! Lastly, could you please let me know the credit card number? "," बहुत बढ़िया! अंत में, क्या आप कृपया मुझे क्रेडिट कार्ड नंबर बता सकते हैं?",3,2
ok, ठीक है,2,0
Definitely!! Thanks for contacting Annabelle media services in this regards. We are delighted to serve you. May I know your city name and zip code please?,निश्चित रूप से!! इस संबंध में ऐनाबेले मीडिया सेवाओं से संपर्क करने के लिए धन्यवाद। हम आपकी सेवा करके प्रसन्न हैं। क्या मैं आपके शहर का नाम और ज़िप कोड जान सकता हूँ?,3,2
yes, हां,2,0
"Hello! Good Morning. Welcome to media cable service, how may I help you out today?","नमस्ते! शुभ प्रभात। मीडिया केबल सेवा में आपका स्वागत है, मैं आज आपकी कैसे मदद कर सकता हूँ?",3,0
internet, इंटरनेट,0,0
I like to conect a new phone service., मुझे एक नई फोन सेवा कनेक्ट करना पसंद है।,2,0
Have a nice day ahead and take care. Goodbye!, आगे आपका दिन अच्छा हो और अपना ख्याल रखें। अलविदा!,3,0
city little rock zip code 21201, सिटी लिटिल रॉक ज़िप कोड 21201,2,0
10gb, 10जीबी,0,0
Perfect! Is there anything else that I may help you with?, उत्तम! क्या कुछ और है जिसमें मैं आपकी मदद कर सकता हूं?,3,2
Perfect! Please allow me a moment while I get this done for you., उत्तम! कृपया मुझे एक क्षण का समय दें जब तक कि मैं आपके लिए यह कर दूं।,2,2
ok, ठीक है,2,0
My city name is California and zip code is 90001., मेरे शहर का नाम कैलिफ़ोर्निया है और ज़िप कोड 90001 है।,1,0
trivandrum, तिरुवनंतपुरम,0,0
no thanks," जी नहीं, धन्यवाद",3,1
Great! Thanks for your help Rory. Everything is done for the day.. Have a nice day.. Good bye., महान! आपकी मदद के लिए धन्यवाद रोरी। दिन के लिए सब कुछ किया जाता है .. आपका दिन शुभ हो .. अलविदा।,3,2
i need internet service, मुझे इंटरनेट सेवा चाहिए,1,0
melur 5145, मेलुर 5145,0,0
"Surely!! Thanks for showing your interest in D-link services, We're pleased. May I know your city name and zip code please? "," निश्चित रूप से !! डी-लिंक सेवाओं में अपनी रुचि दिखाने के लिए धन्यवाद, हमें खुशी है। क्या मैं आपके शहर का नाम और ज़िप कोड जान सकता हूँ?",3,2
city Phoenix zipcode 85001, शहर फीनिक्स ज़िपकोड 85001,0,0
Hello! How may I assist you today?, नमस्ते! आज मैं आपकी मदद किस तरह कर सकता हूँ?,3,0
no thanks," जी नहीं, धन्यवाद",3,1
Alright I have now confirmed the package for you and also created an account on your name. Our associate would visit your house shortly and help you with the service installation. Is there anything else I could help you with for today?," ठीक है, मैंने अब आपके लिए पैकेज की पुष्टि कर दी है और आपके नाम पर एक खाता भी बनाया है। हमारे सहयोगी शीघ्र ही आपके घर आएंगे और सेवा स्थापना में आपकी सहायता करेंगे। क्या आज के लिए मैं आपकी कुछ और मदद कर सकता हूँ?",2,0
HI, नमस्ते,2,0
NEW YORK CITY, न्यूयॉर्क शहर,0,0
hello, नमस्ते,2,0
OK SURE, यकीनन ठीक,2,2
"Valuable customers like you are always welcome. Thank you for choosing our service. For any query, please feel free to ask us anytime. We are always here to help you."," आप जैसे मूल्यवान ग्राहकों का हमेशा स्वागत है। हमारी सेवा चुनने के लिए धन्यवाद। किसी भी प्रश्न के लिए, कृपया बेझिझक हमसे कभी भी पूछें। हम आपकी मदद करने के लिए हमेशा मौजूद हैं।",3,2
Surely! Thank you for contacting Sun feast media services. We are always at your service. May I know your city name and zip code please?, निश्चित रूप से! सूर्य दावत मीडिया सेवाओं से संपर्क करने के लिए धन्यवाद। हम हमेशा आपकी सेवा में हैं। क्या मैं आपके शहर का नाम और ज़िप कोड जान सकता हूँ?,3,2
hi, नमस्ते,2,0
I am Jacob James and my account number is 2857618450258249, मैं जैकब जेम्स हूं और मेरा अकाउंट नंबर 2857618450258249 है,2,0
"ok fine, nothing else thank you so much"," ठीक है ठीक है, और कुछ नहीं बहुत बहुत धन्यवाद",3,0
You're welcome! Would there be anything else I may assist you with?, आपका स्वागत है! क्या कुछ और होगा जिसमें मैं आपकी सहायता कर सकूं?,3,2
HI, नमस्ते,2,0
OK THANK YOU, ठीक है धन्यवाद,3,2
"Awesome! Thanks for reaching out to us, hope you'll have a wonderful day ahead. "," बहुत बढ़िया! हमसे संपर्क करने के लिए धन्यवाद, आशा है कि आगे आपका दिन शानदार रहेगा।",3,2
OK, ठीक है,2,0
"Alright! Thanks for choosing our services, feel free to reach us when needed. Have an amazing day, goodbye.","ठीक है! हमारी सेवाओं को चुनने के लिए धन्यवाद, जरूरत पड़ने पर हमसे बेझिझक संपर्क करें। आपका दिन अद्भुत हो, अलविदा।",3,2
"Alright, Would there be anything else I may help you with? "," ठीक है, क्या मैं आपकी कुछ और मदद कर सकता हूँ?",2,0
Sure! I'll help you with that. Could you please help me with your city name and the zip code?, ज़रूर! मैं इसमें आपकी मदद करूंगा। क्या आप कृपया मुझे अपने शहर के नाम और ज़िप कोड के साथ मदद कर सकते हैं?,3,0
Hi!, नमस्ते!,3,0
"Nothing else, Thank you for your information. Have a nice day to chat with you. "," और कुछ नहीं, आपकी जानकारी के लिए धन्यवाद। आपके साथ चैट करने के लिए एक अच्छा दिन है।",3,0
"Phoenix, Arizona"," फोइनिक्स, एरिज़ोना",0,0
GOA 777777, गोवा 777777,0,0
BOSE, बोस,0,0
Perfect! The 10 GB will cost you $7 including all taxes. I will go ahead and activate the same for you., उत्तम! 10 जीबी की कीमत आपको सभी करों सहित $7 होगी। मैं आगे बढ़ूंगा और इसे आपके लिए सक्रिय करूंगा।,3,2
Are we connected?, क्या हम जुड़े हुए हैं?,0,0
YES, हां,2,2
goa 789877, गोवा 789877,0,0
"My pleasure! Thank you for reaching out to us, have an awesome day ahead!"," मेरा सौभाग्य! हमसे संपर्क करने के लिए धन्यवाद, आपका आने वाला दिन शानदार हो!",3,2
Hello! How may I assist you today?, नमस्ते! आज मैं आपकी मदद किस तरह कर सकता हूँ?,3,0
hai, हाय,2,0
CAN YOU PROVIDE THE DATA PLANS, क्या आप डेटा प्लान प्रदान कर सकते हैं,2,0
45106,45106,0,0
byee, अलविदा,2,0
Hello and welcome to Universal cable customer care services. How may I assist you today?, नमस्ते और यूनिवर्सल केबल कस्टमर केयर सर्विसेज में आपका स्वागत है। आज मैं आपकी मदद किस तरह कर सकता हूँ?,3,0
Good morning! You've reached Net link Media/Cable Services. How may I help you today?, सुबह बख़ैर! आप नेट लिंक मीडिया/केबल सेवाओं पर पहुंच गए हैं। आज मैं आपकी कैसे मदद कर सकता हूँ?,3,0
Okay. Would you like to confirm this plan for you?, ठीक। क्या आप अपने लिए इस योजना की पुष्टि करना चाहेंगे?,3,0
Good morning! You've reached Net link Media/Cable Services. How may I help you today?, सुबह बख़ैर! आप नेट लिंक मीडिया/केबल सेवाओं पर पहुंच गए हैं। आज मैं आपकी कैसे मदद कर सकता हूँ?,3,0
its enough thank you very much, यह काफी है आपका बहुत-बहुत धन्यवाद,3,0
ok, ठीक है,2,0
"Perfect! Thank you for the response. Could you please allow me a moment, while I get this done for you?"," उत्तम! जवाब देने के लिए धन्यवाद। क्या आप कृपया मुझे एक क्षण की अनुमति दे सकते हैं, जबकि मैं यह आपके लिए करवाता हूं?",3,2
city Huntsville zip code 35801, शहर हंट्सविल ज़िप कोड 35801,0,0
"As there is no response, I'm forced to end the chat. Please feel free to contact us for any further queries. Have a great day ahead! Bye!"," चूंकि कोई प्रतिक्रिया नहीं है, मुझे चैट समाप्त करने के लिए मजबूर किया गया है। कृपया किसी भी अन्य प्रश्न के लिए हमसे बेझिझक संपर्क करें। आगे एक महान दिन हो! अलविदा!",2,1
yes, हां,2,0
ok, ठीक है,2,0
madurai, मदुरै,0,0
aravinth 7458963214785962, अरविंथ 7458963214785962,0,0
Already i informed you that 5 GB, मैंने आपको पहले ही सूचित कर दिया है कि 5 जीबी,0,0
5gb, 5जीबी,0,0
hi, नमस्ते,2,0
Thank you. The 5GB will cost you $5 including all taxes. I will activate the same for you.,शुक्रिया। 5GB की कीमत आपको सभी करों सहित $5 होगी। मैं आपके लिए इसे सक्रिय कर दूंगा।,3,2
no thanks for your wonderful help, आपकी अद्भुत मदद के लिए धन्यवाद नहीं,3,1
5 $, 5 $,0,0
Hello! Welcome to D-Link customer care chat service. How may I help you today?, नमस्ते! डी-लिंक कस्टमर केयर चैट सर्विस में आपका स्वागत है। आज मैं आपकी कैसे मदद कर सकता हूँ?,3,0
i prefer 5 gb plan casey, मुझे 5 जीबी प्लान केसी पसंद है,2,0
"Sure, the plan is for $50 a month. Would you have any queries regarding this plan?"," ज़रूर, यह योजना $50 प्रति माह के लिए है। क्या आप इस योजना के बारे में कोई प्रश्न पूछना चाहेंगे?",3,0
Would there be anything else I may help you with?, क्या कुछ और होगा जिसमें मैं आपकी मदद कर सकूं?,2,0
ok thank you, ठीक है धन्यवाद,3,0
"Yes! Definitely, We are pleased that you chose us in this regards. I'm glad to assist you. I'll need your details to proceed further. "," हाँ! निश्चित रूप से, हमें खुशी है कि आपने हमें इस संबंध में चुना। मुझे आपकी सहायता करने में खुशी हो रही है। आगे बढ़ने के लिए मुझे आपके विवरण की आवश्यकता होगी।",3,2
nallukowsi76@gmail.com, nllukowsi76@gmail.com,2,0
No more help needed Alex.All done for the day.. Have a nice day..Good bye, अब और मदद की ज़रूरत नहीं है एलेक्स।दिन के लिए सब कुछ किया.. आपका दिन शुभ हो..अलविदा,3,0
Nothing else,और कुछ नहीं,2,0
ok, ठीक है,2,0
"And, the timings you would prefer for installation, we are available from 8 AM-12 PM or 12 PM-3 PM or 3 PM-7 PM which one would you prefer?"," और, स्थापना के लिए आप जिस समय को पसंद करेंगे, हम सुबह 8 बजे से दोपहर 12 बजे तक या दोपहर 12 बजे से दोपहर 3 बजे तक या दोपहर 3 बजे से शाम 7 बजे तक उपलब्ध हैं, आप किसे पसंद करेंगे?",3,0
"It's a pleasure assisting you. Thank you for reaching out to us, have an awesome day ahead!"," आपकी सहायता करना खुशी की बात है। हमसे संपर्क करने के लिए धन्यवाद, आपका आने वाला दिन शानदार हो!",3,2
"surely, thank you. Which data plan would you prefer?"," निश्चित रूप से, धन्यवाद। आप कौन सा डेटा प्लान पसंद करेंगे?",3,0
I WANT NEW INTERNET CONNECTION, मुझे नया इंटरनेट कनेक्शन चाहिए,1,0
"Sure, the cost for the plan will be $90 for one month. And you'll get discounts if you continue with the service in future."," निश्चित रूप से, योजना की लागत एक महीने के लिए $90 होगी। और अगर आप भविष्य में सेवा जारी रखते हैं तो आपको छूट मिलेगी।",2,2
city Denver and zip code 80201, शहर डेनवर और ज़िप कोड 80201,0,0
"Superb! Could you please share the type of plan you'd choose among 1 GB, 5 GB and 10 GB?"," शानदार! क्या आप कृपया 1 जीबी, 5 जीबी और 10 जीबी के बीच चुने गए प्लान के प्रकार को साझा कर सकते हैं?",3,2
ok, ठीक है,2,0
code : 625415, कोड: 625415,0,0
hello, नमस्ते,2,0
"Thank you for choosing our service. For any query, please feel free to ask us anytime. We are always here to help you."," हमारी सेवा चुनने के लिए धन्यवाद। किसी भी प्रश्न के लिए, कृपया बेझिझक हमसे कभी भी पूछें। हम आपकी मदद करने के लिए हमेशा मौजूद हैं।",3,2
Thank you for sharing the details. I've updated your details accordingly.,विवरण साझा करने के लिए धन्यवाद। मैंने तदनुसार आपके विवरण अपडेट कर दिए हैं।,3,0
Thank you for contacting our service. I hope you have a great day ahead. Bye!,हमारी सेवा से संपर्क करने के लिए धन्यवाद। मुझे आशा है कि आपके लिए आगे एक अच्छा दिन होगा। अलविदा!,3,2
no, नहीं,1,1
All done. Have a perfect day.Good bye, सब कुछ कर दिया। आपका दिन अच्छा रहे।अलविदा,3,2
nothing, कुछ नहीं,1,0
yes sir, जी श्रीमान,1,0
sure sir, जरूर मालिक,2,0
Thanks a lot, बहुत-बहुत धन्यवाद,3,2
Can you please elaborate your query dear user?, क्या आप कृपया अपनी क्वेरी को विस्तृत कर सकते हैं प्रिय उपयोगकर्ता?,3,0
ok, ठीक है,2,0
Superb! How may I assist you today?, शानदार! आज मैं आपकी मदद किस तरह कर सकता हूँ?,2,2
okay, ठीक है,2,0
Thank you for choosing our services. I had a good time assisting you. Please feel free to reach out to us for further queries. Have a nice day!,हमारी सेवाओं को चुनने के लिए धन्यवाद। मेरे पास आपकी सहायता करने का अच्छा समय था। कृपया आगे के प्रश्नों के लिए हमसे बेझिझक संपर्क करें। आपका दिन शुभ हो!,3,2
i want 5GB plan, मुझे 5GB प्लान चाहिए,1,0
Excellent plans you have Robin..., आपके पास रॉबिन की बेहतरीन योजनाएँ हैं ...,3,2
"Thanks for reaching out to us. It was pleasure to assist you. We look forward for long and successful association. Have a great day ahead.
", हमसे संपर्क करने के लिए धन्यवाद। आपकी सहायता करके खुशी हुई। हम लंबे और सफल जुड़ाव की आशा करते हैं। आगे एक महान दिन हो।,3,2
"Thank you for staying connected. We've made a note of your request, please give us 24 hours for the installation process. Our executives will reach out to you for further details, please feel free to visit our website www.actfibernet.com.","जुड़े रहने के लिए धन्यवाद। हमने आपके अनुरोध को नोट कर लिया है, कृपया हमें इंस्टॉलेशन प्रक्रिया के लिए 24 घंटे का समय दें। अधिक जानकारी के लिए हमारे अधिकारी आपसे संपर्क करेंगे, कृपया बेझिझक हमारी वेबसाइट www.actfibernet.com देखें।",3,2
You're welcome! May I confirm if all your questions have been answered for the day?, आपका स्वागत है! क्या मैं पुष्टि कर सकता हूँ कि क्या उस दिन के लिए आपके सभी प्रश्नों का उत्तर दे दिया गया है?,3,2
Hello! I'll be glad to help you out. May I know your query?, नमस्ते! मुझे आपकी मदद करने में खुशी होगी। क्या मैं आपकी क्वेरी जान सकता हूँ?,3,0
Is there anything else I may help you with today?, क्या आज मैं आपकी कुछ और मदद कर सकता हूँ?,2,0
Okay. How else can I help you?, ठीक। मैं आपकी और कैसे मदद कर सकता हूं?,2,0
i need a new cable service connection, मुझे एक नया केबल सेवा कनेक्शन चाहिए,1,0
My city name is chennai., मेरे शहर का नाम चेन्नई है।,1,0
Sure! Thank you for giving us a chance to serve you. Could you please help me with your city name and the zip code?, ज़रूर! हमें आपकी सेवा करने का मौका देने के लिए धन्यवाद। क्या आप कृपया मुझे अपने शहर के नाम और ज़िप कोड के साथ मदद कर सकते हैं?,3,2
ok, ठीक है,2,0
i data 1 gb data plan, आई डेटा 1 जीबी डेटा प्लान,1,0
Perfect! Will there be anything else I could help you with?, उत्तम! क्या कुछ और होगा जिसमें मैं आपकी मदद कर सकूं?,2,2
You're welcome! Would there be anything else I may help you with?, आपका स्वागत है! क्या कुछ और होगा जिसमें मैं आपकी मदद कर सकूं?,2,2
tulsa, तुलसी,0,0
TAMILNADU INDIA 625105, तमिलनाडु भारत 625105,0,0
Fantastic! Thank you for reaching out to us. Have a great day. Bye., ज़बरदस्त! हमसे संपर्क की पहल के लिए आपका धन्यवाद। आपका दिन अच्छा रहे। अलविदा।,3,2
"Superb! Thank you for the details. We have 1 GB, 5 GB and 10 GB data plans for our cable services. Which one of these would you prefer?"," शानदार! विवरण के लिए धन्यवाद। हमारी केबल सेवाओं के लिए हमारे पास 1 जीबी, 5 जीबी और 10 जीबी डेटा प्लान हैं। आप इनमें से किसे पसंद करेंगे?",3,2
"Additionally, I would like to ask that which data plan are you interested in. We have 1 GB that costs $5, 5 GB that costs $25 and 10 GB that costs $50 respectively.  ","इसके अतिरिक्त, मैं पूछना चाहता हूं कि आप किस डेटा प्लान में रुचि रखते हैं। हमारे पास 1 जीबी है जिसकी कीमत $ 5 है, 5 जीबी है जिसकी कीमत $ 25 और 10 जीबी है जिसकी कीमत क्रमशः $ 50 है।",3,0
Thank you for contacting us. I hope you have a great day ahead. Bye!, हमसे संपर्क करने के लिए धन्यवाद। मुझे आशा है कि आपके लिए आगे एक अच्छा दिन होगा। अलविदा!,3,2
hai, हाय,2,0
"Great! Which data plan would you like to purhcase? We have 1GB, 5GB and 10GB data plans available."," महान! आप किस डेटा प्लान को खरीदना चाहेंगे? हमारे पास 1GB, 5GB और 10GB डेटा प्लान उपलब्ध हैं।",3,2
OK, ठीक है,2,0
"Good news! I'd like to inform you that, I've confirmed you new 5 GB cable connection. Our executives will reach you within 48 hrs for the installation. Is there anything else that I may help you with?"," खुशखबरी! मैं आपको सूचित करना चाहता हूं कि, मैंने आपको नए 5 जीबी केबल कनेक्शन की पुष्टि की है। स्थापना के लिए हमारे अधिकारी 48 घंटे के भीतर आप तक पहुंचेंगे। क्या कुछ और है जिसमें मैं आपकी मदद कर सकता हूं?",3,2
no thanks," जी नहीं, धन्यवाद",3,1
"Sure, I'll do my best to assist you in this regards. Could you share the city and the zip code?"," ज़रूर, मैं इस संबंध में आपकी सहायता करने की पूरी कोशिश करूँगा। क्या आप शहर और पिन कोड साझा कर सकते हैं?",3,0
"Hello there! Welcome to Act fiber net services, how may I help you today?"," नमस्ते! एक्ट फाइबर नेट सेवाओं में आपका स्वागत है, मैं आज आपकी कैसे मदद कर सकता हूँ?",3,0
no thanks," जी नहीं, धन्यवाद",3,1
HII, HII,2,0
nothing, कुछ नहीं,1,0
All right. I've initiated a request for the 1GB data plan. You would be receiving a confirmation message regarding this along with the payment link. Is there anything else I may help you with?, ठीक है। मैंने 1GB डेटा प्लान के लिए एक अनुरोध शुरू किया है। आपको भुगतान लिंक के साथ इस संबंध में एक पुष्टिकरण संदेश प्राप्त होगा। क्या कुछ और है जिसमें मैं आपकी मदद कर सकता हूं?,3,0
Perfect! Could you please let me know which data plan would you like to purchase?, उत्तम! क्या आप कृपया मुझे बता सकते हैं कि आप कौन सा डेटा प्लान खरीदना चाहेंगे?,3,2
I would like to see my bill details, मैं अपना बिल विवरण देखना चाहता/चाहती हूं,3,0
ok thanks spencer, ठीक है धन्यवाद स्पेंसर,3,2
5gb, 5जीबी,0,0
ok, ठीक है,2,0
"Wonderful! It was great assisting you, we are always here to help you in any issues relating to cable/media. Goodbye!"," अद्भुत! आपकी सहायता करके बहुत अच्छा लगा, केबल/मीडिया से संबंधित किसी भी मुद्दे में आपकी सहायता के लिए हम हमेशा यहां मौजूद हैं। अलविदा!",3,2
my name karan,मेरा नाम कर्ण,1,0
ok, ठीक है,2,0
"Sure! I must say you've reached the right place for that, we provide the best services and best plans to our customers. And, I'll be happy to help you in this regard. Could you please help me with the city name and it's zip code?"," ज़रूर! मुझे कहना होगा कि आप उसके लिए सही जगह पर पहुँचे हैं, हम अपने ग्राहकों को सर्वोत्तम सेवाएँ और सर्वोत्तम योजनाएँ प्रदान करते हैं। और, मुझे इस संबंध में आपकी सहायता करने में खुशी होगी। क्या आप कृपया शहर के नाम और उसके ज़िप कोड के बारे में मेरी मदद कर सकते हैं?",3,2
5gb, 5जीबी,0,0
"Surely, thank you. Could you tell me which data plan suits you the best?"," ज़रूर, धन्यवाद। क्या आप मुझे बता सकते हैं कि कौन सा डेटा प्लान आपको सबसे अच्छा लगता है?",3,0
Good morning! You've reached Net link Media/Cable Services. How may I help you?, सुबह बख़ैर! आप नेट लिंक मीडिया/केबल सेवाओं पर पहुंच गए हैं। क्या मेरे द्वारा आपकी कोई सहायता हो सकती है?,3,0
Awesome! 5GB data plan would cost you $10. Would you like to confirm the plan?, बहुत बढ़िया! 5GB डेटा प्लान की कीमत आपको $ 10 होगी। क्या आप योजना की पुष्टि करना चाहेंगे?,3,2
no thanks," जी नहीं, धन्यवाद",3,1
have a nice day, आपका दिन शुभ हो,2,2
vasu, वासु,0,0
i want new cable service, मुझे नई केबल सेवा चाहिए,1,0
Thank you! Could you please help me with the name of the service you are looking to purchase?, आपको धन्यवाद! क्या आप कृपया उस सेवा के नाम में मेरी सहायता कर सकते हैं जिसे आप खरीदना चाहते हैं?,3,0
5GB, 5GB,0,0
"You're welcome!  Thank you for reaching out to us, wish to serve you again. Have a nice time!"," आपका स्वागत है! हमसे संपर्क करने के लिए धन्यवाद, मैं फिर से आपकी सेवा करना चाहता हूं। आशा है आपका समय अच्छा बीते!",3,2
colifornia, कोलिफ़ोर्निया,0,0
"Nothing else, Thank you for your information. Have a nice day to chat with you. "," और कुछ नहीं, आपकी जानकारी के लिए धन्यवाद। आपके साथ चैट करने के लिए एक अच्छा दिन है।",3,0
1gb, 1जीबी,0,0
"That's a great choice! I'd like to inform you that the 10Gb data plan would cost you $25 per month, would you want me to confirm the service?"," यह एक बढ़िया विकल्प है! मैं आपको सूचित करना चाहता हूं कि 10Gb डेटा प्लान की कीमत आपको $25 प्रति माह होगी, क्या आप चाहते हैं कि मैं सेवा की पुष्टि करूं?",3,2
hi, नमस्ते,2,0
HMM OKAY PERFECT, हम्म ठीक है बिल्कुल सही,2,2
SURE.. MY CITY IS CHENNAI, ज़रूर.. मेरा शहर चेन्नई है,2,0
no need, कोई ज़रुरत नहीं है,1,0
"Sure, would there be anything else that I could help you with?"," ज़रूर, क्या कुछ और होगा जिससे मैं आपकी मदद कर सकूं?",2,0
yes okay, हाँ ठीक है,2,0
HI, नमस्ते,2,0
I WANTS TO PURCHASE CABLE, मैं केबल खरीदना चाहता हूँ,1,2
Perfect! I'll confirm the plan of 5 GB for cable service. Is there anything I might help you with?, उत्तम! मैं केबल सेवा के लिए 5 जीबी की योजना की पुष्टि करूंगा। क्या कोई ऐसी चीज है जिसमें मैं आपकी मदद कर सकता हूं?,3,2
HI TAYLOR., हाय टेलर।,3,0
"no, that's all, thank you"," नहीं, बस इतना ही, धन्यवाद",3,0
Hello and welcome to star cable customer care services. How may I assist you today?, नमस्ते और स्टार केबल कस्टमर केयर सर्विसेज में आपका स्वागत है। आज मैं आपकी मदद किस तरह कर सकता हूँ?,3,0
hai, हाय,2,0
10 GB data plan, 10 जीबी डेटा प्लान,0,0
no thanks," जी नहीं, धन्यवाद",3,1
Perfect! I'll confirm the plan of 5 GB for cable service. Is there anything I might help you with?, उत्तम! मैं केबल सेवा के लिए 5 जीबी की योजना की पुष्टि करूंगा। क्या कोई ऐसी चीज है जिसमें मैं आपकी मदद कर सकता हूं?,3,2
"Superb! We have 1 GB, 5 GB and 10 GB internet data plans for our customers. Which one of these would you like to avail?"," शानदार! हमारे पास अपने ग्राहकों के लिए 1 जीबी, 5 जीबी और 10 जीबी इंटरनेट डेटा प्लान हैं। आप इनमें से किसका लाभ उठाना चाहेंगे?",3,2
"Awesome! Could you please confirm the plans for your internet services? The plans we offer are 1 GB, 5 GB, 10 GB."," बहुत बढ़िया! क्या आप कृपया अपनी इंटरनेट सेवाओं की योजनाओं की पुष्टि कर सकते हैं? हम जो प्लान पेश करते हैं वे 1 जीबी, 5 जीबी, 10 जीबी हैं।",3,2
"Hello there, How may I assist you today? "," नमस्ते, मैं आज आपकी कैसे सहायता कर सकता हूँ?",3,0
10gb, 10जीबी,0,0
"Hello, Good morning! You've reached D-link services. How may I assist you today? ", हैलो सुप्रभात! आप डी-लिंक सेवाओं तक पहुँच चुके हैं। आज मैं आपकी मदद किस तरह कर सकता हूँ?,3,0
NO  THANKS," जी नहीं, धन्यवाद",3,1
"Amazing! Could you please confirm if you'd like to get a  1 GB, 5 GB, 10 GB connection?"," अद्भुत! क्या आप कृपया पुष्टि कर सकते हैं कि क्या आप 1 जीबी, 5 जीबी, 10 जीबी कनेक्शन प्राप्त करना चाहते हैं?",3,2
I like to purchase 5 GB data plan.,मुझे 5 जीबी डेटा प्लान खरीदना पसंद है।,2,0
alvin, एल्विन,0,0
cable service, केबल सेवा,0,0
connection*, कनेक्शन*,0,0
I'll help you in setting up a new cable connection. May I know in which city are you requesting the service and the zip code of your area?, मैं एक नया केबल कनेक्शन स्थापित करने में आपकी मदद करूंगा। क्या मैं जान सकता हूँ कि आप किस शहर में सेवा और अपने क्षेत्र के ज़िप कोड का अनुरोध कर रहे हैं?,3,0
okay not a problem okay fine with us, ठीक है कोई समस्या नहीं ठीक हमारे साथ ठीक है,2,2
ok, ठीक है,2,0
Nothing else thanks for your support, आपके समर्थन के लिए और कुछ नहीं धन्यवाद,3,2
Absolutely! Would you like the activation within 24 hours?, बिल्कुल! क्या आप 24 घंटे के भीतर सक्रियण चाहते हैं?,3,0
hello, नमस्ते,2,0
Yes! We're connected?, हाँ! हम जुड़े हुए हैं?,2,0
OKAY HOW MUCH ?, ठीक है कितना?,2,0
5GB, 5GB,0,0
My pleasure! Is there anything else I may help you with?, मेरा सौभाग्य! क्या कुछ और है जिसमें मैं आपकी मदद कर सकता हूं?,3,2
Good morning! You've reached Net link Media/Cable Services. How may I help you today?, सुबह बख़ैर! आप नेट लिंक मीडिया/केबल सेवाओं पर पहुंच गए हैं। आज मैं आपकी कैसे मदद कर सकता हूँ?,3,0
Thank you for confirming. I've initiated a request for the 5GB data plan for the cable service. You would receive a confirmation message along with the payment link. Is there anything else I may help you with?,पुष्टि करने के लिए शुक्रिया। मैंने केबल सेवा के लिए 5GB डेटा योजना के लिए एक अनुरोध शुरू किया है। आपको भुगतान लिंक के साथ एक पुष्टिकरण संदेश प्राप्त होगा। क्या कुछ और है जिसमें मैं आपकी मदद कर सकता हूं?,3,0
I apologize. May I know the service that you'd like to purchase please?, मैं क्षमाप्रार्थी हूं। क्या मैं उस सेवा को जान सकता हूँ जिसे आप कृपया खरीदना चाहते हैं?,3,0
hi, नमस्ते,2,0
mumbai, मुंबई,0,0
"I really appreciate for your patience. We've made a note of your request, our executives will reach out to you for further details. Please give us 24 hours for the installation process, for further concerns please feel free to visit our website www.vfibernet.com. ","मैं वास्तव में आपके धैर्य की सराहना करता हूं। हमने आपके अनुरोध को नोट कर लिया है, हमारे अधिकारी अधिक जानकारी के लिए आप तक पहुंचेंगे। कृपया हमें स्थापना प्रक्रिया के लिए 24 घंटे दें, अधिक चिंताओं के लिए कृपया बेझिझक हमारी वेबसाइट www.vfibernet.com पर जाएं।",3,2
ok, ठीक है,2,0
Alright Raja! Could you help me with the zip code of Madurai please?, ठीक है राजा! क्या आप कृपया मदुरै के ज़िप कोड के साथ मेरी मदद कर सकते हैं?,3,0
"Thank you, may I also know the credit card number please?"," धन्यवाद, क्या मुझे क्रेडिट कार्ड नंबर भी पता चल सकता है?",3,0
YES, हां,2,2
Fantastic! I've confirmed your new  1 GB phone service and I've created an account of yours with our services. Our executives will reach you with the installation within 48 hrs. Would there be anything else that I may help you with?, ज़बरदस्त! मैंने आपकी नई 1 GB फ़ोन सेवा की पुष्टि कर दी है और मैंने हमारी सेवाओं के साथ आपका खाता बना लिया है। हमारे अधिकारी 48 घंटे के भीतर इंस्टॉलेशन के साथ आप तक पहुंच जाएंगे। क्या कुछ और होगा जिससे मैं आपकी मदद कर सकूं?,3,2
I want a new service, मुझे एक नई सेवा चाहिए,1,0
No..Thanks for helped me., नहीं..मेरी मदद करने के लिए धन्यवाद।,3,2
Kindly confirm the 1GB data plan., कृपया 1GB डेटा प्लान की पुष्टि करें।,3,0
chennai 600020, चेन्नई 600020,0,0
Help me find best plan for Cable Service Jesse., केबल सेवा जेसी के लिए सर्वोत्तम योजना खोजने में मेरी सहायता करें।,2,0
Thank you. May I know the data pack you're willing to purchase?, शुक्रिया। क्या मैं उस डेटा पैक को जान सकता हूँ जिसे आप खरीदना चाहते हैं?,3,0
okay, ठीक है,2,0
"yes, Pls cancel the service "," हाँ, कृपया सेवा रद्द करें",2,1
"I will surely help you out with that but before we go ahead, could I have the name of your city and it's zip code please?"," मैं निश्चित रूप से इसमें आपकी मदद करूंगा लेकिन इससे पहले कि हम आगे बढ़ें, क्या मुझे आपके शहर का नाम और उसका ज़िप कोड मिल सकता है?",3,0
HI, नमस्ते,2,0
"Columbus, OH 43201"," कोलंबस, ओएच 43201",1,0
Awesome! Could you also help me with the last 4 digits of your SSN?,बहुत बढ़िया! क्या आप अपने एसएसएन के अंतिम 4 अंकों के बारे में भी मेरी मदद कर सकते हैं?,3,2
okay nothing thankyou bye, ठीक है कुछ भी नहीं धन्यवाद अलविदा,2,0
"Amazing! Thanks for being patient. We have three data plans- 1 GB, 5 GB and 10 GB. Which one you'd like to purchase?"," अद्भुत! धैर्य रखने के लिए धन्यवाद। हमारे पास तीन डेटा प्लान हैं- 1 जीबी, 5 जीबी और 10 जीबी। आप कौन सा खरीदना चाहेंगे?",3,2
confirm, पुष्टि करें,0,0
"Thanks for sharing your details with me. You said you need a cable plan. We've functionality data plans, namely 1 GB, 5 GB and 10 GB. Which one you'd like to buy?
"," अपना विवरण मेरे साथ साझा करने के लिए धन्यवाद। आपने कहा कि आपको केबल योजना की आवश्यकता है। हमारे पास कार्यात्मक डेटा योजनाएं हैं, अर्थात् 1 जीबी, 5 जीबी और 10 जीबी। आप कौन सा खरीदना चाहेंगे?",3,0
84451,84451,0,0
nothing, कुछ नहीं,1,0
Alright Rove! Could you please provide the last 4 digits of the SSN?, ठीक है रोव! क्या आप कृपया SSN के अंतिम 4 अंक प्रदान कर सकते हैं?,3,0
Absolutely! Thank you for considering us to serve you and we'll do our best., बिल्कुल! हमें आपकी सेवा करने के लिए विचार करने के लिए धन्यवाद और हम अपनी पूरी कोशिश करेंगे।,3,2
i want nre cable service, मुझे एनआरई केबल सेवा चाहिए,1,0
8.00am to 12.00pm, सुबह 8 बजे से दोपहर 12.00 बजे तक,0,0
My city is Houston, मेरा शहर ह्यूस्टन है,1,0
Same here. Indeed! Could you please confirm the city and it's zip code?, यहाँ भी ऐसा ही। वास्तव में! क्या आप कृपया शहर और उसके ज़िप कोड की पुष्टि कर सकते हैं?,3,0
"Awesome! Thanks for reaching out to us, hope you'll have a great day ahead. "," बहुत बढ़िया! हमसे संपर्क करने के लिए धन्यवाद, आशा है कि आपका आने वाला दिन बहुत अच्छा होगा।",3,2
I WANT A NETWORK, मुझे एक नेटवर्क चाहिए,1,0
Great! Is there anything else that I may help you with today?, महान! क्या आज मैं आपकी कुछ और मदद कर सकता हूँ?,3,2
My city is Mayodan and the zip code is 27027, मेरा शहर मायोडन है और पिन कोड 27027 . है,1,0
durham 568952, डरहम 568952,0,0
Sure! Please allow me a moment to process your request., ज़रूर! कृपया मुझे आपके अनुरोध को संसाधित करने के लिए कुछ समय दें।,3,0
"Superb! We have 1 GB, 5 GB and 10 GB data plans for our internet services. Which one of these are you looking for?
"," शानदार! हमारी इंटरनेट सेवाओं के लिए हमारे पास 1 जीबी, 5 जीबी और 10 जीबी डेटा प्लान हैं। आप इनमें से किसकी तलाश कर रहे हैं?",2,2
Thank you for contacting us. I hope you have a great day ahead. Bye!, हमसे संपर्क करने के लिए धन्यवाद। मुझे आशा है कि आपके लिए आगे एक अच्छा दिन होगा। अलविदा!,3,2
I WANT TO PURCHASE INTERNET, मुझे इंटरनेट खरीदना है,1,0
thankyou, धन्यवाद,2,2
i would like to sign up new cable service, मैं नई केबल सेवा साइन अप करना चाहूंगा,2,0
yes, हां,2,0
ok, ठीक है,2,0
5GB DATA PLAN SIR..., 5GB डेटा प्लान सर...,0,0
"Awesome! Thank you for reaching out to us, hope you'll have a wonderful day ahead!"," बहुत बढ़िया! हमसे संपर्क करने के लिए धन्यवाद, आशा है कि आगे आपका दिन शानदार रहेगा!",3,2
Wonderful! I had a good time assisting you. Have a nice day. Bye., अद्भुत! मेरे पास आपकी सहायता करने का अच्छा समय था। आपका दिन शुभ हो। अलविदा।,3,2
Good Bye, अलविदा,3,0
"Hey there, Good morning! You're connected to D-link media services. How may I help you with? "," अरे वहाँ, सुप्रभात! आप डी-लिंक मीडिया सेवाओं से जुड़े हैं। मैं आपकी कैसे मदद कर सकता हूँ?",3,0
"Okay as the green light is not blinking on the device I'd like to inform you that the device isn't working. However, no worries I'll send the technician and a new device right away to your place so that he'll replace your old device and install a new one. ","ठीक है क्योंकि डिवाइस पर हरी बत्ती झपक नहीं रही है, मैं आपको सूचित करना चाहता हूं कि डिवाइस काम नहीं कर रहा है। हालांकि, चिंता की कोई बात नहीं है, मैं तुरंत आपके स्थान पर तकनीशियन और एक नया उपकरण भेजूंगा ताकि वह आपके पुराने उपकरण को बदल कर एक नया उपकरण स्थापित कर दे।",3,2
All right! I'll get that done for you. Anything else?, ठीक है! मैं तुम्हारे लिए यह कर दूंगा। और कुछ?,3,0
ok thank you sir., ठीक है धन्यवाद सर।,3,0
"Sure! I'll definitely help you with your query. To get the best deals for you, may I know the name of your city and its zip code, please?"," ज़रूर! मैं निश्चित रूप से आपकी क्वेरी में आपकी मदद करूंगा। आपके लिए सर्वोत्तम सौदे प्राप्त करने के लिए, क्या मैं आपके शहर का नाम और उसका ज़िप कोड जान सकता हूँ, कृपया?",3,2
"Sure! I must say you've reached the right place for that, we provide the best services with the best plans with a very feasible rate. The plans we offer are 1 GB, 5 GB, 10 GB and the prices are $5, $25 and $50 respectively.
"," ज़रूर! मुझे कहना होगा कि आप उसके लिए सही जगह पर पहुंच गए हैं, हम बहुत ही व्यवहार्य दर के साथ सर्वोत्तम योजनाओं के साथ सर्वोत्तम सेवाएं प्रदान करते हैं। हमारे द्वारा पेश किए जाने वाले प्लान 1 जीबी, 5 जीबी, 10 जीबी हैं और कीमतें क्रमशः $ 5, $ 25 और $ 50 हैं।",3,2
HAI, हाई,2,0
hi, नमस्ते,2,0
army, सेना,0,0
OK, ठीक है,2,0
OK THANKS, ठीक है धन्यवाद,3,2
YES. THANK YOU., हां। शुक्रिया।,3,2
NOTHING ELSE, और कुछ नहीं,2,0
please confirm it, कृपया इसकी पुष्टि करें,3,0
HMM I WILL HAVE 10GB PLAN, हम्म मेरे पास 10GB प्लान होगा,2,0
sure, ज़रूर,2,0
Awesome! Could you please mention the date for installation?, बहुत बढ़िया! क्या आप कृपया स्थापना की तारीख का उल्लेख कर सकते हैं?,3,2
Thank you! 10GB would cost you $15. Would you like to confirm the data plan?, आपको धन्यवाद! 10GB की कीमत आपको $15 होगी। क्या आप डेटा प्लान की पुष्टि करना चाहेंगे?,3,0
22151,22151,0,0
ok thanks, ठीक है धन्यवाद,3,0
"Perfect! Thank you for all the details, please give me a minute to proceed further. "," उत्तम! सभी विवरणों के लिए धन्यवाद, कृपया मुझे आगे बढ़ने के लिए एक मिनट दें।",3,2
Oregon, ओरेगन,0,0
"Perfect! 1 GB data plan will cost you $2, 5 GB data plan will cost you $4 and 10 GB data plan will cost you $10."," उत्तम! 1 जीबी डेटा प्लान की कीमत आपको $ 2, 5 जीबी डेटा प्लान की कीमत आपको $ 4 और 10 जीबी डेटा प्लान की कीमत आपको $ 10 होगी।",2,2
i need a new internet connection?, मुझे एक नया इंटरनेट कनेक्शन चाहिए?,1,0
hi, नमस्ते,2,0
Hi there! Welcome to Star cable customer care services. How may I help you today?,नमस्ते! स्टार केबल कस्टमर केयर सर्विसेज में आपका स्वागत है। आज मैं आपकी कैसे मदद कर सकता हूँ?,3,0
"Of course! Firstly, Thank you for choosing Net Link services for you new media connection. The services we provide are cable connection, internet services and the phone connection. The plans we offer are 1 GB, 5 GB, 10 GB and the prices are $5, $25 and $50 respectively."," बेशक! सबसे पहले, नए मीडिया कनेक्शन के लिए नेट लिंक सेवाओं को चुनने के लिए धन्यवाद। हम जो सेवाएं प्रदान करते हैं वे हैं केबल कनेक्शन, इंटरनेट सेवाएं और फोन कनेक्शन। हमारे द्वारा पेश किए जाने वाले प्लान 1 जीबी, 5 जीबी, 10 जीबी हैं और कीमतें क्रमशः $ 5, $ 25 और $ 50 हैं।",3,2
I WANTS TO PURCHASE CABLE, मैं केबल खरीदना चाहता हूँ,1,2
"That's great! I'll definitely help you with your query. To get the best deals for you, may I know the name of your city and its zip code, please?"," एक दम बढ़िया! मैं निश्चित रूप से आपकी क्वेरी में आपकी मदद करूंगा। आपके लिए सर्वोत्तम सौदे प्राप्त करने के लिए, क्या मैं आपके शहर का नाम और उसका ज़िप कोड जान सकता हूँ, कृपया?",3,2
hi, नमस्ते,2,0
"Alright! just to confirm. The fare for 5 GB data plan is $25.60 per month, Would that be okay? "," ठीक है! महज पुष्टि करने के लिए। 5 जीबी डेटा प्लान का किराया 25.60 डॉलर प्रति माह है, क्या यह ठीक रहेगा?",2,0
city Phoenix zip code 85001, शहर फीनिक्स ज़िप कोड 85001,0,0
"Sure! I'll be happy to help you with that. May I know your full name and your account number,please?"," ज़रूर! मुझे इसमें आपकी मदद करने में खुशी होगी। क्या मैं आपका पूरा नाम और आपका खाता नंबर जान सकता हूँ, कृपया?",3,0
Amazing!! I'm glad I could resolve your query. Thanks for reaching out to us. It was amazing talking to you. Have a great day ahead! :), अद्भुत!! मुझे खुशी है कि मैं आपकी क्वेरी का समाधान कर सका। हमसे संपर्क करने के लिए धन्यवाद। आपसे बात करना अद्भुत था। आगे एक महान दिन हो! :),3,2
Sure. Could you please help me with your details like your city and zipcode? So that I can find the best plans available near you., ज़रूर। क्या आप कृपया अपने शहर और ज़िप कोड जैसे विवरण के साथ मेरी मदद कर सकते हैं? ताकि मैं आपके आस-पास उपलब्ध सर्वोत्तम योजनाओं को ढूंढ सकूं।,3,0
Great! Let me know if there would be anything more I could do for you., महान! मुझे बताएं कि क्या मैं आपके लिए और कुछ कर सकता हूं।,3,2
Good evening!, सुसंध्या!,3,2
"Sure, my pleasure. Would you like to confirm this plan?"," ज़रूर, मेरी खुशी। क्या आप इस योजना की पुष्टि करना चाहेंगे?",3,0
ok, ठीक है,2,0
ok, ठीक है,2,0
ok, ठीक है,2,0
I WANT NEW CABLE SERVICE, मुझे नई केबल सेवा चाहिए,1,1
"Awesome! Thank you for reaching out to us, hope you'll have a great day ahead! "," बहुत बढ़िया! हमसे संपर्क करने के लिए धन्यवाद, आशा है कि आगे आपका दिन बहुत अच्छा रहेगा!",3,2
"I want to purchase new cable charge ,we have just shifted here few days back"," मैं नया केबल चार्ज खरीदना चाहता हूं, हम कुछ दिन पहले ही यहां शिफ्ट हुए हैं",2,0
Sure! Please help me with your name of the city and it's zip code to process your request., ज़रूर! कृपया अपने अनुरोध को संसाधित करने के लिए अपने शहर के नाम और उसके ज़िप कोड के साथ मेरी मदद करें।,3,0
DON'T YOU NEED MY CITY AND IT'S ZIP CODE CHARLIE?, क्या आपको मेरे शहर और उसके ज़िप कोड चार्ली की आवश्यकता नहीं है?,1,0
"I really apologize, we could provide you an offer of 10% discount on the next monthly bill. Will that be fine with you?","मैं वास्तव में क्षमा चाहता हूं, हम आपको अगले मासिक बिल पर 10% छूट का प्रस्ताव प्रदान कर सकते हैं। क्या यह आपके साथ ठीक रहेगा?",3,1
"Perfect! Thank you for that. Please allow me a moment, while I get this done for you."," उत्तम! उसके लिये आपका धन्यवाद। कृपया मुझे एक क्षण की अनुमति दें, जबकि मैं यह आपके लिए करवाता हूं।",3,2
thil, थिलो,2,0
OK, ठीक है,2,0
Is there anything else I could help you with?, क्या कुछ और है जिसमें मैं आपकी मदद कर सकता हूं?,2,0
I apologize. May I know the reason for which you've decided to cancel our services?, मैं क्षमाप्रार्थी हूं। क्या मैं वह कारण जान सकता हूँ जिसके कारण आपने हमारी सेवाओं को रद्द करने का निर्णय लिया है?,3,1
"Amazing! I'll be glad to help you in this, may I please know your city and it's zip code?"," अद्भुत! मुझे इसमें आपकी मदद करने में खुशी होगी, क्या मैं आपका शहर और उसका ज़िप कोड जान सकता हूं?",3,2
okay thank you, ठीक है धन्यवाद,3,2
I will surely help you out in this regards but before we go ahead with the procedure could I please have your city name and it's zip code?,"मैं निश्चित रूप से इस संबंध में आपकी मदद करूंगा, लेकिन इससे पहले कि हम प्रक्रिया को आगे बढ़ाएं, क्या मैं आपके शहर का नाम और उसका ज़िप कोड बता सकता हूं?",3,0
Thank you very much. I am waiting my new connection., आपका बहुत बहुत धन्यवाद। मैं अपने नए कनेक्शन की प्रतीक्षा कर रहा हूं।,3,0
Thank you for choosing our service. I had a great time assisting you. Please feel free to reach out to us for further queries. Have a good day!, हमारी सेवा चुनने के लिए धन्यवाद। मुझे आपकी सहायता करने में बहुत अच्छा लगा। कृपया आगे के प्रश्नों के लिए हमसे बेझिझक संपर्क करें। आपका दिन शुभ हो!,3,2
Good morning! Welcome to AT&T Customer Service. How may I help you today?, सुबह बख़ैर! एटी एंड टी ग्राहक सेवा में आपका स्वागत है। आज मैं आपकी कैसे मदद कर सकता हूँ?,3,0
i want to new cable service,मुझे नई केबल सेवा चाहिए,1,0
"Thank you so much! I would also like to know that which plan would you like to go for (1GB, 5 GB, 10 GB)? "," बहुत-बहुत धन्यवाद! मैं यह भी जानना चाहूंगा कि आप किस प्लान (1GB, 5GB, 10GB) के लिए जाना चाहेंगे?",3,2
Of course! I'd be glad to help you with that. May I know the name of your city please?, बेशक! मुझे इसमें आपकी मदद करने में खुशी होगी। क्या मैं आपके शहर का नाम जान सकता हूँ?,3,0
Absolutely! I'll do my best to help. Could you provide the city and the zip code?, बिल्कुल! मैं मदद करने की पूरी कोशिश करूंगा। क्या आप शहर और पिन कोड प्रदान कर सकते हैं?,3,0
"Always a pleasure! Thank you for choosing us, have an awesome day ahead!"," हमेशा एक खुशी की बात है! हमें चुनने के लिए धन्यवाद, आपका आने वाला दिन शानदार हो!",3,2
I'll help you out with that. May I know the name of the city in which you want to set up the cable connection and also the zip code of that city?,मैं इसमें आपकी मदद करूंगा। क्या मैं उस शहर का नाम जान सकता हूँ जिसमें आप केबल कनेक्शन स्थापित करना चाहते हैं और उस शहर का ज़िप कोड भी जान सकते हैं?,3,0
nothing else, और कुछ नहीं,1,0
"Sure. Could you please help me with your city and zipcode?
", ज़रूर। क्या आप कृपया मुझे अपने शहर और ज़िप कोड के साथ मदद कर सकते हैं?,3,0
pls confirm it, कृपया इसकी पुष्टि करें,0,0
"Thanks for having a live chat. Please drop in your invaluable feedback at 546-827-124, by giving a missed call. Good day!",लाइव चैट करने के लिए धन्यवाद। कृपया मिस्ड कॉल देकर 546-827-124 पर अपनी बहुमूल्य प्रतिक्रिया दें। अच्छा दिन!,3,2
You're welcome! Enjoy our service! Is there anything else I may help you with?, आपका स्वागत है! हमारी सेवा का आनंद लें! क्या कुछ और है जिसमें मैं आपकी मदद कर सकता हूं?,3,2
"my city is indiana and zip code is 46209
", मेरा शहर इंडियाना है और ज़िप कोड 46209 है,1,0
You're Welcome! Have a good day! Hope to assist you again in the future. Goodbye!, आपका स्वागत है! आपका दिन शुभ हो! आशा है कि भविष्य में फिर से आपकी सहायता करेंगे। अलविदा!,3,2
"Definitely!  I must say you've reached the right place for that, we provide the best services and best plans to our customers. To help you in the best way possible, could you please help me with the city name and it's zip code?"," निश्चित रूप से! मुझे कहना होगा कि आप उसके लिए सही जगह पर पहुँचे हैं, हम अपने ग्राहकों को सर्वोत्तम सेवाएँ और सर्वोत्तम योजनाएँ प्रदान करते हैं। आपकी सर्वोत्तम तरीके से मदद करने के लिए, क्या आप कृपया शहर के नाम और उसके ज़िप कोड के साथ मेरी मदद कर सकते हैं?",3,2
I'm sorry but could you please let me know what you want to know about our 5 GB data plan?," मुझे खेद है, लेकिन क्या आप कृपया मुझे बता सकते हैं कि आप हमारे 5 जीबी डेटा प्लान के बारे में क्या जानना चाहते हैं?",3,0
My option to purchase 5GB data plan., 5GB डेटा प्लान खरीदने का मेरा विकल्प।,1,0
nothing else, और कुछ नहीं,1,0
no thanks," जी नहीं, धन्यवाद",3,1
nothing else sir..., और कुछ नहीं सर...,2,0
Sure. I've successfully signed you up for the service. The connection will be made within 24 hours. Would you need anything else?,ज़रूर। मैंने आपको सेवा के लिए सफलतापूर्वक साइन अप कर लिया है। 24 घंटे के अंदर कनेक्शन दिया जाएगा। क्या आपको कुछ और चाहिए होगा?,3,2
5GB plan, 5GB प्लान,0,0
okay, ठीक है,2,0
I want to purchase internet, मुझे इंटरनेट खरीदना है,1,0
Change the state my work transfer to  Andrastate  cancel my cable service, राज्य बदलें मेरा कार्य स्थानांतरण Andrastate में मेरी केबल सेवा रद्द करें,3,1
You're welcome! Anything else that I may help you with today?, आपका स्वागत है! कुछ और जो मैं आज आपकी मदद कर सकता हूँ?,2,2
Thanks a lot, बहुत-बहुत धन्यवाद,3,2
TEXAS 73301, टेक्सास 73301,0,0
i need a phon econnection, मुझे एक फोन कनेक्शन चाहिए,1,0
Fantastic! I've forwarded your subscription request for the 1 GB cable data plan. You will be receiving a confirmation call regarding the same within 24 hours. We hope you enjoy our service. Will there be anything else I could do for you?,ज़बरदस्त! मैंने 1 जीबी केबल डेटा प्लान के लिए आपका सब्सक्रिप्शन अनुरोध अग्रेषित कर दिया है। आपको 24 घंटे के भीतर उसी के संबंध में एक पुष्टिकरण कॉल प्राप्त होगा। हमें उम्मीद है कि आप हमारी सेवा का आनंद लेंगे। क्या मैं तुम्हारे लिए और कुछ कर सकता हूँ?,3,2
internet, इंटरनेट,0,0
ok, ठीक है,2,0
"Superb! Could you please share the type of plan you'd choose among 1 GB, 5 GB and 10 GB?"," शानदार! क्या आप कृपया 1 जीबी, 5 जीबी और 10 जीबी के बीच चुने गए प्लान के प्रकार को साझा कर सकते हैं?",3,2
Awesome! Could you please help me with your city name and the zip code?, बहुत बढ़िया! क्या आप कृपया मुझे अपने शहर के नाम और ज़िप कोड के साथ मदद कर सकते हैं?,3,2
"Sure!  I'll be glad to help you in this, may I please know your city name and zip code?"," ज़रूर! मुझे इसमें आपकी मदद करने में खुशी होगी, क्या मैं आपके शहर का नाम और ज़िप कोड जान सकता हूँ?",3,0
hi, नमस्ते,2,0
10 gb, 10 जीबी,0,0
"Sure! I am glad I can help you with your query. To get the best deals for you, may I know the name of your city and its zip code, please?"," ज़रूर! मुझे खुशी है कि मैं आपकी क्वेरी में आपकी मदद कर सकता हूं। आपके लिए सर्वोत्तम सौदे प्राप्त करने के लिए, क्या मैं आपके शहर का नाम और उसका ज़िप कोड जान सकता हूँ, कृपया?",3,2
"Thanks for sharing your details. At present, we have 1 GB, 5 GB and 10 GB data plans on sale, May I know in which one you're interested? "," अपना विवरण साझा करने के लिए धन्यवाद। वर्तमान में, हमारे पास बिक्री पर 1 जीबी, 5 जीबी और 10 जीबी डेटा योजनाएं हैं, क्या मैं जान सकता हूं कि आप किसमें रुचि रखते हैं?",3,0
"Thanks for waiting, I've checked all of you details and confirmed the 5 gb internet service plan for you, our executives will reach you soon for the installation and you'll be receiving a confirmation link post that through which you can make the payment and services will be activated in 1 hour after that. Will there be anything else I may help you in?
"," प्रतीक्षा करने के लिए धन्यवाद, मैंने आप सभी विवरणों की जांच की है और आपके लिए 5 जीबी इंटरनेट सेवा योजना की पुष्टि की है, हमारे अधिकारी स्थापना के लिए जल्द ही आप तक पहुंचेंगे और आपको एक पुष्टिकरण लिंक पोस्ट प्राप्त होगा जिसके माध्यम से आप भुगतान कर सकते हैं और उसके बाद 1 घंटे में सेवाएं सक्रिय हो जाएंगी। क्या कुछ और होगा जिसमें मैं आपकी मदद कर सकूं?",3,2
nothing, कुछ नहीं,1,0
Thank you! May I also know the last 4 digits of the SSN., आपको धन्यवाद! क्या मैं SSN के अंतिम 4 अंक भी जान सकता हूँ।,3,0
i need a new cable service connection, मुझे एक नया केबल सेवा कनेक्शन चाहिए,1,0
2568,2568,0,0
Absolutely! I'm here to assist you. Could you help us locate you by sharing the city you're residing and the zip code?,"बिल्कुल! मैं यहां आपकी सहायता के लिए हूं। क्या आप जिस शहर में रह रहे हैं, उसका ज़िप कोड साझा करके आपको ढूंढने में हमारी सहायता कर सकते हैं?",3,0
Hello! Thanks for contacting Star cable customer service. How may I assist you today?, नमस्ते! स्टार केबल ग्राहक सेवा से संपर्क करने के लिए धन्यवाद। आज मैं आपकी मदद किस तरह कर सकता हूँ?,3,0
Sure!, ज़रूर!,2,0
Would there be anything else I may assist you with?, क्या कुछ और होगा जिसमें मैं आपकी सहायता कर सकूं?,2,0
Hello, नमस्ते,2,0
Indianapolis, इंडियानापोलिस,0,0
Bye, अलविदा,2,0
Good bye!, अलविदा!,3,0
??, ??,0,0
"Please tell me from the plans available with us and their costs are 1GB - $5, 5GB - $10, 10GB - $25, valid per month."," कृपया मुझे हमारे पास उपलब्ध योजनाओं के बारे में बताएं और उनकी लागत 1GB - $5, 5GB - $10, 10GB - $25, प्रति माह वैध है।",2,0
Shall i know the best plan and any offer's?, क्या मुझे सबसे अच्छे प्लान और किसी ऑफर के बारे में पता होगा?,1,0
"My pleasure! Thanks for choosing our services, it's great to have you aboard. Have an amazing day, goodbye."," मेरा सौभाग्य! हमारी सेवाओं को चुनने के लिए धन्यवाद, आप पर सवार होना बहुत अच्छा है। आपका दिन अद्भुत हो, अलविदा।",3,2
I WANT TO PURCHASE INTERNET, मुझे इंटरनेट खरीदना है,1,0
nothing, कुछ नहीं,1,0
Hello! Good morning. Welcome to LMT cable services. How may I help you today?, नमस्ते! सुबह बख़ैर। एलएमटी केबल सेवाओं में आपका स्वागत है। आज मैं आपकी कैसे मदद कर सकता हूँ?,3,0
sorry, माफ़ करना,2,1
"Sure, would you have any queries regarding this plan?"," ज़रूर, क्या आप इस योजना के बारे में कोई प्रश्न पूछना चाहेंगे?",3,0
Alright! May I confirm if you'd like to get a new cable services?, ठीक है! क्या मैं पुष्टि कर सकता हूँ कि क्या आप एक नई केबल सेवा प्राप्त करना चाहते हैं?,3,0
Alright! Please do reach out to us in case of any further queries. Looking forward to seeing you soon again! Have a great day ahead! Good bye!, ठीक है! कृपया किसी और प्रश्न के मामले में हमसे संपर्क करें। जल्द ही आपको फिर से देखने के लिए उत्सुक हैं! आगे एक महान दिन हो! अलविदा!,3,2
You're welcome! Would there be anything else I may assist you with?, आपका स्वागत है! क्या कुछ और होगा जिसमें मैं आपकी सहायता कर सकूं?,3,2
Happy Morning, सुप्रभात,2,2
"We offer 1GB, 5 GB, 10 GB, which data plan would you like to purchase?
"," हम 1GB, 5GB, 10GB ऑफर करते हैं, आप कौन सा डेटा प्लान खरीदना चाहेंगे?",3,0
"Alright, You mean you want to purchase our internet service, am I right? "," ठीक है, आपका मतलब है कि आप हमारी इंटरनेट सेवा खरीदना चाहते हैं, क्या मैं सही हूँ?",3,0
hai, हाय,2,0
Are we connected?, क्या हम जुड़े हुए हैं?,0,0
"Hello Charlie, Good morning"," हैलो चार्ली, गुड मॉर्निंग",3,0
Alright! Which data plan would you like to purchase?, ठीक है! आप कौन सा डेटा प्लान खरीदना चाहेंगे?,3,0
5 GB, 5 जीबी,0,0
Perfect! I'll confirm the plan of 1 GB for cable service. Is there anything else that I may help you with?, उत्तम! मैं केबल सेवा के लिए 1 जीबी की योजना की पुष्टि करूंगा। क्या कुछ और है जिसमें मैं आपकी मदद कर सकता हूं?,3,2
"Thank you for all the details. I've forwarded your request. Our cable installation team will reach you within 2-3 days as per your preferred time slot. Will there be anything I could do for you?
", सभी विवरण के लिए धन्यवाद। मैंने आपका अनुरोध अग्रेषित कर दिया है। हमारी केबल इंस्टॉलेशन टीम आपके पसंदीदा समय स्लॉट के अनुसार 2-3 दिनों के भीतर आप तक पहुंच जाएगी। क्या मैं तुम्हारे लिए कुछ कर सकता हूँ?,3,0
Sure!, ज़रूर!,2,0
nothing else, और कुछ नहीं,1,0
"Amazing! May I know which plan would you like to choose in 1 GB, 5 GB and 10 GB?"," अद्भुत! क्या मैं जान सकता हूं कि आप 1 जीबी, 5 जीबी और 10 जीबी में कौन सा प्लान चुनना चाहेंगे?",3,2
internet, इंटरनेट,0,0
"Great! I'll definitely help you with your query. To get the best deals for you, may I know your city's name and its zip code, please?"," महान! मैं निश्चित रूप से आपकी क्वेरी में आपकी मदद करूंगा। आपके लिए सर्वोत्तम सौदे प्राप्त करने के लिए, क्या मैं आपके शहर का नाम और उसका ज़िप कोड जान सकता हूँ, कृपया?",3,2
OK, ठीक है,2,0
ok, ठीक है,2,0
"Thank you! Also I'd like to know that which data plan would you like to go for (1GB cost $3, 5GB costs $5 and 10GB costs $7)? "," आपको धन्यवाद! साथ ही मैं यह जानना चाहता हूं कि आप किस डेटा प्लान के लिए जाना चाहेंगे (1GB की कीमत $3, 5GB की कीमत $5 और 10GB की कीमत $7)?",3,0
My pleasure!, मेरा सौभाग्य!,2,2
"Hey there, Good morning! You're connected to D-link media services. How may I help you with? "," अरे वहाँ, सुप्रभात! आप डी-लिंक मीडिया सेवाओं से जुड़े हैं। मैं आपकी कैसे मदद कर सकता हूँ?",3,0
No I'm good Thank you," नहीं, मैं अच्छा हूँ धन्यवाद",3,2
10 GB, 10 जीबी,0,0
milur,मिलूर,0,0
I hope all your queries has been answered for today., मुझे आशा है कि आज के लिए आपके सभी प्रश्नों का उत्तर दिया गया है।,1,0
"Awesome! Could you please help me with the plans you'd like to go with, we have the 1 GB, 5 GB, 10 GB?","बहुत बढ़िया! क्या आप उन योजनाओं में मेरी मदद कर सकते हैं जिनके साथ आप जाना चाहते हैं, हमारे पास 1 जीबी, 5 जीबी, 10 जीबी है?",3,2
bye bye, अलविदा,2,0
Fantastic! Thanks for being considerate. It was my pleasure assisting you. Have a pleasant evening. Please feel free to contact us anytime in case of any other query., ज़बरदस्त! विचारशील होने के लिए धन्यवाद। आपकी सहायता करना मेरी खुशी थी। शाम सुखद हो। कृपया किसी भी अन्य प्रश्न के मामले में किसी भी समय हमसे संपर्क करने में संकोच न करें।,3,2
"You're welcome! Thank you for reaching out to us, we are always here to help you in any issue relating to cable/media. Goodbye!"," आपका स्वागत है! हमसे संपर्क करने के लिए धन्यवाद, केबल/मीडिया से संबंधित किसी भी मुद्दे में आपकी मदद करने के लिए हम हमेशा यहां मौजूद हैं। अलविदा!",3,2
i want to new internet service, मुझे नई इंटरनेट सेवा चाहिए,1,0
i want to cable sevice connection, मुझे केबल सेवा कनेक्शन चाहिए,1,0
"Perfect! May I know which data plan would you like to choose, 1Gb data plan or 5Gb data plan or 10Gb data plan? "," उत्तम! क्या मैं जान सकता हूँ कि आप कौन सा डेटा प्लान चुनना चाहेंगे, 1Gb डेटा प्लान या 5Gb डेटा प्लान या 10Gb डेटा प्लान?",3,2
hi, नमस्ते,2,0
"Hello! Welcome to Zoom services, may I know how may I help you? "," नमस्ते! ज़ूम सेवाओं में आपका स्वागत है, क्या मैं जान सकता हूँ कि मैं आपकी कैसे मदद कर सकता हूँ?",3,0
Sure! I'll help you with that. Could you please provide me the city and the zip code?, ज़रूर! मैं इसमें आपकी मदद करूंगा। क्या आप कृपया मुझे शहर और ज़िप कोड प्रदान कर सकते हैं?,3,0
"Hello, I am interested in learning more about the services you offer."," नमस्कार, मुझे आपके द्वारा प्रदान की जाने वाली सेवाओं के बारे में अधिक जानने में दिलचस्पी है।",3,0
"Perfect! Thank you for the response. Could you please allow me a minute or two, while I get this done for you?"," उत्तम! जवाब देने के लिए धन्यवाद। क्या आप कृपया मुझे एक या दो मिनट का समय दे सकते हैं, जबकि मैं आपके लिए यह कर रहा हूँ?",3,2
Hello! Welcome to universal cable customer care. How may I help you today?, नमस्ते! यूनिवर्सल केबल कस्टमर केयर में आपका स्वागत है। आज मैं आपकी कैसे मदद कर सकता हूँ?,3,0
madurai 65574, मदुरै 65574,0,0
All right. I'll initiate your request right away. You would be receiving a confirmation message along with payment link. Is there anything else I may help you with?,ठीक है। मैं आपका अनुरोध तुरंत शुरू करूंगा। आपको भुगतान लिंक के साथ एक पुष्टिकरण संदेश प्राप्त होगा। क्या कुछ और है जिसमें मैं आपकी मदद कर सकता हूं?,3,0
"Thank you for the information. What service type would you like to purchase? Is it cable, internet or phone?"," जानकारी के लिए धन्यवाद। आप किस प्रकार की सेवा खरीदना चाहेंगे? क्या यह केबल, इंटरनेट या फोन है?",3,0
THANKS FOR YOUR GUIDENESS  THIS PLAN 5 GB DONE, आपके मार्गदर्शन के लिए धन्यवाद यह योजना 5 जीबी पूर्ण हुई,3,2
I want to 5 BG plan., मुझे 5 बीजी प्लान चाहिए।,1,0
"Perfect! Thank you for that. Please allow me a moment, while I get this done for you."," उत्तम! उसके लिये आपका धन्यवाद। कृपया मुझे एक क्षण की अनुमति दें, जबकि मैं यह आपके लिए करवाता हूं।",3,2
7230,7230,0,0
OK THANKS, ठीक है धन्यवाद,3,2
OK, ठीक है,2,0
Ayyappan could you also help me out with your home address?, अय्यप्पन क्या आप भी अपने घर का पता बताने में मेरी मदद कर सकते हैं?,3,0
"Wonderful! It was glad assisting you, we are always here to help you in any issues relating to cable/media. Have a nice day!"," अद्भुत! आपकी सहायता करने में खुशी हुई, केबल/मीडिया से संबंधित किसी भी मुद्दे में आपकी सहायता के लिए हम हमेशा यहां मौजूद हैं। आपका दिन शुभ हो!",3,2
CHENNAI AND 501246, चेन्नई और 501246,0,0
"Hello! Good Morning, Welcome to media cable services, How may I help you today?"," नमस्ते! सुप्रभात, मीडिया केबल सेवाओं में आपका स्वागत है, मैं आज आपकी कैसे मदद कर सकता हूं?",3,0
Is there anything else I could help you with?, क्या कुछ और है जिसमें मैं आपकी मदद कर सकता हूं?,2,0
10 GB IS GOOD AND NICE FOR ME, 10 जीबी मेरे लिए अच्छा और अच्छा है,0,2
"City: Manamadar,,ZIP:91785."," शहर: मनामदार, ज़िप: 91785।",0,0
"Hi! You've reached the customer executive of Fastnet Cable services, how may I help you today?
"," नमस्ते! आप Fastnet Cable सेवाओं के ग्राहक कार्यकारी तक पहुँच चुके हैं, मैं आज आपकी कैसे मदद कर सकता हूँ?",3,0
"Thanks for helping me with your details. We have 1 GB, 5 GB and 10 GB data plans. May I know which data plan you'd like to purchase?"," अपने विवरण के साथ मेरी मदद करने के लिए धन्यवाद। हमारे पास 1 जीबी, 5 जीबी और 10 जीबी डेटा प्लान हैं। क्या मैं जान सकता हूँ कि आप कौन-सा डेटा प्लान खरीदना चाहेंगे?",3,0
ok, ठीक है,2,0
"Awesome! Could you please help me with the plan you'd like to purchase, the plan that we offer are 1 GB, 5 GB, 10 GB and the prices are $5, $25 and $50 respectively."," बहुत बढ़िया! क्या आप उस योजना में मेरी मदद कर सकते हैं जिसे आप खरीदना चाहते हैं, जो योजना हम पेश करते हैं वह 1 जीबी, 5 जीबी, 10 जीबी है और कीमतें क्रमशः $ 5, $ 25 और $ 50 हैं।",3,2
no that will be it for me.,"नहीं, यह मेरे लिए होगा।",1,0
Good morning! You've reached Net link Media/Cable Services. How may I help you today?, सुबह बख़ैर! आप नेट लिंक मीडिया/केबल सेवाओं पर पहुंच गए हैं। आज मैं आपकी कैसे मदद कर सकता हूँ?,3,0
I am done Taylor., मैं टेलर कर रहा हूँ।,1,1
"Alright, Thanks for sharing your details with me. We have three data plans in internet service they are, 1 GB, 5 GB and 10 GB. Which one you'd like to purchase. The prices may vary.*"," ठीक है, मेरे साथ अपना विवरण साझा करने के लिए धन्यवाद। इंटरनेट सेवा में हमारे पास तीन डेटा प्लान हैं, 1 जीबी, 5 जीबी और 10 जीबी। आप कौन सा खरीदना चाहते हैं। कीमतें भिन्न हो सकती हैं।*",3,0
Is there anything else I may help you with?, क्या कुछ और है जिसमें मैं आपकी मदद कर सकता हूं?,2,0
"cable, internet service ","केबल, इंटरनेट सेवा",0,0
hai, हाय,2,0
"Awesome! May I know if you're a student, an active military member or over the age of 65?"," बहुत बढ़िया! क्या मैं जान सकता हूँ कि आप एक छात्र हैं, एक सक्रिय सैन्य सदस्य हैं या 65 वर्ष से अधिक आयु के हैं?",3,2
Great! May I please know it's zip code?, महान! क्या मुझे इसका ज़िप कोड पता हो सकता है?,3,2
Fantastic! Thanks for reaching out to us. We are always at your back to provide you assistance. Have a pleasant day ahead! :), ज़बरदस्त! हमसे संपर्क करने के लिए धन्यवाद। हम आपको सहायता प्रदान करने के लिए हमेशा आपकी पीठ पर हैं। आगे आपका दिन मंगलमय हो! :),3,2
Thank you very much, आपका बहुत बहुत धन्यवाद,3,2
76501,76501,0,0
hi, नमस्ते,2,0
Thank you for contacting us. I had a good time assisting you. Please do reach out to us for further queries. Have a good day. Bye now., हमसे संपर्क करने के लिए धन्यवाद। मेरे पास आपकी सहायता करने का अच्छा समय था। कृपया आगे के प्रश्नों के लिए हमसे संपर्क करें। आपका दिन शुभ हो। अलविदा।,3,2
"Sure, thank you. Which service are you planning to purchase?"," पक्का, आपका धन्यवाद। आप कौन सी सेवा खरीदने की योजना बना रहे हैं?",3,0
hello, नमस्ते,2,0
hello, नमस्ते,2,0
I hope we are still connected?, मुझे आशा है कि हम अभी भी जुड़े हुए हैं?,2,0
Perfect! The 10 GB will cost you $7 including all taxes. I will go ahead and activate the same for you., उत्तम! 10 जीबी की कीमत आपको सभी करों सहित $7 होगी। मैं आगे बढ़ूंगा और इसे आपके लिए सक्रिय करूंगा।,3,2
i need a cable connection, मुझे केबल कनेक्शन चाहिए,1,0
"Awesome! The services we provide are cable connection, internet services and the phone connection. The plans we offer are 1 GB, 5 GB, 10 GB and the prices are $5, $25 and $50 respectively."," बहुत बढ़िया! हम जो सेवाएं प्रदान करते हैं वे हैं केबल कनेक्शन, इंटरनेट सेवाएं और फोन कनेक्शन। हमारे द्वारा पेश किए जाने वाले प्लान 1 जीबी, 5 जीबी, 10 जीबी हैं और कीमतें क्रमशः $ 5, $ 25 और $ 50 हैं।",3,2
hi, नमस्ते,2,0
It was a pleasure to assist you today. Have a great day!, आज आपकी सहायता करके खुशी हुई। आपका दिन अच्छा रहे!,3,2
YES, हां,2,2
no thanks," जी नहीं, धन्यवाद",3,1
ok, ठीक है,2,0
ok, ठीक है,2,0
Perfect! I've registered you for this plan and the plan will be activated within the next 24 hours. Would you need anything else?, उत्तम! मैंने आपको इस योजना के लिए पंजीकृत किया है और यह योजना अगले 24 घंटों के भीतर सक्रिय हो जाएगी। क्या आपको कुछ और चाहिए होगा?,3,2
For sure! May I know your name and the last 4 digits of SSN?, पक्का! क्या मैं आपका नाम और SSN के अंतिम 4 अंक जान सकता हूँ?,2,0
ok thanks, ठीक है धन्यवाद,3,0
Hello and Good Morning! Welcome to Relax customer  service. How may I help you today?, नमस्ते और सुप्रभात! रिलैक्स कस्टमर सर्विस में आपका स्वागत है। आज मैं आपकी कैसे मदद कर सकता हूँ?,3,0
"Good news! I'd like to inform you that, I've confirmed you new 10 GB cable connection. Our executives will reach you within 48 hrs for the installation. Is there anything else that I may help you with?"," खुशखबरी! मैं आपको सूचित करना चाहता हूं कि, मैंने आपको नए 10 जीबी केबल कनेक्शन की पुष्टि की है। स्थापना के लिए हमारे अधिकारी 48 घंटे के भीतर आप तक पहुंचेंगे। क्या कुछ और है जिसमें मैं आपकी मदद कर सकता हूं?",3,2
yes sure city name is dallas and 52458, हाँ ज़रूर शहर का नाम डलास है और 52458,2,0
"Absolutely! I'll be glad to help you in this, may I please know your city and zip code?"," बिल्कुल! मुझे इसमें आपकी मदद करने में खुशी होगी, क्या मैं आपका शहर और ज़िप कोड जान सकता हूं?",3,2
"Thanks for helping me with your details. As of now we are offering three data plans, 1 GB, 5 GB and 10 GB. Which one you'd like to buy?"," अपने विवरण के साथ मेरी मदद करने के लिए धन्यवाद। अभी तक हम तीन डेटा प्लान पेश कर रहे हैं, 1 जीबी, 5 जीबी और 10 जीबी। आप कौन सा खरीदना चाहेंगे?",3,0
i need 10 GB, मुझे 10 जीबी चाहिए,1,0
"Good evening! Welcome to Fastnet Cable customer service, I'm Cameron.I'll be glad to help you in this, may I please know your city and zip code?","सुसंध्या! फास्टनेट केबल ग्राहक सेवा में आपका स्वागत है, मैं कैमरून हूं। मुझे इसमें आपकी मदद करने में खुशी होगी, क्या मैं आपका शहर और ज़िप कोड जान सकता हूं?",3,0
You're always welcome! Have a great day ahead and please do reach out to us in case of any further queries., आपका हमेशा स्वागत है! आपका दिन शुभ हो और किसी भी अन्य प्रश्न के मामले में कृपया हमसे संपर्क करें।,3,2
ok bye, चलो बाय,2,0
Is there anything else I may help you with?, क्या कुछ और है जिसमें मैं आपकी मदद कर सकता हूं?,2,0
"Thank you for your patience, I'm glad to inform you that I've signed you up for the services it will get activated in an hour and you can enjoy the services. Welcome aboard, anything else I may help you with?
"," आपके धैर्य के लिए धन्यवाद, मुझे आपको यह बताते हुए खुशी हो रही है कि मैंने आपको उन सेवाओं के लिए साइन अप किया है जो एक घंटे में सक्रिय हो जाएंगी और आप सेवाओं का आनंद ले सकते हैं। जहाज पर आपका स्वागत है, कुछ और जो मैं आपकी मदद कर सकता हूँ?",3,2
Okay. would you like me to confirm this plan?, ठीक। क्या आप चाहते हैं कि मैं इस योजना की पुष्टि करूं?,3,0
CODE :339696, कोड: 339696,0,0
ok, ठीक है,2,0
CALIFORNIA 90001, कैलिफ़ोर्निया 90001,0,0
hi, नमस्ते,2,0
"ok thank you, have a great day"," ठीक है धन्यवाद, आपका दिन शुभ हो",3,2
I would like to purchase internet, मुझे इंटरनेट खरीदना है,2,0
like to purchase, खरीदना पसंद है,2,0
Hey there! Good morning. Welcome to LMT cable services. How may I assist you?,सुनो! सुबह बख़ैर। एलएमटी केबल सेवाओं में आपका स्वागत है। मैं आपकी कैसे सहायता कर सकता हूँ?,3,0
5GB PLAN, 5GB योजना,0,0
no thanks," जी नहीं, धन्यवाद",3,1
hi, नमस्ते,2,0
THANK YOU, धन्यवाद,3,2
THANK YOU, धन्यवाद,3,2
yes sure, हाँ यकीनन,2,0
no thanks," जी नहीं, धन्यवाद",3,1
mexico and the zip code 454613, मेक्सिको और ज़िप कोड 454613,0,0
hello?, नमस्ते?,3,0
Thank you Jessly! May I please know the last 4 digit of the SSN?, धन्यवाद जेस्ली! क्या मैं कृपया SSN के अंतिम 4 अंक जान सकता हूँ?,3,0
It's $60 for 10GB., यह 10GB के लिए $60 है।,0,0
Fantastic! I've forwarded your subscription request for the 5 GB internet data plan. You will be receiving a confirmation call regarding the same within 24 hours. We hope you enjoy our service. Will there be anything else I could do for you?, ज़बरदस्त! मैंने 5 जीबी इंटरनेट डेटा प्लान के लिए आपका सब्सक्रिप्शन अनुरोध अग्रेषित कर दिया है। आपको 24 घंटे के भीतर उसी के संबंध में एक पुष्टिकरण कॉल प्राप्त होगा। हमें उम्मीद है कि आप हमारी सेवा का आनंद लेंगे। क्या मैं तुम्हारे लिए और कुछ कर सकता हूँ?,3,2
no thing, कुछ नहीं,2,0
Perfect! The plan is for $70 a month. You can get the first month free and also free set up., उत्तम! योजना $ 70 प्रति माह के लिए है। आप पहले महीने मुफ्त और मुफ्त सेट अप भी प्राप्त कर सकते हैं।,2,2
"Okay, I'd like to inform you that in your particular city and area we have 3 data plans available, 1Gb data plan, 5Gb data plan and 10Gb data plan. May I know which one would you prefer? ","ठीक है, मैं आपको सूचित करना चाहता हूं कि आपके विशेष शहर और क्षेत्र में हमारे पास 3 डेटा प्लान उपलब्ध हैं, 1 जीबी डेटा प्लान, 5 जीबी डेटा प्लान और 10 जीबी डेटा प्लान। क्या मैं जान सकता हूँ कि आप किसे पसंद करेंगे?",3,0
Great! Let me know if there would be anything more I could do for you., महान! मुझे बताएं कि क्या मैं आपके लिए और कुछ कर सकता हूं।,3,2
"You are always welcome. Your compliments are valuable to us. Thanks for staying connected. For further queries, please feel free to contact us anytime. We are always here to help you."," आपका हमेशा स्वागत है। आपकी तारीफ हमारे लिए अमूल्य हैं। जुड़े रहने के लिए धन्यवाद। अधिक प्रश्नों के लिए, कृपया बेझिझक हमसे किसी भी समय संपर्क करें। हम आपकी मदद करने के लिए हमेशा मौजूद हैं।",3,2
Thank you for contacting our live chat service. I hope you have a great day ahead. Bye!,हमारी लाइव चैट सेवा से संपर्क करने के लिए धन्यवाद। मुझे आशा है कि आपके लिए आगे एक अच्छा दिन होगा। अलविदा!,3,2
ok, ठीक है,2,0
Hello and welcome to Star cable customer care services. How may I help you today?, नमस्कार और स्टार केबल कस्टमर केयर सर्विसेज में आपका स्वागत है। आज मैं आपकी कैसे मदद कर सकता हूँ?,3,0
"You are always welcome. I'm glad I could assist you. Thank you for choosing our service. For any query, please feel free to call us anytime on our toll free number: 1800-922-833."," आपका हमेशा स्वागत है। मुझे खुशी है कि मैं आपकी सहायता कर सका। हमारी सेवा चुनने के लिए धन्यवाद। किसी भी प्रश्न के लिए, कृपया हमें किसी भी समय हमारे टोल फ्री नंबर: 1800-922-833 पर कॉल करने में संकोच न करें।",3,2
Would you like to switch from premium plan to the platinum plan?, क्या आप प्रीमियम प्लान से प्लेटिनम प्लान में स्विच करना चाहेंगे?,3,0
5   gb, 5 जीबी,0,0
ok, ठीक है,2,0
Amazing! Would there be anything else I may assist you with?, अद्भुत! क्या कुछ और होगा जिसमें मैं आपकी सहायता कर सकूं?,3,2
"Awesome! Thank you for reaching out to us, hope you'll have a great day ahead! "," बहुत बढ़िया! हमसे संपर्क करने के लिए धन्यवाद, आशा है कि आगे आपका दिन बहुत अच्छा रहेगा!",3,2
are you there?, क्या आप हैं?,1,0
May I know which data plan you;d like to purchase?, क्या मैं जान सकता हूँ कि आप कौन-सा डेटा प्लान खरीदना चाहेंगे?,2,0
ok, ठीक है,2,0
NO, ना,1,1
That's all thank you, बस आपका धन्यवाद,3,0
"Lot great offers, I like to go Platinum can you confirm and fix this service ?"," बहुत बढ़िया ऑफ़र, मुझे प्लेटिनम जाना पसंद है क्या आप इस सेवा की पुष्टि कर सकते हैं और इसे ठीक कर सकते हैं?",3,2
Definitely! I'd be glad to help you in this regard. Could you please help me with the city you live in and it's zip code?,निश्चित रूप से! मुझे इस संबंध में आपकी मदद करने में खुशी होगी। क्या आप कृपया मुझे उस शहर और उसके ज़िप कोड के बारे में बता सकते हैं जिसमें आप रहते हैं?,3,2
You're Welcome! Have a good day! Hope to assist you again. Goodbye!, आपका स्वागत है! आपका दिन शुभ हो! आशा है कि आप फिर से सहायता करेंगे। अलविदा!,2,2
All right. I've initiated the data plan. You will be receiving the confirmation message along with the payment link., ठीक है। मैंने डेटा योजना शुरू की है। आपको भुगतान लिंक के साथ पुष्टिकरण संदेश प्राप्त होगा।,1,0
10 GB, 10 जीबी,0,0
fantastic okay alright\, बढ़िया ठीक है ठीक है,2,2
"Amazing! Could you also please help me with, which plan you'd like to take-up? We have 1 GB, 5 GB and 10 GB.","अद्भुत! क्या आप कृपया मेरी मदद कर सकते हैं कि आप कौन सी योजना शुरू करना चाहते हैं? हमारे पास 1 जीबी, 5 जीबी और 10 जीबी है।",3,2
ok, ठीक है,2,0
nothing., कुछ नहीं।,2,0
Hope we're connected?, आशा है कि हम जुड़े हुए हैं?,2,0
I need new cable service, मुझे नई केबल सेवा चाहिए,1,0
Perfect! I'll sign you for the internet services of 5 GB plan. Is there anything else I might help you with?, उत्तम! मैं आपको 5 जीबी प्लान की इंटरनेट सेवाओं के लिए साइन करूंगा। क्या कुछ और है जिसमें मैं आपकी मदद कर सकता हूं?,3,2
City : Fazal..ZIP:81952, शहर: फ़ज़ल..ज़िप:81952,0,0
I WANT TO PURCHASE INTERNET, मुझे इंटरनेट खरीदना है,1,0
"I highly appreciate your patience. We are currently offering 1 GB, 5 GB and 10 GB data plans, May I know which one you'd like to sign up for?"," मैं आपके धैर्य की अत्यधिक सराहना करता हूं। वर्तमान में हम 1 जीबी, 5 जीबी और 10 जीबी डेटा प्लान पेश कर रहे हैं, क्या मैं जान सकता हूं कि आप किसके लिए साइन अप करना चाहते हैं?",3,2
student, छात्र,0,0
"I'll be glad to help you with that, may I know the name of the city and the zip code please? "," मुझे इसमें आपकी मदद करने में खुशी होगी, क्या मुझे शहर का नाम और ज़िप कोड पता हो सकता है?",3,0
ok, ठीक है,2,0
"Thank you! For the cable packages we have  (1GB, 5 GB, 10 GB) which are $5, $10 and $29 respectively. Could you now please go ahead and choose a package for yourself?","आपको धन्यवाद! केबल पैकेज के लिए हमारे पास (1GB, 5GB, 10GB) हैं जो क्रमशः $5, $10 और $29 हैं। क्या अब आप कृपया आगे बढ़ सकते हैं और अपने लिए एक पैकेज चुन सकते हैं?",3,2
i need a cable service for my home, मुझे अपने घर के लिए केबल सेवा चाहिए,2,0
Hello! How may I assist you today?, नमस्ते! आज मैं आपकी मदद किस तरह कर सकता हूँ?,3,0
Hello! Welcome to Prodesk cable services. How may I help you today?, नमस्ते! प्रोडेस्क केबल सेवाओं में आपका स्वागत है। आज मैं आपकी कैसे मदद कर सकता हूँ?,3,0
That's great! The plan is $200 a month. Would you like to ask me any questions about this plan?, एक दम बढ़िया! योजना $ 200 प्रति माह है। क्या आप मुझसे इस योजना के बारे में कोई प्रश्न पूछना चाहेंगे?,3,2
"Amazing! May I know the plan that you'd opt among 1 GB, 5 GB and 10 GB please?"," अद्भुत! क्या मैं उस योजना को जान सकता हूँ जिसे आप कृपया 1 जीबी, 5 जीबी और 10 जीबी में से चुनेंगे?",3,2
Hi, नमस्ते,2,0
Sure! Could you please help me with your city and it's zip code?, ज़रूर! क्या आप कृपया मुझे अपने शहर और उसके ज़िप कोड में मदद कर सकते हैं?,3,0
Thank you for reaching out to us. It was wonderful to assist you today. Have a great day!, हमसे संपर्क की पहल के लिए आपका धन्यवाद। आज आपकी सहायता करना अद्भुत रहा। आपका दिन अच्छा रहे!,3,2
hi, नमस्ते,3,0
"hi , i am looking for a new service"," नमस्ते, मैं एक नई सेवा की तलाश में हूं",3,0
WE SEE SOON BACK, हम जल्द ही वापस देखते हैं,0,0
No.Thank you so much for your help., नहीं।आपकी मदद के लिए बहुत बहुत धन्यवाद।,3,2
"I really appreciate for staying connected, you're now a part of our services. Our executives will reach out to you for further details, will there be anything else I may help you with? 
","जुड़े रहने के लिए मैं वास्तव में सराहना करता हूं, अब आप हमारी सेवाओं का हिस्सा हैं। हमारे अधिकारी अधिक जानकारी के लिए आप तक पहुंचेंगे, क्या कुछ और होगा जिसमें मैं आपकी मदद कर सकता हूं?",3,2
thanks, धन्यवाद,2,2
Alright! May I also know to which of our services you'd like to switch to?, ठीक है! क्या मैं यह भी जान सकता हूँ कि आप हमारी किन सेवाओं पर स्विच करना चाहेंगे?,3,0
I need cable connection., मुझे केबल कनेक्शन चाहिए।,1,0
Alright! Have a good day! Hope to assist you again in the future. Goodbye!, ठीक है! आपका दिन शुभ हो! आशा है कि भविष्य में फिर से आपकी सहायता करेंगे। अलविदा!,3,2
Great! May I please know which data plan service would you like to purchase?, महान! क्या मैं कृपया जान सकता हूँ कि आप कौन सी डेटा योजना सेवा खरीदना चाहेंगे?,3,2
Okay. Thank you., ठीक। शुक्रिया।,3,2
ok, ठीक है,2,0
17date, 17 तारीख,0,0
10gb cable service provide at home, घर पर 10GB केबल सेवा प्रदान करें,0,0
Thank you! Anything else that I may help you with?, आपको धन्यवाद! कुछ और जिससे मैं आपकी मदद कर सकूं?,3,2
HI, नमस्ते,2,0
"I'm sorry I didn't understand your response, could you please be a little clear?"," मुझे खेद है कि मुझे आपकी प्रतिक्रिया समझ में नहीं आई, क्या आप कृपया थोड़ा स्पष्ट हो सकते हैं?",3,1
CONFIRM, पुष्टि करें,0,0
"Awesome! Thanks for reaching out to us, hope you'll have a wonderful day ahead. "," बहुत बढ़िया! हमसे संपर्क करने के लिए धन्यवाद, आशा है कि आगे आपका दिन शानदार रहेगा।",3,2
NO THANKS," जी नहीं, धन्यवाद",3,1
ANy time on 13th October is fine, 13 अक्टूबर को कोई भी समय ठीक है,1,0
"Sure, the plan is for $40 a month. Would you have any queries regarding this plan?"," ज़रूर, यह योजना $40 प्रति माह के लिए है। क्या आप इस योजना के बारे में कोई प्रश्न पूछना चाहेंगे?",3,0
i want to purchase new cable, मुझे नया केबल खरीदना है,1,0
hi, नमस्ते,2,0
No, नहीं,1,0
no sir.this is ok, नहीं सर।यह ठीक है,2,0
Intrenet connection, इंटरनेट कनेक्शन,0,0
Thanks a lot jesse, बहुत बहुत धन्यवाद जेसी,3,2
nothing else, और कुछ नहीं,1,0
"my city is florida and zip code is 3319
", मेरा शहर फ़्लोरिडा है और ज़िप कोड 3319 . है,1,0
please confirm that plan, कृपया उस योजना की पुष्टि करें,2,0
Great! I'd be glad to help you with that. Could you please help me with your city's name?,महान! मुझे इसमें आपकी मदद करने में खुशी होगी। क्या आप कृपया अपने शहर के नाम के साथ मेरी मदद कर सकते हैं?,3,2
Glad to help you with your query. Please feel free to call us on 745-836-737 available at your service. Good bye!, आपकी क्वेरी में आपकी सहायता करने में खुशी हुई। कृपया बेझिझक हमें आपकी सेवा में उपलब्ध 745-836-737 पर कॉल करें। अलविदा!,3,2
Hi, नमस्ते,3,0
Portland 97205, पोर्टलैंड 97205,0,0
My city name is Illinois and zip code is 61364., मेरे शहर का नाम इलिनॉय है और ज़िप कोड 61364 है।,1,0
"Surely, would you have any queries regarding this plan?"," निश्चित रूप से, क्या आप इस योजना के बारे में कोई प्रश्न पूछना चाहेंगे?",2,0
nothing, कुछ नहीं,1,0
Thank you Jassuraj! May I also know the last four digits of your SSN for verification please?, धन्यवाद जसुराज! क्या मैं सत्यापन के लिए आपके एसएसएन के अंतिम चार अंक भी जान सकता हूं?,3,0
OK, ठीक है,2,0
hai, हाय,2,0
Hello! You've reached AT&T. How may I help you today?, नमस्ते! आप एटी एंड टी पर पहुंच गए हैं। आज मैं आपकी कैसे मदद कर सकता हूँ?,3,0
The 10 GB plan will cost you $7 including all taxes. I will activate the same for you., 10 जीबी प्लान की कीमत आपको सभी करों सहित $7 होगी। मैं आपके लिए इसे सक्रिय कर दूंगा।,1,0
no  thanks," जी नहीं, धन्यवाद",3,1
i want cable connection, मुझे केबल कनेक्शन चाहिए,1,0
Sure. Thank you for your time with us. It was great assisting you. Have a wonderful day., ज़रूर। हमारे साथ समय बिताने के लिए धन्यवाद। आपकी मदद करके बहुत अच्छा लगा। शानदार दिन हो।,3,2
internet, इंटरनेट,0,0
OK, ठीक है,2,0
ok thanks, ठीक है धन्यवाद,3,0
Thank you! Anything else that I may help you with?, आपको धन्यवाद! कुछ और जिससे मैं आपकी मदद कर सकूं?,3,2
4510,4510,0,0
Ok, ठीक,2,0
"Great! Which Data plan would you like to purchase? We have 1GB, 5GB and 10GB data packages available with us."," महान! आप कौन सा डेटा प्लान खरीदना चाहेंगे? हमारे पास 1GB, 5GB और 10GB डेटा पैकेज उपलब्ध हैं।",3,2
ok, ठीक है,2,0
I hope we are still connected?, मुझे आशा है कि हम अभी भी जुड़े हुए हैं?,2,0
i need information about my bill, मुझे अपने बिल के बारे में जानकारी चाहिए,2,0
I hope we're connected?,मुझे आशा है कि हम जुड़े हुए हैं?,2,0
WHAT IS THE COST?, क्या भाव है?,0,0
Sorry sir but could you be little more specific," क्षमा करें सर, लेकिन क्या आप थोड़ा और विशिष्ट हो सकते हैं",3,0
"Los angeles, 90001"," लॉस एंजिल्स, 90001",0,0
hai, हाय,2,0
"What would you like to purchase sir? We offer phone service, cable service and also internet service."," आप क्या खरीदना चाहेंगे सर? हम फोन सेवा, केबल सेवा और इंटरनेट सेवा भी प्रदान करते हैं।",3,0
"Great choice! I'd like to inform, the charge for 10 GB data plan is $24.10 per month. Would that be okay? "," बहुत बढ़िया पसंद! मैं बताना चाहता हूं, 10 जीबी डेटा प्लान का शुल्क $24.10 प्रति माह है। क्या यह ठीक रहेगा?",3,2
Perfect! The 10 GB will be now activated and it will cost you $7 including all taxes., उत्तम! 10 जीबी अब सक्रिय हो जाएगा और सभी करों सहित इसकी कीमत आपको $7 होगी।,2,2
Are we still connected?, हम अभी भी जुड़े हैं?,1,0
"Perfect! May I know if you're a student, an active military member or over the age of 65? "," उत्तम! क्या मैं जान सकता हूँ कि आप एक छात्र हैं, एक सक्रिय सैन्य सदस्य हैं या 65 वर्ष से अधिक आयु के हैं?",3,2
Perfect! That's a great choice. I've raised a request for your service installation. Our agent will contact you soon regarding the same., उत्तम! यह एक बढ़िया विकल्प है। मैंने आपकी सेवा स्थापना के लिए एक अनुरोध किया है। उसी के संबंध में हमारा एजेंट जल्द ही आपसे संपर्क करेगा।,3,2
Yes sir.  I need my connection as quick as possible., जी श्रीमान। मुझे अपना कनेक्शन जल्द से जल्द चाहिए।,3,0
"Perfect! Could you please allow me a minute or two, while I get this done for you?"," उत्तम! क्या आप कृपया मुझे एक या दो मिनट का समय दे सकते हैं, जबकि मैं आपके लिए यह कर रहा हूँ?",3,2
Great! I'd be glad to help you with that. Could you please help me with your city's name?,महान! मुझे इसमें आपकी मदद करने में खुशी होगी। क्या आप कृपया अपने शहर के नाम के साथ मेरी मदद कर सकते हैं?,3,2
10gb, 10जीबी,0,0
new cable service, नई केबल सेवा,0,0
"I'm sorry, but we have sent you an email on your registered email address, I request you to check the same."," मुझे खेद है, लेकिन हमने आपको आपके पंजीकृत ईमेल पते पर एक ईमेल भेजा है, मैं आपसे इसे जांचने का अनुरोध करता हूं।",3,0
Hello! Good morning. Welcome to LMT cable services. How may I help you today?, नमस्ते! सुबह बख़ैर। एलएमटी केबल सेवाओं में आपका स्वागत है। आज मैं आपकी कैसे मदद कर सकता हूँ?,3,0
no help just chat friendly, कोई मदद नहीं सिर्फ दोस्ताना चैट करें,1,0
"Hello! Good morning, Welcome to media cable services. How may I help you today?"," नमस्ते! सुप्रभात, मीडिया केबल सेवाओं में आपका स्वागत है। आज मैं आपकी कैसे मदद कर सकता हूँ?",3,0
Charleston - 29403, चार्ल्सटन - 29403,0,0
5487,5487,0,0
every monthly bill was going up can you please check, हर मासिक बिल बढ़ रहा था क्या आप कृपया चेक कर सकते हैं,3,1
"Hello! Good morning, Welcome to media cable services. How may I help you today?"," नमस्ते! सुप्रभात, मीडिया केबल सेवाओं में आपका स्वागत है। आज मैं आपकी कैसे मदद कर सकता हूँ?",3,0
I like 10gb data plan, मुझे 10GB डेटा प्लान पसंद है,2,2
your'e welcome SSN number is 4980, आपका स्वागत है एसएसएन नंबर 4980 है,2,0
ok thanks, ठीक है धन्यवाद,3,0
yeah I think that sounds good, हाँ मुझे लगता है कि यह अच्छा लगता है,3,2
Fantastic! Thank you for reaching out to us. Have a great day. Bye., ज़बरदस्त! हमसे संपर्क की पहल के लिए आपका धन्यवाद। आपका दिन अच्छा रहे। अलविदा।,3,2
"Thanks for helping me with your details. As of now we are offering three data plans, 1 GB, 5 GB and 10 GB. Which one you'd like to buy?"," अपने विवरण के साथ मेरी मदद करने के लिए धन्यवाद। अभी तक हम तीन डेटा प्लान पेश कर रहे हैं, 1 जीबी, 5 जीबी और 10 जीबी। आप कौन सा खरीदना चाहेंगे?",3,0
Oh ok.No problem, ओह ठीक है।कोई बात नहीं,2,0
Awesome! 5GB would cost you $10. Would you like to confirm the data plan?,बहुत बढ़िया! 5GB की कीमत आपको $10 होगी। क्या आप डेटा प्लान की पुष्टि करना चाहेंगे?,3,2
Fantastic! I've confirmed your new  5 GB internet connection and I've created an account of yours with our services. Our executives will reach you with the installation within 48 hrs. Would there be anything else that I may help you with?, ज़बरदस्त! मैंने आपके नए 5 जीबी इंटरनेट कनेक्शन की पुष्टि कर दी है और मैंने हमारी सेवाओं के साथ आपका खाता बना लिया है। हमारे अधिकारी 48 घंटे के भीतर इंस्टॉलेशन के साथ आप तक पहुंच जाएंगे। क्या कुछ और होगा जिससे मैं आपकी मदद कर सकूं?,3,2
I NEED A NEW CABLE SERVICE., मुझे एक नई केबल सेवा चाहिए।,1,1
HI, नमस्ते,2,0
i like 10 GB plan, मुझे 10 जीबी का प्लान पसंद है,2,2
Awesome! I have now confirmed the 5 GB data plan on your name and created an account for you. Our associate would visit your house and help you in the service installation. Is there anything else I could help you with for today?,बहुत बढ़िया! मैंने अब आपके नाम पर 5 जीबी डेटा प्लान की पुष्टि की है और आपके लिए एक खाता बनाया है। हमारे सहयोगी आपके घर आएंगे और सर्विस इंस्टालेशन में आपकी मदद करेंगे। क्या आज के लिए मैं आपकी कुछ और मदद कर सकता हूँ?,3,2
Hi, नमस्ते,3,0
"You are always welcome. Thank you for choosing our service. For any query, please feel free to talk to us anytime. We are always here to help you."," आपका हमेशा स्वागत है। हमारी सेवा चुनने के लिए धन्यवाद। किसी भी प्रश्न के लिए, कृपया बेझिझक हमसे कभी भी बात करें। हम आपकी मदद करने के लिए हमेशा मौजूद हैं।",3,2
Hello! Welcome to Aura cable services. How may I assist you today?, नमस्ते! ऑरा केबल सर्विस में आपका स्वागत है। आज मैं आपकी मदद किस तरह कर सकता हूँ?,3,0
ok thanks, ठीक है धन्यवाद,3,0
Awesome.  I would like the 5GB plan then, बहुत बढ़िया। मुझे तब 5GB का प्लान चाहिए,3,2
okay, ठीक है,2,0
