ENG_utterances,HIN_utterances,politeness,sentiment
Yes i got answer..Thanks for your information!, हाँ मुझे उत्तर मिल गया..आपकी जानकारी के लिए धन्यवाद!,3,0
as4578683953, एएस4578683953,0,0
have a great day, आपका दिन शानदार गुजरे,2,2
Hey! A very good morning to you. How may I help you today?, अरे! आपके लिए एक बहुत ही शुभ प्रभात। आज मैं आपकी कैसे मदद कर सकता हूँ?,3,2
Hey! How may I help you today?, अरे! आज मैं आपकी कैसे मदद कर सकता हूँ?,3,0
I'm here!, मैं यहाँ हुं!,2,0
"Awesome! Also, may I please know the last four digits of your account number??"," बहुत बढ़िया! साथ ही, क्या मैं कृपया आपके खाता संख्या के अंतिम चार अंक जान सकता हूँ ??",3,2
Nothing else, और कुछ नहीं,2,0
"Hi, I wants to change my address of credit card ?"," नमस्ते, मैं क्रेडिट कार्ड का अपना पता बदलना चाहता हूं?",3,0
Thank you very much, आपका बहुत बहुत धन्यवाद,3,2
Could you please tell me what order you're referring to?, क्या आप कृपया मुझे बता सकते हैं कि आप किस आदेश का जिक्र कर रहे हैं?,3,0
"Awesome! Thank you for all the information, please stay connected, while I do the needful. "," बहुत बढ़िया! सभी जानकारी के लिए धन्यवाद, कृपया जुड़े रहें, जबकि मैं आवश्यक कार्य करता हूं।",3,2
HII, HII,2,0
Sure! Could you please help me out with your full name?, ज़रूर! क्या आप कृपया अपने पूरे नाम के साथ मेरी मदद कर सकते हैं?,3,0
Hey! A very good morning to you. How may I help you today?, अरे! आपके लिए एक बहुत ही शुभ प्रभात। आज मैं आपकी कैसे मदद कर सकता हूँ?,3,2
HOW TO REMOVE, कैसे हटाएं,0,0
thank you, धन्यवाद,2,2
I WANT TO TRANSFER MONEY, मैं पैसे ट्रांसफर करना चाहता हूं,1,1
3425,3425,0,0
23rd june 2018, 23 जून 2018,0,0
HI, नमस्ते,2,0
3459,3459,0,0
Could you please help me out with your new address for me to update in the portal?, क्या आप मुझे पोर्टल में अपडेट करने के लिए अपने नए पते के साथ मेरी मदद कर सकते हैं?,3,0
"Hello, how may I help you today?"," हैलो, मैं आज आपकी कैसे मदद कर सकता हूं?",3,0
so block the card, इसलिए कार्ड को ब्लॉक करें,0,0
Thank you for the information. I see that you have $5000 in your account. Let me know if you have any other queries.,जानकारी के लिए धन्यवाद। मैं देख रहा हूँ कि आपके खाते में $5000 हैं। यदि आपके कोई अन्य प्रश्न हैं तो मुझे बताएं।,3,0
"I don’t mean to rush you. However, I just want to check if we’re still connected?"," मेरा मतलब आपको जल्दी करना नहीं है। हालांकि, मैं सिर्फ यह जांचना चाहता हूं कि क्या हम अभी भी जुड़े हुए हैं?",3,0
Hey! A very good morning to you. How may I help you today?, अरे! आपके लिए एक बहुत ही शुभ प्रभात। आज मैं आपकी कैसे मदद कर सकता हूँ?,3,2
I hope we are connected!, मुझे आशा है कि हम जुड़े हुए हैं!,2,0
I LOST MY CREDIT CARD, मैंने अपना क्रेडिट कार्ड खो दिया,0,1
and the name please?, और नाम कृपया?,2,0
hi, नमस्ते,2,0
i want close my account, मुझे अपना खाता बंद करना है,2,1
Perfect! Is there anything I could assist you with?, उत्तम! क्या कोई ऐसी चीज है जिसमें मैं आपकी सहायता कर सकता हूं?,3,2
"Thank you, I really appreciate your help"," धन्यवाद, मैं वास्तव में आपकी मदद की सराहना करता हूं",3,2
"Hello, how may I help you today?"," हैलो, मैं आज आपकी कैसे मदद कर सकता हूं?",3,0
from my account 7399 to 8388 amount of $500, मेरे खाते से 7399 से 8388 तक की राशि $500,0,0
"No, from account number 3456789 to 7768"," नहीं, खाता संख्या 3456789 से 7768",1,0
"Thank you Sam, have a great day ."," धन्यवाद सैम, आपका दिन शुभ हो।",3,2
Are you connected?, क्या आप जुड़े हुए हैं?,0,0
"Hey there, how may I help you today?"," अरे वहाँ, मैं आज आपकी कैसे मदद कर सकता हूँ?",3,0
"No ...You done very quickly ...Thanks
", नहीं...आपने बहुत जल्दी किया...धन्यवाद,3,2
Thank you for your time and patience Charles. We are glad to be able to assist you. You have a great day., आपके समय और धैर्य के लिए धन्यवाद चार्ल्स। हमें आपकी सहायता करने में सक्षम होने में प्रसन्नता हो रही है। आपका दिन बहुत बढ़िया हो।,3,2
06/17/2018..Time 15:17, 06/17/2018..समय 15:17,0,0
GUD MRNG SAM, गुड मृंग सैम,2,0
Please transfer money to another account, कृपया दूसरे खाते में पैसे ट्रांसफर करें,2,0
Perfect! Please could you help me with the new address?, उत्तम! कृपया क्या आप मुझे नए पते में मदद कर सकते हैं?,3,2
"I appreciate you bringing this to our attention, so that we can deal with this immediately. Could you please let me know your name, last 4 digits of SSN and credit card number?","इस बात को हमारे ध्यान में लाने के लिए मैं आपकी सराहना करता हूं, ताकि हम इससे तुरंत निपट सकें। क्या आप कृपया मुझे अपना नाम, एसएसएन के अंतिम 4 अंक और क्रेडिट कार्ड नंबर बता सकते हैं?",3,2
12-Jun-18,12-Jun-18,0,0
Thank you Daniel for the details. Please give me a minute to proceed further., विवरण के लिए धन्यवाद डैनियल। कृपया मुझे आगे बढ़ने के लिए एक मिनट दें।,3,2
krishnan, कृष्णन,0,0
BYE, अलविदा,2,0
"Please help me with the last four digits of the account number you would like the amount to be transferred to.
", कृपया उस खाता संख्या के अंतिम चार अंकों के बारे में मेरी सहायता करें जिसमें आप राशि हस्तांतरित करना चाहते हैं।,3,0
The last four digits for the account is 1234, खाते के अंतिम चार अंक 1234 . हैं,0,0
thanks.., धन्यवाद..,3,2
Let me know company's new lower rates, मुझे कंपनी की नई कम दरों के बारे में बताएं,2,0
hi, नमस्ते,2,0
Always a pleasure assisting a valuable customer like you. Have a great day ahead. Looking forward to seeing you soon., आप जैसे मूल्यवान ग्राहक की सहायता करने में हमेशा खुशी होती है। आगे एक महान दिन हो। जल्द ही आपको देखने की इच्छा है।,3,2
thank you for your help, आपके सहयोग के लिए धन्यवाद,3,2
"Hello, it seems that you are away. I will have to close the chat for now. If you still need my help, you can request a chat again.
"," नमस्ते, ऐसा लगता है कि आप दूर हैं। मुझे अभी के लिए चैट बंद करनी होगी। अगर आपको अभी भी मेरी मदद की ज़रूरत है, तो आप फिर से चैट का अनुरोध कर सकते हैं।",3,0
spencer., स्पेंसर,0,0
Nothing else, और कुछ नहीं,2,0
You're welcome! Is there anything else I may assist you with?, आपका स्वागत है! क्या कुछ और है जिसमें मैं आपकी सहायता कर सकता हूं?,2,2
WHAT ARE THE DETAILS YOU NEED, आपको क्या विवरण चाहिए,1,0
"Okay, would you please help me with the date, time and amount of the charge?
"," ठीक है, क्या आप कृपया शुल्क की तारीख, समय और राशि के बारे में मेरी मदद करेंगे?",3,0
thanks for your valuable service,आपकी बहुमूल्य सेवा के लिए धन्यवाद,3,2
You're welcome! Is there anything else I may assist you with?, आपका स्वागत है! क्या कुछ और है जिसमें मैं आपकी सहायता कर सकता हूं?,2,2
The last 4 digits of SSN is 5221, SSN के अंतिम 4 अंक 5221 . होते हैं,0,0
3969,3969,0,0
May I also know the last 4 digits of account to which you’d like to transfer?, क्या मैं उस खाते के अंतिम 4 अंक भी जान सकता हूँ जिसमें आप स्थानांतरित करना चाहते हैं?,3,0
Perfect! I'll help you on this., उत्तम! मैं इसमें आपकी मदद करूंगा।,3,2
Let me know company's new lower rates, मुझे कंपनी की नई कम दरों के बारे में बताएं,2,0
I want to change my address on my account, मैं अपने खाते पर अपना पता बदलना चाहता हूं,2,0
hii, हायि,2,0
bye., अलविदा।,2,0
"Awesome. I have done the needful. The amount has been successfully transferred.
", बहुत बढ़िया। मैंने जरूरी काम किया है। राशि सफलतापूर्वक स्थानांतरित कर दी गई है।,3,2
"Thank you for using our live chat service. I'm now closing this chat. If you have any other concerns in the future, please don’t hesitate to let us know. Have a great day!
"," हमारी लाइव चैट सेवा का उपयोग करने के लिए धन्यवाद। मैं अब इस चैट को बंद कर रहा हूं। यदि भविष्य में आपकी कोई अन्य चिंता है, तो कृपया हमें बताने में संकोच न करें। आपका दिन अच्छा रहे!",3,2
2556,2556,0,0
I want close my account, मुझे अपना खाता बंद करना है,2,1
7786,7786,0,0
"I highly appreciate your patience, I would like to inform you that I've blocked your present card and issued a new card which will be delivered to you within next 2 days. "," मैं आपके धैर्य की बहुत सराहना करता हूं, मैं आपको सूचित करना चाहता हूं कि मैंने आपका वर्तमान कार्ड ब्लॉक कर दिया है और एक नया कार्ड जारी किया है जो अगले 2 दिनों के भीतर आपको वितरित कर दिया जाएगा।",3,2
Thank you. To get your bank details I would need your last 4 digits of SSN., शुक्रिया। आपका बैंक विवरण प्राप्त करने के लिए मुझे आपके एसएसएन के अंतिम 4 अंकों की आवश्यकता होगी।,3,0
Thank you for sharing the information. I've processed the request for the change of address. You'll shortly receive a confirmation E-mail., जानकारी साझा करने के लिए धन्यवाद। मैंने पते में परिवर्तन के अनुरोध को संसाधित कर लिया है। आपको शीघ्र ही एक पुष्टिकरण ई-मेल प्राप्त होगा।,3,2
Perfect! Could you please help me out with your new address for me to update in the portal?,उत्तम! क्या आप मुझे पोर्टल में अपडेट करने के लिए अपने नए पते के साथ मेरी मदद कर सकते हैं?,3,2
How may I help you today?, आज मैं आपकी कैसे मदद कर सकता हूँ?,2,0
Okay and also would you please share your new address?, ठीक है और क्या आप कृपया अपना नया पता भी साझा करेंगे?,3,0
MY FRIEND ACCOUNT, मेरा मित्र खाता,1,0
hi, नमस्ते,2,0
I filled report..They not give answer properly, मैंने रिपोर्ट भर दी..वे ठीक से जवाब नहीं देते,2,1
4682,4682,0,0
"Surely I will help you. Please help me with the last four digits of the account number you would like the amount to be transferred to.
", ज़रूर मैं आपकी मदद करूँगा। कृपया उस खाता संख्या के अंतिम चार अंकों के बारे में मेरी सहायता करें जिसमें आप राशि हस्तांतरित करना चाहते हैं।,3,0
I really appreciate that. Upon your request I've blocked the card. You'll be receiving a confirmation e-mail shortly. Is there anything I could help you with today?, मैं वास्तव में उसकी सराहना करता हूँ। आपके अनुरोध पर मैंने कार्ड को ब्लॉक कर दिया है। आपको शीघ्र ही एक पुष्टिकरण ई-मेल प्राप्त होगा। क्या आज मैं आपकी कुछ मदद कर सकता हूँ?,3,2
"Thank you for your valuable information. As I've checked I see that the account balance of the account ending with 6383 is $100.
"," आपकी बहुमूल्य जानकारी के लिए धन्यवाद। जैसा कि मैंने जाँच की है, मैंने देखा कि 6383 के साथ समाप्त होने वाले खाते का खाता शेष 100 डॉलर है।",3,2
"I appreciate for holding on, your request has been successful. "," मैं रुकने के लिए सराहना करता हूं, आपका अनुरोध सफल रहा है।",3,2
Thanks! Please could you share with me the account number and also your SSN number?, धन्यवाद! क्या आप मेरे साथ खाता संख्या और अपना एसएसएन नंबर साझा कर सकते हैं?,3,0
HELLO, नमस्ते,2,0
"Hi there, how may I help you today?"," नमस्ते, मैं आज आपकी कैसे मदद कर सकता हूं?",3,0
8712,8712,0,0
"Hello, Alex!", हैलो एलेक्स!,3,0
Right now no quires, अभी कोई पूछताछ नहीं,1,0
"Awesome! Also, may I please know the last four digits of your account number?","बहुत बढ़िया! साथ ही, क्या मैं आपकी खाता संख्या के अंतिम चार अंक जान सकता हूं?",3,2
This is James, यह जेम्स है,2,0
"My pleasure. Anything else I may help you out with?
", मेरा सौभाग्य। कुछ और मैं आपकी मदद कर सकता हूं?,3,2
"Hey! I'd like to inform you that according to our banks policy you'll have to file a police complaint about it, then we will be able to proceed further with the procedure. However, after filing the report, please feel free to contact us at anytime, We'll block your card right away.
"," अरे! मैं आपको सूचित करना चाहता हूं कि हमारी बैंक नीति के अनुसार आपको इसके बारे में पुलिस शिकायत दर्ज करनी होगी, फिर हम प्रक्रिया के साथ आगे बढ़ने में सक्षम होंगे। हालांकि, रिपोर्ट दर्ज करने के बाद, कृपया बेझिझक हमसे किसी भी समय संपर्क करें, हम आपका कार्ड तुरंत ब्लॉक कर देंगे।",3,1
fine, ठीक,1,2
"Account number 625837516987256 and  SSN number 36589675.
", खाता संख्या 625837516987256 और एसएसएन संख्या 36589675।,0,0
Okay thank you for your help, ठीक है आपकी मदद के लिए धन्यवाद,3,2
my account number is 2356 please tell my routing number, मेरा खाता नंबर 2356 है कृपया मेरा रूटिंग नंबर बताएं,2,0
BYE, अलविदा,2,0
The last four digits of SSN is 4538, SSN के अंतिम चार अंक 4538 . होते हैं,1,0
"Hello there, How may I help you today?
"," नमस्ते, मैं आज आपकी कैसे मदद कर सकता हूँ?",3,0
"Thank you for your valuable information. As I've checked, I see that the account balance of the account ending with 8569 is $2000. "," आपकी बहुमूल्य जानकारी के लिए धन्यवाद। जैसा कि मैंने जाँच की है, मैंने देखा कि 8569 के साथ समाप्त होने वाले खाते की शेष राशि $2000 है।",3,2
4860,4860,0,0
Perfect! Is there anything I could assist you with?, उत्तम! क्या कोई ऐसी चीज है जिसमें मैं आपकी सहायता कर सकता हूं?,3,2
"87/23, bangalore street "," 87/23, बंगलौर स्ट्रीट",0,0
What are you doing?, आप क्या कर रहे हो?,0,0
OK.thanks, ठीक है धन्यवाद,2,0
Thank You very much..I am really happy now!, बहुत बहुत धन्यवाद..मैं अब बहुत खुश हूँ!,3,2
It was wonderful talking to you. Have a great day,आपसे बात करके बहुत अच्छा लगा। आपका दिन अच्छा रहे,3,2
With pleasure..Have a nice day!, खुशी के साथ..आपका दिन शुभ हो!,2,2
Yes, हाँ,2,0
7.31569E+15,7.31569E+15,0,0
"Chloe Garrett
", क्लो गैरेट,0,0
"Awesome.I have processed the request and the charge has been removed. I do apologize for the inconvenience caused.
", बहुत बढ़िया।मैंने अनुरोध संसाधित कर दिया है और शुल्क हटा दिया गया है। हुई असुविधा के लिए मुझे खेद है।,3,2
"hai, my card missing so close that one"," है, मेरा कार्ड इतना करीब से गायब है कि एक",2,0
Thank you. Give me just a moment while I update that for you!," शुक्रिया। जब तक मैं इसे आपके लिए अपडेट करता हूं, मुझे बस एक क्षण दें!",3,0
I want help to resolve the issues for my credit card lost, मुझे अपने क्रेडिट कार्ड के गुम होने की समस्या का समाधान करने में सहायता चाहिए,2,0
Thank you very much, आपका बहुत बहुत धन्यवाद,3,2
"Perfect. Could you please provide me your complete credit card number.
", उत्तम। क्या आप कृपया मुझे अपना पूरा क्रेडिट कार्ड नंबर प्रदान कर सकते हैं।,3,2
"Thank you Raja, Is there anything else I could assist you with?"," धन्यवाद राजा, क्या कुछ और है जिसमें मैं आपकी सहायता कर सकता हूँ?",3,0
5486,5486,0,0
hello, नमस्ते,2,0
I'm glad I was of help! Is there anything else I may assist you with?, मुझे खुशी है कि मैं मददगार था! क्या कुछ और है जिसमें मैं आपकी सहायता कर सकता हूं?,3,2
2156,2156,0,0
Would there be anything else I may help you with?, क्या कुछ और होगा जिसमें मैं आपकी मदद कर सकूं?,2,0
Joe Smith, जो स्मिथ,0,0
It was wonderful talking to you. Have a great day,आपसे बात करके बहुत अच्छा लगा। आपका दिन अच्छा रहे,3,2
Thank you very much for alerting us about this. We will help you get this issue resolved., हमें इसके बारे में सचेत करने के लिए आपका बहुत-बहुत धन्यवाद। हम इस मुद्दे को हल करने में आपकी मदद करेंगे।,3,1
Catylin Carney, कैटिलिन कार्नी,0,0
May I know your name please?, क्या मैं आपका नाम जान सकता हूँ?,3,0
"Awesome! Also, may I please know the last four digits of your SSN?"," बहुत बढ़िया! साथ ही, क्या मैं कृपया आपके SSN के अंतिम चार अंक जान सकता हूँ?",3,2
sir remove wrong bill credit  on my credit card,सर मेरे क्रेडिट कार्ड से गलत बिल क्रेडिट हटा दें,1,0
"Thanks Ramya. To pull up the information I will require your last 4 digits of the SSN.
", धन्यवाद राम्या। जानकारी प्राप्त करने के लिए मुझे आपके एसएसएन के अंतिम 4 अंकों की आवश्यकता होगी।,3,0
YOUR CARD NUMBER, आपका कार्ड नंबर,0,0
THANK YOU, धन्यवाद,3,2
thanujan krishnan, तनुजन कृष्णन,0,0
15-06-2018,15-06-2018,0,0
yes, हां,2,0
Hai..., है...,2,0
You're welcome. Is there anything else I could help you with?, आपका स्वागत है। क्या कुछ और है जिसमें मैं आपकी मदद कर सकता हूं?,2,2
HI..., नमस्ते...,3,0
"Awesome.I have processed the request and the charge has been removed. I do apologize for the inconvenience caused.
", बहुत बढ़िया।मैंने अनुरोध संसाधित कर दिया है और शुल्क हटा दिया गया है। हुई असुविधा के लिए मुझे खेद है।,3,2
"Sorry, there is a mistake. The number is 35/1"," क्षमा करें, गलती हुई है। संख्या 35/1 . है",2,0
I wanted to know whetehr new lower rates as shown in commercial available to me, मैं जानना चाहता था कि मेरे लिए उपलब्ध वाणिज्यिक में दिखाए गए अनुसार नई कम दरें क्या हैं,2,0
My last credit card bill was charged extra.., मेरा पिछला क्रेडिट कार्ड बिल अतिरिक्त चार्ज किया गया था..,1,1
Thank you for waiting patiently the address will be changed shorty and it'll take up to 2 hours for the changes to be effective and you'll get a confirmation email about the same," धैर्यपूर्वक प्रतीक्षा करने के लिए धन्यवाद, पता संक्षिप्त रूप से बदल दिया जाएगा और परिवर्तनों को प्रभावी होने में 2 घंटे तक का समय लगेगा और आपको इसके बारे में एक पुष्टिकरण ईमेल प्राप्त होगा",3,1
Thank you for the information. I’ve updated the address. You’ll receive a confirmation message in a while. Is there anything else I can help you with?, जानकारी के लिए धन्यवाद। मैंने पता अपडेट कर दिया है। आपको थोड़ी देर में एक पुष्टिकरण संदेश प्राप्त होगा। क्या कुछ और है जिसमें मैं आपकी मदद कर सकता हूं?,3,0
No, नहीं,1,0
And could you also share the date when you used your card for the last time?, और क्या आप उस तारीख को भी साझा कर सकते हैं जब आपने आखिरी बार अपने कार्ड का इस्तेमाल किया था?,2,0
Great! Lastly I'll require the time of charge., महान! अंत में मुझे चार्ज के समय की आवश्यकता होगी।,3,2
That's great! Please could you also share the account number to which you would like to transfer?,एक दम बढ़िया! कृपया क्या आप उस खाता संख्या को भी साझा कर सकते हैं जिसमें आप स्थानांतरित करना चाहते हैं?,3,2
Thank you for waiting patiently your account balance is $3000," धैर्यपूर्वक प्रतीक्षा करने के लिए धन्यवाद, आपके खाते की शेष राशि $3000 है",3,0
Hi I wanted to close my account, नमस्ते मैं अपना खाता बंद करना चाहता था,3,0
30000,30000,0,0
Nothing else, और कुछ नहीं,2,0
5.55556E+15,5.55556E+18,0,0
ok thank you, ठीक है धन्यवाद,3,0
I want transfer money to another account, मुझे दूसरे खाते में पैसे ट्रांसफर करना है,1,1
Hi.  I see a charge on my statement that I didn't make., नमस्ते। मैं अपने बयान पर एक आरोप देखता हूं जो मैंने नहीं किया।,3,1
CARD NO  - 6645 SSN - 8631, कार्ड नंबर - 6645 एसएसएन - 8631,1,0
OK, ठीक है,2,0
Sure. I'll help you with that. Could you please help me with your name and the four digits of SSN?, ज़रूर। मैं इसमें आपकी मदद करूंगा। क्या आप कृपया मुझे अपने नाम और एसएसएन के चार अंकों के साथ मदद कर सकते हैं?,3,0
Sure! I'll right away update that. Can you give the correct number?, ज़रूर! मैं इसे तुरंत अपडेट कर दूंगा। क्या आप सही नंबर दे सकते हैं?,3,0
20th 80$, 20वां 80$,0,0
joshep r cool, जोशेप आर कूल,3,0
Could you please let me know the name?, क्या आप कृपया मुझे नाम बता सकते हैं?,3,0
"Sure thing, May i know your name and the account number?"," ज़रूर, क्या मैं आपका नाम और खाता संख्या जान सकता हूँ?",2,0
"Sure, I'll be happy to do that for you. May I know your name?"," ज़रूर, मुझे आपके लिए ऐसा करने में खुशी होगी। मैं आपका नाम जान सकता हुँ?",3,0
thank you bye, अलविदा धन्यवाद,3,0
Thank you for the details. Kindly give me a minute., विवरण के लिए धन्यवाद। कृपया मुझे एक मिनट दें।,3,2
Thanks. To get your bank details I would need your last 4 digits of SSN., धन्यवाद। आपका बैंक विवरण प्राप्त करने के लिए मुझे आपके एसएसएन के अंतिम 4 अंकों की आवश्यकता होगी।,3,0
ok boy thank u, ओके बॉय थैंक यू,3,2
Goodbye friend., अलविदा दोस्त।,2,0
"Your welcome, would there be anything else I may help you with today? ","आपका स्वागत है, क्या आज मैं आपकी कुछ और मदद कर सकता हूँ?",3,0
Surely I will help you. May I please know your first and last name?, ज़रूर मैं आपकी मदद करूँगा। क्या मैं आपका पहला और अंतिम नाम जान सकता हूँ?,3,0
NAME- PRIYANKA ACCOUNT NUMBER- 4567 SSN NUMBER - 7890, नाम- प्रियंका अकाउंट नंबर- 4567 एसएसएन नंबर- 7890,0,0
I’m glad I could resolve this for you. Have a great day., मुझे खुशी है कि मैं इसे आपके लिए हल कर सका। आपका दिन अच्छा रहे।,3,2
hi..gud mrng, नमस्ते..गुड मृंग,3,0
ya.., हाँ..,2,0
06/16/018, 06/16/018,0,0
"Sure thing, could you please help me out with your full name and last 4 digits of your SSN?"," निश्चित रूप से, क्या आप कृपया अपना पूरा नाम और अपने एसएसएन के अंतिम 4 अंकों के साथ मेरी मदद कर सकते हैं?",3,0
kavitha, कविता,0,0
Nothing else, और कुछ नहीं,2,0
no, नहीं,1,1
HI, नमस्ते,2,0
$200, $200,0,0
got the a/c number to which a/c u need to tranfer, a/c नंबर मिला है जिस पर a/cu को स्थानांतरित करने की आवश्यकता है,2,0
reply  me, मुझे उत्तर दें,0,0
"hello there, Good morning! "," नमस्ते वहाँ, सुप्रभात!",3,0
No thanks. I need your help means i will call you.," जी नहीं, धन्यवाद। मुझे आपकी मदद की जरूरत है यानी मैं आपको फोन करूंगा।",3,1
Account number:5463, खाता संख्या: 5463,0,0
"Raymond Samuel
", रेमंड सैमुअल,0,0
"MY ADDRESS IS 98, GREEN WAY STREET CA 56213"," मेरा पता 98 है, ग्रीन वे स्ट्रीट सीए 56213",1,0
Thank you so much for bringing this to our notice. I'll ensure that I'll raise a request to delete the charge and kindly give us 24-48 hours to get this resolved. You will also be receiving a confirmation e-mail once this is resolved. Is there anything else I might help you with today?, इसे हमारे संज्ञान में लाने के लिए आपका बहुत-बहुत धन्यवाद। मैं यह सुनिश्चित करूंगा कि मैं शुल्क हटाने का अनुरोध करूंगा और कृपया इसे हल करने के लिए हमें 24-48 घंटे का समय दें। इसका समाधान हो जाने पर आपको एक पुष्टिकरण ई-मेल भी प्राप्त होगा। क्या आज मैं आपकी कुछ और मदद कर सकता हूँ?,3,1
69$, 69$,0,0
"Sure! I'd be glad to assist you on this. Could you please let me know your name, last 4 digits of SSN and credit card number?","ज़रूर! मुझे इसमें आपकी सहायता करने में खुशी होगी। क्या आप कृपया मुझे अपना नाम, एसएसएन के अंतिम 4 अंक और क्रेडिट कार्ड नंबर बता सकते हैं?",3,0
"I’m sorry this has happened. I understand you're upset, and I will do my best to help you. Please provide me your name."," मुझे खेद है कि ऐसा हुआ है। मैं समझता हूँ कि आप परेशान हैं, और मैं आपकी मदद करने की पूरी कोशिश करूँगा। कृपया मुझे अपना नाम प्रदान करें।",3,1
The account number ending with 8623 has $2222 has account balance., 8623 के साथ समाप्त होने वाली खाता संख्या में 2222 डॉलर का खाता शेष है।,0,0
Hey! How may I help you today?, अरे! आज मैं आपकी कैसे मदद कर सकता हूँ?,3,0
Don't worry. I have cancelled your card and a new card will be issued shortly. You would be receiving a confirmation message regarding this. As there is no response from your end. The chat will get disconnected within 30 seconds automatically., चिंता मत करो। मैंने आपका कार्ड रद्द कर दिया है और जल्द ही एक नया कार्ड जारी किया जाएगा। आपको इसके बारे में एक पुष्टिकरण संदेश प्राप्त होगा। चूंकि आपकी तरफ से कोई जवाब नहीं आया है। चैट 30 सेकंड के भीतर अपने आप डिस्कनेक्ट हो जाएगी।,2,1
I'll help you with that. May I know your name please?, मैं इसमें आपकी मदद करूंगा। क्या मैं आपका नाम जान सकता हूँ?,3,0
im Eric and my ssn is 1010, मैं एरिक हूं और मेरा एसएसएन 1010 है,2,0
May I ask if you have filed a police report?, क्या मैं पूछ सकता हूं कि क्या आपने पुलिस रिपोर्ट दर्ज की है?,2,0
"Thanks. Furthermore I will also require the last four digits of your account number.
", धन्यवाद। इसके अलावा मुझे आपके खाता संख्या के अंतिम चार अंकों की भी आवश्यकता होगी।,3,0
no, नहीं,1,1
328,328,0,0
I'm good thank you!," मैं अच्छा हूँ, धन्यवाद!",3,2
HI, नमस्ते,2,0
2354,2354,0,0
Thanks Jhony. Could you please share your complete credit card number?, धन्यवाद जॉनी। क्या आप कृपया अपना पूरा क्रेडिट कार्ड नंबर साझा कर सकते हैं?,3,0
6509,6509,0,0
"ok, "," ठीक है,",2,0
May I know your new address as well., क्या मैं आपका नया पता भी जान सकता हूँ।,3,0
You're always welcome., आपका हमेशा स्वागत है।,3,2
I'd also require the complete 16 digit credit card number.,मुझे पूरे 16 अंकों के क्रेडिट कार्ड नंबर की भी आवश्यकता होगी।,0,0
"Could you please help me with your full name, the last four digits of your SSN and your credit card number?"," क्या आप कृपया अपना पूरा नाम, अपने एसएसएन के अंतिम चार अंक और अपने क्रेडिट कार्ड नंबर के साथ मेरी मदद कर सकते हैं?",3,0
"Sure, no problem with that. What's the amount you would want to transfer?"," ज़रूर, इससे कोई समस्या नहीं है। आप कितनी राशि ट्रांसफर करना चाहेंगे?",2,0
and to move to 5011, और 5011 . पर जाने के लिए,0,0
HII, HII,2,0
hi, नमस्ते,2,0
no probs, समस्या नहीं,1,0
"Okay, I you are unable to find any information, you can also call to our toll free number i.e 040656236. they'll personally assist you and resolve all your queries. I hope that was helpful?"," ठीक है, मुझे आपको कोई जानकारी नहीं मिल रही है, आप हमारे टोल फ्री नंबर यानी 040656236 पर भी कॉल कर सकते हैं। वे व्यक्तिगत रूप से आपकी सहायता करेंगे और आपके सभी प्रश्नों का समाधान करेंगे। मुझे आशा है कि यह मददगार था?",3,2
H, एच,0,0
Please give me a minute to look into the issue., कृपया मुझे इस मुद्दे को देखने के लिए एक मिनट दें।,2,0
"since there is no reply, this conversation will get disconnected automatically within 30 seconds. 
"," चूंकि कोई उत्तर नहीं है, यह वार्तालाप 30 सेकंड के भीतर अपने आप डिस्कनेक्ट हो जाएगा।",2,1
Are you there?, क्या आप हैं?,1,0
"I'm very sorry for the inconvenience caused to you. May I know your name,last four digits of your SSN and credit card number?"," आपको हुई असुविधा के लिए मुझे बहुत खेद है। क्या मैं आपका नाम, आपके एसएसएन के अंतिम चार अंक और क्रेडिट कार्ड नंबर जान सकता हूं?",3,1
3.80989E+15,3.80989E+15,0,0
I'd be glad to assist you with the query., मुझे आपकी क्वेरी में सहायता करने में खुशी होगी।,3,2
Thank you for your patience.The transfer of $150 from account 8753 to account 8752 has been initiated. You'll be receiving a confirmation mail shortly. Is there anything I may do for you?,आपके धैर्य के लिए धन्यवाद। 8753 खाते से 8752 खाते में $150 का हस्तांतरण शुरू कर दिया गया है। आपको शीघ्र ही एक पुष्टिकरण मेल प्राप्त होगा। क्या मैं तुम्हारे लिए कुछ कर सकता हूँ?,3,0
yes.., हां..,2,0
"And also, how much amount you wish to transfer?"," और साथ ही, आप कितनी राशि ट्रांसफर करना चाहते हैं?",1,0
"Hi, i would like to check the account balance of savings account"," नमस्ते, मैं बचत खाते के खाते की शेष राशि की जांच करना चाहता हूं",3,0
hi, नमस्ते,2,0
"I'm sorry for the inconvenience, Could you please let me know the last 4 digits of SSN and the last 4 digits of credit card account number?"," असुविधा के लिए मुझे खेद है, क्या आप कृपया मुझे एसएसएन के अंतिम 4 अंक और क्रेडिट कार्ड खाता संख्या के अंतिम 4 अंक बता सकते हैं?",3,0
so please close, तो कृपया बंद करें,2,0
"Thank you for the details. Also, thank you so much for bringing this to our notice. I'll ensure that I'll raise a request to delete the charge and kindly give us 24-48 hours to get this resolved."," विवरण के लिए धन्यवाद। साथ ही, इसे हमारे संज्ञान में लाने के लिए आपका बहुत-बहुत धन्यवाद। मैं यह सुनिश्चित करूंगा कि मैं शुल्क हटाने का अनुरोध करूंगा और कृपया इसे हल करने के लिए हमें 24-48 घंटे का समय दें।",3,1
To get your bank details I would need your last 4 digits of SSN, आपका बैंक विवरण प्राप्त करने के लिए मुझे आपके एसएसएन के अंतिम 4 अंकों की आवश्यकता होगी,2,0
thank you, धन्यवाद,2,2
The balance in your account is $456. Is there anything else that I might help you with?, आपके खाते में शेष राशि $456 है। क्या कुछ और है जिसमें मैं आपकी मदद कर सकता हूं?,2,0
"Okay, Thanks for sharing that information, I'll go ahead and process with your request, please allow me a minute. I'll do this right away for you.","ठीक है, उस जानकारी को साझा करने के लिए धन्यवाद, मैं आगे बढ़ूंगा और आपके अनुरोध के साथ प्रक्रिया करूंगा, कृपया मुझे एक मिनट दें। मैं यह आपके लिए तुरंत करूँगा।",3,0
Thank you for the details Ronald. Please give me a minute., विवरण के लिए धन्यवाद रोनाल्ड। कृपया मुझे एक मिनट दें।,3,2
"No worries, I'm here to help you out! Could you please help me out with your full name? "," कोई चिंता नहीं, मैं यहाँ आपकी मदद करने के लिए हूँ! क्या आप कृपया अपने पूरे नाम के साथ मेरी मदद कर सकते हैं?",3,0
Credit Card Number : 5555-4444-3333-1111, क्रेडिट कार्ड नंबर: 5555-4444-3333-1111,0,0
"Perfect. Could you please provide me your complete credit card number.
", उत्तम। क्या आप कृपया मुझे अपना पूरा क्रेडिट कार्ड नंबर प्रदान कर सकते हैं।,3,2
Your full name and the last four digits of your account number?, आपका पूरा नाम और आपके खाता संख्या के अंतिम चार अंक?,0,0
I'd be glad to assist you., मुझे आपकी सहायता करने में खुशी होगी।,3,2
RAMYA, राम्या:,0,0
it takes too much time ?, बहुत अधिक समय लगता है?,0,1
"SSN number is your Social Security Number. I'll be needing it to access your account,Najma."," SSN नंबर आपका सोशल सिक्योरिटी नंबर है। मुझे आपके खाते तक पहुंचने के लिए इसकी आवश्यकता होगी, नजमा।",1,0
Sure. I'll help you with that. Could you please help me with your name and the four digits of SSN?, ज़रूर। मैं इसमें आपकी मदद करूंगा। क्या आप कृपया मुझे अपने नाम और एसएसएन के चार अंकों के साथ मदद कर सकते हैं?,3,0
thank you, धन्यवाद,2,2
I've process the process and $65 has been successfully transferred., मैंने प्रक्रिया को संसाधित कर लिया है और $65 सफलतापूर्वक स्थानांतरित कर दिया गया है।,2,2
BYE, अलविदा,2,0
5467,5467,0,0
YA THANK U, हां धन्यवाद,3,2
hi, नमस्ते,2,0
Perfect! would you please share the last four digits of your SSN?, उत्तम! क्या आप कृपया अपने SSN के अंतिम चार अंक साझा करेंगे?,3,0
I CHANGE MY ADDRESS IN MY CREDIT CARD, मैं अपने क्रेडिट कार्ड में अपना पता बदलता हूं,2,0
4589,4589,0,0
Hey there! How may I help you?, सुनो! क्या मेरे द्वारा आपकी कोई सहायता हो सकती है?,3,0
Bhuavana Bhuvi, भुवना भुविक,0,0
It was wonderful talking to you. Have a great day,आपसे बात करके बहुत अच्छा लगा। आपका दिन अच्छा रहे,3,2
My name is Jeeva, मेरा नाम जीव है,2,0
5751,5751,0,0
I NEED YOUR HELP RORY, मुझे आपकी मदद चाहिए,1,0
It was wonderful talking to you. Have a great day,आपसे बात करके बहुत अच्छा लगा। आपका दिन अच्छा रहे,3,2
3658,3658,0,0
You're welcome.  I had a great time assisting you. Please do feel free to reach out to us for further queries. Have a good day. Bye now.,आपका स्वागत है। मुझे आपकी सहायता करने में बहुत अच्छा लगा। कृपया आगे के प्रश्नों के लिए हमसे बेझिझक संपर्क करें। आपका दिन शुभ हो। अलविदा।,3,2
Good evening!, सुसंध्या!,3,2
I would like check my account balance, मैं अपने खाते की शेष राशि की जांच करना चाहता/चाहती हूं,3,0
yes good, हाँ अच्छा,2,2
Please help me sir., कृपया मेरी मदद करें सर।,3,0
thank you, धन्यवाद,2,2
"hi, my last credit card bill was charged extra.."," नमस्ते, मेरा पिछला क्रेडिट कार्ड बिल अतिरिक्त चार्ज किया गया था..",3,1
I lost my credit card, मैंने अपना क्रेडिट कार्ड खो दिया है,1,1
"Thank you for waiting patiently, the amount has been transferred and you'll be getting an email as well. 
"," धैर्यपूर्वक प्रतीक्षा करने के लिए धन्यवाद, राशि स्थानांतरित कर दी गई है और आपको एक ईमेल भी प्राप्त होगा।",3,2
"Thank you for your valuable information. As I've checked, I see that the account balance of the account ending with 3789 is $6000."," आपकी बहुमूल्य जानकारी के लिए धन्यवाद। जैसा कि मैंने जाँच की है, मैं देख रहा हूँ कि 3789 से समाप्त होने वाले खाते का खाता शेष $6000 है।",3,0
"You're welcome, sir! Thank you for connecting. Good day!", आपका स्वागत है श्रीमान! जोड़ने के लिए धन्यवाद। अच्छा दिन!,3,2
4.56874E+14,4.56874E+14,0,0
"Your welcome, would there be anything else I may help you with today? ","आपका स्वागत है, क्या आज मैं आपकी कुछ और मदद कर सकता हूँ?",3,0
Perfect! would you please share the last four digits of your SSN?, उत्तम! क्या आप कृपया अपने SSN के अंतिम चार अंक साझा करेंगे?,3,0
3.94792E+14,3.94792E+14,0,0
11:25,11:25,0,0
I really appreciate that. Please allow me a minute to work on it., मैं वास्तव में उसकी सराहना करता हूँ। कृपया मुझे इस पर काम करने के लिए एक मिनट का समय दें।,3,2
Okay! Thank you. Please allow me a moment while I update the address in the portal.," ठीक! शुक्रिया। जब तक मैं पोर्टल में पता अपडेट करता हूं, कृपया मुझे कुछ समय दें।",3,0
May I also know the last 4 digits of account to which you’d like to transfer?, क्या मैं उस खाते के अंतिम 4 अंक भी जान सकता हूँ जिसमें आप स्थानांतरित करना चाहते हैं?,3,0
please transfer 400$ for 0980 this aacount, कृपया इस आकाउंट में 0980 के लिए 400$ ट्रांसफर करें,3,0
yes i filled, हाँ मैंने भर दिया,2,0
Could you also please help me out with the amount of money to be transferred?, क्या आप कृपया मुझे हस्तांतरित की जाने वाली राशि में मदद कर सकते हैं?,3,0
5.98E+16,5.98E+16,0,0
Great! Could you please share the 16 digits of your credit card number?,महान! क्या आप कृपया अपने क्रेडिट कार्ड नंबर के 16 अंक साझा कर सकते हैं?,3,0
Hey there! How may I help you?, सुनो! क्या मेरे द्वारा आपकी कोई सहायता हो सकती है?,3,0
I want change my address, मुझे अपना पता बदलना है,2,0
"Alright. I apologize I will be not able to give you the information at this point of time. However someone from our bank will reach you back in few days to give you all important information.
", ठीक है। मुझे खेद है कि मैं इस समय आपको जानकारी नहीं दे पाऊंगा। हालांकि हमारे बैंक का कोई व्यक्ति आपको सभी महत्वपूर्ण जानकारी देने के लिए कुछ दिनों में वापस पहुंच जाएगा।,3,0
"Hi, I'd like to report an error in my credit bill and want to have the mistaken charge removed."," नमस्ते, मैं अपने क्रेडिट बिल में त्रुटि की रिपोर्ट करना चाहता/चाहती हूं और गलत शुल्क को हटाना चाहता हूं।",3,1
20000$, 20000$,0,0
"If there's no reply for the next 2 minutes this chat will be disconnected automatically.
", अगर अगले 2 मिनट तक कोई जवाब नहीं मिलता है तो यह चैट अपने आप डिस्कनेक्ट हो जाएगी।,2,1
May I also know the last four digits of your SSN?, क्या मैं आपके SSN के अंतिम चार अंक भी जान सकता हूँ?,2,0
Hi I would like to transfer money from my checking account to my savings account, नमस्ते मैं अपने चेकिंग खाते से अपने बचत खाते में पैसे ट्रांसफर करना चाहता हूं,3,0
My SSN# 8541, मेरा एसएसएन # 8541,1,0
"Hi there, how may I help you today?"," नमस्ते, मैं आज आपकी कैसे मदद कर सकता हूं?",3,0
Thank you for the information. I see that you have $5000 in your account. Let me know if you have any other queries.,जानकारी के लिए धन्यवाद। मैं देख रहा हूँ कि आपके खाते में $5000 हैं। यदि आपके कोई अन्य प्रश्न हैं तो मुझे बताएं।,3,0
Clement Jhon, क्लेमेंट झोन,0,0
Hello, नमस्ते,2,0
hii, हायि,2,0
You're welcome., आपका स्वागत है।,2,2
"Thanks you, please could you help me with your checking account number?"," धन्यवाद, क्या आप अपने चेकिंग अकाउंट नंबर में मेरी मदद कर सकते हैं?",3,2
"Awesome! Also, may I please know the last four digits of your account number?","बहुत बढ़िया! साथ ही, क्या मैं आपकी खाता संख्या के अंतिम चार अंक जान सकता हूं?",3,2
NAME :JACK SSN NO:4578, नाम: जैक एसएसएन नंबर: 4578,1,0
Thanks Trisha. To get your bank details I would need your last 4 digits of SSN, धन्यवाद त्रिशा। आपका बैंक विवरण प्राप्त करने के लिए मुझे आपके एसएसएन के अंतिम 4 अंकों की आवश्यकता होगी,3,0
Oh Sorry!, मुझे माफ करें!,2,0
Yes Sure., हाँ यकीनन।,2,0
"okay! I'll surely help you with that, May I know your first and last name please?
","ठीक है! मैं निश्चित रूप से इसमें आपकी मदद करूंगा, क्या मैं आपका पहला और अंतिम नाम जान सकता हूं?",3,0
You're welcome! Is there anything else I may assist you with?, आपका स्वागत है! क्या कुछ और है जिसमें मैं आपकी सहायता कर सकता हूं?,2,2
Perfect! please give me a minute to proceed further., उत्तम! कृपया मुझे आगे बढ़ने के लिए एक मिनट दें।,3,2
"I hope that was useful, Did I answer all your questions?"," मुझे आशा है कि यह उपयोगी था, क्या मैंने आपके सभी प्रश्नों का उत्तर दिया?",3,0
ok can i visit the nearest bank for more details," ठीक है, क्या मैं अधिक जानकारी के लिए नजदीकी बैंक जा सकता हूं",2,0
"That's sounds great. May I know the sum of amount to be transferred?
", यह सुनने में अच्छा लग रहा है। क्या मुझे स्थानांतरित की जाने वाली राशि का पता चल सकता है?,2,2
nopes. thats it. thanks, नहीं। यह बात है। धन्यवाद,3,1
"Okay! Not a problem! I had made a request to our department to issue a new card for you. Our associate will soon contact you for confirming a few credentials. And soon, you'll receive a new card on your registered address. I've blocked the card for now."," ठीक! एक समस्या नहीं है! मैंने आपके लिए एक नया कार्ड जारी करने के लिए हमारे विभाग से अनुरोध किया था। कुछ क्रेडेंशियल की पुष्टि के लिए हमारा सहयोगी जल्द ही आपसे संपर्क करेगा। और जल्द ही, आपको अपने पंजीकृत पते पर एक नया कार्ड प्राप्त होगा। मैंने अभी के लिए कार्ड ब्लॉक कर दिया है।",3,1
Could you also let me know the last 4 digits of account number?, क्या आप मुझे खाता संख्या के अंतिम 4 अंक भी बता सकते हैं?,3,0
I want change my address, मुझे अपना पता बदलना है,2,0
"I would be glad to help you out in this regards. May I know your name please?
", मुझे इस संबंध में आपकी मदद करने में खुशी होगी। क्या मैं आपका नाम जान सकता हूँ?,3,0
7.65E+16,7.65E+16,0,0
ye I ad it. 18-06-18, आप मैं इसे विज्ञापित करता हूँ। 18-06-18,1,2
Hey! How may I help you today?, अरे! आज मैं आपकी कैसे मदद कर सकता हूँ?,3,0
"Thank you, that is all."," कुलमिलाकर, धन्यवाद।",3,2
"okay! Thanks for being patient and sharing that valuable information, Please allow me a moment while I process with your request.
"," ठीक है! धैर्य रखने और उस मूल्यवान जानकारी को साझा करने के लिए धन्यवाद, कृपया मुझे आपके अनुरोध के साथ संसाधित करने के लिए कुछ समय दें।",3,2
SSN is code?, एसएसएन कोड है?,0,0
yes I connected with u Spencer,"हाँ, मैं आपसे स्पेंसर से जुड़ा हूँ",2,0
HI, नमस्ते,2,0
account num- 7894561230789456, खाता संख्या- 7894561230789456,0,0
Thank you for the information. Could you help me with the last four digits of your account number?, जानकारी के लिए धन्यवाद। क्या आप अपनी खाता संख्या के अंतिम चार अंकों में मेरी मदद कर सकते हैं?,3,0
I've raised a request to delete the charge and kindly give us 24-48 hours to get this resolved. You will also be receiving a confirmation e-mail once this is resolved. Would you need anything else sir?, मैंने शुल्क हटाने का अनुरोध किया है और कृपया इसे हल करने के लिए हमें 24-48 घंटे का समय दें। इसका समाधान हो जाने पर आपको एक पुष्टिकरण ई-मेल भी प्राप्त होगा। क्या आपको और कुछ चाहिए सर?,3,1
may i know my balance in my ac ?, क्या मैं अपने एसी में अपना बैलेंस जान सकता हूँ?,1,0
06/13/2018, 06/13/2018,0,0
9736,9736,0,0
"I highly appreciate your patience, I'd like to inform you that I've successfully ordered 10 checks for you, which will be delivered to you within next 2 business days. "," मैं आपके धैर्य की बहुत सराहना करता हूं, मैं आपको सूचित करना चाहता हूं कि मैंने आपके लिए 10 चेक का सफलतापूर्वक आदेश दिया है, जो आपको अगले 2 व्यावसायिक दिनों के भीतर वितरित कर दिया जाएगा।",3,2
Are we still connected?, हम अभी भी जुड़े हैं?,1,0
i wanted to change the address on your account, मैं आपके खाते का पता बदलना चाहता हूँ,1,0
"Awesome! Also, may I please know the last four digits of your account number??"," बहुत बढ़िया! साथ ही, क्या मैं कृपया आपके खाता संख्या के अंतिम चार अंक जान सकता हूँ ??",3,2
All right. When is the last time you have used your card?, ठीक है। आपने आखिरी बार कब अपने कार्ड का उपयोग किया है?,1,0
"Hello, how may I help you with today? "," हैलो, मैं आज आपकी कैसे मदद कर सकता हूं?",3,0
8264,8264,0,0
You’re welcome. I had a great time assisting you. Please do feel free to reach out to us for further queries. Have a good day. Bye now., आपका स्वागत है। मुझे आपकी सहायता करने में बहुत अच्छा लगा। कृपया आगे के प्रश्नों के लिए हमसे बेझिझक संपर्क करें। आपका दिन शुभ हो। अलविदा।,3,2
May I know your first and last name please?, क्या मैं आपका पहला और अंतिम नाम जान सकता हूँ?,3,0
You're most welcome. Would there be anything else I may help you with?,आपका स्वागत है। क्या कुछ और होगा जिसमें मैं आपकी मदद कर सकूं?,3,2
"Great! would you please share the 16 digits of your credit card number? 
", महान! क्या आप कृपया अपने क्रेडिट कार्ड नंबर के 16 अंक साझा करेंगे?,3,0
"Perfect. Could you please provide me your full credit card number.
", उत्तम। क्या आप मुझे अपना पूरा क्रेडिट कार्ड नंबर प्रदान कर सकते हैं।,3,2
"no, thank you", नहीं धन्यवाद,3,0
I'll help you with that si. Kindly could you give me your name?, मैं उस सी के साथ आपकी मदद करूंगा। क्या आप कृपया मुझे अपना नाम दे सकते हैं?,3,0
Great. Thanks!, महान। धन्यवाद!,3,2
"
Thank you for your time and patience. As I've checked I see that the account balance of the account ending with 2489 is $6000.
"," आपके समय और धैर्य के लिए आपका धन्यवाद। जैसा कि मैंने जाँच की है, मैं देखता हूँ कि 2489 से समाप्त होने वाले खाते का खाता शेष $6000 है।",3,2
"my account number would be 21232123321 , ssn is 24432234"," मेरा अकाउंट नंबर 21232123321 होगा, ssn 24432234 होगा",1,0
OK.THANKS, ठीक है धन्यवाद,2,2
Are you there, आप वहाँ हैं,1,0
Thank you very much, आपका बहुत बहुत धन्यवाद,3,2
I highly appreciate your patience. I would like to inform you that I've successfully blocked that card and issued a new one which will be delivered to you within 2-3 business days., मैं आपके धैर्य की अत्यधिक सराहना करता हूं। मैं आपको सूचित करना चाहता हूं कि मैंने उस कार्ड को सफलतापूर्वक ब्लॉक कर दिया है और एक नया कार्ड जारी कर दिया है जो 2-3 व्यावसायिक दिनों के भीतर आपको वितरित कर दिया जाएगा।,3,2
der 25 checks, डेर 25 चेक,0,0
25th june, 25 जून,0,0
MARK, निशान,0,0
VERY MUCH, बहुत अधिक,2,0
The transfer has been successfully initiated. You’ll be receiving a confirmation e-mail shortly. Is there anything else I can do for you today?, स्थानांतरण सफलतापूर्वक शुरू कर दिया गया है। आपको शीघ्र ही एक पुष्टिकरण ई-मेल प्राप्त होगा। क्या आज मैं आपके लिए कुछ और कर सकता हूँ?,2,2
9000,9000,0,0
"Hello there, How may I help you today?
"," नमस्ते, मैं आज आपकी कैसे मदद कर सकता हूँ?",3,0
Perfect! Your address has been successfully changed to NO - 98/85 LEO ROAD CH - 88.,उत्तम! आपका पता सफलतापूर्वक NO - 98/85 LEO ROAD CH - 88 में बदल दिया गया है।,2,2
Perfect! would you please share the last four digits of your SSN?, उत्तम! क्या आप कृपया अपने SSN के अंतिम चार अंक साझा करेंगे?,3,0
Could you please share your 16 digits credit card number?, क्या आप कृपया अपना 16 अंकों का क्रेडिट कार्ड नंबर साझा कर सकते हैं?,3,0
ok, ठीक है,2,0
Thank you for your help Jamie, आपकी मदद के लिए धन्यवाद जेमी,3,2
"Hello, how may I help you today?"," हैलो, मैं आज आपकी कैसे मदद कर सकता हूं?",3,0
5236,5236,0,0
1235,1235,0,0
Thank you, आपको धन्यवाद,3,2
"Nadia Vargas
", नादिया वर्गास,0,0
"Hello there, how may I help you today?"," नमस्ते, मैं आज आपकी कैसे मदद कर सकता हूं?",3,0
2820,2820,0,0
may I please know the last four digits of the account number you want to transfer to??, क्या मैं कृपया उस खाता संख्या के अंतिम चार अंक जान सकता हूँ जिसे आप स्थानांतरित करना चाहते हैं ??,3,0
HII, HII,2,0
bye, अलविदा,2,0
6557,6557,0,0
"Hello, how may I help you today?"," हैलो, मैं आज आपकी कैसे मदद कर सकता हूं?",3,0
"I apologize for that. Could you please help me with your full name, the last four digits of your SSN and your credit card number so I can check and correct it for you?"," मैं उसके लिए माफी माँगता हूँ। क्या आप कृपया मुझे अपना पूरा नाम, अपने एसएसएन के अंतिम चार अंक और अपने क्रेडिट कार्ड नंबर के साथ मदद कर सकते हैं ताकि मैं इसे आपके लिए जांच और सही कर सकूं?",3,0
9.51E+15,9.51E+15,0,0
NO THANKS," जी नहीं, धन्यवाद",3,1
ok I want to change my saving account address, ठीक है मैं अपना बचत खाता पता बदलना चाहता हूँ,2,0
Hey there Thomas. How may I help you today?, अरे वहाँ थॉमस। आज मैं आपकी कैसे मदद कर सकता हूँ?,3,0
Wait. I accidentally gave you the wrong last four digits of the card., रुकना। मैंने गलती से आपको कार्ड के अंतिम चार अंक गलत दे दिए।,2,0
The routing number is 998877665, रूटिंग नंबर 998877665 . है,1,0
"Thanks for your help, that's it."," आपकी मदद के लिए धन्यवाद, बस।",3,1
Hello! How may I help you?, नमस्ते! क्या मेरे द्वारा आपकी कोई सहायता हो सकती है?,3,0
"Thanks Jimmi. To pull up the information I will require your last 4 digits of the SSN.
", धन्यवाद जिमी। जानकारी प्राप्त करने के लिए मुझे आपके एसएसएन के अंतिम 4 अंकों की आवश्यकता होगी।,3,0
Thank you. Please could you provide me with the date on which the card was last used?,शुक्रिया। क्या आप मुझे वह तारीख बता सकते हैं जिस दिन कार्ड का अंतिम बार उपयोग किया गया था?,3,0
Have a great day ahead., आगे एक महान दिन हो।,2,2
goodbye Riley.  Thank you again., अलविदा रिले। फिर से धन्यवाद।,3,0
Credit card number 8667 0254 6320 8546, क्रेडिट कार्ड नंबर 8667 0254 6320 8546,0,0
"Thanks for holding on! I've updated your new address, and you'll also get a confirmation call from our customer service department. Kindly confirm that this was your new address and you wished to change it. I hope this is helpful to you? "," रुके रहने के लिए धन्यवाद! मैंने आपका नया पता अपडेट कर दिया है, और आपको हमारे ग्राहक सेवा विभाग से एक पुष्टिकरण कॉल भी प्राप्त होगी। कृपया पुष्टि करें कि यह आपका नया पता था और आप इसे बदलना चाहते थे। मैं उम्मीद करता हूँ यह आप के लिए उपयोगी है?",3,0
"Sure! I'd be glad to assist you on this. Could you please let me know your name, last 4 digits of SSN and credit card number?","ज़रूर! मुझे इसमें आपकी सहायता करने में खुशी होगी। क्या आप कृपया मुझे अपना नाम, एसएसएन के अंतिम 4 अंक और क्रेडिट कार्ड नंबर बता सकते हैं?",3,0
"yes, i need to change the address of my credit card can you do it ?"," हाँ, मुझे अपने क्रेडिट कार्ड का पता बदलने की आवश्यकता है क्या आप यह कर सकते हैं?",3,0
I'd also require the complete 16 digit credit card number.,मुझे पूरे 16 अंकों के क्रेडिट कार्ड नंबर की भी आवश्यकता होगी।,1,0
i need to transfer 500 $ to my friend account ..., मुझे अपने दोस्त के खाते में 500 डॉलर ट्रांसफर करने हैं...,2,0
HI, नमस्ते,2,0
"I appreciate you bringing this to our attention, so that we can deal with this immediately. Could you please let me know your name, last 4 digits of SSN and credit card number?","इस बात को हमारे ध्यान में लाने के लिए मैं आपकी सराहना करता हूं, ताकि हम इससे तुरंत निपट सकें। क्या आप कृपया मुझे अपना नाम, एसएसएन के अंतिम 4 अंक और क्रेडिट कार्ड नंबर बता सकते हैं?",3,2
"Thanks. To process the request I'll now require the date of charge and the amount of charge.
", धन्यवाद। अनुरोध को संसाधित करने के लिए अब मुझे शुल्क की तिथि और शुल्क की राशि की आवश्यकता होगी।,3,0
"Sure! I'd be glad to assist you on this. Could you please let me know your name, last 4 digits of SSN and credit card number?","ज़रूर! मुझे इसमें आपकी सहायता करने में खुशी होगी। क्या आप कृपया मुझे अपना नाम, एसएसएन के अंतिम 4 अंक और क्रेडिट कार्ड नंबर बता सकते हैं?",3,0
8573,8573,0,0
"Yes sure, I'll find that out for you."," हां, मैं आपके लिए इसका पता लगा लूंगा।",2,0
Sure. That would be very helpful, ज़रूर। यह बहुत मददगार होगा,2,0
good afternoon., नमस्कार।,3,2
thanks for you help, आपकी मदद के लिए धन्यवाद,3,2
"I would be glad to help you out in this regards. May I know your name please?
", मुझे इस संबंध में आपकी मदद करने में खुशी होगी। क्या मैं आपका नाम जान सकता हूँ?,3,0
Thank You so much for your help. You are awesome., आपकी मदद के लिए बहुत बहुत धन्यवाद। आप कमाल के है।,3,2
"Was the police report lodged for the lost card?
", क्या गुम हुए कार्ड के लिए पुलिस रिपोर्ट दर्ज की गई थी?,0,0
I WANTED TO TRANSFER MONEY TO MY FRIEND'S ACCOUNT.., मैं अपने दोस्त के खाते में पैसे ट्रांसफर करना चाहता था..,2,1
"Sure, will do. However, I would like to inform you that it'll take 2-3 business days for the cheques to reach you, is that okay/","यकीन करेंगे। हालांकि, मैं आपको सूचित करना चाहूंगा कि चेक आप तक पहुंचने में 2-3 कार्यदिवस लगेंगे, क्या यह ठीक है/",3,0
thank you very much Spencer, बहुत बहुत धन्यवाद स्पेंसर,3,2
BYE, अलविदा,2,0
I want to transfer the ammount, मैं अमाउंट ट्रांसफर करना चाहता हूं,1,0
May I also know the last four digits of your SSN?, क्या मैं आपके SSN के अंतिम चार अंक भी जान सकता हूँ?,2,0
Sure I've gone ahead and ordered 4 checks for you. You should receive them on 2 business days., निश्चित रूप से मैंने आगे बढ़कर आपके लिए 4 चेक का आदेश दिया है। आपको उन्हें 2 व्यावसायिक दिनों में प्राप्त करना चाहिए।,2,1
"I'd love to do that> However, we require your SSN to close the account. Hence, please contact your nearest branch for the SSN."," मुझे यह करना अच्छा लगेगा> हालांकि, हमें खाता बंद करने के लिए आपके एसएसएन की आवश्यकता है। इसलिए, कृपया एसएसएन के लिए अपनी नजदीकी शाखा से संपर्क करें।",3,0
I would like check my account balance, मैं अपने खाते की शेष राशि की जांच करना चाहता/चाहती हूं,3,0
Great! Could you also please help me out with the last 4 digits of your SSN?, महान! क्या आप कृपया अपने एसएसएन के अंतिम 4 अंकों के बारे में भी मेरी मदद कर सकते हैं?,3,2
The last 4 digits of SSN is 6984 and credit card number is 5109, SSN के अंतिम 4 अंक 6984 हैं और क्रेडिट कार्ड नंबर 5109 . है,0,0
Thank you very much, आपका बहुत बहुत धन्यवाद,3,2
THANK YOU, धन्यवाद,3,2
You’re most welcome. Is there anything else I could help you with?, आपका स्वागत है। क्या कुछ और है जिसमें मैं आपकी मदद कर सकता हूं?,3,2
"I would be glad to help you out in this regards. May I know your name please?
", मुझे इस संबंध में आपकी मदद करने में खुशी होगी। क्या मैं आपका नाम जान सकता हूँ?,3,0
BYE SEE YOU, अलविदा फिर मिलेंगे,2,0
"You're welcome. Is there anything else I could help you with?
", आपका स्वागत है। क्या कुछ और है जिसमें मैं आपकी मदद कर सकता हूं?,2,2
"As per your request, I have transferred the amount $25000 to the account ending with 9214. You'll be receiving a confirmation message regarding this. Is there anything else I can help you with?"," आपके अनुरोध के अनुसार, मैंने 9214 पर समाप्त होने वाले खाते में $25000 की राशि स्थानांतरित कर दी है। आपको इस संबंध में एक पुष्टिकरण संदेश प्राप्त होगा। क्या कुछ और है जिसमें मैं आपकी मदद कर सकता हूं?",3,0
7.59E+22,7.59E+22,0,0
"My Credit card is getting error , so please clear it","मेरे क्रेडिट कार्ड में त्रुटि हो रही है, इसलिए कृपया इसे साफ़ करें",2,1
"Hello there, How may I help you today?
"," नमस्ते, मैं आज आपकी कैसे मदद कर सकता हूँ?",3,0
Although I'm sad that you'll not be part of our bank anymore I'll do the needful.," हालांकि मुझे दुख है कि आप अब हमारे बैंक का हिस्सा नहीं होंगे, मैं जरूरी काम करूंगा।",2,1
"Hello there, How may I help you today?
"," नमस्ते, मैं आज आपकी कैसे मदद कर सकता हूँ?",3,0
OK THANK YOU, ठीक है धन्यवाद,3,2
Hi, नमस्ते,3,0
Deven Guzman, देवेन गुज़मान,0,0
My name is Rama, मेरा नाम राम हे,2,0
hi, नमस्ते,2,0
"Awesome! Thank you so much for your cooperation, have a great day! "," बहुत बढ़िया! आपके सहयोग के लिए बहुत-बहुत धन्यवाद, आपका दिन मंगलमय हो!",3,2
"GOOD MORNING, I HAVE TRANSFER MONEY TO MY SISTER"," सुप्रभात, मैंने अपनी बहन को पैसे ट्रांसफर कर दिए हैं",3,1
"Firstly I'm sorry that because of some technical issue you were charged incorrectly, I've personally requested for a quick fix of this issue so that you are  been troubled by these issues, However  for now I've requested for a refund of $500 which you'll receive within 48 hours. "," सबसे पहले मुझे खेद है कि कुछ तकनीकी समस्या के कारण आपसे गलत तरीके से शुल्क लिया गया था, मैंने व्यक्तिगत रूप से इस समस्या के त्वरित समाधान के लिए अनुरोध किया है ताकि आप इन मुद्दों से परेशान हों, हालांकि अभी के लिए मैंने $500 की वापसी का अनुरोध किया है जो आपको 48 घंटों के भीतर प्राप्त हो जाएगा।",3,1
Amazing. The amount you requested will be transferred soon. Is there anything else I could help you with?, अद्भुत। आपके द्वारा अनुरोधित राशि जल्द ही स्थानांतरित कर दी जाएगी। क्या कुछ और है जिसमें मैं आपकी मदद कर सकता हूं?,3,2
Could you please help me out with the new address?, क्या आप कृपया मुझे नए पते के साथ मदद कर सकते हैं?,3,0
5004,5004,0,0
My credit card bill shows an error, मेरा क्रेडिट कार्ड बिल एक त्रुटि दिखाता है,2,1
NAME : SRI VIDHYA, नाम : श्री विद्या,0,0
Alright. I had a great time assisting you. Please do feel free to reach out to us for further queries. Have a good day. Bye now., ठीक है। मुझे आपकी सहायता करने में बहुत अच्छा लगा। कृपया आगे के प्रश्नों के लिए हमसे बेझिझक संपर्क करें। आपका दिन शुभ हो। अलविदा।,3,2
" Would you please help me with the date, when you used your credit card for the last time?","क्या आप कृपया उस तारीख के बारे में मेरी मदद करेंगे, जब आपने पिछली बार अपने क्रेडिट कार्ड का उपयोग किया था?",3,0
May I also know the last four digits of your SSN?, क्या मैं आपके SSN के अंतिम चार अंक भी जान सकता हूँ?,2,0
Thank you. Could you help me with the new address?, शुक्रिया। क्या आप नए पते में मेरी मदद कर सकते हैं?,3,0
I WANT TO GET NEW CREDIT CARD, मुझे नया क्रेडिट कार्ड प्राप्त करना है,1,1
"Hi there, how may I help you today?"," नमस्ते, मैं आज आपकी कैसे मदद कर सकता हूं?",3,0
Thank you so much for your time. You have an amazing day!, आपके समय के लिए बहुत बहुत शुक्रिया। आपके पास एक अद्भुत दिन है!,3,2
"Hello there, How may I help you today?
"," नमस्ते, मैं आज आपकी कैसे मदद कर सकता हूँ?",3,0
"Anything else I may help you out with?
", कुछ और मैं आपकी मदद कर सकता हूं?,2,0
5848662565878846 and 245845885, 5848662565878846 और 245845885,0,0
Thank you for staying connected. Your request has been successful and you'll receive bank alerts to the updated address., जुड़े रहने के लिए धन्यवाद। आपका अनुरोध सफल हो गया है और आपको अपडेट किए गए पते पर बैंक अलर्ट प्राप्त होंगे।,3,2
ok, ठीक है,2,0
Oh! Sorry to hear that. Surely I will help you. May I please know your first and last name?, ओह! ऐसा सुनने के लिए क्षमा करें। ज़रूर मैं आपकी मदद करूँगा। क्या मैं आपका पहला और अंतिम नाम जान सकता हूँ?,3,0
Awesome! I'm glad I was of help. Thank you so much for your cooperation! Have a great day!, बहुत बढ़िया! मुझे खुशी है कि मैंने मदद की। आपके सहयोग के लिए बहुत बहुत धन्यवाद! आपका दिन अच्छा रहे!,3,2
"Thank you Phol, May I know the date and amount of the charge?"," थैंक यू फोल, क्या मैं चार्ज की तारीख और राशि जान सकता हूं?",3,0
OK, ठीक है,2,0
"Hello there, How may I help you today?
"," नमस्ते, मैं आज आपकी कैसे मदद कर सकता हूँ?",3,0
"A very good morning, How may i assist you today?"," एक बहुत ही सुप्रभात, आज मैं आपकी कैसे सहायता कर सकता हूँ?",3,2
"No worries, I'm here to help you out. Could you please let me know your full name? "," कोई चिंता नहीं, मैं यहाँ आपकी मदद करने के लिए हूँ। क्या आप कृपया मुझे अपना पूरा नाम बता सकते हैं?",3,0
Thank you. Could you help me with the new address?, शुक्रिया। क्या आप नए पते में मेरी मदद कर सकते हैं?,3,0
Hai. i need check my card balance, हाय। मुझे अपने कार्ड का बैलेंस चेक करना है,2,0
To make sure I get your correct bank details I'll require the last 4 digits of the SSN.," यह सुनिश्चित करने के लिए कि मुझे आपका सही बैंक विवरण मिले, मुझे SSN के अंतिम 4 अंकों की आवश्यकता होगी।",3,0
"Thank you, Mr Roy! please could you share with me the account number and also your SSN number?","धन्यवाद, श्री रॉय! क्या आप मेरे साथ खाता संख्या और अपना एसएसएन नंबर साझा कर सकते हैं?",3,0
04-05-2018,04-05-2018,0,0
"I have taken down a request for the lost card. A new card will be issued and will be sent to your registered home address.
", मैंने खोए हुए कार्ड के लिए एक अनुरोध को हटा लिया है। एक नया कार्ड जारी किया जाएगा और आपके पंजीकृत घर के पते पर भेजा जाएगा।,1,2
"Have a great day, goodbye."," आपका दिन शुभ हो, अलविदा।",3,2
why sir, क्यों महोदय,2,0
"My pleasure. Anything else I may help you out with?
", मेरा सौभाग्य। कुछ और मैं आपकी मदद कर सकता हूं?,3,2
"MY NAME DEEKSHA , SSN NO : 5423"," मेरा नाम दीक्षा, एसएसएन नंबर: 5423",1,0
THANKYOU SO MUCH, आपका बहुत-बहुत धन्यवाद,3,2
THANK YOU FOR YOUR HELP..., आपके सहयोग के लिए धन्यवाद...,3,2
"Sure, could you please confirm the address you just shared?"," ज़रूर, क्या आप कृपया उस पते की पुष्टि कर सकते हैं जिसे आपने अभी-अभी साझा किया है?",3,0
i want remove wrong bill on my credit card, मुझे अपने क्रेडिट कार्ड से गलत बिल हटाना है,1,0
Thank you for staying connected. Is there anything else I can help you with?, जुड़े रहने के लिए धन्यवाद। क्या कुछ और है जिसमें मैं आपकी मदद कर सकता हूं?,3,2
"Hi, Need your help to remove the unwanted charges for my credit card And I am got error report for my credit card bill
"," नमस्ते, मेरे क्रेडिट कार्ड के अवांछित शुल्कों को हटाने के लिए आपकी सहायता की आवश्यकता है और मुझे अपने क्रेडिट कार्ड बिल के लिए त्रुटि रिपोर्ट मिली है",2,1
9852 and 4784, 9852 और 4784,0,0
3278,3278,0,0
"Awesome! Also, may I please know the last four digits of your account number?","बहुत बढ़िया! साथ ही, क्या मैं आपकी खाता संख्या के अंतिम चार अंक जान सकता हूं?",3,2
MY CREDIT CARD WAS EXPIRED I WANT A NEW CARD, मेरा क्रेडिट कार्ड समाप्त हो गया था मुझे एक नया कार्ड चाहिए,1,2
my account number is 1000 please check my orders, मेरा खाता संख्या 1000 है कृपया मेरे आदेश की जाँच करें,3,0
Nothing else. Thank you so much, और कुछ नहीं। बहुत-बहुत धन्यवाद,3,0
I'll help you with that. May I know your name please?, मैं इसमें आपकी मदद करूंगा। क्या मैं आपका नाम जान सकता हूँ?,3,0
I'm glad that I could resolve this for you. Hope to serve your again. Have a great day ahead!, मुझे खुशी है कि मैं इसे आपके लिए हल कर सका। आशा है कि आप फिर से सेवा करेंगे। आगे एक महान दिन हो!,3,2
Thank you for staying connected. I've initiated your transfer. You'll receive a confirmation e-mail shortly.,जुड़े रहने के लिए धन्यवाद। मैंने आपका स्थानांतरण शुरू कर दिया है। आपको शीघ्र ही एक पुष्टिकरण ई-मेल प्राप्त होगा।,3,0
"Was the police report lodged for the lost card?
", क्या गुम हुए कार्ड के लिए पुलिस रिपोर्ट दर्ज की गई थी?,0,0
"Hello there, how may I help you today?"," नमस्ते, मैं आज आपकी कैसे मदद कर सकता हूं?",3,0
4500,4500,0,0
"The balance in account ending 3207 is $550. Would you need anything else,sir?", 3207 को समाप्त होने वाले खाते में शेष राशि $550 है। क्या आपको और कुछ चाहिए सर?,3,0
company's new lower rates you saw in a commercial are available ?," कंपनी की नई कम दरें जो आपने किसी विज्ञापन में देखीं, उपलब्ध हैं?",1,0
"Thank you for using our live chat service. I'm now closing this chat. If you have any other concerns in the future, please don’t hesitate to let us know. Have a great day!
"," हमारी लाइव चैट सेवा का उपयोग करने के लिए धन्यवाद। मैं अब इस चैट को बंद कर रहा हूं। यदि भविष्य में आपकी कोई अन्य चिंता है, तो कृपया हमें बताने में संकोच न करें। आपका दिन अच्छा रहे!",3,2
"Perfect. I will now go ahead and cancel your old card which is missing and issue a new one for you which will be sent to your address soon.
", उत्तम। अब मैं आगे बढ़ूंगा और आपके पुराने कार्ड को रद्द कर दूंगा जो गायब है और आपके लिए एक नया कार्ड जारी करूंगा जो जल्द ही आपके पते पर भेज दिया जाएगा।,2,2
"Hey! your address has been updated and you'll receive a message shortly about the same. kindly, acknowledge it.Would there be anything else I may help you with?
"," अरे! आपका पता अपडेट कर दिया गया है और आपको इसके बारे में शीघ्र ही एक संदेश प्राप्त होगा। कृपया, इसे स्वीकार करें।क्या कुछ और होगा जिसमें मैं आपकी मदद कर सकता हूँ?",3,0
OK, ठीक है,2,0
"I did not get to file a police report yet, should I do that?"," मुझे अभी तक पुलिस रिपोर्ट दर्ज करने को नहीं मिली, क्या मुझे ऐसा करना चाहिए?",3,1
"My new address is 14D South parkway, Camillus, New York"," मेरा नया पता 14D साउथ पार्कवे, कैमिलस, न्यूयॉर्क है",1,0
Hi Charlie, हाय चार्ली,3,0
Allow me a moment while I  initiate a transfer," जब तक मैं एक स्थानान्तरण आरंभ करता हूं, मुझे एक क्षण की अनुमति दें",2,0
Last used on 05/10/2018, अंतिम बार 05/10/2018 को उपयोग किया गया,0,0
"Hello, how may I help you with today?"," हैलो, मैं आज आपकी कैसे मदद कर सकता हूं?",3,0
Gavin Baird, गेविन बेयर्डो,0,0
Thank you so much for staying connected. Your lost credit card has been blocked and a new credit account will be sent to your address shortly.,जुड़े रहने के लिए आपका बहुत-बहुत धन्यवाद। आपका खोया हुआ क्रेडिट कार्ड ब्लॉक कर दिया गया है और जल्द ही आपके पते पर एक नया क्रेडिट खाता भेजा जाएगा।,3,2
Alright. I'll help you with that. Could you please help me with your name and the four digits of SSN?, ठीक है। मैं इसमें आपकी मदद करूंगा। क्या आप कृपया मुझे अपने नाम और एसएसएन के चार अंकों के साथ मदद कर सकते हैं?,3,0
"Not a problem! I had made a request to our department to issue a new card for you. Our associate will soon contact you for confirming a few credentials. And soon, you'll receive a new card on your registered address. I've blocked the card for now."," एक समस्या नहीं है! मैंने आपके लिए एक नया कार्ड जारी करने के लिए हमारे विभाग से अनुरोध किया था। कुछ क्रेडेंशियल की पुष्टि के लिए हमारा सहयोगी जल्द ही आपसे संपर्क करेगा। और जल्द ही, आपको अपने पंजीकृत पते पर एक नया कार्ड प्राप्त होगा। मैंने अभी के लिए कार्ड ब्लॉक कर दिया है।",3,2
"My pleasure. Anything else I may help you out with?
", मेरा सौभाग्य। कुछ और मैं आपकी मदद कर सकता हूं?,3,2
You're most welcome. Would there be anything else I may help you with?,आपका स्वागत है। क्या कुछ और होगा जिसमें मैं आपकी मदद कर सकूं?,3,2
"Thank you for using our live chat service. I'm now closing this chat. If you have any other concerns in the future, please don’t hesitate to let us know. Have a great day!
"," हमारी लाइव चैट सेवा का उपयोग करने के लिए धन्यवाद। मैं अब इस चैट को बंद कर रहा हूं। यदि भविष्य में आपकी कोई अन्य चिंता है, तो कृपया हमें बताने में संकोच न करें। आपका दिन अच्छा रहे!",3,2
I've transferred the amount and you'll receive a confirmation message on your registered mobile number in a while., मैंने राशि हस्तांतरित कर दी है और आपको कुछ ही देर में अपने पंजीकृत मोबाइल नंबर पर एक पुष्टिकरण संदेश प्राप्त होगा।,2,0
I NEED TO TRANSFER COULD YOU PLEASE HELP ME, मुझे स्थानांतरित करने की आवश्यकता है क्या आप कृपया मेरी मदद कर सकते हैं,3,0
nothing, कुछ नहीं,1,0
Thank you for the information. I see that you have $5000 in your account. Let me know if you have any other queries.,जानकारी के लिए धन्यवाद। मैं देख रहा हूँ कि आपके खाते में $5000 हैं। यदि आपके कोई अन्य प्रश्न हैं तो मुझे बताएं।,3,0
3522,3522,0,0
06-05-2018,06-05-2018,0,0
"Hello, how may I help you with today?"," हैलो, मैं आज आपकी कैसे मदद कर सकता हूं?",3,0
i need 50 checks on urgent basis, मुझे तत्काल आधार पर 50 चेक चाहिए,1,0
Thanks Sterling. Please share me the last four digits of the account number., धन्यवाद स्टर्लिंग। कृपया मुझे खाता संख्या के अंतिम चार अंक साझा करें।,3,0
I apologize. May I know your new address., मैं क्षमाप्रार्थी हूं। क्या मैं आपका नया पता जान सकता हूँ।,3,0
Thank you for sharing the information. I've processed the request for the change of address. You'll shortly receive a confirmation E-mail., जानकारी साझा करने के लिए धन्यवाद। मैंने पते में परिवर्तन के अनुरोध को संसाधित कर लिया है। आपको शीघ्र ही एक पुष्टिकरण ई-मेल प्राप्त होगा।,3,2
1234,1234,0,0
Kodangi.A..SSN:2752, कोडंगी.ए..एसएसएन:2752,0,0
"Hello there, How may I help you today?"," नमस्ते, मैं आज आपकी कैसे मदद कर सकता हूँ?",3,0
tHAT IS AMAZING, वह आश्चर्यजनक है,3,2
YESTERDAY NIGHT AND AMOUNT IS $100, कल रात और राशि $100 . है,2,0
CREDIT CARD,क्रेडिट कार्ड,0,0
Could you please help me out with your full name?, क्या आप कृपया अपने पूरे नाम के साथ मेरी मदद कर सकते हैं?,3,0
"Hey there, how may I help you today?"," अरे वहाँ, मैं आज आपकी कैसे मदद कर सकता हूँ?",3,0
Have a great day, आपका दिन अच्छा रहे,2,2
Yes.. Need to order the checks for my same account, हाँ.. मेरे उसी खाते के लिए चेक ऑर्डर करने की आवश्यकता है,2,0
"You're most welcome, I'm glad to serve you today>"," आपका बहुत-बहुत स्वागत है, मुझे आज आपकी सेवा करने में खुशी हो रही है>",3,2
Oh! That's great you would be getting the checks in 2 days., ओह! यह बहुत अच्छा है कि आपको 2 दिनों में चेक मिल जाएंगे।,2,2
ok, ठीक है,2,0
Hello there! How may I help you?, नमस्ते! क्या मेरे द्वारा आपकी कोई सहायता हो सकती है?,3,0
that is all, वह सब है,1,0
"Alright, just to confirm: transfer 100,000 from account number 5893 to account number 1215, correct?"," ठीक है, बस पुष्टि करने के लिए: खाता संख्या 5893 से खाता संख्या 1215 में 100,000 स्थानांतरित करें, सही है?",2,0
I lost my credit card, मैंने अपना क्रेडिट कार्ड खो दिया है,1,1
Thank you. Could you help me with the new address?, शुक्रिया। क्या आप नए पते में मेरी मदद कर सकते हैं?,3,0
Hmmm, हम्म,0,0
Can you please provide the address of the bank., क्या आप कृपया बैंक का पता प्रदान कर सकते हैं।,3,0
i am waiting, मैं इंतज़ार कर रहा हूं,1,0
I LOST A CREDIT CARD, मैंने एक क्रेडिट कार्ड खो दिया,0,1
hi, नमस्ते,2,0
"Perfect. I will now go ahead and cancel your old card which was lost somewhere and issue a new one for you which will be sent to your address soon.
", उत्तम। अब मैं आगे बढ़ूंगा और आपके पुराने कार्ड को रद्द कर दूंगा जो कहीं खो गया था और आपके लिए एक नया कार्ड जारी करूंगा जो जल्द ही आपके पते पर भेज दिया जाएगा।,2,2
Nothing else, और कुछ नहीं,2,0
Perfect! Please stay connected while I get the address updated., उत्तम! पता अपडेट होने तक कृपया जुड़े रहें।,2,2
"I appreciate for holding on, your request has been successful."," मैं रुकने के लिए सराहना करता हूं, आपका अनुरोध सफल रहा है।",3,2
account number 2356 ssn number 8965, खाता संख्या 2356 एसएसएन संख्या 8965,0,0
"Well thanks for sharing all that information, I will also require the last four digits of your SSN?"," खैर, वह सारी जानकारी साझा करने के लिए धन्यवाद, मुझे आपके एसएसएन के अंतिम चार अंकों की भी आवश्यकता होगी?",3,0
would you please the last four digits of your SSN number?,क्या आप अपने SSN नंबर के अंतिम चार अंक खुश करेंगे?,3,0
Perfect! May I know the date and amount of the charge?, उत्तम! क्या मुझे शुल्क की तारीख और राशि पता हो सकती है?,2,2
Great the a/c has $4556 as balance., ग्रेट ए / सी में शेष राशि के रूप में $ 4556 है।,3,2
Nothing else. Thanks for your help. Have a good day, और कुछ नहीं। आपकी सहायता के लिए धन्यवाद. आपका दिन शुभ हो,3,2
You're always welcome. Looking forward to seeing you soon., आपका हमेशा स्वागत है। जल्द ही आपको देखने की इच्छा है।,3,2
raj, राज,0,0
Hey! we are connected., अरे! हम जुड़े हैं।,3,0
4973,4973,0,0
sure, ज़रूर,2,0
"Awesome! Also, may I please know the last four digits of your account number?","बहुत बढ़िया! साथ ही, क्या मैं आपकी खाता संख्या के अंतिम चार अंक जान सकता हूं?",3,2
Thank you Rutuger. Could you let me know the last 4 digits of SSN and account number please?, धन्यवाद रटगर। क्या आप कृपया मुझे एसएसएन के अंतिम 4 अंक और खाता संख्या बता सकते हैं?,3,0
"Thank you brigi for help, Good bye"," मदद के लिए धन्यवाद ब्रिगी, अलविदा",3,2
name*, नाम*,0,0
Is there anything else I may help you with?, क्या कुछ और है जिसमें मैं आपकी मदद कर सकता हूं?,2,0
hello drew, हैलो आकर्षित,3,0
"Hey there, how may I help you today?"," अरे वहाँ, मैं आज आपकी कैसे मदद कर सकता हूँ?",3,0
Sure! That won't be a problem. May I know your full name?, ज़रूर! यह कोई समस्या नहीं होगी। क्या मैं आपका पूरा नाम जान सकता हूँ?,2,0
45676435,45676435,0,0
Sure. I'll help you with that. Could you please help me with your name and the last four digits of SSN?, ज़रूर। मैं इसमें आपकी मदद करूंगा। क्या आप कृपया मुझे अपने नाम और एसएसएन के अंतिम चार अंकों के साथ मदद कर सकते हैं?,3,0
my credit card lost, मेरा क्रेडिट कार्ड खो गया,1,1
Nitesh ramanujan and my account number is 12345, नितेश रामानुजन और मेरा अकाउंट नंबर 12345 . है,0,0
"Hi there, how may I help you today?"," नमस्ते, मैं आज आपकी कैसे मदद कर सकता हूं?",3,0
3.91E+20,3.91E+20,0,0
25/05/2018 305$, 25/05/2018 305$,0,0
Oh okay! Please allow me a moment while I check with the account.," ओह ठीक है! जब तक मैं खाते से जांच करता हूं, कृपया मुझे कुछ समय दें।",2,0
thank you spencer, धन्यवाद स्पेंसर,3,2
thank you for your help, आपके सहयोग के लिए धन्यवाद,3,2
Oh! Sorry to hear that. Surely I will help you. May I please know your first and last name?, ओह! ऐसा सुनने के लिए क्षमा करें। ज़रूर मैं आपकी मदद करूँगा। क्या मैं आपका पहला और अंतिम नाम जान सकता हूँ?,3,0
"Just to confirm, you wish to transfer $6700 from the account ending with 9878 to the account ending with 5460. Am I right?
","केवल पुष्टि करने के लिए, आप 9878 से समाप्त होने वाले खाते से $6700 को 5460 से समाप्त होने वाले खाते में स्थानांतरित करना चाहते हैं। क्या मैं सही हूँ?",3,0
Hello there!, नमस्ते!,3,0
hi my name is rose i would like to transfer my account balance to my new ac, हाय मेरा नाम गुलाब है मैं अपने खाते की शेष राशि को अपने नए एसी में स्थानांतरित करना चाहता हूं,3,0
You’re welcome. I had a great time assisting you. Please do feel free to reach out to us for further queries. Have a good day. Bye now., आपका स्वागत है। मुझे आपकी सहायता करने में बहुत अच्छा लगा। कृपया आगे के प्रश्नों के लिए हमसे बेझिझक संपर्क करें। आपका दिन शुभ हो। अलविदा।,3,2
thanking you, आपको धन्यवाद,0,2
"Thanks for sharing that information, please allow me a moment while I process with your request!"," उस जानकारी को साझा करने के लिए धन्यवाद, कृपया मुझे आपके अनुरोध के साथ संसाधित करने के लिए कुछ समय दें!",3,0
I'll help you with that. May I know your name please?, मैं इसमें आपकी मदद करूंगा। क्या मैं आपका नाम जान सकता हूँ?,3,0
Could you please help me with the last four digits of SSN?, क्या आप कृपया एसएसएन के अंतिम चार अंकों के बारे में मेरी मदद कर सकते हैं?,3,0
2664,2664,0,0
Monica  2293, मोनिका 2293,0,0
Perumal samy, पेरुमल साम्य,0,0
You're welcome! Is there anything else I may assist you with?, आपका स्वागत है! क्या कुछ और है जिसमें मैं आपकी सहायता कर सकता हूं?,2,2
Thank you. Could you please help me with the  last 4 digits of the account number to which you want to transfer amount?, शुक्रिया। क्या आप कृपया मुझे उस खाता संख्या के अंतिम 4 अंकों में मदद कर सकते हैं जिसमें आप राशि हस्तांतरित करना चाहते हैं?,3,0
"I’m sorry this has happened. I understand you're upset, and I will do my best to help you.  Please may I know your name?"," मुझे खेद है कि ऐसा हुआ है। मैं समझता हूँ कि आप परेशान हैं, और मैं आपकी मदद करने की पूरी कोशिश करूँगा। कृपया क्या मैं आपका नाम जान सकता हूँ?",3,1
"Sure, no problem about that. Please give me the correct one."," ज़रूर, इसमें कोई समस्या नहीं है। कृपया मुझे सही दें।",2,1
5678,5678,0,0
You're welcome. May I confirm if all your questions have been answered for today?, आपका स्वागत है। क्या मैं पुष्टि कर सकता हूँ कि क्या आज के लिए आपके सभी प्रश्नों का उत्तर दे दिया गया है?,3,2
This is Clara, यह क्लारा है,2,0
Rutuja shkla, रुतुजा शकला,0,0
You’re welcome. I had a great time assisting you. Please do feel free to reach out to us for further queries. Have a good day. Bye now., आपका स्वागत है। मुझे आपकी सहायता करने में बहुत अच्छा लगा। कृपया आगे के प्रश्नों के लिए हमसे बेझिझक संपर्क करें। आपका दिन शुभ हो। अलविदा।,3,2
You're welcome and thank you for staying connected. Upon your request I've blocked the card. You'll be receiving a confirmation e-mail shortly. Is there anything I could help you with today?,आपका स्वागत है और जुड़े रहने के लिए धन्यवाद। आपके अनुरोध पर मैंने कार्ड को ब्लॉक कर दिया है। आपको शीघ्र ही एक पुष्टिकरण ई-मेल प्राप्त होगा। क्या आज मैं आपकी कुछ मदद कर सकता हूँ?,3,0
"I would be glad to help you with transferring the amount. Could you please help me out with your name and last for digits of the SSN?
", मुझे राशि ट्रांसफर करने में आपकी मदद करने में खुशी होगी। क्या आप कृपया मुझे अपने नाम के साथ मदद कर सकते हैं और एसएसएन के अंकों के लिए अंतिम हो सकते हैं?,3,0
ARUN, अरूण,0,0
no that's all sam," नहीं, यह सब समान है",1,0
"Sure thing, May I know your name please?"," ज़रूर, क्या मैं आपका नाम जान सकता हूँ?",3,0
hi, नमस्ते,2,0
700$, 700$,0,0
"You're welcome, always a pleasure to assist valuable customers like you. Have a great day!"," आपका स्वागत है, आप जैसे मूल्यवान ग्राहकों की सहायता करने में हमेशा खुशी होती है। आपका दिन अच्छा रहे!",2,2
hello, नमस्ते,2,0
"Ok , noted and thanks for your information"," ठीक है, नोट किया और आपकी जानकारी के लिए धन्यवाद",3,0
"Hello, how may I help you with today?"," हैलो, मैं आज आपकी कैसे मदद कर सकता हूं?",3,0
I want change my address, मुझे अपना पता बदलना है,2,0
My credit card bill shows an error, मेरा क्रेडिट कार्ड बिल एक त्रुटि दिखाता है,2,1
Samuel Joel4, सैमुअल जोएल4,0,0
I HAVE CREDIT CARD BILL CHARGE TO REMOVED, मेरे पास निकालने के लिए क्रेडिट कार्ड बिल शुल्क है,1,0
Thanks for being so patient and cooperative. I'll go ahead and change that address for you. Please allow me a moment., इतने धैर्यवान और सहयोगी होने के लिए धन्यवाद। मैं आगे बढ़ूंगा और आपके लिए वह पता बदल दूंगा। कृपया मुझे एक क्षण की अनुमति दें।,3,2
"Good morning, Mr.Sam!"," सुप्रभात, श्रीमान सैम!",3,0
Thank you. Have a nice day too, शुक्रिया। अच्छा दिन भी हो,3,2
"Thanks for staying connected. I've updated your address on the system, you’ll be receiving a confirmation e-mail shortly. All communications will be made to the new address. Would you need anything else?","जुड़े रहने के लिए धन्यवाद। मैंने सिस्टम पर आपका पता अपडेट कर दिया है, आपको शीघ्र ही एक पुष्टिकरण ई-मेल प्राप्त होगा। सभी संचार नए पते पर किए जाएंगे। क्या आपको कुछ और चाहिए होगा?",3,2
Thank you Vinoth. Could you please let me know the last 4 digits of account from which you'd like to transfer?, धन्यवाद विनोथ। क्या आप कृपया मुझे उस खाते के अंतिम 4 अंक बता सकते हैं जिससे आप स्थानांतरण करना चाहते हैं?,3,0
Would there be anything else I may help you with?, क्या कुछ और होगा जिसमें मैं आपकी मदद कर सकूं?,2,0
"Hello, how may I help you with today?"," हैलो, मैं आज आपकी कैसे मदद कर सकता हूं?",3,0
NO THANK BYEE, नो थैंक्स बाय,3,1
"Thank you, could I also get your SSN number?"," धन्यवाद, क्या मुझे आपका एसएसएन नंबर भी मिल सकता है?",3,0
"Sure! That won't be a problem. Certainly, I'll help you. May I know your full name?"," ज़रूर! यह कोई समस्या नहीं होगी। ज़रूर, मैं आपकी मदद करूँगा। क्या मैं आपका पूरा नाम जान सकता हूँ?",3,0
I wish to transfer money to my brother account for saving purpose., मैं बचत के उद्देश्य से अपने भाई के खाते में पैसे ट्रांसफर करना चाहता हूं।,2,0
no, नहीं,1,1
they had taken my whole purse, उन्होंने मेरा पूरा पर्स ले लिया था,2,0
Perfect! Please could you help me with the new address?, उत्तम! कृपया क्या आप मुझे नए पते में मदद कर सकते हैं?,3,2
yes, हां,2,0
Are we still connected?, हम अभी भी जुड़े हैं?,1,0
No, नहीं,1,0
?*, ?*,0,0
ok, ठीक है,2,0
Perfect! would you please share the last four digits of your SSN?, उत्तम! क्या आप कृपया अपने SSN के अंतिम चार अंक साझा करेंगे?,3,0
Thanks for the details. Would you like me to change the address on your account to the new address?, विवरण के लिए धन्यवाद। क्या आप चाहते हैं कि मैं आपके खाते के पते को नए पते में बदल दूं?,3,0
1000,1000,0,0
SSN NO : 2221 AND A/C NO : 6611, एसएसएन संख्या: 2221 और खाता संख्या: 6611,1,0
4.32258E+15,4.32258E+16,0,0
"Thank you for reaching out to us, Mr Suresh. Please could you help me with the credit card number and your SSN number?"," हमसे संपर्क करने के लिए धन्यवाद, श्री सुरेश। कृपया क्या आप क्रेडिट कार्ड नंबर और अपने एसएसएन नंबर के साथ मेरी मदद कर सकते हैं?",3,2
23:45,23:45,0,0
"I would be glad to help you out in this regards. May I know your name please?
", मुझे इस संबंध में आपकी मदद करने में खुशी होगी। क्या मैं आपका नाम जान सकता हूँ?,3,0
i want remove error amount in my card, मैं अपने कार्ड में त्रुटि राशि निकालना चाहता हूँ,1,0
"Thank you. To transfer the money I will require the last 4 digits of account to move from and the last 4 digits of account to move to.
",शुक्रिया। पैसे ट्रांसफर करने के लिए मुझे खाते के अंतिम 4 अंक से स्थानांतरित करने की आवश्यकता होगी और खाते के अंतिम 4 अंकों को स्थानांतरित करने के लिए।,3,0
I lost my credit card, मैंने अपना क्रेडिट कार्ड खो दिया है,1,1
OK, ठीक है,2,0
Hii, हायि,2,0
yes of course! our toll free number is 0406353562., हां बिल्कुल! हमारा टोल फ्री नंबर 0406353562 है।,2,0
thank for all help. good bye charlie, सभी मदद के लिए धन्यवाद। अलविदा चार्ली,3,2
No, नहीं,1,0
Can you please tell me lower interest rates of your bank?, क्या आप कृपया मुझे अपने बैंक की कम ब्याज दरों के बारे में बता सकते हैं?,3,0
my credit card missing, मेरा क्रेडिट कार्ड गुम है,1,1
Hello! how may I help you today?, नमस्ते! आज मैं आपकी कैसे मदद कर सकता हूँ?,3,0
"Thank you for using our live chat service. I'm now closing this chat. If you have any other concerns in the future, please don’t hesitate to let us know. Have a great day!
"," हमारी लाइव चैट सेवा का उपयोग करने के लिए धन्यवाद। मैं अब इस चैट को बंद कर रहा हूं। यदि भविष्य में आपकी कोई अन्य चिंता है, तो कृपया हमें बताने में संकोच न करें। आपका दिन अच्छा रहे!",3,2
"Yes Murugan, we provide attractive interest rates for more information you can visit our website www.bankers.com "," हाँ मुरुगन, हम आकर्षक ब्याज दरें प्रदान करते हैं अधिक जानकारी के लिए आप हमारी वेबसाइट www.bankers.com पर जा सकते हैं",2,2
I'm sorry about it. I'll help you with that. Could you please help me with your name and the four digits of SSN?, मुझे इसका खेद है। मैं इसमें आपकी मदद करूंगा। क्या आप कृपया मुझे अपने नाम और एसएसएन के चार अंकों के साथ मदद कर सकते हैं?,3,0
yes, हां,2,0
Could you also please help me out with the last 4 digits of your SSN?, क्या आप कृपया अपने एसएसएन के अंतिम 4 अंकों के बारे में भी मेरी मदद कर सकते हैं?,3,0
i hope we can solve the situation, मुझे आशा है कि हम स्थिति को हल कर सकते हैं,2,0
"Sure,please could you provide me with the date on which the card was last used?"," ज़रूर, क्या आप मुझे वह तारीख बता सकते हैं जिस दिन कार्ड का पिछली बार इस्तेमाल किया गया था?",3,0
first name : kumar           and last name: sasi, प्रथम नाम : कुमार और अंतिम नाम : शशि,0,0
y account number is 5623, वाई खाता संख्या 5623 . है,0,0
LAST UESD IN 24.06.2018, 24.06.2018 में पिछला यूईएसडी,0,0
I'd love to help you on this one however one of our employee will get back to you personally about this one,"मुझे इस पर आपकी मदद करना अच्छा लगेगा, हालांकि हमारा एक कर्मचारी इस बारे में आपसे व्यक्तिगत रूप से संपर्क करेगा",3,0
The amount was successfully transferred!, राशि सफलतापूर्वक स्थानांतरित कर दी गई थी!,2,2
Amazing. The amount you requested will be transferred soon. Is there anything else I could help you with?, अद्भुत। आपके द्वारा अनुरोधित राशि जल्द ही स्थानांतरित कर दी जाएगी। क्या कुछ और है जिसमें मैं आपकी मदद कर सकता हूं?,3,2
"Hey Karan, how may I help you today?"," हे करण, मैं आज आपकी कैसे मदद कर सकता हूं?",3,0
Thank you. To get your bank details I would need your last 4 digits of SSN., शुक्रिया। आपका बैंक विवरण प्राप्त करने के लिए मुझे आपके एसएसएन के अंतिम 4 अंकों की आवश्यकता होगी।,3,0
That's great! Please allow me a moment while I go ahead and block your card., एक दम बढ़िया! कृपया मुझे कुछ समय दें जब तक मैं आगे बढ़ूं और आपका कार्ड ब्लॉक कर दूं।,2,0
Perfect! Please allow me a moment., उत्तम! कृपया मुझे एक क्षण की अनुमति दें।,2,2
"thanks, I need another help"," धन्यवाद, मुझे एक और मदद चाहिए",3,2
BYE, अलविदा,2,0
"Hey! Thanks for reporting and abiding to all our banks policies, Please allow me a moment while I proceed further. "," अरे! हमारी सभी बैंक नीतियों की रिपोर्ट करने और उनका पालन करने के लिए धन्यवाद, कृपया मुझे आगे बढ़ने के लिए कुछ समय दें।",3,0
"ok i will do it, you can proceed blocking my card "," ठीक है, मैं यह करूँगा, आप मेरे कार्ड को ब्लॉक करना जारी रख सकते हैं",2,0
Good bye, अलविदा,3,0
"Anything else I may help you out with?
", कुछ और मैं आपकी मदद कर सकता हूं?,2,0
i need help, मुझे मदद की ज़रूरत है,1,0
"Good news! I've updated your address on the system, you’ll be receiving a confirmation e-mail shortly. All communications will be made to the new address. Would you need anything else?"," खुशखबरी! मैंने सिस्टम पर आपका पता अपडेट कर दिया है, आपको शीघ्र ही एक पुष्टिकरण ई-मेल प्राप्त होगा। सभी संचार नए पते पर किए जाएंगे। क्या आपको कुछ और चाहिए होगा?",3,2
Yes, हाँ,2,0
good, अच्छा,3,2
"Thank you for staying connected. Could you please provide me the new address?

", जुड़े रहने के लिए धन्यवाद। क्या आप कृपया मुझे नया पता प्रदान कर सकते हैं?,3,2
"ok great,,,thanks a lot"," ओके बढ़िया ,,, बहुत बहुत धन्यवाद",3,2
NAME - BEULA SSN - 8574, नाम - बेउला एसएसएन - 8574,0,0
"Thank you, I've processed the request for the change of address. You'll shortly receive a confirmation message shortly. Is there anything I could do for you today?","धन्यवाद, मैंने पते में परिवर्तन के अनुरोध को संसाधित कर दिया है। आपको शीघ्र ही एक पुष्टिकरण संदेश शीघ्र ही प्राप्त होगा। क्या आज मैं आपके लिए कुछ कर सकता हूँ?",3,0
128,128,0,0
Transfer 200 dollars to my son account, मेरे बेटे के खाते में 200 डॉलर ट्रांसफर करें,0,0
Thanks. To get your bank details I would need your last 4 digits of SSN., धन्यवाद। आपका बैंक विवरण प्राप्त करने के लिए मुझे आपके एसएसएन के अंतिम 4 अंकों की आवश्यकता होगी।,3,0
hi, नमस्ते,2,0
I'll be glad to assist you with that. May I know your name please?, मुझे इसमें आपकी सहायता करने में खुशी होगी। क्या मैं आपका नाम जान सकता हूँ?,3,0
20th june, 20 जून,0,0
Hi, नमस्ते,2,0
Perfect! I'd also require the complete 16 digit credit card number., उत्तम! मुझे पूरे 16 अंकों के क्रेडिट कार्ड नंबर की भी आवश्यकता होगी।,2,2
Okay great! Could you please help me out with the date when the card was last used and was there any police report filed?, ठीक है बढ़िया! क्या आप कृपया मुझे उस तारीख के बारे में बताने में मदद कर सकते हैं जब कार्ड का अंतिम बार उपयोग किया गया था और क्या कोई पुलिस रिपोर्ट दर्ज की गई थी?,3,0
8875,8875,0,0
My credit card bill shows an error, मेरा क्रेडिट कार्ड बिल एक त्रुटि दिखाता है,2,1
1121,1121,0,0
Awesome! I've initiated your transfer. You'll receive an e-mail shortly., बहुत बढ़िया! मैंने आपका स्थानांतरण शुरू कर दिया है। आपको शीघ्र ही एक ई-मेल प्राप्त होगा।,3,2
HI, नमस्ते,2,0
You're welcome. May I confirm if all your questions have been answered for today?, आपका स्वागत है। क्या मैं पुष्टि कर सकता हूँ कि क्या आज के लिए आपके सभी प्रश्नों का उत्तर दे दिया गया है?,3,2
My name is Deborah Smith., मेरा नाम डेबोरा स्मिथ है।,2,0
9.55E+15,9.55E+15,0,0
need one more help..I want to order the checks for my saving account, एक और मदद चाहिए..मैं अपने बचत खाते के लिए चेक ऑर्डर करना चाहता हूं,2,0
hi...i want close account, नमस्ते...मुझे खाता बंद करना है,3,0
Great the a/c number ending with 9984 has $45667 as balance., 9984 के साथ समाप्त होने वाले ए/सी नंबर में शेष राशि के रूप में $45667 है।,3,0
"Awesome. I have done the needful. The amount has been successfully transferred.
", बहुत बढ़िया। मैंने जरूरी काम किया है। राशि सफलतापूर्वक स्थानांतरित कर दी गई है।,3,2
"Sure, no problem checking Acct # 14379  SS# 197-22-4989"," ज़रूर, Acct # 14379 SS# 197-22-4989 . की जाँच करने में कोई समस्या नहीं है",2,0
"My pleasure. Anything else I may help you out with?
", मेरा सौभाग्य। कुछ और मैं आपकी मदद कर सकता हूं?,3,2
My card no is 8956231489745632, मेरा कार्ड नंबर 8956231489745632 . है,1,0
Okay, ठीक,2,0
1049,1049,0,0
Perfect! Please give me a minute to proceed further., उत्तम! कृपया मुझे आगे बढ़ने के लिए एक मिनट दें।,3,2
Sure. Thanks for understanding., ज़रूर। समझने के लिए धन्यवाद।,3,0
bye, अलविदा,2,0
"yes. I have multiple accounts in the bank, can i use any of them","हां। मेरे बैंक में कई खाते हैं, क्या मैं उनमें से किसी का भी उपयोग कर सकता हूं?",2,0
"Okay, thanks.", ठीक है शुक्रिया।,3,2
Always a pleasure. Have a great day., हमेशा एक खुशी की बात है। आपका दिन अच्छा रहे।,3,2
"Thank you for using our live chat service. I'm now closing this chat. If you have any other concerns in the future, please don’t hesitate to let us know. Have a great day!
"," हमारी लाइव चैट सेवा का उपयोग करने के लिए धन्यवाद। मैं अब इस चैट को बंद कर रहा हूं। यदि भविष्य में आपकी कोई अन्य चिंता है, तो कृपया हमें बताने में संकोच न करें। आपका दिन अच्छा रहे!",3,2
"Thank you very much Raj, May I also know the last 4 digits of account number?"," बहुत-बहुत धन्यवाद राज, क्या मैं खाता संख्या के अंतिम 4 अंक भी जान सकता हूँ?",3,0
MY NAME PRAKASH JAI, मेरा नाम प्रकाश जय,1,0
"Thank you Raj, Could you let me know the last 4 digits of SSN and credit card account number please?"," धन्यवाद राज, क्या आप मुझे एसएसएन के अंतिम 4 अंक और क्रेडिट कार्ड खाता संख्या बता सकते हैं?",3,0
Thank you for the details. Kindly give me a minute., विवरण के लिए धन्यवाद। कृपया मुझे एक मिनट दें।,3,2
Credit card number:7463859415862456, क्रेडिट कार्ड नंबर:7463859415862456,0,0
HI, नमस्ते,2,0
HII, HII,2,0
no that's all, नहीं यही काफ़ी है,1,0
Okay! Thank you. Please allow me a moment while I check with the account.," ठीक! शुक्रिया। जब तक मैं खाते से जांच करता हूं, कृपया मुझे कुछ समय दें।",3,0
my credit card is stolen, मेरा क्रेडिट कार्ड चोरी हो गया है,1,1
Could you please provide me the correct credit card number., क्या आप कृपया मुझे सही क्रेडिट कार्ड नंबर प्रदान कर सकते हैं।,3,0
"I apologize for that. Could you please help me with your full name, the last four digits of your SSN and your complete credit card number?"," मैं उसके लिए माफी माँगता हूँ। क्या आप कृपया अपना पूरा नाम, अपने एसएसएन के अंतिम चार अंक और अपना पूरा क्रेडिट कार्ड नंबर देने में मेरी मदद कर सकते हैं?",3,0
"okay! thanks for sharing this information, would you please let me know the date when you used your card for the last time?"," ठीक है! इस जानकारी को साझा करने के लिए धन्यवाद, क्या आप कृपया मुझे वह तारीख बताएंगे जब आपने अपने कार्ड का आखिरी बार उपयोग किया था?",3,0
"No sir, you are conversing with the bank's representative, all the information you share will be kept confidential. Please do not worry about that."," नहीं महोदय, आप बैंक के प्रतिनिधि से बात कर रहे हैं, आपके द्वारा साझा की जाने वाली सभी जानकारी गोपनीय रखी जाएगी। कृपया इसकी चिंता न करें।",2,0
"Hello there, How may I help you today?
"," नमस्ते, मैं आज आपकी कैसे मदद कर सकता हूँ?",3,0
"I'm very sorry for the inconvenience caused to you. May I know your name,last four digits of your SSN and credit card number?"," आपको हुई असुविधा के लिए मुझे बहुत खेद है। क्या मैं आपका नाम, आपके एसएसएन के अंतिम चार अंक और क्रेडिट कार्ड नंबर जान सकता हूं?",3,1
nothing else....,और कुछ नहीं....,2,0
4456 & 8896, 4456 और 8896,0,0
Thank you for waiting patiently your account balance is $10.," धैर्यपूर्वक प्रतीक्षा करने के लिए धन्यवाद, आपके खाते की शेष राशि $10 है।",3,2
Hey Samson!, हाय सैमसन!,3,0
none, कोई भी नहीं,1,0
6765,6765,0,0
I need to know the banks account number, मुझे बैंक खाता संख्या जानने की जरूरत है,1,0
The transfer has been successfully initiated. You’ll be receiving a confirmation e-mail shortly. Is there anything else I can do for you today?, स्थानांतरण सफलतापूर्वक शुरू कर दिया गया है। आपको शीघ्र ही एक पुष्टिकरण ई-मेल प्राप्त होगा। क्या आज मैं आपके लिए कुछ और कर सकता हूँ?,2,2
Would there be anything else I may help you with?, क्या कुछ और होगा जिसमें मैं आपकी मदद कर सकूं?,2,0
hi, नमस्ते,2,0
5896,5896,0,0
I had a great time assisting you. Please do feel free to reach out to us for further queries. Have a good day. Bye now., मुझे आपकी सहायता करने में बहुत अच्छा लगा। कृपया आगे के प्रश्नों के लिए हमसे बेझिझक संपर्क करें। आपका दिन शुभ हो। अलविदा।,3,2
nothing, कुछ नहीं,1,0
I  WANT ORDER A NEW CARD AS THE OLD CARD IS EXPIRED, पुराने कार्ड की समय सीमा समाप्त होने पर मैं एक नया कार्ड ऑर्डर करना चाहता/चाहती हूं,2,0
"Thank you. Give me just a moment while I update that for you! 
"," शुक्रिया। जब तक मैं इसे आपके लिए अपडेट करता हूं, मुझे बस एक क्षण दें!",3,0
"I apologize for the inconvenience caused to you, however there is no right representative to give you exact information regarding the bank rates. "," आपको हुई असुविधा के लिए मुझे खेद है, हालांकि बैंक दरों के बारे में आपको सटीक जानकारी देने के लिए कोई सही प्रतिनिधि नहीं है।",3,1
SSN - 8641, एसएसएन - 8641,0,0
kindly share your new address., कृपया अपना नया पता साझा करें।,2,2
Well how much amount would you like to transfer?, वैसे आप कितनी राशि ट्रांसफर करना चाहेंगे?,3,0
"Thank you so much for bringing this to our notice. I'll ensure that I'll raise a request to credit the extra charge back to your account, and also kindly give us 24-48 hours to get this resolved. You will also be receiving a confirmation e-mail once this is resolved."," इसे हमारे संज्ञान में लाने के लिए आपका बहुत-बहुत धन्यवाद। मैं यह सुनिश्चित करूँगा कि मैं आपके खाते में अतिरिक्त शुल्क वापस जमा करने का अनुरोध करूँगा, और कृपया हमें इसे हल करने के लिए 24-48 घंटे का समय भी दें। इसका समाधान हो जाने पर आपको एक पुष्टिकरण ई-मेल भी प्राप्त होगा।",3,1
"Yes..Need to know about your company's new lower rates in a commercial 
",हां..एक विज्ञापन में आपकी कंपनी की नई कम दरों के बारे में जानने की जरूरत है,2,0
"Don't worry. I would be glad to help you out in this regards. May I know your name please?
", चिंता मत करो। मुझे इस संबंध में आपकी मदद करने में खुशी होगी। क्या मैं आपका नाम जान सकता हूँ?,3,0
Ok thank you Drew, ठीक है धन्यवाद ड्रू,3,2
Fatima Velez, फातिमा वेलेज़,0,0
Nothing else., और कुछ नहीं।,2,0
Awesome! Please allow me a moment while I check with the account.," बहुत बढ़िया! जब तक मैं खाते से जांच करता हूं, कृपया मुझे कुछ समय दें।",3,1
"A very good morning, How may i assist you today?"," एक बहुत ही सुप्रभात, आज मैं आपकी कैसे सहायता कर सकता हूँ?",3,2
yeah sure., हां यकीनन।,2,0
Yes!, हाँ!,2,0
"Okay, that's good. Please allow me a moment while I go ahead and block your card.", ठीक है यह बहुत अच्छा हुआ। कृपया मुझे कुछ समय दें जब तक मैं आगे बढ़ूं और आपका कार्ड ब्लॉक कर दूं।,2,0
6.54329E+14,6.54329E+14,0,0
thank you, धन्यवाद,2,2
Hey! A very good morning to you. How may I help you today?, अरे! आपके लिए एक बहुत ही शुभ प्रभात। आज मैं आपकी कैसे मदद कर सकता हूँ?,3,2
"Okay, I'll go ahead and look into this issue quickly, Please allow me a moment."," ठीक है, मैं आगे बढ़ूंगा और इस मुद्दे को शीघ्रता से देखूंगा, कृपया मुझे एक क्षण दें।",2,0
Is there anything else I may help you with?, क्या कुछ और है जिसमें मैं आपकी मदद कर सकता हूं?,2,0
no, नहीं,1,1
how may I help you today?, आज मैं आपकी कैसे मदद कर सकता हूँ?,0,0
my name is rimer, मेरा नाम रिमर है,1,0
thank you..closing my session, धन्यवाद..मेरा सत्र बंद कर रहा हूँ,3,0
Thank you Senthi., धन्यवाद सेंथी।,3,2
"Awesome! Also, may I please know the last four digits of your account number?","बहुत बढ़िया! साथ ही, क्या मैं आपकी खाता संख्या के अंतिम चार अंक जान सकता हूं?",3,2
"I'd like to help you with that. However I'll need your full name, the last four digits of your SSN and your credit card number to give you the information."," मैं इसमें आपकी मदद करना चाहता हूं। हालांकि मुझे आपको जानकारी देने के लिए आपका पूरा नाम, आपके एसएसएन के अंतिम चार अंक और आपके क्रेडिट कार्ड नंबर की आवश्यकता होगी।",3,0
$23 Around 11.25 am., $23 लगभग 11.25 बजे।,0,0
nothing else, और कुछ नहीं,1,0
I'm sorry could you please help me out with your credit card number and last 4 digits of your SSN?, मुझे खेद है कि क्या आप कृपया अपने क्रेडिट कार्ड नंबर और अपने एसएसएन के अंतिम 4 अंकों के साथ मेरी मदद कर सकते हैं?,3,0
no, नहीं,1,1
Amazing! Could you help me with the new address so that I can update it right away for you?,अद्भुत! क्या आप नए पते में मेरी मदद कर सकते हैं ताकि मैं इसे आपके लिए तुरंत अपडेट कर सकूं?,3,2
May I confirm if all your questions have been answered for today?, क्या मैं पुष्टि कर सकता हूँ कि क्या आज के लिए आपके सभी प्रश्नों का उत्तर दे दिया गया है?,2,0
Perfect! May I also know the last four digits of your SSN?, उत्तम! क्या मैं आपके SSN के अंतिम चार अंक भी जान सकता हूँ?,3,0
THIS IS LEENA, यह लीना है,2,0
"Awesome! Thank you so much for your cooperation, have a great day! "," बहुत बढ़िया! आपके सहयोग के लिए बहुत-बहुत धन्यवाद, आपका दिन मंगलमय हो!",3,2
"Hello, how may I help you with today? "," हैलो, मैं आज आपकी कैसे मदद कर सकता हूं?",3,0
Thank you. Give me just a moment while I update that for you!," शुक्रिया। जब तक मैं इसे आपके लिए अपडेट करता हूं, मुझे बस एक क्षण दें!",3,0
Thank you so much, बहुत-बहुत धन्यवाद,3,2
"Okay sure, please allow me a moment while I do the needful. "," ठीक है, कृपया मुझे एक क्षण दें जबकि मैं आवश्यक कार्य करता हूं।",2,0
Perfect! Please give me a minute., उत्तम! कृपया मुझे एक मिनट दें।,2,2
somehow you charged wrongly in my credit card number, किसी तरह आपने मेरे क्रेडिट कार्ड नंबर में गलत तरीके से शुल्क लिया,2,1
03/25/2018, 03/25/2018,0,0
no, नहीं,1,1
"Sure, I'll be happy to do that for you. Please may I know your name?"," ज़रूर, मुझे आपके लिए ऐसा करने में खुशी होगी। कृपया क्या मैं आपका नाम जान सकता हूँ?",2,0
ok, ठीक है,2,0
You're most welcome. Is there anything else I could assist you with?, आपका स्वागत है। क्या कुछ और है जिसमें मैं आपकी सहायता कर सकता हूं?,3,2
Yes. I was filled immediately, हाँ। मैं तुरंत भर गया,2,2
Thank you. Bear with me for a moment while our system finishes processing your information., शुक्रिया। एक पल के लिए मेरे साथ रहें जब तक हमारा सिस्टम आपकी जानकारी को संसाधित करना समाप्त कर दे।,3,0
bye, अलविदा,2,0
last used date is on 24th June, अंतिम उपयोग की तारीख 24 जून को है,0,0
"121, St johnson Street,
Alexandria, VA, 10100"," 121, सेंट जॉनसन स्ट्रीट, अलेक्जेंड्रिया, वीए, 10100",0,0
Thank you for alerting us on this! Could you please help me out with your full name?, हमें इस पर सचेत करने के लिए धन्यवाद! क्या आप कृपया अपने पूरे नाम के साथ मेरी मदद कर सकते हैं?,3,0
Sure. I'll help you with that. Could you please help me with your name and the last four digits of SSN?, ज़रूर। मैं इसमें आपकी मदद करूंगा। क्या आप कृपया मुझे अपने नाम और एसएसएन के अंतिम चार अंकों के साथ मदद कर सकते हैं?,3,0
3646,3646,0,0
Okay thank you, ठीक है धन्यवाद,3,0
"Hello, how may I help you with today? "," हैलो, मैं आज आपकी कैसे मदद कर सकता हूं?",3,0
no, नहीं,1,1
I don't need any more of your help now, मुझे अब आपकी और मदद की जरूरत नहीं है,1,1
account number - 7469 2318 4971 2341,खाता संख्या - 7469 2318 4971 2341,0,0
Hai, हाई,2,0
"Yes, my name is Robert Smith."," हाँ, मेरा नाम रॉबर्ट स्मिथ है।",2,0
"Hello, how may I help you with today?"," हैलो, मैं आज आपकी कैसे मदद कर सकता हूं?",3,0
2245,2245,0,0
I COULD LIKE TO REPORT LOST OF MY CREDIT CARD, मैं अपने क्रेडिट कार्ड के खो जाने की रिपोर्ट करना पसंद कर सकता हूं,1,1
Please transfer $300 from my husbands account to mine to cover the tmobile debit that made my account $300 negative, tmobile डेबिट को कवर करने के लिए कृपया मेरे पति के खाते से $300 को मेरे खाते में स्थानांतरित करें जिससे मेरा खाता $300 नकारात्मक हो गया,2,1
Anything else I may help you out with?, कुछ और मैं आपकी मदद कर सकता हूं?,2,0
"Hey there, how may I help you today?"," अरे वहाँ, मैं आज आपकी कैसे मदद कर सकता हूँ?",3,0
I've transferred the amount and you'll also receive a confirmation message on your registered mobile number in a while., मैंने राशि हस्तांतरित कर दी है और आपको कुछ ही देर में अपने पंजीकृत मोबाइल नंबर पर एक पुष्टिकरण संदेश भी प्राप्त होगा।,2,0
NO. THANK YOU SO MUCH, ना। आपका बहुत-बहुत धन्यवाद,3,2
Hello! how may I help you?, नमस्ते! मैं आपकी मदद कैसे कर सकता हूं?,3,0
Hey! How may I help you today?, अरे! आज मैं आपकी कैसे मदद कर सकता हूँ?,3,0
"Thanks for contacting us, Hope to see you again."," हमसे संपर्क करने के लिए धन्यवाद, आपसे फिर से मिलने की उम्मीद है।",3,2
"Hey there, how may I help you today?"," अरे वहाँ, मैं आज आपकी कैसे मदद कर सकता हूँ?",3,0
"Hello. How may I help you today?
", नमस्ते। आज मैं आपकी कैसे मदद कर सकता हूँ?,3,0
"no:1, main road, hg stre, kelambakam, chennai"," नंबर: 1, मेन रोड, एचजी स्ट्रे, केलंबकम, चेन्नई",1,0
For security reasons have you blocked the card?, सुरक्षा कारणों से क्या आपने कार्ड को ब्लॉक कर दिया है?,2,0
"Hey there, how may I help you today?"," अरे वहाँ, मैं आज आपकी कैसे मदद कर सकता हूँ?",3,0
You're most welcome! Thank you for reaching out to us. Good day!, आपका स्वागत है! हमसे संपर्क की पहल के लिए आपका धन्यवाद। अच्छा दिन!,3,2
OF COURSE I WILL, अवश्य मैं करूँगा,0,0
I have taken down a request for the lost card. A new card will be issued and will be sent to your registered home address., मैंने खोए हुए कार्ड के लिए एक अनुरोध को हटा लिया है। एक नया कार्ड जारी किया जाएगा और आपके पंजीकृत घर के पते पर भेजा जाएगा।,1,2
YES, हां,2,2
3472,3472,0,0
The amount has been transferred and you'll be getting an email as well., राशि स्थानांतरित कर दी गई है और आपको एक ईमेल भी प्राप्त होगा।,1,0
Thank you. Could you help me with the date and amount of the charge?,शुक्रिया। क्या आप शुल्क की तारीख और राशि के बारे में मेरी मदद कर सकते हैं?,3,0
Hey there. How may I help you?, सुनो। क्या मेरे द्वारा आपकी कोई सहायता हो सकती है?,3,0
"NO-89/87 KAMAKOTI NAGAR,KL-65"," नं-89/87 कामकोटि नगर, केएल-65",1,0
"Perfect! Your address has been successfully changed to 32 W. Indian Spring Dr. Lawndale, CA 90260."," उत्तम! आपका पता सफलतापूर्वक 32 डब्ल्यू इंडियन स्प्रिंग डॉ. लॉन्डेल, सीए 90260 में बदल दिया गया है।",2,2
Oh okay! Please allow me a moment while I go ahead and remove the charge for you.," ओह ठीक है! कृपया मुझे एक क्षण की अनुमति दें, जब तक मैं आगे बढ़ूं और आपके लिए शुल्क हटा दूं।",2,0
8765,8765,0,0
OK, ठीक है,2,0
You're welcome. I had a great time assisting you. Please do feel free to reach out to us for further queries. Have a good day. Bye now., आपका स्वागत है। मुझे आपकी सहायता करने में बहुत अच्छा लगा। कृपया आगे के प्रश्नों के लिए हमसे बेझिझक संपर्क करें। आपका दिन शुभ हो। अलविदा।,3,2
i would like to change my address in my account, मैं अपने खाते में अपना पता बदलना चाहूंगा,3,0
Always a  pleasure assisting a valuable customer like you. Have a great day ahead. Looking forward to seeing you soon., आप जैसे मूल्यवान ग्राहक की सहायता करने में हमेशा खुशी होती है। आगे एक महान दिन हो। जल्द ही आपको देखने की इच्छा है।,3,2
Great! Could you please share the 16 digits of your credit card number?,महान! क्या आप कृपया अपने क्रेडिट कार्ड नंबर के 16 अंक साझा कर सकते हैं?,3,0
NAME - KANNIMA A/C NO - 4489, नाम - कनिमा खाता संख्या - 4489,1,0
"Not today, thanks Lindsay"," आज नहीं, धन्यवाद लिंडसे",3,0
6.25838E+14,6.25838E+14,0,0
Ask to change the address associated with my credit card., मेरे क्रेडिट कार्ड से जुड़े पते को बदलने के लिए कहें।,1,0
"Thanks! One more thing, I would like transfer 10 dollars from my savings account to my checking account."," धन्यवाद! एक और बात, मैं अपने बचत खाते से अपने चेकिंग खाते में 10 डॉलर ट्रांसफर करना चाहूंगा।",3,0
"Sure thing, i can help you with that . May I please know your name and the card number?"," ज़रूर, मैं इसमें आपकी मदद कर सकता हूँ। क्या मैं आपका नाम और कार्ड नंबर जान सकता हूं?",3,0
Sure!, ज़रूर!,2,0
"Great. I have gone ahead and updated the new address for your convenience.
",महान। मैंने आपकी सुविधा के लिए आगे बढ़कर नया पता अपडेट कर दिया है।,3,2
Thanks. To get your bank details I would need your last 4 digits of SSN, धन्यवाद। आपका बैंक विवरण प्राप्त करने के लिए मुझे आपके एसएसएन के अंतिम 4 अंकों की आवश्यकता होगी,3,0
5/15/18 54.95 charged and 3:30 PM Central Time, 5/15/18 54.95 चार्ज और 3:30 अपराह्न केंद्रीय समय,0,0
You're welcome! Is there anything else I may assist you with?, आपका स्वागत है! क्या कुछ और है जिसमें मैं आपकी सहायता कर सकता हूं?,2,2
Before two days I used that card and also I have filed a police report., दो दिन पहले मैंने उस कार्ड का इस्तेमाल किया और मैंने पुलिस में रिपोर्ट भी दर्ज कराई है।,1,1
and how much amount would you like to transfer?, और आप कितनी राशि ट्रांसफर करना चाहेंगे?,2,0
You’re welcome. I had a great time assisting you. Please do feel free to reach out to us for further queries. Have a good day. Bye now., आपका स्वागत है। मुझे आपकी सहायता करने में बहुत अच्छा लगा। कृपया आगे के प्रश्नों के लिए हमसे बेझिझक संपर्क करें। आपका दिन शुभ हो। अलविदा।,3,2
12.05pm, दोपहर 12.05 बजे,0,0
most*, अधिकांश*,0,0
5540,5540,0,0
Thank you very much for alerting us about this. We will help you get this issue resolved., हमें इसके बारे में सचेत करने के लिए आपका बहुत-बहुत धन्यवाद। हम इस मुद्दे को हल करने में आपकी मदद करेंगे।,3,1
card.*, कार्ड।*,0,0
You're welcome! I'm glad I could help. Great day!, आपका स्वागत है! मैं खुश हूं कि मैं मदद कर सका। भव्य दिवस!,3,2
740,740,0,0
Hello!, नमस्ते!,3,0
Thank you! Could you please help me out with the last 4 digits of your SSN and credit card number?, आपको धन्यवाद! क्या आप कृपया अपने एसएसएन और क्रेडिट कार्ड नंबर के अंतिम 4 अंकों के साथ मेरी मदद कर सकते हैं?,3,0
Hai.... transfer money from one account to another, है... एक खाते से दूसरे खाते में पैसे ट्रांसफर करें,2,0
"okay! I've updated your address, you'll also get a notification about this in your banking application.  Would there be anything else I may help you with? "," ठीक है! मैंने आपका पता अपडेट कर दिया है, आपको इसके बारे में अपने बैंकिंग एप्लिकेशन में एक सूचना भी मिलेगी। क्या कुछ और होगा जिसमें मैं आपकी मदद कर सकूं?",3,0
"Sure, I'll be able to do that for you. Please may I know your name?"," ज़रूर, मैं आपके लिए यह कर पाऊँगा। कृपया क्या मैं आपका नाम जान सकता हूँ?",2,0
hi, नमस्ते,2,0
hi, नमस्ते,2,0
Thank you. Could you please help me out with the new address?, शुक्रिया। क्या आप कृपया मुझे नए पते के साथ मदद कर सकते हैं?,3,0
Awesome! Kindly give me a minute., बहुत बढ़िया! कृपया मुझे एक मिनट दें।,3,2
"Hey there. How may I help you today?
", सुनो। आज मैं आपकी कैसे मदद कर सकता हूँ?,3,0
Thank you for the information. I see that you have $5000 in your account. Let me know if you have any other queries.,जानकारी के लिए धन्यवाद। मैं देख रहा हूँ कि आपके खाते में $5000 हैं। यदि आपके कोई अन्य प्रश्न हैं तो मुझे बताएं।,3,0
sure..pleasure,ज़रूर..खुशी,2,2
2222,2222,0,0
Katty Pam, कैटी पामो,0,0
hello, नमस्ते,2,0
125678,125678,0,0
Thnx, Thnx,0,0
I hope we are still connected., मुझे आशा है कि हम अभी भी जुड़े हुए हैं।,2,2
"Awesome! Thank you so much for your cooperation, have a great day! "," बहुत बढ़िया! आपके सहयोग के लिए बहुत-बहुत धन्यवाद, आपका दिन मंगलमय हो!",3,2
Indus Bank., इंडस बैंक।,0,0
Thank you so much for bringing this to our notice. I'll ensure that I'll raise a request to delete the charge and kindly give us 24-48 hours to get this resolved. You will also be receiving a confirmation e-mail once this is resolved. Would there be anything else I could do for you?, इसे हमारे संज्ञान में लाने के लिए आपका बहुत-बहुत धन्यवाद। मैं यह सुनिश्चित करूंगा कि मैं शुल्क हटाने का अनुरोध करूंगा और कृपया इसे हल करने के लिए हमें 24-48 घंटे का समय दें। इसका समाधान हो जाने पर आपको एक पुष्टिकरण ई-मेल भी प्राप्त होगा। क्या मैं तुम्हारे लिए और कुछ कर सकता था?,3,1
sour, खट्टा,0,1
dude*, छैला*,0,0
name : raju and 9975, नाम: राजू और 9975,0,0
HII, HII,2,0
"Perfect! would you please share the last four digits of your SSN?
", उत्तम! क्या आप कृपया अपने SSN के अंतिम चार अंक साझा करेंगे?,3,0
"Oh! Sure, not a problem! I'd made a request to our team about this, and our associate will soon contact you and help you with a new card. Not to worry at all! We make sure that our customers are totally satisfied with our services! Not to worry! You'll soon receive a new card on your registered address."," ओह! ज़रूर, कोई समस्या नहीं! मैंने इस बारे में अपनी टीम से एक अनुरोध किया था, और हमारा सहयोगी जल्द ही आपसे संपर्क करेगा और एक नए कार्ड के लिए आपकी मदद करेगा। बिल्कुल भी चिंता न करें! हम सुनिश्चित करते हैं कि हमारे ग्राहक हमारी सेवाओं से पूरी तरह संतुष्ट हैं! कोइ चिंता नहीं! आपको जल्द ही अपने पंजीकृत पते पर एक नया कार्ड प्राप्त होगा।",3,2
Thank you so much for staying connected. Your lost credit card has been blocked and a new credit account will be sent to your address shortly.,जुड़े रहने के लिए आपका बहुत-बहुत धन्यवाद। आपका खोया हुआ क्रेडिट कार्ड ब्लॉक कर दिया गया है और जल्द ही आपके पते पर एक नया क्रेडिट खाता भेजा जाएगा।,3,2
Could you please let me know the last 4 digits of SSN and the last 4 digits of credit card account number?, क्या आप कृपया मुझे एसएसएन के अंतिम 4 अंक और क्रेडिट कार्ड खाता संख्या के अंतिम 4 अंक बता सकते हैं?,3,0
NO THANKS," जी नहीं, धन्यवाद",3,1
"Hello, how may I help you with today?"," हैलो, मैं आज आपकी कैसे मदद कर सकता हूं?",3,0
Please help me with the last four digits of the account number you would like the amount to be transferred to.,कृपया उस खाता संख्या के अंतिम चार अंकों के बारे में मेरी सहायता करें जिसमें आप राशि हस्तांतरित करना चाहते हैं।,3,0
01-06-2018,01-06-2018,0,0
I'm delighted that you are impressed and happy! I'm glad that I could resolve this for you. It was really my pleasure assisting you. Have an amazing day ahead., मुझे खुशी है कि आप प्रभावित और खुश हैं! मुझे खुशी है कि मैं इसे आपके लिए हल कर सका। आपकी सहायता करना वास्तव में मेरी खुशी थी। आगे एक अद्भुत दिन हो।,3,2
"okay, Good news! I've changed your address Panchavan, shortly you'll receive a email on your registered email Id, kindly, acknowledge it. Would there be anything else I may help you with?* "," ठीक है, अच्छी खबर है! मैंने आपका पता पंचवन बदल दिया है, शीघ्र ही आपको अपनी पंजीकृत ईमेल आईडी पर एक ईमेल प्राप्त होगा, कृपया इसे स्वीकार करें। क्या मैं आपकी कुछ और मदद कर सकता हूँ?*",3,2
You’re welcome. I had a great time assisting you. Please do feel free to reach out to us for further queries. Have a good day. Bye now., आपका स्वागत है। मुझे आपकी सहायता करने में बहुत अच्छा लगा। कृपया आगे के प्रश्नों के लिए हमसे बेझिझक संपर्क करें। आपका दिन शुभ हो। अलविदा।,3,2
Thank you very much, आपका बहुत बहुत धन्यवाद,3,2
No I haven't, नहीं मैंने नहीं किया,1,0
Sure. I'll help you with that. Could you please help me with your name and the four digits of SSN?, ज़रूर। मैं इसमें आपकी मदद करूंगा। क्या आप कृपया मुझे अपने नाम और एसएसएन के चार अंकों के साथ मदद कर सकते हैं?,3,0
Hey there! How may I help you?, सुनो! क्या मेरे द्वारा आपकी कोई सहायता हो सकती है?,3,0
I appreciate for holding on. You're order has been placed and it'll be sent to you in 2-3 business days., मैं धारण करने के लिए सराहना करता हूं। आपको आदेश दे दिया गया है और यह आपको 2-3 कार्यदिवसों में भेज दिया जाएगा।,3,0
"I'll be glad to help you out with that however, according to company's policies we require your account number and SSN to proceed further."," मुझे इसमें आपकी सहायता करने में खुशी होगी, हालांकि, कंपनी की नीतियों के अनुसार हमें आगे बढ़ने के लिए आपके खाता संख्या और एसएसएन की आवश्यकता है।",3,0
Perfect! May I also know the sum of money to be transferred?, उत्तम! क्या मुझे यह भी पता चल सकता है कि कितनी राशि ट्रांसफर की जानी है?,2,2
"Dean Nguyen
", डीन गुयेन,0,0
Jazlynn Bond, जैज़लिन बॉन्ड,0,0
"I hope that was useful, did I answer all your questions?"," मुझे आशा है कि यह उपयोगी था, क्या मैंने आपके सभी प्रश्नों का उत्तर दिया?",3,0
Cool! May I also know the last four digits of your SSN?, ठंडा! क्या मैं आपके SSN के अंतिम चार अंक भी जान सकता हूँ?,3,0
24th jun 18,24 जून 18,0,0
20-06-2018,20-06-2018,0,0
A very good morning. How may I help you today?, एक बहुत अच्छी सुबह। आज मैं आपकी कैसे मदद कर सकता हूँ?,3,2
"blaine, david"," ब्लेन, डेविड",0,0
thanks, धन्यवाद,2,2
7787,7787,0,0
Sure! Could you please help me out with your full name?, ज़रूर! क्या आप कृपया अपने पूरे नाम के साथ मेरी मदद कर सकते हैं?,3,0
20USD is extra charged on the bill.please remove it, 20USD बिल पर अतिरिक्त शुल्क लिया जाता है। कृपया इसे हटा दें,3,1
Check account balance, अकाउंट बैलेंस चेक करें,1,0
"Perfect! would you please share the last four digits of your SSN?
", उत्तम! क्या आप कृपया अपने SSN के अंतिम चार अंक साझा करेंगे?,3,0
Hello sir., नमस्ते महोदय।,3,0
"Sure, you can connect with us anytime. Thank you for reaching out to us. I’m glad I could help. Good day!"," ज़रूर, आप हमसे कभी भी जुड़ सकते हैं। हमसे संपर्क की पहल के लिए आपका धन्यवाद। मैं खुश हूं कि मैं मदद कर सका। अच्छा दिन!",3,2
Yes. sir., हाँ। महोदय।,2,0
My full name is Savariraj, मेरा पूरा नाम सावरिराज है,1,0
I'm sorry about that. I'll do my best to help you. Please may I know your name?, मैं इस बारे में माफी चाहता हूँ। मैं आपकी मदद करने की पूरी कोशिश करूंगा। कृपया क्या मैं आपका नाम जान सकता हूँ?,3,0
Heloo Sir...i need transfer money from one account to another, हेलो सर...मुझे एक अकाउंट से दूसरे अकाउंट में पैसे ट्रांसफर करने हैं,2,0
"Thank you Kamal, Could you let me know the last 4 digits of SSN and the last 4 digits of account number please?"," धन्यवाद कमल, क्या आप कृपया मुझे एसएसएन के अंतिम 4 अंक और खाता संख्या के अंतिम 4 अंक बता सकते हैं?",3,0
I WANT TO TRANSFER MONEY, मैं पैसे ट्रांसफर करना चाहता हूं,1,1
wait a minute u have transfers my money ?, एक मिनट रुकिए क्या आपने मेरा पैसा ट्रांसफर कर दिया है?,1,0
It's supposed to be 8584 Burns St, यह 8584 Burns St . माना जाता है,0,0
Could you please let me know the name and last 4 digits of SSN, क्या आप कृपया मुझे SSN का नाम और अंतिम 4 अंक बता सकते हैं?,3,0
Hai, हाई,2,0
My credit card will missing, मेरा क्रेडिट कार्ड गायब हो जाएगा,2,1
Always a pleasure. Is there anything else I could assist you with?, हमेशा एक खुशी की बात है। क्या कुछ और है जिसमें मैं आपकी सहायता कर सकता हूं?,2,2
You're most welcome. Would there be anything else I may help you with?,आपका स्वागत है। क्या कुछ और होगा जिसमें मैं आपकी मदद कर सकूं?,3,2
24TH JUN, 24 जून,0,0
"I hope that was useful, It was really pleasure assisting you. Have a great day ahead, Hope to see you again","मुझे आशा है कि यह उपयोगी था, आपकी सहायता करके वास्तव में खुशी हुई। आगे आपका दिन अच्छा हो, आशा है कि आप फिर से मिलेंगे",3,2
"I'll help ypou out with that, could you please help me out with your full name and last 4 digits of your SSN?"," मैं इसमें आपकी मदद करूंगा, क्या आप कृपया अपना पूरा नाम और अपने एसएसएन के अंतिम 4 अंकों के साथ मेरी मदद कर सकते हैं?",3,0
"Hello there, How may I help you today?
"," नमस्ते, मैं आज आपकी कैसे मदद कर सकता हूँ?",3,0
"For sure, the bank's routing number is 444-569-125."," निश्चित रूप से, बैंक का रूटिंग नंबर 444-569-125 है।",2,0
Yes, हाँ,2,0
"Awesome! I'm glad I was of help, have an amazing day ahead! "," बहुत बढ़िया! मुझे खुशी है कि मैं मदद कर रहा था, आगे एक अद्भुत दिन है!",3,2
The amount has been transferred and you'll be getting an email as well., राशि स्थानांतरित कर दी गई है और आपको एक ईमेल भी प्राप्त होगा।,1,0
"Not a problem, thank you."," कोई समस्या नहीं, धन्यवाद।",3,2
"Hello, how may I help you today?"," हैलो, मैं आज आपकी कैसे मदद कर सकता हूं?",3,0
hi, नमस्ते,2,0
It was wonderful talking to you. Have a great day,आपसे बात करके बहुत अच्छा लगा। आपका दिन अच्छा रहे,3,2
Would there be anything else I may help you with today?, क्या आज मैं आपकी कुछ और मदद कर सकता हूँ?,2,0
My pleasure Utkarsh. Could you please let me know the last 4 digits of SSN and the last 4 digits of credit card account number?, मेरी खुशी उत्कर्ष। क्या आप कृपया मुझे एसएसएन के अंतिम 4 अंक और क्रेडिट कार्ड खाता संख्या के अंतिम 4 अंक बता सकते हैं?,3,0
"Sure! Please help me with the last four digits of the account number you would like the amount to be transferred to.
", ज़रूर! कृपया उस खाता संख्या के अंतिम चार अंकों के बारे में मेरी सहायता करें जिसमें आप राशि हस्तांतरित करना चाहते हैं।,3,0
Okay, ठीक,2,0
"Hello there, how may I help you today?"," नमस्ते, मैं आज आपकी कैसे मदद कर सकता हूं?",3,0
Could you please help me out with when was the last time the card was used and was there any police report filed?, क्या आप कृपया मेरी मदद कर सकते हैं कि पिछली बार कार्ड का उपयोग कब किया गया था और क्या कोई पुलिस रिपोर्ट दर्ज की गई थी?,3,0
HII, HII,2,0
Sorry for the confusion?, गलतफहमी के लिए खेद है?,2,0
Hello I got an extra charge of $15 in credit card bill. Could you please check it for me?, नमस्ते मुझे क्रेडिट कार्ड बिल में $15 का अतिरिक्त शुल्क मिला है। क्या आप कृपया इसे मेरे लिए जाँच सकते हैं?,3,1
1234 and 78964548123545334533, 1234 और 78964548123545334533,0,0
I WANT TO CHECK MY ACCOUNT BALANCE,मैं अपना खाता शेष देखना चाहता/चाहती हूं,1,0
I'll be glad to assist you with that.  May I know your name please?, मुझे इसमें आपकी सहायता करने में खुशी होगी। क्या मैं आपका नाम जान सकता हूँ?,3,0
ok it's 1234567890, ठीक है 1234567890,2,0
I’ll help you with that. May I know your name please?, मैं इसमें आपकी मदद करूंगा। क्या मैं आपका नाम जान सकता हूँ?,3,0
You're most welcome! Thank you for reaching out to us. Good day!, आपका स्वागत है! हमसे संपर्क की पहल के लिए आपका धन्यवाद। अच्छा दिन!,3,2
"12 LAKE VIEW, LINCOLN CIRCLE , MN-4567 "," 12 लेक व्यू, लिंकन सर्कल, एमएन-4567",0,0
Yes sir., जी श्रीमान।,2,0
Is there anything else I may assist you with?, क्या कुछ और है जिसमें मैं आपकी सहायता कर सकता हूं?,2,0
I hope we are still connected?, मुझे आशा है कि हम अभी भी जुड़े हुए हैं?,2,0
369,369,0,0
Could you also please confirm when was the last time the card was used and was there any police report filed?, क्या आप कृपया यह भी पुष्टि कर सकते हैं कि कार्ड का उपयोग पिछली बार कब किया गया था और क्या कोई पुलिस रिपोर्ट दर्ज की गई थी?,3,0
"Absolutely fine! I'll surely help you with that, May I know your first and last name please?"," बिल्कुल ठीक! मैं निश्चित रूप से इसमें आपकी मदद करूंगा, क्या मैं आपका पहला और अंतिम नाम जान सकता हूं?",3,0
Nothing else, और कुछ नहीं,2,0
Thank you very much, आपका बहुत बहुत धन्यवाद,3,2
Not a problem at all! I'll just change that for you Mr.Holmes., कोई दिक्कत नहीं! मैं अभी आपके लिए इसे बदल दूँगा श्रीमान होम्स।,2,0
Great! Let me do that for you right away. Just allow me a moment while I close the account for you.," महान! मुझे यह आपके लिए तुरंत करने दो। जब तक मैं आपके लिए खाता बंद कर दूं, बस मुझे एक क्षण दें।",3,2
2.45896E+15,2.45896E+15,0,0
May I also know the last four digits of your SSN?, क्या मैं आपके SSN के अंतिम चार अंक भी जान सकता हूँ?,2,0
"Thank you. Could you please provide me the date when card was last used.
", शुक्रिया। क्या आप कृपया मुझे वह तिथि प्रदान कर सकते हैं जब कार्ड का अंतिम बार उपयोग किया गया था।,3,0
I'll be glad to assist you with the card., मुझे कार्ड के साथ आपकी सहायता करने में खुशी होगी।,3,2
"Hi Drew! I'm afraid my credit card is either lost or stolen, can you help me?"," हाय ड्रू! मुझे डर है कि मेरा क्रेडिट कार्ड या तो खो गया है या चोरी हो गया है, क्या आप मेरी मदद कर सकते हैं?",3,0
"Sure. Could you please help me with your full name and the last four digits of your account number and SSN?
",ज़रूर। क्या आप कृपया अपना पूरा नाम और अपने खाता संख्या और एसएसएन के अंतिम चार अंकों के साथ मेरी मदद कर सकते हैं?,3,0
MY CARD WAS LAST ON 06/25/2018, मेरा कार्ड 06/25/2018 को अंतिम था,1,0
I NEED TO TRANSFER MONEY FROM MY A/C TO MY BROTHER, मुझे अपने खाते से अपने भाई को पैसे स्थानांतरित करने की आवश्यकता है,2,1
"I'm so sorry that due to some technical glitch with our system you were charged incorrectly, I'll personally look into it and it resolved as soon as possible and make sure that this doesn't happen again.  For now I've made a request for a refund of $400."," मुझे खेद है कि हमारे सिस्टम के साथ कुछ तकनीकी गड़बड़ी के कारण आपसे गलत तरीके से शुल्क लिया गया था, मैं व्यक्तिगत रूप से इस पर गौर करूंगा और इसे जल्द से जल्द हल किया जाएगा और सुनिश्चित किया जाएगा कि ऐसा दोबारा न हो। अभी के लिए मैंने $400 की वापसी का अनुरोध किया है।",3,1
That should do sir. Please give me a minute to work on this., ऐसा करना चाहिए सर। कृपया मुझे इस पर काम करने के लिए एक मिनट दें।,2,0
ok, ठीक है,2,0
9954,9954,0,0
5.68675E+13,5.68675E+13,0,0
May I confirm the address provided by you?, क्या मैं आपके द्वारा दिए गए पते की पुष्टि कर सकता हूं?,2,0
My full name is Balaji, मेरा पूरा नाम बालाजी है,1,0
"Hi there, how may I help you today?"," नमस्ते, मैं आज आपकी कैसे मदद कर सकता हूं?",3,0
bye, अलविदा,2,0
"My pleasure. Anything else I may help you out with?
", मेरा सौभाग्य। कुछ और मैं आपकी मदद कर सकता हूं?,3,2
Yeah sure Latha., हाँ ज़रूर लता।,2,0
My name is Sangari, मेरा नाम संगरी है,2,0
bye, अलविदा,2,0
"I'm afraid i will not be able to help you in this regards, you would have to reach the bank."," मुझे डर है कि मैं इस संबंध में आपकी मदद नहीं कर पाऊंगा, आपको बैंक पहुंचना होगा।",2,1
"Hey there, how may I help you today?"," अरे वहाँ, मैं आज आपकी कैसे मदद कर सकता हूँ?",3,0
Thank you for staying connected. Your request has been successful and updated to NO 4 LAKE VIEW ROAD BRIDGE TOWN AL 45286., जुड़े रहने के लिए धन्यवाद। आपका अनुरोध सफल हो गया है और इसे नंबर 4 लेक व्यू रोड ब्रिज टाउन एएल 45286 में अपडेट कर दिया गया है।,3,2
Yes, हाँ,2,0
"sure, I'll be able to help you regarding this. Please may I know your name?"," ज़रूर, मैं इस बारे में आपकी मदद कर पाऊंगा। कृपया क्या मैं आपका नाम जान सकता हूँ?",2,0
"Thank you. Could you please provide me the date when card was last used.
", शुक्रिया। क्या आप कृपया मुझे वह तिथि प्रदान कर सकते हैं जब कार्ड का अंतिम बार उपयोग किया गया था।,3,0
Thank you. Could you please help me out with the new address?, शुक्रिया। क्या आप कृपया मुझे नए पते के साथ मदद कर सकते हैं?,3,0
May I also know the last four digits of your SSN?, क्या मैं आपके SSN के अंतिम चार अंक भी जान सकता हूँ?,2,0
Very happy to hearing this message..Thanks for your help..,यह संदेश सुनकर बहुत खुशी हुई..आपकी मदद के लिए धन्यवाद..,3,2
I'd also require the complete 16 digit credit card number.,मुझे पूरे 16 अंकों के क्रेडिट कार्ड नंबर की भी आवश्यकता होगी।,1,0
"Thank you for using our live chat service. I'm now closing this chat. If you have any other concerns in the future, please don’t hesitate to let us know. Have a great day!
"," हमारी लाइव चैट सेवा का उपयोग करने के लिए धन्यवाद। मैं अब इस चैट को बंद कर रहा हूं। यदि भविष्य में आपकी कोई अन्य चिंता है, तो कृपया हमें बताने में संकोच न करें। आपका दिन अच्छा रहे!",3,2
"Yeah, its 1234 5678 9101 1213. Expiration date: 4/20"," हाँ, इसकी 1234 5678 9101 1213। समाप्ति तिथि: 4/20",0,1
Hello, नमस्ते,2,0
can i visit the bank regadring this, क्या मैं इस संबंध में बैंक जा सकता हूं,3,0
S A TYPING MISTAKE. SORRY, एसए टाइपिंग गलती। माफ़ करना,2,1
Perfect! Kindly give me a minute., उत्तम! कृपया मुझे एक मिनट दें।,3,2
Good morning!, सुबह बख़ैर!,3,2
"587 KURUPPUSAMY KOVIL STREET,MARKET LANE,ERODE"," 587 कुरुपुसामी कोविल स्ट्रीट, मार्केट लेन, इरोड",0,0
You’re welcome. I had a great time assisting you. Please do feel free to reach out to us for further queries. Have a good day. Bye now., आपका स्वागत है। मुझे आपकी सहायता करने में बहुत अच्छा लगा। कृपया आगे के प्रश्नों के लिए हमसे बेझिझक संपर्क करें। आपका दिन शुभ हो। अलविदा।,3,2
transfer the amount from 3678 to 9876, राशि को 3678 से 9876 . में ट्रांसफर करें,0,0
May I also know the last 4 digits of account to which you’d like to transfer?, क्या मैं उस खाते के अंतिम 4 अंक भी जान सकता हूँ जिसमें आप स्थानांतरित करना चाहते हैं?,3,0
Thank you. Could you please help me with the  last 4 digits of the account number to which you want to transfer amount?, शुक्रिया। क्या आप कृपया मुझे उस खाता संख्या के अंतिम 4 अंकों में मदद कर सकते हैं जिसमें आप राशि हस्तांतरित करना चाहते हैं?,3,0
13th june 18, 13 जून 18,0,0
With pleasure! Have a great day!, क्यों नहीं! आपका दिन अच्छा रहे!,2,2
Have a great day!, आपका दिन अच्छा रहे!,2,2
"Thank you for using our live chat service, and we hope to hear from you again! Goodbye!
"," हमारी लाइव चैट सेवा का उपयोग करने के लिए धन्यवाद, और हम आपसे फिर से सुनने की आशा करते हैं! अलविदा!",3,2
"Anything else I may help you out with?
", कुछ और मैं आपकी मदद कर सकता हूं?,2,0
Sure! You can visit www.bankservices.com for further process., ज़रूर! आगे की प्रक्रिया के लिए आप www.bankservices.com पर जा सकते हैं।,2,0
hai..my card missing so please close, हाय..मेरा कार्ड गायब है तो कृपया बंद करें,3,0
"Thank you for your time and patience. We are glad to be able to assist you. You have a great day.
", आपके समय और धैर्य के लिए आपका धन्यवाद। हमें आपकी सहायता करने में सक्षम होने में प्रसन्नता हो रही है। आपका दिन बहुत बढ़िया हो।,3,2
$15*, $15*,0,0
GOOD MORNING. I HAVE ERROR IN MY CREDIT CARD BILL., शुभ प्रभात। मेरे क्रेडिट कार्ड बिल में त्रुटि है।,3,1
my account no:4568 moving account no:3689, माई अकाउंट नंबर:4568 मूविंग अकाउंट नंबर:3689,1,0
I'm sorry but could you tell me your correct name? Is it Sharukh or Salman?," मुझे खेद है, लेकिन क्या आप मुझे अपना सही नाम बता सकते हैं? शाहरुख हैं या सलमान?",3,0
"Hi, my credit card"," नमस्ते, मेरा क्रेडिट कार्ड",3,0
I HAVE LOST MY CREDIT CARD, मैंने अपना क्रेडिट कार्ड खो दिया है,1,1
thank you, धन्यवाद,2,2
"Hi there, how may I help you today?"," नमस्ते, मैं आज आपकी कैसे मदद कर सकता हूं?",3,0
"Hey! I've updated your address, you'll receive a notification on your banking application about the same shortly. Kindly, acknowledge it.  Would there be anything else I may help you with? ","अरे! मैंने आपका पता अपडेट कर दिया है, आपको जल्द ही इसके बारे में अपने बैंकिंग आवेदन पर एक सूचना प्राप्त होगी। कृपया, इसे स्वीकार करें। क्या कुछ और होगा जिसमें मैं आपकी मदद कर सकूं?",3,0
mani sharma, मणि शर्मा,0,0
"It's actually 4321 Nunya Lane, Anyville, IN 47713"," यह वास्तव में 4321 नुन्या लेन, एनीविल, 47713 में है",1,0
05-12-2018,05-12-2018,0,0
MANULA, मानुला,0,0
hi, नमस्ते,2,0
thank you, धन्यवाद,2,2
2256,2256,0,0
Are we still connected?, हम अभी भी जुड़े हैं?,1,0
"Thanks for being patient. I've transferred $10,000 from 5466 to 1236."," धैर्य रखने के लिए धन्यवाद। मैंने $10,000 को 5466 से 1236 में स्थानांतरित कर दिया है।",3,2
I would like to change my account address.., मुझे अपने खाते का पता बदलना है..,3,0
Hai..i want  transfer money from one account to another, हाय..मैं एक खाते से दूसरे खाते में पैसे ट्रांसफर करना चाहता हूं,2,0
"My credit card was getting error , so please clear it"," मेरे क्रेडिट कार्ड में त्रुटि हो रही थी, इसलिए कृपया इसे साफ़ करें",2,1
"I appreciate you bringing this to our attention, so that we can deal with this immediately. Could you please let me know your name, last 4 digits of SSN and credit card number?","इस बात को हमारे ध्यान में लाने के लिए मैं आपकी सराहना करता हूं, ताकि हम इससे तुरंत निपट सकें। क्या आप कृपया मुझे अपना नाम, एसएसएन के अंतिम 4 अंक और क्रेडिट कार्ड नंबर बता सकते हैं?",3,2
Could you also please help me out with your full credit card number?, क्या आप कृपया अपना पूरा क्रेडिट कार्ड नंबर देने में भी मेरी मदद कर सकते हैं?,3,0
"Mercedes Salas
", मर्सिडीज सालास,0,0
Could you please let me know the last 4 digits of SSN and the last 4 digits of credit card account number?, क्या आप कृपया मुझे एसएसएन के अंतिम 4 अंक और क्रेडिट कार्ड खाता संख्या के अंतिम 4 अंक बता सकते हैं?,3,0
THANK YOU DONE A GREAT JOB, धन्यवाद आपने बहुत अच्छा काम किया,3,2
HI, नमस्ते,2,0
"Hello there, how may I help you today?"," नमस्ते, मैं आज आपकी कैसे मदद कर सकता हूं?",3,0
"Awesome. May I know the new address , so that I can update the same for you.
"," बहुत बढ़िया। क्या मुझे नया पता पता है, ताकि मैं आपके लिए इसे अपडेट कर सकूं।",3,2
65.23,65.23,0,0
"As per your request, I have transferred the amount $50to the account ending with 2299. You'll be receiving a confirmation message regarding this. Is there anything else I can help you with?"," आपके अनुरोध के अनुसार, मैंने $50 की राशि 2299 से समाप्त होने वाले खाते में स्थानांतरित कर दी है। आपको इस संबंध में एक पुष्टिकरण संदेश प्राप्त होगा। क्या कुछ और है जिसमें मैं आपकी मदद कर सकता हूं?",3,0
no query, कोई प्रश्न नहीं,1,0
4832,4832,0,0
Thank you for the information. I see that you have $5000 in your account. Let me know if you have any other queries.,जानकारी के लिए धन्यवाद। मैं देख रहा हूँ कि आपके खाते में $5000 हैं। यदि आपके कोई अन्य प्रश्न हैं तो मुझे बताएं।,3,0
"As per your request, I have transferred the amount $50 to the account ending with 3699. You'll be receiving a confirmation message regarding this. Is there anything else I can help you with?","आपके अनुरोध के अनुसार, मैंने $50 की राशि 3699 से समाप्त होने वाले खाते में स्थानांतरित कर दी है। आपको इस संबंध में एक पुष्टिकरण संदेश प्राप्त होगा। क्या कुछ और है जिसमें मैं आपकी मदद कर सकता हूं?",3,0
OK, ठीक है,2,0
"however, I'll look into it."," हालांकि, मैं इसे देख लूंगा।",2,0
Thank you for sharing the information. I've processed the request for the change of address. You'll shortly receive a confirmation E-mail., जानकारी साझा करने के लिए धन्यवाद। मैंने पते में परिवर्तन के अनुरोध को संसाधित कर लिया है। आपको शीघ्र ही एक पुष्टिकरण ई-मेल प्राप्त होगा।,3,2
WAIT A MINUTE, ज़रा ठहरिये,0,0
"You're welcome, ma'am. I'm glad I could help. Great Day!", आपका स्वागत है मैडम। मैं खुश हूं कि मैं मदद कर सका। भव्य दिवस!,3,2
Sure! May I please know the last four digits of your account number?, ज़रूर! क्या मैं कृपया आपके खाता संख्या के अंतिम चार अंक जान सकता हूँ?,3,0
"Good Morning! I need to make a transfer from my savings to my checking account, can you help me?"," शुभ प्रभात! मुझे अपनी बचत से अपने चेकिंग खाते में स्थानांतरण करने की आवश्यकता है, क्या आप मेरी मदद कर सकते हैं?",3,0
"Alas! I'm so sorry to hear that, I'll surely help you out with this. May I know your first and last name please?"," काश! मुझे यह सुनकर बहुत अफ़सोस हुआ, मैं निश्चित रूप से इसमें आपकी मदद करूँगा। क्या मैं आपका पहला और अंतिम नाम जान सकता हूँ?",3,0
6978,6978,0,0
Nothing else, और कुछ नहीं,2,0
I would be glad to assist you on checking the balance. Could you help me with your name and last four digits of the SSN?, मुझे शेष राशि की जांच करने में आपकी सहायता करने में खुशी होगी। क्या आप अपने नाम और SSN के अंतिम चार अंकों के साथ मेरी मदद कर सकते हैं?,3,0
are we still connected?, हम अभी भी जुड़े हैं?,1,0
May I confirm the address provided by you?, क्या मैं आपके द्वारा दिए गए पते की पुष्टि कर सकता हूं?,2,0
I'm so sorry. Could you please elaborate on your concern?, मुझे खेद है। क्या आप कृपया अपनी चिंता के बारे में विस्तार से बता सकते हैं?,3,1
Perfect! Is there anything I could assist you with?, उत्तम! क्या कोई ऐसी चीज है जिसमें मैं आपकी सहायता कर सकता हूं?,3,2
"
Perfect! May I also know the last four digits of your SSN?", उत्तम! क्या मैं आपके SSN के अंतिम चार अंक भी जान सकता हूँ?,3,0
Thank you very much for the details. Your error will be fixed and updated shortly. You'll receive an e-mail about the updated bill.,विवरण के लिए आपका बहुत-बहुत धन्यवाद। आपकी त्रुटि को शीघ्र ही ठीक और अद्यतन किया जाएगा। आपको अपडेट किए गए बिल के बारे में एक ई-मेल प्राप्त होगा।,3,2
Perfect! May I know if there's a complaint about the credit card to the police?, उत्तम! क्या मुझे पता चल सकता है कि पुलिस को क्रेडिट कार्ड के बारे में कोई शिकायत है या नहीं?,2,2
"I'm sorry to hear that. However, I'll do my best to help you out. Please may I know your name?"," उसे सुनने के लिए मुझे माफ करें। हालांकि, मैं आपकी मदद करने की पूरी कोशिश करूंगा। कृपया क्या मैं आपका नाम जान सकता हूँ?",3,1
yes, हां,2,0
yesterday, कल,2,0
Have a great day, आपका दिन अच्छा रहे,2,2
Hi Jamie, हाय जेमी,3,0
"Could you please help me with your full name, the last four digits of your SSN and your credit card number?
"," क्या आप कृपया अपना पूरा नाम, अपने एसएसएन के अंतिम चार अंक और अपने क्रेडिट कार्ड नंबर के साथ मेरी मदद कर सकते हैं?",3,0
"How may I help you today?
", आज मैं आपकी कैसे मदद कर सकता हूँ?,2,0
HELLO, नमस्ते,2,0
"Okay, please help me with your first and last name?"," ठीक है, कृपया अपने पहले और अंतिम नाम के साथ मेरी मदद करें?",3,0
Thank you for the information. I see that you have $2000 in your account. Let me know if you have any other queries., जानकारी के लिए धन्यवाद। मैं देख रहा हूँ कि आपके खाते में $2000 हैं। यदि आपके कोई अन्य प्रश्न हैं तो मुझे बताएं।,3,0
Hi, नमस्ते,2,0
24-Jun,24-Jun,0,0
"Perfect! As I have checked here, your account balance for the account ending with 6445 is $25,263. Is there anything else I may help you with for today?"," उत्तम! जैसा कि मैंने यहां जांचा है, 6445 से समाप्त होने वाले खाते के लिए आपके खाते की शेष राशि $25,263 है। क्या कुछ और है जो मैं आज के लिए आपकी मदद कर सकता हूँ?",3,2
Good work, अच्छा काम,3,2
Sorry?, माफ़ करना?,2,0
nothing else, और कुछ नहीं,1,0
Hey Angulo!  Could you let me know the last 4 digits of SSN and the last 4 digits of account number please?, अरे अंगुलो! क्या आप कृपया मुझे SSN के अंतिम 4 अंक और खाता संख्या के अंतिम 4 अंक बता सकते हैं?,3,0
"Hello, how may I help you today?"," हैलो, मैं आज आपकी कैसे मदद कर सकता हूं?",3,0
That's great! Please allow a minute.,एक दम बढ़िया! कृपया एक मिनट का समय दें।,3,2
Concerned person from the dedicated team will contact you as soon as possible to discuss the lower rates. Let me know if you have any other queries., कम दरों पर चर्चा करने के लिए समर्पित टीम से संबंधित व्यक्ति जल्द से जल्द आपसे संपर्क करेगा। यदि आपके कोई अन्य प्रश्न हैं तो मुझे बताएं।,1,0
i need a financial details of my account, मुझे अपने खाते का वित्तीय विवरण चाहिए,2,0
change my address on myaccount, myaccount पर मेरा पता बदलें,2,0
YES DREW.. please process, हाँ ड्रू.. कृपया प्रक्रिया करें,2,0
Thanks. To get your bank details I would need your last 4 digits of SSN., धन्यवाद। आपका बैंक विवरण प्राप्त करने के लिए मुझे आपके एसएसएन के अंतिम 4 अंकों की आवश्यकता होगी।,3,0
433634634,433634634,0,0
Somecharge debit from my card without reason so remove that amount, बिना कारण मेरे कार्ड से कुछ चार्ज डेबिट हो जाता है इसलिए उस राशि को हटा दें,0,1
Great. Thank you for your help Charlie, महान। आपकी मदद के लिए धन्यवाद चार्ली,3,2
Thank you. To process the request I'll now require the date of charge and the amount of charge., शुक्रिया। अनुरोध को संसाधित करने के लिए अब मुझे शुल्क की तिथि और शुल्क की राशि की आवश्यकता होगी।,3,0
"Okay, how much would you want to transfer and also provide me the number of the account you would like to transfer."," ठीक है, आप कितना ट्रांसफर करना चाहते हैं और मुझे उस खाते की संख्या भी प्रदान करें जिसे आप ट्रांसफर करना चाहते हैं।",3,0
Thank you for staying on the hold. I have processed you request to close the account ending with 8863. You'll be receiving a message regarding that shortly. Is there anything else I may help you with?, होल्ड पर बने रहने के लिए धन्यवाद। मैंने 8863 से समाप्त होने वाले खाते को बंद करने के आपके अनुरोध को संसाधित कर दिया है। आपको इसके बारे में शीघ्र ही एक संदेश प्राप्त होगा। क्या कुछ और है जिसमें मैं आपकी मदद कर सकता हूं?,3,0
8024,8024,0,0
1234 5687 5879 8521, 1234 5687 5879 8521,0,0
"NO THANKS , THANK YOU SO MUCH BYE."," नो थैंक्स, थैंक यू सो मच बाय।",3,0
please reverse the transaction and send amount to account number 3157, कृपया लेन-देन को उलट दें और खाता संख्या 3157 . पर राशि भेजें,2,0
Thank you for waiting patiently your account balance is $9.,धैर्यपूर्वक प्रतीक्षा करने के लिए धन्यवाद आपके खाते की शेष राशि $9 है।,3,2
"Hi, I would like to speak to an agent?"," नमस्ते, मैं एक एजेंट से बात करना चाहूंगा?",3,0
2147,2147,0,0
ok thank you, ठीक है धन्यवाद,3,0
May I also know the last 4 digits of account to which you’d like to transfer?, क्या मैं उस खाते के अंतिम 4 अंक भी जान सकता हूँ जिसमें आप स्थानांतरित करना चाहते हैं?,3,0
No, नहीं,1,0
"Thank you for your valuable information. As I've checked, I see that the account balance of the account ending with 8520 is $1200."," आपकी बहुमूल्य जानकारी के लिए धन्यवाद। जैसा कि मैंने जाँच की है, मैं देख रहा हूँ कि 8520 से समाप्त होने वाले खाते का खाता शेष $1200 है।",3,0
OK, ठीक है,2,0
You're welcome. Is there anything else I could help you with?, आपका स्वागत है। क्या कुछ और है जिसमें मैं आपकी मदद कर सकता हूं?,2,2
HI, नमस्ते,2,0
Thanks a lot, बहुत-बहुत धन्यवाद,3,2
All right. Please tell me the date and the time of the error., ठीक है। कृपया मुझे त्रुटि की तिथि और समय बताएं।,2,1
Thank you for the information. I see that you have $5000 in your account. Let me know if you have any other queries.,जानकारी के लिए धन्यवाद। मैं देख रहा हूँ कि आपके खाते में $5000 हैं। यदि आपके कोई अन्य प्रश्न हैं तो मुझे बताएं।,3,0
"Awesome. I have done the needful. The amount has been successfully transferred.
", बहुत बढ़िया। मैंने जरूरी काम किया है। राशि सफलतापूर्वक स्थानांतरित कर दी गई है।,3,2
I WANT TO CHANGE NEW ADDRESS, मुझे नया पता बदलना है,1,1
Could you please let me know your full name, क्या आप कृपया मुझे अपना पूरा नाम बता सकते हैं,3,0
Hello there!, नमस्ते!,3,0
I've just blocked the card and issued a new one which will be reaching you in 2 days, मैंने अभी-अभी कार्ड ब्लॉक किया है और एक नया कार्ड जारी किया है जो 2 दिनों में आप तक पहुंच जाएगा,2,0
so i can use my new address hereafter, ताकि मैं इसके बाद अपने नए पते का उपयोग कर सकूं,1,0
"Thank you for using our live chat service. I'm now closing this chat. If you have any other concerns in the future, please don’t hesitate to let us know. Have a great day!
"," हमारी लाइव चैट सेवा का उपयोग करने के लिए धन्यवाद। मैं अब इस चैट को बंद कर रहा हूं। यदि भविष्य में आपकी कोई अन्य चिंता है, तो कृपया हमें बताने में संकोच न करें। आपका दिन अच्छा रहे!",3,2
"Hey! I'm really sorry that this happened, It's because of some technical glitch, I've requested for a refund of $100 to your account, Thanks for bringing this to our notice, I've also raised a complaint about this to our IT team.  Would there be anything else I may help you with?"," अरे! मुझे वास्तव में खेद है कि ऐसा हुआ, यह कुछ तकनीकी गड़बड़ के कारण है, मैंने आपके खाते में $ 100 की वापसी का अनुरोध किया है, इसे हमारे ध्यान में लाने के लिए धन्यवाद, मैंने इसके बारे में हमारी आईटी टीम को भी शिकायत की है . क्या कुछ और होगा जिसमें मैं आपकी मदद कर सकूं?",3,1
"Sure, I'll help you with that. Could you please help me with your name and the last 4 digits of SSN?
"," ज़रूर, मैं इसमें आपकी मदद करूँगा। क्या आप कृपया मुझे अपने नाम और एसएसएन के अंतिम 4 अंकों के साथ मदद कर सकते हैं?",3,0
hello drew, हैलो आकर्षित,3,0
"Tyrese Fox
", टायरेस फॉक्स,0,0
Are you here Charlie ?, क्या आप यहाँ चार्ली हैं?,0,0
"Great. I have gone ahead and updated the new address for your convenience.
",महान। मैंने आपकी सुविधा के लिए आगे बढ़कर नया पता अपडेट कर दिया है।,3,2
goodbye,अलविदा,2,0
This is Karthick, ये हैं कार्तिक,2,0
Aileen Harding, ऐलीन हार्डिंग,0,0
gowri shankar, गौरी शंकर,0,0
Oh! Sorry to hear that. Surely I will help you. May I please know your first and last name?, ओह! ऐसा सुनने के लिए क्षमा करें। ज़रूर मैं आपकी मदद करूँगा। क्या मैं आपका पहला और अंतिम नाम जान सकता हूँ?,3,0
I would like to have a charge removed from my credit card., मैं अपने क्रेडिट कार्ड से शुल्क हटाना चाहता/चाहती हूं।,3,1
You're welcome. May I confirm if all your questions have been answered for today?, आपका स्वागत है। क्या मैं पुष्टि कर सकता हूँ कि क्या आज के लिए आपके सभी प्रश्नों का उत्तर दे दिया गया है?,3,2
I want close my account, मुझे अपना खाता बंद करना है,2,1
6984,6984,0,0
"Sure thing, could you please help me out with your full name and last 4 digits of your SSN?"," निश्चित रूप से, क्या आप कृपया अपना पूरा नाम और अपने एसएसएन के अंतिम 4 अंकों के साथ मेरी मदद कर सकते हैं?",3,0
"thank you, you can end the chat now"," धन्यवाद, अब आप चैट समाप्त कर सकते हैं",3,0
raghav, राघव,0,0
"Thank you for being patient, I'd like to inform you that I've transferred $100 to the account ending with 9899. "," धैर्य रखने के लिए धन्यवाद, मैं आपको सूचित करना चाहता हूं कि मैंने 9899 से समाप्त होने वाले खाते में $100 ट्रांसफर कर दिए हैं।",3,0
I'm so sorry to hear that your card was stolen. I'll sort that out for you. May I please know your full name?, मुझे यह जानकर बहुत अफ़सोस हुआ कि आपका कार्ड चोरी हो गया। मैं इसे आपके लिए सुलझा दूंगा। क्या मैं आपका पूरा नाम जान सकता हूँ?,3,1
Rodriguez, rodriguez,0,0
That sounds good. Please allow me a moment while I go ahead and block your card., यह अच्छा रहेगा. कृपया मुझे कुछ समय दें जब तक मैं आगे बढ़ूं और आपका कार्ड ब्लॉक कर दूं।,2,1
"Great! Always a  pleasure assisting a valuable customer like you. Have a great day ahead.
", महान! आप जैसे मूल्यवान ग्राहक की सहायता करने में हमेशा खुशी होती है। आगे एक महान दिन हो।,3,2
"I apologize for the charge however I would be glad to help you out in this regards. May I know your name please?
", मैं इस आरोप के लिए क्षमा चाहता हूं लेकिन मुझे इस संबंध में आपकी सहायता करने में खुशी होगी। क्या मैं आपका नाम जान सकता हूँ?,3,1
"I hope that was helpful, Did i answer all your questions?"," मुझे आशा है कि यह मददगार था, क्या मैंने आपके सभी सवालों का जवाब दिया?",3,0
"DHILIP KUMAR SSN : 4526 , CREDIT NO: 8529"," दिलीप कुमार एसएसएन: 4526, क्रेडिट नंबर: 8529",2,0
yes.., हां..,2,0
5201 ssn, 5201 एसएसएन,0,0
I lost my credit card., मैंने अपना क्रेडिट कार्ड खो दिया है।,1,1
now i want to change the address on my account, अब मैं अपने खाते का पता बदलना चाहता हूँ,1,0
"Thank you, kindly allow me a minute."," धन्यवाद, कृपया मुझे एक मिनट का समय दें।",3,0
7.84587E+15,7.84587E+15,0,0
Could you also let me know when was the last time you've used the credit card?, क्या आप मुझे यह भी बता सकते हैं कि आपने पिछली बार क्रेडिट कार्ड का उपयोग कब किया था?,3,0
OK, ठीक है,2,0
"Hey,"," अरे,",3,0
YES. I DID IT TODAY, हां। मैंने इसे आज किया,2,2
SSN:3752, एसएसएन:3752,0,0
Thank you for the information. I've updated the new address to your account., जानकारी के लिए धन्यवाद। मैंने आपके खाते में नया पता अपडेट कर दिया है।,3,2
Janice Hersh, जेनिस हर्शो,0,0
"Sure. Could you please help me with your full name and the last four digits of your account number and SSN?
",ज़रूर। क्या आप कृपया अपना पूरा नाम और अपने खाता संख्या और एसएसएन के अंतिम चार अंकों के साथ मेरी मदद कर सकते हैं?,3,0
Nothing else, और कुछ नहीं,2,0
"Hey Ravi,  Could you let me know the last 4 digits of SSN and the last 4 digits of account number please?"," हे रवि, क्या आप कृपया मुझे एसएसएन के अंतिम 4 अंक और खाता संख्या के अंतिम 4 अंक बता सकते हैं?",3,0
"No, just the one."," नहीं, बस एक।",2,0
HI, नमस्ते,2,0
Hello?, नमस्ते?,3,0
The last 4 digits of account number is to be transferred is 8554, अकाउंट नंबर के अंतिम 4 अंक ट्रांसफर करने हैं 8554,0,0
Thank you very much, आपका बहुत बहुत धन्यवाद,3,2
Awesome! Thank you so much for your cooperation. Have an amazing day ahead!, बहुत बढ़िया! आपके सहयोग के लिए बहुत बहुत धन्यवाद। आगे एक अद्भुत दिन हो!,3,2
I'd be glad to assist you today?, मुझे आज आपकी सहायता करने में खुशी होगी?,3,0
"Pleasure assisting you. Please do contact us anytime. We will be glad to assist you.
Thank you for your time and patience. You have a great day.
", आपकी सहायता करने में खुशी। कृपया हमसे कभी भी संपर्क करें। हमें आपकी सहायता करने में खुशी होगी। आपके समय और धैर्य के लिए आपका धन्यवाद। आपका दिन बहुत बढ़िया हो।,3,2
Great! could you please share the 16 digits of your credit card number?, महान! क्या आप कृपया अपने क्रेडिट कार्ड नंबर के 16 अंक साझा कर सकते हैं?,3,0
5567-7798-4687-2456, 5567-7798-4687-2456,0,0
bye, अलविदा,2,0
KUMIR RAM, कुमीर राम,0,0
NO THANKS BYE, नो थैंक्स बाय,3,1
12:30,12:30,0,0
Sure. I'll help you with that. Your bank routing number is 123456789. Is there anything else I can help you with?,ज़रूर। मैं इसमें आपकी मदद करूंगा। आपका बैंक रूटिंग नंबर 123456789 है। क्या कुछ और है जिसमें मैं आपकी मदद कर सकता हूं?,2,0
"Awesome! Also, may I please know the last four digits of your account number?
"," बहुत बढ़िया! साथ ही, क्या मैं आपकी खाता संख्या के अंतिम चार अंक जान सकता हूं?",3,2
All right. What was the amount charged?, ठीक है। कितनी राशि ली गई?,1,0
Are we still connected?, हम अभी भी जुड़े हैं?,1,0
THANK YOU BYE, अलविदा धन्यवाद,3,2
7392,7392,0,0
3-4 business days!, 3-4 कार्यदिवस!,2,0
Always a pleasure. Have a great day., हमेशा एक खुशी की बात है। आपका दिन अच्छा रहे।,3,2
YES.. I HAVE FILED A POLICE REPORT ALREADY, हां.. मैंने पहले ही पुलिस रिपोर्ट दर्ज कर ली है,2,1
"Hello there, How may I help you today? "," नमस्ते, मैं आज आपकी कैसे मदद कर सकता हूँ?",3,0
Have a great day, आपका दिन अच्छा रहे,2,2
I have an error on my credit card bill and also have an extra charges. so kindly resolve this., मेरे क्रेडिट कार्ड बिल में त्रुटि है और इसके अतिरिक्त शुल्क भी हैं। तो कृपया इसका समाधान करें।,3,1
"As per your request, I have transferred the amount $100 to the account ending with 7865. You'll be receiving a confirmation message regarding this. Is there anything else I can help you with?"," आपके अनुरोध के अनुसार, मैंने 7865 से समाप्त होने वाले खाते में $100 की राशि स्थानांतरित कर दी है। आपको इस संबंध में एक पुष्टिकरण संदेश प्राप्त होगा। क्या कुछ और है जिसमें मैं आपकी मदद कर सकता हूं?",3,0
7777,7777,0,0
8521,8521,0,0
"Hello there, How may I help you today?
"," नमस्ते, मैं आज आपकी कैसे मदद कर सकता हूँ?",3,0
Hello there!, नमस्ते!,3,0
Hi, नमस्ते,3,0
OK THANK YOU SO MUCH BYE," ठीक है, बहुत बहुत धन्यवाद",3,2
OK, ठीक है,2,0
Yes, हाँ,2,0
7.65432E+15,7.65432E+15,0,0
can i file a complaint on credit card charges in your bank, क्या मैं आपके बैंक में क्रेडिट कार्ड शुल्क पर शिकायत दर्ज कर सकता हूँ?,2,1
hi, नमस्ते,2,0
3654,3654,0,0
Thank you for reaching out to us. Always a pleasure to assist customers like you. Good day!, हमसे संपर्क की पहल के लिए आपका धन्यवाद। आप जैसे ग्राहकों की सहायता करने में हमेशा खुशी होती है। अच्छा दिन!,3,2
Okay, ठीक,2,0
"SANIA MIRSHA , SSN-0782"," सानिया मिर्शा, एसएसएन-0782",0,0
"CREDIT NO: 4528452685264526 , SSN; 4526"," क्रेडिट नंबर: 4528452685264526, एसएसएन; 4526",1,0
Would there be anything else I may help you with today?, क्या आज मैं आपकी कुछ और मदद कर सकता हूँ?,2,0
kalynam sundaram, कल्याणम सुंदरम,0,0
You're welcome. I had a great time assisting you. Please do feel free to reach out to us for further queries. Have a good day. Bye now., आपका स्वागत है। मुझे आपकी सहायता करने में बहुत अच्छा लगा। कृपया आगे के प्रश्नों के लिए हमसे बेझिझक संपर्क करें। आपका दिन शुभ हो। अलविदा।,3,2
$160, $160,0,0
Hello!, नमस्ते!,3,0
Always a pleasure assisting you. Is there anything else I could assist you with?,हमेशा आपकी सहायता करने में खुशी होती है। क्या कुछ और है जिसमें मैं आपकी सहायता कर सकता हूं?,2,2
No sir .thanks.bye, नहीं सर ..धन्यवाद.अलविदा,2,0
Hey there! How may I help you?, सुनो! क्या मेरे द्वारा आपकी कोई सहायता हो सकती है?,3,0
Hey! How may I help you today?, अरे! आज मैं आपकी कैसे मदद कर सकता हूँ?,3,0
Hello!, नमस्ते!,3,0
$4505, $4505,0,0
no thanks," जी नहीं, धन्यवाद",3,1
May I also know the last four digits of your SSN?, क्या मैं आपके SSN के अंतिम चार अंक भी जान सकता हूँ?,2,0
thanks, धन्यवाद,2,2
Could you be more specific about account number?, क्या आप खाता संख्या के बारे में अधिक विशिष्ट हो सकते हैं?,3,0
Prefect! thanks for sharing that valuable information. Please allow me a moment while I process with your request., प्रीफेक्ट! उस बहुमूल्य जानकारी को साझा करने के लिए धन्यवाद। कृपया मुझे आपके अनुरोध के साथ संसाधित करने के लिए कुछ समय दें।,3,2
Okay! Could you please help me out with your credit card number?, ठीक! क्या आप कृपया अपने क्रेडिट कार्ड नंबर के साथ मेरी मदद कर सकते हैं?,3,0
"Awesome! Also, may I please know the last four digits of your account number?","बहुत बढ़िया! साथ ही, क्या मैं आपकी खाता संख्या के अंतिम चार अंक जान सकता हूं?",3,2
Jillian Greer, जिलियन ग्रीर,0,0
The account has been closed. Would there be anything else I may help you with?, खाता बंद कर दिया गया है। क्या कुछ और होगा जिसमें मैं आपकी मदद कर सकूं?,2,0
Sure thing! Could you please help me out with your full name?, अवश्य! क्या आप कृपया अपने पूरे नाम के साथ मेरी मदद कर सकते हैं?,3,0
Could you please let me know the last 4 digits of SSN and the last 4 digits of credit card account number?, क्या आप कृपया मुझे एसएसएन के अंतिम 4 अंक और क्रेडिट कार्ड खाता संख्या के अंतिम 4 अंक बता सकते हैं?,3,0
"Sure! That won't be a problem. Certainly, I'll help you. May I know your full name?"," ज़रूर! यह कोई समस्या नहीं होगी। ज़रूर, मैं आपकी मदद करूँगा। क्या मैं आपका पूरा नाम जान सकता हूँ?",3,0
"okay! I'll surely help you with that, May I know your first and last name please?
","ठीक है! मैं निश्चित रूप से इसमें आपकी मदद करूंगा, क्या मैं आपका पहला और अंतिम नाम जान सकता हूं?",3,0
I was wrongly charged for late fees even if I paid back everything on time," मुझसे विलंब शुल्क के लिए गलत तरीके से शुल्क लिया गया, भले ही मैंने समय पर सब कुछ वापस कर दिया हो",2,1
close an account, एक खाता बंद करो,0,0
"Thank you for using our live chat service. I'm now closing this chat. If you have any other concerns in the future, please don’t hesitate to let us know. Have a great day!
"," हमारी लाइव चैट सेवा का उपयोग करने के लिए धन्यवाद। मैं अब इस चैट को बंद कर रहा हूं। यदि भविष्य में आपकी कोई अन्य चिंता है, तो कृपया हमें बताने में संकोच न करें। आपका दिन अच्छा रहे!",3,2
Sure! May I know the query?, ज़रूर! क्या मैं क्वेरी जान सकता हूँ?,2,0
Goodbye!, अलविदा!,2,0
OK, ठीक है,2,0
nothing, कुछ नहीं,1,0
"Sure, I'll help you with that. May I know your name and the last 4 digits of SSN?"," ज़रूर, मैं इसमें आपकी मदद करूँगा। क्या मैं आपका नाम और SSN के अंतिम 4 अंक जान सकता हूँ?",2,0
Thanks again. Please could you provide me with the date on which the card was last used?, एक बार फिर धन्यवाद। क्या आप मुझे वह तारीख बता सकते हैं जिस दिन कार्ड का अंतिम बार उपयोग किया गया था?,3,0
And was a police report filed?+, और क्या पुलिस में रिपोर्ट दर्ज की गई थी?+,0,0
"Hi, Rory"," नमस्ते, रोरी",3,0
Great! Always a  pleasure assisting a valuable customer like you. Have a great day ahead.,महान! आप जैसे मूल्यवान ग्राहक की सहायता करने में हमेशा खुशी होती है। आगे एक महान दिन हो।,3,2
SORRY I MENTIONED CARD NUMBER LITTLE WRONG, क्षमा करें मैंने कार्ड नंबर का उल्लेख थोड़ा गलत किया है,3,1
i gave all details check and tell me, मैंने सभी विवरण दिए हैं और मुझे बताएं,1,0
"Hello, how may I help you with today?"," हैलो, मैं आज आपकी कैसे मदद कर सकता हूं?",3,0
My name is Rocky and ssn no is 3487, मेरा नाम रॉकी है और एसएसएन नंबर 3487 है,2,0
Thanks Thomson. To get your bank details I would need your last 4 digits of SSN, धन्यवाद थॉमसन। आपका बैंक विवरण प्राप्त करने के लिए मुझे आपके एसएसएन के अंतिम 4 अंकों की आवश्यकता होगी,3,0
"Hey there, how may I help you today?"," अरे वहाँ, मैं आज आपकी कैसे मदद कर सकता हूँ?",3,0
Is there anything else I may help you with today?, क्या आज मैं आपकी कुछ और मदद कर सकता हूँ?,2,0
NAME-JIM ACCOUNT NUMBER 1234 SSN NUMBER-7890, नाम-जिम खाता संख्या 1234 एसएसएन संख्या-7890,0,0
HAVE TO CHECK MY BALANCE, मेरा बैलेंस चेक करना है,1,0
THANK YOU, धन्यवाद,3,2
okey, शाबाशी,2,0
22-06-2018,22-06-2018,0,0
"Sir, please visit the bank for more details."," महोदय, अधिक जानकारी के लिए कृपया बैंक में पधारें।",2,0
"I highly appreciate your patience, I would like to inform you that I've successfully updated your address to 8 Mountainview Ave. Westford, MA 01886."," मैं आपके धैर्य की अत्यधिक सराहना करता हूं, मैं आपको सूचित करना चाहता हूं कि मैंने आपके पते को 8 माउंटेनव्यू एवेन्यू, वेस्टफोर्ड, एमए 01886 में सफलतापूर्वक अपडेट कर दिया है।",3,2
Thanks for your help..Have a great day!, आपकी मदद के लिए धन्यवाद..आपका दिन शुभ हो!,3,2
well done, बहुत बढ़िया,1,2
ok, ठीक है,2,0
I NEED TO CHANGE MY ADREES IN MY BANK ACCOUNT, मुझे अपने बैंक खाते में अपना विज्ञापन बदलने की आवश्यकता है,2,0
need to check balance, बैलेंस चेक करने की जरूरत,1,0
No I havent had a chance to do that yet I will," नहीं, मुझे ऐसा करने का मौका नहीं मिला है, फिर भी मैं करूंगा",2,0
Sure! I'd be glad to help you with this one. Could you please let me know your account number?, ज़रूर! मुझे इसमें आपकी मदद करने में खुशी होगी। क्या आप कृपया मुझे अपना खाता नंबर बता सकते हैं?,3,2
2345,2345,0,0
yes sure., हाँ यकीनन।,2,0
my card lost so please close, मेरा कार्ड खो गया है तो कृपया बंद करें,2,1
I NEED CHECK MY A/C BALANCE,मुझे अपना ए/सी बैलेंस चेक करने की ज़रूरत है,2,0
"Thank you so much for staying connected. Your address has been updated and further, you'll receive the bank alerts to the updated address. "," जुड़े रहने के लिए आपका बहुत-बहुत धन्यवाद। आपका पता अपडेट कर दिया गया है और आगे, आपको अपडेट किए गए पते पर बैंक अलर्ट प्राप्त होंगे।",3,2
please transfer 10000 to my son accouny, कृपया मेरे बेटे के खाते में 10000 ट्रांसफर करें,3,0
i have updated the new address!, मैंने नया पता अपडेट कर दिया है!,2,0
Perfect! would you please share the last four digits of your SSN?, उत्तम! क्या आप कृपया अपने SSN के अंतिम चार अंक साझा करेंगे?,3,0
They said need to report police first. Now i was reported to police regarding this., उन्होंने कहा कि पहले पुलिस को रिपोर्ट करने की जरूरत है। अब इसकी सूचना पुलिस को दी गई।,2,1
"Awesome! Also, may I please know the last four digits of your account number??"," बहुत बढ़िया! साथ ही, क्या मैं कृपया आपके खाता संख्या के अंतिम चार अंक जान सकता हूँ ??",3,2
Okay! I'll surely help you with that. May I please know your first and last name?, ठीक! मैं इसमें आपकी जरूर मदद करूंगा। क्या मैं आपका पहला और अंतिम नाम जान सकता हूँ?,2,0
Perfect! Please give me a minute to proceed further., उत्तम! कृपया मुझे आगे बढ़ने के लिए एक मिनट दें।,3,2
SSN 2475 & Account no 9856, एसएसएन 2475 और खाता संख्या 9856,1,0
My name is Kate Williams, मेरा नाम केट विलियम्स है,2,0
That's perfect! Thanks! Please tell me when was the card last used., यह बिल्कुल सही है! धन्यवाद! कृपया मुझे बताएं कि कार्ड का अंतिम बार कब उपयोग किया गया था।,3,2
Ok Sure, यकीनन ठीक,2,0
"I’m glad I could resolve this for you. Have a great day! We want to provide a service that customers will remember. Have an awesome day ahead!
 ", मुझे खुशी है कि मैं इसे आपके लिए हल कर सका। आपका दिन अच्छा रहे! हम एक ऐसी सेवा प्रदान करना चाहते हैं जो ग्राहकों को याद रहे। आगे का दिन शानदार हो!,3,2
Thank you very much, आपका बहुत बहुत धन्यवाद,3,2
can i know the bank address, क्या मैं बैंक का पता जान सकता हूँ?,1,0
"Awesome! Also, may I please know the last four digits of your account number?","बहुत बढ़िया! साथ ही, क्या मैं आपकी खाता संख्या के अंतिम चार अंक जान सकता हूं?",3,2
Hello there!, नमस्ते!,3,0
thank you for your help, आपके सहयोग के लिए धन्यवाद,3,2
2814 this is my ssn number, 2814 यह मेरा एसएसएन नंबर है,2,0
1201 2021 4851 1100, 1201 2021 4851 1100,0,0
"Sure. Could you please help me with your full name and the last four digits of your account number and SSN?
",ज़रूर। क्या आप कृपया अपना पूरा नाम और अपने खाता संख्या और एसएसएन के अंतिम चार अंकों के साथ मेरी मदद कर सकते हैं?,3,0
ca i use online banking service, सीए मैं ऑनलाइन बैंकिंग सेवा का उपयोग करता हूं,0,0
It was wonderful talking to you. Have a great day,आपसे बात करके बहुत अच्छा लगा। आपका दिन अच्छा रहे,3,2
my card was lost help me, मेरा कार्ड खो गया था मेरी मदद करो,2,1
U WILL THERE, यू विल थॉर,0,0
This is sim, यह सिम है,2,0
"thanks for sharing this information, Would you please help me with the date, when you used your credit card for the last time?","इस जानकारी को साझा करने के लिए धन्यवाद, क्या आप कृपया उस तारीख के बारे में मेरी मदद करेंगे, जब आपने पिछली बार अपने क्रेडिट कार्ड का उपयोग किया था?",3,0
1205,1205,0,0
"Perfect. I will now go ahead and cancel your old card which is missing and issue a new one for you which will be sent to your address soon.
", उत्तम। अब मैं आगे बढ़ूंगा और आपके पुराने कार्ड को रद्द कर दूंगा जो गायब है और आपके लिए एक नया कार्ड जारी करूंगा जो जल्द ही आपके पते पर भेज दिया जाएगा।,2,2
HII, HII,2,0
i want to transfer money from one account to another, मैं एक खाते से दूसरे खाते में पैसे ट्रांसफर करना चाहता हूं,1,0
Hey! A very good morning to you. How may I help you today?, अरे! आपके लिए एक बहुत ही शुभ प्रभात। आज मैं आपकी कैसे मदद कर सकता हूँ?,3,2
Okay great! Please allow me a moment while I do the needful., ठीक है बढ़िया! कृपया मुझे एक क्षण की अनुमति दें जबकि मैं आवश्यक कार्य करता हूं।,3,2
Awesome! I had a great time assisting you. Please do feel free to reach out to us for further queries. Have a good day. Bye now., बहुत बढ़िया! मुझे आपकी सहायता करने में बहुत अच्छा लगा। कृपया आगे के प्रश्नों के लिए हमसे बेझिझक संपर्क करें। आपका दिन शुभ हो। अलविदा।,3,2
muthu  raja, मुथु राजा:,0,0
no, नहीं,1,1
Hello, नमस्ते,2,0
"dheeran a/c number-1256,ssn number-5623"," धीरन ए/सी नंबर-1256, एसएसएन नंबर-5623",0,0
sorry this is wrong address, क्षमा करें यह गलत पता है,2,0
Thank you for the details. Kindly give me a minute., विवरण के लिए धन्यवाद। कृपया मुझे एक मिनट दें।,3,2
THANK YOU BYE, अलविदा धन्यवाद,3,2
You’re welcome. Always a pleasure to assist customers like you. Have a great day!, आपका स्वागत है। आप जैसे ग्राहकों की सहायता करने में हमेशा खुशी होती है। आपका दिन अच्छा रहे!,3,2
"I need a new credit card, my old card was expired"," मुझे एक नया क्रेडिट कार्ड चाहिए, मेरा पुराना कार्ड समाप्त हो गया था",1,0
If there's no response the chat will be ended in a minute., अगर कोई प्रतिक्रिया नहीं है तो चैट एक मिनट में समाप्त हो जाएगी।,1,0
"I’m sorry this has happened. I understand you're upset, and I will do my best to help you. Please may I know your name?"," मुझे खेद है कि ऐसा हुआ है। मैं समझता हूँ कि आप परेशान हैं, और मैं आपकी मदद करने की पूरी कोशिश करूँगा। कृपया क्या मैं आपका नाम जान सकता हूँ?",3,1
$50 debited two time on 06/15/18, $50 06/15/18 को दो बार डेबिट किया गया,0,0
Amilie and 1234, एमिली और 1234,0,0
"Awesome! Also, may I please know the last four digits of your account number??"," बहुत बढ़िया! साथ ही, क्या मैं कृपया आपके खाता संख्या के अंतिम चार अंक जान सकता हूँ ??",3,2
Amazing. The amount you requested will be transferred soon. Is there anything else I could help you with?, अद्भुत। आपके द्वारा अनुरोधित राशि जल्द ही स्थानांतरित कर दी जाएगी। क्या कुछ और है जिसमें मैं आपकी मदद कर सकता हूं?,3,2
please disconnect, कृपया डिस्कनेक्ट करें,2,1
Please help me with the last four digits of the account number you would like the amount to be transferred to.,कृपया उस खाता संख्या के अंतिम चार अंकों के बारे में मेरी सहायता करें जिसमें आप राशि हस्तांतरित करना चाहते हैं।,3,0
"Sorry sir, I may not help you in this case. "," सॉरी सर, मैं इस मामले में आपकी मदद नहीं कर सकता।",3,1
Of course., बेशक।,0,0
Okay! Could you please let me know your last 4 digits of SSN number and credit card number?,ठीक! क्या आप कृपया मुझे अपने एसएसएन नंबर और क्रेडिट कार्ड नंबर के अंतिम 4 अंक बता सकते हैं?,3,0
Hi casey, हाय केसी,3,0
"Thank you. Bear with me for a moment while our system finishes processing your information.
", शुक्रिया। एक पल के लिए मेरे साथ रहें जब तक हमारा सिस्टम आपकी जानकारी को संसाधित करना समाप्त कर दे।,3,0
"Sorry,Mistake. Please reduce 2000 from previous transaction, Send 8000 to that account"," क्षमा करें गलती हो गई। कृपया पिछले लेनदेन से 2000 कम करें, उस खाते में 8000 भेजें",2,0
that is all...thanks a lot, बस इतना ही...बहुत बहुत धन्यवाद,3,2
ok, ठीक है,2,0
"Great! would you please share the 16 digits of your credit card number? 
", महान! क्या आप कृपया अपने क्रेडिट कार्ड नंबर के 16 अंक साझा करेंगे?,3,0
"
Awesome! Also, may I please know the last four digits of your account number?"," बहुत बढ़िया! साथ ही, क्या मैं आपकी खाता संख्या के अंतिम चार अंक जान सकता हूं?",3,2
hi, नमस्ते,2,0
OK THANK YOU, ठीक है धन्यवाद,3,2
"No problem, have a nice day."," कोई बात नहीं, आपका दिन शुभ हो।",2,2
Fantastic. Always a pleasure Prabaharan. Have a great day., ज़बरदस्त। हमेशा आनंद प्रभारण। आपका दिन अच्छा रहे।,3,2
OK .thanks, ठीक है धन्यवाद,2,2
Yes Please!, हाँ कृपया!,2,2
I want it transferred to this account number: 50677363800, मैं इसे इस खाता संख्या में स्थानांतरित करना चाहता हूं: 50677363800,2,0
hi, नमस्ते,2,0
"Sure, allow me a moment while I check that for you right away."," ज़रूर, मुझे एक क्षण की अनुमति दें, जब तक कि मैं तुरंत आपके लिए जाँच करूँ।",2,0
Hello i need some help, नमस्ते मुझे कुछ मदद चाहिए,3,0
"Yes , i  have filed a report to police station"," हां, मैंने थाने में रिपोर्ट दर्ज करा दी है",2,1
"Dane Patterson
", डेन पैटरसन,0,0
"Okay, that's good. Please allow me a moment while I go ahead and block your card. ", ठीक है यह बहुत अच्छा हुआ। कृपया मुझे कुछ समय दें जब तक मैं आगे बढ़ूं और आपका कार्ड ब्लॉक कर दूं।,2,0
May I confirm if all your questions have been answered for today?, क्या मैं पुष्टि कर सकता हूँ कि क्या आज के लिए आपके सभी प्रश्नों का उत्तर दे दिया गया है?,2,0
"Awesome Kavin, May I know if there's a complaint about the credit card to the police?"," बहुत बढ़िया कविन, क्या मुझे पता चल सकता है कि पुलिस में क्रेडिट कार्ड के बारे में कोई शिकायत है या नहीं?",3,1
"For sure, May I know your name please?"," निश्चित रूप से, क्या मैं आपका नाम जान सकता हूँ?",3,0
and give insurence process,और बीमा प्रक्रिया दें,2,0
"I don’t mean to rush you. However, I will need your credit card number Ellen to cancel the old one and issue a new card?"," मेरा मतलब आपको जल्दी करना नहीं है। हालांकि, पुराने को रद्द करने और नया कार्ड जारी करने के लिए मुझे आपके क्रेडिट कार्ड नंबर एलेन की आवश्यकता होगी?",1,1
That's all right. I will now move $1000 in the above mentioned account number., यह सब ठीक है। अब मैं ऊपर उल्लिखित खाता संख्या में $1000 स्थानांतरित करूंगा।,2,0
Hello!, नमस्ते!,3,0
"thanks, Can you tell me about the company's new lower rates I saw in a commercial are available to me
"," धन्यवाद, क्या आप मुझे कंपनी की नई कम दरों के बारे में बता सकते हैं जो मैंने एक विज्ञापन में देखीं जो मेरे लिए उपलब्ध हैं",3,0
Hey there! How may I help you?, सुनो! क्या मेरे द्वारा आपकी कोई सहायता हो सकती है?,3,0
Nothing else, और कुछ नहीं,2,0
Sure, ज़रूर,2,0
"Hello there, how may I help you today?"," नमस्ते, मैं आज आपकी कैसे मदद कर सकता हूं?",3,0
I'm sorry to hear about your lost credit card. Not to worry at all! We are always here to help you. I'll sort it out for you., आपके खोए हुए क्रेडिट कार्ड के बारे में सुनकर मुझे खेद है। बिल्कुल भी चिंता न करें! हम आपकी मदद करने के लिए हमेशा मौजूद हैं। मैं इसे आपके लिए सुलझा दूंगा।,3,2
Michelle ron, मिशेल रोनो,0,0
I hope we're still connected?, मुझे आशा है कि हम अभी भी जुड़े हुए हैं?,2,0
OK..I WANT ORDER CHECK, ठीक है..मुझे जांच का आदेश चाहिए,2,0
MY NAME IS NAVIS HILDA, मेरा नाम नेविस हिल्डा है,2,0
thank you so much, आपका बहुत-बहुत धन्यवाद,3,2
Perfect Casey., बिल्कुल सही केसी।,2,2
casey, केसी,0,0
Are we still connected?, हम अभी भी जुड़े हैं?,1,0
ok, ठीक है,2,0
"Anything else I may help you out with?
", कुछ और मैं आपकी मदद कर सकता हूं?,2,0
Awesome! When was the card last used?, बहुत बढ़िया! कार्ड का इस्तेमाल आखिरी बार कब किया गया था?,3,2
"I highly appreciate your patience, I'd like to inform you that the account ending with 6984 states a balance of $250. "," मैं आपके धैर्य की अत्यधिक सराहना करता हूं, मैं आपको सूचित करना चाहता हूं कि 6984 के साथ समाप्त होने वाले खाते में $250 की शेष राशि होती है।",3,2
"Thank you for your valuable information. As I've checked, I see that the account balance of the account ending with 1288 is $63000."," आपकी बहुमूल्य जानकारी के लिए धन्यवाद। जैसा कि मैंने जाँच की है, मैं देखता हूँ कि 1288 से समाप्त होने वाले खाते का खाता शेष $63000 है।",3,2
06/23/2018, 06/23/2018,0,0
"Yes wonderful! we are glad that you are interested in our bank, However for any information about the interest rates or loans please feel free to visit our official website www.bankers.com, In case if you want to know anything in detail please contact us, we are always here to help you out. Would there be anything else I may help you with? ","हाँ अद्भुत! हमें खुशी है कि आप हमारे बैंक में रुचि रखते हैं, हालांकि ब्याज दरों या ऋण के बारे में किसी भी जानकारी के लिए कृपया हमारी आधिकारिक वेबसाइट www.bankers.com पर जाएं, यदि आप विस्तार से कुछ भी जानना चाहते हैं तो कृपया हमसे संपर्क करें, हम आपकी मदद के लिए हमेशा यहां हैं। क्या कुछ और होगा जिसमें मैं आपकी मदद कर सकूं?",3,2
"Anything else I may help you out with?
", कुछ और मैं आपकी मदद कर सकता हूं?,2,0
"Hello there, how may I help you today?"," नमस्ते, मैं आज आपकी कैसे मदद कर सकता हूं?",3,0
5465,5465,0,0
"As per your instruction, I've blocked your card. Would you need anything else, sir?"," आपके निर्देश के अनुसार, मैंने आपका कार्ड ब्लॉक कर दिया है। क्या आपको और कुछ चाहिए सर?",3,1
"Hello there, how may I help you today?"," नमस्ते, मैं आज आपकी कैसे मदद कर सकता हूं?",3,0
"great, i need to transfer that whole amount to another account 7763 could you do that ?"," बढ़िया, मुझे उस पूरी राशि को दूसरे खाते में स्थानांतरित करने की आवश्यकता है 7763 क्या आप ऐसा कर सकते हैं?",3,0
"Not to worry, I've just blocked the card and issued a new one which would be reaching you in 2 days"," चिंता न करें, मैंने अभी-अभी कार्ड ब्लॉक किया है और एक नया कार्ड जारी किया है जो 2 दिनों में आप तक पहुंच जाएगा",2,0
mathew paul ssin number 7895, मैथ्यू पॉल ssin संख्या 7895,0,0
It was wonderful talking to you. Have a great day,आपसे बात करके बहुत अच्छा लगा। आपका दिन अच्छा रहे,3,2
I would like to change my address on my account. Please help me with that, मैं अपने खाते पर अपना पता बदलना चाहता/चाहती हूं. कृपया इसमें मेरी मदद करें,3,0
Anything else I may help you out with?, कुछ और मैं आपकी मदद कर सकता हूं?,2,0
"okay! I'll surely help you with that, May I know your first and last name please?"," ठीक है! मैं निश्चित रूप से इसमें आपकी मदद करूंगा, क्या मैं आपका पहला और अंतिम नाम जान सकता हूं?",3,0
ok, ठीक है,2,0
"Don't worry,thiik khon'! I'll block your card for you soon. Please could you share with me the credit card number and also your SSN number?"," चिंता मत करो, थिक खोन! मैं जल्द ही आपके लिए आपका कार्ड ब्लॉक कर दूँगा। क्या आप मेरे साथ क्रेडिट कार्ड नंबर और अपना एसएसएन नंबर साझा कर सकते हैं?",2,0
"my name : sudhakar, SSN NO: 3337 account no: 8728","मेरा नाम: सुधाकर, एसएसएन नंबर: 3337 खाता संख्या: 8728",1,0
"okay sure, Would you please share your new address?"," ठीक है, क्या आप कृपया अपना नया पता साझा करेंगे?",3,0
Let me know banks routing number, मुझे बैंकों का रूटिंग नंबर बताएं,1,0
"Hello, how may I help you with today? "," हैलो, मैं आज आपकी कैसे मदद कर सकता हूं?",3,0
"NO THANKS, HAVE A NICE DAY "," नहीं धन्यवाद, आपका दिन शुभ हो",3,2
"Yes Sir, it is available for all our customers."," हाँ सर, यह हमारे सभी ग्राहकों के लिए उपलब्ध है।",2,0
"MY NEW ADDRESS IS 54TH SHETTY HOUSE, 3RD LANE, NEW CROSS AREA"," मेरा नया पता 54वां शेट्टी हाउस, तीसरा लेन, नया क्रॉस एरिया है",1,0
SSN number is a very important unique identification for the user., SSN नंबर उपयोगकर्ता के लिए एक बहुत ही महत्वपूर्ण विशिष्ट पहचान है।,1,0
HI, नमस्ते,2,0
"Hello, how may I help you with today? "," हैलो, मैं आज आपकी कैसे मदद कर सकता हूं?",3,0
THANKS YOU SO MUCH, आपका बहुत बहुत धन्यवाद,3,2
Thank you so much sir., बहुत बहुत धन्यवाद सर।,3,2
"Hey there, how may I help you today?"," अरे वहाँ, मैं आज आपकी कैसे मदद कर सकता हूँ?",3,0
7.12564E+15,7.12564E+15,0,0
Hello! good morning!, नमस्ते! शुभ प्रभात!,3,0
Thank you., शुक्रिया।,3,2
Robert Smith, रॉबर्ट स्मिथ,0,0
Karpoora Valli, कर्पूरा वल्ली,0,0
Sure. I'll update the changes and proceed., ज़रूर। मैं परिवर्तनों को अपडेट करूंगा और आगे बढ़ूंगा।,2,0
Always a  pleasure assisting a valuable customer like you. Have a great day ahead., आप जैसे मूल्यवान ग्राहक की सहायता करने में हमेशा खुशी होती है। आगे एक महान दिन हो।,3,2
Awesome! Kindly give me a minute to check the balance of the account?, बहुत बढ़िया! कृपया मुझे खाते की शेष राशि की जांच करने के लिए एक मिनट दें?,3,1
Amazing! Could you help me with the new address so that I can update it right away for you?,अद्भुत! क्या आप नए पते में मेरी मदद कर सकते हैं ताकि मैं इसे आपके लिए तुरंत अपडेट कर सकूं?,3,2
SSN-7812, एसएसएन-7812,0,0
Okay I'll go ahead and do that for you.," ठीक है, मैं आगे बढ़ूंगा और आपके लिए वह करूंगा।",2,0
"hai,Some amount debit my card without reason so remove the amount"," है, कुछ राशि मेरे कार्ड से बिना कारण डेबिट हो जाती है इसलिए राशि हटा दें",2,1
How may I help you today?, आज मैं आपकी कैसे मदद कर सकता हूँ?,2,0
"Awesome! Also, may I please know the last four digits of your account number?","बहुत बढ़िया! साथ ही, क्या मैं आपकी खाता संख्या के अंतिम चार अंक जान सकता हूं?",3,2
"Perfect! May I also know the last four digits of your SSN?
", उत्तम! क्या मैं आपके SSN के अंतिम चार अंक भी जान सकता हूँ?,3,0
Is there anything else I may assist you with?, क्या कुछ और है जिसमें मैं आपकी सहायता कर सकता हूं?,2,0
NAME SANGEETHA AND SSN NO 0804 AND A/C NO 0807 AND DATE: 05/05/2018 AND THE AMOUNT 100 DOLLARS,नाम संगीता और एसएसएन नंबर 0804 और खाता संख्या 0807 और दिनांक: 05/05/2018 और राशि 100 डॉलर,1,0
"My credit card number is 6572876497276465
", मेरा क्रेडिट कार्ड नंबर है 6572876497276465,2,0
I'm sorry about that. I'll do my best to help you. Please may I know your name?, मैं इस बारे में माफी चाहता हूँ। मैं आपकी मदद करने की पूरी कोशिश करूंगा। कृपया क्या मैं आपका नाम जान सकता हूँ?,3,0
Rajesh don, राजेश डोनो,0,0
I DID, मैंने किया,1,0
Was a police report filed?, क्या पुलिस में रिपोर्ट दर्ज की गई थी?,0,0
I would be glad to help you with transferring the amount. Could you please help me out with your name and last for digits of the SSN?, मुझे राशि ट्रांसफर करने में आपकी मदद करने में खुशी होगी। क्या आप कृपया मुझे अपने नाम के साथ मदद कर सकते हैं और एसएसएन के अंकों के लिए अंतिम हो सकते हैं?,3,0
"Thank you, Camrun. Please could you also share your account number and your SSN?"," धन्यवाद, कैमरून। कृपया क्या आप अपना खाता नंबर और अपना एसएसएन भी साझा कर सकते हैं?",3,0
ok..i need to transfer 4500 to samy account. account number-2395488707, ठीक है..मुझे 4500 को सैमी खाते में स्थानांतरित करने की आवश्यकता है। खाता संख्या-2395488707,2,0
Thank you for the details Karthik. Kindly give me a minute., विवरण के लिए धन्यवाद कार्तिक। कृपया मुझे एक मिनट दें।,3,2
"Thank you. Could you please help me out with the new address?
", शुक्रिया। क्या आप कृपया मुझे नए पते के साथ मदद कर सकते हैं?,3,0
Hello Casey..., हैलो केसी ...,3,0
thank you, धन्यवाद,3,2
"Thank you for your valuable information. As I've checked, I see that the account balance of the account ending with 4321 is $9000."," आपकी बहुमूल्य जानकारी के लिए धन्यवाद। जैसा कि मैंने जाँच की है, मैंने देखा कि 4321 के साथ समाप्त होने वाले खाते का खाता शेष $9000 है।",3,2
thanks for your immediate support, आपके तत्काल समर्थन के लिए धन्यवाद,3,2
Kelsie Ortega, केल्सी ओर्टेगा,0,0
"Thank you for using our live chat service, and we hope to hear from you again! Goodbye!
"," हमारी लाइव चैट सेवा का उपयोग करने के लिए धन्यवाद, और हम आपसे फिर से सुनने की आशा करते हैं! अलविदा!",3,2
Thank you. May I know the date of the charge and amount of the charge?, शुक्रिया। क्या मैं शुल्क की तिथि और शुल्क की राशि जान सकता हूं?,3,0
"Oh! I'm so sorry to hear that! I'll definitely help you with this and ensure this is not repeated.
",ओह! मुझे यह सुनकर खेद हुआ! मैं निश्चित रूप से इसमें आपकी मदद करूंगा और सुनिश्चित करूंगा कि यह दोहराया न जाए।,3,1
"Could you please help me with your full name, the last four digits of your SSN and your credit card number?
"," क्या आप कृपया अपना पूरा नाम, अपने एसएसएन के अंतिम चार अंक और अपने क्रेडिट कार्ड नंबर के साथ मेरी मदद कर सकते हैं?",3,0
8.36475E+15,8.36475E+15,0,0
"122, North Veilli Street, Madurai, Tamilnadu 625139."," 122, नॉर्थ वेइली स्ट्रीट, मदुरै, तमिलनाडु 625139।",1,0
ok, ठीक है,2,0
UMAA MAHES 8745, उमा माहेस 8745,0,0
"My Credit card number is 7315689986798334
", मेरा क्रेडिट कार्ड नंबर 7315689986798334 है,1,0
"30 West Euclid Street 
Carrollton, GA 30117"," 30 वेस्ट यूक्लिड स्ट्रीट कैरोलटन, जीए 30117",0,0
Nothing else, और कुछ नहीं,2,0
THANK YOU, धन्यवाद,3,2
"Awesome! Also, may I please know the last four digits of your account number?","बहुत बढ़िया! साथ ही, क्या मैं आपकी खाता संख्या के अंतिम चार अंक जान सकता हूं?",3,2
It was wonderful talking to you. Have a great day,आपसे बात करके बहुत अच्छा लगा। आपका दिन अच्छा रहे,3,2
Thank you. Give me just a moment while I update that for you!," शुक्रिया। जब तक मैं इसे आपके लिए अपडेट करता हूं, मुझे बस एक क्षण दें!",3,0
9996,9996,0,0
7.65422E+14,7.65422E+14,0,0
"Thank you for using our live chat service. I am now closing this chat. If you have any more issues, please don’t hesitate to let us know. Have a great day!
"," हमारी लाइव चैट सेवा का उपयोग करने के लिए धन्यवाद। मैं अब इस चैट को बंद कर रहा हूं। यदि आपके कोई और मुद्दे हैं, तो कृपया हमें बताने में संकोच न करें। आपका दिन अच्छा रहे!",3,2
Okay great! Could you please help me out with the date when the card was last used and was there any police report filed?, ठीक है बढ़िया! क्या आप कृपया मुझे उस तारीख के बारे में बताने में मदद कर सकते हैं जब कार्ड का अंतिम बार उपयोग किया गया था और क्या कोई पुलिस रिपोर्ट दर्ज की गई थी?,3,0
I'll be glad to assist you with that. Could you please let me know the last 4 digits of account from which you'd like to transfer?, मुझे इसमें आपकी सहायता करने में खुशी होगी। क्या आप कृपया मुझे उस खाते के अंतिम 4 अंक बता सकते हैं जिससे आप स्थानांतरण करना चाहते हैं?,3,0
Oh! I see. I request you to visit our nearest bank. They will help you with your loan queries., ओह! समझा। मैं आपसे अनुरोध करता हूं कि आप हमारे नजदीकी बैंक में जाएं। वे आपके ऋण प्रश्नों में आपकी सहायता करेंगे।,3,0
Could you please be more specific about the date?, क्या आप कृपया तारीख के बारे में अधिक विशिष्ट हो सकते हैं?,3,0
OK, ठीक है,2,0
MY CREDIT CARD WAS LOST, मेरा क्रेडिट कार्ड खो गया था,0,1
THANKS FOR HELPING ME TO GET A NEW CARD, नया कार्ड प्राप्त करने में मेरी सहायता करने के लिए धन्यवाद,3,2
i want money transfer from my account, मुझे अपने खाते से धन हस्तांतरण चाहिए,2,0
And could you also share the date when you used your card for the last time?, और क्या आप उस तारीख को भी साझा कर सकते हैं जब आपने आखिरी बार अपने कार्ड का इस्तेमाल किया था?,2,0
Jun 20 2018,Jun 20 2018,0,0
"Oh.No! I'm so sorry to hear that, I'll surely help you out with this. May I know your first and last name please?","धत्तेरे की! मुझे यह सुनकर बहुत अफ़सोस हुआ, मैं निश्चित रूप से इसमें आपकी मदद करूँगा। क्या मैं आपका पहला और अंतिम नाम जान सकता हूँ?",3,0
its ok no problem thank you have a nice day, ठीक है कोई बात नहीं धन्यवाद आपका दिन शुभ हो,3,0
My name is John F, मेरा नाम जॉन एफ है,2,0
"Thank you, Mr Appa Rao! please could you share with me the account number and also your SSN number?"," धन्यवाद, श्री अप्पा राव! क्या आप मेरे साथ खाता संख्या और अपना एसएसएन नंबर साझा कर सकते हैं?",3,0
"Sure, but at the moment I'm afraid I am unable to help you in this regard. However I've contacted the concerned authorities. They’ll be connecting with you in the next 24 hours and help you with the low interest rate accounts. Would you need anything else?"," ज़रूर, लेकिन इस समय मुझे डर है कि मैं इस संबंध में आपकी मदद करने में असमर्थ हूँ। हालांकि मैंने संबंधित अधिकारियों से संपर्क किया है। वे अगले 24 घंटों में आपके साथ जुड़ जाएंगे और कम ब्याज दर वाले खातों में आपकी सहायता करेंगे। क्या आपको कुछ और चाहिए होगा?",3,0
WANT TO TRANSFER MONEY TO OTHER ACCOUNT, दूसरे खाते में पैसे ट्रांसफर करना चाहते हैं,1,1
"Hello, how may I help you today?"," हैलो, मैं आज आपकी कैसे मदद कर सकता हूं?",3,0
How may I assist you today?, आज मैं आपकी मदद किस तरह कर सकता हूँ?,0,0
Would there be anything else I may help you with today?, क्या आज मैं आपकी कुछ और मदद कर सकता हूँ?,2,0
$450, $450,0,0
Have a great day, आपका दिन अच्छा रहे,2,2
GREAT. GOOD LUCK, महान। आपको कामयाबी मिले,3,2
May I also know the last four digits of your SSN?, क्या मैं आपके SSN के अंतिम चार अंक भी जान सकता हूँ?,2,0
No., नहीं।,1,1
I apologize..Sorry my inconvinience, मैं क्षमा चाहता हूँ..क्षमा करें मेरी असुविधा,3,0
8984,8984,0,0
Drew, ड्रयू,0,0
"You're welcome. Is there anything else I could help you with?
", आपका स्वागत है। क्या कुछ और है जिसमें मैं आपकी मदद कर सकता हूं?,2,2
"hello there, good morning! "," नमस्ते वहाँ, सुप्रभात!",3,0
"Concerned person from the dedicated team will contact you as soon as possible to discuss the lower rates. Let me know if you have any other queries.

", कम दरों पर चर्चा करने के लिए समर्पित टीम से संबंधित व्यक्ति जल्द से जल्द आपसे संपर्क करेगा। मुझे बताएं कि क्या आपके पास कोई अन्य प्रश्न हैं।,1,0
"okay thanks for sharing that information, could you please also help me with your new address?","ठीक है उस जानकारी को साझा करने के लिए धन्यवाद, क्या आप कृपया अपने नए पते के साथ मेरी मदद कर सकते हैं?",3,0
Cool! May I also know the last four digits of your SSN?, ठंडा! क्या मैं आपके SSN के अंतिम चार अंक भी जान सकता हूँ?,3,0
"Hello Robert. Sure. I would be glad to help you out in this regards. Was your card lost or stolen?
", हैलो रॉबर्ट। ज़रूर। मुझे इस संबंध में आपकी मदद करने में खुशी होगी। क्या आपका कार्ड खो गया या चोरी हो गया?,3,0
"okay! I'll surely help you with that, May I know your first and last name please?
","ठीक है! मैं निश्चित रूप से इसमें आपकी मदद करूंगा, क्या मैं आपका पहला और अंतिम नाम जान सकता हूं?",3,0
hi, नमस्ते,2,0
hey! how may i help you today?, अरे! आज मैं आपकी कैसे मदद कर सकता हूँ?,3,0
Thank you very much, आपका बहुत बहुत धन्यवाद,3,2
"Hello. How may I help you today?
", नमस्ते। आज मैं आपकी कैसे मदद कर सकता हूँ?,3,0
You’re most welcome. Is there anything else I could help you with?, आपका स्वागत है। क्या कुछ और है जिसमें मैं आपकी मदद कर सकता हूं?,3,2
The bank's routing number is 986566321., बैंक का रूटिंग नंबर 986566321 है।,2,0
nothing else, और कुछ नहीं,1,0
OK, ठीक है,2,0
hi..gud mrng, नमस्ते..गुड मृंग,3,0
Great. Now could you please help me with the last four digits of the account number you wish to transfer the money to?, महान। अब क्या आप कृपया मुझे उस खाता संख्या के अंतिम चार अंकों में मदद कर सकते हैं जिसमें आप पैसे ट्रांसफर करना चाहते हैं?,3,0
Hey! A very good morning to you. How may I help you today?, अरे! आपके लिए एक बहुत ही शुभ प्रभात। आज मैं आपकी कैसे मदद कर सकता हूँ?,3,2
i want one help, मुझे एक मदद चाहिए,1,0
i like to buy a new car that's why i need to apply a loan to buy a car, मुझे एक नई कार खरीदना पसंद है इसलिए मुझे कार खरीदने के लिए ऋण की आवश्यकता है,3,0
Credit card number:8462563785672456, क्रेडिट कार्ड नंबर: 8462563785672456,0,0
Hi I wanted to report about my lost credit card, नमस्ते मैं अपने खोए हुए क्रेडिट कार्ड के बारे में रिपोर्ट करना चाहता था,3,0
Could you please provide me the new address?, क्या आप कृपया मुझे नया पता प्रदान कर सकते हैं?,3,0
"I appreciate you bringing this to our attention, so that we can deal with this immediately. Could you please let me know your name, last 4 digits of SSN and credit card number?","इस बात को हमारे ध्यान में लाने के लिए मैं आपकी सराहना करता हूं, ताकि हम इससे तुरंत निपट सकें। क्या आप कृपया मुझे अपना नाम, एसएसएन के अंतिम 4 अंक और क्रेडिट कार्ड नंबर बता सकते हैं?",3,2
6304,6304,0,0
04-03-2018,04-03-2018,0,0
I WANT TO CHANGE MY ADDRESS, मुझे अपना पता बदलना है,1,1
YES, हां,2,2
1223678512 is savings, 1223678512 बचत है,0,2
Could you please let me know the last 4 digits of SSN and the last 4 digits of credit card account number?, क्या आप कृपया मुझे एसएसएन के अंतिम 4 अंक और क्रेडिट कार्ड खाता संख्या के अंतिम 4 अंक बता सकते हैं?,3,0
Could you please help me with the amount you wish to transfer?, क्या आप कृपया उस राशि में मेरी मदद कर सकते हैं जिसे आप स्थानांतरित करना चाहते हैं?,3,0
"Hi Spencer, I have a problem. I can't seem to locate my card. It is possible I lost it or it was stolen"," हाय स्पेंसर, मुझे एक समस्या है। मुझे अपना कार्ड नहीं मिल रहा है। यह संभव है कि मैंने इसे खो दिया हो या चोरी हो गया हो",3,1
"i will be changing the address however, Before I look into your account, for security reasons, I’ll need to verify that you're the account holder. Could you please help me with your full name and the last four digits of your SSN?
","हालांकि, मैं पता बदल रहा हूँ, इससे पहले कि मैं आपके खाते की जाँच करूँ, सुरक्षा कारणों से, मुझे यह सत्यापित करना होगा कि आप खाता धारक हैं। क्या आप कृपया अपना पूरा नाम और अपने एसएसएन के अंतिम चार अंकों के साथ मेरी मदद कर सकते हैं?",3,0
yes I wants to check my account balance, हाँ मैं अपने खाते की शेष राशि की जाँच करना चाहता हूँ,2,0
Anything else I may help you out with?, कुछ और मैं आपकी मदद कर सकता हूं?,2,0
NO 95 RICH ROAD MEY CA - 85, नंबर 95 रिच रोड मे सीए - 85,1,0
Hello. How may I help you?, नमस्ते। क्या मेरे द्वारा आपकी कोई सहायता हो सकती है?,3,0
Perfect! Could you please help me out with your credit card number?, उत्तम! क्या आप कृपया अपने क्रेडिट कार्ड नंबर के साथ मेरी मदद कर सकते हैं?,3,2
Thank you for holding on. Your account ending with 6985 holds a balance of $500., रुके रहने के लिए धन्यवाद। 6985 से समाप्त होने वाले आपके खाते में 500 डॉलर की शेष राशि है।,3,0
Yes help me, हाँ मेरी मदद करो,2,0
Hello! how may i help you ?, नमस्ते! क्या मेरे द्वारा आपकी कोई सहायता हो सकती है ?,3,0
542 danial street east road al 8875, 542 डेनियल स्ट्रीट ईस्ट रोड अल 8875,0,0
NAME : ANU AND SSN NO : 9984, नाम: अनु और एसएसएन नंबर: 9984,1,0
HI, नमस्ते,2,0
Thank you for staying connected. The error is reported and the amount will be refunded in few hours., जुड़े रहने के लिए धन्यवाद। त्रुटि की सूचना दी जाती है और राशि कुछ घंटों में वापस कर दी जाएगी।,3,2
4.52537E+15,4.52537E+15,0,0
"Awesome, I've made the necessary changes for you."," बहुत बढ़िया, मैंने आपके लिए आवश्यक परिवर्तन कर दिए हैं।",3,0
8.76E+17,8.76E+17,0,0
please remove extra bill on my credit card, कृपया मेरे क्रेडिट कार्ड से अतिरिक्त बिल हटा दें,3,0
Always a pleasure assisting a valuable customer like you. Have a great day ahead. Looking forward to seeing you soon., आप जैसे मूल्यवान ग्राहक की सहायता करने में हमेशा खुशी होती है। आगे एक महान दिन हो। जल्द ही आपको देखने की इच्छा है।,3,2
"Oh..No! I'm so sorry to hear that, I'll surely help you out with this. May I know your first and last name please?"," धत्तेरे की! मुझे यह सुनकर बहुत अफ़सोस हुआ, मैं निश्चित रूप से इसमें आपकी मदद करूँगा। क्या मैं आपका पहला और अंतिम नाम जान सकता हूँ?",3,0
Always a  pleasure assisting a valuable customer like you. Have a great day ahead. Looking forward to seeing you soon., आप जैसे मूल्यवान ग्राहक की सहायता करने में हमेशा खुशी होती है। आगे एक महान दिन हो। जल्द ही आपको देखने की इच्छा है।,3,2
Could you please help me if the old credit card is stolen or expired?,क्या आप कृपया मेरी मदद कर सकते हैं यदि पुराना क्रेडिट कार्ड चोरी हो गया है या समाप्त हो गया है?,3,0
Hi, नमस्ते,2,0
"Thank you. Could you please provide me the date when card was last used.
", शुक्रिया। क्या आप कृपया मुझे वह तिथि प्रदान कर सकते हैं जब कार्ड का अंतिम बार उपयोग किया गया था।,3,0
"Thank you for your valuable information. As I've checked, I see that the account balance of the account ending with 5687 is $8000."," आपकी बहुमूल्य जानकारी के लिए धन्यवाद। जैसा कि मैंने जाँच की है, मैं देखता हूँ कि 5687 से समाप्त होने वाले खाते का खाता शेष $8000 है।",3,0
Gud evening sir, शुभ संध्या सर,2,0
"My pleasure. Anything else I may help you out with?
", मेरा सौभाग्य। कुछ और मैं आपकी मदद कर सकता हूं?,3,2
"Oh sorry, the first digit is a 4 not 3!"," ओह क्षमा करें, पहला अंक 4 नहीं 3 है!",2,0
"For sure, May I know your name please?"," निश्चित रूप से, क्या मैं आपका नाम जान सकता हूँ?",3,0
Clare Obrien, क्लेयर ओब्रियन,0,0
May I also know the last four digits of your SSN?, क्या मैं आपके SSN के अंतिम चार अंक भी जान सकता हूँ?,2,0
Great! Could you also please help me out with last 4 digits of your account number and SSN?, महान! क्या आप कृपया अपनी खाता संख्या और एसएसएन के अंतिम 4 अंकों के बारे में भी मेरी मदद कर सकते हैं?,3,2
I WANT TRANSFER MONEY TO OTHER ACCOUNT, मैं दूसरे खाते में पैसे ट्रांसफर करना चाहता हूं,1,1
hi alex how are you?, हाय एलेक्स आप कैसे हैं?,3,0
Thanks Ramu. Could you please help me with your last 4 digits of the account number to move from?, धन्यवाद रामू। क्या आप कृपया मुझे खाता संख्या के अपने अंतिम 4 अंक से स्थानांतरित करने में मदद कर सकते हैं?,3,0
"I apologize for the error caused. I would be glad to help you out in this regards. May I know your name please?
", हुई त्रुटि के लिए क्षमाप्रार्थी हूँ। मुझे इस संबंध में आपकी मदद करने में खुशी होगी। क्या मैं आपका नाम जान सकता हूँ?,3,0
yes nice, अच्छा है,2,2
"Reece Pierce
", रीस पियर्स,0,0
Perfect! May I know the new address as well?, उत्तम! क्या मैं नया पता भी जान सकता हूँ?,2,2
1800,1800,0,0
Thank you Lindsay!, धन्यवाद लिंडसे!,3,2
Hope amount has been transfered', आशा राशि हस्तांतरित कर दी गई है',1,0
3240,3240,0,0
thank you!, धन्यवाद!,3,2
I WANT TO CHECK BALANCE, मुझे बैलेंस चेक करना है,1,0
"Hello, how may I help you today?"," हैलो, मैं आज आपकी कैसे मदद कर सकता हूं?",3,0
"Sure, I'll be happy to do that for you. May I know your name please?"," ज़रूर, मुझे आपके लिए ऐसा करने में खुशी होगी। क्या मैं आपका नाम जान सकता हूँ?",3,0
Amazing! Could you also please help me out with your new address?,अद्भुत! क्या आप कृपया अपने नए पते के बारे में भी मेरी मदद कर सकते हैं?,3,2
Thanks, धन्यवाद,3,2
Could you please help me out with your full name?, क्या आप कृपया अपने पूरे नाम के साथ मेरी मदद कर सकते हैं?,3,0
2265,2265,0,0
hi, नमस्ते,2,0
Great! Could you also please help me out with the last 4 digits of your account number and SSN?, महान! क्या आप कृपया अपनी खाता संख्या और एसएसएन के अंतिम 4 अंकों के बारे में भी मेरी मदद कर सकते हैं?,3,2
Sure. I've gone ahead and closed the account for you., ज़रूर। मैंने आगे बढ़कर आपके लिए खाता बंद कर दिया है।,2,0
Perfect! Is there anything I could assist you with?, उत्तम! क्या कोई ऐसी चीज है जिसमें मैं आपकी सहायता कर सकता हूं?,3,2
i need change address, मुझे पता बदलने की जरूरत है,1,1
OK, ठीक है,2,0
Sure. I'll help you with that. Could you please help me with your name and the four digits of SSN?, ज़रूर। मैं इसमें आपकी मदद करूंगा। क्या आप कृपया मुझे अपने नाम और एसएसएन के चार अंकों के साथ मदद कर सकते हैं?,3,0
bye, अलविदा,2,0
Thank you for the information. I see that you have $5000 in your account. Let me know if you have any other queries.,जानकारी के लिए धन्यवाद। मैं देख रहा हूँ कि आपके खाते में $5000 हैं। यदि आपके कोई अन्य प्रश्न हैं तो मुझे बताएं।,3,0
6320,6320,0,0
Lindsay???, लिंडसे???,0,0
please help me error occur in my credit card bill, कृपया मेरे क्रेडिट कार्ड बिल में त्रुटि होने में मेरी सहायता करें,3,1
HAI, हाई,2,0
Hi Riley!, हाय रिले!,3,0
Okay! Could you also please tell me whether there was any police report filed?, ठीक! क्या आप कृपया मुझे यह भी बता सकते हैं कि क्या कोई पुलिस रिपोर्ट दर्ज की गई थी?,3,0
Sure!, ज़रूर!,2,0
May I know your name please?, क्या मैं आपका नाम जान सकता हूँ?,3,0
Sure. I'll update the changes and proceed., ज़रूर। मैं परिवर्तनों को अपडेट करूंगा और आगे बढ़ूंगा।,2,0
Sure. I'll help you with that. Could you please help me with your name and the four digits of SSN?, ज़रूर। मैं इसमें आपकी मदद करूंगा। क्या आप कृपया मुझे अपने नाम और एसएसएन के चार अंकों के साथ मदद कर सकते हैं?,3,0
"Awesome. I have done the needful. The amount has been successfully transferred.
", बहुत बढ़िया। मैंने जरूरी काम किया है। राशि सफलतापूर्वक स्थानांतरित कर दी गई है।,3,2
8.55E+18,8.55E+18,0,0
SORRY SSN - 5236, सॉरी एसएसएन - 5236,2,1
Could you please let me know the last 4 digits of SSN and the last 4 digits of credit card account number?, क्या आप कृपया मुझे एसएसएन के अंतिम 4 अंक और क्रेडिट कार्ड खाता संख्या के अंतिम 4 अंक बता सकते हैं?,3,0
"Perfect! would you please share the last four digits of your SSN?
", उत्तम! क्या आप कृपया अपने SSN के अंतिम चार अंक साझा करेंगे?,3,0
Ram, टक्कर मारना,0,0
May I have the last 4 digits of the SSN please?, क्या मुझे SSN के अंतिम 4 अंक मिल सकते हैं?,2,0
hey! I'm available here!, अरे! मैं यहाँ उपलब्ध हूँ!,3,0
hi, नमस्ते,2,0
ok sir, ओके जी,2,0
No .. Thanks for your support, नहीं .. आपके समर्थन के लिए धन्यवाद,3,2
"Hello. How may I help you today?
", नमस्ते। आज मैं आपकी कैसे मदद कर सकता हूँ?,3,0
Cool! May I also know the last four digits of your SSN?, ठंडा! क्या मैं आपके SSN के अंतिम चार अंक भी जान सकता हूँ?,3,0
Could you also please help me out with the last 4 digits of your SSN?, क्या आप कृपया अपने एसएसएन के अंतिम 4 अंकों के बारे में भी मेरी मदद कर सकते हैं?,3,0
Okay please go ahead, ठीक है कृपया आगे बढ़ें,2,0
Awesome! Kindly give me a minute., बहुत बढ़िया! कृपया मुझे एक मिनट दें।,3,2
20-06-18 and $25, 20-06-18 और $25,0,0
2500$, 2500$,0,0
"Yosef Flynn
", योसेफ फ्लिन,0,0
NO THANK BYEE, नो थैंक्स बाय,3,1
None, कोई भी नहीं,1,0
"Hello there, how may I help you today?"," नमस्ते, मैं आज आपकी कैसे मदद कर सकता हूं?",3,0
20-06-2025 14:00,20-06-2025 14:00,0,0
sambath kumar, संबथ कुमारी,0,0
"Hello, how may I help you today?"," हैलो, मैं आज आपकी कैसे मदद कर सकता हूं?",3,0
hi, नमस्ते,2,0
Okay great! Please allow me a moment while I check with the account.," ठीक है बढ़िया! जब तक मैं खाते से जांच करता हूं, कृपया मुझे कुछ समय दें।",2,0
A/C -9654, ए / सी -9654,0,0
BYE, अलविदा,2,0
"May I know the new address , so that I can update the same for you."," क्या मुझे नया पता पता है, ताकि मैं आपके लिए इसे अपडेट कर सकूं।",2,0
3.05E+19,3.05E+19,0,0
"Sure! I'd be glad to assist you on this. Could you please let me know the name, last 4 digits of SSN and credit card number?","ज़रूर! मुझे इसमें आपकी सहायता करने में खुशी होगी। क्या आप कृपया मुझे नाम, एसएसएन के अंतिम 4 अंक और क्रेडिट कार्ड नंबर बता सकते हैं?",3,0
"Just to confirm, your full name is Mukesh kanan, correct?"," सिर्फ पुष्टि करने के लिए, आपका पूरा नाम मुकेश कानन है, है ना?",2,0
"Perfect. I will now go ahead and cancel your old card which was lost and issue a new one for you which will be sent to your address soon.
", उत्तम। अब मैं आगे बढ़ूंगा और आपका पुराना कार्ड रद्द कर दूंगा जो खो गया था और आपके लिए एक नया कार्ड जारी करूंगा जो जल्द ही आपके पते पर भेज दिया जाएगा।,2,2
Thank you for your time and patience. We are glad to be able to assist you. You have a great day., आपके समय और धैर्य के लिए आपका धन्यवाद। हमें आपकी सहायता करने में सक्षम होने में प्रसन्नता हो रही है। आपका दिन बहुत बढ़िया हो।,3,2
Are we still connected?, हम अभी भी जुड़े हैं?,1,0
You're most welcome. Would there be anything else I may help you with?,आपका स्वागत है। क्या कुछ और होगा जिसमें मैं आपकी मदद कर सकूं?,3,2
No thank you, नहीं धन्यवाद,3,1
"Thank you,sir! I'll do my best to resolve the error. Please could you help me with your card number and also your SSN?", धन्यवाद महोदय! मैं त्रुटि को दूर करने की पूरी कोशिश करूंगा। कृपया क्या आप मुझे अपने कार्ड नंबर और अपने एसएसएन के साथ मदद कर सकते हैं?,3,1
"Awesome. I have done the needful. The amount has been successfully transferred.
", बहुत बढ़िया। मैंने जरूरी काम किया है। राशि सफलतापूर्वक स्थानांतरित कर दी गई है।,3,2
Perfect! would you please share the last four digits of your SSN?, उत्तम! क्या आप कृपया अपने SSN के अंतिम चार अंक साझा करेंगे?,3,0
ok, ठीक है,2,0
Hello!, नमस्ते!,3,0
Could you help me with the date when the card was last used?, क्या आप उस तारीख के बारे में मेरी मदद कर सकते हैं जब कार्ड का अंतिम बार उपयोग किया गया था?,3,0
no, नहीं,1,1
nothing else., और कुछ नहीं।,2,0
You’re welcome. I had a great time assisting you. Please do feel free to reach out to us for further queries. Have a good day. Bye now., आपका स्वागत है। मुझे आपकी सहायता करने में बहुत अच्छा लगा। कृपया आगे के प्रश्नों के लिए हमसे बेझिझक संपर्क करें। आपका दिन शुभ हो। अलविदा।,3,2
Please help me with the last four digits of the account number you would like the amount to be transferred to.,कृपया उस खाता संख्या के अंतिम चार अंकों के बारे में मेरी सहायता करें जिसमें आप राशि हस्तांतरित करना चाहते हैं।,3,0
"Hello there, How may I help you today?
"," नमस्ते, मैं आज आपकी कैसे मदद कर सकता हूँ?",3,0
You're most welcome! Thank you for reaching out to us. Good day!, आपका स्वागत है! हमसे संपर्क की पहल के लिए आपका धन्यवाद। अच्छा दिन!,3,2
"Okay, I apologize that this happened due to some technical glitch, I've requested for a refund of $65, and also raised a complaint about this so that you don't face this error again, Would there be anything else I may help you with? "," ठीक है, मैं क्षमा चाहता हूं कि यह किसी तकनीकी गड़बड़ी के कारण हुआ, मैंने $65 की वापसी का अनुरोध किया है, और इसके बारे में एक शिकायत भी की है ताकि आपको फिर से इस त्रुटि का सामना न करना पड़े, क्या कुछ और होगा जो मैं आपकी मदद कर सकता हूं साथ?",3,1
hi, नमस्ते,2,0
"Perfect! would you please share the last four digits of your SSN?
", उत्तम! क्या आप कृपया अपने SSN के अंतिम चार अंक साझा करेंगे?,3,0
"The account has been closed. Would there be anything else I may help you with?
", खाता बंद कर दिया गया है। क्या कुछ और होगा जिसमें मैं आपकी मदद कर सकूं?,2,0
Thank you. To get your bank details I would need your last 4 digits of SSN., शुक्रिया। आपका बैंक विवरण प्राप्त करने के लिए मुझे आपके एसएसएन के अंतिम 4 अंकों की आवश्यकता होगी।,3,0
I am not the right person to discuss that. Please visit our bank or the website. Bye now.,मैं इस पर चर्चा करने के लिए सही व्यक्ति नहीं हूं। कृपया हमारे बैंक या वेबसाइट पर जाएँ। अलविदा।,2,1
Noted and thank you very much for your effort, नोट किया गया और आपके प्रयास के लिए बहुत-बहुत धन्यवाद,3,2
Perfect! would you please share the last four digits of your SSN?, उत्तम! क्या आप कृपया अपने SSN के अंतिम चार अंक साझा करेंगे?,3,0
"Damaris Carr
", दमारिस कैर्री,0,0
Nothing else, और कुछ नहीं,2,0
2.05E+21,2.05E+21,0,0
okay thanks rory, ठीक है धन्यवाद रोरी,3,2
"SSN: 4308 , A/C : 4528358795264500"," एसएसएन: 4308, ए/सी: 4528358795264500",0,0
Thanks for your help..Have a great day!, आपकी मदद के लिए धन्यवाद..आपका दिन शुभ हो!,3,2
THANK YOU, धन्यवाद,3,2
7.31569E+15,7.31569E+15,0,0
Thank you. Could you help me with the date when the card was last used?, शुक्रिया। क्या आप उस तारीख के बारे में मेरी मदद कर सकते हैं जब कार्ड का अंतिम बार उपयोग किया गया था?,3,0
no bye, अलविदा नहीं,2,0
Thank you so much for your patience. I see you have been charged a fee wrongly. I'll ensure that I'll raise a request to delete the charge and kindly give us 24-48 hours to get this resolved. You will also be receiving a confirmation e-mail once this is resolved. Is there anything else I might help you with today?, आपके धैर्य के लिए आपका बहुत - बहुत धन्यवाद। मैं देख रहा हूं कि आपसे गलत तरीके से शुल्क लिया गया है। मैं यह सुनिश्चित करूंगा कि मैं शुल्क हटाने का अनुरोध करूंगा और कृपया इसे हल करने के लिए हमें 24-48 घंटे का समय दें। इसका समाधान हो जाने पर आपको एक पुष्टिकरण ई-मेल भी प्राप्त होगा। क्या आज मैं आपकी कुछ और मदद कर सकता हूँ?,3,1
no, नहीं,1,1
Thank you for the information. Please visit our website abcbank.com. It will direct you to the right page., जानकारी के लिए धन्यवाद। कृपया हमारी वेबसाइट abcbank.com पर जाएं। यह आपको सही पेज पर ले जाएगा।,3,0
Perfect! May I know your new address as well?, उत्तम! क्या मैं आपका नया पता भी जान सकता हूँ?,3,2
thank you, धन्यवाद,2,2
"Okay! so, did you file a police report about the lost credit card?
"," ठीक! तो, क्या आपने खोए हुए क्रेडिट कार्ड के बारे में पुलिस रिपोर्ट दर्ज की?",2,1
Good, अच्छा,3,2
Thank you very much and right now no quires, बहुत-बहुत धन्यवाद और अभी कोई प्रश्न नहीं है,3,2
Always a  pleasure assisting a valuable customer like you. Have a great day ahead. Looking forward to seeing you soon., आप जैसे मूल्यवान ग्राहक की सहायता करने में हमेशा खुशी होती है। आगे एक महान दिन हो। जल्द ही आपको देखने की इच्छा है।,3,2
"Hey there, how may I help you today?"," अरे वहाँ, मैं आज आपकी कैसे मदद कर सकता हूँ?",3,0
4321,4321,0,0
I want to check my account balance, मैं अपने खाते की शेष राशि की जांच करना चाहता हूं,2,0
hari karan, हरि करना,0,0
PREFECT, प्रीफेक्ट,2,0
You’re most welcome. Is there anything else I could help you with?, आपका स्वागत है। क्या कुछ और है जिसमें मैं आपकी मदद कर सकता हूं?,3,2
Hey! How may I help you today?, अरे! आज मैं आपकी कैसे मदद कर सकता हूँ?,3,0
No, नहीं,1,0
Hi, नमस्ते,2,0
No, नहीं,1,0
i have credit card charge removed,मेरे पास क्रेडिट कार्ड शुल्क हटा दिया गया है,1,0
"Hello there, How may I help you today?
"," नमस्ते, मैं आज आपकी कैसे मदद कर सकता हूँ?",3,0
my name is reyan, मेरा नाम रेयान है,2,0
"Hello there, how may I help you today?"," नमस्ते, मैं आज आपकी कैसे मदद कर सकता हूं?",3,0
"Anu, is there anything else I could help you with?
"," अनु, क्या कोई और चीज है जिसमें मैं आपकी मदद कर सकती हूं?",2,0
New address:Mandela stadium near church.IN, नया पता: चर्च के पास मंडेला स्टेडियम.IN,1,0
"You're most welcome, I'm glad that I could resolve this for you. It was really my pleasure assisting you. Have an amazing day ahead!"," आपका बहुत-बहुत स्वागत है, मुझे खुशी है कि मैं इसे आपके लिए हल कर सका। आपकी सहायता करना वास्तव में मेरी खुशी थी। आगे एक अद्भुत दिन हो!",3,2
hi, नमस्ते,2,0
Could you also please help me out with your credit card number?, क्या आप कृपया अपने क्रेडिट कार्ड नंबर के बारे में भी मेरी मदद कर सकते हैं?,3,0
"It was really nice talking to you and a pleasure assisting you. I'm glad that I could resolve this for you. Hope to see you again. Have a great day ahead!
", आपसे बात करके बहुत अच्छा लगा और आपकी सहायता करने में खुशी हुई। मुझे खुशी है कि मैं इसे आपके लिए हल कर सका। फिर से देखने की उम्मीद। आगे एक महान दिन हो!,3,2
Thanks for staying connected. Upon your request I've blocked the card. You'll be receiving a confirmation e-mail shortly. Is there anything I could help you with today?, जुड़े रहने के लिए धन्यवाद। आपके अनुरोध पर मैंने कार्ड को ब्लॉक कर दिया है। आपको शीघ्र ही एक पुष्टिकरण ई-मेल प्राप्त होगा। क्या आज मैं आपकी कुछ मदद कर सकता हूँ?,3,0
"since there is no response from your end, unfortunately I'll have to end this conversation. "," चूँकि आपकी ओर से कोई प्रतिक्रिया नहीं आई है, दुर्भाग्य से मुझे यह वार्तालाप समाप्त करना होगा।",2,1
Thank you for providing the details. Could you provide the last 4 digits of the account number?, विवरण प्रदान करने के लिए धन्यवाद। क्या आप खाता संख्या के अंतिम 4 अंक प्रदान कर सकते हैं?,3,0
23-06-2018,23-06-2018,0,0
"Kyle Petty
", काइल पेटी,0,0
bye, अलविदा,2,0
Thank you for your help Rory, आपकी मदद के लिए धन्यवाद रोरी,3,2
HI, नमस्ते,2,0
Sure. I'll help you with that. Could you please help me with your name and the last four digits of SSN?, ज़रूर। मैं इसमें आपकी मदद करूंगा। क्या आप कृपया मुझे अपने नाम और एसएसएन के अंतिम चार अंकों के साथ मदद कर सकते हैं?,3,0
Could you please help me with the account you would like to tranfer from?,क्या आप कृपया उस खाते में मेरी सहायता कर सकते हैं जिससे आप हस्तांतरण करना चाहते हैं?,3,0
John Roberts, जॉन रॉबर्ट्स,0,0
I need to transfer $150, मुझे $150 . स्थानांतरित करने की आवश्यकता है,1,0
THANKS AGAIN, एक बार फिर धन्यवाद,3,2
Raelynn Novak, रेलिन नोवाकी,1,0
Thank you. Bear with me for a moment while our system finishes processing your information., शुक्रिया। एक पल के लिए मेरे साथ रहें जब तक हमारा सिस्टम आपकी जानकारी को संसाधित करना समाप्त कर दे।,3,0
I am doing great. Thank you for asking. How may I help you today?, मैं अच्छा हूँ। पूछने के लिए धन्यवाद। आज मैं आपकी कैसे मदद कर सकता हूँ?,3,2
"Awesome. I have done the needful. The amount has been successfully transferred.
", बहुत बढ़िया। मैंने जरूरी काम किया है। राशि सफलतापूर्वक स्थानांतरित कर दी गई है।,3,2
Hi Charlie I'd like to check the account balance of my savings account the number to that account is 7823 my SSN is 0003, हाय चार्ली मैं अपने बचत खाते की शेष राशि की जांच करना चाहता हूं उस खाते की संख्या 7823 है मेरा एसएसएन 0003 है,3,0
Thanks. To get your bank details I would need your last 4 digits of SSN., धन्यवाद। आपका बैंक विवरण प्राप्त करने के लिए मुझे आपके एसएसएन के अंतिम 4 अंकों की आवश्यकता होगी।,3,0
Good news Nandhini! I've updated your address to  NO 25 GATEWAY ROAD BRIDGE TOWN AL 25645. Is there anything I could assist you with?, अच्छी खबर नंदिनी! मैंने आपका पता NO 25 GATEWAY ROAD BRIDGE TOWN AL 25645 पर अपडेट कर दिया है। क्या मैं आपकी कुछ सहायता कर सकता हूँ?,3,2
"Hello, How may I help you?"," हेल्लो, मैं आपकी कैसे मदद करूं?",3,0
4028,4028,0,0
"Sure, please allow me a minute to update your address."," ज़रूर, कृपया मुझे अपना पता अपडेट करने के लिए एक मिनट का समय दें।",2,0
"Thank you. Could you please let me know the date of charge,time of charge and amount of the charge?"," शुक्रिया। क्या आप कृपया मुझे प्रभार की तिथि, प्रभार का समय और प्रभार की राशि के बारे में बता सकते हैं?",3,0
oh well...thanks, ओह ठीक है...धन्यवाद,3,2
"Awesome. May I know the new address , so that I can update the same for you.
"," बहुत बढ़िया। क्या मुझे नया पता पता है, ताकि मैं आपके लिए इसे अपडेट कर सकूं।",3,2
How may i help you today?, आज मैं आपकी कैसे मदद कर सकता हूँ?,0,0
Can you please tell me the last four digits of your SSN?, क्या आप कृपया मुझे अपने SSN के अंतिम चार अंक बता सकते हैं?,3,0
ezhil, एजहिल,2,0
Hey! A very good morning to you. How may I help you today?, अरे! आपके लिए एक बहुत ही शुभ प्रभात। आज मैं आपकी कैसे मदद कर सकता हूँ?,3,2
4593,4593,0,0
It was wonderful talking to you. Have a great day,आपसे बात करके बहुत अच्छा लगा। आपका दिन अच्छा रहे,3,2
yes, हां,2,0
"It's totally fine if you don't have the date, as there's no misuse of the card."," यदि आपके पास तारीख नहीं है तो यह पूरी तरह से ठीक है, क्योंकि कार्ड का कोई दुरुपयोग नहीं है।",1,0
"I would be glad to help you out in this regards. May I know your name please?
", मुझे इस संबंध में आपकी मदद करने में खुशी होगी। क्या मैं आपका नाम जान सकता हूँ?,3,0
RAM KUMAR, राम कुमारी,0,0
I wants to change my address in my account, मैं अपने खाते में अपना पता बदलना चाहता हूं,2,0
"Sure. Could you please help me with your full name, the last four digits of your SSN and your credit card number?","ज़रूर। क्या आप कृपया अपना पूरा नाम, अपने एसएसएन के अंतिम चार अंक और अपने क्रेडिट कार्ड नंबर के साथ मेरी मदद कर सकते हैं?",3,0
You're welcome! Is there anything else I may assist you with?, आपका स्वागत है! क्या कुछ और है जिसमें मैं आपकी सहायता कर सकता हूं?,2,2
May I know your new address as well?, क्या मैं आपका नया पता भी जान सकता हूँ?,3,0
I WANT CHECK MY A/C BALANCE, मैं अपना खाता शेष देखना चाहता/चाहती हूं,2,0
Thank you very much, आपका बहुत बहुत धन्यवाद,3,2
"For sure, please give me a minute to proceed further."," निश्चित रूप से, कृपया मुझे आगे बढ़ने के लिए एक मिनट दें।",2,0
Sure! I'll help you out with that! Could you please help me out with your full name?, ज़रूर! मैं इसमें आपकी मदद करूंगा! क्या आप कृपया अपने पूरे नाम के साथ मेरी मदद कर सकते हैं?,3,0
The bank's routing number is 987564321., बैंक का रूटिंग नंबर 987564321 है।,2,0
Thanks for connecting with us. Always a pleasure to assist customers like you. Good day!, हमसे जुड़ने के लिए धन्यवाद। आप जैसे ग्राहकों की सहायता करने में हमेशा खुशी होती है। अच्छा दिन!,3,2
Thank you. Could you please let me know the date of the charge and amount of the charge?, शुक्रिया। क्या आप कृपया मुझे शुल्क की तिथि और शुल्क की राशि के बारे में बता सकते हैं?,3,0
Hi, नमस्ते,2,0
5599,5599,0,0
"My name is Jessica Brown, and the last 4 # of my SSN are 2659."," मेरा नाम जेसिका ब्राउन है, और मेरे एसएसएन के अंतिम 4 # 2659 हैं।",2,0
You're welcome. May I confirm if all your questions have been answered for today?, आपका स्वागत है। क्या मैं पुष्टि कर सकता हूँ कि क्या आज के लिए आपके सभी प्रश्नों का उत्तर दे दिया गया है?,3,2
"Thank you, sir! Please could you also help me with the account number to which you want to transfer?", धन्यवाद महोदय! कृपया क्या आप मुझे उस खाता संख्या में भी मदद कर सकते हैं जिसमें आप स्थानांतरित करना चाहते हैं?,3,0
$3000 need to tranfer to another a/c, $3000 को दूसरे खाते में स्थानांतरित करने की आवश्यकता है,1,1
Hello Alex. Good Morning, हैलो एलेक्स। शुभ प्रभात,3,0
CHECK MY BALANCE, मेरा बैलेंस चेक करें,0,0
Perfect! Is there anything I could assist you with?, उत्तम! क्या कोई ऐसी चीज है जिसमें मैं आपकी सहायता कर सकता हूं?,3,2
I need a help from you?, मुझे आपकी मदद चाहिए?,1,0
"I would love to help you with that. However, for more insight into the lower rates, one of our members from the specialty team will get in touch with you to let you know more about the details. ","मुझे इसमें आपकी मदद करना अच्छा लगेगा। हालांकि, कम दरों के बारे में अधिक जानकारी के लिए, विशेष टीम के हमारे सदस्यों में से एक आपसे संपर्क करेगा और आपको विवरण के बारे में अधिक जानकारी देगा।",3,0
Hey! How may I help you today?, अरे! आज मैं आपकी कैसे मदद कर सकता हूँ?,3,0
Could you please share your new address?, क्या आप कृपया अपना नया पता साझा कर सकते हैं?,3,0
"Hello, how may I help you with today?"," हैलो, मैं आज आपकी कैसे मदद कर सकता हूं?",3,0
2035785935168524 & $122, 2035785935168524 और $122,0,0
Thank you., शुक्रिया।,3,2
no thanks for your help, आपकी मदद के लिए नहीं धन्यवाद,3,1
"I’m sorry about it.  I'll help you with that. Could you please help me with your name and the last four digits of SSN?

", मुझे इसका खेद है। मैं इसमें आपकी मदद करूंगा। क्या आप कृपया मुझे अपने नाम और एसएसएन के अंतिम चार अंकों के साथ मदद कर सकते हैं?,3,1
OK, ठीक है,2,0
You're welcome Gerald. Is there anything else I could help you with?, आपका स्वागत है गेराल्ड। क्या कुछ और है जिसमें मैं आपकी मदद कर सकता हूं?,2,2
8.43E+17,8.43E+17,0,0
Thank you for the information. I see that you have $5000 in your account. Let me know if you have any other queries.,जानकारी के लिए धन्यवाद। मैं देख रहा हूँ कि आपके खाते में $5000 हैं। यदि आपके कोई अन्य प्रश्न हैं तो मुझे बताएं।,3,0
Thank you very much, आपका बहुत बहुत धन्यवाद,3,2
As I've already updated the address now I'm afraid I won't be able to do it again.," जैसा कि मैंने पहले ही पता अपडेट कर दिया है, मुझे डर है कि मैं इसे फिर से नहीं कर पाऊंगा।",1,0
3.48E+20,3.48E+20,0,0
"Credit card number is 7315689986798334
", क्रेडिट कार्ड नंबर 7315689986798334,1,0
I WANT TO CHECK MY ACCOUNT, मैं अपना खाता जांचना चाहता/चाहती हूं,2,1
ok, ठीक है,2,0
Are we still connected?, हम अभी भी जुड़े हैं?,1,0
Sure. I will help you with that. Could you please help me with your name and the four digits of SSN?, ज़रूर। मैं इसमें आपकी मदद करूंगा। क्या आप कृपया मुझे अपने नाम और एसएसएन के चार अंकों के साथ मदद कर सकते हैं?,3,0
deva and 9554, देव और 9554,0,0
i, मैं,1,0
thanks, धन्यवाद,2,2
Thank you. Could you help me with the date and amount of the charge?,शुक्रिया। क्या आप शुल्क की तारीख और राशि के बारे में मेरी मदद कर सकते हैं?,3,0
ok thank you so much, ठीक है आपका बहुत धन्यवाद,3,2
ok..need to close this a/c and amounts are transferred to another a/c, ठीक है..इस खाते को बंद करने की आवश्यकता है और राशि दूसरे खाते में स्थानांतरित कर दी जाती है,2,0
NO THANK YOU FOR YOUR HELP, नहीं आपकी मदद के लिए धन्यवाद,3,1
no bye, अलविदा नहीं,2,0
"Remainder- dear customer, we are able to see that you're having multiple chats at the same time, please don't share the same information with all the associates and kindly, have a natural conversation and please be conversational as much a possible. 
","शेष- प्रिय ग्राहक, हम देख सकते हैं कि आप एक ही समय में कई चैट कर रहे हैं, कृपया सभी सहयोगियों के साथ समान जानकारी साझा न करें और कृपया, स्वाभाविक बातचीत करें और कृपया यथासंभव बातचीत करें।",3,1
"You're most welcome, sir! Have a great day!"," आपका बहुत-बहुत स्वागत है, सर! आपका दिन अच्छा रहे!",3,2
Perfect! would you please share the last four digits of your SSN?, उत्तम! क्या आप कृपया अपने SSN के अंतिम चार अंक साझा करेंगे?,3,0
The last four on that one is 7003, उस पर अंतिम चार 7003 . है,0,0
260$, 260$,0,0
"I highly appreciate your patience, I'd like to inform you that I've successfully updated your address to 12 main street, ronkonkoma, Ny 11779."," मैं आपके धैर्य की बहुत सराहना करता हूं, मैं आपको सूचित करना चाहता हूं कि मैंने आपके पते को 12 मुख्य सड़क, रोनकोंकोमा, एनवाई 11779 में सफलतापूर्वक अपडेट कर दिया है।",3,2
14:00,14:00,0,0
My card missed so please close, मेरा कार्ड छूट गया तो कृपया बंद करें,2,0
What is the bank routing number?, बैंक रूटिंग नंबर क्या है?,0,0
May I know your name please?, क्या मैं आपका नाम जान सकता हूँ?,3,0
12-05-2018,12-05-2018,0,0
Could you also please help me out with the last 4 digits of your SSN?, क्या आप कृपया अपने एसएसएन के अंतिम 4 अंकों के बारे में भी मेरी मदद कर सकते हैं?,3,0
"Absolutely, you did right thing reaching out to us. As blocking the card is the best way possible to prevent misuse. I appreciate your effort to find time to reach us out. However, if the card is missing for a long time, it is advisable to file a report. I'll be blocking the card now, if you find the card you can reach out to us to unblock it."," बिल्कुल, आपने हमसे संपर्क करने के लिए सही काम किया। कार्ड को ब्लॉक करना दुरुपयोग को रोकने का सबसे अच्छा तरीका है। हम तक पहुँचने के लिए समय निकालने के आपके प्रयास की मैं सराहना करता हूँ। हालांकि, अगर कार्ड लंबे समय से गायब है, तो रिपोर्ट दर्ज करने की सलाह दी जाती है। मैं अब कार्ड को ब्लॉक कर दूंगा, अगर आपको कार्ड मिल जाता है तो आप इसे अनब्लॉक करने के लिए हमसे संपर्क कर सकते हैं।",3,0
Great! Always a pleasure assisting a valuable customer like you. Have a great day ahead.,महान! आप जैसे मूल्यवान ग्राहक की सहायता करने में हमेशा खुशी होती है। आगे एक महान दिन हो।,3,2
You're most welcome. We are obliged to serve customers like you. Would there be anything else I may help you with?, आपका स्वागत है। हम आप जैसे ग्राहकों की सेवा करने के लिए बाध्य हैं। क्या कुछ और होगा जिसमें मैं आपकी मदद कर सकूं?,3,0
Yes sure my old card is i think expired.," हाँ, निश्चित रूप से मेरा पुराना कार्ड है जो मुझे लगता है कि समाप्त हो गया है।",2,1
"Hello, how may I help you today?"," हैलो, मैं आज आपकी कैसे मदद कर सकता हूं?",3,0
THANK YOU SO MUCH, आपका बहुत-बहुत धन्यवाद,3,2
Hello, नमस्ते,2,0
Thank you very much, आपका बहुत बहुत धन्यवाद,3,2
May I confirm if all your questions have been answered for today?, क्या मैं पुष्टि कर सकता हूँ कि क्या आज के लिए आपके सभी प्रश्नों का उत्तर दे दिया गया है?,2,0
Thank you for sharing the information. I've processed the request for the change of address. You'll shortly receive a confirmation E-mail., जानकारी साझा करने के लिए धन्यवाद। मैंने पते में परिवर्तन के अनुरोध को संसाधित कर लिया है। आपको शीघ्र ही एक पुष्टिकरण ई-मेल प्राप्त होगा।,3,2
All right. I would request you to visit our official website www.abc.com and navigate to forget password option., ठीक है। मैं आपसे हमारी आधिकारिक वेबसाइट www.abc.com पर जाने और पासवर्ड भूलने के विकल्प पर नेविगेट करने का अनुरोध करूंगा।,3,0
Always a pleasure. Have a great day., हमेशा एक खुशी की बात है। आपका दिन अच्छा रहे।,3,2
Last month on 5/15/18, पिछले महीने 5/15/18 . को,0,0
could you please share the last four digit of the account number to which you would like to transfer the money?, क्या आप कृपया उस खाता संख्या के अंतिम चार अंक साझा कर सकते हैं जिसमें आप धन हस्तांतरित करना चाहते हैं?,3,0
okey, शाबाशी,2,0
Cool! May I also know the last four digits of your SSN?, ठंडा! क्या मैं आपके SSN के अंतिम चार अंक भी जान सकता हूँ?,3,0
late, स्वर्गीय,0,0
THANK YOU SO MUCH ALEX, बहुत बहुत धन्यवाद एलेक्स,3,2
Thank you, आपको धन्यवाद,2,2
Perfect! May I also know the last four digits of your SSN?, उत्तम! क्या मैं आपके SSN के अंतिम चार अंक भी जान सकता हूँ?,3,0
NO, ना,1,1
It was wonderful talking to you. Have a great day,आपसे बात करके बहुत अच्छा लगा। आपका दिन अच्छा रहे,3,2
May I confirm the account 7498 for closing the account?, क्या मैं खाता बंद करने के लिए खाता 7498 की पुष्टि कर सकता हूं?,2,0
"Awesome! Thank you for reaching out to us, please feel free to reach out for further concerns."," बहुत बढ़िया! हमसे संपर्क करने के लिए धन्यवाद, कृपया आगे की चिंताओं के लिए बेझिझक संपर्क करें।",3,2
Thank you very much, आपका बहुत बहुत धन्यवाद,3,2
NO- 20 BEN ROAD GEN CH- 600018, नंबर- 20 बेन रोड जनरल सीएच- 600018,1,0
"Hey, Andrew! Please could you share with me the account number and also your SSN number?"," अरे, एंड्रयू! क्या आप मेरे साथ खाता संख्या और अपना एसएसएन नंबर साझा कर सकते हैं?",3,0
Hey there! How may I help you?, सुनो! क्या मेरे द्वारा आपकी कोई सहायता हो सकती है?,3,0
Alright. I had a great time assisting you. Please do feel free to reach out to us for further queries. Have a good day. Bye now., ठीक है। मुझे आपकी सहायता करने में बहुत अच्छा लगा। कृपया आगे के प्रश्नों के लिए हमसे बेझिझक संपर्क करें। आपका दिन शुभ हो। अलविदा।,3,2
"Thank you, the account balance is $5."," धन्यवाद, खाते की शेष राशि $5 है।",3,0
"Perfect. Could you please provide me your complete credit card number.
", उत्तम। क्या आप कृपया मुझे अपना पूरा क्रेडिट कार्ड नंबर प्रदान कर सकते हैं।,3,2
$65, $65,0,0
"Hello, how may I help you with today?"," हैलो, मैं आज आपकी कैसे मदद कर सकता हूं?",3,0
Thank you. Could you please help me with your name?, शुक्रिया। क्या आप कृपया अपने नाम के साथ मेरी मदद कर सकते हैं?,3,0
No proble. I will go ahead and again update that for you.,कोई समस्याएं नहीं। मैं आगे बढ़ूंगा और फिर से आपके लिए इसे अपडेट करूंगा।,2,0
OK, ठीक है,2,0
hi, नमस्ते,2,0
May I also know the last four digits of your SSN?, क्या मैं आपके SSN के अंतिम चार अंक भी जान सकता हूँ?,2,0
My credit card bill shows an error, मेरा क्रेडिट कार्ड बिल एक त्रुटि दिखाता है,2,1
Hi, नमस्ते,2,0
Thank you very much, आपका बहुत बहुत धन्यवाद,3,2
"Hello, how may I help you?"," हेल्लो, मैं आपकी कैसे मदद करूं?",3,0
yes, हां,2,0
Thank you very much, आपका बहुत बहुत धन्यवाद,3,2
You're most welcome. Always a pleasure to assist you. Good day!, आपका स्वागत है। आपकी सहायता करने में हमेशा खुशी होती है। अच्छा दिन!,3,2
i need check my balance, मुझे अपना बैलेंस चेक करना है,2,0
I NEED CHECK MY A/CBALANCE, मुझे अपना खाता शेष चेक करने की आवश्यकता है,2,0
I wanted to report a lost credit card, मैं एक खोए हुए क्रेडिट कार्ड की रिपोर्ट करना चाहता था,1,0
hi, नमस्ते,2,0
SSN no 7654, एसएसएन नंबर 7654,1,0
is the new address, नया पता है,1,0
Thank you for the information. I see that you have $5000 in your account. Let me know if you have any other queries, जानकारी के लिए धन्यवाद। मैं देख रहा हूँ कि आपके खाते में $5000 हैं। मुझे बताएं कि क्या आपके पास कोई अन्य प्रश्न हैं,3,0
Always a pleasure. Have a great day., हमेशा एक खुशी की बात है। आपका दिन अच्छा रहे।,3,2
Don't worry. I would be glad to help you out in this regards. May I know your name please?, चिंता मत करो। मुझे इस संबंध में आपकी मदद करने में खुशी होगी। क्या मैं आपका नाम जान सकता हूँ?,3,0
why can't you provide your website i will get the information over there, आप अपनी वेबसाइट क्यों नहीं प्रदान कर सकते हैं मुझे वहां पर जानकारी मिल जाएगी,2,1
"I'm sorry, could you please help me out with the amount of money to be transferred? "," मुझे खेद है, क्या आप कृपया मुझे हस्तांतरित की जाने वाली राशि में मदद कर सकते हैं?",3,1
hi, नमस्ते,2,0
Perfect! Could you please help me out with your new address for me to update in the portal?,उत्तम! क्या आप मुझे पोर्टल में अपडेट करने के लिए अपने नए पते के साथ मेरी मदद कर सकते हैं?,3,2
whats my balance, मेरा बैलेंस क्या है,0,0
"I highly appreciate your patience, I would like to inform you that I've successfully transferred $160 from the account ending with 1997 to the account ending with 2001. "," मैं आपके धैर्य की बहुत सराहना करता हूं, मैं आपको सूचित करना चाहता हूं कि मैंने 1997 को समाप्त होने वाले खाते से 2001 को समाप्त होने वाले खाते में सफलतापूर्वक $160 स्थानांतरित कर दिए हैं।",3,2
super, उत्तम,0,2
OK THANKS, ठीक है धन्यवाद,3,2
"okay great, I'll send your credit card bill via email. "," ठीक है, मैं आपका क्रेडिट कार्ड बिल ईमेल से भेज दूँगा।",3,0
Oh that sounds good! Please allow me a moment while I go ahead and block your card.,ओह यह अच्छा लगता है! कृपया मुझे कुछ समय दें जब तक मैं आगे बढ़ूं और आपका कार्ड ब्लॉक कर दूं।,2,1
BYE, अलविदा,2,0
"Awesome! Thank you so much for your cooperation, have a wonderful day! "," बहुत बढ़िया! आपके सहयोग के लिए बहुत-बहुत धन्यवाद, आपका दिन मंगलमय हो!",3,2
4.24242E+15,4.24242E+15,0,0
"Thank you. May I know the sum of amount to be transferred?
", शुक्रिया। क्या मुझे स्थानांतरित की जाने वाली राशि का पता चल सकता है?,3,0
OK sir i search with this website, ठीक है सर मैं इस वेबसाइट से खोजता हूँ,2,0
for $250, $250 . के लिए,0,0
I want transfer some money my account to another account., मैं अपने खाते में कुछ पैसे दूसरे खाते में स्थानांतरित करना चाहता हूं।,2,0
It is the bank's policy to verify our customers. Hence I'll require your SSN for verification., अपने ग्राहकों को सत्यापित करना बैंक की नीति है। इसलिए मुझे सत्यापन के लिए आपके SSN की आवश्यकता होगी।,1,0
Are we still connected?, हम अभी भी जुड़े हैं?,1,0
hello sir, नमस्ते महोदय,3,0
"Thank you, the charges will be removed with immediate effect and will be receiving the new bill within 2 days."," धन्यवाद, शुल्क तत्काल प्रभाव से हटा दिए जाएंगे और 2 दिनों के भीतर नया बिल प्राप्त कर लिया जाएगा।",3,2
Could you please specify which is the SSN and which is the credit card number?, क्या आप कृपया निर्दिष्ट कर सकते हैं कि कौन सा एसएसएन है और कौन सा क्रेडिट कार्ड नंबर है?,3,0
Hi, नमस्ते,2,0
You're most welcome. Would there be anything else I may help you with?,आपका स्वागत है। क्या कुछ और होगा जिसमें मैं आपकी मदद कर सकूं?,3,2
Hi, नमस्ते,3,0
Hi, नमस्ते,2,0
Oh that's alright!, ओह यह ठीक है!,2,0
06.05.2018, 06.05.2018,0,0
hello yes i want your help, नमस्ते हाँ मुझे आपकी मदद चाहिए,3,0
Perfect! Please could you also share your new address?, उत्तम! क्या आप अपना नया पता भी साझा कर सकते हैं?,3,2
"1/65, salamon pop street, UK"," 1/65, सैलामन पॉप स्ट्रीट, यूके",0,0
Also could you please help me out with last four digits of the account number from which you would like to transfer the amount?, क्या आप कृपया मुझे उस खाता संख्या के अंतिम चार अंकों के साथ मदद कर सकते हैं जिससे आप राशि हस्तांतरित करना चाहते हैं?,3,0
And was a police report filed?,और क्या पुलिस रिपोर्ट दर्ज की गई थी?,0,0
"Hello, how may I help you with today? "," हैलो, मैं आज आपकी कैसे मदद कर सकता हूं?",3,0
"Thank you for staying connected. I've updated your address on the system, you’ll be receiving a confirmation e-mail shortly. All communications will be made to the new address. Would you need anything else?"," जुड़े रहने के लिए धन्यवाद। मैंने सिस्टम पर आपका पता अपडेट कर दिया है, आपको शीघ्र ही एक पुष्टिकरण ई-मेल प्राप्त होगा। सभी संचार नए पते पर किए जाएंगे। क्या आपको कुछ और चाहिए होगा?",3,2
"Hello, how may I help you today?"," हैलो, मैं आज आपकी कैसे मदद कर सकता हूं?",3,0
"All right. I apologize I will be not able to give you the information at this point of time. However someone from our bank will reach you back in few days to give you all important information.
", ठीक है। मुझे खेद है कि मैं इस समय आपको जानकारी नहीं दे पाऊंगा। हालांकि हमारे बैंक का कोई व्यक्ति आपको सभी महत्वपूर्ण जानकारी देने के लिए कुछ दिनों में वापस पहुंच जाएगा।,3,0
19th, 19 वीं,0,0
"Thank you for using our live chat service, and we hope to hear from you again! Goodbye!
"," हमारी लाइव चैट सेवा का उपयोग करने के लिए धन्यवाद, और हम आपसे फिर से सुनने की आशा करते हैं! अलविदा!",3,2
$2500, $2500,0,0
case filled, भरा हुआ मामला,0,0
It was wonderful talking to you. Have a great day,आपसे बात करके बहुत अच्छा लगा। आपका दिन अच्छा रहे,3,2
ARE PROCESS FOR THAT., उसके लिए प्रक्रिया कर रहे हैं।,0,0
hi, नमस्ते,2,0
"Thank you for using our live chat service, and we hope to hear from you again! Goodbye!
"," हमारी लाइव चैट सेवा का उपयोग करने के लिए धन्यवाद, और हम आपसे फिर से सुनने की आशा करते हैं! अलविदा!",3,2
Nothing else, और कुछ नहीं,2,0
My last 4 digits SSN number 3658 & last 4 digits My card number 6258, मेरा अंतिम 4 अंक एसएसएन नंबर 3658 और अंतिम 4 अंक मेरा कार्ड नंबर 6258,1,0
"Thank you, sir! Please help me with your credit card number and also your SSN number.", धन्यवाद महोदय! कृपया अपने क्रेडिट कार्ड नंबर और अपने एसएसएन नंबर के साथ मेरी मदद करें।,3,0
You're most welcome. Would there be anything else I may help you with?,आपका स्वागत है। क्या कुछ और होगा जिसमें मैं आपकी मदद कर सकूं?,3,2
COULD YOU PLEASE CHECK BALANCE??, क्या आप कृपया बैलेंस चेक कर सकते हैं ??,3,0
Would there be anything else I may help you with?, क्या कुछ और होगा जिसमें मैं आपकी मदद कर सकूं?,2,0
Prema Latha, प्रेमा लता,0,0
You're welcome! Is there anything else I may assist you with?, आपका स्वागत है! क्या कुछ और है जिसमें मैं आपकी सहायता कर सकता हूं?,2,2
"I appreciate you bringing this to our attention, so that we can deal with this immediately"," इस बात को हमारे ध्यान में लाने के लिए मैं आपकी सराहना करता हूं, ताकि हम इससे तुरंत निपट सकें",3,2
Thank you for the information. I see that you have $1000 in your account. Let me know if you have any other queries., जानकारी के लिए धन्यवाद। मैं देख रहा हूँ कि आपके खाते में $1000 हैं। मुझे बताएं कि क्या आपके पास कोई अन्य प्रश्न हैं।,3,0
Perfect! would you please share the last four digits of your SSN?, उत्तम! क्या आप कृपया अपने SSN के अंतिम चार अंक साझा करेंगे?,3,0
I m Melissa Smith, आई एम मेलिसा स्मिथ,1,0
Correct., सही।,0,0
"A very good morning, How may i assist you today?"," एक बहुत ही सुप्रभात, आज मैं आपकी कैसे सहायता कर सकता हूँ?",3,2
hi, नमस्ते,2,0
THANK YOU, धन्यवाद,3,2
Thank you for staying connected. Upon your request I've blocked the card. You'll be receiving a confirmation e-mail shortly. Is there anything I could help you with today?,जुड़े रहने के लिए धन्यवाद। आपके अनुरोध पर मैंने कार्ड को ब्लॉक कर दिया है। आपको शीघ्र ही एक पुष्टिकरण ई-मेल प्राप्त होगा। क्या आज मैं आपकी कुछ मदद कर सकता हूँ?,3,0
Hi i want to know my account balance for making transfer, नमस्ते मैं हस्तांतरण करने के लिए अपने खाते की शेष राशि जानना चाहता हूँ,3,0
THANK YOU, धन्यवाद,3,2
That's great! Please allow me a minute to initiate the transfer., एक दम बढ़िया! कृपया मुझे स्थानांतरण आरंभ करने के लिए एक मिनट का समय दें।,2,2
"Thanks. To process the request I'll now require the date of charge and the amount of charge.
", धन्यवाद। अनुरोध को संसाधित करने के लिए अब मुझे शुल्क की तिथि और शुल्क की राशि की आवश्यकता होगी।,3,0
Awesome! Please reach out to us for any other queries. Have a wonderful day. Bye., बहुत बढ़िया! कृपया किसी अन्य प्रश्न के लिए हमसे संपर्क करें। शानदार दिन हो। अलविदा।,3,2
"Sir, I need your help."," सर, मुझे आपकी मदद चाहिए।",3,0
NO, ना,1,1
Amazing! Could you help me with the new address so that I can update it right away for you?,अद्भुत! क्या आप नए पते में मेरी मदद कर सकते हैं ताकि मैं इसे आपके लिए तुरंत अपडेट कर सकूं?,3,2
"7623 NE. Tallwood Ave. Chesapeake, VA 23320"," 7623 पूर्वोत्तर टालवुड एवेन्यू। चेसापीक, वीए 23320",0,0
Would you please help me with your first and last name?, क्या आप कृपया अपने पहले और अंतिम नाम के साथ मेरी मदद करेंगे?,3,0
Ok Thanks, ठीक है धन्यवाद,3,0
"I’m sorry this has happened. I understand you're upset, and I will do my best to help you.  Please may I know your name?"," मुझे खेद है कि ऐसा हुआ है। मैं समझता हूँ कि आप परेशान हैं, और मैं आपकी मदद करने की पूरी कोशिश करूँगा। कृपया क्या मैं आपका नाम जान सकता हूँ?",3,1
How may I help you today?, आज मैं आपकी कैसे मदद कर सकता हूँ?,2,0
YES, हां,2,2
You’re welcome. I had a great time assisting you. Please do feel free to reach out to us for further queries. Have a good day. Bye now., आपका स्वागत है। मुझे आपकी सहायता करने में बहुत अच्छा लगा। कृपया आगे के प्रश्नों के लिए हमसे बेझिझक संपर्क करें। आपका दिन शुभ हो। अलविदा।,3,2
hi, नमस्ते,2,0
my credit card bill was charged extra, मेरे क्रेडिट कार्ड बिल से अतिरिक्त शुल्क लिया गया था,1,1
Hello?, नमस्ते?,3,0
Christian & SSN 8798, ईसाई और एसएसएन 8798,0,0
$ 400, $400,0,0
"NO-07/08 ARUNA ROAD,WLTA-52"," संख्या-07/08 अरुणा रोड, डब्ल्यूएलटीए-52",1,0
"Okay, and also would you please share the last four digits of the account to which you wish to transfer the amount? "," ठीक है, और क्या आप उस खाते के अंतिम चार अंक भी साझा करेंगे जिसमें आप राशि हस्तांतरित करना चाहते हैं?",3,0
5.64332E+11,5.64332E+11,0,0
Could you let me know the last 4 digits of SSN and the last 4 digits of account number please?, क्या आप कृपया मुझे SSN के अंतिम 4 अंक और खाता संख्या के अंतिम 4 अंक बता सकते हैं?,3,0
5.45487E+11,5.45487E+11,0,0
no, नहीं,1,1
Thank you. To get your bank details I would need your last 4 digits of SSN., शुक्रिया। आपका बैंक विवरण प्राप्त करने के लिए मुझे आपके एसएसएन के अंतिम 4 अंकों की आवश्यकता होगी।,3,0
"Hello there, how may I help you today?"," नमस्ते, मैं आज आपकी कैसे मदद कर सकता हूं?",3,0
Great! would you please share the 16 digits of your credit card number?, महान! क्या आप कृपया अपने क्रेडिट कार्ड नंबर के 16 अंक साझा करेंगे?,3,0
My savings account number ends in 8765,मेरी बचत खाता संख्या 8765 . में समाप्त होती है,2,0
I hope I've answered all your questions for today?, मुझे आशा है कि मैंने आज के लिए आपके सभी प्रश्नों का उत्तर दे दिया है?,3,0
I'm sorry about it. I'll help you with that. Could you please help me with your name and the four digits of SSN?, मुझे इसका खेद है। मैं इसमें आपकी मदद करूंगा। क्या आप कृपया मुझे अपने नाम और एसएसएन के चार अंकों के साथ मदद कर सकते हैं?,3,0
Thank you for staying connected. I've updated your address from 821 pueble ave to 212 Ahfreekah St., जुड़े रहने के लिए धन्यवाद। मैंने आपका पता 821 प्यूबल एवेन्यू से 212 अहफ्रीका सेंट में अपडेट कर दिया है।,3,2
8867,8867,0,0
Thanks Himyam. Please provide me your credit card number., धन्यवाद हिमम। कृपया मुझे अपना क्रेडिट कार्ड नंबर प्रदान करें।,3,2
"My Credit card number is 7315689986798323

", मेरा क्रेडिट कार्ड नंबर 7315689986798323 है,1,0
ok, ठीक है,2,0
YES, हां,2,2
Hi!, नमस्ते!,3,0
4289,4289,0,0
"Was a police report filed?
", क्या पुलिस में रिपोर्ट दर्ज की गई थी?,0,0
alex. case filled just now, एलेक्स अभी भरा है मामला,1,0
I WANT TO CHANGE MY ACCOUNT ADDRESS NOW, मैं अब अपना खाता पता बदलना चाहता हूँ,1,1
"Would you please help me with the date, when you used your credit card for the last time?"," क्या आप कृपया उस तारीख के बारे में मेरी मदद करेंगे, जब आपने पिछली बार अपने क्रेडिट कार्ड का उपयोग किया था?",3,0
YES. I DID FILED A REPORT ALREADY, हां। मैंने पहले ही एक रिपोर्ट दायर कर दी है,2,1
"Could you please elaborate the query so that I can assist you in the best possible way?
", क्या आप कृपया प्रश्न को विस्तृत कर सकते हैं ताकि मैं आपकी सर्वोत्तम संभव तरीके से सहायता कर सकूं?,3,0
"Hi there, how may I help you today?"," नमस्ते, मैं आज आपकी कैसे मदद कर सकता हूं?",3,0
You’re welcome. I had a great time assisting you. Please do feel free to reach out to us for further queries. Have a good day. Bye now., आपका स्वागत है। मुझे आपकी सहायता करने में बहुत अच्छा लगा। कृपया आगे के प्रश्नों के लिए हमसे बेझिझक संपर्क करें। आपका दिन शुभ हो। अलविदा।,3,2
"Hi. I've got two things I need help with today - I need to dispute a transaction on my credit card, and I need to update my address"," नमस्ते। मेरे पास आज दो चीजें हैं जिनकी मुझे मदद चाहिए - मुझे अपने क्रेडिट कार्ड पर लेन-देन पर विवाद करने की आवश्यकता है, और मुझे अपना पता अपडेट करने की आवश्यकता है",3,0
"Thank you, Kanna!Please could you share with me the account number and also your SSN number?"," धन्यवाद, कन्ना!कृपया क्या आप मेरे साथ खाता संख्या और अपना एसएसएन नंबर साझा कर सकते हैं?",3,0
23th jun, 23 जून,0,0
Thank you. Bear with me for a moment while our system finishes processing your information., शुक्रिया। एक पल के लिए मेरे साथ रहें जब तक हमारा सिस्टम आपकी जानकारी को संसाधित करना समाप्त कर दे।,3,0
Thank you Casey., धन्यवाद केसी।,3,2
Sure. I'll help you with that. Could you please help me with your name and the four digits of SSN?, ज़रूर। मैं इसमें आपकी मदद करूंगा। क्या आप कृपया मुझे अपने नाम और एसएसएन के चार अंकों के साथ मदद कर सकते हैं?,3,0
Hello, नमस्ते,2,0
Thanks Kuresan. Could you please share your complete credit card number?,धन्यवाद कुरेसन। क्या आप कृपया अपना पूरा क्रेडिट कार्ड नंबर साझा कर सकते हैं?,3,0
"My pleasure. Anything else I may help you out with?
", मेरा सौभाग्य। कुछ और मैं आपकी मदद कर सकता हूं?,3,2
ok', ठीक है',2,0
Okay! Please allow me a moment while I proceed with the process., ठीक! कृपया मुझे एक क्षण की अनुमति दें जब तक कि मैं प्रक्रिया के साथ आगे बढ़ूं।,2,0
"Oh, you know what, I made a mistake the transfer to acct is # 15432"," ओह, आप जानते हैं क्या, मैंने गलती की है acct में स्थानांतरण # 15432 . है",1,0
"I hope that was useful, did I answer all your questions for today?
 "," मुझे आशा है कि यह उपयोगी था, क्या मैंने आज के लिए आपके सभी प्रश्नों का उत्तर दिया?",3,0
No problem!, कोई बात नहीं!,2,0
Hello?, नमस्ते?,3,0
My last 4 digits of SSN is 9571, SSN के मेरे अंतिम 4 अंक 9571 . हैं,1,0
"Jocelyn Farley
", जॉक्लिन फ़ार्ले,0,0
thanks, धन्यवाद,2,2
k, क,0,0
Hi, नमस्ते,3,0
You have updated the zip code right?, आपने सही ज़िप कोड अपडेट किया है?,1,0
bye, अलविदा,2,0
THANK YOU, धन्यवाद,3,2
sure take your time, बिल्कुल आप अपना समय लें,2,0
"Sure, I'll do it right away! Please allow me a minute."," ज़रूर, मैं इसे तुरंत करूँगा! कृपया मुझे एक मिनट का समय दें।",2,0
"Please help me with your query, I'll be glad to help you."," कृपया अपने प्रश्न में मेरी मदद करें, मुझे आपकी मदद करने में खुशी होगी।",3,2
"Thank you. Could you please let me know the date of the charge, time of charge and amount of the charge?
"," शुक्रिया। क्या आप कृपया मुझे प्रभार की तिथि, प्रभार का समय और प्रभार की राशि के बारे में बता सकते हैं?",3,0
Let's begin then!, तो चलिए शुरू करते हैं!,2,0
"Hey there, Good morning! "," अरे वहाँ, सुप्रभात!",3,0
"I would be glad to help you out in this regards. May I know your name please?
", मुझे इस संबंध में आपकी मदद करने में खुशी होगी। क्या मैं आपका नाम जान सकता हूँ?,3,0
2.37E+16,2.37E+16,0,0
"Thank you. Could you please provide me the date when card was last used.
", शुक्रिया। क्या आप कृपया मुझे वह तिथि प्रदान कर सकते हैं जब कार्ड का अंतिम बार उपयोग किया गया था।,3,0
"Thank you for sharing the information. I've processed the request for the change of address. You'll shortly receive a confirmation E-mail.

", जानकारी साझा करने के लिए धन्यवाद। मैंने पते में परिवर्तन के अनुरोध को संसाधित कर लिया है। आपको शीघ्र ही एक पुष्टिकरण ई-मेल प्राप्त होगा।,3,2
take your time, पर्याप्त समय लो,2,0
Sure. NO problem with that. Have you filed a report with the police regarding this issue?,ज़रूर। उस के साथ कोई समस्या नहीं। क्या आपने इस मामले में पुलिस में रिपोर्ट दर्ज कराई है?,2,1
Would there be anything else I may help you with?, क्या कुछ और होगा जिसमें मैं आपकी मदद कर सकूं?,2,0
NO LET IT BE 45, 45 . होने दो,1,0
1562 and 2568, 1562 और 2568,0,0
yes pls, हाँ कृपया,2,0
To get your bank details I would need your last 4 digits of SSN., आपका बैंक विवरण प्राप्त करने के लिए मुझे आपके एसएसएन के अंतिम 4 अंकों की आवश्यकता होगी।,2,0
Sure! Please give me a moment while I do the needful., ज़रूर! कृपया मुझे एक क्षण दें जबकि मैं आवश्यक कार्य करता हूं।,2,0
"Pleasure assisting you. Please do contact us. We will be glad to assist you.
Thank you for your time and patience. You have a great day.
", आपकी सहायता करने में खुशी। कृपया हमसे संपर्क करें। हमें आपकी सहायता करने में खुशी होगी। आपके समय और धैर्य के लिए आपका धन्यवाद। आपका दिन बहुत बढ़िया हो।,3,2
I would like to check my account balance, मैं अपने खाते की शेष राशि की जांच करना चाहता/चाहती हूं,3,0
bye, अलविदा,2,0
8421,8421,0,0
I understand. If you have any other query do let me know. I will try to help you out ASAP., मै समझता हुँ। यदि आपके पास कोई अन्य प्रश्न है तो मुझे बताएं। मैं जल्द से जल्द आपकी मदद करने की कोशिश करूंगा।,1,0
Hello., नमस्ते।,3,0
thank you sir., धन्यवाद महोदय।,3,2
My account no 2475 & SSN 4295, मेरा खाता संख्या 2475 और एसएसएन 4295,1,0
May I know if there's a complaint about the credit card to the police?, क्या मुझे पता चल सकता है कि पुलिस को क्रेडिट कार्ड के बारे में कोई शिकायत है या नहीं?,2,0
hi, नमस्ते,2,0
Hello. How may I help you today?, नमस्ते। आज मैं आपकी कैसे मदद कर सकता हूँ?,3,0
Thank you sir. give me a moment., धन्यवाद महोदय। मुझे एक पल दे।,3,0
PARVATHY MENON, पार्वती मेनन,1,0
A/C NO : 0222 AND SSN NO : 5555, खाता संख्या: 0222 और एसएसएन संख्या: 5555,1,0
"Your welcome, would there be anything else I may help you with today? ","आपका स्वागत है, क्या आज मैं आपकी कुछ और मदद कर सकता हूँ?",3,0
8523,8523,0,0
Great! would you please share the 16 digits of your credit card number?, महान! क्या आप कृपया अपने क्रेडिट कार्ड नंबर के 16 अंक साझा करेंगे?,3,0
Could you give me a moment here while I check the details for you?, क्या आप मुझे यहां कुछ समय दे सकते हैं जब मैं आपके लिए विवरण की जांच कर रहा हूं?,3,0
Yes, हाँ,2,0
"Sure, I'll help you out. Could you please help me out with your full name?"," ज़रूर, मैं आपकी मदद करूँगा। क्या आप कृपया अपने पूरे नाम के साथ मेरी मदद कर सकते हैं?",3,0
Sure! That won't be a problem. May I know your full name?, ज़रूर! यह कोई समस्या नहीं होगी। क्या मैं आपका पूरा नाम जान सकता हूँ?,2,0
"Awesome! Also, may I please know the last four digits of your account number?","बहुत बढ़िया! साथ ही, क्या मैं आपकी खाता संख्या के अंतिम चार अंक जान सकता हूं?",3,2
"Thanks Jonga. To pull up the information I will require your last 4 digits of the SSN.
",धन्यवाद जोंगा। जानकारी प्राप्त करने के लिए मुझे आपके एसएसएन के अंतिम 4 अंकों की आवश्यकता होगी।,3,0
"A very good morning, How may i assist you today?"," एक बहुत ही सुप्रभात, आज मैं आपकी कैसे सहायता कर सकता हूँ?",3,2
Sure, ज़रूर,2,0
"Sure, could you please help me with the last 4 digits of the account number to move from?"," ज़रूर, क्या आप कृपया मुझे खाता संख्या के अंतिम 4 अंकों से स्थानांतरित करने में मदद कर सकते हैं?",3,0
You're welcome. May I confirm if all your questions have been answered for today?, आपका स्वागत है। क्या मैं पुष्टि कर सकता हूँ कि क्या आज के लिए आपके सभी प्रश्नों का उत्तर दे दिया गया है?,3,2
Thank you for waiting patiently I've now removed the charges on your bill and you'd be getting a new bill within 2 days, धैर्यपूर्वक प्रतीक्षा करने के लिए धन्यवाद मैंने अब आपके बिल से शुल्क हटा दिए हैं और आपको 2 दिनों के भीतर एक नया बिल प्राप्त होगा,3,2
THANK YOU, धन्यवाद,3,2
Could you please help me with the amount you wish to transfer?, क्या आप कृपया उस राशि में मेरी मदद कर सकते हैं जिसे आप स्थानांतरित करना चाहते हैं?,3,0
I used it a few weeks ago on June 2nd, मैंने इसे कुछ हफ़्ते पहले 2 जून को इस्तेमाल किया था,1,0
hmmm ok, हम्म ठीक है,2,0
yea, हाँ,0,0
The transfer has been initiated. You'll be receiving a confirmation email shortly. Is there anything else I can do for you?, तबादला शुरू कर दिया गया है। आपको शीघ्र ही एक पुष्टिकरण ईमेल प्राप्त होगा। क्या मैं आपके लिए और कुछ कर सकता हूं?,2,0
2538,2538,0,0
"Sure, I'll be happy to do that for you. Please could you help me with the new address?"," ज़रूर, मुझे आपके लिए ऐसा करने में खुशी होगी। कृपया क्या आप मुझे नए पते में मदद कर सकते हैं?",3,0
I want to remove the charge incorrectly billed on my credit card. Can you help me with that?, मैं अपने क्रेडिट कार्ड पर गलत तरीके से बिल किए गए शुल्क को हटाना चाहता हूं। क्या उसके लिए आपके द्वारा मेरी मदद की जाएगी?,3,1
NO THANKS," जी नहीं, धन्यवाद",3,1
Awesome! May I know when was the date the card was last used?, बहुत बढ़िया! क्या मुझे पता चल सकता है कि कार्ड का आखिरी बार कब इस्तेमाल किया गया था?,3,2
Oh! it's ok sir. Currently I am not change in my address. Future will need this., ओह! यह ठीक है सर। वर्तमान में मैं अपने पते में परिवर्तन नहीं कर रहा हूँ। भविष्य को इसकी आवश्यकता होगी।,2,0
Great! Always a pleasure assisting a valuable customer like you. Have a great day ahead. Looking forward to seeing you soon., महान! आप जैसे मूल्यवान ग्राहक की सहायता करने में हमेशा खुशी होती है। आगे एक महान दिन हो। जल्द ही आपको देखने की इच्छा है।,3,2
Thank you sdo much for your patience. Please goive me a moment to look into the isseu.,आपके धैर्य के लिए बहुत-बहुत धन्यवाद एसडीओ। कृपया मुझे इस मुद्दे को देखने के लिए एक क्षण दें।,3,2
Perfect! give me a moment please., उत्तम! कृपया मुझे एक क्षण दें।,2,2
Thank you so much for the details. May I know your new address as well?, विवरण के लिए आपका बहुत-बहुत धन्यवाद। क्या मैं आपका नया पता भी जान सकता हूँ?,3,2
no, नहीं,1,1
RAMYA  SSN 4528 CREDIT NO 4526874100256805, राम्या एसएसएन 4528 क्रेडिट नंबर 4526874100256805,1,0
My name is John Smith, मेरा नाम जॉन स्मिथ है,2,0
"Hi there, how may I help you today?"," नमस्ते, मैं आज आपकी कैसे मदद कर सकता हूं?",3,0
"card number is 6572876497276465 & New address SMALLSYS INC, 795 E DRAGRAM,TUCSON AZ 85705,USA"," कार्ड नंबर 6572876497276465 और नया पता SMALLSYS INC, 795 E DRAGRAM, TUCSON AZ 85705, USA है",1,0
"I would be glad to help you out in this regards. May I know your name please?
", मुझे इस संबंध में आपकी मदद करने में खुशी होगी। क्या मैं आपका नाम जान सकता हूँ?,3,0
"Awesome! Also, may I please know the last four digits of your account number?","बहुत बढ़िया! साथ ही, क्या मैं आपकी खाता संख्या के अंतिम चार अंक जान सकता हूं?",3,2
"Thank you so much for bringing this to our notice. I'll ensure that I'll raise a request to credit the extra charge back to your account, and also kindly give us 24-48 hours to get this resolved. You will also be receiving a confirmation e-mail once this is resolved."," इसे हमारे संज्ञान में लाने के लिए आपका बहुत-बहुत धन्यवाद। मैं यह सुनिश्चित करूँगा कि मैं आपके खाते में अतिरिक्त शुल्क वापस जमा करने का अनुरोध करूँगा, और कृपया हमें इसे हल करने के लिए 24-48 घंटे का समय भी दें। इसका समाधान हो जाने पर आपको एक पुष्टिकरण ई-मेल भी प्राप्त होगा।",3,1
Good morning to you too! How could I assist you today?, आपको भी शुभ प्रभात! मैं आज आपकी कैसे सहायता कर सकता हूँ?,3,0
You’re welcome. I had a great time assisting you. Please do feel free to reach out to us for further queries. Have a good day. Bye now., आपका स्वागत है। मुझे आपकी सहायता करने में बहुत अच्छा लगा। कृपया आगे के प्रश्नों के लिए हमसे बेझिझक संपर्क करें। आपका दिन शुभ हो। अलविदा।,3,2
Hi I want to check my account balance, नमस्ते मैं अपने खाते की शेष राशि की जांच करना चाहता हूं,3,0
Name : Steve Jamall, नाम: स्टीव जमाल,0,0
Thank you for very much. Please allow me a minute to look into the issue., बहुत बहुत धन्यवाद। कृपया मुझे इस मुद्दे को देखने के लिए एक मिनट का समय दें।,3,0
BYE, अलविदा,2,0
"Thanks. Furthermore I will also require the last four digits of your account number.
", धन्यवाद। इसके अलावा मुझे आपके खाता संख्या के अंतिम चार अंकों की भी आवश्यकता होगी।,3,0
yes, हां,2,0
I’ll help you with that. May I know your name please?, मैं इसमें आपकी मदद करूंगा। क्या मैं आपका नाम जान सकता हूँ?,3,0
I LOST MY CREDIT CARD \, मैंने अपना क्रेडिट कार्ड खो दिया \,0,1
HI, नमस्ते,2,0
NO THANKS," जी नहीं, धन्यवाद",3,1
Sure, ज़रूर,2,0
All right. Could you please help me with your last 4 digits of the account number to which you want to transfer amount?, ठीक है। क्या आप कृपया मुझे उस खाता संख्या के अपने अंतिम 4 अंकों में मदद कर सकते हैं जिसमें आप राशि हस्तांतरित करना चाहते हैं?,3,0
Yes you did, हाँ तुमने किया,2,0
"Awesome. No, that is all."," बहुत बढ़िया। नहीं, बस इतना ही।",3,2
"I apologize for that. Could you please help me with your full name, the last four digits of your SSN and your complete credit card number?
"," मैं उसके लिए माफी माँगता हूँ। क्या आप कृपया अपना पूरा नाम, अपने एसएसएन के अंतिम चार अंक और अपना पूरा क्रेडिट कार्ड नंबर देने में मेरी मदद कर सकते हैं?",3,0
2.9875E+15,2.9875E+15,0,0
HELLO, नमस्ते,2,0
ok im waiting, ठीक है मैं प्रतीक्षा कर रहा हूँ,2,0
Yes, हाँ,2,0
Thank you for the information. I see that you have $5000 in your account.,जानकारी के लिए धन्यवाद। मैं देख रहा हूँ कि आपके खाते में $5000 हैं।,3,0
4.12537E+15,4.12537E+15,0,0
Thank you. That's all I need., शुक्रिया। मुझे यही सब चाहिए।,3,2
"Your welcome, would there be anything else I may help you with today? ","आपका स्वागत है, क्या आज मैं आपकी कुछ और मदद कर सकता हूँ?",3,0
"Perfect! would you please share the last four digits of your SSN?
", उत्तम! क्या आप कृपया अपने SSN के अंतिम चार अंक साझा करेंगे?,3,0
NO, ना,1,1
No, नहीं,1,0
2000,2000,0,0
Would there be anything else I may help you with?, क्या कुछ और होगा जिसमें मैं आपकी मदद कर सकूं?,2,0
no, नहीं,1,1
ok i want the interest rate in your bank for gold loan, ठीक है मुझे आपके बैंक में गोल्ड लोन के लिए ब्याज दर चाहिए,2,0
Could you also let me know the date the card was last used?, क्या आप मुझे यह भी बता सकते हैं कि कार्ड का आखिरी बार इस्तेमाल किस तारीख को किया गया था?,3,0
have a good day .. u done a good job, आपका दिन शुभ हो .. आपने अच्छा काम किया,2,2
i want a gold loan, मुझे गोल्ड लोन चाहिए,2,0
Hello there!, नमस्ते!,3,0
Would there be anything else I may help you with?, क्या कुछ और होगा जिसमें मैं आपकी मदद कर सकूं?,2,0
"For sure, May I know your name please?"," निश्चित रूप से, क्या मैं आपका नाम जान सकता हूँ?",3,0
Yes.. I was done immediately, हाँ.. मैं तुरंत किया गया था,2,2
"Oh no! I'm so sorry that you were charged incorrectly, It is issue with our system lately. I'll raise a complaint to the concerned department to resolve it soon. May I know your first and last name please?"," धत्तेरे की! मुझे खेद है कि आपसे गलत तरीके से शुल्क लिया गया, यह हाल ही में हमारे सिस्टम के साथ समस्या है। जल्द ही इसे दूर करने के लिए संबंधित विभाग से शिकायत करूंगा। क्या मैं आपका पहला और अंतिम नाम जान सकता हूँ?",3,1
"Hello, how may I help you with today?"," हैलो, मैं आज आपकी कैसे मदद कर सकता हूं?",3,0
Would there be anything else I may help you with today?, क्या आज मैं आपकी कुछ और मदद कर सकता हूँ?,2,0
6845,6845,0,0
"Perfect! I'll go ahead and cancel the lost card and issue a new one on your name.
It will be sent to you by tomorrow.
", उत्तम! मैं आगे बढ़ूंगा और खोए हुए कार्ड को रद्द कर दूंगा और आपके नाम पर एक नया कार्ड जारी करूंगा। इसे कल तक आपके पास भेज दिया जाएगा।,2,2
Thank you fr sharing the information. Please allow me a minute to look into the issue., जानकारी साझा करने के लिए धन्यवाद। कृपया मुझे इस मुद्दे को देखने के लिए एक मिनट का समय दें।,3,0
Good evening!, सुसंध्या!,3,2
e, इ,0,0
Hey there! How may I help you?, सुनो! क्या मेरे द्वारा आपकी कोई सहायता हो सकती है?,3,0
Thanks Valu. Could you please help me with your last 4 digits of the account number to move from?, धन्यवाद वैल्यू। क्या आप कृपया मुझे खाता संख्या के अपने अंतिम 4 अंक से स्थानांतरित करने में मदद कर सकते हैं?,3,0
and was a police report filed?, और क्या पुलिस रिपोर्ट दर्ज की गई थी?,0,0
NAME : OVIYA, नाम: ओविया,0,0
Thank you for understanding. Could you please provide me your complete credit card number.,समझने के लिए धन्यवाद। क्या आप कृपया मुझे अपना पूरा क्रेडिट कार्ड नंबर प्रदान कर सकते हैं।,3,0
notyhing..thank u, कुछ नहीं..धन्यवाद,3,0
"okay! I'll surely help you with that, May I know your first and last name please?"," ठीक है! मैं निश्चित रूप से इसमें आपकी मदद करूंगा, क्या मैं आपका पहला और अंतिम नाम जान सकता हूं?",3,0
bye, अलविदा,2,0
May I know if there's any other concern?, क्या मुझे पता चल सकता है कि क्या कोई अन्य चिंता है?,2,0
Thank you. To get your bank details I would need your last 4 digits of SSN., शुक्रिया। आपका बैंक विवरण प्राप्त करने के लिए मुझे आपके एसएसएन के अंतिम 4 अंकों की आवश्यकता होगी।,3,0
20th, 20 वीं,0,0
I WANT TO CHANGE MY ACCOUNT ADDRESS, मुझे अपना खाता पता बदलना है,1,1
"Sure. Could you please help me with your full name and the last four digits of your account number and SSN?
",ज़रूर। क्या आप कृपया अपना पूरा नाम और अपने खाता संख्या और एसएसएन के अंतिम चार अंकों के साथ मेरी मदद कर सकते हैं?,3,0
"I certainly understand the inconvenience you've experienced, I've requested for a refund of $1000 for your account and you'll receive the amount within 48 hours. Is there is anything else I may help you with?"," मैं निश्चित रूप से आपके द्वारा अनुभव की गई असुविधा को समझता हूं, मैंने आपके खाते के लिए $1000 की वापसी का अनुरोध किया है और आपको 48 घंटों के भीतर राशि प्राप्त हो जाएगी। क्या कुछ और है जिसमें मैं आपकी मदद कर सकता हूं?",3,1
yes, हां,2,0
Hey! A very good morning to you. How may I help you today?, अरे! आपके लिए एक बहुत ही शुभ प्रभात। आज मैं आपकी कैसे मदद कर सकता हूँ?,3,2
Amazing! Thank you for the info could you also please help me out with the date of the charge and the amount of the charge?, अद्भुत! जानकारी के लिए धन्यवाद क्या आप शुल्क की तारीख और शुल्क की राशि के बारे में भी मेरी मदद कर सकते हैं?,3,2
Thank you for staying connected. The error is reported and the amount will be refunded in few hours., जुड़े रहने के लिए धन्यवाद। त्रुटि की सूचना दी जाती है और राशि कुछ घंटों में वापस कर दी जाएगी।,3,2
"Thank you, Geetha! Please could you helk me with the account number and your SSN number?"," धन्यवाद, गीता! कृपया आप मुझे खाता संख्या और अपने एसएसएन नंबर के साथ मदद कर सकते हैं?",3,0
"Thank you Karthik, May I know if there's a complaint about the credit card to the police?"," धन्यवाद कार्तिक, क्या मुझे पता चलेगा कि क्रेडिट कार्ड के बारे में पुलिस को कोई शिकायत है?",3,2
Hey there! How may I help you today?, सुनो! आज मैं आपकी कैसे मदद कर सकता हूँ?,3,0
9562,9562,0,0
no., ना।,1,1
"That's it, thanks"," बस इतना ही, धन्यवाद",3,0
OK THANK YOU, ठीक है धन्यवाद,3,2
09-04-2018,09-04-2018,0,0
I LOST MY CREDIT CARD, मैंने अपना क्रेडिट कार्ड खो दिया,0,1
Thank you for the information please allow me a moment to check the account balance," जानकारी के लिए धन्यवाद, कृपया मुझे खाते की शेष राशि की जांच करने के लिए कुछ समय दें",3,0
"Youthiapa road, youthiapa"," यूथियापा रोड, यूथियापास",2,0
daniel basakar, डेनियल बसकारी,0,0
I WANT TRANSFER A MONEY TO ANOTHER ACCOUNT,मैं दूसरे खाते में पैसे ट्रांसफर करना चाहता हूं,1,1
hi sir, नमस्कार श्री मान जी,3,0
You’re welcome. Always a pleasure to assist valuable customers like you. Have a great day!, आपका स्वागत है। आप जैसे मूल्यवान ग्राहकों की सहायता करने में हमेशा खुशी होती है। आपका दिन अच्छा रहे!,3,2
I have successfully transferred the amount of $2000 to the account ending with 9875., मैंने 2000 डॉलर की राशि को 9875 से समाप्त होने वाले खाते में सफलतापूर्वक स्थानांतरित कर दिया है।,2,2
Thank you for the information. I’ve updated the address. You’ll receive a confirmation message in a while. Is there anything else I can help you with?, जानकारी के लिए धन्यवाद। मैंने पता अपडेट कर दिया है। आपको थोड़ी देर में एक पुष्टिकरण संदेश प्राप्त होगा। क्या कुछ और है जिसमें मैं आपकी मदद कर सकता हूं?,3,0
"My pleasure. Anything else I may help you out with?
", मेरा सौभाग्य। कुछ और मैं आपकी मदद कर सकता हूं?,3,2
May I confirm if all your questions have been answered for today?, क्या मैं पुष्टि कर सकता हूँ कि क्या आज के लिए आपके सभी प्रश्नों का उत्तर दे दिया गया है?,2,0
1.23457E+15,1.23457E+15,0,0
25-06-2018,25-06-2018,0,0
1256 2563 2541 1245, 1256 2563 2541 1245,0,0
5541,5541,0,0
"Hello there, How may I help you today?"," नमस्ते, मैं आज आपकी कैसे मदद कर सकता हूँ?",3,0
SSN no 6256, एसएसएन नंबर 6256,1,0
ok..thank you..thats it, ठीक है..धन्यवाद..बस हो गया,3,2
Thanks., धन्यवाद।,3,2
OK THANK YOU, ठीक है धन्यवाद,3,2
Great! Always a pleasure assisting a valuable customer like you. Have a great day ahead.,महान! आप जैसे मूल्यवान ग्राहक की सहायता करने में हमेशा खुशी होती है। आगे एक महान दिन हो।,3,2
I want change my address, मुझे अपना पता बदलना है,2,0
RAMAN RAM, रमन राम,0,0
no.now, अभी नहीं,1,1
Are we still connected?, हम अभी भी जुड़े हैं?,1,0
Sure. I'll update the changes and proceed., ज़रूर। मैं परिवर्तनों को अपडेट करूंगा और आगे बढ़ूंगा।,2,0
"hai, my card missing .what i do?"," हैलो, मेरा कार्ड गायब है। मैं क्या करूँ?",2,1
6756 and 7765, 6756 और 7765,0,0
This process how many hours it will take?, इस प्रक्रिया में कितने घंटे लगेंगे?,2,0
"Sure. Just to confirm Priya, you wish to transfer $160 from the account ending with 8800 to the account ending with 5541. Am I right?"," ज़रूर। केवल प्रिया की पुष्टि करने के लिए, आप 8800 से समाप्त होने वाले खाते से 5541 पर समाप्त होने वाले खाते में $160 स्थानांतरित करना चाहते हैं। क्या मैं सही हूँ?",2,0
SSN : 1023, एसएसएन: 1023,0,0
MY name is Milton C Smith, मेरा नाम मिल्टन सी स्मिथ है,1,0
800$, 800$,0,0
YES, हां,2,2
I need to reverse some additional charges in bill for applied your side.?, मुझे आपका पक्ष लागू करने के लिए बिल में कुछ अतिरिक्त शुल्कों को उलटने की आवश्यकता है।,1,0
yes, हां,2,0
Social Security Number is 7491, सामाजिक सुरक्षा संख्या 7491 . है,0,0
Oh Great.., बहुत अच्छे..,2,0
Could you please help me with your query?, क्या आप कृपया अपनी क्वेरी में मेरी मदद कर सकते हैं?,3,0
It was wonderful talking to you. Have a great day,आपसे बात करके बहुत अच्छा लगा। आपका दिन अच्छा रहे,3,2
No, नहीं,1,0
Definitely! I've processed your request. It will just take a while for the amount to be credited back to the account., निश्चित रूप से! मैंने आपका अनुरोध संसाधित कर दिया है। खाते में राशि वापस जमा होने में अभी कुछ समय लगेगा।,2,2
I WANT TO CHANGE MY ADDRESS, मुझे अपना पता बदलना है,1,1
OK THANK YOU SO MUCH,ठीक है आपका बहुत धन्यवाद,3,2
"I’m sorry about it.  I'll help you with that. Could you please help me with your name and the last four digits of SSN?

", मुझे इसका खेद है। मैं इसमें आपकी मदद करूंगा। क्या आप कृपया मुझे अपने नाम और एसएसएन के अंतिम चार अंकों के साथ मदद कर सकते हैं?,3,1
"
I’m sorry this has happened. I understand you're upset, and I will do my best to help you.Please help me with your name.

"," मुझे खेद है कि ऐसा हुआ है। मैं समझता हूँ कि आप परेशान हैं, और मैं आपकी मदद करने की पूरी कोशिश करूँगा।कृपया अपने नाम के साथ मेरी मदद करें।",3,1
"Okay! Not a problem! I had made a request to our department to issue a new card for you. Our associate will soon contact you for confirming a few credentials. And soon, you'll receive a new card on your registered address. I've blocked the card for now."," ठीक! एक समस्या नहीं है! मैंने आपके लिए एक नया कार्ड जारी करने के लिए हमारे विभाग से अनुरोध किया था। कुछ क्रेडेंशियल की पुष्टि के लिए हमारा सहयोगी जल्द ही आपसे संपर्क करेगा। और जल्द ही, आपको अपने पंजीकृत पते पर एक नया कार्ड प्राप्त होगा। मैंने अभी के लिए कार्ड ब्लॉक कर दिया है।",3,1
"Your welcome, would there be anything else I may help you with today? ","आपका स्वागत है, क्या आज मैं आपकी कुछ और मदद कर सकता हूँ?",3,0
Thank you Rakesh for the details. Was the police report lodged for the lost card?, जानकारी के लिए धन्यवाद राकेश जी। क्या गुम हुए कार्ड के लिए पुलिस रिपोर्ट दर्ज की गई थी?,3,0
"Hello there, How may I help you today?
"," नमस्ते, मैं आज आपकी कैसे मदद कर सकता हूँ?",3,0
Thank you very much! So the charge has been removed?, आपका बहुत बहुत धन्यवाद! तो चार्ज हटा दिया गया है?,3,2
Perfect! Please allow me a moment while I check with your account.," उत्तम! जब तक मैं आपके खाते से जाँच करूँ, कृपया मुझे कुछ समय दें।",2,2
Taylor Walker, टेलर वाकर,0,0
"I would be glad to help you out in this regards. May I know your name please?

", मुझे इस संबंध में आपकी मदद करने में खुशी होगी। क्या मैं आपका नाम जान सकता हूँ?,3,0
I WANT TO CHANGE MY ACCOUNT ADDRESS, मुझे अपना खाता पता बदलना है,1,1
ZIVA, जिवा,0,0
2035,2035,0,0
Thank you can i ask you one think ?, धन्यवाद क्या मैं आपसे एक विचार पूछ सकता हूँ?,3,0
"Perfect. Could you please provide me your complete credit card number.
", उत्तम। क्या आप कृपया मुझे अपना पूरा क्रेडिट कार्ड नंबर प्रदान कर सकते हैं।,3,2
"Thank you, the amount will be transferred shortly and you'll get an email as well."," धन्यवाद, राशि शीघ्र ही स्थानांतरित कर दी जाएगी और आपको एक ईमेल भी प्राप्त होगा।",3,0
Perfect! Please stay connected while I initiate the transfer.," उत्तम! जब तक मैं स्थानांतरण शुरू करता हूं, कृपया जुड़े रहें।",2,2
"Hey! How may I help you today?
", अरे! आज मैं आपकी कैसे मदद कर सकता हूँ?,3,0
You’re welcome. Always a pleasure to assist customers like you. Have a great day!, आपका स्वागत है। आप जैसे ग्राहकों की सहायता करने में हमेशा खुशी होती है। आपका दिन अच्छा रहे!,3,2
I'll be glad to assist you with that.  May I know your name please?, मुझे इसमें आपकी सहायता करने में खुशी होगी। क्या मैं आपका नाम जान सकता हूँ?,3,0
Thank you for the information. I see that you have $5000 in your account. Let me know if you have any other queries.,जानकारी के लिए धन्यवाद। मैं देख रहा हूँ कि आपके खाते में $5000 हैं। यदि आपके कोई अन्य प्रश्न हैं तो मुझे बताएं।,3,0
"A very good morning, How may i assist you today?"," एक बहुत ही सुप्रभात, आज मैं आपकी कैसे सहायता कर सकता हूँ?",3,2
thank you, धन्यवाद,2,2
8569,8569,0,0
"Perfect. Could you please provide me the last 4 digits of the account number.
", उत्तम। क्या आप कृपया मुझे खाता संख्या के अंतिम 4 अंक प्रदान कर सकते हैं।,3,0
All right. Could you please provide me the new address?, ठीक है। क्या आप कृपया मुझे नया पता प्रदान कर सकते हैं?,3,0
SSN 8345, एसएसएन 8345,0,0
Thank you for staying connected. Upon your request I've blocked the card. You'll be receiving a confirmation e-mail shortly. Is there anything I could help you with today?,जुड़े रहने के लिए धन्यवाद। आपके अनुरोध पर मैंने कार्ड को ब्लॉक कर दिया है। आपको शीघ्र ही एक पुष्टिकरण ई-मेल प्राप्त होगा। क्या आज मैं आपकी कुछ मदद कर सकता हूँ?,3,0
"That's great, I request you to shred the expired card while I work on your request."," यह बहुत अच्छा है, मैं आपसे अनुरोध करता हूं कि जब तक मैं आपके अनुरोध पर काम कर रहा हूं, समाप्त हो चुके कार्ड को काट दें।",2,0
"okay! Sowndharaya , would you please help me with your last name ?","ठीक है! सौंधराय, क्या आप कृपया अपने अंतिम नाम के साथ मेरी मदद करेंगे?",3,0
"thank you so much, and do you know about low rate of interest details for companies ?"," आपका बहुत-बहुत धन्यवाद, और क्या आप कंपनियों के लिए कम ब्याज दर विवरण के बारे में जानते हैं?",3,0
thanks, धन्यवाद,2,2
Hello!, नमस्ते!,3,0
When was the credit card last used?, क्रेडिट कार्ड का इस्तेमाल आखिरी बार कब किया गया था?,0,0
SSN no is 3246 and card no is 6487125488451200, एसएसएन नंबर 3246 है और कार्ड नंबर 6487125488451200,1,0
I got enough information..Thank YOU so much., मुझे पर्याप्त जानकारी मिली..बहुत बहुत धन्यवाद।,3,2
I HAD LAST MY ALL ACCOUNT DETAILS, मेरे पास अपने सभी खाते का विवरण था,2,0
The last 4 digits of the account number is to be transferred to 8779, खाता संख्या के अंतिम 4 अंक 8779 . में स्थानांतरित करना है,1,0
Thank you very much, आपका बहुत बहुत धन्यवाद,3,2
My last 4 digits SSN number 3658, मेरे अंतिम 4 अंक एसएसएन नंबर 3658,1,0
"Thank you, ma'am. However, I'll also be needing your credit card number."," धन्यवाद मैडम। हालांकि, मुझे आपके क्रेडिट कार्ड नंबर की भी आवश्यकता होगी।",3,1
Hello, नमस्ते,2,0
"Hey, Sterling! Please could you also help me with the card number and the your SSN?"," अरे, स्टर्लिंग! कृपया क्या आप कार्ड नंबर और अपने एसएसएन के बारे में भी मेरी मदद कर सकते हैं?",3,0
I’m sorry about it.  I'll help you with that. Could you please help me with your name and the last four digits of SSN?, मुझे इसका खेद है। मैं इसमें आपकी मदद करूंगा। क्या आप कृपया मुझे अपने नाम और एसएसएन के अंतिम चार अंकों के साथ मदद कर सकते हैं?,3,1
"Hello, how may I help you today?"," हैलो, मैं आज आपकी कैसे मदद कर सकता हूं?",3,0
Thanks Devika. Could you please help me with the last 4 digits of the account number to move from?, धन्यवाद देविका। क्या आप कृपया मुझे खाता संख्या के अंतिम 4 अंक से स्थानांतरित करने में मदद कर सकते हैं?,3,0
Thank you for your valuable information, आपकी बहुमूल्य जानकारी के लिए धन्यवाद,3,2
Great! could you please share the 16 digits of your credit card number?, महान! क्या आप कृपया अपने क्रेडिट कार्ड नंबर के 16 अंक साझा कर सकते हैं?,3,0
Sure. I'll help you with that. Could you please help me with your name and the last four digits of SSN?, ज़रूर। मैं इसमें आपकी मदद करूंगा। क्या आप कृपया मुझे अपने नाम और एसएसएन के अंतिम चार अंकों के साथ मदद कर सकते हैं?,3,0
Thank you for holding on. Your account ending with 8728 holds a balance of $500., रुके रहने के लिए धन्यवाद। 8728 से समाप्त होने वाले आपके खाते में 500 डॉलर की शेष राशि है।,3,0
"Hello, this is Suku","हैलो, यह सुकु है",3,0
"Thanks for waiting I have blocked your card and also requested for a new one for you, Hope you'll receive  it in 2 ]business days. "," प्रतीक्षा करने के लिए धन्यवाद मैंने आपका कार्ड ब्लॉक कर दिया है और आपके लिए एक नए कार्ड के लिए भी अनुरोध किया है, आशा है कि आप इसे 2 व्यावसायिक दिनों में प्राप्त कर लेंगे।",3,1
Thank you very much, आपका बहुत बहुत धन्यवाद,3,2
"Hello there, how may I help you today?"," नमस्ते, मैं आज आपकी कैसे मदद कर सकता हूं?",3,0
Great! could you please share the 16 digits of your credit card number?, महान! क्या आप कृपया अपने क्रेडिट कार्ड नंबर के 16 अंक साझा कर सकते हैं?,3,0
sorry said account no is wrong. i need to transfer $50 from 5522 to 5544, सॉरी ने कहा कि अकाउंट नंबर गलत है। मुझे $50 को 5522 से 5544 में स्थानांतरित करने की आवश्यकता है,3,1
BYE, अलविदा,2,0
"yES MIZNA ROSE, "," हाँ मिज़ना रोज़,",0,0
OK, ठीक है,2,0
My card no is 5544556655885599  SSN is 5588, मेरा कार्ड नंबर 5544556655885599 SSN 5588 है,1,0
"Hi, Want to transfer money from my account to another"," नमस्ते, अपने खाते से दूसरे खाते में पैसे ट्रांसफर करना चाहते हैं",3,0
"Could you please help me with your full name, the last four digits of your SSN and your credit card number?"," क्या आप कृपया अपना पूरा नाम, अपने एसएसएन के अंतिम चार अंक और अपने क्रेडिट कार्ड नंबर के साथ मेरी मदद कर सकते हैं?",3,0
Naveen Kumar, नवीन कुमार,0,0
"Sure, I'll be happy to do that for you. Please may I know your name?"," ज़रूर, मुझे आपके लिए ऐसा करने में खुशी होगी। कृपया क्या मैं आपका नाम जान सकता हूँ?",2,0
4993-0000-3637-3662, 4993-0000-3637-3662,0,0
Is there anything else I may assist you with?, क्या कुछ और है जिसमें मैं आपकी सहायता कर सकता हूं?,2,0
"Hey there, how may I help you today?"," अरे वहाँ, मैं आज आपकी कैसे मदद कर सकता हूँ?",3,0
Account number:2465735267853..SSN:9872, खाता संख्या: 2465735267853..एसएसएन:9872,0,0
Hey there! How may I help you today?, सुनो! आज मैं आपकी कैसे मदद कर सकता हूँ?,3,0
"Thank you for sharing all important information. I have requested for issuing a new card for you which will be sent at your address.
", सभी महत्वपूर्ण जानकारी साझा करने के लिए धन्यवाद। मैंने आपके लिए एक नया कार्ड जारी करने का अनुरोध किया है जो आपके पते पर भेजा जाएगा।,3,2
i want address change, मुझे पता बदलना है,1,0
VINOTH KUMAR, विनोथ कुमारी,1,0
of course my ssn is 1010, बेशक मेरा ssn 1010 . है,3,0
"Thanks Bob. To pull up the information I will require your last 4 digits of the SSN.
", धन्यवाद बॉब। जानकारी प्राप्त करने के लिए मुझे आपके एसएसएन के अंतिम 4 अंकों की आवश्यकता होगी।,3,0
Good effort, अच्छा प्रयास,3,2
HI, नमस्ते,2,0
hi. I think my card was stolen, नमस्ते। मुझे लगता है कि मेरा कार्ड चोरी हो गया था,3,1
Are you still there ?, क्या आप अभी भी हैं ?,1,0
Perfect! would you please share the last four digits of your SSN?, उत्तम! क्या आप कृपया अपने SSN के अंतिम चार अंक साझा करेंगे?,3,0
Great! Always a pleasure assisting a valuable customer like you. Have a great day ahead.,महान! आप जैसे मूल्यवान ग्राहक की सहायता करने में हमेशा खुशी होती है। आगे एक महान दिन हो।,3,2
goodbye,अलविदा,2,0
"sure,myself Jane roy"," ज़रूर, खुद जेन रॉय",2,0
Perfect! would you please share the last four digits of your SSN?, उत्तम! क्या आप कृपया अपने SSN के अंतिम चार अंक साझा करेंगे?,3,0
I'll be glad to assist you. May I know the concern please?, मुझे आपकी सहायता करने में खुशी होगी। क्या मैं कृपया चिंता जान सकता हूँ?,3,0
Thank you for reaching out to us. I’m glad I could help. Good day!,हमसे संपर्क की पहल के लिए आपका धन्यवाद। मैं खुश हूं कि मैं मदद कर सका। अच्छा दिन!,3,2
ok, ठीक है,2,0
The amount has been transferred and you'll be getting an email as well., राशि स्थानांतरित कर दी गई है और आपको एक ईमेल भी प्राप्त होगा।,1,0
i want to check my account balances, मैं अपने खाते की शेष राशि की जांच करना चाहता हूं,2,0
I'm glad I could help.Thanks for reaching out to us. Have a great day!, मुझे खुशी है कि मैं मदद कर सका।हमसे संपर्क करने के लिए धन्यवाद। आपका दिन अच्छा रहे!,3,2
Could you help me with the date when the card was last used?, क्या आप उस तारीख के बारे में मेरी मदद कर सकते हैं जब कार्ड का अंतिम बार उपयोग किया गया था?,3,0
No, नहीं,1,0
Perfect! May I know the new address as well?, उत्तम! क्या मैं नया पता भी जान सकता हूँ?,2,2
$1000, $1000,0,0
Thank you for the help., सहायता के लिए धनयवाद।,3,2
thank you, धन्यवाद,2,2
"Thank you Vineetha, Could you please let me know the last 4 digits of SSN and the last 4 digits of credit card account number?"," धन्यवाद विनीता, क्या आप कृपया मुझे एसएसएन के अंतिम 4 अंक और क्रेडिट कार्ड खाता संख्या के अंतिम 4 अंक बता सकते हैं?",3,0
yeah sure please transfer, हाँ ज़रूर ट्रांसफर करें,3,0
Let me know company's new lower rates, मुझे कंपनी की नई कम दरों के बारे में बताएं,2,0
6543,6543,0,0
Hello., नमस्ते।,3,0
hi..gud mrng, नमस्ते..गुड मृंग,3,0
The last four digits of account number is 5498, खाता संख्या के अंतिम चार अंक 5498 . है,1,0
ok, ठीक है,2,0
"thank you, you can end the chat session nonw"," धन्यवाद, आप चैट सत्र को समाप्त नहीं कर सकते हैं",3,0
May I ask if you have filed a police report?, क्या मैं पूछ सकता हूं कि क्या आपने पुलिस रिपोर्ट दर्ज की है?,2,0
My name is John Smith, मेरा नाम जॉन स्मिथ है,2,0
"Hello there, how may I help you today?"," नमस्ते, मैं आज आपकी कैसे मदद कर सकता हूं?",3,0
Cool! May I also know the last four digits of your SSN?, ठंडा! क्या मैं आपके SSN के अंतिम चार अंक भी जान सकता हूँ?,3,0
BYE, अलविदा,2,0
"Pleasure assisting you. Please do contact us. We will be glad to assist you.
Thank you for your time and patience. You have a great day.
", आपकी सहायता करने में खुशी। कृपया हमसे संपर्क करें। हमें आपकी सहायता करने में खुशी होगी। आपके समय और धैर्य के लिए आपका धन्यवाद। आपका दिन बहुत बढ़िया हो।,3,2
I MADE PURCHASE OF $250 BUT IT SHOWS ME A $300, मैंने $250 की खरीदारी की लेकिन यह मुझे $300 . दिखाता है,1,1
"Absolutely fine, I'll certainly help you with that. May I know your first and last name please?"," बिल्कुल ठीक, मैं इसमें आपकी जरूर मदद करूंगा। क्या मैं आपका पहला और अंतिम नाम जान सकता हूँ?",3,0
AND I DON'T WANT ANYONE TO TAKE ADVANTAGE OF IT., और मैं नहीं चाहता कि कोई इसका लाभ उठाए।,1,1
Okay! Thank you. Please allow me a moment while I check with the account.," ठीक! शुक्रिया। जब तक मैं खाते से जांच करता हूं, कृपया मुझे कुछ समय दें।",3,0
yes..an error in my credit card bill, हाँ..मेरे क्रेडिट कार्ड बिल में एक त्रुटि,2,1
"Thank you for waiting patiently I've now removed the charges on your bill and you'd be getting a new bill within 2 days
", धैर्यपूर्वक प्रतीक्षा करने के लिए धन्यवाद मैंने अब आपके बिल से शुल्क हटा दिए हैं और आपको 2 दिनों के भीतर एक नया बिल प्राप्त होगा,3,2
I would like to check my account balance please, मैं कृपया अपने खाते की शेष राशि की जांच करना चाहता हूं,3,0
"Pleasure assisting you. Please do contact us, if you face any issues. We will be glad to assist you.
Thank you for your time and patience. You have a great day.
","आपकी सहायता करने में खुशी। कृपया हमसे संपर्क करें, यदि आप किसी भी समस्या का सामना करते हैं। हमें आपकी सहायता करने में खुशी होगी। आपके समय और धैर्य के लिए आपका धन्यवाद। आपका दिन बहुत बढ़िया हो।",3,2
It was wonderful talking to you. Have a great day,आपसे बात करके बहुत अच्छा लगा। आपका दिन अच्छा रहे,3,2
"Thank you. Could you please let me know the date of the charge, time of charge and amount of the charge?"," शुक्रिया। क्या आप कृपया मुझे प्रभार की तिथि, प्रभार का समय और प्रभार की राशि के बारे में बता सकते हैं?",3,0
Great! Let me do that for you right away. Just allow me a moment while I initiate the transfer," महान! मुझे यह आपके लिए तुरंत करने दो। जब तक मैं स्थानांतरण आरंभ करता हूं, मुझे बस एक क्षण की अनुमति दें",3,2
$23000, $23000,0,0
"oh, sure 5533"," ओह, ज़रूर 5533",2,0
"Thank you James, May I also know the last 4 digits of account to which you’d like to transfer?"," धन्यवाद जेम्स, क्या मैं उस खाते के अंतिम 4 अंक भी जान सकता हूँ जिसमें आप स्थानांतरित करना चाहते हैं?",3,0
"Thank you Pooja for the information. I see the total amount in your account is $6700.
", जानकारी के लिए धन्यवाद पूजा जी। मैं देख रहा हूँ कि आपके खाते में कुल राशि $6700 है।,3,2
"Hello, how may I help you today?"," हैलो, मैं आज आपकी कैसे मदद कर सकता हूं?",3,0
"Need your help to resolve the issues for my credit card lost
", मेरे क्रेडिट कार्ड के गुम होने की समस्या का समाधान करने के लिए आपकी सहायता की आवश्यकता है,2,0
"799 E DRAGRAM SUITE 5A
   TUCSON AZ 85705
   USA", 799 E DRAGRAM SUIT 5A TUCSON AZ 85705 USA,0,0
Great. I have gone ahead and updated the new address for your convenience., महान। मैंने आपकी सुविधा के लिए आगे बढ़कर नया पता अपडेट कर दिया है।,3,2
I'd love to help you on this one however one of our employee will get back to you personally about this one,"मुझे इस पर आपकी मदद करना अच्छा लगेगा, हालांकि हमारा एक कर्मचारी इस बारे में आपसे व्यक्तिगत रूप से संपर्क करेगा",3,0
Hey there! How may I help you today?, सुनो! आज मैं आपकी कैसे मदद कर सकता हूँ?,3,0
Could you please provide me the date when card was last used., क्या आप कृपया मुझे वह तिथि प्रदान कर सकते हैं जब कार्ड का अंतिम बार उपयोग किया गया था।,3,0
No Thanks," जी नहीं, धन्यवाद",3,1
I’m glad I could resolve this for you. Have a great day!, मुझे खुशी है कि मैं इसे आपके लिए हल कर सका। आपका दिन अच्छा रहे!,3,2
Sure. I'll help you with that. Could you please help me with your name and the four digits of SSN?, ज़रूर। मैं इसमें आपकी मदद करूंगा। क्या आप कृपया मुझे अपने नाम और एसएसएन के चार अंकों के साथ मदद कर सकते हैं?,3,0
"My pleasure. Anything else I may help you out with?
", मेरा सौभाग्य। कुछ और मैं आपकी मदद कर सकता हूं?,3,2
"Okay, Ramesh could you also please help me out with your credit card number and last 4 digits of your SSN? ","ठीक है, रमेश क्या आप कृपया अपने क्रेडिट कार्ड नंबर और अपने एसएसएन के अंतिम 4 अंकों के साथ मेरी मदद कर सकते हैं?",3,0
HAI, हाई,2,0
my credit card was lost please help me, मेरा क्रेडिट कार्ड खो गया था कृपया मेरी मदद करें,3,1
"Sure, I'll help you with that. Could you please help me with your name and the four digits of SSN?"," ज़रूर, मैं इसमें आपकी मदद करूँगा। क्या आप कृपया मुझे अपने नाम और एसएसएन के चार अंकों के साथ मदद कर सकते हैं?",3,0
"Hello there, How may I help you today?
"," नमस्ते, मैं आज आपकी कैसे मदद कर सकता हूँ?",3,0
George Logan, जॉर्ज लोगान,0,0
"okay! I'll surely help you with that, May I know your first and last name please?"," ठीक है! मैं निश्चित रूप से इसमें आपकी मदद करूंगा, क्या मैं आपका पहला और अंतिम नाम जान सकता हूं?",3,0
Could you please share the last 4 digits of SSN and credit card number?, क्या आप कृपया एसएसएन के अंतिम 4 अंक और क्रेडिट कार्ड नंबर साझा कर सकते हैं?,3,0
"Hello, how may I help you today?"," हैलो, मैं आज आपकी कैसे मदद कर सकता हूं?",3,0
Sure! Could you please help me out with the number of checks you would like to order?, ज़रूर! क्या आप कृपया मेरी मदद कर सकते हैं कि आप कितने चेक ऑर्डर करना चाहते हैं?,3,0
Thank you very much, आपका बहुत बहुत धन्यवाद,3,2
OK, ठीक है,2,0
wow.great, वाह शानदार,2,2
Perfect! How much would you want to transfer?, उत्तम! आप कितना ट्रांसफर करना चाहेंगे?,3,2
Thank you, आपको धन्यवाद,3,2
I've contacted the concerned authorities. They’ll be connecting with you in the next 24 hours and help you with the low interest rate accounts. Would you need anything else?, मैंने संबंधित अधिकारियों से संपर्क किया है। वे अगले 24 घंटों में आपके साथ जुड़ जाएंगे और कम ब्याज दर वाले खातों में आपकी सहायता करेंगे। क्या आपको कुछ और चाहिए होगा?,3,1
2.35469E+15,2.35469E+14,0,0
Hello., नमस्ते।,3,0
Could you specify what kind of information you'd want to know about savings account?, क्या आप निर्दिष्ट कर सकते हैं कि आप बचत खाते के बारे में किस प्रकार की जानकारी जानना चाहेंगे?,3,0
"Perfect. Could you please provide me your complete credit card number.
", उत्तम। क्या आप कृपया मुझे अपना पूरा क्रेडिट कार्ड नंबर प्रदान कर सकते हैं।,3,2
Hi Charlie, हाय चार्ली,3,0
and i need to transfer my balance to another account can you help me on that ?," और मुझे अपनी शेष राशि दूसरे खाते में स्थानांतरित करने की आवश्यकता है, क्या आप इसमें मेरी सहायता कर सकते हैं?",1,0
"I highly appreciate your patience, I would like to inform you that the address has been successfully updated to City Center. ","मैं आपके धैर्य की अत्यधिक सराहना करता हूं, मैं आपको सूचित करना चाहता हूं कि पता सफलतापूर्वक सिटी सेंटर में अपडेट कर दिया गया है।",3,2
"Awesome.I have processed the request and the charge has been removed. I do apologize for the inconvenience caused.
", बहुत बढ़िया।मैंने अनुरोध संसाधित कर दिया है और शुल्क हटा दिया गया है। हुई असुविधा के लिए मुझे खेद है।,3,2
3449,3449,0,0
Awesome! I had a great time assisting you. Please do feel free to reach out to us for further queries. Have a good day. Bye now., बहुत बढ़िया! मुझे आपकी सहायता करने में बहुत अच्छा लगा। कृपया आगे के प्रश्नों के लिए हमसे बेझिझक संपर्क करें। आपका दिन शुभ हो। अलविदा।,3,2
Would there be anything else I may help you with?, क्या कुछ और होगा जिसमें मैं आपकी मदद कर सकूं?,2,0
bye, अलविदा,2,0
"NO THANKS, HAVE A GREAT DAY"," नहीं धन्यवाद, आपका दिन शुभ हो",3,2
WHAT IS THE LOWEST RATES IN COMMERCIAL VALUE ?, वाणिज्यिक मूल्य में सबसे कम दरें क्या हैं?,0,0
Perfect! would you please share the last four digits of your SSN?, उत्तम! क्या आप कृपया अपने SSN के अंतिम चार अंक साझा करेंगे?,3,0
"Dear user, I believe you are aware of the guidelines however I request you to be conversational instead of providing all information in one single comment.
"," प्रिय उपयोगकर्ता, मेरा मानना है कि आप दिशानिर्देशों से अवगत हैं, हालांकि मैं आपसे एक ही टिप्पणी में सभी जानकारी प्रदान करने के बजाय बातचीत करने का अनुरोध करता हूं।",0,1
"Hello there, how may I help you today?"," नमस्ते, मैं आज आपकी कैसे मदद कर सकता हूं?",3,0
I am doing great., मैं अच्छा हूँ।,2,2
no, नहीं,1,1
Thank you for holding on. Your account ending with 8303 holds a balance of $500., रुके रहने के लिए धन्यवाद। 8303 से समाप्त होने वाले आपके खाते में $500 की शेष राशि है।,3,0
"Thank you, when was the card last used?"," धन्यवाद, कार्ड का अंतिम बार उपयोग कब किया गया था?",3,0
Thank you Rory!, धन्यवाद रोरी!,3,2
9.80E+15,9.80E+15,0,0
I'll be glad to assist you with that.  May I know your name please?, मुझे इसमें आपकी सहायता करने में खुशी होगी। क्या मैं आपका नाम जान सकता हूँ?,3,0
Thanks Chana. Please provide me the last 4 digits of the account number., धन्यवाद चना। कृपया मुझे खाता संख्या के अंतिम 4 अंक प्रदान करें।,3,0
hi dear, हाय डियर,3,0
"No, that is it"," नहीं, बस यही",1,0
THANK YOU, धन्यवाद,3,2
May I know if there's any other concern?, क्या मुझे पता चल सकता है कि क्या कोई अन्य चिंता है?,2,0
HOW MANY DAYS IT WILL BE TAKEN?, कितने दिन लगेंगे?,0,0
james cameron, जेम्स केमरोन,0,0
1.20365E+14,1.20365E+14,0,0
And also would please help me with the date and amount of the charge?, और कृपया मुझे शुल्क की तारीख और राशि के बारे में भी मदद करेंगे?,3,0
"Sure, I'm here to help you out with that. Could you please provide me with your full name? "," ज़रूर, मैं यहाँ आपकी मदद करने के लिए हूँ। क्या आप कृपया मुझे अपना पूरा नाम प्रदान कर सकते हैं?",3,0
"Sure. Could you please help me with your full name and the last four digits of your account number and SSN?
",ज़रूर। क्या आप कृपया अपना पूरा नाम और अपने खाता संख्या और एसएसएन के अंतिम चार अंकों के साथ मेरी मदद कर सकते हैं?,3,0
SSN: 2598/ A/C NO: 5073, एसएसएन: 2598/ए/सी नं: 5073,1,0
THANK YOU, धन्यवाद,3,2
thankyou very much Mr. Rory., बहुत बहुत धन्यवाद श्रीमान रोरी।,0,2
Thank you. Could you help me with the date when the card was last used?, शुक्रिया। क्या आप उस तारीख के बारे में मेरी मदद कर सकते हैं जब कार्ड का अंतिम बार उपयोग किया गया था?,3,0
You’re welcome. I had a great time assisting you. Please do feel free to reach out to us for further queries. Have a good day. Bye now., आपका स्वागत है। मुझे आपकी सहायता करने में बहुत अच्छा लगा। कृपया आगे के प्रश्नों के लिए हमसे बेझिझक संपर्क करें। आपका दिन शुभ हो। अलविदा।,3,2
"Sure, I'll be happy to do that for you.  Please may I know your name?","ज़रूर, मुझे आपके लिए ऐसा करने में खुशी होगी। कृपया क्या मैं आपका नाम जान सकता हूँ?",3,0
no, नहीं,1,1
thank you, धन्यवाद,2,2
Thank you very much for your assistance!, आपकी मदद के लिए बहुत धन्यवाद!,3,2
"Okay! I've blocked your card, you'll receive a email on your registered email Id. Kindly, acknowledge it. Would you like to order a new card?"," ठीक! मैंने आपका कार्ड ब्लॉक कर दिया है, आपको अपनी पंजीकृत ईमेल आईडी पर एक ईमेल प्राप्त होगा। कृपया, इसे स्वीकार करें। क्या आप एक नया कार्ड ऑर्डर करना चाहेंगे?",3,1
and the last four digits of the account numbers?, और खाता संख्या के अंतिम चार अंक?,0,0
Could you please let me know the last 4 digits of account from which you'd like to transfer?, क्या आप कृपया मुझे उस खाते के अंतिम 4 अंक बता सकते हैं जिससे आप स्थानांतरण करना चाहते हैं?,3,0
"Awesome.I have processed the request and the charge has been removed. I do apologize for the inconvenience caused.
", बहुत बढ़िया।मैंने अनुरोध संसाधित कर दिया है और शुल्क हटा दिया गया है। हुई असुविधा के लिए मुझे खेद है।,3,2
It is incorrectly billed, यह गलत तरीके से बिल किया गया है,0,1
For sure. May I know your name please?, पक्का। क्या मैं आपका नाम जान सकता हूँ?,3,0
I'd also require the complete 16 digit credit card number.,मुझे पूरे 16 अंकों के क्रेडिट कार्ड नंबर की भी आवश्यकता होगी।,1,0
ok thank you so much ma, ठीक है बहुत बहुत धन्यवाद माँ,3,2
no thank for your help, आपकी मदद के लिए धन्यवाद नहीं,3,1
OK THANKS, ठीक है धन्यवाद,3,2
Jamie please do it fast, जेमी कृपया इसे तेजी से करें,2,0
"Hello, how may I help you with today? "," हैलो, मैं आज आपकी कैसे मदद कर सकता हूं?",3,0
Is there anything else I could help you with?, क्या कुछ और है जिसमें मैं आपकी मदद कर सकता हूं?,2,0
My name is Kala, मेरा नाम कला है,2,0
"Hello. How may I help you today?
", नमस्ते। आज मैं आपकी कैसे मदद कर सकता हूँ?,3,0
"Don't worry,Charles! I'll block your card for you soon. Please could you share with me the credit card number and also your SSN number?"," चिंता मत करो, चार्ल्स! मैं जल्द ही आपके लिए आपका कार्ड ब्लॉक कर दूँगा। क्या आप मेरे साथ क्रेडिट कार्ड नंबर और अपना एसएसएन नंबर साझा कर सकते हैं?",2,0
"That's perfect, please allow me a minute."," यह एकदम सही है, कृपया मुझे एक मिनट का समय दें।",2,2
Okay great! Thank you so much for your cooperation! Have a great day!, ठीक है बढ़िया! आपके सहयोग के लिए बहुत बहुत धन्यवाद! आपका दिन अच्छा रहे!,3,2
Is there anything I could assist you with Arun?, क्या मैं अरुण के साथ आपकी कुछ सहायता कर सकता हूँ?,2,0
Hello, नमस्ते,2,0
Thank you for the information. I've requested for a new card for you. You'll receive it within 48 hours.,जानकारी के लिए धन्यवाद। मैंने आपके लिए एक नए कार्ड के लिए अनुरोध किया है। आप इसे 48 घंटों के भीतर प्राप्त कर लेंगे।,3,2
Thank you Marcy., धन्यवाद मार्सी।,3,2
I’m sorry about it.  I'll help you with that. Could you please help me with your name and the last four digits of SSN?, मुझे इसका खेद है। मैं इसमें आपकी मदद करूंगा। क्या आप कृपया मुझे अपने नाम और एसएसएन के अंतिम चार अंकों के साथ मदद कर सकते हैं?,3,1
My old credit card expired..I would like buy another alternate credit card.., मेरा पुराना क्रेडिट कार्ड समाप्त हो गया..मैं एक और वैकल्पिक क्रेडिट कार्ड खरीदना चाहूंगा..,2,0
Tuo oli, तुओ ओलि,0,0
I'll be glad to assist you with that. May I know your name please?, मुझे इसमें आपकी सहायता करने में खुशी होगी। क्या मैं आपका नाम जान सकता हूँ?,3,0
hai, हाय,2,0
Great. I have gone ahead and updated the new address for your convenience., महान। मैंने आपकी सुविधा के लिए आगे बढ़कर नया पता अपडेट कर दिया है।,3,2
ok Thanks Sam. . I will do immediately, ठीक है धन्यवाद सैम। . मैं तुरंत करूँगा,3,0
You're welcome. Good bye!, आपका स्वागत है। अलविदा!,3,2
"I'm sorry that you have been charged extra. However, I'll ensure that I'll raise a request to delete the charge and kindly give us 24-48 hours to get this resolved. You will also be receiving a confirmation e-mail once this is resolved. Is there anything else I might help you with today?"," मुझे खेद है कि आपसे अतिरिक्त शुल्क लिया गया है। हालांकि, मैं यह सुनिश्चित करूंगा कि मैं शुल्क हटाने का अनुरोध करूंगा और कृपया इसे हल करने के लिए हमें 24-48 घंटे का समय दें। इसका समाधान हो जाने पर आपको एक पुष्टिकरण ई-मेल भी प्राप्त होगा। क्या आज मैं आपकी कुछ और मदद कर सकता हूँ?",3,1
Glad to assist a customer like you. have a nice day. goodbye., आप जैसे ग्राहक की सहायता करने में खुशी हो रही है। आपका दिन शुभ हो। अलविदा।,3,2
" May I please know your first and last name?
", क्या मैं आपका पहला और अंतिम नाम जान सकता हूँ?,3,0
Thank you for reaching out to us. Always a pleasure to assist you. Have a great day!, हमसे संपर्क की पहल के लिए आपका धन्यवाद। आपकी सहायता करने में हमेशा खुशी होती है। आपका दिन अच्छा रहे!,3,2
Tianna Fitzpatrick, टियाना फिट्ज़पैट्रिक,0,0
18th june, 18 जून,0,0
Hello, नमस्ते,2,0
You're most welcome. Is there anything else I could assist you with?, आपका स्वागत है। क्या कुछ और है जिसमें मैं आपकी सहायता कर सकता हूं?,3,2
$500, $500,0,0
no thanks," जी नहीं, धन्यवाद",3,1
please change address on my account, कृपया मेरे खाते का पता बदलें,3,0
Bye, अलविदा,2,0
No, नहीं,1,0
Would there be anything else I may help you with today?, क्या आज मैं आपकी कुछ और मदद कर सकता हूँ?,2,0
245,245,0,0
"MY ADDRESS IS 10, HEROINE STREET CA 56128."," मेरा पता 10 है, हीरोइन स्ट्रीट सीए 56128।",2,0
Nothing else, और कुछ नहीं,2,0
Could you be more specific about account number?, क्या आप खाता संख्या के बारे में अधिक विशिष्ट हो सकते हैं?,3,0
THank you very much, बहुत बहुत धन्यवाद,3,2
Please help me with the last four digits of the account number you would like the amount to be transferred to.,कृपया उस खाता संख्या के अंतिम चार अंकों के बारे में मेरी सहायता करें जिसमें आप राशि हस्तांतरित करना चाहते हैं।,3,0
"Hello,","नमस्ते,",3,0
3402,3402,0,0
Error in my credit card bill., मेरे क्रेडिट कार्ड बिल में त्रुटि।,1,1
"
I would be glad to help you with transferring the amount. Could you please help me out with your name and last for digits of the SSN?", मुझे राशि ट्रांसफर करने में आपकी मदद करने में खुशी होगी। क्या आप कृपया मुझे अपने नाम के साथ मदद कर सकते हैं और एसएसएन के अंकों के लिए अंतिम हो सकते हैं?,3,0
Thanks. To get your bank details I would need your last 4 digits of SSN, धन्यवाद। आपका बैंक विवरण प्राप्त करने के लिए मुझे आपके एसएसएन के अंतिम 4 अंकों की आवश्यकता होगी,3,0
I want change my credit card address, मुझे अपना क्रेडिट कार्ड पता बदलना है,2,0
Should I confirm 3023 as your SSN?, क्या मुझे आपके एसएसएन के रूप में 3023 की पुष्टि करनी चाहिए?,1,0
kiruthik rosan, किरुथिक रोसानी,2,0
Thank you so much for your time and patience. You have an amazing day!, आपके समय और धैर्य के लिए बहुत-बहुत धन्यवाद। आपके पास एक अद्भुत दिन है!,3,2
"102 wooster st, ny 55555"," 102 वूस्टर सेंट, एनवाई 55555",0,0
Surely I will help you. May I please know your first and last name?, ज़रूर मैं आपकी मदद करूँगा। क्या मैं आपका पहला और अंतिम नाम जान सकता हूँ?,3,0
Hello. How may I help you?, नमस्ते। क्या मेरे द्वारा आपकी कोई सहायता हो सकती है?,3,0
OK THANK YOU, ठीक है धन्यवाद,3,2
"Sure thing, may I know your name please?"," ज़रूर, क्या मैं आपका नाम जान सकता हूँ?",3,0
ok thank you good day, ठीक है धन्यवाद शुभ दिन,3,2
Hey! How may I help you today?, अरे! आज मैं आपकी कैसे मदद कर सकता हूँ?,3,0
hii, हायि,2,0
gud mrng..my credit card has been stolen, गुड एमआरएनजी..मेरा क्रेडिट कार्ड चोरी हो गया है,3,1
3333,3333,0,0
OK, ठीक है,2,0
"Sure, I", जरूर मैं,2,0
Maya, माया,2,0
Thanks for your information.., आपकी जानकारी के लिए धन्यवाद..,3,2
How may I help you today?, आज मैं आपकी कैसे मदद कर सकता हूँ?,2,0
ok, ठीक है,2,0
Thanks for your information.., आपकी जानकारी के लिए धन्यवाद..,3,2
Lillianna Wyatt, लिलियाना व्याट,2,0
Perfect! May I know the date of the charge?, उत्तम! क्या मैं शुल्क की तारीख जान सकता हूं?,2,2
238,238,0,0
thanks ... can u give information about company's new lower rates you saw in a commercial are available for me ?, धन्यवाद ... क्या आप कंपनी की नई कम दरों के बारे में जानकारी दे सकते हैं जो आपने एक विज्ञापन में देखी थी जो मेरे लिए उपलब्ध है?,3,0
"Don't worry, Abram. I'll get the card blocked right away for you. I'll be needing you card number and also your SSN. Please could you provide me with them?"," चिंता मत करो, अब्राम। मैं आपके लिए कार्ड को तुरंत ब्लॉक करवा दूंगा। मुझे आपके कार्ड नंबर और आपके एसएसएन की भी आवश्यकता होगी। कृपया क्या आप मुझे उनके साथ प्रदान कर सकते हैं?",3,0
Hello?, नमस्ते?,3,0
Hello, नमस्ते,2,0
Hi, नमस्ते,2,0
How may I help you today?, आज मैं आपकी कैसे मदद कर सकता हूँ?,2,0
It was wonderful talking to you. Have a great day,आपसे बात करके बहुत अच्छा लगा। आपका दिन अच्छा रहे,3,2
3264,3264,0,0
320,320,0,0
"Thank you, sir! Please help me with the credit card number and also your SSN number.",धन्यवाद महोदय! कृपया क्रेडिट कार्ड नंबर और अपना एसएसएन नंबर देने में मेरी मदद करें।,3,0
Thanks again! Please could you provide me with the amount charged and also the date on which it was charged?, एक बार फिर धन्यवाद! कृपया क्या आप मुझे चार्ज की गई राशि और वह तारीख भी प्रदान कर सकते हैं जिस दिन इसे चार्ज किया गया था?,3,0
No i got enough information..Thank you!," नहीं, मेरे पास पर्याप्त जानकारी है..धन्यवाद!",3,2
Thank you for waiting patiently the address will be changed shorty and it'll take up to 2 hours for the changes to be effective and you'll get a confirmation email as well.," धैर्यपूर्वक प्रतीक्षा करने के लिए धन्यवाद, पता संक्षिप्त रूप से बदल दिया जाएगा और परिवर्तनों को प्रभावी होने में 2 घंटे तक का समय लगेगा और आपको एक पुष्टिकरण ईमेल भी प्राप्त होगा।",3,1
"Hey! I've updated your address, you'll receive a notification on your banking application about the same shortly. Kindly, acknowledge it.  Would there be anything else I may help you with? ","अरे! मैंने आपका पता अपडेट कर दिया है, आपको जल्द ही इसके बारे में अपने बैंकिंग आवेदन पर एक सूचना प्राप्त होगी। कृपया, इसे स्वीकार करें। क्या कुछ और होगा जिसमें मैं आपकी मदद कर सकूं?",3,0
NAME - SILKKU, नाम - सिल्ककु,0,0
"I highly appreciate your patience, I'd like to inform you that I've successfully updated your address to 523 Devonshire Street Charleston, SC 29406."," मैं आपके धैर्य की अत्यधिक सराहना करता हूं, मैं आपको सूचित करना चाहता हूं कि मैंने आपका पता 523 डेवोनशायर स्ट्रीट चार्ल्सटन, एससी 29406 में सफलतापूर्वक अपडेट कर दिया है।",3,2
THANK YOU SO MUCH, आपका बहुत-बहुत धन्यवाद,3,2
hi, नमस्ते,2,0
"Okay, That's is not at all a problem, I'll surely change that."," ठीक है, यह कोई समस्या नहीं है, मैं निश्चित रूप से इसे बदल दूंगी।",3,0
"I would be glad to help you out in this regards. May I know your name please?
", मुझे इस संबंध में आपकी मदद करने में खुशी होगी। क्या मैं आपका नाम जान सकता हूँ?,3,0
"Brian Edward
", ब्रायन एडवर्ड,0,0
Perfect! May I know if there's any police complaint filed about the lost?, उत्तम! क्या मुझे पता चल सकता है कि गुमशुदा के बारे में कोई पुलिस शिकायत दर्ज की गई है?,2,2
"8376 Grant Street 
Waukesha, WI 53186"," 8376 ग्रांट स्ट्रीट वौकेशा, WI 53186",0,0
thanks, धन्यवाद,2,2
You’re most welcome. Is there anything else I could help you with?, आपका स्वागत है। क्या कुछ और है जिसमें मैं आपकी मदद कर सकता हूं?,3,2
Angayi Ashogan, अंगाई अशोगनी,0,0
Venkat ram, वेंकट राम,0,0
2.35E+16,2.35E+16,0,0
Great! Could you also help me out with your credit card number?, महान! क्या आप अपने क्रेडिट कार्ड नंबर के बारे में भी मेरी मदद कर सकते हैं?,3,2
I've updated your new address on the system. All communications will be made to the new address. Is there anything else that I could do for you?,मैंने सिस्टम पर आपका नया पता अपडेट कर दिया है। सभी संचार नए पते पर किए जाएंगे। क्या कुछ और है जो मैं तुम्हारे लिए कर सकता हूँ?,3,0
ssn 4582, एसएसएन 4582,0,0
You're welcome. May I confirm if all your questions have been answered for today?, आपका स्वागत है। क्या मैं पुष्टि कर सकता हूँ कि क्या आज के लिए आपके सभी प्रश्नों का उत्तर दे दिया गया है?,3,2
CHITHRA, चित्रा,2,0
"I would be glad to help you out in this regards. May I know your name please?
", मुझे इस संबंध में आपकी मदद करने में खुशी होगी। क्या मैं आपका नाम जान सकता हूँ?,3,0
Thank you, आपको धन्यवाद,2,2
Are connected with me, मेरे साथ जुड़े हुए हैं,1,0
"Oh no! I'm so sorry that you've been charged erroneously, I'll surely try to help you out. May I know your first and last name please? "," धत्तेरे की! मुझे खेद है कि आप पर गलती से शुल्क लगा दिया गया है, मैं निश्चित रूप से आपकी सहायता करने का प्रयास करूँगा। क्या मैं आपका पहला और अंतिम नाम जान सकता हूँ?",3,1
I lost my credit card. Can you help me with that issue?, मैंने अपना क्रेडिट कार्ड खो दिया है। क्या आप उस मुद्दे में मेरी मदद कर सकते हैं?,3,0
1.47525E+15,1.47525E+15,0,0
09-06-2018,09-06-2018,0,0
i have error of my credit card charged removed, मेरे पास मेरे क्रेडिट कार्ड चार्ज की त्रुटि हटा दी गई है,1,1
Thank you. Could you please share the complete credit card number?, शुक्रिया। क्या आप कृपया पूरा क्रेडिट कार्ड नंबर साझा कर सकते हैं?,3,0
ok..thank you soo much.., ठीक है..बहुत बहुत धन्यवाद..,3,2
Raghav kanna, राघव कन्न,0,0
Okay thank you, ठीक है धन्यवाद,3,0
Good news! I've transferred your amount you'll receive a notification in your banking application. Would there be anything else I may help you with?," खुशखबरी! मैंने आपकी राशि स्थानांतरित कर दी है, आपको अपने बैंकिंग आवेदन में एक सूचना प्राप्त होगी। क्या कुछ और होगा जिसमें मैं आपकी मदद कर सकूं?",3,2
NO, ना,1,1
NAME : PRIYA AND SSN NO 8888, नाम: प्रिया और एसएसएन नंबर 8888,1,0
"Hello there, how may I help you today?"," नमस्ते, मैं आज आपकी कैसे मदद कर सकता हूं?",3,0
06/19/2018..Time:09:57am, 06/19/2018..समय:09:57am,0,0
"Hello there, how may I help you today?"," नमस्ते, मैं आज आपकी कैसे मदद कर सकता हूं?",3,0
4.58655E+14,4.58655E+14,0,0
06-01-2018,06-01-2018,0,0
Hi Charlie, हाय चार्ली,3,0
"Hello, how may I help you today?"," हैलो, मैं आज आपकी कैसे मदद कर सकता हूं?",3,0
"Thank you for waiting patiently your account balance is $10.
 "," धैर्यपूर्वक प्रतीक्षा करने के लिए धन्यवाद, आपके खाते की शेष राशि $10 है।",3,0
"Sure, please tell me Mary. "," ज़रूर, कृपया मुझे मैरी बताओ।",2,0
1.25898E+15,1.25898E+15,0,0
Thank you!Please could you help me with the credit card number and also your SSN number?,धन्यवाद!कृपया क्या आप क्रेडिट कार्ड नंबर और अपने एसएसएन नंबर के साथ मेरी मदद कर सकते हैं?,3,0
BYE, अलविदा,2,0
"Hello, how may I help you with today?"," हैलो, मैं आज आपकी कैसे मदद कर सकता हूं?",3,0
4656,4656,0,0
2345,2345,0,0
MY CREDIT CARD NUMBER IS 5217 8410 3602 8439, मेरा क्रेडिट कार्ड नंबर 5217 8410 3602 8439 . है,1,0
My Name is williams, मेरा नाम विलियम्स है,2,0
12/06/2018 THAT CHARGE AMOUNT WAS $120, 12/06/2018 वह शुल्क राशि $120 थी,0,0
"My pleasure. Anything else I may help you out with?
", मेरा सौभाग्य। कुछ और मैं आपकी मदद कर सकता हूं?,3,2
I’m glad I could resolve this for you. Have a great day., मुझे खुशी है कि मैं इसे आपके लिए हल कर सका। आपका दिन अच्छा रहे।,3,2
alex credit was used on 23 jun 2018 last, पिछले 23 जून 2018 को एलेक्स क्रेडिट का उपयोग किया गया था,0,0
"Sure. Could you please help me with your full name, the last four digits of your SSN and your complete credit card number?
"," ज़रूर। क्या आप कृपया अपना पूरा नाम, अपने एसएसएन के अंतिम चार अंक और अपना पूरा क्रेडिट कार्ड नंबर देने में मेरी मदद कर सकते हैं?",3,0
Great! could you please share the 16 digits of your credit card number?, महान! क्या आप कृपया अपने क्रेडिट कार्ड नंबर के 16 अंक साझा कर सकते हैं?,3,0
01-06-2018,01-06-2018,0,0
HOW TO RETRIEVE CREDIT CARD BILL, क्रेडिट कार्ड बिल कैसे प्राप्त करें,1,0
Thank you so much for bringing this to our notice. I'll ensure that I'll raise a request to delete the charge and kindly give us 24-48 hours to get this resolved. You will also be receiving a confirmation e-mail once this is resolved. Is there anything else I might help you with today?, इसे हमारे संज्ञान में लाने के लिए आपका बहुत-बहुत धन्यवाद। मैं यह सुनिश्चित करूंगा कि मैं शुल्क हटाने का अनुरोध करूंगा और कृपया इसे हल करने के लिए हमें 24-48 घंटे का समय दें। इसका समाधान हो जाने पर आपको एक पुष्टिकरण ई-मेल भी प्राप्त होगा। क्या आज मैं आपकी कुछ और मदद कर सकता हूँ?,3,1
I lost my credit card, मैंने अपना क्रेडिट कार्ड खो दिया है,1,1
May I know if there's a complaint about the credit card to the police?, क्या मुझे पता चल सकता है कि पुलिस को क्रेडिट कार्ड के बारे में कोई शिकायत है या नहीं?,2,0
"Sure, I'll be happy to do that for you.  Please may I know your name?","ज़रूर, मुझे आपके लिए ऐसा करने में खुशी होगी। कृपया क्या मैं आपका नाम जान सकता हूँ?",3,0
May I also know the last four digits of your SSN?, क्या मैं आपके SSN के अंतिम चार अंक भी जान सकता हूँ?,2,0
Could you also let me know the last 4 digits of the account number., क्या आप मुझे खाता संख्या के अंतिम 4 अंक भी बता सकते हैं।,3,0
999 AND PAUL JOSHWA STREET ZL 99542, 999 और पॉल जोशवा स्ट्रीट ZL 99542,0,0
You’re welcome. I had a great time assisting you. Please do feel free to reach out to us for further queries. Have a good day. Bye now., आपका स्वागत है। मुझे आपकी सहायता करने में बहुत अच्छा लगा। कृपया आगे के प्रश्नों के लिए हमसे बेझिझक संपर्क करें। आपका दिन शुभ हो। अलविदा।,3,2
"Sure. Could you please help me with your full name, the last four digits of your SSN and your complete credit card number?
"," ज़रूर। क्या आप कृपया अपना पूरा नाम, अपने एसएसएन के अंतिम चार अंक और अपना पूरा क्रेडिट कार्ड नंबर देने में मेरी मदद कर सकते हैं?",3,0
I WILL CHECK, मैं जाँच करूँगा,1,0
"Thank you, please could you share with me the account number and also your SSN number?"," धन्यवाद, क्या आप मेरे साथ खाता संख्या और अपना एसएसएन नंबर साझा कर सकते हैं?",3,0
i need to make a one transfer from my account to another account can you do it ?, मुझे अपने खाते से दूसरे खाते में एक स्थानान्तरण करने की आवश्यकता है क्या आप यह कर सकते हैं?,3,0
Perfect! would you please share the last four digits of your SSN?, उत्तम! क्या आप कृपया अपने SSN के अंतिम चार अंक साझा करेंगे?,3,0
"I’m sorry this has happened, Krish. I understand you're upset, and I will do my best to help you"," मुझे खेद है कि ऐसा हुआ है, कृष। मैं समझता हूं कि आप परेशान हैं, और मैं आपकी मदद करने की पूरी कोशिश करूंगा",3,1
NO, ना,1,1
Thank you so much for your time. You have an amazing day!, आपके समय के लिए बहुत बहुत शुक्रिया। आपके पास एक अद्भुत दिन है!,3,2
Perfect! Please allow me a minute to transfer the money., उत्तम! कृपया मुझे पैसे ट्रांसफर करने के लिए एक मिनट का समय दें।,2,2
thanks for being patient Jane. I've transferred the amount., धैर्य रखने के लिए धन्यवाद जेन। मैंने राशि ट्रांसफर कर दी है।,3,2
Thank you. Could you help me with the new address?, शुक्रिया। क्या आप नए पते में मेरी मदद कर सकते हैं?,3,0
thank you charlie, धन्यवाद चार्ली,3,2
I LOST MY CARD,मैंने अपना कार्ड खो दिया,0,1
SORRY I DON'T HAVE A LAST NAME!, क्षमा करें मेरा कोई अंतिम नाम नहीं है!,3,1
hi, नमस्ते,2,0
"NO -400 DOLL ROAD ,JEMINI-CH 56"," नंबर -400 गुड़िया रोड, जेमिनी-सीएच 56",1,0
Okay great! Thank you so much for your cooperation. Have a great day!, ठीक है बढ़िया! आपके सहयोग के लिए बहुत बहुत धन्यवाद। आपका दिन अच्छा रहे!,3,2
Perfect! May I also know the last four digits of your SSN?, उत्तम! क्या मैं आपके SSN के अंतिम चार अंक भी जान सकता हूँ?,3,0
i also want to change my address, मुझे भी अपना पता बदलना है,2,0
Surely I will help you. May I please know your first and last name?, ज़रूर मैं आपकी मदद करूँगा। क्या मैं आपका पहला और अंतिम नाम जान सकता हूँ?,3,0
Is there anything else I may assist you with?, क्या कुछ और है जिसमें मैं आपकी सहायता कर सकता हूं?,2,0
date is 16 june and time is 6.30 am and amount is 1000 dollars, तारीख 16 जून है और समय सुबह 6.30 बजे है और राशि 1000 डॉलर है,0,0
Amazing! Could you help me with the new address so that I can update it right away for you?,अद्भुत! क्या आप नए पते में मेरी मदद कर सकते हैं ताकि मैं इसे आपके लिए तुरंत अपडेट कर सकूं?,3,2
Tamil, तामिल,0,0
ok, ठीक है,2,0
Thank you. Could you help me with the date and amount of the charge?,शुक्रिया। क्या आप शुल्क की तारीख और राशि के बारे में मेरी मदद कर सकते हैं?,3,0
"Awesome! I'm glad I was of help. Thank you so much for your cooperation, have a great day! "," बहुत बढ़िया! मुझे खुशी है कि मैंने मदद की। आपके सहयोग के लिए बहुत-बहुत धन्यवाद, आपका दिन मंगलमय हो!",3,2
"1015, New HR street, VA"," 1015, न्यू एचआर स्ट्रीट, वीए",0,0
"Thanks Vincy. To pull up the information I will require your last 4 digits of the SSN.
", धन्यवाद विंसी। जानकारी प्राप्त करने के लिए मुझे आपके एसएसएन के अंतिम 4 अंकों की आवश्यकता होगी।,3,0
"Hello there, how may I help you today?"," नमस्ते, मैं आज आपकी कैसे मदद कर सकता हूं?",3,0
change my address in credit card, क्रेडिट कार्ड में मेरा पता बदलें,1,0
thank you for your information, आपकी जानकारी के लिए धन्यवाद,3,2
Sure, ज़रूर,2,0
thank u, धन्यवाद,3,2
hai, हाय,2,0
ohhh thanks a lot, ओह्ह बहुत बहुत धन्यवाद,3,2
Hey! did I answer all your questions for today?, अरे! क्या मैंने आज के लिए आपके सभी प्रश्नों का उत्तर दिया?,3,0
"Thank you, Haseena. Please could you also help me with the credit card number and also your SSN number? "," धन्यवाद, हसीना। कृपया क्या आप क्रेडिट कार्ड नंबर और अपने एसएसएन नंबर के साथ भी मेरी मदद कर सकते हैं?",3,0
Amount of charge 900, शुल्क की राशि 900,0,0
My name is Mohan Raja, मेरा नाम मोहन राज है,2,0
"Yes of course, you can visit our website i.e www.bankers.com and then you will be able to a option like 'my account details' it is at the right hand side of the page and then you'll be able to download your account details. ","हां, आप हमारी वेबसाइट www.bankers.com पर जा सकते हैं और फिर आप 'माई अकाउंट डिटेल्स' जैसे विकल्प के लिए सक्षम होंगे जो पेज के दाईं ओर है और फिर आप अपना डाउनलोड कर पाएंगे खाता विवरण।",3,0
ok, ठीक है,2,0
"Hello there, May I know your name please?"," नमस्ते, क्या मैं आपका नाम जान सकता हूँ?",3,0
I'm so sorry to here that. I'll surely help you with this. May I know your first and last name please?, मुझे यहाँ इस बात का बहुत अफ़सोस है। मैं इसमें आपकी मदद जरूर करूंगा। क्या मैं आपका पहला और अंतिम नाम जान सकता हूँ?,3,1
Thiru Meni, थिरु मेनिस,2,0
hello casey, हैलो केसी,3,0
All right. Please tell me the date and the time of the error., ठीक है। कृपया मुझे त्रुटि की तिथि और समय बताएं।,2,1
"We are glad that you are interested in our bank. However, for any information about the interest rates and loans, please feel free to visit our official website www.bankers.com."," हमें खुशी है कि आप हमारे बैंक में रुचि रखते हैं। हालांकि, ब्याज दरों और ऋणों के बारे में किसी भी जानकारी के लिए, कृपया बेझिझक हमारी आधिकारिक वेबसाइट www.bankers.com पर जाएं।",3,2
Could you let me know the last 4 digits of account number?, क्या आप मुझे खाता संख्या के अंतिम 4 अंक बता सकते हैं?,3,0
"Your welcome, would there be anything else I may help you with today?"," आपका स्वागत है, क्या आज मैं आपकी कुछ और मदद कर सकता हूँ?",3,0
3256,3256,0,0
Perfect! Could you please share the last four digits of your SSN?, उत्तम! क्या आप कृपया अपने SSN के अंतिम चार अंक साझा कर सकते हैं?,3,0
Account number:8374, खाता संख्या: 8374,0,0
"A very good evening! For sure, may I know your name please?"," एक बहुत अच्छी शाम! निश्चित रूप से, क्या मैं आपका नाम जान सकता हूँ?",3,2
I want check my orders, मुझे अपने आदेश की जांच करनी है,2,0
"Surely, I'll be happy to help you with that. Please could you help me with your name?","निश्चित रूप से, मुझे इसमें आपकी मदद करने में खुशी होगी। कृपया आप अपने नाम के साथ मेरी मदद कर सकते हैं?",3,0
No, नहीं,1,0
"Thanks. Furthermore I will also require the last four digits of your account number.
", धन्यवाद। इसके अलावा मुझे आपके खाता संख्या के अंतिम चार अंकों की भी आवश्यकता होगी।,3,0
"Thank you. Give me just a moment while I update that for you! 
"," शुक्रिया। जब तक मैं इसे आपके लिए अपडेट करता हूं, मुझे बस एक क्षण दें!",3,0
"Thank you for staying connected. I've updated your address on the system, you’ll be receiving a confirmation e-mail shortly. All communications will be made to the new address. Would you need anything else?"," जुड़े रहने के लिए धन्यवाद। मैंने सिस्टम पर आपका पता अपडेट कर दिया है, आपको शीघ्र ही एक पुष्टिकरण ई-मेल प्राप्त होगा। सभी संचार नए पते पर किए जाएंगे। क्या आपको कुछ और चाहिए होगा?",3,2
ABOUT CREDIT CARD LOST, क्रेडिट कार्ड खो जाने के बारे में,0,0
"I hope I have answered all your questions for today?
", मुझे आशा है कि मैंने आज के लिए आपके सभी प्रश्नों का उत्तर दे दिया है?,3,0
OK, ठीक है,2,0
"Yes sure, please allow me a moment."," हाँ ज़रूर, कृपया मुझे एक पल दें।",3,0
I hope we are connected?, मुझे आशा है कि हम जुड़े हुए हैं?,2,0
"Hey there, how may I help you today?"," अरे वहाँ, मैं आज आपकी कैसे मदद कर सकता हूँ?",3,0
"Jonathan Lowery
", जोनाथन लोरी,0,0
Thank you for reaching out to us. I’m glad I could help. Good day!,हमसे संपर्क की पहल के लिए आपका धन्यवाद। मैं खुश हूं कि मैं मदद कर सका। अच्छा दिन!,3,2
Really sorry sir. My credit card and SSN number is lost., सच में सॉरी सर। मेरा क्रेडिट कार्ड और एसएसएन नंबर खो गया है।,2,1
Could you help me with the date when the card was last used?, क्या आप उस तारीख के बारे में मेरी मदद कर सकते हैं जब कार्ड का अंतिम बार उपयोग किया गया था?,3,0
I lost my credit card, मैंने अपना क्रेडिट कार्ड खो दिया है,1,1
"I would be glad to help you out in this regards. May I know your name please?
", मुझे इस संबंध में आपकी मदद करने में खुशी होगी। क्या मैं आपका नाम जान सकता हूँ?,3,0
I want to check my account balance, मैं अपने खाते की शेष राशि की जांच करना चाहता हूं,2,0
Would there be anything else I may help you with?, क्या कुछ और होगा जिसमें मैं आपकी मदद कर सकूं?,2,0
6587,6587,0,0
"Perfect. Could you please provide me your complete credit card number.
", उत्तम। क्या आप कृपया मुझे अपना पूरा क्रेडिट कार्ड नंबर प्रदान कर सकते हैं।,3,2
No, नहीं,1,0
Thank you. Bye!!!, शुक्रिया। अलविदा!!!,3,0
I’ll help you with that. May I know your name please?, मैं इसमें आपकी मदद करूंगा। क्या मैं आपका नाम जान सकता हूँ?,3,0
thank you drew have a great day, धन्यवाद ड्रा आपका दिन शुभ हो,3,2
"Your welcome, would there be anything else I may help you with today? ","आपका स्वागत है, क्या आज मैं आपकी कुछ और मदद कर सकता हूँ?",3,0
I would like to transfer some amount my account to another account., मैं कुछ राशि अपने खाते में दूसरे खाते में स्थानांतरित करना चाहता हूं।,3,0
Okay great! Could you also help me out with the last 4 digits of the account from which you want the money to be transferred?, ठीक है बढ़िया! क्या आप उस खाते के अंतिम 4 अंकों में भी मेरी मदद कर सकते हैं जिससे आप पैसे ट्रांसफर करना चाहते हैं?,3,0
775 46-8248, 775 46-8248,0,0
Thanks Raj. What's the sum of amount to be transferred?, धन्यवाद राज। हस्तांतरित की जाने वाली राशि की राशि क्या है?,3,0
Don't worry. I'll get the card blocked right away for you. Please could you help me with your name?, चिंता मत करो। मैं आपके लिए कार्ड को तुरंत ब्लॉक करवा दूंगा। कृपया आप अपने नाम के साथ मेरी मदद कर सकते हैं?,3,2
"I apologize. Could you please elaborate the query so that I can assist you in the best possible way?
", मैं क्षमाप्रार्थी हूं। क्या आप कृपया प्रश्न को विस्तृत कर सकते हैं ताकि मैं आपकी सर्वोत्तम संभव तरीके से सहायता कर सकूं?,3,0
"Awesome! Thank you so much for your cooperation, have a wonderful day! "," बहुत बढ़िया! आपके सहयोग के लिए बहुत-बहुत धन्यवाद, आपका दिन मंगलमय हो!",3,2
"Your welcome, would there be anything else I may help you with today? ","आपका स्वागत है, क्या आज मैं आपकी कुछ और मदद कर सकता हूँ?",3,0
And was a police report filed?,और क्या पुलिस रिपोर्ट दर्ज की गई थी?,0,0
mark brown, मार्क ब्राउन,0,0
"Thank you for the information Ginny. I've updated the new address to your account.
", जानकारी के लिए धन्यवाद गिन्नी। मैंने आपके खाते में नया पता अपडेट कर दिया है।,3,2
"Hey there, how may I help you today?"," अरे वहाँ, मैं आज आपकी कैसे मदद कर सकता हूँ?",3,0
Awesome! Kindly give me a minute., बहुत बढ़िया! कृपया मुझे एक मिनट दें।,3,2
I would like to transfer from my checking to my savings,मैं अपनी चेकिंग से अपनी बचत में स्थानांतरित करना चाहता/चाहती हूं,3,0
k, क,0,0
"269 Indian Spring Street 
Oklahoma City, OK 73112"," 269 इंडियन स्प्रिंग स्ट्रीट ओक्लाहोमा सिटी, ओके 73112",2,0
You're most welcome. Is there anything else I could assist you with?, आपका स्वागत है। क्या कुछ और है जिसमें मैं आपकी सहायता कर सकता हूं?,3,2
my credit card was missing, मेरा क्रेडिट कार्ड गायब था,1,1
Hello, नमस्ते,2,0
sure. SSN is 8624. Credit card is 3546, ज़रूर। एसएसएन 8624 है। क्रेडिट कार्ड 3546 है,2,0
okay, ठीक है,2,0
"If there is no reply, the chat will be disconnected automatically in 20 seconds. If you do have a query, I'll be happy to help."," यदि कोई उत्तर नहीं मिलता है, तो चैट 20 सेकंड में अपने आप डिस्कनेक्ट हो जाएगी। यदि आपके पास कोई प्रश्न है, तो मुझे मदद करने में खुशी होगी।",2,0
Thank you. Bear with me for a moment while our system finishes processing your information., शुक्रिया। एक पल के लिए मेरे साथ रहें जब तक हमारा सिस्टम आपकी जानकारी को संसाधित करना समाप्त कर दे।,3,0
My last 4 digits SSN number 3658, मेरे अंतिम 4 अंक एसएसएन नंबर 3658,1,0
No, नहीं,1,0
20-06-2018,20-06-2018,0,0
9654,9654,0,0
"I appreciate you bringing this to our attention, so that we can deal with this immediately. Could you please let me know your name, last 4 digits of SSN and credit card number?
"," इस बात को हमारे ध्यान में लाने के लिए मैं आपकी सराहना करता हूं, ताकि हम इससे तुरंत निपट सकें। क्या आप कृपया मुझे अपना नाम, एसएसएन के अंतिम 4 अंक और क्रेडिट कार्ड नंबर बता सकते हैं?",3,2
My credit card was stolen, मेरा क्रेडिट कार्ड चोरी हो गया,2,1
"Hey Anand,  Could you let me know the last 4 digits of SSN and account number please?"," हे आनंद, क्या आप कृपया मुझे एसएसएन के अंतिम 4 अंक और खाता संख्या बता सकते हैं?",3,0
Surely I will help you. May I please know your first and last name?, ज़रूर मैं आपकी मदद करूँगा। क्या मैं आपका पहला और अंतिम नाम जान सकता हूँ?,3,0
I need some help, मैं कुछ मदद की जरूरत है,1,0
"I'll help you block the credit card and issue a new one, for that we need the name and last 4 digits of SSN"," मैं आपको क्रेडिट कार्ड को ब्लॉक करने और एक नया जारी करने में मदद करूंगा, उसके लिए हमें SSN के नाम और अंतिम 4 अंक चाहिए",1,0
OK THANKS, ठीक है धन्यवाद,3,2
"
Great! Always a  pleasure assisting a valuable customer like you. Have a great day ahead.", महान! आप जैसे मूल्यवान ग्राहक की सहायता करने में हमेशा खुशी होती है। आगे एक महान दिन हो।,3,2
THANK YOU BYEE, धन्यवाद अलविदा,3,2
The last 4 digits of SSN is 5317, SSN के अंतिम 4 अंक 5317 . होते हैं,0,0
"Oh! Sure, not a problem! I'll request the concerned team contact you as soon as possible and help you with a new card. Also, I've registered a complaint about the lost card. Not to worry at all! We always try make sure that our customers are totally satisfied with our services and make banking a safe and secure experience.","ओह! ज़रूर, कोई समस्या नहीं! मैं अनुरोध करूंगा कि संबंधित टीम जल्द से जल्द आपसे संपर्क करे और नए कार्ड के लिए आपकी मदद करे। साथ ही, मैंने कार्ड के गुम होने की शिकायत भी दर्ज कराई है। बिल्कुल भी चिंता न करें! हम हमेशा यह सुनिश्चित करने का प्रयास करते हैं कि हमारे ग्राहक हमारी सेवाओं से पूरी तरह संतुष्ट हों और बैंकिंग को एक सुरक्षित और सुरक्षित अनुभव बनाएं।",3,1
hi, नमस्ते,2,0
elmet street number 15 apt 3A, एल्मेट स्ट्रीट नंबर 15 उपयुक्त 3ए,0,0
It was wonderful talking to you. Have a great day,आपसे बात करके बहुत अच्छा लगा। आपका दिन अच्छा रहे,3,2
MANI MAGALAI, मणि मगलाई,0,0
"Thank you. Could you please provide me the date when card was last used.
", शुक्रिया। क्या आप कृपया मुझे वह तिथि प्रदान कर सकते हैं जब कार्ड का अंतिम बार उपयोग किया गया था।,3,0
Ok thanks, ठीक है धन्यवाद,3,0
All right. When did you use your card last time?, ठीक है। आपने पिछली बार अपने कार्ड का उपयोग कब किया था?,2,0
You're most welcome. Would there be anything else I may help you with?,आपका स्वागत है। क्या कुछ और होगा जिसमें मैं आपकी मदद कर सकूं?,3,2
No thanks i need your help means i will call you ...., नहीं थैंक्स मुझे आपकी मदद की जरूरत है मतलब मैं आपको कॉल करूंगा....,3,1
Okay great! Thank you so much for your cooperation. Have a great day!, ठीक है बढ़िया! आपके सहयोग के लिए बहुत बहुत धन्यवाद। आपका दिन अच्छा रहे!,3,2
"Great. I have gone ahead and updated the new address for your convenience.
",महान। मैंने आपकी सुविधा के लिए आगे बढ़कर नया पता अपडेट कर दिया है।,3,2
ANAND, आनन्द,0,0
Thank you for the information. I see that you have $5000 in your account. Let me know if you have any other queries, जानकारी के लिए धन्यवाद। मैं देख रहा हूँ कि आपके खाते में $5000 हैं। मुझे बताएं कि क्या आपके पास कोई अन्य प्रश्न हैं,3,0
Great! Please give me a moment while I do the needful., महान! कृपया मुझे एक क्षण दें जबकि मैं आवश्यक कार्य करता हूं।,3,2
Hi Lindsay, हाय लिंडसे,3,0
Hi Sam, नमस्ते सैम,3,0
4/23/18 25.78, 4/23/18 25.78,0,0
"Your welcome, would there be anything else I may help you with today?"," आपका स्वागत है, क्या आज मैं आपकी कुछ और मदद कर सकता हूँ?",3,0
NO THANKS," जी नहीं, धन्यवाद",3,1
"Hey there, how may I help you today?"," अरे वहाँ, मैं आज आपकी कैसे मदद कर सकता हूँ?",3,0
the company's new lower rates you saw in a commercial are available to me?," कंपनी की नई निचली दरें जो आपने किसी विज्ञापन में देखीं, क्या वे मेरे लिए उपलब्ध हैं?",1,0
I’m glad I could resolve this for you. Have a great day., मुझे खुशी है कि मैं इसे आपके लिए हल कर सका। आपका दिन अच्छा रहे।,3,2
"Hello there, How may I help you today?
"," नमस्ते, मैं आज आपकी कैसे मदद कर सकता हूँ?",3,0
You're most welcome. Would there be anything else I may help you with?,आपका स्वागत है। क्या कुछ और होगा जिसमें मैं आपकी मदद कर सकूं?,3,2
How may I help you today?, आज मैं आपकी कैसे मदद कर सकता हूँ?,2,0
SSN number:7645, एसएसएन नंबर: 7645,0,0
Great! would you please share the 16 digits of your credit card number?, महान! क्या आप कृपया अपने क्रेडिट कार्ड नंबर के 16 अंक साझा करेंगे?,3,0
"

Thank you for the information. I’ve updated the address. You’ll receive a confirmation message in a while. Is there anything else I can help you with?", जानकारी के लिए धन्यवाद। मैंने पता अपडेट कर दिया है। आपको थोड़ी देर में एक पुष्टिकरण संदेश प्राप्त होगा। क्या कुछ और है जिसमें मैं आपकी मदद कर सकता हूं?,3,0
It was wonderful talking to you. Have a great day,आपसे बात करके बहुत अच्छा लगा। आपका दिन अच्छा रहे,3,2
I hope we are connected!, मुझे आशा है कि हम जुड़े हुए हैं!,2,0
"Don't worry,Karen! I'll block your card for you soon. Please could you share with me the credit card number and also your SSN number?","चिंता मत करो, करेन! मैं जल्द ही आपके लिए आपका कार्ड ब्लॉक कर दूँगा। क्या आप मेरे साथ क्रेडिट कार्ड नंबर और अपना एसएसएन नंबर साझा कर सकते हैं?",3,0
I'm glad I was help. Thank you so much for your cooperation. Have a great day!, मुझे खुशी है कि मैं मदद कर रहा था। आपके सहयोग के लिए बहुत बहुत धन्यवाद। आपका दिन अच्छा रहे!,3,2
are u there, क्या तुम वहां हो,1,0
bye, अलविदा,2,0
"I'll go ahead and block your card right away. However, could you please help me out with your full name, credit card number and last 4 digits of your SSN? "," मैं आगे बढ़ूँगा और तुरंत आपका कार्ड ब्लॉक कर दूँगा। हालांकि, क्या आप कृपया अपना पूरा नाम, क्रेडिट कार्ड नंबर और अपने एसएसएन के अंतिम 4 अंकों के साथ मेरी मदद कर सकते हैं?",3,0
2545,2545,0,0
NO. THANK YOU SO MUCH BYEE, ना। बहुत बहुत धन्यवाद अलविदा,3,2
Thank you for your patience. Your account balance is $4657., आपके धैर्य के लिए धन्यवाद। आपके खाते की शेष राशि $4657 है।,3,2
"Upon your request, I've blocked your card. You will also receive a confirmation e-mail. Would you need anything else?"," आपके अनुरोध पर, मैंने आपका कार्ड ब्लॉक कर दिया है। आपको एक पुष्टिकरण ई-मेल भी प्राप्त होगा। क्या आपको कुछ और चाहिए होगा?",2,1
SSN-5541 CARD-2563, एसएसएन-5541 कार्ड-2563,0,0
"Hey, I've initiated your transfer, After the transaction is successfully completed. you'll receive a notification in your banking application about the deduction in the amount. I hope that was helpful to you. "," अरे, लेन-देन सफलतापूर्वक पूरा होने के बाद, मैंने आपका स्थानांतरण शुरू कर दिया है। आपको राशि में कटौती के बारे में अपने बैंकिंग आवेदन में एक सूचना प्राप्त होगी। मुझे आशा है कि यह आपके लिए मददगार था।",3,0
Would there be anything else I may help you with?, क्या कुछ और होगा जिसमें मैं आपकी मदद कर सकूं?,2,0
Hey! How may I help you today?, अरे! आज मैं आपकी कैसे मदद कर सकता हूँ?,3,0
"Oh.No! I'm so sorry to hear that, I'll surely help you out with this. May I know your first and last name please?","धत्तेरे की! मुझे यह सुनकर बहुत अफ़सोस हुआ, मैं निश्चित रूप से इसमें आपकी मदद करूँगा। क्या मैं आपका पहला और अंतिम नाम जान सकता हूँ?",3,0
My name is John smith, मेरा नाम जॉन स्मिथ है,2,0
"Perfect. Could you please provide me your complete credit card number.
", उत्तम। क्या आप कृपया मुझे अपना पूरा क्रेडिट कार्ड नंबर प्रदान कर सकते हैं।,3,2
Are we connected?, क्या हम जुड़े हुए हैं?,0,0
Transfer 900 to account 7854 urgent., 900 को अकाउंट 7854 अत्यावश्यक में ट्रांसफर करें।,0,0
I'm sorry to hear about your lost credit card. Not to worry at all! We are always here to help you. I'll sort it out for you., आपके खोए हुए क्रेडिट कार्ड के बारे में सुनकर मुझे खेद है। बिल्कुल भी चिंता न करें! हम आपकी मदद करने के लिए हमेशा मौजूद हैं। मैं इसे आपके लिए सुलझा दूंगा।,3,2
"Awesome. May I know the new address , so that I can update the same for you.
"," बहुत बढ़िया। क्या मुझे नया पता पता है, ताकि मैं आपके लिए इसे अपडेट कर सकूं।",3,2
Awesome! Please could you help me with your new address?,बहुत बढ़िया! कृपया क्या आप अपने नए पते में मेरी मदद कर सकते हैं?,3,2
Please could you provide me with your name?, कृपया क्या आप मुझे अपना नाम प्रदान कर सकते हैं?,3,0
preethi jindha, प्रीति जिंदा,2,0
hy name is ammu and my ssn number is 4576, हाय नाम अम्मू है और मेरा एसएसएन नंबर 4576 है,3,0
"Perfect. As requested I have done the needful. The amount has been successfully transferred.
", उत्तम। अनुरोध के अनुसार मैंने आवश्यक कार्य किया है। राशि सफलतापूर्वक स्थानांतरित कर दी गई है।,2,2
That's great! Please could you provide me with the date on which the card was last used?, एक दम बढ़िया! क्या आप मुझे वह तारीख बता सकते हैं जिस दिन कार्ड का अंतिम बार उपयोग किया गया था?,3,0
"My pleasure. Anything else I may help you out with?
", मेरा सौभाग्य। कुछ और मैं आपकी मदद कर सकता हूं?,3,2
Thank you so much for bringing this to our notice. I'll ensure that I'll raise a request to delete the charge and kindly give us 24-48 hours to get this resolved. You will also be receiving a confirmation e-mail once this is resolved. Is there anything else I might help you with today?, इसे हमारे संज्ञान में लाने के लिए आपका बहुत-बहुत धन्यवाद। मैं यह सुनिश्चित करूंगा कि मैं शुल्क हटाने का अनुरोध करूंगा और कृपया इसे हल करने के लिए हमें 24-48 घंटे का समय दें। इसका समाधान हो जाने पर आपको एक पुष्टिकरण ई-मेल भी प्राप्त होगा। क्या आज मैं आपकी कुछ और मदद कर सकता हूँ?,3,1
Hello there!', नमस्ते!',3,0
yes, हां,2,0
Thank you for waiting patiently I've now removed the charges on your bill and you'd be getting a new bill within 2 days, धैर्यपूर्वक प्रतीक्षा करने के लिए धन्यवाद मैंने अब आपके बिल से शुल्क हटा दिए हैं और आपको 2 दिनों के भीतर एक नया बिल प्राप्त होगा,3,2
"Hello there, how may I help you today?"," नमस्ते, मैं आज आपकी कैसे मदद कर सकता हूं?",3,0
Okay! Please allow me a moment while I check with the account.," ठीक! जब तक मैं खाते से जांच करता हूं, कृपया मुझे कुछ समय दें।",2,0
"ND TO REQUEST FOR A NEW CARD BY BLOCKING MY OLD CARD, AS IT GOT STOLEN"," ND मेरे पुराने कार्ड को ब्लॉक करके नए कार्ड के लिए अनुरोध करने के लिए, क्योंकि यह चोरी हो गया था",0,1
NAME - JASON CARD NO - 5698745201325698, नाम - जेसन कार्ड नंबर - 5698745201325698,1,0
CHARLIE:PLEASE DO NEEDFUL EARLIEST, चार्ली: कृपया जल्द से जल्द आवश्यक करें,2,0
Okay! Could you also please tell me whether there was any police report filed?, ठीक! क्या आप कृपया मुझे यह भी बता सकते हैं कि क्या कोई पुलिस रिपोर्ट दर्ज की गई थी?,3,0
Nothing else, और कुछ नहीं,2,0
You're Welcome. Is there anything else I can help you with?, आपका स्वागत है। क्या कुछ और है जिसमें मैं आपकी मदद कर सकता हूं?,2,0
"Hello, how may I help you?"," हेल्लो, मैं आपकी कैसे मदद करूं?",3,0
NAME - KAJAL SSN - 7165 CARD NO - 3410, नाम - काजल एसएसएन - 7165 कार्ड नंबर - 3410,1,0
Okay. Have you filed a report with the police regarding this issue?, ठीक। क्या आपने इस मामले में पुलिस में रिपोर्ट दर्ज कराई है?,2,1
"I'm so sorry for the loss. I'll be glad to assist you with the new card and cancel the old one.
", मुझे नुकसान के लिए बहुत खेद है। मुझे नए कार्ड में आपकी सहायता करने और पुराने कार्ड को रद्द करने में खुशी होगी।,3,1
I'd also require the complete 16 digit credit card number.,मुझे पूरे 16 अंकों के क्रेडिट कार्ड नंबर की भी आवश्यकता होगी।,1,0
NAME - JOTHI ACCOUNT NUMBER - 5678 SSN NO - 8901, नाम - जोथी खाता संख्या - 5678 एसएसएन संख्या - 8901,2,0
YES SURE, हाँ यकीनन,2,2
"For sure, may I know your name please?","निश्चित रूप से, क्या मैं आपका नाम जान सकता हूँ?",3,0
thanks, धन्यवाद,3,2
20th, 20 वीं,0,0
"Thank you for staying connected. I’ve initiated a request for a new card, you’ll be receiving it within the next 48 hours. You’ll also be receiving a confirmation e-mail shortly. Would you need anything else?"," जुड़े रहने के लिए धन्यवाद। मैंने एक नए कार्ड के लिए एक अनुरोध शुरू किया है, आपको यह अगले 48 घंटों के भीतर प्राप्त हो जाएगा। आपको शीघ्र ही एक पुष्टिकरण ई-मेल भी प्राप्त होगा। क्या आपको कुछ और चाहिए होगा?",3,2
OK, ठीक है,2,0
HI, नमस्ते,2,0
Perfect! May I also know the last four digits of your SSN?, उत्तम! क्या मैं आपके SSN के अंतिम चार अंक भी जान सकता हूँ?,3,0
Lakshuman.K..SSN..2843..credit card number:2752637563715289, लक्ष्मण.के..एसएसएन..2843..क्रेडिट कार्ड नंबर: 2752637563715289,0,0
"Hello again! Please could you help me with your query, I'll be happy to help."," फिर से हैलो! कृपया आप अपनी क्वेरी में मेरी मदद कर सकते हैं, मुझे मदद करने में खुशी होगी।",3,0
"I would be glad to help you out in this regards. May I know your name please?
", मुझे इस संबंध में आपकी मदद करने में खुशी होगी। क्या मैं आपका नाम जान सकता हूँ?,3,0
Thank you., शुक्रिया।,3,2
i respect you for this help, मैं इस मदद के लिए आपका सम्मान करता हूं,3,2
Alright! I hope you've filed a police report about your lost credit card?, ठीक है! मुझे आशा है कि आपने अपने खोए हुए क्रेडिट कार्ड के बारे में पुलिस रिपोर्ट दर्ज की है?,2,1
Could you please provide me your name and credit card number?, क्या आप मुझे अपना नाम और क्रेडिट कार्ड नंबर प्रदान कर सकते हैं?,3,0
"My pleasure. Anything else I may help you out with?
", मेरा सौभाग्य। कुछ और मैं आपकी मदद कर सकता हूं?,3,2
ok, ठीक है,2,0
"Just to confirm, you wish to transfer $500 from the account ending with 7869 to the account ending with 1236. Am I right?
"," केवल पुष्टि करने के लिए, आप 7869 से समाप्त होने वाले खाते से 1236 से समाप्त होने वाले खाते में $500 स्थानांतरित करना चाहते हैं। क्या मैं सही हूँ?",3,0
"Thank you, Could you let me know the last 4 digits of SSN and the last 4 digits of account number please?"," धन्यवाद, क्या आप कृपया मुझे एसएसएन के अंतिम 4 अंक और खाता संख्या के अंतिम 4 अंक बता सकते हैं?",3,0
"hey there, Good morning! "," अरे वहाँ, सुप्रभात!",3,0
"Alas! I'm so sorry to hear that, I'll surely help you out with this. May I know your first and last name please?"," काश! मुझे यह सुनकर बहुत अफ़सोस हुआ, मैं निश्चित रूप से इसमें आपकी मदद करूँगा। क्या मैं आपका पहला और अंतिम नाम जान सकता हूँ?",3,0
YES, हां,2,2
hi, नमस्ते,2,0
"Well thank you, I also would like my billing address to be changed to my new address please"," अच्छा धन्यवाद, मैं भी चाहता हूं कि मेरा बिलिंग पता मेरे नए पते में बदल दिया जाए",3,0
My name is Perumal Rao, मेरा नाम पेरुमल राव है,2,0
"Could you please elaborate the query so that I can assist you in the best possible way?
", क्या आप कृपया प्रश्न को विस्तृत कर सकते हैं ताकि मैं आपकी सर्वोत्तम संभव तरीके से सहायता कर सकूं?,3,0
Hello, नमस्ते,2,0
Amazing! Could you help me with the new address so that I can update it right away for you?,अद्भुत! क्या आप नए पते में मेरी मदद कर सकते हैं ताकि मैं इसे आपके लिए तुरंत अपडेट कर सकूं?,3,2
my old credit card is expired so give a new credit card,मेरा पुराना क्रेडिट कार्ड समाप्त हो गया है इसलिए एक नया क्रेडिट कार्ड दें,0,0
Yes Ma'am., हां मैम।,2,0
"A very good morning, How may i assist you today?"," एक बहुत ही सुप्रभात, आज मैं आपकी कैसे सहायता कर सकता हूँ?",3,2
OK thanks, ठीक है धन्यवाद,3,0
8932,8932,0,0
6854,6854,0,0
I WANT TO CHANGE MY ADDRESS, मुझे अपना पता बदलना है,1,1
"100, Houston, Houston - 10012"," 100, ह्यूस्टन, ह्यूस्टन - 10012",0,0
Hello, नमस्ते,2,0
"Vanessa Pittman
", वैनेसा पिटमैन,0,0
"Thank you, Bob. Please could you provide me with the amount charged and also the date on which it was charged?"," धन्यवाद, बॉब। कृपया क्या आप मुझे चार्ज की गई राशि और वह तारीख भी प्रदान कर सकते हैं जिस दिन इसे चार्ज किया गया था?",3,0
"Okay great! Thank you so much for your cooperation, have a great day! "," ठीक है बढ़िया! आपके सहयोग के लिए बहुत-बहुत धन्यवाद, आपका दिन मंगलमय हो!",3,2
Nothing else, और कुछ नहीं,2,0
"Sure, I'll be happy to do that for you. Please may I know your name?"," ज़रूर, मुझे आपके लिए ऐसा करने में खुशी होगी। कृपया क्या मैं आपका नाम जान सकता हूँ?",2,0
Hello!, नमस्ते!,3,0
thank you alex, धन्यवाद एलेक्स,3,2
Great! could you please share the 16 digits of your credit card number?, महान! क्या आप कृपया अपने क्रेडिट कार्ड नंबर के 16 अंक साझा कर सकते हैं?,3,0
Perfect! May I also know the sum of money to be transferred?, उत्तम! क्या मुझे यह भी पता चल सकता है कि कितनी राशि ट्रांसफर की जानी है?,2,2
And was a police report filed?,और क्या पुलिस रिपोर्ट दर्ज की गई थी?,0,0
Hello there!, नमस्ते!,3,0
Thank you for confirming. I see that you have $5000 in your account. Let me know if you have any other queries., पुष्टि करने के लिए शुक्रिया। मैं देख रहा हूँ कि आपके खाते में $5000 हैं। यदि आपके कोई अन्य प्रश्न हैं तो मुझे बताएं।,3,0
thank u bye, धन्यवाद अलविदा,3,0
"You're welcome! Id love to help you with that. However, for more insight into the lower rates, one of our members from the specialty team will get in touch with you to let you know more about the details. "," आपका स्वागत है! मुझे इसमें आपकी मदद करना अच्छा लगता है। हालांकि, कम दरों के बारे में अधिक जानकारी के लिए, विशेष टीम के हमारे सदस्यों में से एक आपसे संपर्क करेगा और आपको विवरण के बारे में अधिक जानकारी देगा।",3,2
"It is closed already, I've done it for you right away Mr.sameer."," यह पहले से ही बंद है, मैंने इसे आपके लिए तुरंत कर दिया है श्रीमान समीर।",2,1
Thank you so much for staying connected. Your lost credit card has been blocked and a new credit account will be sent to your address shortly.,जुड़े रहने के लिए आपका बहुत-बहुत धन्यवाद। आपका खोया हुआ क्रेडिट कार्ड ब्लॉक कर दिया गया है और जल्द ही आपके पते पर एक नया क्रेडिट खाता भेजा जाएगा।,3,2
Alexander & SSN 9725, सिकंदर और एसएसएन 9725,0,0
Yes. That will be helpful., हाँ। यह मददगार होगा।,2,2
"Hello there, How may I help you today?
"," नमस्ते, मैं आज आपकी कैसे मदद कर सकता हूँ?",3,0
"Your welcome, would there be anything else I may help you with today? ","आपका स्वागत है, क्या आज मैं आपकी कुछ और मदद कर सकता हूँ?",3,0
"Yes please! first you'll have to file a police report, according to our bank's policy I won't be able to process further without a police report its for your account security purposes, After filing please get back to us immediately.  ","हाँ कृपया! पहले आपको एक पुलिस रिपोर्ट दर्ज करनी होगी, हमारे बैंक की नीति के अनुसार मैं आपके खाते की सुरक्षा उद्देश्यों के लिए पुलिस रिपोर्ट के बिना आगे की प्रक्रिया नहीं कर पाऊंगा, फाइल करने के बाद कृपया हमसे तुरंत संपर्क करें।",3,1
?*, ?*,0,0
i want order checks, मुझे ऑर्डर चेक चाहिए,1,0
Hi, नमस्ते,3,0
Could you help me with the date when the card was last used?, क्या आप उस तारीख के बारे में मेरी मदद कर सकते हैं जब कार्ड का अंतिम बार उपयोग किया गया था?,3,0
"Thank you for being so patient, I would like to inform you that I've transferred $2600 from the account ending with 1234 to the account ending with 7890."," इतना धैर्य रखने के लिए धन्यवाद, मैं आपको सूचित करना चाहता हूं कि मैंने 1234 से समाप्त होने वाले खाते से 7890 पर समाप्त होने वाले खाते में 2600 डॉलर ट्रांसफर कर दिए हैं।",3,2
Perfect! Could you also please help me out with the last 4 digits of the account number to which you want the amount to be transferred?, उत्तम! क्या आप कृपया मुझे उस खाता संख्या के अंतिम 4 अंकों के साथ मदद कर सकते हैं जिसमें आप राशि हस्तांतरित करना चाहते हैं?,3,2
You're welcome! Is there anything else I may assist you with?, आपका स्वागत है! क्या कुछ और है जिसमें मैं आपकी सहायता कर सकता हूं?,2,2
I want to change my address, मुझे अपना पता बदलना है,2,0
THANKYOU SO MUCH, आपका बहुत-बहुत धन्यवाद,3,2
For sure. May I know your name please?, पक्का। क्या मैं आपका नाम जान सकता हूँ?,3,0
Perfect! Please allow me a minute to get the address updated., उत्तम! कृपया मुझे पता अपडेट करने के लिए एक मिनट का समय दें।,2,2
That's great! Also could you please help me out with last four digits of the account number from which you would like to transfer the amount?, एक दम बढ़िया! क्या आप कृपया मुझे उस खाता संख्या के अंतिम चार अंकों के साथ मदद कर सकते हैं जिससे आप राशि हस्तांतरित करना चाहते हैं?,3,0
I would like to close my account., मैं अपना खाता बंद करना चाहता हूं।,3,1
I am waiting for your replay, मैं आपके रीप्ले का इंतजार कर रहा हूं,1,0
Thank you for sharing the information. I've processed the request for the change of address. You'll shortly receive a confirmation E-mail., जानकारी साझा करने के लिए धन्यवाद। मैंने पते में परिवर्तन के अनुरोध को संसाधित कर लिया है। आपको शीघ्र ही एक पुष्टिकरण ई-मेल प्राप्त होगा।,3,2
SSN no is 2255, एसएसएन नंबर 2255 . है,1,0
Credit card number is 4456 2619 1741 7288 and last four digits of SSN is 3286, क्रेडिट कार्ड नंबर 4456 2619 1741 7288 है और एसएसएन के अंतिम चार अंक 3286 . हैं,1,0
"As there is no proper response from your end. The chat gets disconnected after 30 seconds automatically.

",चूंकि आपकी ओर से कोई उचित प्रतिक्रिया नहीं है। चैट 30 सेकंड के बाद अपने आप डिस्कनेक्ट हो जाती है।,1,1
Could you please let me know the last 4 digits of SSN and the last 4 digits of credit card account number?, क्या आप कृपया मुझे एसएसएन के अंतिम 4 अंक और क्रेडिट कार्ड खाता संख्या के अंतिम 4 अंक बता सकते हैं?,3,0
OK, ठीक है,2,0
"Hello there, how may I help you today?"," नमस्ते, मैं आज आपकी कैसे मदद कर सकता हूं?",3,0
Thank you for staying connected. I need your credit card number to update your address., जुड़े रहने के लिए धन्यवाद। आपका पता अपडेट करने के लिए मुझे आपका क्रेडिट कार्ड नंबर चाहिए।,3,0
ok, ठीक है,2,0
Hello, नमस्ते,2,0
Sorry Wait a min.!, क्षमा करें एक मिनट रुको!,2,0
HI, नमस्ते,2,0
hi, नमस्ते,2,0
Perfect! would you please share the last four digits of your SSN?, उत्तम! क्या आप कृपया अपने SSN के अंतिम चार अंक साझा करेंगे?,3,0
"210 Talbot St. 
Elizabethtown, PA 17022"," 210 टैलबोट सेंट एलिजाबेथटाउन, पीए 17022",0,0
Sorry 1001, क्षमा करें 1001,2,0
BYE, अलविदा,2,0
can you close my account too, क्या आप मेरा खाता भी बंद कर सकते हैं,3,1
new york, न्यूयॉर्क,0,0
Thank you for reaching out to us. I’m glad I could help. Good day!,हमसे संपर्क की पहल के लिए आपका धन्यवाद। मैं खुश हूं कि मैं मदद कर सका। अच्छा दिन!,3,2
SSN-7841 CARD-6325, एसएसएन-7841 कार्ड-6325,0,0
Thank you. Could you help me with the date and amount of the charge?,शुक्रिया। क्या आप शुल्क की तारीख और राशि के बारे में मेरी मदद कर सकते हैं?,3,0
"No, but thank you very much, I really appreciate your work and taking care of this matter."," नहीं, लेकिन आपका बहुत-बहुत धन्यवाद, मैं वास्तव में आपके काम और इस मामले की देखभाल करने की सराहना करता हूं।",3,2
yes, हां,2,0
Perfect! Could you please share the last four digits of your SSN?, उत्तम! क्या आप कृपया अपने SSN के अंतिम चार अंक साझा कर सकते हैं?,3,0
thank you, धन्यवाद,2,2
Sure! I am here to help. What would you need?, ज़रूर! मैं यहां मदद के लिए हूं। आपको क्या चाहिए होगा?,3,0
Thank you very much, आपका बहुत बहुत धन्यवाद,3,2
Noted thank you, याद रखूँगा धन्यवाद,3,2
"YES, I WANT TO CHANGE MY ADDRESS."," हां, मैं अपना पता बदलना चाहता हूं।",2,1
oh thank you sir.it is 451200896352478 and 7895 accordingly., ओह धन्यवाद महोदय। यह 451200896352478 और 7895 तदनुसार है।,3,0
Always a pleasure. Is there anything else I could assist you with?, हमेशा एक खुशी की बात है। क्या कुछ और है जिसमें मैं आपकी सहायता कर सकता हूं?,2,2
Sure John., ज़रूर जॉन।,2,0
Hi!, नमस्ते!,3,0
2387,2387,0,0
For sure. May I know your name please?, पक्का। क्या मैं आपका नाम जान सकता हूँ?,3,0
1254,1254,0,0
Hello!, नमस्ते!,3,0
4507,4507,0,0
Kesev.M, केसेव.एम,0,0
I'll help you with that. May I know your name please?, मैं इसमें आपकी मदद करूंगा। क्या मैं आपका नाम जान सकता हूँ?,3,0
07-07-2018,07-07-2018,0,0
i want to report that my credit card was stolen las night, मैं रिपोर्ट करना चाहता हूं कि मेरा क्रेडिट कार्ड कल रात चोरी हो गया था,1,1
I HAVE A ERROR ON MY CREDIT CARD BILL, मेरे क्रेडिट कार्ड बिल में त्रुटि है,1,1
4032,4032,0,0
Hello Mr. joel., हैलो मिस्टर जोएल।,3,0
Thank you. Could you help me with the date and amount of the charge?,शुक्रिया। क्या आप शुल्क की तारीख और राशि के बारे में मेरी मदद कर सकते हैं?,3,0
Okay, ठीक,2,0
I need to transfer money.., मुझे पैसे ट्रांसफर करने हैं..,1,0
ok thank you sir, ठीक है धन्यवाद सर,3,0
1487,1487,0,0
"My pleasure. Anything else I may help you out with?
", मेरा सौभाग्य। कुछ और मैं आपकी मदद कर सकता हूं?,3,2
Thank you Anjan. Could you provide the last 4 digits of the account number?, धन्यवाद अंजन। क्या आप खाता संख्या के अंतिम 4 अंक प्रदान कर सकते हैं?,3,0
"Okay! I'm really sorry that because of some technical glitch from our side you were charged erroneously, I'll personally look into this issue and get it resolved. however, I've also made a request for a refund of $60 which you've to receive within 48 hours. Would there be anything else I may help you with? ","ठीक! मुझे वास्तव में खेद है कि हमारी ओर से कुछ तकनीकी गड़बड़ी के कारण आप पर गलती से आरोप लगाया गया था, मैं व्यक्तिगत रूप से इस मुद्दे को देखूंगा और इसे हल कर दूंगा। हालांकि, मैंने $60 की धनवापसी के लिए भी अनुरोध किया है जो आपको 48 घंटों के भीतर प्राप्त करना है। क्या कुछ और होगा जिसमें मैं आपकी मदद कर सकूं?",3,1
May I ask if you have filed a police report?, क्या मैं पूछ सकता हूं कि क्या आपने पुलिस रिपोर्ट दर्ज की है?,2,0
NO, ना,1,1
1717 Cherry Tree Lane, 1717 चेरी ट्री लेन,0,0
1590,1590,0,0
Nothing else, और कुछ नहीं,2,0
OK THANKS, ठीक है धन्यवाद,3,2
Hi, नमस्ते,3,0
"I would be glad to help you out in this regards. May I know your name please?
", मुझे इस संबंध में आपकी मदद करने में खुशी होगी। क्या मैं आपका नाम जान सकता हूँ?,3,0
Hello?, नमस्ते?,3,0
"Your welcome, would there be anything else I may help you with today?"," आपका स्वागत है, क्या आज मैं आपकी कुछ और मदद कर सकता हूँ?",3,0
BYE, अलविदा,2,0
8500,8500,0,0
sorry, माफ़ करना,2,1
"I've closed your account, upon you your request. You'll be receiving an e-mail soon. Would you need anything else?", आपके अनुरोध पर मैंने आपका खाता बंद कर दिया है। आपको जल्द ही एक ई-मेल प्राप्त होगा। क्या आपको कुछ और चाहिए होगा?,3,1
yes, हां,2,0
No, नहीं,1,0
NAME : MEENA AND 9901, नाम : मीना और 9901,0,0
Thank you for your time and patience. Upon your request I've blocked the card. You'll be receiving a confirmation e-mail shortly. Is there anything I could help you with today?, आपके समय और धैर्य के लिए आपका धन्यवाद। आपके अनुरोध पर मैंने कार्ड को ब्लॉक कर दिया है। आपको शीघ्र ही एक पुष्टिकरण ई-मेल प्राप्त होगा। क्या आज मैं आपकी कुछ मदद कर सकता हूँ?,3,0
"Hey there, how may I help you today?"," अरे वहाँ, मैं आज आपकी कैसे मदद कर सकता हूँ?",3,0
I hope we are connected?, मुझे आशा है कि हम जुड़े हुए हैं?,2,0
NO-7 KOTTY NAGAR THILAI-5, नंबर-7 कोट्टी नगर थिलाई-5,2,0
OK. THANK YOU SO MUCH, ठीक है। आपका बहुत-बहुत धन्यवाद,3,2
I'll go ahead and cancel the lost card and issue a new one on your name. It will be sent to you by tomorrow., मैं आगे बढ़ूंगा और खोए हुए कार्ड को रद्द कर दूंगा और आपके नाम पर एक नया कार्ड जारी करूंगा। इसे कल तक आपके पास भेज दिया जाएगा।,1,0
Can i transfer some money my account to other account?, क्या मैं अपने खाते में कुछ पैसे दूसरे खाते में स्थानांतरित कर सकता हूँ?,2,0
"Okay sure, please share the last four digits of the other account number?  ","ठीक है, कृपया अन्य खाता संख्या के अंतिम चार अंक साझा करें?",2,0
"As per your request, I have transferred the amount $800 to the account ending with 2299. You'll be receiving a confirmation message regarding this. Is there anything else I can help you with?"," आपके अनुरोध के अनुसार, मैंने $800 की राशि 2299 से समाप्त होने वाले खाते में स्थानांतरित कर दी है। आपको इस संबंध में एक पुष्टिकरण संदेश प्राप्त होगा। क्या कुछ और है जिसमें मैं आपकी मदद कर सकता हूं?",3,0
"Thank you, please could you share with me the account number and also your SSN number?"," धन्यवाद, क्या आप मेरे साथ खाता संख्या और अपना एसएसएन नंबर साझा कर सकते हैं?",3,0
"I appreciate for holding on, your order will reach you in 2-3 business days."," मैं रुकने के लिए सराहना करता हूं, आपका ऑर्डर 2-3 कार्यदिवसों में आप तक पहुंच जाएगा।",3,2
"A very good morning, How may i assist you today?"," एक बहुत ही सुप्रभात, आज मैं आपकी कैसे सहायता कर सकता हूँ?",3,2
"Alas! I'm so sorry to hear that, I'll surely help you out with this. May I know your first and last name please?"," काश! मुझे यह सुनकर बहुत अफ़सोस हुआ, मैं निश्चित रूप से इसमें आपकी मदद करूँगा। क्या मैं आपका पहला और अंतिम नाम जान सकता हूँ?",3,0
Sure! Could you please help me out with your new address for me to update in the portal?, ज़रूर! क्या आप मुझे पोर्टल में अपडेट करने के लिए अपने नए पते के साथ मेरी मदद कर सकते हैं?,3,0
hi..i want check my balance, नमस्ते..मुझे अपना बैलेंस चेक करना है,3,0
"
Perfect! May I also know the last four digits of your SSN?", उत्तम! क्या मैं आपके SSN के अंतिम चार अंक भी जान सकता हूँ?,3,0
"nothing, you can end the chat now"," कुछ नहीं, अब आप चैट समाप्त कर सकते हैं",2,1
You're most welcome. Would there be anything else I may help you with?,आपका स्वागत है। क्या कुछ और होगा जिसमें मैं आपकी मदद कर सकूं?,3,2
" I’m sorry this has happened. I understand you're upset, and I will do my best to help you.  May I know your name please?"," मुझे खेद है कि ऐसा हुआ है। मैं समझता हूँ कि आप परेशान हैं, और मैं आपकी मदद करने की पूरी कोशिश करूँगा। क्या मैं आपका नाम जान सकता हूँ?",3,1
Thank you. To get your bank details I would need your last 4 digits of SSN., शुक्रिया। आपका बैंक विवरण प्राप्त करने के लिए मुझे आपके एसएसएन के अंतिम 4 अंकों की आवश्यकता होगी।,3,0
"Sure! However, I would like to inform you that the account states a balance of only $250. Would you want me to transfer $250? "," ज़रूर! हालांकि, मैं आपको सूचित करना चाहूंगा कि खाते में केवल $250 की शेष राशि बताई गई है। क्या आप चाहते हैं कि मैं $250 ट्रांसफर कर दूं?",3,1
"Thank you for staying connected, Your balance for the account ending with 5663 is $1000."," जुड़े रहने के लिए धन्यवाद, 5663 से समाप्त होने वाले खाते के लिए आपकी शेष राशि $1000 है।",3,0
"Your welcome, would there be anything else I may help you with today?"," आपका स्वागत है, क्या आज मैं आपकी कुछ और मदद कर सकता हूँ?",3,0
I’m glad I could resolve this for you., मुझे खुशी है कि मैं इसे आपके लिए हल कर सका।,3,2
"Hello, how may I help you with today?
"," हैलो, मैं आज आपकी कैसे मदद कर सकता हूं?",3,0
8775,8775,0,0
Sure! could you please let me know the name and last 4 digits of SSN?,ज़रूर! क्या आप कृपया मुझे SSN का नाम और अंतिम 4 अंक बता सकते हैं?,3,0
"Thank you for staying connected, Your expired card is replaced with a new card. The new card will be sent to you in few days."," जुड़े रहने के लिए धन्यवाद, आपके समाप्त हो चुके कार्ड को एक नए कार्ड से बदल दिया गया है। नया कार्ड आपको कुछ दिनों में भेज दिया जाएगा।",3,2
Oh! That's fine. It would be more easy for you to know the procedure, ओह! कोई बात नहीं। प्रक्रिया को जानना आपके लिए अधिक आसान होगा,2,0
2014,2014,0,0
"Hello, how may I help you today?"," हैलो, मैं आज आपकी कैसे मदद कर सकता हूं?",3,0
no, नहीं,1,1
No that is all thank you so much for your help.," नहीं, यह सब आपकी मदद के लिए बहुत-बहुत धन्यवाद है।",3,2
June 1st 2018 and the amount was $55, 1 जून 2018 और राशि $55 . थी,0,0
OK, ठीक है,2,0
My name is vaan mathi, मेरा नाम वान मठी है,2,0
Thank you Mr. Jhon for the details. I'll transfer $200 from 1252 to 7896., विवरण के लिए धन्यवाद श्री जॉन। मैं $200 को 1252 से 7896 में स्थानांतरित करूँगा।,3,0
YES THANK YOU, हाँ धन्यवाद,3,2
06-10-2018,06-10-2018,0,0
Tom Thompson, टॉम थॉम्पसन,0,0
Hey there! How may I help you today?, सुनो! आज मैं आपकी कैसे मदद कर सकता हूँ?,3,0
Immanuvel Raja, इम्मानुवेल राजा,0,0
Hey! A very good morning to you. How may I help you today?, अरे! आपके लिए एक बहुत ही शुभ प्रभात। आज मैं आपकी कैसे मदद कर सकता हूँ?,3,2
yes, हां,2,0
Ali Hodge, अली हॉज,0,0
Hello! Good morning!, नमस्ते! सुबह बख़ैर!,3,0
yes., हां।,2,0
Thank you very much. i want to change address of my account., आपका बहुत बहुत धन्यवाद। मैं अपने खाते का पता बदलना चाहता हूं।,3,0
It was wonderful talking to you. Have a great day,आपसे बात करके बहुत अच्छा लगा। आपका दिन अच्छा रहे,3,2
Cool! May I also know the last four digits of your SSN?, ठंडा! क्या मैं आपके SSN के अंतिम चार अंक भी जान सकता हूँ?,3,0
Could you also let me know when was the card used last time and was there any police report filed?, क्या आप मुझे यह भी बता सकते हैं कि पिछली बार कार्ड का उपयोग कब किया गया था और क्या कोई पुलिस रिपोर्ट दर्ज की गई थी?,3,0
"Hello there, how may I help you today?"," नमस्ते, मैं आज आपकी कैसे मदद कर सकता हूं?",3,0
"I apologize for the inconvenience caused to you, could you please help me out with your full name and last 4 digits of your SSN?"," आपको हुई असुविधा के लिए मैं क्षमा चाहता हूँ, क्या आप कृपया अपना पूरा नाम और अपने SSN के अंतिम 4 अंकों के साथ मेरी मदद कर सकते हैं?",3,1
"I'm very sorry for the inconvenience caused to you. May I know your name,last four digits of your SSN and credit card number?"," आपको हुई असुविधा के लिए मुझे बहुत खेद है। क्या मैं आपका नाम, आपके एसएसएन के अंतिम चार अंक और क्रेडिट कार्ड नंबर जान सकता हूं?",3,1
"9566 Bear Hill St. 
Media, PA 19063"," 9566 भालू हिल सेंट मीडिया, पीए 19063",2,0
"Hai, i want check my account balance"," हाय, मुझे अपना अकाउंट बैलेंस चेक करना है",2,0
"Hello, it seems that you are away. I will have to close the chat for now. If you still need my help, you can request a chat again.
"," नमस्ते, ऐसा लगता है कि आप दूर हैं। मुझे अभी के लिए चैट बंद करनी होगी। अगर आपको अभी भी मेरी मदद की ज़रूरत है, तो आप फिर से चैट का अनुरोध कर सकते हैं।",3,0
Could you please let me know the name and last 4 digits of SSN?,क्या आप कृपया मुझे SSN का नाम और अंतिम 4 अंक बता सकते हैं?,3,0
5522,5522,0,0
"I’m sorry about it.  I'll help you with that. Could you please help me with your name and the last four digits of SSN?

", मुझे इसका खेद है। मैं इसमें आपकी मदद करूंगा। क्या आप कृपया मुझे अपने नाम और एसएसएन के अंतिम चार अंकों के साथ मदद कर सकते हैं?,3,1
Thanks a lot. Also could you help me out with last four digits of the account number to which you would like to transfer the amount?, बहुत-बहुत धन्यवाद। क्या आप उस खाता संख्या के अंतिम चार अंकों के साथ मेरी मदद कर सकते हैं जिसमें आप राशि हस्तांतरित करना चाहते हैं?,3,2
Have a great day, आपका दिन अच्छा रहे,2,2
"Hello. How may I help you today?
", नमस्ते। आज मैं आपकी कैसे मदद कर सकता हूँ?,3,0
bye, अलविदा,2,0
4539,4539,0,0
5248,5248,0,0
"My pleasure. Anything else I may help you out with?
", मेरा सौभाग्य। कुछ और मैं आपकी मदद कर सकता हूं?,3,2
OK THANK YOU, ठीक है धन्यवाद,3,2
"Sure! May I know the new address?
", ज़रूर! क्या मैं नया पता जान सकता हूँ?,2,0
Thanks again.Have you filed a report with the police regarding this issue?, फिर से धन्यवाद।क्या आपने इस मामले में पुलिस में रिपोर्ट दर्ज कराई है?,3,1
I'd like to transfer $500, मैं $500 . का हस्तांतरण करना चाहता/चाहती हूं,2,0
"I will help you with that, May I please know your name and the account number?"," मैं इसमें आपकी मदद करूंगा, क्या मैं आपका नाम और खाता संख्या जान सकता हूं?",3,0
1478,1478,0,0
May I know the city name/., क्या मुझे शहर का नाम पता है/.,2,0
"I see you're confused, ma'am. I'll help you through this process. I have your account number but to access your credit card and to block it I'll be needing your credit card number."," मैं देख रहा हूँ कि आप भ्रमित हैं, महोदया। मैं इस प्रक्रिया में आपकी मदद करूंगा। मेरे पास आपका खाता नंबर है लेकिन आपके क्रेडिट कार्ड तक पहुंचने और इसे ब्लॉक करने के लिए मुझे आपके क्रेडिट कार्ड नंबर की आवश्यकता होगी।",3,0
s, एस,0,0
"Okay! Awesome, I've ordered a new card for you on the same account address, which you should receive probably within 2 business days via post. However, In case if you fail to receive please contact us and notify us immediately. I'll be happy if I could be of any more help for you today?"," ठीक! बहुत बढ़िया, मैंने आपके लिए उसी खाते के पते पर एक नया कार्ड मंगवाया है, जो आपको संभवत: 2 कार्यदिवसों के भीतर डाक द्वारा प्राप्त हो जाना चाहिए। हालाँकि, यदि आप प्राप्त करने में विफल रहते हैं तो कृपया हमसे संपर्क करें और हमें तुरंत सूचित करें। मुझे खुशी होगी अगर मैं आज आपकी और मदद कर सकूं?",3,2
"Okay, Rose! Could you please help me out with your credit card number and last 4 digits of your SSN? ","अच्छा, गुलाब! क्या आप कृपया अपने क्रेडिट कार्ड नंबर और अपने एसएसएन के अंतिम 4 अंकों के साथ मेरी मदद कर सकते हैं?",3,0
"I don’t mean to rush you. However, I just want to check if we’re still connected?"," मेरा मतलब आपको जल्दी करना नहीं है। हालांकि, मैं सिर्फ यह जांचना चाहता हूं कि क्या हम अभी भी जुड़े हुए हैं?",3,0
Good evening, सुसंध्या,2,2
"Thank you. Could you please provide me the date when card was last used.
", शुक्रिया। क्या आप कृपया मुझे वह तिथि प्रदान कर सकते हैं जब कार्ड का अंतिम बार उपयोग किया गया था।,3,0
Simbu.G..SSN number:6712, सिम्बु.जी..एसएसएन नंबर: 6712,0,0
I want to update my new address in account, मैं खाते में अपना नया पता अपडेट करना चाहता/चाहती हूं,2,0
Sure! The amount has been transferred successfully and you'll get a confirmation email shortly., ज़रूर! राशि सफलतापूर्वक स्थानांतरित कर दी गई है और आपको शीघ्र ही एक पुष्टिकरण ईमेल प्राप्त होगा।,2,2
Sure! Kindly help me with the account number and the SSN?, ज़रूर! कृपया मुझे खाता संख्या और एसएसएन के साथ मदद करें?,2,0
ssn-5620, एसएसएन-5620,0,0
I lost my credit card, मैंने अपना क्रेडिट कार्ड खो दिया है,1,1
"Sure! That won't be a problem. Certainly, I'll help you. May I know your full name?"," ज़रूर! यह कोई समस्या नहीं होगी। ज़रूर, मैं आपकी मदद करूँगा। क्या मैं आपका पूरा नाम जान सकता हूँ?",3,0
"Okay, just to confirm, you want to change the zip code, am I correct?"," ठीक है, बस पुष्टि करने के लिए, आप ज़िप कोड बदलना चाहते हैं, क्या मैं सही हूँ?",2,0
Thank you for reaching out to us. Have a wonderful day ahead., हमसे संपर्क की पहल के लिए आपका धन्यवाद। आगे एक शानदार दिन हो।,3,2
to*, प्रति*,0,0
Prabhu Karthik, प्रभु कार्तिकी,2,0
"the card date which have given earlier was wrong, i did not use card this month. date may be 18 may 2018"," कार्ड की तारीख जो पहले दी गई है वह गलत थी, मैंने इस महीने कार्ड का उपयोग नहीं किया। दिनांक 18 मई 2018 हो सकता है",2,1
"Hello, want to transfer money from my account to another"," नमस्ते, अपने खाते से दूसरे खाते में पैसे ट्रांसफर करना चाहते हैं",3,0
4356 7996 7545 8643, 4356 7996 7545 8643,0,0
"Don't worry, I'll help you with your issue. Let me know what queries you have."," चिंता न करें, मैं आपकी समस्या में आपकी मदद करूंगा। मुझे बताएं कि आपके पास क्या प्रश्न हैं।",2,2
My last four digits another account number is 8465, मेरा अंतिम चार अंक एक और खाता संख्या 8465 है,1,0
it's 8875849, यह 8875849 . है,0,0
yes thanks a lot, हाँ बहुत बहुत धन्यवाद,3,2
"661 Inverness St. Brighton, MA 02135"," 661 इनवर्नेस सेंट ब्राइटन, एमए 02135",1,0
7799,7799,0,0
"okay, great!  please give me a moment while I process with your request. ",ठीक है बढ़िया! कृपया मुझे एक क्षण दें जब मैं आपके अनुरोध के साथ प्रक्रिया करता हूं।,3,2
RAJI SSN : 4589, राजी एसएसएन: 4589,0,0
"Thanks. To process the request I'll now require the date of charge and the amount of charge.
", धन्यवाद। अनुरोध को संसाधित करने के लिए अब मुझे शुल्क की तिथि और शुल्क की राशि की आवश्यकता होगी।,3,0
Shivyanshi Sharma, शिवांशी शर्मा,2,0
i cannot maintain this account, मैं इस खाते का रखरखाव नहीं कर सकता,2,1
Awesome! Please could you share with me the new address?, बहुत बढ़िया! क्या आप मेरे साथ नया पता साझा कर सकते हैं?,3,2
"Okay, Please allow me a moment, while I look into this issue."," ठीक है, कृपया मुझे एक क्षण दें, जब तक मैं इस मुद्दे को देखता हूं।",3,0
hi, नमस्ते,2,0
08.15Am, 08.15 पूर्वाह्न,0,0
"A very good morning, How may i assist you today?"," एक बहुत ही सुप्रभात, आज मैं आपकी कैसे सहायता कर सकता हूँ?",3,2
ohh, ओह,0,0
Sure! May I know your full name?, ज़रूर! क्या मैं आपका पूरा नाम जान सकता हूँ?,2,0
yes, हां,2,0
I HAVE CHECK MY A/C BALANCE, मैंने अपना खाता शेष चेक कर लिया है,1,0
That's good Drew!, यह अच्छा है ड्रू!,2,2
"hello there, Good morning! "," नमस्ते वहाँ, सुप्रभात!",3,0
Thank you for reaching out to us. It's a pleasure assisting you., हमसे संपर्क की पहल के लिए आपका धन्यवाद। आपकी सहायता करना खुशी की बात है।,3,2
"Oh, I'm so sorry to hear that, I'll surely help you with that. May I please know your first and last name?
"," ओह, मुझे यह सुनकर बहुत अफ़सोस हुआ, मैं इसमें आपकी ज़रूर मदद करूँगा। क्या मैं आपका पहला और अंतिम नाम जान सकता हूँ?",3,0
Sure. I'll help you with that. Could you please help me with your name and the last four digits of SSN?, ज़रूर। मैं इसमें आपकी मदद करूंगा। क्या आप कृपया मुझे अपने नाम और एसएसएन के अंतिम चार अंकों के साथ मदद कर सकते हैं?,3,0
"Yes, I have filed a report at police station"," हां, मैंने थाने में रिपोर्ट दर्ज करा दी है",2,1
May I also know the last four digits of your SSN?, क्या मैं आपके SSN के अंतिम चार अंक भी जान सकता हूँ?,2,0
No. Bye!, अलविदा नहीं!,2,0
Thanks again. Please allow me a minute to look into the issue., एक बार फिर धन्यवाद। कृपया मुझे इस मुद्दे को देखने के लिए एक मिनट का समय दें।,3,0
"Thank you for the information. Lastly I'll require the time of charge.
", जानकारी के लिए धन्यवाद। अंत में मुझे चार्ज के समय की आवश्यकता होगी।,3,0
You can actually find the list of documents in the website I've provided you also you'll find the more details about the loan as well.," आप वास्तव में मेरे द्वारा प्रदान की गई वेबसाइट में दस्तावेजों की सूची पा सकते हैं, आपको ऋण के बारे में अधिक विवरण भी मिलेगा।",1,2
Great! Thank you Rosy. Could you also help me out with your new address?,महान! धन्यवाद रोजी। क्या आप अपने नए पते के बारे में भी मेरी मदद कर सकते हैं?,3,2
1245,1245,0,0
"Thank you, Raja! Please could you share your account number and also your SSN number?"," धन्यवाद, राजा! क्या आप अपना खाता नंबर और अपना एसएसएन नंबर साझा कर सकते हैं?",3,0
You're welcome.  I had a great time assisting you. Please do feel free to reach out to us for further queries. Have a good day. Bye now.,आपका स्वागत है। मुझे आपकी सहायता करने में बहुत अच्छा लगा। कृपया आगे के प्रश्नों के लिए हमसे बेझिझक संपर्क करें। आपका दिन शुभ हो। अलविदा।,3,2
NO THANKS," जी नहीं, धन्यवाद",3,1
Thank you for your valuable information. As I've checked I see that the account balance of the account ending with 6537 is $6700.," आपकी बहुमूल्य जानकारी के लिए धन्यवाद। जैसा कि मैंने जाँच की है, मैं देखता हूँ कि 6537 से समाप्त होने वाले खाते का खाता शेष $6700 है।",3,0
BYE, अलविदा,2,0
Are you connected?, क्या आप जुड़े हुए हैं?,0,0
"Hello there, How may I help you today?
"," नमस्ते, मैं आज आपकी कैसे मदद कर सकता हूँ?",3,0
Thank you. Could you help me with the new address?, शुक्रिया। क्या आप नए पते में मेरी मदद कर सकते हैं?,3,0
I HAVE ERROR IN MY CREDIT CARD BILL., मेरे क्रेडिट कार्ड बिल में त्रुटि है।,0,1
"Is there anything else I could help you with?
", क्या कुछ और है जिसमें मैं आपकी मदद कर सकता हूं?,2,0
"Sure, absbank.com."," ज़रूर, absbank.com।",2,0
OK, ठीक है,2,0
Could you please help me with the last 4 digits of the account number to which you want to transfer amount?, क्या आप कृपया मुझे उस खाता संख्या के अंतिम 4 अंकों में मदद कर सकते हैं जिसमें आप राशि हस्तांतरित करना चाहते हैं?,3,0
SSN:7652, एसएसएन:7652,0,0
Thank you. Please allow me a minute to work on your request., शुक्रिया। कृपया मुझे आपके अनुरोध पर काम करने के लिए एक मिनट का समय दें।,3,0
no, नहीं,1,1
May I know if there's any other concern?, क्या मुझे पता चल सकता है कि क्या कोई अन्य चिंता है?,2,0
MY NAME IS LINDA, मेरा नाम लिंडा है,2,0
Good morning. I can certainly help you with that., सुबह बख़ैर। मैं निश्चित रूप से इसमें आपकी मदद कर सकता हूं।,3,0
gopala krishnan, गोपाल कृष्णन,0,0
i want know my account balance, मुझे अपना खाता शेष जानना है,1,0
"I hope that was helpful, Did I answer all your questions for today? "," मुझे आशा है कि यह मददगार था, क्या मैंने आज के लिए आपके सभी प्रश्नों का उत्तर दिया?",3,0
"Awesome. May I know the new address , so that I can update the same for you.
"," बहुत बढ़िया। क्या मुझे नया पता पता है, ताकि मैं आपके लिए इसे अपडेट कर सकूं।",3,2
Cool! May I also know the last four digits of your SSN?, ठंडा! क्या मैं आपके SSN के अंतिम चार अंक भी जान सकता हूँ?,3,0
OK DONE, ठीक है हो गया,2,2
I want transfer money to another account, मुझे दूसरे खाते में पैसे ट्रांसफर करना है,1,1
yes, हां,2,0
Ok Bye, चलो बाय,2,0
HII, HII,2,0
"Perfect! would you please share the last four digits of your SSN?
", उत्तम! क्या आप कृपया अपने SSN के अंतिम चार अंक साझा करेंगे?,3,0
Hai..., है...,2,0
Great! Could you also help me out with the last 4 digits of your account number?, महान! क्या आप अपनी खाता संख्या के अंतिम 4 अंक निकालने में भी मेरी मदद कर सकते हैं?,3,2
You're welcome. I had a great time assisting you. Please do feel free to reach out to us for further queries. Have a good day. Bye now., आपका स्वागत है। मुझे आपकी सहायता करने में बहुत अच्छा लगा। कृपया आगे के प्रश्नों के लिए हमसे बेझिझक संपर्क करें। आपका दिन शुभ हो। अलविदा।,3,2
excellent., अति उत्कृष्ट।,3,2
"Sure, I'll help you with that. Could you please help me with your name and the four digits of SSN?"," ज़रूर, मैं इसमें आपकी मदद करूँगा। क्या आप कृपया मुझे अपने नाम और एसएसएन के चार अंकों के साथ मदद कर सकते हैं?",3,0
8247,8247,0,0
"Hello there, How may I help you today?
"," नमस्ते, मैं आज आपकी कैसे मदद कर सकता हूँ?",3,0
please disconnect, कृपया डिस्कनेक्ट करें,2,1
Hello. Surely I will help you. May I please know your first and last name?,नमस्ते। ज़रूर मैं आपकी मदद करूँगा। क्या मैं आपका पहला और अंतिम नाम जान सकता हूँ?,3,0
Please visit our website. It will direct you to the right page., कृपया हमारी वेबसाइट पर जाएँ। यह आपको सही पेज पर ले जाएगा।,2,0
Perfect! would you please share the last four digits of your SSN?, उत्तम! क्या आप कृपया अपने SSN के अंतिम चार अंक साझा करेंगे?,3,0
MANI MAGALAI, मणि मगलाई,0,0
"Yes, sure. You're welcome. I'm glad I could help. Would you need anything else?", हाँ यकीनन। आपका स्वागत है। मैं खुश हूं कि मैं मदद कर सका। क्या आपको कुछ और चाहिए होगा?,3,2
Great! Please allow me a moment while I do the needful., महान! कृपया मुझे एक क्षण की अनुमति दें जबकि मैं आवश्यक कार्य करता हूं।,3,2
"I apologize however I would be glad to help you out in this regards. May I know your name please?
", मैं क्षमा चाहता हूं लेकिन मुझे इस संबंध में आपकी सहायता करने में खुशी होगी। क्या मैं आपका नाम जान सकता हूँ?,3,0
"Thank you Rajee, Kindly give me a minute."," धन्यवाद राजी, कृपया मुझे एक मिनट दें।",3,2
"Hello, how may I help you today?"," हैलो, मैं आज आपकी कैसे मदद कर सकता हूं?",3,0
That's enough Riley.  I am very happy for your reply., इतना काफी है रिले। मैं आपके उत्तर के लिए बहुत खुश हूँ।,3,2
"I'm sorry to hear that. However, I'll do my best to help you out. Please may I know your name?"," उसे सुनने के लिए मुझे माफ करें। हालांकि, मैं आपकी मदद करने की पूरी कोशिश करूंगा। कृपया क्या मैं आपका नाम जान सकता हूँ?",3,1
HI DREW, हाय ड्रू,3,0
My name is Mark Antony, मेरा नाम मार्क एंटनी है,2,0
That's great! Thanks! I'll also be needing the amount charged and also the date on which it was charged., एक दम बढ़िया! धन्यवाद! मुझे चार्ज की गई राशि और उस तारीख की भी आवश्यकता होगी जिस पर इसे चार्ज किया गया था।,3,2
Ask to transfer money from one account to another, एक खाते से दूसरे खाते में पैसे ट्रांसफर करने के लिए कहें,1,0
My request to transfer amount $900, मेरा अनुरोध है कि मैं $900 की राशि हस्तांतरित करूं,1,0
ook, उक,2,0
"I'm well, thank you. Please help me with your query,I'll be happy to help you today."," मैं ठीक हूँ धन्यवाद। कृपया अपने प्रश्न के साथ मेरी मदद करें, मुझे आज आपकी मदद करने में खुशी होगी।",3,2
"I’m sorry this has happened. I understand you're upset, and I will do my best to help you. Please could you help me with your name?","मुझे खेद है कि ऐसा हुआ है। मैं समझता हूँ कि आप परेशान हैं, और मैं आपकी मदद करने की पूरी कोशिश करूँगा। कृपया आप अपने नाम के साथ मेरी मदद कर सकते हैं?",3,1
okay! please allow me a moment while I proceed with your request!, ठीक है! कृपया मुझे एक क्षण दें जब तक मैं आपके अनुरोध के साथ आगे बढ़ूं!,2,0
see you bye bye, मिलते हैं अलविदा,2,0
"Yes wonderful! we are glad that you are interested in our bank, However for any information about the interest rates please feel free to visit our official website www.bankers.com, In case if you want to know anything in detail please contact us, we are always here to help you out. Would there be anything else I may help you with? "," हाँ अद्भुत! हमें खुशी है कि आप हमारे बैंक में रुचि रखते हैं, हालांकि ब्याज दरों के बारे में किसी भी जानकारी के लिए कृपया हमारी आधिकारिक वेबसाइट www.bankers.com पर जाएं, यदि आप विस्तार से कुछ भी जानना चाहते हैं तो कृपया हमसे संपर्क करें, हम हमेशा यहाँ आपकी मदद करने के लिए। क्या कुछ और होगा जिसमें मैं आपकी मदद कर सकूं?",3,2
Good bye., अलविदा।,3,0
THANK YOU, धन्यवाद,3,2
Thank you for the information. I’ve updated the address. You’ll receive a confirmation message in a while. Is there anything else I can help you with?, जानकारी के लिए धन्यवाद। मैंने पता अपडेट कर दिया है। आपको थोड़ी देर में एक पुष्टिकरण संदेश प्राप्त होगा। क्या कुछ और है जिसमें मैं आपकी मदद कर सकता हूं?,3,0
"Perfect. Could you please provide me your complete credit card number.
", उत्तम। क्या आप कृपया मुझे अपना पूरा क्रेडिट कार्ड नंबर प्रदान कर सकते हैं।,3,2
"Thank you for being patient, I would like to inform you that I've successfully blocked that card and issued a new one which will be delivered to you within 2-3 business days."," धैर्य रखने के लिए धन्यवाद, मैं आपको सूचित करना चाहता हूं कि मैंने उस कार्ड को सफलतापूर्वक ब्लॉक कर दिया है और एक नया कार्ड जारी कर दिया है जो 2-3 व्यावसायिक दिनों के भीतर आपको वितरित कर दिया जाएगा।",3,2
10-Jun,10-Jun,0,0
21-06-2018,21-06-2018,0,0
I need to block my credit card, मुझे अपना क्रेडिट कार्ड ब्लॉक करना होगा,2,1
goodbye,अलविदा,2,0
Singam.R...SSN number:3874, सिंगम.आर...एसएसएन नंबर:3874,0,0
hi, नमस्ते,2,0
Sure!, ज़रूर!,2,0
"okay! I'll surely help you with that, May I know your first and last name please?"," ठीक है! मैं निश्चित रूप से इसमें आपकी मदद करूंगा, क्या मैं आपका पहला और अंतिम नाम जान सकता हूं?",3,0
Perfect! would you please share the last four digits of your SSN?, उत्तम! क्या आप कृपया अपने SSN के अंतिम चार अंक साझा करेंगे?,3,0
my office near shop, दुकान के पास मेरा कार्यालय,1,0
"MY ADDRESS IS PO BOX.1023, MD 56894."," मेरा पता पीओ बॉक्स है।1023, एमडी 56894।",1,0
"I'm very sorry for the inconvenience caused to you. May I know your name,last four digits of your SSN and credit card number?"," आपको हुई असुविधा के लिए मुझे बहुत खेद है। क्या मैं आपका नाम, आपके एसएसएन के अंतिम चार अंक और क्रेडिट कार्ड नंबर जान सकता हूं?",3,1
"Thank you for your patience, I've updated your address on the system. You’ll be receiving a confirmation e-mail shortly. All communications will be made to the new address. Would you need anything else?","आपके धैर्य के लिए धन्यवाद, मैंने सिस्टम पर आपका पता अपडेट कर दिया है। आपको शीघ्र ही एक पुष्टिकरण ई-मेल प्राप्त होगा। सभी संचार नए पते पर किए जाएंगे। क्या आपको कुछ और चाहिए होगा?",3,2
Thank you for the details. May I know if there's a complaint about the credit card to the police?, विवरण के लिए धन्यवाद। क्या मुझे पता चल सकता है कि पुलिस को क्रेडिट कार्ड के बारे में कोई शिकायत है या नहीं?,3,0
Hey! A very good morning to you. How may I help you today?, अरे! आपके लिए एक बहुत ही शुभ प्रभात। आज मैं आपकी कैसे मदद कर सकता हूँ?,3,2
Bye & Thanks," बॉय, धन्यवाद",3,0
"Well, lakshmi would you please share your last name ?"," अच्छा, लक्ष्मी क्या आप कृपया अपना अंतिम नाम साझा करेंगी?",3,0
MY NAME IS JAGJEET GUPTA, मेरा नाम जगजीत गुप्ता है,2,0
Cool! May I also know the last four digits of your SSN?, ठंडा! क्या मैं आपके SSN के अंतिम चार अंक भी जान सकता हूँ?,3,0
2637,2637,0,0
Thank you., शुक्रिया।,3,2
4578,4578,0,0
THANK YOU, धन्यवाद,3,2
May I ask What is the number 6959?, क्या मैं पूछ सकता हूँ कि संख्या 6959 क्या है?,2,0
Jax Logan, जैक्स लोगान,0,0
Franky, फ्रेंक्यो,0,0
90$, 90$,0,0
"8332 SW. Ocean Street 
Herndon, VA 20170"," 8332 दप। ओशन स्ट्रीट हेरंडन, वीए 20170",0,0
"okay! I'll surely help you with that, May I know your first and last name please?"," ठीक है! मैं निश्चित रूप से इसमें आपकी मदद करूंगा, क्या मैं आपका पहला और अंतिम नाम जान सकता हूं?",3,0
yes sure thanks for giving information...., जी हां जानकारी देने के लिए धन्यवाद....,3,2
hello i lost my card, हैलो मैंने अपना कार्ड खो दिया है,3,0
"25 manickam street , upper lane, salem"," 25 मनिकम स्ट्रीट, अपर लेन, सलेम",0,0
9654,9654,0,0
Perfect! How much would you want to transfer?, उत्तम! आप कितना ट्रांसफर करना चाहेंगे?,3,2
06-10-2018,06-10-2018,0,0
JOHNSON STREET, जॉनसन स्ट्रीट,0,0
Always a pleasure to assist valuable customers like you. Have a great day!, आप जैसे मूल्यवान ग्राहकों की सहायता करने में हमेशा खुशी होती है। आपका दिन अच्छा रहे!,2,2
I'll be glad to assist you with that.  May I know your name please?, मुझे इसमें आपकी सहायता करने में खुशी होगी। क्या मैं आपका नाम जान सकता हूँ?,3,0
please do the needful, कृपया आवश्यक कार्रवाई करें,2,0
Anytime. Anything else I may help you out with?, किसी भी समय। कुछ और मैं आपकी मदद कर सकता हूं?,2,0
ould you please stay connected for a minute while I process with your reuquest>, क्या आप कृपया एक मिनट के लिए जुड़े रहें जब तक कि मैं आपके पुन: अनुरोध के साथ प्रक्रिया कर रहा हूं>,2,0
"ok, thank u so much"," ठीक है, आपका बहुत-बहुत धन्यवाद",3,2
5728,5728,0,0
"well, Jeeva I'll require your last name to access your account?","अच्छा, जीवा मुझे आपके खाते तक पहुँचने के लिए आपके अंतिम नाम की आवश्यकता होगी?",2,0
"You're most welcome. Would there be anything else I may help you with?
", आपका स्वागत है। क्या कुछ और होगा जिसमें मैं आपकी मदद कर सकूं?,3,2
Great! Could you please help me with the amount you wish to transfer?, महान! क्या आप कृपया उस राशि में मेरी मदद कर सकते हैं जिसे आप स्थानांतरित करना चाहते हैं?,3,2
I'd also require the complete 16 digit credit card number.,मुझे पूरे 16 अंकों के क्रेडिट कार्ड नंबर की भी आवश्यकता होगी।,1,0
"I'll be glad to help you out. However, I'll be needing the details to proceed with the process. "," मुझे आपकी मदद करने में खुशी होगी। हालाँकि, मुझे प्रक्रिया के साथ आगे बढ़ने के लिए विवरण की आवश्यकता होगी।",3,0
ok thanks for your impermation, ठीक है आपके वशीकरण के लिए धन्यवाद,3,0
really thanks for you service, वास्तव में आपकी सेवा के लिए धन्यवाद,3,2
Thank you very much, आपका बहुत बहुत धन्यवाद,3,2
Good morning! How may I help you today?, सुबह बख़ैर! आज मैं आपकी कैसे मदद कर सकता हूँ?,3,0
I hope we are still connected., मुझे आशा है कि हम अभी भी जुड़े हुए हैं।,2,2
No, नहीं,1,0
Okay! Could you please let me know your last 4 digits of SSN number and credit card number?,ठीक! क्या आप कृपया मुझे अपने एसएसएन नंबर और क्रेडिट कार्ड नंबर के अंतिम 4 अंक बता सकते हैं?,3,0
oh ok..sure, ओह ठीक है..बिल्कुल,2,0
Thank you.  To get your bank details I would need your last 4 digits of SSN., शुक्रिया। आपका बैंक विवरण प्राप्त करने के लिए मुझे आपके एसएसएन के अंतिम 4 अंकों की आवश्यकता होगी।,3,0
and would you also help me with the date and amount of the charge?, और क्या आप शुल्क की तारीख और राशि के बारे में भी मेरी मदद करेंगे?,1,0
I lost my credit card, मैंने अपना क्रेडिट कार्ड खो दिया है,1,1
OK THANKS, ठीक है धन्यवाद,3,2
60$, 60$,0,0
"Hello, how may I help you with today?"," हैलो, मैं आज आपकी कैसे मदद कर सकता हूं?",3,0
transfer 100 to account 5897, खाते में 100 ट्रांसफर करें 5897,0,0
jund sindi account number 786788797, जुंद सिंडी खाता संख्या 786788797,0,0
OK, ठीक है,2,0
New York., न्यूयॉर्क।,0,0
Hello kelly. Can you provide me with your correct account number?, हैलो केली। क्या आप मुझे अपना सही खाता संख्या प्रदान कर सकते हैं?,3,0
Thanks. To get your bank details I would need your last 4 digits of SSN, धन्यवाद। आपका बैंक विवरण प्राप्त करने के लिए मुझे आपके एसएसएन के अंतिम 4 अंकों की आवश्यकता होगी,3,0
HI, नमस्ते,2,0
Awesome! Could you also please help me out with the last 4 digits of your SSN and credit card number?, बहुत बढ़िया! क्या आप कृपया अपने एसएसएन और क्रेडिट कार्ड नंबर के अंतिम 4 अंकों के बारे में भी मेरी मदद कर सकते हैं?,3,2
5689,5689,0,0
"Hello, how may I help you with today?"," हैलो, मैं आज आपकी कैसे मदद कर सकता हूं?",3,0
A/C NO : 5507, खाता संख्या: 5507,1,0
"A very good morning, How may i assist you today?"," एक बहुत ही सुप्रभात, आज मैं आपकी कैसे सहायता कर सकता हूँ?",3,2
jayasri3389@gmail.com, jayasri3389@gmail.com,2,0
Thank you, आपको धन्यवाद,2,2
"I have issued the checks on your name and it will reach you in your postal address in a day or two.
",मैंने आपके नाम पर चेक जारी किए हैं और यह एक या दो दिन में आपके डाक पते पर पहुंच जाएगा।,1,0
I want u report regarding my lost credit card, मैं चाहता हूं कि आप मेरे खोए हुए क्रेडिट कार्ड के बारे में रिपोर्ट करें,1,0
"Okay great! Thank you so much for your cooperation, have an amazing day ahead! "," ठीक है बढ़िया! आपके सहयोग के लिए बहुत-बहुत धन्यवाद, आपका आने वाला दिन शानदार हो!",3,2
Thank you very much for staying connected. Your request has been successful. Is there anything else I could assist you with?, जुड़े रहने के लिए आपका बहुत-बहुत धन्यवाद। आपका अनुरोध सफल रहा है। क्या कुछ और है जिसमें मैं आपकी सहायता कर सकता हूं?,3,2
7483,7483,0,0
HI, नमस्ते,2,0
Thank you for waiting patiently the address will be changed shorty and it'll take up to 2 hours for the changes to be effective and you'll get a confirmation email as well.," धैर्यपूर्वक प्रतीक्षा करने के लिए धन्यवाद, पता संक्षिप्त रूप से बदल दिया जाएगा और परिवर्तनों को प्रभावी होने में 2 घंटे तक का समय लगेगा और आपको एक पुष्टिकरण ईमेल भी प्राप्त होगा।",3,1
"All right. I apologize I will be not able to give you the information at this point of time. However someone from our bank will reach you back in few days to give you all important information.
", ठीक है। मुझे खेद है कि मैं इस समय आपको जानकारी नहीं दे पाऊंगा। हालांकि हमारे बैंक का कोई व्यक्ति आपको सभी महत्वपूर्ण जानकारी देने के लिए कुछ दिनों में वापस पहुंच जाएगा।,3,0
Could you please help me with the amount you wish to transfer?, क्या आप कृपया उस राशि में मेरी मदद कर सकते हैं जिसे आप स्थानांतरित करना चाहते हैं?,3,0
"421 E DRACHMAN
   TUCSON AZ 85705-7598
   USA", 421 ई ड्रैचमैन टक्सन एजेड 85705-7598 यूएसए,0,0
Sure! Please give me a moment to proceed with the process., ज़रूर! कृपया मुझे प्रक्रिया के साथ आगे बढ़ने के लिए एक क्षण दें।,3,0
i need a gold loan, मुझे गोल्ड लोन चाहिए,2,0
hello! I'd be glad to assist you., नमस्ते! मुझे आपकी सहायता करने में खुशी होगी।,3,0
ok.. take your own time, ठीक है .. अपना समय लें,2,0
06/19/2018, 06/19/2018,0,0
Yes! I'm always here to help you in any regards., हाँ! मैं हमेशा किसी भी मामले में आपकी मदद करने के लिए यहां हूं।,2,2
and also could you please share the new address?, और क्या आप कृपया नया पता साझा कर सकते हैं?,3,0
"8417 Carriage Court 
Wyandotte, MI 48192"," 8417 कैरिज कोर्ट वायंडोटे, एमआई 48192",2,0
I LOST MY CREDIT CARD LAST WEEK, मैंने पिछले सप्ताह अपना क्रेडिट कार्ड खो दिया है,1,1
Good morning!, सुबह बख़ैर!,3,2
Not a problem! Did you file a police report about it?, एक समस्या नहीं है! क्या आपने इसके बारे में पुलिस रिपोर्ट दर्ज की थी?,2,1
HI, नमस्ते,2,0
Always a  pleasure assisting a valuable customer like you. Have a great day ahead., आप जैसे मूल्यवान ग्राहक की सहायता करने में हमेशा खुशी होती है। आगे एक महान दिन हो।,3,2
Good morning! How may I help you today?, सुबह बख़ैर! आज मैं आपकी कैसे मदद कर सकता हूँ?,3,0
5.46E+15,5.46E+15,0,0
ok, ठीक है,2,0
BYE, अलविदा,2,0
1189,1189,0,0
Hi i want to check my account balance of savings account, नमस्ते मैं अपने बचत खाते की शेष राशि की जांच करना चाहता हूं,3,0
"New Address is :  2569 west street, New york 10010"," नया पता है : 2569 वेस्ट स्ट्रीट, न्यूयॉर्क 10010",0,0
"Timothy Jason
", टिमोथी जेसन,2,0
"Okay, I apologize that this happened due to some technical glitch, I've requested for a refund of $265, and also raised a complaint about this so that you don't face this error again, Would there be anything else I may help you with? ","ठीक है, मैं क्षमा चाहता हूं कि यह किसी तकनीकी गड़बड़ी के कारण हुआ, मैंने $265 की धनवापसी का अनुरोध किया है, और इसके बारे में एक शिकायत भी की है ताकि आपको फिर से इस त्रुटि का सामना न करना पड़े, क्या कुछ और होगा जो मैं आपकी मदद कर सकता हूं साथ?",3,1
"I appreciate for holding on, your request has been successful."," मैं रुकने के लिए सराहना करता हूं, आपका अनुरोध सफल रहा है।",3,2
3337,3337,0,0
YES, हां,2,2
"Hello there, I'd glad to assist you today!"," नमस्ते, मुझे आज आपकी सहायता करने में खुशी होगी!",3,2
Hi I want to report an error in my credit card bill and want it to be removed, नमस्ते मैं अपने क्रेडिट कार्ड बिल में एक त्रुटि की रिपोर्ट करना चाहता हूं और चाहता हूं कि इसे हटा दिया जाए,3,1
My name is sam, मेरा नाम सैम है,2,0
Could you also let me know when was the last time you've used the credit card?, क्या आप मुझे यह भी बता सकते हैं कि आपने पिछली बार क्रेडिट कार्ड का उपयोग कब किया था?,3,0
Would there be anything else I may help you with?, क्या कुछ और होगा जिसमें मैं आपकी मदद कर सकूं?,2,0
"Yes, my name is John Smith, SSN: 1234"," हां, मेरा नाम जॉन स्मिथ है, एसएसएन: 1234",2,0
Thank you very much, आपका बहुत बहुत धन्यवाद,3,2
Thank you for sharing the information. I've processed the request for the change of address. You'll shortly receive a confirmation message. Would you need anything else?, जानकारी साझा करने के लिए धन्यवाद। मैंने पते में परिवर्तन के अनुरोध को संसाधित कर लिया है। आपको शीघ्र ही एक पुष्टिकरण संदेश प्राप्त होगा। क्या आपको कुछ और चाहिए होगा?,3,2
OK, ठीक है,2,0
"June 10th, 2018 at 2:37 PM for $75.36."," 10 जून, 2018 दोपहर 2:37 बजे $75.36 के लिए।",0,0
Thank you!, आपको धन्यवाद!,3,2
5483,5483,0,0
"Okay, thank you for the confirmation. How may I help you today? "," ठीक है, पुष्टि के लिए धन्यवाद। आज मैं आपकी कैसे मदद कर सकता हूँ?",3,2
And your complete credit card number?, और आपका पूरा क्रेडिट कार्ड नंबर?,0,0
Hey! How may I help you today?, अरे! आज मैं आपकी कैसे मदद कर सकता हूँ?,3,0
THANK U VERY MUCH, बहुत बहुत धन्यवाद,3,2
HI, नमस्ते,2,0
Thank you for sharing the information. I've processed the request for the change of address. You'll shortly receive a confirmation E-mail., जानकारी साझा करने के लिए धन्यवाद। मैंने पते में परिवर्तन के अनुरोध को संसाधित कर लिया है। आपको शीघ्र ही एक पुष्टिकरण ई-मेल प्राप्त होगा।,3,2
Hey there! How may I help you?, सुनो! क्या मेरे द्वारा आपकी कोई सहायता हो सकती है?,3,0
Nothing! Thank you for your help!, कुछ भी तो नहीं! आपके सहयोग के लिए धन्यवाद!,3,2
Yes, हाँ,2,0
Presently there are no orders in your account., वर्तमान में आपके खाते में कोई आदेश नहीं हैं।,1,0
"Sure, Zulimar Valentin"," ज़रूर, ज़ुलिमार वैलेंटाइन",2,0
THANK YOU, धन्यवाद,3,2
"YES, I HAVE ERROR IN MY CREDIT CARD BILL."," हाँ, मेरे क्रेडिट कार्ड बिल में त्रुटि है।",2,1
"I would love to help you with that. However, for more insight into the lower rates one of our members from the specialty team will get in touch with you to let you know more about the details. ","मुझे इसमें आपकी मदद करना अच्छा लगेगा। हालांकि, कम दरों के बारे में अधिक जानकारी के लिए विशेष टीम के हमारे सदस्यों में से एक आपसे संपर्क करेगा ताकि आपको विवरण के बारे में अधिक जानकारी मिल सके।",3,0
Thank you for the information Nitesh. We will go ahead and close the account. Is there anything else I could help you with?, जानकारी के लिए धन्यवाद नितेश। हम आगे बढ़ेंगे और खाता बंद कर देंगे। क्या कुछ और है जिसमें मैं आपकी मदद कर सकता हूं?,3,0
"Thank you for using our live chat service. I'm now closing this chat. If you have any other concerns in the future, please don’t hesitate to let us know. Have a great day!
"," हमारी लाइव चैट सेवा का उपयोग करने के लिए धन्यवाद। मैं अब इस चैट को बंद कर रहा हूं। यदि भविष्य में आपकी कोई अन्य चिंता है, तो कृपया हमें बताने में संकोच न करें। आपका दिन अच्छा रहे!",3,2
I am really sorry sir. My SSN number is lost., मुझे सच में खेद है सर। मेरा एसएसएन नंबर गुम हो गया है।,3,1
Thank you, आपको धन्यवाद,2,2
Hey! How may I help you today?, अरे! आज मैं आपकी कैसे मदद कर सकता हूँ?,3,0
Yes indeed.," हाँ, वास्तव में।",2,0
YES, हां,2,2
SUPER THANK YOU, सुपर थैंक यू,3,2
"My pleasure. Anything else I may help you out with?
", मेरा सौभाग्य। कुछ और मैं आपकी मदद कर सकता हूं?,3,2
"Hello, how may I help you with today?"," हैलो, मैं आज आपकी कैसे मदद कर सकता हूं?",3,0
Ok thank you, ठीक है धन्यवाद,3,2
May I Know your name please?, क्या मैं आपका नाम जान सकता हूँ?,3,0
alex, एलेक्स,0,0
I'll help you with that. May I know your name please?, मैं इसमें आपकी मदद करूंगा। क्या मैं आपका नाम जान सकता हूँ?,3,0
i dont't know it spencer, मैं इसे स्पेंसर नहीं जानता,1,0
15:20,15:20,0,0
Perfect! May I also know the last four digits of your SSN?, उत्तम! क्या मैं आपके SSN के अंतिम चार अंक भी जान सकता हूँ?,3,0
Awesome! May I also know the last four digits of your SSN?, बहुत बढ़िया! क्या मैं आपके SSN के अंतिम चार अंक भी जान सकता हूँ?,3,2
Hi, नमस्ते,2,0
I lost my credit card, मैंने अपना क्रेडिट कार्ड खो दिया है,1,1
"Thank you so much for bringing this to our notice, Prince. I'll ensure that I'll raise a request to delete the charge and kindly give us 24-48 hours to get this resolved."," इसे हमारे संज्ञान में लाने के लिए आपका बहुत-बहुत धन्यवाद, प्रिंस। मैं यह सुनिश्चित करूंगा कि मैं शुल्क हटाने का अनुरोध करूंगा और कृपया इसे हल करने के लिए हमें 24-48 घंटे का समय दें।",3,1
You're welcome. I had a great time assisting you. Please do feel free to reach out to us for further queries. Have a good day. Bye now., आपका स्वागत है। मुझे आपकी सहायता करने में बहुत अच्छा लगा। कृपया आगे के प्रश्नों के लिए हमसे बेझिझक संपर्क करें। आपका दिन शुभ हो। अलविदा।,3,2
Great! Could you also help me out with the last 4 digits of your account number?, महान! क्या आप अपनी खाता संख्या के अंतिम 4 अंक निकालने में भी मेरी मदद कर सकते हैं?,3,2
"I highly appreciate your patience, I'd like to inform you that your account states a balance of $200. "," मैं आपके धैर्य की अत्यधिक सराहना करता हूं, मैं आपको सूचित करना चाहता हूं कि आपके खाते में $200 की शेष राशि है।",3,2
6767,6767,0,0
bye, अलविदा,2,0
Derik, डेरिको,0,0
"June 10, 2018","June 10, 2018",0,0
okay, ठीक है,2,0
Transfer 3000 to account 5874 immediately, 3000 को तुरंत 5874 खाते में ट्रांसफर करें,0,0
Thankss, धन्यवाद,2,2
Hello there!, नमस्ते!,3,0
NO THANK BYEE, नो थैंक्स बाय,3,1
would you please help me with the last four digits of your SSN number?,क्या आप कृपया अपने एसएसएन नंबर के अंतिम चार अंकों के साथ मेरी मदद करेंगे?,3,0
Great! Could you also please help me out with last 4 digits of your credit card and SSN?, महान! क्या आप कृपया अपने क्रेडिट कार्ड और एसएसएन के अंतिम 4 अंकों के बारे में भी मेरी मदद कर सकते हैं?,3,2
I'd also require the complete 16 digit credit card number.,मुझे पूरे 16 अंकों के क्रेडिट कार्ड नंबर की भी आवश्यकता होगी।,1,0
Hey! I'm available here!, अरे! मैं यहाँ उपलब्ध हूँ!,3,0
"Awesome, please allow me a minute to update your address."," बहुत बढ़िया, कृपया मुझे अपना पता अपडेट करने के लिए एक मिनट का समय दें।",3,2
THANKS.. I WILL BE WAITING, धन्यवाद.. मुझे इंतज़ार रहेगा,3,2
"Thank you for your valuable information. As I've checked, I see that the account balance of the account ending with 4522 is $16000."," आपकी बहुमूल्य जानकारी के लिए धन्यवाद। जैसा कि मैंने जाँच की है, मैं देखता हूँ कि 4522 से समाप्त होने वाले खाते का खाता शेष $16000 है।",3,0
4856,4856,0,0
"I'm glad I could help you, Leon."," मुझे खुशी है कि मैं आपकी मदद कर सका, लियोन।",3,2
"I appreciate for holding on, your request has been successful. You'll receive all the bank alerts to the updated address. "," मैं रुकने के लिए सराहना करता हूं, आपका अनुरोध सफल रहा है। आपको अपडेट किए गए पते पर सभी बैंक अलर्ट प्राप्त होंगे।",3,2
Hello Riley. A very good morning ., हैलो रिले। एक बहुत ही शुभ प्रभात।,3,2
"Okay! I've transferred the amount you'll soon receive a notification in your banking application and also, your bank's routing number is 99885544."," ठीक! मैंने वह राशि स्थानांतरित कर दी है जो आपको जल्द ही आपके बैंकिंग आवेदन में एक सूचना प्राप्त होगी और साथ ही, आपके बैंक का रूटिंग नंबर 99885544 है।",2,0
$50, $50,0,0
OK, ठीक है,2,0
2676,2676,0,0
Yes, हाँ,2,0
I would like to transfer money from my checking account to my savings account please., मैं अपने चेकिंग खाते से अपने बचत खाते में धन हस्तांतरित करना चाहता हूं।,3,0
ok sir i contact my near branch thank you so much riley," ठीक है सर मैं अपनी नजदीकी शाखा से संपर्क करता हूं, बहुत बहुत धन्यवाद रिले",3,0
Nothing else...., और कुछ नहीं....,2,0
"Hello there, how may I help you today? ","नमस्ते, मैं आज आपकी कैसे मदद कर सकता हूँ?",3,0
Hi I wanted to report a lost credit card. Can you do that for me ?, नमस्ते मैं एक खोए हुए क्रेडिट कार्ड की रिपोर्ट करना चाहता था। क्या आप मेरे लिए वो कर सकते हो ?,3,0
ok great, ठीक है अच्छा है,2,2
No problem thank you for updating this for me in a secure way., कोई बात नहीं मेरे लिए इसे सुरक्षित तरीके से अपडेट करने के लिए धन्यवाद।,3,2
3245,3245,0,0
"yes,sure", हाँ यकीनन,2,0
Sure! Could you also please help me out with your new address?, ज़रूर! क्या आप कृपया अपने नए पते के बारे में भी मेरी मदद कर सकते हैं?,3,0
Yes, हाँ,2,0
ok, ठीक है,2,0
Awesome! Please allow me a moment while I check with the account.," बहुत बढ़िया! जब तक मैं खाते से जांच करता हूं, कृपया मुझे कुछ समय दें।",3,1
"Perfect. Could you please provide me the last 4 digits of the account number.
", उत्तम। क्या आप कृपया मुझे खाता संख्या के अंतिम 4 अंक प्रदान कर सकते हैं।,3,0
5343,5343,0,0
Thank you!, आपको धन्यवाद!,3,2
Thanks drew, धन्यवाद आकर्षित,3,2
ATHULYA, अथुल्या,0,0
5903,5903,0,0
Marie Pap, मैरी पपी,0,0
azlee s browns, एज़ली एस ब्राउन्स,0,0
Yes, हाँ,2,0
"I'll help you with that, may I know your name please?"," मैं इसमें आपकी मदद करूंगा, क्या मैं आपका नाम जान सकता हूं?",3,0
I would like to change the adress on my account, मैं अपने खाते का पता बदलना चाहता/चाहती हूं,3,1
"Thank you, Vallarasu. Please could you share your card number and also your SSN?"," धन्यवाद, वालारासु। क्या आप अपना कार्ड नंबर और अपना एसएसएन साझा कर सकते हैं?",3,0
OK, ठीक है,2,0
"Good news Anand, I've updated your new address, you will receive a notification on your banking application about the change in your address. Is there anything else I may help you with?"," खुशखबरी आनंद, मैंने आपका नया पता अपडेट कर दिया है, आपको अपने पते में बदलाव के बारे में अपने बैंकिंग आवेदन पर एक सूचना प्राप्त होगी। क्या कुछ और है जिसमें मैं आपकी मदद कर सकता हूं?",3,2
Thank you., शुक्रिया।,3,2
"1287 Sheridan Drive, Shirley, NY 11967"," 1287 शेरिडन ड्राइव, शर्ली, एनवाई 11967",2,0
ok, ठीक है,2,0
4.78E+21,4.78E+21,0,0
954 EAST ROAD VENTOUR COLONY ZL 7004, 954 ईस्ट रोड वेंचर कॉलोनी जेडएल 7004,0,0
"okay, I've updated your new address, is there anything else I may help you with for today? "," ठीक है, मैंने आपका नया पता अपडेट कर दिया है, क्या आज के लिए मैं आपकी कुछ और मदद कर सकता हूँ?",2,0
"Perfect. Could you please provide me your complete credit card number.
", उत्तम। क्या आप कृपया मुझे अपना पूरा क्रेडिट कार्ड नंबर प्रदान कर सकते हैं।,3,2
what is company's new lower rates you saw in a commercial are available to me,"कंपनी की नई निचली दरें क्या हैं जो आपने एक विज्ञापन में देखीं, वे मेरे लिए उपलब्ध हैं",1,0
associate with my name and SSN I would like to close that account, मेरे नाम और एसएसएन के साथ संबद्ध करें मैं उस खाते को बंद करना चाहता हूं,3,1
"I am so sorry. I just realized I wrote the wrong house number. My new address is 778 Cloverfield Lane, not 678"," मुझे माफ़ कीजिए। मुझे बस एहसास हुआ कि मैंने गलत घर का नंबर लिखा है। मेरा नया पता 778 क्लोवरफ़ील्ड लेन है, न कि 678",3,0
"Sure, I'll be happy to help you with it. Please may I know your name?"," ज़रूर, मुझे इसमें आपकी मदद करने में खुशी होगी। कृपया क्या मैं आपका नाम जान सकता हूँ?",2,0
OK, ठीक है,2,0
yes, हां,2,0
Good evening!, सुसंध्या!,3,2
"ssn num-7678,credit card num-1267"," एसएसएन नंबर-7678, क्रेडिट कार्ड नंबर-1267",0,0
Can i know your full name and the account number?, क्या मैं आपका पूरा नाम और खाता संख्या जान सकता हूँ?,1,0
nothing, कुछ नहीं,1,0
May I know when was the card last used?, क्या मुझे पता चल सकता है कि कार्ड का आखिरी बार कब इस्तेमाल किया गया था?,2,0
"Sure! That won't be a problem. Certainly, I'll help you. May I know your full name?"," ज़रूर! यह कोई समस्या नहीं होगी। ज़रूर, मैं आपकी मदद करूँगा। क्या मैं आपका पूरा नाम जान सकता हूँ?",3,0
Hi, नमस्ते,3,0
7415,7415,0,0
I want to transfer amount from my account to my friend's account. Could you please help me?, मैं अपने खाते से राशि अपने मित्र के खाते में स्थानांतरित करना चाहता हूं। कृपया आप मेरी मदद कर सकते हैं?,3,0
"98 W. Sheffield Dr. 
Fort Lauderdale, FL 33308"," 98 डब्ल्यू। शेफ़ील्ड डॉ। फोर्ट लॉडरडेल, FL 33308",0,0
why can't provide your bank's helpdesk official website if you give me that information i'll search solution of my problem.," यदि आप मुझे वह जानकारी देते हैं तो मैं आपके बैंक की हेल्पडेस्क आधिकारिक वेबसाइट प्रदान क्यों नहीं कर सकता, मैं अपनी समस्या का समाधान खोजूंगा।",2,1
thanks, धन्यवाद,3,2
"Thank you. Could you please provide me the date when card was last used.
", शुक्रिया। क्या आप कृपया मुझे वह तिथि प्रदान कर सकते हैं जब कार्ड का अंतिम बार उपयोग किया गया था।,3,0
"Sure, please give me a minute to proceed further."," ज़रूर, कृपया मुझे आगे बढ़ने के लिए एक मिनट दें।",2,0
My pleasure. Is there anything else I could assist you with?, मेरा सौभाग्य। क्या कुछ और है जिसमें मैं आपकी सहायता कर सकता हूं?,3,0
"fabulous! I'm glad that you have filed a police report, I'll quickly complete with my process and block your card right away! ","आश्चर्यजनक! मुझे खुशी है कि आपने एक पुलिस रिपोर्ट दर्ज की है, मैं जल्दी से अपनी प्रक्रिया पूरी कर दूंगा और आपका कार्ड तुरंत ब्लॉक कर दूंगा!",3,1
"okay! Thanks for being patient and sharing that valuable information, Please allow me a moment while I process with your request.
"," ठीक है! धैर्य रखने और उस मूल्यवान जानकारी को साझा करने के लिए धन्यवाद, कृपया मुझे आपके अनुरोध के साथ संसाधित करने के लिए कुछ समय दें।",3,2
ok please another help, ठीक है कृपया एक और मदद करें,3,0
Kindly transfer $50, कृपया $50 . ट्रांसफर करें,2,0
Thank you so much for staying connected. Your lost credit card has been blocked and a new credit account will be sent to your address shortly.,जुड़े रहने के लिए आपका बहुत-बहुत धन्यवाद। आपका खोया हुआ क्रेडिट कार्ड ब्लॉक कर दिया गया है और जल्द ही आपके पते पर एक नया क्रेडिट खाता भेजा जाएगा।,3,2
"Hey! I've placed your order, which you'll receive within 2 business days via post.Would there be anything else I may help you with? "," अरे! मैंने आपका आदेश दे दिया है, जो आपको 2 कार्यदिवसों के भीतर डाक के माध्यम से प्राप्त होगा। क्या कुछ और होगा जिसमें मैं आपकी सहायता कर सकता हूँ?",3,0
Thank YOu! Have a great day!, धन्यवाद! आपका दिन अच्छा रहे!,3,2
what's a firts, क्या बात है,0,0
"For sure, may I know is it the same account ending with 7800 you're referring to?"," निश्चित रूप से, क्या मैं जान सकता हूं कि क्या यह वही खाता है जो 7800 से समाप्त होता है जिसका आप उल्लेख कर रहे हैं?",2,0
9327,9327,0,0
OF COURSE.., बेशक..,0,0
yes, हां,2,0
yes i did," हाँ, मैंने किया",2,0
Hello! Good Morning!, नमस्ते! शुभ प्रभात!,3,0
Could you please help me with the amount you wish to transfer?, क्या आप कृपया उस राशि में मेरी मदद कर सकते हैं जिसे आप स्थानांतरित करना चाहते हैं?,3,0
I'll help you with that. May I know your name please?, मैं इसमें आपकी मदद करूंगा। क्या मैं आपका नाम जान सकता हूँ?,3,0
I did file a police report. The last time I used it was yesterday afternoon, मैंने पुलिस में रिपोर्ट दर्ज कराई थी। पिछली बार जब मैंने इसका इस्तेमाल किया था तो कल दोपहर थी,2,1
8054,8054,0,0
"100 MAIN ST
   PO BOX 1022
   SEATTLE WA 98104
   USA", 100 मुख्य एसटी पीओ बॉक्स 1022 सिएटल डब्ल्यूए 98104 यूएसए,0,0
5444,5444,0,0
I WANT TO CHANGE MY ACCOUNT ADDRESS, मुझे अपना खाता पता बदलना है,1,1
HELLO I HAVE ERROR IN MY CREDIT CARD BILL, नमस्ते मुझे अपने क्रेडिट कार्ड बिल में त्रुटि है,3,1
"I'm very sorry for the inconvenience caused to you. May I know your name,last four digits of your SSN and credit card number?
"," आपको हुई असुविधा के लिए मुझे बहुत खेद है। क्या मैं आपका नाम, आपके एसएसएन के अंतिम चार अंक और क्रेडिट कार्ड नंबर जान सकता हूं?",3,1
my credit card lost so close my card quickly, मेरा क्रेडिट कार्ड खो गया है तो जल्दी से मेरा कार्ड बंद कर दो,1,1
Tanik, तनिको,0,0
I'll be glad to help you out! Could you please help me out with your full name and last 4 digits of your SSN?,मुझे आपकी मदद करने में खुशी होगी! क्या आप कृपया अपना पूरा नाम और अपने एसएसएन के अंतिम 4 अंकों के साथ मेरी मदद कर सकते हैं?,3,0
Wait a minute. I think I need $200 instead. Sorry., ज़रा ठहरिये। मुझे लगता है कि मुझे इसके बदले $200 चाहिए। माफ़ करना।,3,1
NAME - LILLY SSN - 8527 CREDIT CARD NO - 852134567852106, नाम - लिली एसएसएन - 8527 क्रेडिट कार्ड नंबर - 852134567852106,1,0
SSN:5021..Account number:7162, एसएसएन:5021..खाता संख्या:7162,0,0
8888,8888,0,0
"radha krishnan, 5623"," राधा कृष्णन, 5623",0,0
"I believe it was last used yesterday, 6/21 at around 10am"," मेरा मानना है कि इसका आखिरी बार कल इस्तेमाल किया गया था, 6/21 लगभग 10 बजे",2,0
"Okay! Not a problem! I had made a request to our department to issue a new card for you. Our associate will soon contact you for confirming a few credentials. And soon, you'll receive a new card on your registered address. I've blocked the card for now."," ठीक! एक समस्या नहीं है! मैंने आपके लिए एक नया कार्ड जारी करने के लिए हमारे विभाग से अनुरोध किया था। कुछ क्रेडेंशियल की पुष्टि के लिए हमारा सहयोगी जल्द ही आपसे संपर्क करेगा। और जल्द ही, आपको अपने पंजीकृत पते पर एक नया कार्ड प्राप्त होगा। मैंने अभी के लिए कार्ड ब्लॉक कर दिया है।",3,1
"Hello there, how may I help you today?"," नमस्ते, मैं आज आपकी कैसे मदद कर सकता हूं?",3,0
It was wonderful talking to you. Have a great day,आपसे बात करके बहुत अच्छा लगा। आपका दिन अच्छा रहे,3,2
4351,4351,0,0
YES, हां,2,2
The checks you have ordered for yesterday will be reaching you within 24 hours. Would you need anything else?," कल के लिए आपने जो चेक ऑर्डर किए हैं, वे 24 घंटे के भीतर आप तक पहुंच जाएंगे। क्या आपको कुछ और चाहिए होगा?",3,2
ok, ठीक है,2,0
Sure. The date is June 20. The amount is 45., ज़रूर। तारीख 20 जून है। राशि 45 है।,2,0
4474,4474,0,0
Sure! The routing number for the account ending with 8874 is 9848684933., ज़रूर! 8874 से समाप्त होने वाले खाते की रूटिंग संख्या 9848684933 है।,2,0
Thanks, धन्यवाद,3,2
yes sir thank you very much, हाँ सर बहुत बहुत धन्यवाद,3,2
Thank you so much for your time. You have an amazing day!, आपके समय के लिए बहुत बहुत शुक्रिया। आपके पास एक अद्भुत दिन है!,3,2
"100, Houston, Houston - 10012"," 100, ह्यूस्टन, ह्यूस्टन - 10012",0,0
My credit card bill shows an error, मेरा क्रेडिट कार्ड बिल एक त्रुटि दिखाता है,2,1
Sure thing! Could you please help me out with your full name?, अवश्य! क्या आप कृपया अपने पूरे नाम के साथ मेरी मदद कर सकते हैं?,3,0
"Sure, I'll be happy to do that for you. May I have your name please?"," ज़रूर, मुझे आपके लिए ऐसा करने में खुशी होगी। क्या मैं आपका नाम जान सकता हूं?",3,0
"It was really nice talking to you and a pleasure assisting you. I'm glad that I could resolve this for you. Hope to see you again. Have a great day ahead!
", आपसे बात करके बहुत अच्छा लगा और आपकी सहायता करने में खुशी हुई। मुझे खुशी है कि मैं इसे आपके लिए हल कर सका। फिर से देखने की उम्मीद। आगे एक महान दिन हो!,3,2
OK, ठीक है,2,0
okay would you please clarify if 7249 is for credit card number or SSN?," ठीक है, क्या आप कृपया स्पष्ट करेंगे कि 7249 क्रेडिट कार्ड नंबर या एसएसएन के लिए है?",3,0
You can visit the nearest branch., आप नजदीकी शाखा में जा सकते हैं।,0,0
why can't you get information with my name madam, आप मेरे नाम के साथ जानकारी क्यों नहीं प्राप्त कर सकते हैं महोदया,2,1
Thank you for staying connected. Let me know if you have any other queries., जुड़े रहने के लिए धन्यवाद। मुझे बताएं कि क्या आपके पास कोई अन्य प्रश्न हैं।,3,2
May i know the other account number you want the money to be transferred to and the amount also please?,क्या मैं अन्य खाता संख्या जान सकता हूँ जिसमें आप धन हस्तांतरित करना चाहते हैं और राशि भी कृपया?,3,0
sure. I will help you with that., ज़रूर। मैं इसमें आपकी मदद करूंगा।,2,0
"Perfect. Could you please provide me your complete credit card number.
", उत्तम। क्या आप कृपया मुझे अपना पूरा क्रेडिट कार्ड नंबर प्रदान कर सकते हैं।,3,2
"As per your request, I have transferred the amount $2500 to the account ending with 6699. You'll be receiving a confirmation message regarding this. Is there anything else I can help you with?"," आपके अनुरोध के अनुसार, मैंने $2500 की राशि 6699 से समाप्त होने वाले खाते में स्थानांतरित कर दी है। आपको इस संबंध में एक पुष्टिकरण संदेश प्राप्त होगा। क्या कुछ और है जिसमें मैं आपकी मदद कर सकता हूं?",3,0
CREDIT CARD IS STOLEN, क्रेडिट कार्ड चोरी हो गया है,0,1
3532 Mountain drive, 3532 माउंटेन ड्राइव,0,0
Good morning Sam, सुप्रभात सामु,3,0
My name is Kevin Mathew, मेरा नाम केविन मैथ्यू है,2,0
I HAVE CHANGE MY ADDRESS, मैंने अपना पता बदल लिया है,2,1
HI, नमस्ते,2,0
Would there be anything else I may help you with?, क्या कुछ और होगा जिसमें मैं आपकी मदद कर सकूं?,2,0
Thank you for waiting patiently I've now removed the charges on your bill and you'd be getting a new bill within 2 days, धैर्यपूर्वक प्रतीक्षा करने के लिए धन्यवाद मैंने अब आपके बिल से शुल्क हटा दिए हैं और आपको 2 दिनों के भीतर एक नया बिल प्राप्त होगा,3,2
Thank you for bringing this to our notice., इसे हमारे संज्ञान में लाने के लिए धन्यवाद।,3,2
Thank you. Is there anything else I may help you with?, शुक्रिया। क्या कुछ और है जिसमें मैं आपकी मदद कर सकता हूं?,3,2
my name is camurun, मेरा नाम कैमरुन है,1,0
PLEASE CORRECT THE ERROR, कृपया त्रुटि सुधारें,2,1
bye, अलविदा,2,0
9764,9764,0,0
1236,1236,0,0
"Maurice Harris
", मौरिस हैरिस,0,0
OK, ठीक है,2,0
WANT TO CHANGE ADDRESS, पता बदलना चाहते हैं,1,0
That's everything, वह सब कुछ है,2,0
"Thank you for the information Tamil. However I'll need your complete credit card number so that I can cancel the old one and issue the new card.
", तमिल जानकारी के लिए धन्यवाद। हालांकि मुझे आपके पूर्ण क्रेडिट कार्ड नंबर की आवश्यकता होगी ताकि मैं पुराने को रद्द कर सकूं और नया कार्ड जारी कर सकूं।,3,0
"I'll be glad to help you with that, may I know your name please?"," मुझे इसमें आपकी मदद करने में खुशी होगी, क्या मैं आपका नाम जान सकता हूँ?",3,0
DINESK KUMAR, दिनेस्क कुमारी,0,0
"On your request, I've transferred the amount of $5000 to the account ending with 7890 and you'll receive a confirmation message on your registered mobile number in a while.","आपके अनुरोध पर, मैंने 7890 से समाप्त होने वाले खाते में $5000 की राशि स्थानांतरित कर दी है और आपको कुछ ही देर में अपने पंजीकृत मोबाइल नंबर पर एक पुष्टिकरण संदेश प्राप्त होगा।",2,0
Okay, ठीक,2,0
Cool! May I know the last four digits of your SSN?, ठंडा! क्या मैं आपके SSN के अंतिम चार अंक जान सकता हूँ?,3,0
4321,4321,0,0
"Sure, no problem. Let me change it for you.", ठीक है कोई दिक्कत नहीं। मुझे इसे आपके लिए बदलने दो।,2,0
"My credit card bill was getting error, so please help me to clear this"," मेरे क्रेडिट कार्ड बिल में त्रुटि हो रही थी, इसलिए कृपया इसे दूर करने में मेरी सहायता करें",3,1
"Please could you help me with your account number,sir?"," कृपया आप अपना खाता नंबर देने में मेरी मदद कर सकते हैं, सर?",2,0
Good morning! How may I assist you today?, सुबह बख़ैर! आज मैं आपकी मदद किस तरह कर सकता हूँ?,3,0
I need to reverse that charges...., मुझे उन आरोपों को उलटने की जरूरत है ....,1,1
Alright! Do you want me to go ahead and change the address that is associated with your bank account?, ठीक है! क्या आप चाहते हैं कि मैं आगे बढ़कर आपके बैंक खाते से जुड़े पते को बदल दूं?,2,0
hank you, धन्यवाद,2,0
"Raj dany, 9874 and 2547"," राजदानी, 9874 और 2547",0,0
"Thank you for using our live chat service. I'm now closing this chat. If you have any other concerns in the future, please don’t hesitate to let us know. Have a great day!
"," हमारी लाइव चैट सेवा का उपयोग करने के लिए धन्यवाद। मैं अब इस चैट को बंद कर रहा हूं। यदि भविष्य में आपकी कोई अन्य चिंता है, तो कृपया हमें बताने में संकोच न करें। आपका दिन अच्छा रहे!",3,2
ok, ठीक है,2,0
ARE YOU THERE, आप वहाँ हैं,1,0
"Yes, please help me with your query."," हां, कृपया अपनी क्वेरी में मेरी मदद करें।",3,0
no, नहीं,1,1
May I confirm the address provided by you?, क्या मैं आपके द्वारा दिए गए पते की पुष्टि कर सकता हूं?,2,0
HII, HII,2,0
"Okay! Fabulous, I'll block your card right away. Please allow me a moment."," ठीक! बहुत बढ़िया, मैं आपका कार्ड तुरंत ब्लॉक कर दूँगा। कृपया मुझे एक क्षण की अनुमति दें।",2,1
"828 Atlantic St. Charlottesville, VA 22901"," 828 अटलांटिक सेंट चार्लोट्सविले, वीए 22901",0,0
"Thanks. Furthermore I will also require the last four digits of your account number.
", धन्यवाद। इसके अलावा मुझे आपके खाता संख्या के अंतिम चार अंकों की भी आवश्यकता होगी।,3,0
05/22/2018, 05/22/2018,0,0
hello, नमस्ते,2,0
"That's fantastic, I need to collect some information in order to proceed further like the name and last 4 digits of SSN."," यह शानदार है, मुझे आगे बढ़ने के लिए कुछ जानकारी एकत्र करने की आवश्यकता है जैसे नाम और एसएसएन के अंतिम 4 अंक।",1,2
Thank you for the information. Please allow me a moment while I do the needful.,जानकारी के लिए धन्यवाद। कृपया मुझे एक क्षण की अनुमति दें जबकि मैं आवश्यक कार्य करता हूं।,3,2
"NO PROBLEM, THANK YOU FOR YOUR EFFORT."," कोई समस्या नहीं, आपके प्रयास के लिए धन्यवाद।",3,2
"I wanted to change the address to New Lohiya bazaar, delhi"," मैं न्यू लोहिया बाजार, दिल्ली का पता बदलना चाहता था",2,0
"Thank you for staying connected. I've updated your address on the system, you’ll be receiving a confirmation e-mail shortly. All communications will be made to the new address. Would you need anything else?"," जुड़े रहने के लिए धन्यवाद। मैंने सिस्टम पर आपका पता अपडेट कर दिया है, आपको शीघ्र ही एक पुष्टिकरण ई-मेल प्राप्त होगा। सभी संचार नए पते पर किए जाएंगे। क्या आपको कुछ और चाहिए होगा?",3,2
You're welcome! Is there anything else I may assist you with?, आपका स्वागत है! क्या कुछ और है जिसमें मैं आपकी सहायता कर सकता हूं?,2,2
prakash, प्रकाश,0,0
"This is James, Marvin"," यह जेम्स, मार्विन है",2,0
i wanna transfer money from accounts, मैं खातों से पैसे ट्रांसफर करना चाहता हूं,1,0
"My pleasure. Anything else I may help you out with?
", मेरा सौभाग्य। कुछ और मैं आपकी मदद कर सकता हूं?,3,2
KS FOR HELPING, मदद के लिए के.एस,2,0
"My new address is 4376 Flanigan Oaks Drive Alexandria, MD 22304"," मेरा नया पता 4376 फ्लैनिगन ओक्स ड्राइव अलेक्जेंड्रिया, एमडी 22304 है",1,0
Great! Always a  pleasure assisting a valuable customer like you. Have a great day ahead. Looking forward to seeing you soon., महान! आप जैसे मूल्यवान ग्राहक की सहायता करने में हमेशा खुशी होती है। आगे एक महान दिन हो। जल्द ही आपको देखने की इच्छा है।,3,2
"Thank you for reaching out to us 
Always a privelage helping a valuable customer.", हमारे पास पहुंचने के लिए धन्यवाद हमेशा एक मूल्यवान ग्राहक की मदद करने वाला एक विशेषाधिकार।,3,2
heyy. my card has been lost a few hours ago. I need to block it as soon as possible, अरे। मेरा कार्ड कुछ घंटे पहले खो गया है। मुझे इसे जल्द से जल्द ब्लॉक करना होगा,2,1
NO THANKS," जी नहीं, धन्यवाद",3,1
2568,2568,0,0
no thanks man !!!, नहीं धन्यवाद यार !!!,3,1
You're most welcome! Thank you for reaching out to us. Good day!, आपका स्वागत है! हमसे संपर्क की पहल के लिए आपका धन्यवाद। अच्छा दिन!,3,2
Would you like to order a new card?, क्या आप एक नया कार्ड ऑर्डर करना चाहेंगे?,3,0
hey man, अरे दोस्त,3,0
"Hello, how may I help you with today?"," हैलो, मैं आज आपकी कैसे मदद कर सकता हूं?",3,0
Josh i have closed your account., जोश मैंने आपका खाता बंद कर दिया है।,0,1
"Perfect. I will now go ahead and cancel your old card which is missing and issue a new one for you which will be sent to your address soon.
", उत्तम। अब मैं आगे बढ़ूंगा और आपके पुराने कार्ड को रद्द कर दूंगा जो गायब है और आपके लिए एक नया कार्ड जारी करूंगा जो जल्द ही आपके पते पर भेज दिया जाएगा।,2,2
4422,4422,0,0
"Thanks. To pull up the information I will require your last 4 digits of the SSN.
", धन्यवाद। जानकारी प्राप्त करने के लिए मुझे आपके एसएसएन के अंतिम 4 अंकों की आवश्यकता होगी।,3,0
May I know if there's any other concern?, क्या मुझे पता चल सकता है कि क्या कोई अन्य चिंता है?,2,0
Apologies for the inconvenience caused to you. Could you please help me out with your full name?, आपको हुई असुविधा के लिए खेद है। क्या आप कृपया अपने पूरे नाम के साथ मेरी मदद कर सकते हैं?,3,1
"All right. Please tell me the date and the time of the error.

",ठीक है। कृपया मुझे त्रुटि की तिथि और समय बताएं।,2,1
NO THANK BYEE, नो थैंक्स बाय,3,1
Perfect. I had a great time assisting you. Please do feel free to reach out to us for further queries. Have a good day. Bye now., उत्तम। मुझे आपकी सहायता करने में बहुत अच्छा लगा। कृपया आगे के प्रश्नों के लिए हमसे बेझिझक संपर्क करें। आपका दिन शुभ हो। अलविदा।,3,2
"Okay, I apologize that this happened due to some technical glitch, I've requested for a refund of $350, and also raised a complaint about this so that you don't face this error again, Would there be anything else I may help you with? "," ठीक है, मैं क्षमा चाहता हूं कि यह किसी तकनीकी गड़बड़ी के कारण हुआ, मैंने $350 की वापसी का अनुरोध किया है, और इसके बारे में एक शिकायत भी की है ताकि आपको फिर से इस त्रुटि का सामना न करना पड़े, क्या कुछ और होगा जो मैं आपकी मदद कर सकता हूं साथ?",3,1
"Oh..No! I'm so sorry to hear that, I'll surely help you out with this. May I know your first and last name please?
"," धत्तेरे की! मुझे यह सुनकर बहुत अफ़सोस हुआ, मैं निश्चित रूप से इसमें आपकी मदद करूँगा। क्या मैं आपका पहला और अंतिम नाम जान सकता हूँ?",3,0
7146 3287 4925 6571, 7146 3287 4925 6571,0,0
yes, हां,2,0
"I appreciate for holding on, your request has been successful. "," मैं रुकने के लिए सराहना करता हूं, आपका अनुरोध सफल रहा है।",3,2
Thanks. To get your bank details I would need your last 4 digits of SSN, धन्यवाद। आपका बैंक विवरण प्राप्त करने के लिए मुझे आपके एसएसएन के अंतिम 4 अंकों की आवश्यकता होगी,3,0
"Thank you so much, would you be able to tell my the banks routing number?"," बहुत-बहुत धन्यवाद, क्या आप मेरे बैंकों का रूटिंग नंबर बता पाएंगे?",3,0
"Perfect. Could you please provide me your complete credit card number.
", उत्तम। क्या आप कृपया मुझे अपना पूरा क्रेडिट कार्ड नंबर प्रदान कर सकते हैं।,3,2
Hey! How may I help you today?, अरे! आज मैं आपकी कैसे मदद कर सकता हूँ?,3,0
Thank you Nathanael for the details. Was the police report lodged for the lost card?, विवरण के लिए धन्यवाद नथानेल। क्या गुम हुए कार्ड के लिए पुलिस रिपोर्ट दर्ज की गई थी?,3,0
Great! Always a  pleasure assisting a valuable customer like you. Have a great day ahead. Looking forward to seeing you soon., महान! आप जैसे मूल्यवान ग्राहक की सहायता करने में हमेशा खुशी होती है। आगे एक महान दिन हो। जल्द ही आपको देखने की इच्छा है।,3,2
Thank you for your patience and no quires right now, आपके धैर्य के लिए धन्यवाद और अभी कोई पूछताछ नहीं है,3,2
I NEED TO CHANGE MY ADREES IN MY BANK ACCOUNT, मुझे अपने बैंक खाते में अपना विज्ञापन बदलने की आवश्यकता है,2,0
ok, ठीक है,2,0
I've transferred the amount and you'll receive a confirmation message on your registered mobile number in a while., मैंने राशि हस्तांतरित कर दी है और आपको कुछ ही देर में अपने पंजीकृत मोबाइल नंबर पर एक पुष्टिकरण संदेश प्राप्त होगा।,2,0
Thank you. Could you please share the complete credit card number?, शुक्रिया। क्या आप कृपया पूरा क्रेडिट कार्ड नंबर साझा कर सकते हैं?,3,0
ANU, अनु,0,0
5000,5000,0,0
hi, नमस्ते,2,0
A/C NO : 9995, खाता संख्या: 9995,1,0
I have to lost my credit card . could you help me, मुझे अपना क्रेडिट कार्ड खोना है। क्या आप मेरी मदद कर सकते हैं,3,1
6754,6754,0,0
NO-37 HIUL ROAD FG-55, NO-37 HIUL रोड FG-55,2,0
4568,4568,0,0
i lost my credit card. so kindly block it and provide new one, मैंने अपना क्रेडिट कार्ड खो दिया है। तो कृपया इसे ब्लॉक करें और नया प्रदान करें,2,1
Thank you very much, आपका बहुत बहुत धन्यवाद,3,2
"Sure thing, could you please help me out with your full name and last 4 digits of your SSN?"," निश्चित रूप से, क्या आप कृपया अपना पूरा नाम और अपने एसएसएन के अंतिम 4 अंकों के साथ मेरी मदद कर सकते हैं?",3,0
Sure! I'm here to help you out. Could you please let me know your full name?,ज़रूर! मैं यहां आपकी मदद करने के लिए हूं। क्या आप कृपया मुझे अपना पूरा नाम बता सकते हैं?,3,0
Rani Chandra, रानी चंद्रा,0,0
"Hello, how may I help you today?

"," हैलो, मैं आज आपकी कैसे मदद कर सकता हूं?",3,0
NO THANK YOU FOR YOUR HELP, नहीं आपकी मदद के लिए धन्यवाद,3,1
thank you, धन्यवाद,2,2
"Hello. How may I help you today?
", नमस्ते। आज मैं आपकी कैसे मदद कर सकता हूँ?,3,0
i there any other way to get information about transfer, मेरे पास स्थानांतरण के बारे में जानकारी प्राप्त करने का कोई अन्य तरीका है,1,0
HELLO, नमस्ते,2,0
Hello Mr. Spencer, हैलो मिस्टर स्पेंसर,3,0
"45 Rockwell Street 
Albany, NY 12203"," 45 रॉकवेल स्ट्रीट अल्बानी, एनवाई 12203",1,0
"Thank you for your valuable information. As I've checked, I see that the account balance of the account ending with 8564 is $9000."," आपकी बहुमूल्य जानकारी के लिए धन्यवाद। जैसा कि मैंने जांच की है, मैं देखता हूं कि 8564 के साथ समाप्त होने वाले खाते का खाता शेष $9000 है।",3,0
Would there be anything else I may help you with?, क्या कुछ और होगा जिसमें मैं आपकी मदद कर सकूं?,2,0
thank you, धन्यवाद,2,2
"Thanks for connecting to us, Have a great day. goodbye."," हमसे जुड़ने के लिए धन्यवाद, आपका दिन शुभ हो। अलविदा।",3,2
Bye Rory, अलविदा रोरी,2,0
Thank you for your valuable information. As I've checked I see that the account balance of the account ending with 8795 is $4000.," आपकी बहुमूल्य जानकारी के लिए धन्यवाद। जैसा कि मैंने जाँच की है, मैंने देखा कि 8795 के साथ समाप्त होने वाले खाते का खाता शेष $4000 है।",3,0
$300, $300,0,0
yeah sure 6845, हाँ ज़रूर 6845,2,0
HAi, हाई,0,0
Could you please specify the SSN and account number?/, क्या आप कृपया एसएसएन और खाता संख्या निर्दिष्ट कर सकते हैं?/,3,0
"Oh! Sure, not a problem! I'd made a request to our team about this, and our associate will soon contact you and help you with a new card. Not to worry at all! We make sure that our customers are totally satisfied with our services! Not to worry! You'll soon receive a new card on your registered address."," ओह! ज़रूर, कोई समस्या नहीं! मैंने इस बारे में अपनी टीम से एक अनुरोध किया था, और हमारा सहयोगी जल्द ही आपसे संपर्क करेगा और एक नए कार्ड के लिए आपकी मदद करेगा। बिल्कुल भी चिंता न करें! हम सुनिश्चित करते हैं कि हमारे ग्राहक हमारी सेवाओं से पूरी तरह संतुष्ट हैं! कोइ चिंता नहीं! आपको जल्द ही अपने पंजीकृत पते पर एक नया कार्ड प्राप्त होगा।",3,2
date two weeks ago..  the amount is 5000, तारीख दो हफ्ते पहले.. राशि 5000 . है,0,0
"Sure thing, I'll update the changes and transfer more %20. "," ज़रूर, मैं परिवर्तनों को अपडेट करूँगा और अधिक% 20 स्थानांतरित करूँगा।",2,0
Yeah sure! You can contact homeland department to get the SSN., हां यकीनन! आप SSN प्राप्त करने के लिए गृह विभाग से संपर्क कर सकते हैं।,2,0
"Hey there, how may I help you today?"," अरे वहाँ, मैं आज आपकी कैसे मदद कर सकता हूँ?",3,0
"Thank you for the information. Lastly I'll require the time of charge.
", जानकारी के लिए धन्यवाद। अंत में मुझे चार्ज के समय की आवश्यकता होगी।,3,0
"Okay, I am still here."," ठीक है, मैं अभी भी यहाँ हूँ।",2,0
i want change address on my account, मुझे अपने खाते का पता बदलना है,2,0
" My credit card number 625837516987256 and  SSN number 36589675.
",मेरा क्रेडिट कार्ड नंबर 625837516987256 और एसएसएन नंबर 36589675।,2,0
Hello, नमस्ते,2,0
I need bank website address please., कृपया मुझे बैंक की वेबसाइट का पता चाहिए।,3,0
"Great! would you please share the 16 digits of your credit card number? 
", महान! क्या आप कृपया अपने क्रेडिट कार्ड नंबर के 16 अंक साझा करेंगे?,3,0
Thank you. Could you please help me out with the new address?, शुक्रिया। क्या आप कृपया मुझे नए पते के साथ मदद कर सकते हैं?,3,0
I want to change address associated with my credit card, मैं अपने क्रेडिट कार्ड से जुड़ा पता बदलना चाहता हूं,2,0
hai, हाय,2,0
good morning sir.My credit card is lost since today morning, सुप्रभात सर।आज सुबह से मेरा क्रेडिट कार्ड खो गया है,3,1
"No ... Oh Great .. Thanks for your timely support
", नहीं ... ओह बढ़िया .. आपके समय पर समर्थन के लिए धन्यवाद,3,2
nice, अच्छा,3,2
no worries. Could you please tell me how many check leaves you would like to order?, चिंता न करें। क्या आप कृपया मुझे बता सकते हैं कि आप कितने चेक पत्ते ऑर्डर करना चाहते हैं?,3,0
"Sure thing, could you please help me out with your full name?"," ज़रूर, क्या आप कृपया अपने पूरे नाम के साथ मेरी मदद कर सकते हैं?",3,0
Thank you for the information. I see that you have $5000 in your account. Let me know if you have any other queries, जानकारी के लिए धन्यवाद। मैं देख रहा हूँ कि आपके खाते में $5000 हैं। मुझे बताएं कि क्या आपके पास कोई अन्य प्रश्न हैं,3,0
"Sure. Could you please help me with your full name, the last four digits of your SSN and your complete credit card number?
"," ज़रूर। क्या आप कृपया अपना पूरा नाम, अपने एसएसएन के अंतिम चार अंक और अपना पूरा क्रेडिट कार्ड नंबर देने में मेरी मदद कर सकते हैं?",3,0
"I highly appreciate your patience, I would like to inform you that I've successfully removed the charge of $10 from your account. "," मैं आपके धैर्य की अत्यधिक सराहना करता हूं, मैं आपको सूचित करना चाहता हूं कि मैंने आपके खाते से $10 का शुल्क सफलतापूर्वक निकाल दिया है।",3,2
Thanks for connecting to us. have a great day., हमसे जुड़ने के लिए धन्यवाद। आपका दिन शानदार गुजरे।,3,2
ok thank you so much bye, ठीक है बहुत बहुत धन्यवाद अलविदा,3,0
AMOUNT IS $600, AMOUNT $600 . है,0,0
24th june and 600$, 24 जून और 600$,0,0
1784,1784,0,0
"Hello there, How may I help you today?"," नमस्ते, मैं आज आपकी कैसे मदद कर सकता हूँ?",3,0
"And lastly, I'll require the date and amount of the charge? "," और अंत में, मुझे शुल्क की तिथि और राशि की आवश्यकता होगी?",1,0
8888,8888,0,0
I would be glad to assist you on checking the balance. Could you help me with your name and last four digits of the SSN?, मुझे शेष राशि की जांच करने में आपकी सहायता करने में खुशी होगी। क्या आप अपने नाम और SSN के अंतिम चार अंकों के साथ मेरी मदद कर सकते हैं?,3,0
9.46E+15,9.46E+15,0,0
Great! Could you also please help me out with last 4 digits of your SSN?, महान! क्या आप कृपया अपने एसएसएन के अंतिम 4 अंकों के साथ मेरी मदद कर सकते हैं?,3,2
I GOT AN ERROR IN MY CREDIT CARD BILL TODAY.., मुझे आज अपने क्रेडिट कार्ड बिल में एक त्रुटि मिली..,1,1
May I please know your first and last name?, क्या मैं आपका पहला और अंतिम नाम जान सकता हूँ?,3,0
"Hello, how may I help you today?"," हैलो, मैं आज आपकी कैसे मदद कर सकता हूं?",3,0
WAT CAN I DO NOW, क्या मैं अभी कर सकता हूँ,1,0
Thank you! Could you please help me out with the last 4 digits of your SSN and credit card number?, आपको धन्यवाद! क्या आप कृपया अपने एसएसएन और क्रेडिट कार्ड नंबर के अंतिम 4 अंकों के साथ मेरी मदद कर सकते हैं?,3,0
HANSIKA, हंसिका,0,0
Somajiguda hyd.,सोमाजीगुडा हाई.,2,0
"Thanks Yaser. Please provide me your last 4 digits of the account number.

", धन्यवाद यासर। कृपया मुझे खाता संख्या के अपने अंतिम 4 अंक प्रदान करें।,3,0
Thank you for your patience. I've processed the request for the change of address. You'll shortly receive a confirmation message. Would you need anything else?, आपके धैर्य के लिए धन्यवाद। मैंने पते में परिवर्तन के अनुरोध को संसाधित कर लिया है। आपको शीघ्र ही एक पुष्टिकरण संदेश प्राप्त होगा। क्या आपको कुछ और चाहिए होगा?,3,2
bank's routing number what ?, बैंक का रूटिंग नंबर क्या?,0,0
"Thank you for using our live chat service. I'm now closing this chat. If you have any other concerns in the future, please don’t hesitate to let us know. Have a great day!
"," हमारी लाइव चैट सेवा का उपयोग करने के लिए धन्यवाद। मैं अब इस चैट को बंद कर रहा हूं। यदि भविष्य में आपकी कोई अन्य चिंता है, तो कृपया हमें बताने में संकोच न करें। आपका दिन अच्छा रहे!",3,2
Nothing Alex!, कुछ नहीं एलेक्स!,2,0
Stephan 4448, स्टीफ़न 4448,0,0
"Sure. Could you please help me with your full name and the last four digits of your account number and SSN?
",ज़रूर। क्या आप कृपया अपना पूरा नाम और अपने खाता संख्या और एसएसएन के अंतिम चार अंकों के साथ मेरी मदद कर सकते हैं?,3,0
Great! could you please share the 16 digits of your credit card number?, महान! क्या आप कृपया अपने क्रेडिट कार्ड नंबर के 16 अंक साझा कर सकते हैं?,3,0
I WANT TO CHANGE MY ACCOUNT ADDRESS NOW!, मैं अब अपना खाता पता बदलना चाहता हूँ!,2,1
thanks, धन्यवाद,3,2
"Thank you, Kian! Please could you help me with the credit card number and also your SSN number?"," धन्यवाद, कियान! कृपया क्या आप क्रेडिट कार्ड नंबर और अपने एसएसएन नंबर के साथ मेरी मदद कर सकते हैं?",3,0
THANK YOU SO MUCH ., आपका बहुत-बहुत धन्यवाद ।,3,2
Hi Drew, हाय ड्रू,3,0
Kindly close my a/c ending with 6102, कृपया मेरा खाता बंद करें जो 6102 से समाप्त होता है,2,0
ok, ठीक है,2,0
yes, हां,2,0
"Awesome.I have processed the request and the charge has been removed. I do apologize for the inconvenience caused.
", बहुत बढ़िया।मैंने अनुरोध संसाधित कर दिया है और शुल्क हटा दिया गया है। हुई असुविधा के लिए मुझे खेद है।,3,2
1458 and card last 4485 digit, 1458 और कार्ड अंतिम 4485 अंक,0,0
hello there., नमस्ते।,3,0
Great! Always a  pleasure assisting a valuable customer like you. Have a great day ahead.,महान! आप जैसे मूल्यवान ग्राहक की सहायता करने में हमेशा खुशी होती है। आगे एक महान दिन हो।,3,2
i need your help, मुझे आपकी मदद चाहिए,1,0
No, नहीं,1,0
"Hello, how may I help you today?"," हैलो, मैं आज आपकी कैसे मदद कर सकता हूं?",3,0
ok. transfer money from my account to another, ठीक है। मेरे खाते से दूसरे खाते में पैसे ट्रांसफर करें,2,0
"Don’t worry, I've updated your bill statement. You would be receiving a confirmation message in a while. Let me know if you have any other queries.

"," चिंता न करें, मैंने आपका बिल विवरण अपडेट कर दिया है। आपको थोड़ी देर में एक पुष्टिकरण संदेश प्राप्त होगा। यदि आपके कोई अन्य प्रश्न हैं तो मुझे बताएं।",3,0
i need transfer money my a/c to another, मुझे अपने खाते से दूसरे खाते में पैसे ट्रांसफर करने की जरूरत है,1,0
OK.I NEED TO TRANSFER MONEY TO ANOTHER A/C, ठीक है। मुझे दूसरे खाते में पैसे ट्रांसफर करने की जरूरत है,2,1
DRVID, द्रविड़,0,0
A very good morning. How may I help you today?, एक बहुत अच्छी सुबह। आज मैं आपकी कैसे मदद कर सकता हूँ?,3,2
May I also know the last four digits of your SSN?, क्या मैं आपके SSN के अंतिम चार अंक भी जान सकता हूँ?,2,0
Let me know company's new lower rates, मुझे कंपनी की नई कम दरों के बारे में बताएं,2,0
How may I help you today?, आज मैं आपकी कैसे मदद कर सकता हूँ?,2,0
THANK YOU, धन्यवाद,3,2
"Was the police report lodged for the lost card?
", क्या गुम हुए कार्ड के लिए पुलिस रिपोर्ट दर्ज की गई थी?,0,0
NO, ना,1,1
OK AND ALSO CHANGE MY ADDRESS, ठीक है और मेरा पता भी बदल दो,2,0
OK THANKS, ठीक है धन्यवाद,3,2
i would like to change my address in my account, मैं अपने खाते में अपना पता बदलना चाहूंगा,3,0
have a great day, आपका दिन शानदार गुजरे,2,2
"I hope that was useful, Did I answer all your questions?"," मुझे आशा है कि यह उपयोगी था, क्या मैंने आपके सभी प्रश्नों का उत्तर दिया?",3,0
Oh okay! Could you also help me out with the date and time of the charge?,ओह ठीक है! क्या आप शुल्क की तारीख और समय के बारे में भी मेरी मदद कर सकते हैं?,3,0
How much amount would you like to transfer?, आप कितनी राशि ट्रांसफर करना चाहेंगे?,3,0
Awesome! I had a great time assisting you. Please do feel free to reach out to us for further queries. Have a good day. Bye now., बहुत बढ़िया! मुझे आपकी सहायता करने में बहुत अच्छा लगा। कृपया आगे के प्रश्नों के लिए हमसे बेझिझक संपर्क करें। आपका दिन शुभ हो। अलविदा।,3,2
Sorry I misread that. I last used it two days ago, क्षमा करें मैंने इसे गलत पढ़ा। मैंने आखिरी बार दो दिन पहले इसका इस्तेमाल किया था,3,0
Ok Rory, ठीक है रोरी,0,0
Yes, हाँ,2,0
Sure. I've alredy done that for you. You will receive it soon., ज़रूर। मैंने आपके लिए यह पहले ही कर दिया है। आप इसे जल्द ही प्राप्त करेंगे।,2,2
"Sure! I'd be glad to assist you on this. Could you please let me know your name, last 4 digits of SSN and credit card number?
"," ज़रूर! मुझे इसमें आपकी सहायता करने में खुशी होगी। क्या आप कृपया मुझे अपना नाम, एसएसएन के अंतिम 4 अंक और क्रेडिट कार्ड नंबर बता सकते हैं?",3,0
5486,5486,0,0
7.89456E+15,7.89456E+15,0,0
Thank you bye, धन्यवाद अलविदा,3,0
ya, फिर,2,0
"Hello there, how may I help you today?"," नमस्ते, मैं आज आपकी कैसे मदद कर सकता हूं?",3,0
Could you also please help me out with the date when the card was last used?, क्या आप कृपया उस तारीख के बारे में भी मेरी मदद कर सकते हैं जब कार्ड का अंतिम बार उपयोग किया गया था?,3,0
"Awesome.I have processed the request and the charge has been removed. I do apologize for the inconvenience caused.
", बहुत बढ़िया।मैंने अनुरोध संसाधित कर दिया है और शुल्क हटा दिया गया है। हुई असुविधा के लिए मुझे खेद है।,3,2
I would like to change my account address..., मुझे अपने खाते का पता बदलना है...,3,0
"Thank you for using our live chat service. I'm now closing this chat. If you have any other concerns in the future, please don’t hesitate to let us know. Have a great day!
"," हमारी लाइव चैट सेवा का उपयोग करने के लिए धन्यवाद। मैं अब इस चैट को बंद कर रहा हूं। यदि भविष्य में आपकी कोई अन्य चिंता है, तो कृपया हमें बताने में संकोच न करें। आपका दिन अच्छा रहे!",3,2
ok, ठीक है,2,0
My card no is 5689653245879632, मेरा कार्ड नंबर है 5689653245879632,1,0
Oh great thank you., ओह बढ़िया धन्यवाद।,3,2
"I would be glad to help you out in this regards. May I know your name please?
", मुझे इस संबंध में आपकी मदद करने में खुशी होगी। क्या मैं आपका नाम जान सकता हूँ?,3,0
"charged amount is $615. Date : 05/30/2018 Time : 1:30 PM .. Payment paid for online purchase 
", चार्ज की गई राशि $615 है। दिनांक: 05/30/2018 समय: दोपहर 1:30 बजे .. ऑनलाइन खरीद के लिए भुगतान भुगतान,0,0
ko, कोस,2,0
nothing else, और कुछ नहीं,1,0
"Sorry sir, I didn't get your last query? I'd be glad to assist you today!"," सॉरी सर, मुझे आपका आखिरी सवाल नहीं मिला? मुझे आज आपकी सहायता करने में खुशी होगी!",3,0
Hello there!, नमस्ते!,3,0
You're welcome! Is there anything else I may assist you with?, आपका स्वागत है! क्या कुछ और है जिसमें मैं आपकी सहायता कर सकता हूं?,2,2
That's great! Could you also help me with the account number to which you want to transfer?, एक दम बढ़िया! क्या आप मुझे उस खाता संख्या में भी मदद कर सकते हैं जिसमें आप स्थानांतरित करना चाहते हैं?,3,2
Abbie Hale, एब्बी हेल,0,0
Hi, नमस्ते,3,0
Thank you. Could you help me with the date when the card was last used?, शुक्रिया। क्या आप उस तारीख के बारे में मेरी मदद कर सकते हैं जब कार्ड का अंतिम बार उपयोग किया गया था?,3,0
Okay! Could you please help me out with your new address for me to update in the portal?,ठीक! क्या आप मुझे पोर्टल में अपडेट करने के लिए अपने नए पते के साथ मेरी मदद कर सकते हैं?,3,0
Thank you very much, आपका बहुत बहुत धन्यवाद,3,2
9987,9987,0,0
MY CARD HAS GOT STOLEN TODAY MORNING.., मेरा कार्ड आज सुबह चोरी हो गया है..,0,1
". I'm sorry that you have been charged extra. However, I'll ensure that I'll raise a request to delete the charge and kindly give us 24-48 hours to get this resolved. You will also be receiving a confirmation e-mail once this is resolved. Is there anything else I might help you with today?"," . मुझे खेद है कि आपसे अतिरिक्त शुल्क लिया गया है। हालांकि, मैं यह सुनिश्चित करूंगा कि मैं शुल्क हटाने का अनुरोध करूंगा और कृपया इसे हल करने के लिए हमें 24-48 घंटे का समय दें। इसका समाधान हो जाने पर आपको एक पुष्टिकरण ई-मेल भी प्राप्त होगा। क्या आज मैं आपकी कुछ और मदद कर सकता हूँ?",3,1
I would like to transfer some money can i do this process?, मैं कुछ पैसे ट्रांसफर करना चाहता हूं क्या मैं यह प्रक्रिया कर सकता हूं?,3,0
"Hello, Please change my new address for my account"," नमस्कार, कृपया मेरे खाते के लिए मेरा नया पता बदलें",3,0
John wayne, जॉन वेने,0,0
"That's great, do you have any other cards for this account?"," यह बढ़िया है, क्या आपके पास इस खाते के लिए कोई अन्य कार्ड है?",2,2
"No Mr. Casey, i'd glad to talk with you, thankyou very much for your help. have a great day ahead."," नहीं श्रीमान केसी, मुझे आपके साथ बात करके खुशी होगी, आपकी मदद के लिए बहुत-बहुत धन्यवाद। यही चाहता हूं, दिन अच्छा बीते।",3,2
"89 Pine St. 
Encino, CA 91316"," 89 पाइन सेंट एनकिनो, सीए 91316",1,0
It was last used yesterday at 6pm at a gas station in new Jersey for $45, यह आखिरी बार कल शाम 6 बजे न्यू जर्सी के एक गैस स्टेशन पर $45 . में इस्तेमाल किया गया था,1,0
yes, हां,2,0
3284SA1547VE1914, 3284SA1547VE1914,0,0
Nothing else, और कुछ नहीं,2,0
23rd june, 23 जून,0,0
Hey! A very good morning to you. How may I help you today?, अरे! आपके लिए एक बहुत ही शुभ प्रभात। आज मैं आपकी कैसे मदद कर सकता हूँ?,3,2
Could you please wait for a minute?, क्या आप कृपया एक मिनट प्रतीक्षा कर सकते हैं?,3,0
ya sure thank you for your timely help, हां निश्चित रूप से आपकी समय पर मदद के लिए धन्यवाद,3,2
"Sure, it is 1131-3000-4399-9102","ज़रूर, यह 1131-3000-4399-9102 . है",2,0
venkatachalapathi, वेंकटचलपति,2,0
May I please know the last four digits of your account number?, क्या मैं कृपया आपके खाता संख्या के अंतिम चार अंक जान सकता हूँ?,3,0
"I would be glad to help you out in this regards. May I know your name please?
", मुझे इस संबंध में आपकी मदद करने में खुशी होगी। क्या मैं आपका नाम जान सकता हूँ?,3,0
Fine Riley!, ठीक रिले!,2,2
tks, टी.के.एस,0,0
You’re welcome. I had a great time assisting you. Please do feel free to reach out to us for further queries. Have a good day. Bye now., आपका स्वागत है। मुझे आपकी सहायता करने में बहुत अच्छा लगा। कृपया आगे के प्रश्नों के लिए हमसे बेझिझक संपर्क करें। आपका दिन शुभ हो। अलविदा।,3,2
You too!, आप भी!,2,0
"okay! I'll surely help you with that, May I know your first and last name please?
","ठीक है! मैं निश्चित रूप से इसमें आपकी मदद करूंगा, क्या मैं आपका पहला और अंतिम नाम जान सकता हूं?",3,0
NO THANK BYEE, नो थैंक्स बाय,3,1
"thank you, and close my account ending with 7362 "," धन्यवाद, और 7362 से समाप्त होने वाले मेरे खाते को बंद करें",3,0
Sure! May I know the new address please?, ज़रूर! क्या मैं कृपया नया पता जान सकता हूँ?,2,0
sorry, माफ़ करना,2,1
Need to change the new address for my saving account, मेरे बचत खाते के लिए नया पता बदलने की जरूरत है,1,0
9854,9854,0,0
SSN 2975 & Card No 9786, एसएसएन 2975 और कार्ड नंबर 9786,1,0
"This is Thomson, Rose"," यह थॉमसन है, रोज",2,0
please change my credit card address, कृपया मेरा क्रेडिट कार्ड पता बदलें,3,0
yes good, हाँ अच्छा,2,2
Great! Could you also please help me out with the last 4 digits of your account number and SSN?, महान! क्या आप कृपया अपनी खाता संख्या और एसएसएन के अंतिम 4 अंकों के बारे में भी मेरी मदद कर सकते हैं?,3,2
hi, नमस्ते,2,0
I'll be glad to assist you with that.  May I know your name please?, मुझे इसमें आपकी सहायता करने में खुशी होगी। क्या मैं आपका नाम जान सकता हूँ?,3,0
I need to check my account balance?, मुझे अपने खाते की शेष राशि की जांच करने की आवश्यकता है?,2,0
ARTHIKA, अर्थिका,2,0
sure sam, निश्चित सामु,2,0
5344821546,5344821546,0,0
I'm glad to assist you with that. May I know your name please?, मुझे इसमें आपकी सहायता करने में खुशी हो रही है। क्या मैं आपका नाम जान सकता हूँ?,3,2
"Hello there, How may I help you today?
"," नमस्ते, मैं आज आपकी कैसे मदद कर सकता हूँ?",3,0
1879,1879,0,0
May I know your name please?, क्या मैं आपका नाम जान सकता हूँ?,3,0
Hai..good morning ', है..सुप्रभात',2,2
Oh! I see. Let me know if you have filed a police report., ओह! समझा। अगर आपने पुलिस में शिकायत की है तो बताएं।,3,1
Perfect! Please allow me a minute to transfer the amount., उत्तम! कृपया मुझे राशि हस्तांतरित करने के लिए एक मिनट का समय दें।,3,2
okay, ठीक है,2,0
Yesterday at 9 AM and my card expired today., कल सुबह 9 बजे और मेरा कार्ड आज समाप्त हो गया।,2,1
Perfect! would you please share the last four digits of your SSN?, उत्तम! क्या आप कृपया अपने SSN के अंतिम चार अंक साझा करेंगे?,3,0
Great! Could you please help me out with the last 4 digits of your account number?, महान! क्या आप कृपया अपनी खाता संख्या के अंतिम 4 अंकों के बारे में मेरी सहायता कर सकते हैं?,3,0
"Thank you for using our live chat service. I'm now closing this chat. If you have any other concerns in the future, please don’t hesitate to let us know. Have a great day!
"," हमारी लाइव चैट सेवा का उपयोग करने के लिए धन्यवाद। मैं अब इस चैट को बंद कर रहा हूं। यदि भविष्य में आपकी कोई अन्य चिंता है, तो कृपया हमें बताने में संकोच न करें। आपका दिन अच्छा रहे!",3,2
Surely I will help you. May I please know your first and last name?, ज़रूर मैं आपकी मदद करूँगा। क्या मैं आपका पहला और अंतिम नाम जान सकता हूँ?,3,0
No, नहीं,1,0
SSN-7846, एसएसएन-7846,0,0
"Hello, how may I help you with today?"," हैलो, मैं आज आपकी कैसे मदद कर सकता हूं?",3,0
"Thank you for using our live chat service. I'm now closing this chat. If you have any other concerns in the future, please don’t hesitate to let us know. Have a great day!
"," हमारी लाइव चैट सेवा का उपयोग करने के लिए धन्यवाद। मैं अब इस चैट को बंद कर रहा हूं। यदि भविष्य में आपकी कोई अन्य चिंता है, तो कृपया हमें बताने में संकोच न करें। आपका दिन अच्छा रहे!",3,2
Hii, हायि,2,0
ok sir, ओके जी,2,0
Thank you holding on Melissa. Your account balance is $56738., मेलिसा को पकड़े हुए धन्यवाद। आपके खाते की शेष राशि $56738 है।,3,2
Thank you very much, आपका बहुत बहुत धन्यवाद,3,2
can you help me?, क्या आप मेरी मदद कर सकते हैं?,2,0
Most welcome!I'm glad I could help. Have a great day!,बहुत स्वागत है!मुझे खुशी है कि मैं मदद कर सका। आपका दिन अच्छा रहे!,2,2
No, नहीं,1,0
"Awesome Karan, please hold on while i check that for you."," बहुत बढ़िया करण, कृपया रुकिए, जब तक मैं आपके लिए यह जांचता हूं।",3,2
Good news! I've transferred the amount you will receive a notification in your banking application. Would there be anything else I may help you with?, खुशखबरी! मैंने आपके बैंकिंग आवेदन में एक सूचना प्राप्त होने वाली राशि को स्थानांतरित कर दिया है। क्या कुछ और होगा जिसमें मैं आपकी मदद कर सकूं?,3,2
hi want to block my lost credit card, नमस्ते मेरे खोए हुए क्रेडिट कार्ड को ब्लॉक करना चाहते हैं,3,0
"i apologize for that sir, your present account balance was $2400, and i thought you wanted to transfer the whole amount!"," मैं उस महोदय के लिए क्षमा चाहता हूं, आपके वर्तमान खाते की शेष राशि $ 2400 थी, और मुझे लगा कि आप पूरी राशि को स्थानांतरित करना चाहते हैं!",3,0
Could you please help me out with the last 4 digits of your SSN and credit card number?, क्या आप कृपया अपने एसएसएन और क्रेडिट कार्ड नंबर के अंतिम 4 अंकों के साथ मेरी मदद कर सकते हैं?,3,0
I want to close my account. Could you help me with that?, मैं अपना खाता बंद करना चाहता हूं। क्या आप इसमें मेरी मदद कर सकते हैं?,3,0
"Yes, May I know your name please?"," हाँ, क्या मैं आपका नाम जान सकता हूँ?",3,0
I HAVE CHECK A/C BALANCE, मेरे पास ए/सी बैलेंस चेक है,1,0
"I'm so sorry sir, we don't check orders however i may assist you with Ordering of checks for your bank account."," मुझे बहुत खेद है, महोदय, हम आदेशों की जांच नहीं करते हैं, हालांकि मैं आपके बैंक खाते के लिए चेक ऑर्डर करने में आपकी सहायता कर सकता हूं।",3,1
"Hey there, how may I help you today?"," अरे वहाँ, मैं आज आपकी कैसे मदद कर सकता हूँ?",3,0
Okay, ठीक,2,0
"No ma'am. You need not, it will be updated to us by the homeland department."," नहीं महोदया। आपको इसकी आवश्यकता नहीं है, यह हमें गृह विभाग द्वारा अपडेट किया जाएगा।",1,0
Perfect! May I also know the last four digits of your SSN?, उत्तम! क्या मैं आपके SSN के अंतिम चार अंक भी जान सकता हूँ?,3,0
"Your welcome, would there be anything else I may help you with today? ","आपका स्वागत है, क्या आज मैं आपकी कुछ और मदद कर सकता हूँ?",3,0
"okay! I'll surely help you with that,  May I please know your first and last name?"," ठीक है! मैं निश्चित रूप से इसमें आपकी मदद करूंगा, क्या मैं आपका पहला और अंतिम नाम जान सकता हूं?",2,0
nice  what are the proof you required,अच्छा आपको क्या सबूत चाहिए,3,0
wow you done a great job thanks for your help, वाह आपने बहुत अच्छा काम किया आपकी मदद के लिए धन्यवाद,3,2
Yes we are connected!, हाँ हम जुड़े हुए हैं!,2,0
Mine is hebrew joseph, मेरा हिब्रू जोसेफ है,1,0
"Awesome.I have processed the request and the charge has been removed. I do apologize for the inconvenience caused.
", बहुत बढ़िया।मैंने अनुरोध संसाधित कर दिया है और शुल्क हटा दिया गया है। हुई असुविधा के लिए मुझे खेद है।,3,2
NO THANK BYEE, नो थैंक्स बाय,3,1
BYE, अलविदा,2,0
1000 $ TRANSFER TO 3467 ACCOUNT, 1000 $ 3467 खाते में स्थानांतरण,0,0
My full name is Robert Smith. The last 4 digits of my SSN are 1234 and my last four digits of my account number are 9851, मेरा पूरा नाम रॉबर्ट स्मिथ है। मेरे SSN के अंतिम 4 अंक 1234 हैं और मेरे खाता संख्या के मेरे अंतिम चार अंक 9851 हैं,2,0
SSN:2741..Credit card number:6743528951456278, SSN:2741..क्रेडिट कार्ड नंबर:6743528951456278,0,0
Thank you so much for your time. You have an amazing day!, आपके समय के लिए बहुत बहुत शुक्रिया। आपके पास एक अद्भुत दिन है!,3,2
ty, स्व-परीक्षा,0,0
Sure thing Ma'am., पक्की बात मैडम।,2,0
I'd love to help you on this one however one of our employee will get back to you personally about this one,"मुझे इस पर आपकी मदद करना अच्छा लगेगा, हालांकि हमारा एक कर्मचारी इस बारे में आपसे व्यक्तिगत रूप से संपर्क करेगा",3,0
Thank you for reaching out to us. It's a pleasure assisting you., हमसे संपर्क की पहल के लिए आपका धन्यवाद। आपकी सहायता करना खुशी की बात है।,3,2
Yes i give a report, हाँ मैं एक रिपोर्ट देता हूँ,2,0
"Sure, My name is Anand "," ज़रूर, मेरा नाम आनंद है",2,0
ok jamie, ठीक है जेमी,2,0
3.49028E+14,3.49028E+14,0,0
1.26E+17,1.26E+17,0,0
Thanks spencer. Bye!, धन्यवाद स्पेंसर। अलविदा!,3,2
Thank you for the information. I’ve updated the address. You’ll receive a confirmation message in a while. Is there anything else I can help you with?, जानकारी के लिए धन्यवाद। मैंने पता अपडेट कर दिया है। आपको थोड़ी देर में एक पुष्टिकरण संदेश प्राप्त होगा। क्या कुछ और है जिसमें मैं आपकी मदद कर सकता हूं?,3,0
06-10-2018,06-10-2018,0,0
NAME : YUVIKA AND SSN NO : 6650, नाम: युविका और एसएसएन नंबर: 6650,1,0
OK THANKS, ठीक है धन्यवाद,3,2
"Okay, Sure", पक्का निश्चित,2,0
"Someone from our bank will get back to you on this shortly after checking your account details.
", हमारे बैंक का कोई व्यक्ति आपके खाते के विवरण की जांच करने के बाद शीघ्र ही इस बारे में आपसे संपर्क करेगा।,2,0
I would like transfer money to another account, मैं दूसरे खाते में पैसे ट्रांसफर करना चाहूंगा,2,0
No, नहीं,1,0
"Hey there, Good morning! "," अरे वहाँ, सुप्रभात!",3,0
"Great! could you please share the 16 digits of your credit card number? 
", महान! क्या आप कृपया अपने क्रेडिट कार्ड नंबर के 16 अंक साझा कर सकते हैं?,3,0
Thank you so much for the information. That's really helpful. Please stay connected while I get the issue resolved for you.," जानकारी के लिए बहुत - बहुत धन्यवाद। यह वास्तव में मददगार है। जब तक मैं आपके लिए समस्या का समाधान करवाता हूं, कृपया जुड़े रहें।",3,2
3.90E+16,3.90E+16,0,0
Great! would you please share the 16 digits of your credit card number?, महान! क्या आप कृपया अपने क्रेडिट कार्ड नंबर के 16 अंक साझा करेंगे?,3,0
"Thank you Pinto, Could you let me know the last 4 digits of SSN and the last 4 digits of account number please?","धन्यवाद पिंटो, क्या आप मुझे एसएसएन के अंतिम 4 अंक और खाता संख्या के अंतिम 4 अंक बता सकते हैं?",3,0
9.50E+15,9.50E+15,0,0
"Hello, how may I help you with today? "," हैलो, मैं आज आपकी कैसे मदद कर सकता हूं?",3,0
Hi sir, नमस्कार श्री मान जी,3,0
"Gud evng Sir/Madam,"," गुड इविंग सर/मैडम,",3,0
9632,9632,0,0
hi, नमस्ते,2,0
Could you also please help me out with the amount of money to be transferred?, क्या आप कृपया मुझे हस्तांतरित की जाने वाली राशि में मदद कर सकते हैं?,3,0
NO, ना,1,1
I want to close an account, मुझे एक खाता बंद करना है,1,1
Nothing else, और कुछ नहीं,2,0
NO, ना,1,1
Yes, हाँ,2,0
bye, अलविदा,2,0
ANY ONLINE VISIT?, कोई ऑनलाइन विज़िट?,0,0
I'll be glad to help you with that. May I know your name pleasE?, मुझे इसमें आपकी मदद करने में खुशी होगी। क्या मैं आपका नाम जान सकता हूँ?,3,0
"please allow me a moment, I'm looking into it."," कृपया मुझे एक क्षण दें, मैं इसे देख रहा हूँ।",2,0
"this is the correct address,i remembered it now."," यह सही पता है, मुझे अब यह याद आ गया।",2,0
"Sure, I'll be happy to do that for you. Please may I know your name?"," ज़रूर, मुझे आपके लिए ऐसा करने में खुशी होगी। कृपया क्या मैं आपका नाम जान सकता हूँ?",2,0
You're welcome. I had a great time assisting you. Please do feel free to reach out to us for further queries. Have a good day. Bye now., आपका स्वागत है। मुझे आपकी सहायता करने में बहुत अच्छा लगा। कृपया आगे के प्रश्नों के लिए हमसे बेझिझक संपर्क करें। आपका दिन शुभ हो। अलविदा।,3,2
thank you for this helps, इस मदद के लिए धन्यवाद,3,2
"Awesome, I'll go ahead with that. "," बहुत बढ़िया, मैं इसके साथ आगे बढ़ूंगा।",3,2
"Thank you, the amount will be transferred and you'll get an email as well."," धन्यवाद, राशि स्थानांतरित कर दी जाएगी और आपको एक ईमेल भी प्राप्त होगा।",3,0
hi..my card was lost, नमस्ते..मेरा कार्ड खो गया था,3,0
"For sure, Could you let me know the last 4 digits of SSN and the last 4 digits of account number please?"," निश्चित रूप से, क्या आप कृपया मुझे एसएसएन के अंतिम 4 अंक और खाता संख्या के अंतिम 4 अंक बता सकते हैं?",3,0
Sure., ज़रूर।,2,0
Sure. I will that that right away., ज़रूर। मैं इसे तुरंत करूंगा।,2,0
"86 Lakeview Ave. 
Bear, DE 19701"," 86 लेकव्यू एवेन्यू। भालू, डे 19701",0,0
May I please know your first and last name?, क्या मैं आपका पहला और अंतिम नाम जान सकता हूँ?,3,0
It was wonderful talking to you. Have a great day,आपसे बात करके बहुत अच्छा लगा। आपका दिन अच्छा रहे,3,2
ok and one help to me, ठीक है और मेरी एक मदद,2,0
"Unfortunately, I need to ask my card to be reissued, I lost it."," दुर्भाग्य से, मुझे अपना कार्ड फिर से जारी करने के लिए कहने की ज़रूरत है, मैंने इसे खो दिया है।",3,1
1478,1478,0,0
Could you also please help me out with the date of the charge?, क्या आप कृपया शुल्क की तारीख के बारे में भी मेरी मदद कर सकते हैं?,3,0
1000,1000,0,0
I like to transfer some amount my account to another account., मैं अपने खाते में कुछ राशि दूसरे खाते में स्थानांतरित करना पसंद करता हूं।,3,0
jack wilson,जैक विल्सन,0,0
Hello Charlie., हैलो चार्ली।,3,0
Awesome! Could you please help me out with the date of the charge and the amount of the charge?, बहुत बढ़िया! क्या आप कृपया शुल्क की तारीख और शुल्क की राशि के बारे में मेरी मदद कर सकते हैं?,3,2
"Hello there, How may I help you today?
"," नमस्ते, मैं आज आपकी कैसे मदद कर सकता हूँ?",3,0
4199,4199,0,0
May I confirm if all your questions have been answered for today?, क्या मैं पुष्टि कर सकता हूँ कि क्या आज के लिए आपके सभी प्रश्नों का उत्तर दे दिया गया है?,2,0
Are we still connected?, हम अभी भी जुड़े हैं?,1,0
2244,2244,0,0
OK, ठीक है,2,0
HI, नमस्ते,2,0
"Thanks. May I know the sum of amount to be transferred?
", धन्यवाद। क्या मुझे स्थानांतरित की जाने वाली राशि का पता चल सकता है?,3,0
Awesome! Could you please help me out with the last 4 digits of your SSN?, बहुत बढ़िया! क्या आप कृपया अपने एसएसएन के अंतिम 4 अंकों के साथ मेरी मदद कर सकते हैं?,3,2
"Hello, how may I help you today?"," हैलो, मैं आज आपकी कैसे मदद कर सकता हूं?",3,0
2032,2032,0,0
OK THANK YOU, ठीक है धन्यवाद,3,2
4443,4443,0,0
"No, I didn't think I needed to file a police complaint.  I lost the card."," नहीं, मुझे नहीं लगा कि मुझे पुलिस में शिकायत दर्ज कराने की जरूरत है। मैंने कार्ड खो दिया।",2,1
15th june, 15 जून,0,0
THIS IS LESA, यह लेसा है,2,0
"I appreciate for holding on, your request has been successful. I've initiated your transfer. You'll receive an e-mail shortly."," मैं रुकने के लिए सराहना करता हूं, आपका अनुरोध सफल रहा है। मैंने आपका स्थानांतरण शुरू कर दिया है। आपको शीघ्र ही एक ई-मेल प्राप्त होगा।",3,2
"Awesome. May I know the new address , so that I can update the same for you.
"," बहुत बढ़िया। क्या मुझे नया पता पता है, ताकि मैं आपके लिए इसे अपडेट कर सकूं।",3,2
"Your welcome, would there be anything else I may help you with today? ","आपका स्वागत है, क्या आज मैं आपकी कुछ और मदद कर सकता हूँ?",3,0
"No worries, I'm here to help you out! Could you please help me out with your full name? "," कोई चिंता नहीं, मैं यहाँ आपकी मदद करने के लिए हूँ! क्या आप कृपया अपने पूरे नाम के साथ मेरी मदद कर सकते हैं?",3,0
i lost my credit card. so kindly block it and provide new one., मैंने अपना क्रेडिट कार्ड खो दिया है। तो कृपया इसे ब्लॉक करें और नया प्रदान करें।,2,1
Hello!, नमस्ते!,3,0
"Okay! Awesome, I've ordered a new card for you on the same account address, which you should receive probably within 2 business days via post. However, In case if you fail to receive please contact us and notify us immediately. "," ठीक! बहुत बढ़िया, मैंने आपके लिए उसी खाते के पते पर एक नया कार्ड मंगवाया है, जो आपको संभवत: 2 कार्यदिवसों के भीतर डाक द्वारा प्राप्त हो जाना चाहिए। हालाँकि, यदि आप प्राप्त करने में विफल रहते हैं तो कृपया हमसे संपर्क करें और हमें तुरंत सूचित करें।",3,2
1500$, 1500$,0,0
No, नहीं,1,0
Thank you for holding on. Your account ending with 2567 holds a balance of $500., रुके रहने के लिए धन्यवाद। 2567 से समाप्त होने वाले आपके खाते में $500 की शेष राशि है।,3,0
"Im sorry that was the wrong number, I want to transfer FROM account 2525 to TO account 8009","मुझे खेद है कि वह गलत नंबर था, मैं खाता 2525 से खाते में 8009 में स्थानांतरित करना चाहता हूं",3,0
"Firstly, you would have to go to our website www.bank.com where you'll see an option called change the address click on that option and It'll ask you for some more details fill those details and you're good to go"," सबसे पहले, आपको हमारी वेबसाइट www.bank.com पर जाना होगा जहां आपको एक विकल्प दिखाई देगा, जिसे पता बदलें उस विकल्प पर क्लिक करें और यह आपसे कुछ और विवरण मांगेगा, उन विवरणों को भरें और आप जाने के लिए तैयार हैं",2,0
no, नहीं,1,1
Hello charlie, नमस्ते चार्ली,3,0
Could you please help me with the amount you wish to transfer?, क्या आप कृपया उस राशि में मेरी मदद कर सकते हैं जिसे आप स्थानांतरित करना चाहते हैं?,3,0
Hi this is daisy, हाय यह डेज़ी है,3,0
I'd like to check my account balance, मैं अपने खाते की शेष राशि की जांच करना चाहता/चाहती हूं,3,0
Alright. What's the sum of amount to be transferred?, ठीक है। हस्तांतरित की जाने वाली राशि की राशि क्या है?,1,0
from 7737 to 8837, 7737 से 8837 . तक,0,0
"Hello there, How may I help you today?
"," नमस्ते, मैं आज आपकी कैसे मदद कर सकता हूँ?",3,0
"Hey! I've updated your address, you'll receive a notification on your banking application about the same shortly. Kindly, acknowledge it.  Would there be anything else I may help you with? 
"," अरे! मैंने आपका पता अपडेट कर दिया है, आपको जल्द ही इसके बारे में अपने बैंकिंग आवेदन पर एक सूचना प्राप्त होगी। कृपया, इसे स्वीकार करें। क्या कुछ और होगा जिसमें मैं आपकी मदद कर सकूं?",3,0
i want change my account address, मुझे अपना खाता पता बदलना है,2,0
All right. I had a great time assisting you. Please do feel free to reach out to us for further queries. Have a good day. Bye now., ठीक है। मुझे आपकी सहायता करने में बहुत अच्छा लगा। कृपया आगे के प्रश्नों के लिए हमसे बेझिझक संपर्क करें। आपका दिन शुभ हो। अलविदा।,3,2
"Thank you Sujith, Could you please let me know the last 4 digits of SSN ?"," धन्यवाद सुजीत, क्या आप कृपया मुझे एसएसएन के अंतिम 4 अंक बता सकते हैं?",3,0
Please visit our nearby branch., कृपया हमारी नजदीकी शाखा में पधारें।,2,0
21:40,21:40,0,0
"yes, i did it", हाँ मैनें कर लिया,2,0
I fille report.Process going on the way.,मैं रिपोर्ट भरता हूँ।प्रक्रिया चल रही है।,1,0
I lost my credit card, मैंने अपना क्रेडिट कार्ड खो दिया है,1,1
"Grady Aguilar
", ग्रैडी एगुइलारी,0,0
OK, ठीक है,2,0
SSN - 1644 CARD NO  - 4746, एसएसएन - 1644 कार्ड नंबर - 4746,1,0
Perfect! please allow me a moment so that can I process your request., उत्तम! कृपया मुझे एक क्षण दें ताकि मैं आपके अनुरोध को संसाधित कर सकूं।,2,2
You're welcome. Is there anything else I may assist you with?, आपका स्वागत है। क्या कुछ और है जिसमें मैं आपकी सहायता कर सकता हूं?,2,2
"You're most welcome, sir! Have a great day!"," आपका बहुत-बहुत स्वागत है, सर! आपका दिन अच्छा रहे!",3,2
"Thank you for using our live chat service. I'm now closing this chat. If you have any other concerns in the future, please don’t hesitate to let us know. Have a great day!
"," हमारी लाइव चैट सेवा का उपयोग करने के लिए धन्यवाद। मैं अब इस चैट को बंद कर रहा हूं। यदि भविष्य में आपकी कोई अन्य चिंता है, तो कृपया हमें बताने में संकोच न करें। आपका दिन अच्छा रहे!",3,2
I’m glad. We aim to make your Banking experience a pleasant one., मुझे खुशी है। हमारा लक्ष्य आपके बैंकिंग अनुभव को सुखद बनाना है।,3,2
"Thank you. Could you please provide me the date when card was last used.
", शुक्रिया। क्या आप कृपया मुझे वह तिथि प्रदान कर सकते हैं जब कार्ड का अंतिम बार उपयोग किया गया था।,3,0
"Your most welcome, we are always here to help you out in any regards, Hope to see you again Mr.Hari, Have a wonderful day ahead!
"," आपका स्वागत है, हम हमेशा किसी भी मामले में आपकी मदद करने के लिए यहां हैं, आशा है कि आप फिर से मिलेंगे श्रीमान हरि, आपका दिन शानदार हो!",3,2
Then i need a one more help, तब मुझे एक और मदद चाहिए,1,0
okay. Thanks., ठीक है। धन्यवाद।,3,0
"Hi, I need to change the address on my credit card today"," नमस्ते, मुझे आज ही अपने क्रेडिट कार्ड पर पता बदलने की आवश्यकता है",3,0
"You're most welcome. Would there be anything else I may help you with?
", आपका स्वागत है। क्या कुछ और होगा जिसमें मैं आपकी मदद कर सकूं?,3,2
3695,3695,0,0
04/18/2018, 04/18/2018,0,0
"Thank you for staying on hold. I appreciate your time and patience. As per your request, I have transferred the $3000 amount to the account ending with 8877. You'll be receiving a confirmation message regarding this. Is there anything else I can help you with?"," रुके रहने के लिए धन्यवाद। मैं आपके समय और धैर्य की सराहना करता हूं। आपके अनुरोध के अनुसार, मैंने 8877 से समाप्त होने वाले खाते में 3000 डॉलर की राशि स्थानांतरित कर दी है। आपको इस संबंध में एक पुष्टिकरण संदेश प्राप्त होगा। क्या कुछ और है जिसमें मैं आपकी मदद कर सकता हूं?",3,2
"Oh! I apologize for the error. However I would be glad to help you out in this regards. May I know your name please?

", ओह! त्रुटि के लिए क्षमाप्रार्थी हूँ। हालांकि मुझे इस संबंध में आपकी मदद करने में खुशी होगी। क्या मैं आपका नाम जान सकता हूँ?,3,0
NO, ना,1,1
My name is Ajay Ravi, मेरा नाम अजय रवि है,2,0
4576,4576,0,0
Sure I am Jennifer White. My card number is 5856-6256-2204-5589,ज़रूर मैं जेनिफर व्हाइट हूँ। मेरा कार्ड नंबर 5856-6256-2204-5589 . है,2,0
"Awesome.I have processed the request and the charge has been removed. I do apologize for the inconvenience caused.
", बहुत बढ़िया।मैंने अनुरोध संसाधित कर दिया है और शुल्क हटा दिया गया है। हुई असुविधा के लिए मुझे खेद है।,3,2
"Hey there, how may I help you today?"," अरे वहाँ, मैं आज आपकी कैसे मदद कर सकता हूँ?",3,0
4.12564E+11,4.12564E+11,0,0
"Sure. I would be glad to help you out in this regards. May I know your name please?
", ज़रूर। मुझे इस संबंध में आपकी मदद करने में खुशी होगी। क्या मैं आपका नाम जान सकता हूँ?,3,0
Very good Morning, सुप्रभात,2,2
"yeah, 3rd june, 2018 and the time was 05:15 pm"," हाँ, 3 जून, 2018 और समय था 05:15 बजे",2,0
Could you please help me out with the date when the card was lost?, क्या आप मुझे उस तारीख के बारे में बताने में मदद कर सकते हैं जब कार्ड खो गया था?,3,0
OK sir, ठीक है सरकार,2,0
"Hello, how may I help you with today?"," हैलो, मैं आज आपकी कैसे मदद कर सकता हूं?",3,0
I really appreciate that. Upon your request I've blocked the card. You'll be receiving a confirmation e-mail shortly. Is there anything I could help you with today?, मैं वास्तव में उसकी सराहना करता हूँ। आपके अनुरोध पर मैंने कार्ड को ब्लॉक कर दिया है। आपको शीघ्र ही एक पुष्टिकरण ई-मेल प्राप्त होगा। क्या आज मैं आपकी कुछ मदद कर सकता हूँ?,3,2
Sure. I'll help you with that. Could you please help me with your name and the last four digits of SSN?, ज़रूर। मैं इसमें आपकी मदद करूंगा। क्या आप कृपया मुझे अपने नाम और एसएसएन के अंतिम चार अंकों के साथ मदद कर सकते हैं?,3,0
THANK YOU SO MUCH, आपका बहुत-बहुत धन्यवाद,3,2
Okay thanks for your kindly help., ठीक है आपकी मदद के लिए धन्यवाद।,3,2
That is everything, वह सब कुछ है,2,0
Hey! A very good morning to you. How may I help you today?, अरे! आपके लिए एक बहुत ही शुभ प्रभात। आज मैं आपकी कैसे मदद कर सकता हूँ?,3,2
see you bye bye, मिलते हैं अलविदा,2,0
I wanted to order a new card as my old one is expired, मैं एक नया कार्ड ऑर्डर करना चाहता था क्योंकि मेरे पुराने कार्ड की समय सीमा समाप्त हो गई है,2,0
nothing, कुछ नहीं,1,0
i moved and want to change the address asociated to my cc, मैं स्थानांतरित हो गया और मेरे सीसी से जुड़े पते को बदलना चाहता हूं,2,0
"Hello there, I’ll be glad to help you today."," नमस्ते, मुझे आज आपकी मदद करने में खुशी होगी।",3,2
"A very good morning, How may i assist you today?"," एक बहुत ही सुप्रभात, आज मैं आपकी कैसे सहायता कर सकता हूँ?",3,2
Are we still connected?, हम अभी भी जुड़े हैं?,1,0
Thank you. Could you help me with the new address?, शुक्रिया। क्या आप नए पते में मेरी मदद कर सकते हैं?,3,0
"sir, I have lost my credit card."," महोदय, मैंने अपना क्रेडिट कार्ड खो दिया है।",2,0
"yeah sure, 20/05/2018, 05:40 pm, and the charge amount 30$"," हाँ ज़रूर, 20/05/2018, शाम 05:40 बजे, और शुल्क राशि 30$",2,0
Yeah sure Richard., हाँ ज़रूर रिचर्ड।,2,0
Perfect! Could you also please help me out with the information like when was the card last used and was there any police report filed?, उत्तम! क्या आप कृपया मुझे इस जानकारी में मदद कर सकते हैं कि कार्ड का अंतिम बार कब उपयोग किया गया था और क्या कोई पुलिस रिपोर्ट दर्ज की गई थी?,3,2
thank you for your help, आपके सहयोग के लिए धन्यवाद,3,2
"Perfect. Could you please provide me your credit complete card number.
", उत्तम। क्या आप कृपया मुझे अपना क्रेडिट पूरा कार्ड नंबर प्रदान कर सकते हैं।,3,2
$ 2500, $2500,0,0
Hai..i want change my address, हाय..मुझे अपना पता बदलना है,2,0
Thank you for the information. I've updated the new address to your account., जानकारी के लिए धन्यवाद। मैंने आपके खाते में नया पता अपडेट कर दिया है।,3,2
"And lastly, I'll also require the date and amount of the charge? ","और अंत में, मुझे शुल्क की तिथि और राशि की भी आवश्यकता होगी?",1,0
"Thank you. Could you please provide me the date card was last used.
", शुक्रिया। क्या आप कृपया मुझे वह दिनांक कार्ड प्रदान कर सकते हैं जिसका पिछली बार उपयोग किया गया था।,3,0
Amazing! That will be 1800-555-666., अद्भुत! वह 1800-555-666 होगा।,2,0
HII, HII,2,0
Thank you for your help, आपके सहयोग के लिए धन्यवाद,3,2
Could you help me with the date when the card was last used?, क्या आप उस तारीख के बारे में मेरी मदद कर सकते हैं जब कार्ड का अंतिम बार उपयोग किया गया था?,3,0
my credit card bill was extra charged., मेरा क्रेडिट कार्ड बिल अतिरिक्त चार्ज किया गया था।,1,1
Donald Trump  6666 6666, डोनाल्ड ट्रम्प 6666 6666,0,0
Please don't be sorry. I’ll help you with that. May I know your name please?, कृपया खेद न करें। मैं इसमें आपकी मदद करूंगा। क्या मैं आपका नाम जान सकता हूँ?,3,0
would you please help me with your first and last name?, क्या आप कृपया अपने पहले और अंतिम नाम के साथ मेरी मदद करेंगे?,3,0
Its 8519 and the amount is $150, इसका 8519 और राशि $150 . है,0,0
my account balance is transfer to another account, मेरे खाते की शेष राशि दूसरे खाते में स्थानांतरित कर दी गई है,1,0
"Thank you for using our live chat service. I'm now closing this chat. If you have any other concerns in the future, please don’t hesitate to let us know. Have a great day!
"," हमारी लाइव चैट सेवा का उपयोग करने के लिए धन्यवाद। मैं अब इस चैट को बंद कर रहा हूं। यदि भविष्य में आपकी कोई अन्य चिंता है, तो कृपया हमें बताने में संकोच न करें। आपका दिन अच्छा रहे!",3,2
Sure. I'll help you with that. The bank routing number is 123456789. Is there anything else I can help you with?, ज़रूर। मैं इसमें आपकी मदद करूंगा। बैंक रूटिंग नंबर 123456789 है। क्या कुछ और है जिसमें मैं आपकी मदद कर सकता हूं?,3,0
Great I will make sure to do that. I have no further questions today. Thanks," बढ़िया, मैं यह सुनिश्चित करूँगा। मेरे पास आज कोई और प्रश्न नहीं है। धन्यवाद",3,2
hello, नमस्ते,2,0
That number is 3252., वह संख्या 3252 है।,0,0
OK, ठीक है,2,0
1.39426E+15,1.39426E+15,0,0
I lost my credit card. So kindly block it and provide new one., मैंने अपना क्रेडिट कार्ड खो दिया है। तो कृपया इसे ब्लॉक करें और नया प्रदान करें।,3,1
I want to transfer $10 from account 1234 to account 4567 please, मैं खाता 1234 से 4567 खाते में $10 स्थानांतरित करना चाहता हूँ,3,0
ok, ठीक है,2,0
"yeah sure, 9324 8524 4625 1874"," हाँ ज़रूर, 9324 8524 4625 1874",2,0
"Hello, how may I help you with today?"," हैलो, मैं आज आपकी कैसे मदद कर सकता हूं?",3,0
"great, and i need to transfer the whole amount to another account can do that?","बढ़िया है, और मुझे पूरी राशि को दूसरे खाते में स्थानांतरित करने की आवश्यकता है क्या ऐसा कर सकते हैं?",3,1
"I appreciate for holding on, your request has been successful. "," मैं रुकने के लिए सराहना करता हूं, आपका अनुरोध सफल रहा है।",3,2
"Thanks for your time and patience. Hope to see you again, We aim to provide you the best banking experience. Have a great day!
"," आपके समय और धैर्य के लिए धन्यवाद। आपसे फिर से मिलने की उम्मीद है, हमारा लक्ष्य आपको सर्वश्रेष्ठ बैंकिंग अनुभव प्रदान करना है। आपका दिन अच्छा रहे!",3,2
"Sure, please allow me a minute to update your address."," ज़रूर, कृपया मुझे अपना पता अपडेट करने के लिए एक मिनट का समय दें।",2,0
I am sorry for the inconvenience faced. Could you please help me with the name and the last 4 digits of the credit card number?, हुई असुविधा के लिए मुझे खेद है। क्या आप क्रेडिट कार्ड नंबर के नाम और अंतिम 4 अंकों के बारे में मेरी मदद कर सकते हैं?,3,1
"Thank you for sharing the information. I've processed the request for the change of address. You'll shortly receive a confirmation E-mail.
", जानकारी साझा करने के लिए धन्यवाद। मैंने पते में परिवर्तन के अनुरोध को संसाधित कर लिया है। आपको शीघ्र ही एक पुष्टिकरण ई-मेल प्राप्त होगा।,3,2
absolutely.., बिल्कुल..,1,0
ok, ठीक है,2,0
06-11-2018   amount of 120$, 06-11-2018 120$ . की राशि,0,0
I'll help you with that. May I know your name please?, मैं इसमें आपकी मदद करूंगा। क्या मैं आपका नाम जान सकता हूँ?,3,0
"Thank you Charles, Could you let me know the last 4 digits of SSN and the last 4 digits of account number please?"," धन्यवाद चार्ल्स, क्या आप कृपया मुझे SSN के अंतिम 4 अंक और खाता संख्या के अंतिम 4 अंक बता सकते हैं?",3,0
"My pleasure. Anything else I may help you out with?
", मेरा सौभाग्य। कुछ और मैं आपकी मदद कर सकता हूं?,3,2
9941,9941,0,0
"Yes sir, we aim to provide the best and the fastest banking services, Thanks for appreciating ! "," हाँ महोदय, हमारा लक्ष्य सर्वोत्तम और सबसे तेज़ बैंकिंग सेवाएं प्रदान करना है, सराहना करने के लिए धन्यवाद!",3,2
"Thank you for using our live chat service. I'm now closing this chat. If you have any other concerns in the future, please don’t hesitate to let us know. Have a great day!
"," हमारी लाइव चैट सेवा का उपयोग करने के लिए धन्यवाद। मैं अब इस चैट को बंद कर रहा हूं। यदि भविष्य में आपकी कोई अन्य चिंता है, तो कृपया हमें बताने में संकोच न करें। आपका दिन अच्छा रहे!",3,2
You'll receive the card in 2-3 business days Priyank., प्रियांक 2-3 कार्यदिवसों में आपको कार्ड प्राप्त हो जाएगा।,1,0
6.57288E+15,6.57288E+15,0,0
Perfect! May I know the date and amount of the charge?, उत्तम! क्या मुझे शुल्क की तारीख और राशि पता हो सकती है?,2,2
and the name please?, और नाम कृपया?,2,0
I want to change my new address for my saving accout, मैं अपने बचत खाते के लिए अपना नया पता बदलना चाहता/चाहती हूं,2,0
"Thank You. To pull up the information I will require your last 4 digits of the SSN.
", शुक्रिया। जानकारी प्राप्त करने के लिए मुझे आपके एसएसएन के अंतिम 4 अंकों की आवश्यकता होगी।,3,0
Okay, ठीक,2,0
Hello! How may I help you today?,नमस्ते! आज मैं आपकी कैसे मदद कर सकता हूँ?,3,0
I've transferred the amount of $5000 and you'll receive a confirmation message on your registered mobile number in a while., मैंने $5000 की राशि स्थानांतरित कर दी है और आपको कुछ ही देर में अपने पंजीकृत मोबाइल नंबर पर एक पुष्टिकरण संदेश प्राप्त होगा।,2,0
ssn number-2345, एसएसएन नंबर-2345,0,0
26 $, 26 $,0,0
Yes, हाँ,2,0
No. Thank you for your help Rory," नहीं, आपकी मदद के लिए धन्यवाद रोरी",3,0
5.46548E+13,5.46548E+13,0,0
7584 and 9856, 7584 और 9856,0,0
Sure. I'll help you with that. Could you please help me with your name and the four digits of SSN?, ज़रूर। मैं इसमें आपकी मदद करूंगा। क्या आप कृपया मुझे अपने नाम और एसएसएन के चार अंकों के साथ मदद कर सकते हैं?,3,0
Great the account has $555 as balance., ग्रेट खाते में शेष राशि के रूप में $ 555 है।,3,2
Joe Blow. I want to transfer money from my checking account to savings account., जो झटका। मैं अपने चेकिंग खाते से बचत खाते में पैसे ट्रांसफर करना चाहता हूं।,1,0
That sounds amazing! Please allow me a moment while I do the needful., यह तो बहुत मज़ेदार लगता है! कृपया मुझे एक क्षण की अनुमति दें जबकि मैं आवश्यक कार्य करता हूं।,2,2
SSN:8437, एसएसएन:8437,0,0
May I also know the last four digits of your SSN?, क्या मैं आपके SSN के अंतिम चार अंक भी जान सकता हूँ?,2,0
Sure!, ज़रूर!,2,0
My full name is Jamaila ben, मेरा पूरा नाम जमीला बेन है,1,0
"Perfect. 
", उत्तम।,2,2
Hello!, नमस्ते!,3,0
Amazing! Could you please help me out with the date when the card was last used?, अद्भुत! क्या आप कृपया मुझे उस तारीख के बारे में बताने में मदद कर सकते हैं जब कार्ड का अंतिम बार उपयोग किया गया था?,3,2
ok thanks bye, ठीक है धन्यवाद अलविदा,3,0
I'd love to do that however you'd have to visit the branch to check the orders," मुझे यह करना अच्छा लगेगा, हालांकि आपको ऑर्डर देखने के लिए शाखा में जाना होगा",3,0
That's great! The transfer has been initiated. You’ll be receiving a confirmation email soon. Is there anything else I can do for you today?, एक दम बढ़िया! तबादला शुरू कर दिया गया है। आपको जल्द ही एक पुष्टिकरण ईमेल प्राप्त होगा। क्या आज मैं आपके लिए कुछ और कर सकता हूँ?,2,2
"Thanks. Furthermore I'll like to know that, was a police report filed for the same?
", धन्यवाद। इसके अलावा मैं यह जानना चाहूंगा कि क्या इसके लिए पुलिस रिपोर्ट दर्ज की गई थी?,3,1
8765,8765,0,0
Jackson, जैक्सन,0,0
My name is John F. my card number is 1111 1111 1111 1111.,मेरा नाम जॉन एफ है। मेरा कार्ड नंबर 1111 1111 1111 1111 है।,2,0
AM LOST MY CREDIT CARD, मेरा क्रेडिट कार्ड खो गया है,0,1
Sure. Could you please the sum of money to be transferred?, ज़रूर। क्या आप कृपया हस्तांतरित किए जाने वाले धन की राशि को खुश कर सकते हैं?,3,0
Okay great! Thank you so much for your cooperation! Have a great day!, ठीक है बढ़िया! आपके सहयोग के लिए बहुत बहुत धन्यवाद! आपका दिन अच्छा रहे!,3,2
THANK YOU YOUR INFORMATION WAS VERY USEFUL, धन्यवाद आपकी जानकारी बहुत उपयोगी थी,3,2
ok sure, यकीनन ठीक,2,0
$100, $100,0,0
Awesome! May I know if the lost card was reported to the police?, बहुत बढ़िया! क्या मुझे पता चल सकता है कि खोए हुए कार्ड की सूचना पुलिस को दी गई थी?,3,1
KIM CASE, किम केस,0,0
nothing your help very useful, कुछ नहीं आपकी मदद बहुत उपयोगी है,2,0
yes, हां,2,0
i want to check my account balance., मैं अपने खाते की शेष राशि की जांच करना चाहता हूं।,2,0
Could you please let me know the last 4 digits of account from which you'd like to transfer?, क्या आप कृपया मुझे उस खाते के अंतिम 4 अंक बता सकते हैं जिससे आप स्थानांतरण करना चाहते हैं?,3,0
"Thanks Ram. To pull up the information I will require your last 4 digits of the SSN.
", धन्यवाद राम। जानकारी प्राप्त करने के लिए मुझे आपके एसएसएन के अंतिम 4 अंकों की आवश्यकता होगी।,3,0
7.89E+15,7.89E+15,0,0
11:00,11:00,0,0
"Hello, how may I help you today?"," हैलो, मैं आज आपकी कैसे मदद कर सकता हूं?",3,0
BUT I NEED TO TRANSFER MONEY, लेकिन मुझे पैसे ट्रांसफर करने की जरूरत है,1,1
Thanks again. Have you filed a report with the police regarding this issue?, एक बार फिर धन्यवाद। क्या आपने इस मामले में पुलिस में रिपोर्ट दर्ज कराई है?,3,1
THANK YOU, धन्यवाद,3,2
sorry ssn number is wrong, सॉरी एसएसएन नंबर गलत है,2,0
You're most welcome! Thank you for reaching out to us. Good day!, आपका स्वागत है! हमसे संपर्क की पहल के लिए आपका धन्यवाद। अच्छा दिन!,3,2
Hello there!, नमस्ते!,3,0
"hi, my name rocky smith, i lost my credit card"," नमस्ते, मेरा नाम रॉकी स्मिथ, मैंने अपना क्रेडिट कार्ड खो दिया है",3,0
"Perfect. I will now go ahead and cancel your old card which is missing and issue a new one for you which will be sent to your address soon.
", उत्तम। अब मैं आगे बढ़ूंगा और आपके पुराने कार्ड को रद्द कर दूंगा जो गायब है और आपके लिए एक नया कार्ड जारी करूंगा जो जल्द ही आपके पते पर भेज दिया जाएगा।,2,2
Oh! I see. Let me know if you have filed any police report regarding this issue., ओह! समझा। मुझे बताएं कि क्या आपने इस मुद्दे के बारे में कोई पुलिस रिपोर्ट दर्ज की है।,2,1
Could you please let me know the date the card was last used and was a police report filed?, क्या आप कृपया मुझे बता सकते हैं कि कार्ड का अंतिम बार उपयोग किया गया था और क्या पुलिस में रिपोर्ट दर्ज की गई थी?,3,0
You're welcome. I had a great time assisting you. Please do feel free to reach out to us for further queries. Have a good day. Bye now., आपका स्वागत है। मुझे आपकी सहायता करने में बहुत अच्छा लगा। कृपया आगे के प्रश्नों के लिए हमसे बेझिझक संपर्क करें। आपका दिन शुभ हो। अलविदा।,3,2
"Felipe Woodward
", फेलिप वुडवर्ड,0,0
Cool! May I also know the last four digits of your SSN?, ठंडा! क्या मैं आपके SSN के अंतिम चार अंक भी जान सकता हूँ?,3,0
thanks a lot, बहुत-बहुत धन्यवाद,3,2
"Thank you John for the information. I see the total amount in your account is $6700.
", जानकारी के लिए धन्यवाद जॉन। मैं देख रहा हूँ कि आपके खाते में कुल राशि $6700 है।,3,0
My name is Latha and the last four digits of SSN 8990,मेरा नाम लता है और SSN 8990 के अंतिम चार अंक हैं,2,0
THANK YOU, धन्यवाद,3,2
"All right. I apologize I will be not able to give you the information at this point of time. However someone from our bank will reach you back in few days to give you all important information.
", ठीक है। मुझे खेद है कि मैं इस समय आपको जानकारी नहीं दे पाऊंगा। हालांकि हमारे बैंक का कोई व्यक्ति आपको सभी महत्वपूर्ण जानकारी देने के लिए कुछ दिनों में वापस पहुंच जाएगा।,3,0
"oh yes, i contact you"," अरे हाँ, मैं आपसे संपर्क करता हूँ",2,0
Great. Now could you please help me with the last four digits of the account number you wish to transfer the money to?, महान। अब क्या आप कृपया मुझे उस खाता संख्या के अंतिम चार अंकों में मदद कर सकते हैं जिसमें आप पैसे ट्रांसफर करना चाहते हैं?,3,0
I've blocked the card for now., मैंने अभी के लिए कार्ड ब्लॉक कर दिया है।,1,0
VERY NICE, बहुत अच्छा,0,2
$100, $100,0,0
$4500, $4500,0,0
"I'd be glad to help you out on this one, Could you please let me know the name and last 4 digits of SSN?"," मुझे इस पर आपकी मदद करने में खुशी होगी, क्या आप कृपया मुझे SSN का नाम और अंतिम 4 अंक बता सकते हैं?",3,0
Perfect! May I know the time of the charge and the amount too?, उत्तम! क्या मैं शुल्क का समय और राशि भी जान सकता हूँ?,2,2
ok, ठीक है,2,0
"Thanks. To process the request I'll now require the date of charge and the amount of charge.
", धन्यवाद। अनुरोध को संसाधित करने के लिए अब मुझे शुल्क की तिथि और शुल्क की राशि की आवश्यकता होगी।,3,0
1.32457E+15,1.32457E+15,0,0
Thank you for waiting patiently the address will be changed shorty and it'll take up to 2 hours for the changes to be effective and you'll get a confirmation email as well.," धैर्यपूर्वक प्रतीक्षा करने के लिए धन्यवाद, पता संक्षिप्त रूप से बदल दिया जाएगा और परिवर्तनों को प्रभावी होने में 2 घंटे तक का समय लगेगा और आपको एक पुष्टिकरण ईमेल भी प्राप्त होगा।",3,1
5432,5432,0,0
"Thank you, sir.Please could you provide me with the date on which the card was last used?"," धन्यवाद, श्रीमान।क्या आप मुझे वह तारीख बता सकते हैं जिस दिन कार्ड का अंतिम बार उपयोग किया गया था?",3,0
"NAME : AMMU, SSN NO : 8964 AND A/C NO : 1529"," नाम: AMMU, SSN नंबर: 8964 और खाता संख्या: 1529",1,0
7845,7845,0,0
yed, येद,0,0
Where are you ?, आप कहाँ हैं ?,0,0
"Hey there, how may I help you today?"," अरे वहाँ, मैं आज आपकी कैसे मदद कर सकता हूँ?",3,0
8965 2103 2105 8741, 8965 2103 2105 8741,0,0
I am running low on checks too. Can I order some checks?, मेरे पास चेक भी कम चल रहे हैं। क्या मैं कुछ चेक ऑर्डर कर सकता हूं?,2,0
OK, ठीक है,2,0
Hey there! How may I help you today?, सुनो! आज मैं आपकी कैसे मदद कर सकता हूँ?,3,0
5432,5432,0,0
hi, नमस्ते,2,0
All right. Please help me with the date and time of the error., ठीक है। कृपया त्रुटि के दिनांक और समय के बारे में मेरी सहायता करें।,3,1
"Hello, how may I help you with today? "," हैलो, मैं आज आपकी कैसे मदद कर सकता हूं?",3,0
"Pleasure assisting you. Please do contact us anytime, if you face any issues with the card. We will be glad to assist you.
Thank you for your time and patience. You have a great day.
"," आपकी सहायता करने में खुशी। यदि आप कार्ड के साथ किसी भी समस्या का सामना करते हैं, तो कृपया हमसे कभी भी संपर्क करें। हमें आपकी सहायता करने में खुशी होगी। आपके समय और धैर्य के लिए आपका धन्यवाद। आपका दिन बहुत बढ़िया हो।",3,2
DHILIP, दिलीप,2,0
I lost SSN number., मैंने एसएसएन नंबर खो दिया है।,0,0
Hello. I'm doing pretty good. How are you?, नमस्ते। मैं बहुत अच्छा कर रहा हूं। क्या हाल है?,3,2
ok, ठीक है,2,0
hai. Mu cars missed yesterday, है। म्यू कारें कल छूट गईं,2,0
"thanks, yes..","धन्यवाद, हाँ..",3,2
YES, हां,2,2
My old number# 123 I need to change 128, मेरा पुराना नंबर # 123 मुझे 128 बदलने की जरूरत है,2,0
?*, ?*,0,0
"1474 Main Street, Los Angeles, CA 91145"," 1474 मेन स्ट्रीट, लॉस एंजिल्स, सीए 91145",0,0
ofcourse. last four digit of account numer is 8579. SSN is 587962314, बेशक। खाता संख्या का अंतिम चार अंक 8579 है। एसएसएन 587962314 है,0,0
256$, 256$,0,0
Hi, नमस्ते,2,0
"Perfect. Could you please provide me your complete credit card number.
", उत्तम। क्या आप कृपया मुझे अपना पूरा क्रेडिट कार्ड नंबर प्रदान कर सकते हैं।,3,2
"Is there anything else I could help you with?
", क्या कुछ और है जिसमें मैं आपकी मदद कर सकता हूं?,2,0
"Don’t worry. I have cancelled your card. A new card will be sent to your registered address within a week. Let me know if you have any other queries.

", चिंता मत करो। मैंने आपका कार्ड रद्द कर दिया है। एक सप्ताह के भीतर आपके पंजीकृत पते पर एक नया कार्ड भेज दिया जाएगा। यदि आपके कोई अन्य प्रश्न हैं तो मुझे बताएं।,3,0
ok sure i have follow your instruction, ठीक है सुनिश्चित करें कि मैंने आपके निर्देश का पालन किया है,2,0
9452,9452,0,0
"My name is Hurry Kane, SSN is 2269 and Credit Card number is: 1236547896541256"," मेरा नाम जल्दी केन है, एसएसएन 2269 है और क्रेडिट कार्ड नंबर है: 1236547896541256",2,0
ya, फिर,2,0
"258 SUMMER HEATH ROAD,BANSBURY SALEM TN"," 258 समर हीथ रोड, बंसबरी सेलम TN",0,0
Perfect! May I also know the last four digits of your SSN?, उत्तम! क्या मैं आपके SSN के अंतिम चार अंक भी जान सकता हूँ?,3,0
yashwanth, Yashwanth,2,0
Okay! Thank you. Please allow me a moment while I check with the account.," ठीक! शुक्रिया। जब तक मैं खाते से जांच करता हूं, कृपया मुझे कुछ समय दें।",3,0
"I just moved, and I need to change my address on file."," मैं बस चला गया, और मुझे फ़ाइल पर अपना पता बदलने की जरूरत है।",2,0
no, नहीं,1,1
okay thank you, ठीक है धन्यवाद,3,2
$48, $48,0,0
"Hello, how may I help you today?"," हैलो, मैं आज आपकी कैसे मदद कर सकता हूं?",3,0
"Would you need anything else, sir?", क्या आपको और कुछ चाहिए सर?,3,0
Perfect! Please allow me a moment while I do the needful., उत्तम! कृपया मुझे एक क्षण की अनुमति दें जबकि मैं आवश्यक कार्य करता हूं।,3,2
Yes, हाँ,2,0
sara, सारा,0,0
"Sure, I'll be happy to do that for you right away. Please provide me your new address."," ज़रूर, मुझे तुरंत आपके लिए ऐसा करने में खुशी होगी। कृपया मुझे अपना नया पता प्रदान करें।",2,0
100 DOLLARS, 100 डॉलर,0,0
?*, ?*,0,0
"Hello, how may I help you today?

"," हैलो, मैं आज आपकी कैसे मदद कर सकता हूं?",3,0
Hello!, नमस्ते!,3,0
what are the information required for that any login id, उसके लिए आवश्यक जानकारी क्या है कोई भी लॉगिन आईडी,0,0
"All right. Please tell me the date and the time of the error.

",ठीक है। कृपया मुझे त्रुटि की तिथि और समय बताएं।,2,1
1213 madurai, 1213 मदुरै,0,0
"Amazing! Could you help me with the new address so that I can update it right away for you?
",अद्भुत! क्या आप नए पते में मेरी मदद कर सकते हैं ताकि मैं इसे आपके लिए तुरंत अपडेट कर सकूं?,3,2
Thank you for your patience. I've transferred the amount. You'll receive a confirmation message on your registered mobile number., आपके धैर्य के लिए धन्यवाद। मैंने राशि ट्रांसफर कर दी है। आपको अपने पंजीकृत मोबाइल नंबर पर एक पुष्टिकरण संदेश प्राप्त होगा।,3,0
ok, ठीक है,2,0
I would be glad to assist you with closing the account. Could you help me with your name and last four digits of the SSN?, खाता बंद करने में आपकी सहायता करने में मुझे खुशी होगी। क्या आप अपने नाम और SSN के अंतिम चार अंकों के साथ मेरी मदद कर सकते हैं?,3,0
I wanted to find out the balance of my account, मैं अपने खाते की शेष राशि का पता लगाना चाहता था,2,0
"All right! Good news, As i checked your account balance for account 6548 is $10,000. would there be anything else I may help you with for today?
"," ठीक है! खुशखबरी, जैसा कि मैंने चेक किया है कि आपके खाते में 6548 खाते के लिए शेष राशि $10,000 है। क्या आज के लिए मैं आपकी कुछ और मदद कर सकता हूँ?",3,0
the checking is 2345, जाँच है 2345,0,0
12-06-2018,12-06-2018,0,0
Good afternoon. Can i know your name and the last 4 digits of your account number?, नमस्कार। क्या मैं आपका नाम और आपके खाता संख्या के अंतिम 4 अंक जान सकता हूँ?,3,0
I need to change my old Door number. 205 to 215, मुझे अपना पुराना डोर नंबर बदलना है। 205 से 215,2,0
no, नहीं,1,1
thanks, धन्यवाद,2,2
HAi!, हाई!,2,0
Thank you!, आपको धन्यवाद!,3,2
Great! Could you also please help me out with the last 4 digits of your SSN?, महान! क्या आप कृपया अपने एसएसएन के अंतिम 4 अंकों के बारे में भी मेरी मदद कर सकते हैं?,3,2
"Okay! Awesome, I've ordered a new card for you which you'll probably receive within 2 business days via post However, In case you don't receive. Kindly, contact us immediately. "," ठीक! बहुत बढ़िया, मैंने आपके लिए एक नया कार्ड मंगवाया है जो आपको संभवतः 2 कार्यदिवसों के भीतर डाक के माध्यम से प्राप्त हो जाएगा, हालांकि, यदि आप प्राप्त नहीं करते हैं। कृपया, हमसे तुरंत संपर्क करें।",3,2
I NEED CREDIT CARD BILL CHARGE TO REMOVED, मुझे निकालने के लिए क्रेडिट कार्ड बिल शुल्क की आवश्यकता है,1,0
yes i want transfer money from my account,हाँ मुझे अपने खाते से पैसे ट्रांसफर करना है,2,0
I want change my address, मुझे अपना पता बदलना है,2,0
Could you be more specific about the concern?, क्या आप चिंता के बारे में अधिक विशिष्ट हो सकते हैं?,2,0
"Thank you for using our live chat service, and we hope to hear from you again! Goodbye!
"," हमारी लाइव चैट सेवा का उपयोग करने के लिए धन्यवाद, और हम आपसे फिर से सुनने की आशा करते हैं! अलविदा!",3,2
I lost my credit card, मैंने अपना क्रेडिट कार्ड खो दिया है,1,1
HI, नमस्ते,2,0
Hi, नमस्ते,3,0
first name praba last name karan, प्रथम नाम प्रभा अंतिम नाम करण,0,0
GOOD DAY.., अच्छा दिन..,3,2
Actually I need to transfer to a different account number., वास्तव में मुझे एक अलग खाता संख्या में स्थानांतरित करने की आवश्यकता है।,2,0
hi, नमस्ते,2,0
No, नहीं,1,0
"#32 5th cross , halo az 53202"," #32 5वां क्रॉस, हेलो एज़ 53202",0,0
HI, नमस्ते,2,0
Nothing else thank you very much, और कुछ नहीं बहुत बहुत धन्यवाद,3,0
Would there be anything else I may help you with?, क्या कुछ और होगा जिसमें मैं आपकी मदद कर सकूं?,2,0
"I would be glad to help you out in this regards. May I know your name please?
", मुझे इस संबंध में आपकी मदद करने में खुशी होगी। क्या मैं आपका नाम जान सकता हूँ?,3,0
thank you so much, आपका बहुत-बहुत धन्यवाद,3,2
Fine. Thank you Spencer!, ठीक। धन्यवाद स्पेंसर!,3,2
"120, New Colony, FL"," 120, न्यू कॉलोनी, FL",0,0
hi, नमस्ते,2,0
You're welcome. I've initiated your request for closing the account ending with 2198. You’ll be receiving a confirmation message shortly., आपका स्वागत है। मैंने 2198 को समाप्त होने वाले खाते को बंद करने के लिए आपका अनुरोध शुरू कर दिया है। आपको शीघ्र ही एक पुष्टिकरण संदेश प्राप्त होगा।,2,0
Please could you provide me your name?, कृपया क्या आप मुझे अपना नाम प्रदान कर सकते हैं?,3,0
My name is Justin Marvel, मेरा नाम जस्टिन मार्वल है,2,0
Good morning! I need to change the address on my account, सुबह बख़ैर! मुझे अपने खाते का पता बदलना है,3,0
"okay, I've made that change, and transferred the amount. "," ठीक है, मैंने वह परिवर्तन कर दिया है और राशि हस्तांतरित कर दी है।",2,0
Thank you very much for the details. Your error will be fixed and updated shortly. You'll receive an e-mail about the updated bill.,विवरण के लिए आपका बहुत-बहुत धन्यवाद। आपकी त्रुटि को शीघ्र ही ठीक और अद्यतन किया जाएगा। आपको अपडेट किए गए बिल के बारे में एक ई-मेल प्राप्त होगा।,3,2
Sure., ज़रूर।,2,0
YES IT IS CORRECT, हाँ यह सही है,2,2
"Thank you for the information Jothi. I have updated your address on your account profile. Is there anything else I can help you with?
", जानकारी के लिए धन्यवाद ज्योति जी। मैंने आपकी खाता प्रोफ़ाइल पर आपका पता अपडेट कर दिया है। क्या कुछ और है जिसमें मैं आपकी मदद कर सकता हूं?,3,0
myself john peter.and my card number is 4578963001., मैं जॉन पीटर। और मेरा कार्ड नंबर 4578963001 है।,2,0
Could you please help me out with your account number?, क्या आप कृपया मुझे अपना खाता नंबर देने में मदद कर सकते हैं?,3,0
MY NAME JOSEPH, मेरा नाम जोसेफ,1,0
Thank you very much, आपका बहुत बहुत धन्यवाद,3,2
Hi I wanted to inquire if company's new lower rates are available to me ?,"नमस्ते, मैं पूछना चाहता था कि क्या कंपनी की नई कम दरें मेरे लिए उपलब्ध हैं?",3,0
"Hey! I've updated your address, you'll receive a notification on your banking application about the same shortly. Kindly, acknowledge it.  Would there be anything else I may help you with? ","अरे! मैंने आपका पता अपडेट कर दिया है, आपको जल्द ही इसके बारे में अपने बैंकिंग आवेदन पर एक सूचना प्राप्त होगी। कृपया, इसे स्वीकार करें। क्या कुछ और होगा जिसमें मैं आपकी मदद कर सकूं?",3,0
"You're most welcome,ma'am. Always a pleasure to help you. Good day!"," आपका बहुत-बहुत स्वागत है, महोदया। आपकी मदद करने में हमेशा खुशी होती है। अच्छा दिन!",3,2
"Thank you. Could you please let me know the date of the charge, time of charge and amount of the charge?"," शुक्रिया। क्या आप कृपया मुझे प्रभार की तिथि, प्रभार का समय और प्रभार की राशि के बारे में बता सकते हैं?",3,0
"Sure, I'll be happy to do that for you.  Please may I know your name?","ज़रूर, मुझे आपके लिए ऐसा करने में खुशी होगी। कृपया क्या मैं आपका नाम जान सकता हूँ?",3,0
Thank you. Could you help me with the date and amount of the charge?,शुक्रिया। क्या आप शुल्क की तारीख और राशि के बारे में मेरी मदद कर सकते हैं?,3,0
"Hello there, How may I help you today?
"," नमस्ते, मैं आज आपकी कैसे मदद कर सकता हूँ?",3,0
You’re most welcome. Is there anything else I could help you with?, आपका स्वागत है। क्या कुछ और है जिसमें मैं आपकी मदद कर सकता हूं?,3,2
"Hello, how may I help you with today?"," हैलो, मैं आज आपकी कैसे मदद कर सकता हूं?",3,0
"Thank you for all the information, please allow me a moment while I check with the account. "," सभी जानकारी के लिए धन्यवाद, कृपया मुझे खाते से जांच करने के लिए कुछ समय दें।",3,0
It was really nice talking to you and a pleasure assisting you. I'm glad that I could resolve this for you. Hope to see you again. Have a great day ahead!, आपसे बात करके बहुत अच्छा लगा और आपकी सहायता करने में खुशी हुई। मुझे खुशी है कि मैं इसे आपके लिए हल कर सका। फिर से देखने की उम्मीद। आगे एक महान दिन हो!,3,2
7523,7523,0,0
Thank you. To get your bank details I would need your last 4 digits of SSN., शुक्रिया। आपका बैंक विवरण प्राप्त करने के लिए मुझे आपके एसएसएन के अंतिम 4 अंकों की आवश्यकता होगी।,3,0
"Sure, no problem at all."," ज़रूर, कोई समस्या नहीं है।",2,0
Sure! That won't be a problem. May I know your full name?, ज़रूर! यह कोई समस्या नहीं होगी। क्या मैं आपका पूरा नाम जान सकता हूँ?,2,0
THANK YOU, धन्यवाद,3,2
Have a nice day, आपका दिन शुभ हो,2,2
sure charlie, ज़रूर चार्ली,2,2
"Hello there, how may I help you today?"," नमस्ते, मैं आज आपकी कैसे मदद कर सकता हूं?",3,0
8564,8564,0,0
18th May'2018, 18 मई'2018,0,0
OK, ठीक है,2,0
SURE. THANKS, ज़रूर। धन्यवाद,3,2
"Firstly, I'm really sorry that you were erroneously, I'll try my best to help you out in this regards, May I know your First and last name please?"," सबसे पहले, मुझे वास्तव में खेद है कि आप गलती से थे, मैं इस संबंध में आपकी मदद करने की पूरी कोशिश करूंगा, क्या मैं आपका पहला और अंतिम नाम जान सकता हूं?",3,1
my card was expired, मेरा कार्ड समाप्त हो गया था,0,0
Great. I have closed the a/c for you., महान। मैंने आपके लिए खाता बंद कर दिया है।,3,2
thank you. i want to update my address in credit card records, शुक्रिया। मैं क्रेडिट कार्ड रिकॉर्ड में अपना पता अपडेट करना चाहता हूं,3,0
"Hello, how may I help you today?"," हैलो, मैं आज आपकी कैसे मदद कर सकता हूं?",3,0
"Perfect. I will now go ahead and cancel your old card which is missing and issue a new one for you which will be sent to your address soon.
", उत्तम। अब मैं आगे बढ़ूंगा और आपके पुराने कार्ड को रद्द कर दूंगा जो गायब है और आपके लिए एक नया कार्ड जारी करूंगा जो जल्द ही आपके पते पर भेज दिया जाएगा।,2,2
1,1,0,0
OK, ठीक है,2,0
Hello, नमस्ते,2,0
yes i reported to police, हाँ मैंने पुलिस को सूचना दी,2,0
ok, ठीक है,2,0
Perfect! May I know your new address as well?, उत्तम! क्या मैं आपका नया पता भी जान सकता हूँ?,3,2
You need to carry your identity proof. You will not be needing anything else., आपको अपना पहचान प्रमाण साथ रखना होगा। आपको किसी और चीज की जरूरत नहीं पड़ेगी।,2,0
Hey! A very good morning to you. How may I help you today?, अरे! आपके लिए एक बहुत ही शुभ प्रभात। आज मैं आपकी कैसे मदद कर सकता हूँ?,3,2
"Thank you so much, I'm glad I was of help! Is there anything else I may assist you with today? ","बहुत बहुत धन्यवाद, मुझे खुशी है कि मैं मदद कर रहा था! क्या कोई और चीज है जिसमें मैं आज आपकी सहायता कर सकता हूं?",3,2
Hey! How may I help you today?, अरे! आज मैं आपकी कैसे मदद कर सकता हूँ?,3,0
"I would be glad to help you out in this regards. May I know your name please?
", मुझे इस संबंध में आपकी मदद करने में खुशी होगी। क्या मैं आपका नाम जान सकता हूँ?,3,0
Please help me with the last four digits of the account number you would like the amount to be transferred to, कृपया उस खाता संख्या के अंतिम चार अंकों के साथ मेरी मदद करें जिसे आप राशि हस्तांतरित करना चाहते हैं,3,0
thank you, धन्यवाद,2,2
Sure. I'll help you with that. Could you please help me with your name and the four digits of SSN?, ज़रूर। मैं इसमें आपकी मदद करूंगा। क्या आप कृपया मुझे अपने नाम और एसएसएन के चार अंकों के साथ मदद कर सकते हैं?,3,0
I hope we are connected?, मुझे आशा है कि हम जुड़े हुए हैं?,2,0
hi, नमस्ते,2,0
1711,1711,0,0
did I help you in resolving all your queries for today?, क्या मैंने आज के लिए आपके सभी प्रश्नों को हल करने में आपकी मदद की?,2,0
Oh., ओह।,0,0
I hope we are still connected., मुझे आशा है कि हम अभी भी जुड़े हुए हैं।,2,2
BYE, अलविदा,2,0
OK THANK YOU, ठीक है धन्यवाद,3,2
I'm here!, मैं यहाँ हुं!,2,0
Nothing else, और कुछ नहीं,2,0
It was wonderful talking to you. Have a great day,आपसे बात करके बहुत अच्छा लगा। आपका दिन अच्छा रहे,3,2
"Thank you, could you also share your SSN?"," धन्यवाद, क्या आप अपना एसएसएन भी साझा कर सकते हैं?",3,0
"This is Thomas,Chris"," यह थॉमस, क्रिस है",2,0
I’m glad. We aim to make your Banking experience a pleasant one., मुझे खुशी है। हमारा लक्ष्य आपके बैंकिंग अनुभव को सुखद बनाना है।,3,2
"Thank you,ma'am. I'll personally look into this matter and resolve it. Please give me a minute.", धन्यवाद मैडम। मैं व्यक्तिगत रूप से इस मामले को देखूंगा और इसका समाधान करूंगा। कृपया मुझे एक मिनट दें।,3,1
Riley, रिले,0,0
Hi Riley, हाय रिले,3,0
Thank you for waiting patiently the amount will be transferred shortly and you'll be getting an email as well.," धैर्यपूर्वक प्रतीक्षा करने के लिए धन्यवाद, राशि शीघ्र ही स्थानांतरित कर दी जाएगी और आपको एक ईमेल भी प्राप्त होगा।",3,2
"I was used on 06/09/2018
", मुझे 06/09/2018 को इस्तेमाल किया गया था,1,0
I'd also require the complete 16 digit credit card number.,मुझे पूरे 16 अंकों के क्रेडिट कार्ड नंबर की भी आवश्यकता होगी।,1,0
"Emiliano Herman
", एमिलियानो हरमन,1,0
OK THANK YOU SO MUCH,ठीक है आपका बहुत धन्यवाद,3,2
would you like to open another checking or savings account with us? I can assist you with that., क्या आप हमारे साथ एक और चेकिंग या बचत खाता खोलना चाहेंगे? मैं इसमें आपकी मदद कर सकता हूं।,3,0
"Daniel,last 4 digits of SSN 9292 and credit card number 2455"," डेनियल, एसएसएन 9292 के अंतिम 4 अंक और क्रेडिट कार्ड नंबर 2455",0,0
Thank you for the information Samantha. Please provide me the last four digits of the saving account number., सामन्था जानकारी के लिए धन्यवाद। कृपया मुझे बचत खाता संख्या के अंतिम चार अंक प्रदान करें।,3,0
I had a great time assisting you. Please do feel free to reach out to us for further queries. Have a good day. Bye now., मुझे आपकी सहायता करने में बहुत अच्छा लगा। कृपया आगे के प्रश्नों के लिए हमसे बेझिझक संपर्क करें। आपका दिन शुभ हो। अलविदा।,3,2
"My pleasure. Anything else I may help you out with?
", मेरा सौभाग्य। कुछ और मैं आपकी मदद कर सकता हूं?,3,2
"Anything else I may help you out with?
", कुछ और मैं आपकी मदद कर सकता हूं?,2,0
Perfect! would you please share the last four digits of your SSN?, उत्तम! क्या आप कृपया अपने SSN के अंतिम चार अंक साझा करेंगे?,3,0
OKAY, ठीक है,2,0
TWO, दो,0,0
8787,8787,0,0
Always a pleasure assisting a valuable customer like you. Have a great day ahead. Looking forward to seeing you soon., आप जैसे मूल्यवान ग्राहक की सहायता करने में हमेशा खुशी होती है। आगे एक महान दिन हो। जल्द ही आपको देखने की इच्छा है।,3,2
2.38947E+15,2.38947E+15,0,0
I have some error in my credit card kindly solve the issue ASAP,मेरे क्रेडिट कार्ड में कुछ त्रुटि है कृपया समस्या का जल्द से जल्द समाधान करें,3,1
"Sure, Could you please tell me number of check leaves you want?

"," ज़रूर, क्या आप कृपया मुझे बता सकते हैं कि आपको कितने चेक पत्ते चाहिए?",3,0
That's great! I've contacted the concerned authorities. They’ll be connecting with you in the next 24 hours and help you with the low interest rate accounts. Would you need anything else?, एक दम बढ़िया! मैंने संबंधित अधिकारियों से संपर्क किया है। वे अगले 24 घंटों में आपके साथ जुड़ जाएंगे और कम ब्याज दर वाले खातों में आपकी सहायता करेंगे। क्या आपको कुछ और चाहिए होगा?,3,2
I WANT TO CHANGE THE ADDRESS?, मैं पता बदलना चाहता हूँ?,1,0
prefect, प्रीफेक्ट,0,2
hi, नमस्ते,2,0
THANK YOU SO MUCH, आपका बहुत-बहुत धन्यवाद,3,2
Okay great! Thank you so much for your cooperation. Have a great day!, ठीक है बढ़िया! आपके सहयोग के लिए बहुत बहुत धन्यवाद। आपका दिन अच्छा रहे!,3,2
Thank you very much, आपका बहुत बहुत धन्यवाद,3,2
I HAVE A ERROR ON MY CREDIT CARD BILL, मेरे क्रेडिट कार्ड बिल में त्रुटि है,1,1
yes, हां,2,0
"And also lastly I'll require the date, time and amount of the charge? "," और अंत में मुझे शुल्क की तिथि, समय और राशि की भी आवश्यकता होगी?",1,0
"Perfect! I have updated the new address to your account. Is there anything else I could help you with?
", उत्तम! मैंने आपके खाते में नया पता अपडेट कर दिया है। क्या कुछ और है जिसमें मैं आपकी मदद कर सकता हूं?,3,2
LAST 4 DIGITS OF SSN ARE 8736, SSN के अंतिम 4 अंक 8736 . हैं,0,0
Molly Nunez, मौली नुनेज़ो,0,0
"Thank you for using our live chat service. I'm now closing this chat. If you have any other concerns in the future, please don’t hesitate to let us know. Have a great day!
"," हमारी लाइव चैट सेवा का उपयोग करने के लिए धन्यवाद। मैं अब इस चैट को बंद कर रहा हूं। यदि भविष्य में आपकी कोई अन्य चिंता है, तो कृपया हमें बताने में संकोच न करें। आपका दिन अच्छा रहे!",3,2
my name is david, मेरा नाम डेविड है,1,0
Thank you so much for staying connected. Your lost credit card has been blocked and a new credit account will be sent to your address shortly.,जुड़े रहने के लिए आपका बहुत-बहुत धन्यवाद। आपका खोया हुआ क्रेडिट कार्ड ब्लॉक कर दिया गया है और जल्द ही आपके पते पर एक नया क्रेडिट खाता भेजा जाएगा।,3,2
"My pleasure. Anything else I may help you out with?
", मेरा सौभाग्य। कुछ और मैं आपकी मदद कर सकता हूं?,3,2
"Myname is Simmers, a/c number 9534 and last 4 digits of my SSN 6589"," Myname is Simmers, a/c नंबर 9534 और मेरे SSN 6589 के अंतिम 4 अंक",0,0
2071,2071,0,0
Sure. I'll help you with that. Could you please help me with your name and the last four digits of SSN?, ज़रूर। मैं इसमें आपकी मदद करूंगा। क्या आप कृपया मुझे अपने नाम और एसएसएन के अंतिम चार अंकों के साथ मदद कर सकते हैं?,3,0
I hope that was useful?, मुझे आशा है कि यह उपयोगी था?,2,0
Maddox Beard, मैडॉक्स दाढ़ी,1,0
"I'll go ahead and cancel the lost card and issue a new one on your name.
It will be sent to you by tomorrow.
", मैं आगे बढ़ूंगा और खोए हुए कार्ड को रद्द कर दूंगा और आपके नाम पर एक नया कार्ड जारी करूंगा। इसे कल तक आपके पास भेज दिया जाएगा।,1,0
Sivan.M, सिवन.एम,0,0
1256,1256,0,0
"I'm sorry for the loss. I'll be glad to assist you with the new one.
", मुझे नुकसान के लिए खेद है। मुझे नए के साथ आपकी सहायता करने में खुशी होगी।,3,1
HI, नमस्ते,2,0
my account number is 4000 please tell my routing number,मेरा खाता नंबर 4000 है कृपया मेरा रूटिंग नंबर बताएं,3,0
i would like to know about any new offers available to me, मैं अपने लिए उपलब्ध किसी भी नए ऑफ़र के बारे में जानना चाहता/चाहती हूं,2,0
Yes, हाँ,2,0
Oh! Sorry to hear that! Sure! Do you want me to help you blocking the card?, ओह! ऐसा सुनने के लिए क्षमा करें! ज़रूर! क्या आप चाहते हैं कि मैं कार्ड को ब्लॉक करने में आपकी मदद करूँ?,3,0
"Hello, how may I help you with today?"," हैलो, मैं आज आपकी कैसे मदद कर सकता हूं?",3,0
"Thank you James, Could you please let me know the last 4 digits of SSN and the last 4 digits of credit card account number?"," धन्यवाद जेम्स, क्या आप कृपया मुझे एसएसएन के अंतिम 4 अंक और क्रेडिट कार्ड खाता संख्या के अंतिम 4 अंक बता सकते हैं?",3,0
That's great! Could you please confirm the account number? Is it 9632 or 9874?, एक दम बढ़िया! क्या आप कृपया खाता संख्या की पुष्टि कर सकते हैं? क्या यह 9632 या 9874 है?,3,2
My Credit card bill is not correct.., मेरा क्रेडिट कार्ड बिल सही नहीं है..,2,1
Samuel, शमूएल,0,0
"On your request, the total amount of the account ending with 5564 to the account ending with 8798 has been transferred. You will receive a confirmation mail on your registered E-mail ID."," आपके अनुरोध पर, 5564 से समाप्त होने वाले खाते की कुल राशि 8798 से समाप्त होने वाले खाते में स्थानांतरित कर दी गई है। आपको अपने पंजीकृत ई-मेल आईडी पर एक पुष्टिकरण मेल प्राप्त होगा।",1,0
Xiomara Green, शियोमारा ग्रीन,0,0
My name is John Abraham, मेरा नाम जॉन अब्राहम है,2,0
Thank you. May I know the new address so that I can update the same for you., शुक्रिया। क्या मैं नया पता जान सकता हूं ताकि मैं आपके लिए इसे अपडेट कर सकूं।,3,0
5862,5862,0,0
I'll go ahead and issue a new one on your name. It will be sent to you by tomorrow., मैं आगे बढ़ूंगा और आपके नाम पर एक नया जारी करूंगा। इसे कल तक आपके पास भेज दिया जाएगा।,0,0
OK, ठीक है,2,0
My last four digits credit card number is 8465., मेरा अंतिम चार अंकों का क्रेडिट कार्ड नंबर 8465 है।,1,0
"Okay! so, did you file a police report about the lost credit card?"," ठीक! तो, क्या आपने खोए हुए क्रेडिट कार्ड के बारे में पुलिस रिपोर्ट दर्ज की?",2,1
my credit card is lost,मेरा क्रेडिट कार्ड खो गया है,1,1
Oh! Sorry to hear that. Surely I will help you. May I please know your first and last name?, ओह! ऐसा सुनने के लिए क्षमा करें। ज़रूर मैं आपकी मदद करूँगा। क्या मैं आपका पहला और अंतिम नाम जान सकता हूँ?,3,0
I apologize. Could you please mention the complete address so that I can update that for you. I have already updated NO 05 BILLA ROAD  CH-46., मैं क्षमाप्रार्थी हूं। क्या आप कृपया पूरा पता बता सकते हैं ताकि मैं आपके लिए उसे अपडेट कर सकूं। मैंने पहले ही नंबर 05 बिला रोड सीएच -46 को अपडेट कर दिया है।,3,0
"Perfect. I will now go ahead and cancel your old card which is missing and issue a new one for you which will be sent to your address soon.
", उत्तम। अब मैं आगे बढ़ूंगा और आपके पुराने कार्ड को रद्द कर दूंगा जो गायब है और आपके लिए एक नया कार्ड जारी करूंगा जो जल्द ही आपके पते पर भेज दिया जाएगा।,2,2
You’re most welcome. Is there anything else I could help you with?, आपका स्वागत है। क्या कुछ और है जिसमें मैं आपकी मदद कर सकता हूं?,3,2
PAVIKA RAM, पवित्रा राम,0,0
Chandhra Bharathi, चंद्र भारती,2,0
"Hello, how may I help you today?"," हैलो, मैं आज आपकी कैसे मदद कर सकता हूं?",3,0
Hi, नमस्ते,3,0
Hello Charlie, हैलो चार्ली,3,0
yesterday, कल,2,0
SSN - 9517 CARD NO - 8523, एसएसएन - 9517 कार्ड नंबर - 8523,1,0
I'd be glad to help you with that sir. Could you please help me with the name and the last 4 digits of the SSN number?, मुझे उस सर के साथ आपकी मदद करने में खुशी होगी। क्या आप कृपया एसएसएन नंबर के नाम और अंतिम 4 अंकों के साथ मेरी मदद कर सकते हैं?,3,0
"Thank you for your valuable information. As I've checked, I see that the account balance of the account ending with 4856 is $6000."," आपकी बहुमूल्य जानकारी के लिए धन्यवाद। जैसा कि मैंने जाँच की है, मैं देखता हूँ कि 4856 के साथ समाप्त होने वाले खाते का खाता शेष $6000 है।",3,2
I DON'T REMEMBER MY SSN NUMBER RIGHT NOW, मुझे अभी अपना SSN नंबर याद नहीं है,2,0
"Your welcome, would there be anything else I may help you with today?"," आपका स्वागत है, क्या आज मैं आपकी कुछ और मदद कर सकता हूँ?",3,0
Thank you for staying connected. Your credit card has been blocked. The new credit card will be sent to the updated address in the bank., जुड़े रहने के लिए धन्यवाद। आपका क्रेडिट कार्ड ब्लॉक कर दिया गया है। नया क्रेडिट कार्ड बैंक में अपडेट किए गए पते पर भेजा जाएगा।,3,1
ok, ठीक है,2,0
9857,9857,0,0
no.thanks," जी नहीं, धन्यवाद",2,1
"4545 Rook Drive Chicago, IL 47077"," 4545 रूक ड्राइव शिकागो, आईएल 47077",2,0
3293,3293,0,0
I apologize., मैं क्षमाप्रार्थी हूं।,3,0
"My pleasure. Anything else I may help you out with?
", मेरा सौभाग्य। कुछ और मैं आपकी मदद कर सकता हूं?,3,2
I kindly request you to please go ahead and file a report while I go ahead and block your card., मैं आपसे अनुरोध करता हूं कि कृपया आगे बढ़ें और एक रिपोर्ट दर्ज करें जब तक कि मैं आगे बढ़ूं और आपके कार्ड को ब्लॉक कर दूं।,3,1
YES PERFECT ., हां बढ़िया ।,2,2
"Thank you for alerting us. Could you please help me out with your full name, credit card number and last 4 digits of your SSN?","हमें सचेत करने के लिए धन्यवाद। क्या आप कृपया अपना पूरा नाम, क्रेडिट कार्ड नंबर और अपने एसएसएन के अंतिम 4 अंकों के साथ मेरी मदद कर सकते हैं?",3,0
Hey! How may I help you today?, अरे! आज मैं आपकी कैसे मदद कर सकता हूँ?,3,0
25-06-2018,25-06-2018,0,0
"Perfect. I will now go ahead and cancel your old card which was lost and issue a new one for you which will be sent to your address soon.
", उत्तम। अब मैं आगे बढ़ूंगा और आपका पुराना कार्ड रद्द कर दूंगा जो खो गया था और आपके लिए एक नया कार्ड जारी करूंगा जो जल्द ही आपके पते पर भेज दिया जाएगा।,2,2
bye, अलविदा,2,0
8652,8652,0,0
Thank you. Could you also help me out with the amount you would like to transfer?, शुक्रिया। क्या आप उस राशि में भी मेरी मदद कर सकते हैं जिसे आप स्थानांतरित करना चाहते हैं?,3,0
"I'd be delighted to assist you today, okay! I'll surely help you with that, May I know your first and last name please?"," मुझे आज आपकी सहायता करने में खुशी होगी, ठीक है! मैं निश्चित रूप से इसमें आपकी मदद करूंगा, क्या मैं आपका पहला और अंतिम नाम जान सकता हूं?",3,2
Thank you for reaching out to us. Always a pleasure to assist customers like you. Good day!, हमसे संपर्क की पहल के लिए आपका धन्यवाद। आप जैसे ग्राहकों की सहायता करने में हमेशा खुशी होती है। अच्छा दिन!,3,2
3698,3698,0,0
"You're most welcome. Have a great day.Thank you for reaching out to us, please feel free to reach out for further concerns.
"," आपका स्वागत है। आपका दिन शुभ हो। हमसे संपर्क करने के लिए धन्यवाद, कृपया बेझिझक आगे की चिंताओं के लिए संपर्क करें।",3,2
ok sir, ओके जी,2,0
"I DON'T KNOW HOW TO EXPLAIN THE ERROR, I WANT TO CHANGE NEW ONE"," मैं नहीं जानता कि त्रुटि की व्याख्या कैसे करें, मैं एक नया बदलना चाहता हूं",2,1
"I'll assist you with the rates however, please visit www.bank.com that'll direct you to get details regarding the lower rates"," हालांकि, मैं दरों में आपकी सहायता करूंगा, कृपया www.bank.com पर जाएं जो आपको कम दरों के बारे में विवरण प्राप्त करने के लिए निर्देशित करेगा।",3,0
Thank you very much, आपका बहुत बहुत धन्यवाद,3,2
Hi Jamie could you check the account balance of my savings account my SSN is 0001 and my account number is 0991, हाय जेमी क्या आप मेरे बचत खाते के खाते की शेष राशि की जांच कर सकते हैं मेरा एसएसएन 0001 है और मेरा खाता संख्या 0991 है,3,0
Thank you!, आपको धन्यवाद!,3,2
Thank you. Please allow me a moment to check the account balance, शुक्रिया। कृपया मुझे खाते की शेष राशि की जांच करने के लिए कुछ समय दें,3,0
okay Thank you, ठीक है धन्यवाद,3,2
Hey! A very good morning to you. How may I help you today?, अरे! आपके लिए एक बहुत ही शुभ प्रभात। आज मैं आपकी कैसे मदद कर सकता हूँ?,3,2
ok, ठीक है,2,0
Hai..check my account balance now, नमस्ते..मेरे खाते का बैलेंस अभी चेक करें,2,0
"Sure! I'd be glad to assist you on this. Could you please let me know the name, last 4 digits of SSN and credit card number?","ज़रूर! मुझे इसमें आपकी सहायता करने में खुशी होगी। क्या आप कृपया मुझे नाम, एसएसएन के अंतिम 4 अंक और क्रेडिट कार्ड नंबर बता सकते हैं?",3,0
It was nice talking to you Irene. Have a great day ahead., आइरीन आपसे बात करके अच्छा लगा। आगे एक महान दिन हो।,3,2
thank u, धन्यवाद,3,2
oh yes 1495 are last 4 of bank,अरे हाँ 1495 बैंक के अंतिम 4 हैं,2,0
rama krishnan, राम कृष्णन,0,0
"My pleasure. Anything else I may help you out with?
", मेरा सौभाग्य। कुछ और मैं आपकी मदद कर सकता हूं?,3,2
Raju sri, राजू श्री,0,0
account number 34578901, खाता संख्या 34578901,0,0
Hi..my credi was missed so please close, हाय .. मेरा क्रेडिट छूट गया था तो कृपया बंद करें,3,0
Thank you Suresh. Could you also help me with the new address?, धन्यवाद सुरेश। क्या आप नए पते में भी मेरी मदद कर सकते हैं?,3,2
Thank you for staying connected. The new address has been updated and you'll receive all the bank alerts to the updated address., जुड़े रहने के लिए धन्यवाद। नया पता अपडेट कर दिया गया है और आपको अपडेट किए गए पते पर सभी बैंक अलर्ट प्राप्त होंगे।,3,2
Awesome! Could please help me out with your credit card number and the last 4 digits of your SSN?, बहुत बढ़िया! क्या कृपया अपने क्रेडिट कार्ड नंबर और आपके एसएसएन के अंतिम 4 अंकों के साथ मेरी मदद कर सकते हैं?,3,2
"You're welcome. I've initiated your request for closing the account ending with 0039. You’ll be receiving a confirmation message shortly. Let me know if you have any other queries.

", आपका स्वागत है। मैंने 0039 से समाप्त होने वाले खाते को बंद करने के लिए आपका अनुरोध शुरू कर दिया है। आपको शीघ्र ही एक पुष्टिकरण संदेश प्राप्त होगा। यदि आपके कोई अन्य प्रश्न हैं तो मुझे बताएं।,3,0
The balance in account ending 5896 is $350. Would you need anything else?, 5896 को समाप्त होने वाले खाते में शेष राशि $350 है। क्या आपको कुछ और चाहिए होगा?,3,0
The balance in account ending 8939 is $4598., 8939 को समाप्त होने वाले खाते में शेष राशि $4598 है।,0,0
"Hello, how may I help you today?"," हैलो, मैं आज आपकी कैसे मदद कर सकता हूं?",3,0
"A very good morning, How may i assist you today?"," एक बहुत ही सुप्रभात, आज मैं आपकी कैसे सहायता कर सकता हूँ?",3,2
"Pleasure assisting you. Please do contact us, if you face any issues. We will be glad to assist you. Thank you for your time and patience. You have a great day."," आपकी सहायता करने में खुशी। कृपया हमसे संपर्क करें, यदि आप किसी भी समस्या का सामना करते हैं। हमें आपकी सहायता करने में खुशी होगी। आपके समय और धैर्य के लिए आपका धन्यवाद। आपका दिन बहुत बढ़िया हो।",3,2
May I confirm the last four digits of the account to which you would like to transfer the amount?,क्या मैं उस खाते के अंतिम चार अंकों की पुष्टि कर सकता हूं जिसमें आप राशि हस्तांतरित करना चाहते हैं?,3,0
"Thank you for using our live chat service. I'm now closing this chat. If you have any other concerns in the future, please don’t hesitate to let us know. Have a great day!
"," हमारी लाइव चैट सेवा का उपयोग करने के लिए धन्यवाद। मैं अब इस चैट को बंद कर रहा हूं। यदि भविष्य में आपकी कोई अन्य चिंता है, तो कृपया हमें बताने में संकोच न करें। आपका दिन अच्छा रहे!",3,2
"okay, great!  please give me a moment while I process with your request. ",ठीक है बढ़िया! कृपया मुझे एक क्षण दें जब मैं आपके अनुरोध के साथ प्रक्रिया करता हूं।,3,2
"Perfect. Could you please provide me the last four digits of your credit card number.
", उत्तम। क्या आप कृपया मुझे अपने क्रेडिट कार्ड नंबर के अंतिम चार अंक प्रदान कर सकते हैं।,3,0
"I apologize for that. Could you please help me with your full name, the last four digits of your SSN and your credit card number, so that I can check and correct it for you?"," मैं उसके लिए माफी माँगता हूँ। क्या आप कृपया अपना पूरा नाम, अपने एसएसएन के अंतिम चार अंक और अपने क्रेडिट कार्ड नंबर के साथ मेरी मदद कर सकते हैं, ताकि मैं इसे आपके लिए जांच और सही कर सकूं?",3,0
Thank you for the information. I’ve updated the address. You’ll receive a confirmation message in a while. Is there anything else I can help you with?, जानकारी के लिए धन्यवाद। मैंने पता अपडेट कर दिया है। आपको थोड़ी देर में एक पुष्टिकरण संदेश प्राप्त होगा। क्या कुछ और है जिसमें मैं आपकी मदद कर सकता हूं?,3,0
7435,7435,0,0
ITS OK, कोई बात नहीं,2,0
I MADE A PURCHASE OF $400 BUT IT SHOWS ME A $450 ON MY CREDIT CARD BILL, मैंने $400 की खरीदारी की लेकिन यह मुझे मेरे क्रेडिट कार्ड बिल पर $450 दिखाता है,0,1
"Thanks Thanujan, Could you please share your complete credit card number?"," धन्यवाद थानुजन, क्या आप कृपया अपना पूरा क्रेडिट कार्ड नंबर साझा कर सकते हैं?",3,0
That's great! Also could you please help me out with last four digits of the account number from which you would like to transfer the amount?, एक दम बढ़िया! क्या आप कृपया मुझे उस खाता संख्या के अंतिम चार अंकों के साथ मदद कर सकते हैं जिससे आप राशि हस्तांतरित करना चाहते हैं?,3,0
"Thank you for using our live chat service. I'm now closing this chat. If you have any other concerns in the future, please don’t hesitate to let us know. Have a great day!
"," हमारी लाइव चैट सेवा का उपयोग करने के लिए धन्यवाद। मैं अब इस चैट को बंद कर रहा हूं। यदि भविष्य में आपकी कोई अन्य चिंता है, तो कृपया हमें बताने में संकोच न करें। आपका दिन अच्छा रहे!",3,2
"Thank you for using our live chat service. I'm now closing this chat. If you have any other concerns in the future, please don’t hesitate to let us know. Have a great day!
"," हमारी लाइव चैट सेवा का उपयोग करने के लिए धन्यवाद। मैं अब इस चैट को बंद कर रहा हूं। यदि भविष्य में आपकी कोई अन्य चिंता है, तो कृपया हमें बताने में संकोच न करें। आपका दिन अच्छा रहे!",3,2
2 Nos, 2 नंबर,1,0
It is 2217, यह 2217 . है,0,0
May I also know the last four digits of your SSN?, क्या मैं आपके SSN के अंतिम चार अंक भी जान सकता हूँ?,2,0
I hope we are connected?, मुझे आशा है कि हम जुड़े हुए हैं?,2,0
HELLO, नमस्ते,2,0
Could you also share the last four digits of your SSN number please?, क्या आप कृपया अपने SSN नंबर के अंतिम चार अंक भी साझा कर सकते हैं?,3,0
You're welcome!, आपका स्वागत है!,2,2
$1500, $1500,0,0
Would there be anything else I may help you with today?, क्या आज मैं आपकी कुछ और मदद कर सकता हूँ?,2,0
Would there be anything else I may help you with?, क्या कुछ और होगा जिसमें मैं आपकी मदद कर सकूं?,2,0
The amount was successfully transferred!, राशि सफलतापूर्वक स्थानांतरित कर दी गई थी!,2,2
I'd also require the complete 16 digit credit card number.,मुझे पूरे 16 अंकों के क्रेडिट कार्ड नंबर की भी आवश्यकता होगी।,1,0
THANK YOU, धन्यवाद,3,2
3698 1245 7854 3652, 3698 1245 7854 3652,0,0
ya sure, हाँ यकीनन,2,0
"Hello, how may I help you with today? "," हैलो, मैं आज आपकी कैसे मदद कर सकता हूं?",3,0
bye, अलविदा,2,0
2587,2587,0,0
"Sure thing, could you please help me out with your full name, last 4 digits of your SSN and credit card number? "," ज़रूर, क्या आप कृपया अपना पूरा नाम, अपने एसएसएन के अंतिम 4 अंक और क्रेडिट कार्ड नंबर के साथ मेरी मदद कर सकते हैं?",3,0
Sure! That won't be a problem. May I know your full name?, ज़रूर! यह कोई समस्या नहीं होगी। क्या मैं आपका पूरा नाम जान सकता हूँ?,2,0
oh great thank you, ओह बढ़िया धन्यवाद,3,2
Always a pleasure. Have a great day., हमेशा एक खुशी की बात है। आपका दिन अच्छा रहे।,3,2
my name is srinath and my ssn 5858, मेरा नाम श्रीनाथ है और मेरा एसएसएन 5858,2,0
Hi Drew, हाय ड्रू,3,0
VIJAYA, विजया,0,0
I LOST MY CREDIT CARD, मैंने अपना क्रेडिट कार्ड खो दिया,0,1
213,213,0,0
THANK YOU, धन्यवाद,3,2
thank you very much Riley.  Have a Wonderful day, बहुत बहुत धन्यवाद रिले। शानदार दिन हो,3,2
Could you also let me know the credit card number?,क्या आप मुझे क्रेडिट कार्ड नंबर भी बता सकते हैं?,3,0
I'd be glad to assist you., मुझे आपकी सहायता करने में खुशी होगी।,3,0
thanks!, धन्यवाद!,3,2
Oh No! wait a second I want to transfer 1000000 not 500000, अरे नहीं! एक सेकंड रुकिए मैं 1000000 ट्रांसफर करना चाहता हूँ 500000 नहीं,2,1
204,204,0,0
"Thank you very much sir, Delighted to assist a customer like you."," बहुत-बहुत धन्यवाद सर, आप जैसे ग्राहक की सहायता करके खुशी हुई।",3,2
yes, हां,2,0
"NO-15/52 JOTHI ,KL-12"," नं-15/52 जोथी, केएल-12",2,0
"Sure! That won't be a problem. Certainly, I'll help you. May I know your full name?"," ज़रूर! यह कोई समस्या नहीं होगी। ज़रूर, मैं आपकी मदद करूँगा। क्या मैं आपका पूरा नाम जान सकता हूँ?",3,0
yes good, हाँ अच्छा,2,2
"I'll go ahead and cancel the lost card and issue a new one on your name.
It will be sent to you by tomorrow.
", मैं आगे बढ़ूंगा और खोए हुए कार्ड को रद्द कर दूंगा और आपके नाम पर एक नया कार्ड जारी करूंगा। इसे कल तक आपके पास भेज दिया जाएगा।,1,0
Thanks. To pull up the information I will require your last 4 digits of the SSN., धन्यवाद। जानकारी प्राप्त करने के लिए मुझे आपके एसएसएन के अंतिम 4 अंकों की आवश्यकता होगी।,3,0
OK REALLY THANK U, ठीक है वास्तव में धन्यवाद,3,2
May I know your first and last name please?, क्या मैं आपका पहला और अंतिम नाम जान सकता हूँ?,3,0
Thank you for your valuable information. As I've checked I see that the account balance of the account ending with 8965 is $6000.," आपकी बहुमूल्य जानकारी के लिए धन्यवाद। जैसा कि मैंने जाँच की है, मैंने देखा है कि 8965 के साथ समाप्त होने वाले खाते का खाता शेष $6000 है।",3,0
"23/345, rajaji street"," 23/345, राजाजी स्ट्रीट",0,0
Yes, हाँ,2,0
You can visit www.bank.com, आप www.bank.com पर जा सकते हैं,0,0
Thank you. Could you please let me know the date of the charge and amount of the charge?, शुक्रिया। क्या आप कृपया मुझे शुल्क की तिथि और शुल्क की राशि के बारे में बता सकते हैं?,3,0
could you please share the 16 digits of your credit card number?, क्या आप कृपया अपने क्रेडिट कार्ड नंबर के 16 अंक साझा कर सकते हैं?,3,0
5.4543E+15,5.4543E+15,0,0
"Yes, definitely you can."," हाँ, निश्चित रूप से आप कर सकते हैं।",2,0
Okay great! Please allow me a moment while I do the needful., ठीक है बढ़िया! कृपया मुझे एक क्षण की अनुमति दें जबकि मैं आवश्यक कार्य करता हूं।,3,2
WHAT ARE THE OTHER DETAILS YOU NEED.. LET ME KNOW PLEASE.., आपको और क्या चाहिए.. कृपया मुझे बताएं..,2,0
I'd also require the complete 16 digit credit card number.,मुझे पूरे 16 अंकों के क्रेडिट कार्ड नंबर की भी आवश्यकता होगी।,1,0
I wanted to order a new card as old one is expired, मैं एक नया कार्ड ऑर्डर करना चाहता था क्योंकि पुराने कार्ड की समय सीमा समाप्त हो गई है,2,0
6840,6840,0,0
That's great!Please could you provide me with the date on which the card was last used?, यह बहुत अच्छा है!कृपया क्या आप मुझे वह तारीख बता सकते हैं जिस दिन कार्ड का अंतिम बार उपयोग किया गया था?,3,0
i want to update my address in my records, मैं अपने रिकॉर्ड में अपना पता अपडेट करना चाहता हूं,2,0
no, नहीं,1,1
You're welcome! Is there anything else I may assist you with?, आपका स्वागत है! क्या कुछ और है जिसमें मैं आपकी सहायता कर सकता हूं?,2,2
It was wonderful talking to you. Have a great day,आपसे बात करके बहुत अच्छा लगा। आपका दिन अच्छा रहे,3,2
"Is there anything else I could help you with?
", क्या कुछ और है जिसमें मैं आपकी मदद कर सकता हूं?,2,0
"Hello, How may I assist you today? "," नमस्कार, मैं आज आपकी कैसे सहायता कर सकता हूँ?",3,0
"Okay, That's fine! Please allow me a moment while I process with your request!","ठीक है, यह सही है! कृपया मुझे आपके अनुरोध के साथ संसाधित करने के लिए एक क्षण की अनुमति दें!",2,0
no, नहीं,1,1
8.83327E+15,8.83327E+15,0,0
Thank you Rory!, धन्यवाद रोरी!,3,2
The last four digits of account number is 5471, खाता संख्या के अंतिम चार अंक 5471 . है,1,0
Audie Deweyand 7879, ऑडी डेवीऔर 7879,2,0
I lost my credit card, मैंने अपना क्रेडिट कार्ड खो दिया है,1,1
Hello, नमस्ते,2,0
Thank you for holding on. Your account ending with 8856 holds a balance of $5., रुके रहने के लिए धन्यवाद। 8856 के साथ समाप्त होने वाले आपके खाते में 5 डॉलर की शेष राशि है।,3,0
Thank you for the information. I see that you have $5000 in your account. Let me know if you have any other queries.,जानकारी के लिए धन्यवाद। मैं देख रहा हूँ कि आपके खाते में $5000 हैं। यदि आपके कोई अन्य प्रश्न हैं तो मुझे बताएं।,3,0
"I would be glad to help you out in this regards. May I know your name please?
", मुझे इस संबंध में आपकी मदद करने में खुशी होगी। क्या मैं आपका नाम जान सकता हूँ?,3,0
"Hello, how may I help you with today?"," हैलो, मैं आज आपकी कैसे मदद कर सकता हूं?",3,0
"Perfect. I will now go ahead and cancel your old card which was stolen and issue a new one for you which will be sent to your address soon.
", उत्तम। अब मैं आगे बढ़ूंगा और आपका पुराना कार्ड रद्द कर दूंगा जो चोरी हो गया था और आपके लिए एक नया कार्ड जारी करता हूं जो जल्द ही आपके पते पर भेज दिया जाएगा।,2,2
Thank you for reaching out to us. It's a pleasure assisting you., हमसे संपर्क की पहल के लिए आपका धन्यवाद। आपकी सहायता करना खुशी की बात है।,3,2
Sure! Could you please let me know the account number to which you would like to transfer?, ज़रूर! क्या आप कृपया मुझे वह खाता संख्या बता सकते हैं जिसमें आप स्थानांतरण करना चाहते हैं?,3,0
Not a problem. I will go ahead and re edit it for you., एक समस्या नहीं है। मैं आगे बढ़ूंगा और इसे आपके लिए फिर से संपादित करूंगा।,1,0
May I please know your first and last name?, क्या मैं आपका पहला और अंतिम नाम जान सकता हूँ?,3,0
"I don’t mean to rush you. However, I just want to check if we’re still connected?"," मेरा मतलब आपको जल्दी करना नहीं है। हालांकि, मैं सिर्फ यह जांचना चाहता हूं कि क्या हम अभी भी जुड़े हुए हैं?",3,0
yes, हां,2,0
That's great sir. Please allow me a minute to block your card., बहुत बढ़िया सर। कृपया मुझे अपना कार्ड ब्लॉक करने के लिए एक मिनट का समय दें।,3,2
Perfect! Could you please share the last four digits of your SSN?, उत्तम! क्या आप कृपया अपने SSN के अंतिम चार अंक साझा कर सकते हैं?,3,0
NO-36 DILLI ROAD CH-58, नं-36 दिल्ली रोड सीएच-58,1,0
PLEASE CLOSE THE ACCOUNT 9632, कृपया खाता बंद करें 9632,3,0
I HAVE LOST MY CREDIT CARD, मैंने अपना क्रेडिट कार्ड खो दिया है,1,1
Could you also let me know when was the last time you've used the credit card?, क्या आप मुझे यह भी बता सकते हैं कि आपने पिछली बार क्रेडिट कार्ड का उपयोग कब किया था?,3,0
"Thank you Dele, Could you let me know the last 4 digits of SSN and the last 4 digits of account number please?"," धन्यवाद डेले, क्या आप कृपया मुझे एसएसएन के अंतिम 4 अंक और खाता संख्या के अंतिम 4 अंक बता सकते हैं?",3,0
"Hello, Please change the my new address for credit card"," नमस्कार, कृपया क्रेडिट कार्ड के लिए मेरा नया पता बदलें",3,0
I hope we are still connected., मुझे आशा है कि हम अभी भी जुड़े हुए हैं।,2,2
HMM OK, हम्म ठीक है,2,2
Goodbye, अलविदा,2,0
I would like to inform you that unfortunately the chat will automatically get disconnected if there is no response.,मैं आपको सूचित करना चाहता हूं कि दुर्भाग्य से कोई प्रतिक्रिया नहीं होने पर चैट अपने आप डिस्कनेक्ट हो जाएगी।,2,1
The amount is $260, राशि $260 . है,0,0
Could you also let me know when was the last time you've used the credit card?, क्या आप मुझे यह भी बता सकते हैं कि आपने पिछली बार क्रेडिट कार्ड का उपयोग कब किया था?,3,0
"Oh,that's bad! I understand you're upset, and I will do my best to help you. Please may I know your name?"," ओह यह बुरी बात है! मैं समझता हूँ कि आप परेशान हैं, और मैं आपकी मदद करने की पूरी कोशिश करूँगा। कृपया क्या मैं आपका नाम जान सकता हूँ?",3,1
"For sure, Could you let me know the last 4 digits of SSN and the last 4 digits of account number please?"," निश्चित रूप से, क्या आप कृपया मुझे एसएसएन के अंतिम 4 अंक और खाता संख्या के अंतिम 4 अंक बता सकते हैं?",3,0
It's 4565, यह 4565 . है,0,0
"Thanks, Sam. Please could you help me with the credit card number and also your SSN?"," धन्यवाद, सैम। कृपया क्या आप क्रेडिट कार्ड नंबर और अपने एसएसएन के साथ मेरी मदद कर सकते हैं?",3,0
NO THANK BYEE, नो थैंक्स बाय,3,1
sure..thank you," पक्का, आपका धन्यवाद",3,0
"yes of course, 2801"," हाँ बिल्कुल, 2801",2,0
yes, हां,2,0
HI, नमस्ते,2,0
my name is raja, मेरा नाम राज है,1,0
thanga durai, थंगा दुरई,0,0
Hello! good morning! How may I assist you today?, नमस्ते! शुभ प्रभात! आज मैं आपकी मदद किस तरह कर सकता हूँ?,3,0
hi, नमस्ते,2,0
How much amount would you like to transfer?, आप कितनी राशि ट्रांसफर करना चाहेंगे?,3,0
thank you so much for your help, आपकी मदद के लिए बहुत - बहुत धन्यवाद,3,2
hello! good morning! I'd be glad to assist you today!, नमस्ते! शुभ प्रभात! मुझे आज आपकी सहायता करने में खुशी होगी!,3,2
"My pleasure. Anything else I may help you out with?
", मेरा सौभाग्य। कुछ और मैं आपकी मदद कर सकता हूं?,3,2
OK, ठीक है,2,0
4.51E+16,4.51E+16,0,0
"Awesome! Also, may I please know the last four digits of your account number??"," बहुत बढ़िया! साथ ही, क्या मैं कृपया आपके खाता संख्या के अंतिम चार अंक जान सकता हूँ ??",3,2
"Thank you Hassan, Could you let me know the last 4 digits of SSN and the last 4 digits of account number please?"," धन्यवाद हसन, क्या आप कृपया मुझे एसएसएन के अंतिम 4 अंक और खाता संख्या के अंतिम 4 अंक बता सकते हैं?",3,0
Would you please share the 16 digits credit card number?, क्या आप कृपया 16 अंकों का क्रेडिट कार्ड नंबर साझा करेंगे?,3,0
i want to update my new address on credit card records, मैं क्रेडिट कार्ड रिकॉर्ड पर अपना नया पता अपडेट करना चाहता हूं,2,0
Sure! I'll help you transfer the money. For transferring the money I'll need the name and last 4 digits of SSN., ज़रूर! मैं आपको पैसे ट्रांसफर करने में मदद करूंगा। पैसे ट्रांसफर करने के लिए मुझे SSN के नाम और अंतिम 4 अंकों की आवश्यकता होगी।,3,0
please transfer money from my account to another account,कृपया मेरे खाते से दूसरे खाते में पैसे ट्रांसफर करें,3,0
OK Sure, यकीनन ठीक,2,0
Always a pleasure to assist you. Great day!, आपकी सहायता करने में हमेशा खुशी होती है। भव्य दिवस!,3,2
siva, शिव,0,0
ok thanks, ठीक है धन्यवाद,3,0
thanks, धन्यवाद,2,2
The present available account balance is $5600, वर्तमान उपलब्ध खाता शेष राशि $5600 . है,0,0
Thank you very much, आपका बहुत बहुत धन्यवाद,3,2
hello, नमस्ते,3,0
"okay! good news, I've transferred the amount and you'll receive a notification in your banking application. Would there be anything else I may help you with?"," ठीक है! अच्छी खबर है, मैंने राशि स्थानांतरित कर दी है और आपको अपने बैंकिंग आवेदन में एक सूचना प्राप्त होगी। क्या कुछ और होगा जिसमें मैं आपकी मदद कर सकूं?",3,2
ok, ठीक है,2,0
I'd be glad to help with this one as well. The checks will be delivered within 2 days., मुझे इसमें भी मदद करने में खुशी होगी। चेक 2 दिनों के भीतर वितरित किए जाएंगे।,2,2
no, नहीं,1,1
my name eric, मेरा नाम एरिक,1,0
"And lastly, could you please share your new address? "," और अंत में, क्या आप कृपया अपना नया पता साझा कर सकते हैं?",3,0
"Perfect! would you please help me with the last four digits of your SSN?
", उत्तम! क्या आप कृपया अपने एसएसएन के अंतिम चार अंकों के साथ मेरी मदद करेंगे?,3,0
something went wrong in my credit card, मेरे क्रेडिट कार्ड में कुछ गलत हो गया,2,1
and need a new card, और एक नया कार्ड चाहिए,1,0
"Awesome, Would you please the 16 digits of your credit card number?"," बहुत बढ़िया, क्या आप कृपया अपने क्रेडिट कार्ड नंबर के 16 अंक देंगे?",3,0
Thanks. To get your bank details I would need your last 4 digits of SSN., धन्यवाद। आपका बैंक विवरण प्राप्त करने के लिए मुझे आपके एसएसएन के अंतिम 4 अंकों की आवश्यकता होगी।,3,0
my account number is 2367 please check my orders, मेरा खाता संख्या 2367 है कृपया मेरे आदेश देखें,2,0
606,606,0,0
I've just check with the card orders. You've have been wrongly charged a processing fee. It will be duely credited to you in two days. Sorry for this., मैंने अभी कार्ड ऑर्डर के साथ जांच की है। आपसे गलत तरीके से प्रोसेसिंग शुल्क लिया गया है। यह दो दिनों में आपको यथोचित रूप से क्रेडिट कर दिया जाएगा। इसके लिए क्षमा करें।,3,1
Transfer account number:6732..Amount:$2500,ट्रांसफर अकाउंट नंबर:6732..राशि:$2500,0,0
thank you for your information, आपकी जानकारी के लिए धन्यवाद,3,2
You can reach out to us at any time., आप किसी भी समय हमसे संपर्क कर सकते हैं।,0,0
Are we still connected?, हम अभी भी जुड़े हैं?,1,0
hai, हाय,2,0
46 clark lane, 46 क्लार्क लेन,0,0
"no, make that $1000"," नहीं, उस $1000 . बनाओ",1,0
Thank you Art. May I also know your last 4 digit SSN and account number?, धन्यवाद कला। क्या मैं आपका अंतिम 4 अंकों का SSN और खाता संख्या भी जान सकता हूँ?,3,0
That's amazing! Please allow me a moment while I go ahead and block your card., वह आश्चर्यजनक है! कृपया मुझे कुछ समय दें जब तक मैं आगे बढ़ूं और आपका कार्ड ब्लॉक कर दूं।,3,1
ok, ठीक है,2,0
Thank you and you too., आपको धन्यवाद और आपको भी।,3,2
"Okay! Fabulous, I'll block your card right away. Please allow me a moment.
"," ठीक! बहुत बढ़िया, मैं आपका कार्ड तुरंत ब्लॉक कर दूँगा। कृपया मुझे एक क्षण की अनुमति दें।",2,1
thank you so much, आपका बहुत-बहुत धन्यवाद,3,2
Dhanda Bani, ढांडा बनिक,0,0
"I'm sorry ma'am. I did not get your previous response, please share when was the card last used? The date please."," आई एम सॉरी मैडम। मुझे आपकी पिछली प्रतिक्रिया नहीं मिली, कृपया साझा करें कि कार्ड का अंतिम बार कब उपयोग किया गया था? कृपया तारीख।",3,1
Hello, नमस्ते,3,0
"Hello, how may I help you today?"," हैलो, मैं आज आपकी कैसे मदद कर सकता हूं?",3,0
"Hello there, how may I help you today?"," नमस्ते, मैं आज आपकी कैसे मदद कर सकता हूं?",3,0
"My pleasure. Anything else I may help you out with?
", मेरा सौभाग्य। कुछ और मैं आपकी मदद कर सकता हूं?,3,2
I want to change the address associated with my credit card., मैं अपने क्रेडिट कार्ड से जुड़े पते को बदलना चाहता हूं।,2,0
"Sure. Could you please help me with your full name and the last four digits of your account number and SSN?
",ज़रूर। क्या आप कृपया अपना पूरा नाम और अपने खाता संख्या और एसएसएन के अंतिम चार अंकों के साथ मेरी मदद कर सकते हैं?,3,0
hi, नमस्ते,2,0
8765-7384, 8765-7384,0,0
Would you please share the last four digits of the account number to which you wish to transfer the money?, क्या आप कृपया उस खाता संख्या के अंतिम चार अंक साझा करेंगे जिसमें आप धन हस्तांतरित करना चाहते हैं?,3,0
Thank you for the information. I see that you have $5000 in your account. Let me know if you have any other queries.,जानकारी के लिए धन्यवाद। मैं देख रहा हूँ कि आपके खाते में $5000 हैं। यदि आपके कोई अन्य प्रश्न हैं तो मुझे बताएं।,3,0
hello, नमस्ते,2,0
SAM ANDERSON, सैम एंडरसन,0,0
Perfect! would you please share the last four digits of your SSN?, उत्तम! क्या आप कृपया अपने SSN के अंतिम चार अंक साझा करेंगे?,3,0
"Hello there, How may I help you today?
"," नमस्ते, मैं आज आपकी कैसे मदद कर सकता हूँ?",3,0
16-Jun-18,16-Jun-18,0,0
Nothing thank you, कुछ नहीं धन्यवाद,3,1
"Sir, Please send your bank address."," महोदय, कृपया अपना बैंक पता भेजें।",2,0
I'm glad that I could resolve this for you. It was really my pleasure assisting you. Have an amazing day ahead., मुझे खुशी है कि मैं इसे आपके लिए हल कर सका। आपकी सहायता करना वास्तव में मेरी खुशी थी। आगे एक अद्भुत दिन हो।,3,2
Thank you, आपको धन्यवाद,2,2
It was charged of $35 on 06/18/2018., यह 06/18/2018 को $35 का शुल्क लिया गया था।,0,0
"Thank you for using our live chat service, and we hope to hear from you again! Goodbye!
"," हमारी लाइव चैट सेवा का उपयोग करने के लिए धन्यवाद, और हम आपसे फिर से सुनने की आशा करते हैं! अलविदा!",3,2
"Awesome! Also, may I please know the last four digits of your account number?","बहुत बढ़िया! साथ ही, क्या मैं आपकी खाता संख्या के अंतिम चार अंक जान सकता हूं?",3,2
hi, नमस्ते,2,0
4563 5789, 4563 5789,0,0
How are you today?,आज आप कैसे हैं?,2,0
5555,5555,0,0
1.25624E+15,1.25624E+15,0,0
Perfect! would you please share the last four digits of your SSN?, उत्तम! क्या आप कृपया अपने SSN के अंतिम चार अंक साझा करेंगे?,3,0
"Hey! your address has been updated and you'll receive a message shortly about the same. kindly, acknowledge it."," अरे! आपका पता अपडेट कर दिया गया है और आपको इसके बारे में शीघ्र ही एक संदेश प्राप्त होगा। कृपया, इसे स्वीकार करें।",3,0
Always a pleasure assisting a valuable customer like you. Have a great day ahead. Looking forward to seeing you soon., आप जैसे मूल्यवान ग्राहक की सहायता करने में हमेशा खुशी होती है। आगे एक महान दिन हो। जल्द ही आपको देखने की इच्छा है।,3,2
I LOST MY CREDIT CARD, मैंने अपना क्रेडिट कार्ड खो दिया,0,1
NO .. Thanks for ur support, नहीं.. आपके समर्थन के लिए धन्यवाद,3,2
"Thank you for using our live chat service, and we hope to hear from you again! Goodbye!
"," हमारी लाइव चैट सेवा का उपयोग करने के लिए धन्यवाद, और हम आपसे फिर से सुनने की आशा करते हैं! अलविदा!",3,2
missing my credit card sir, मेरा क्रेडिट कार्ड गुम है सर,1,1
"Hope to see you again, Have a great day ahead, Thanks for reaching to us."," आशा है कि आप फिर से मिलेंगे, आपका दिन शुभ हो, हम तक पहुँचने के लिए धन्यवाद।",3,2
"Need your help to resolve the issues for my credit card lost
", मेरे क्रेडिट कार्ड के गुम होने की समस्या का समाधान करने के लिए आपकी सहायता की आवश्यकता है,2,0
Someone from our bank will get back to you on this shortly., इस बारे में हमारे बैंक का कोई व्यक्ति आपसे शीघ्र ही संपर्क करेगा।,2,0
I NEED CREDIT CARD CHARGE WAS REMOVE FROM MY A/C, मुझे मेरे खाते से क्रेडिट कार्ड शुल्क हटाने की आवश्यकता है,2,0
the last four digits of SSN is 4843, SSN के अंतिम चार अंक 4843 . है,1,0
thanku, धन्यवाद,2,2
Could you please let me know the name and last 4 digits of account number?, क्या आप कृपया मुझे खाता संख्या का नाम और अंतिम 4 अंक बता सकते हैं?,3,0
KUMAR AND 56731289431, कुमार और 56731289431,0,0
This is George, यह जॉर्ज है,2,0
Thank you. When did you use your card last time?, शुक्रिया। आपने पिछली बार अपने कार्ड का उपयोग कब किया था?,3,0
3828,3828,0,0
Great! would you please share the 16 digits of your credit card number?, महान! क्या आप कृपया अपने क्रेडिट कार्ड नंबर के 16 अंक साझा करेंगे?,3,0
You're welcome!, आपका स्वागत है!,2,2
sure, ज़रूर,2,0
ok, ठीक है,2,0
Sure.Please could you also share the account number to which you would like to transfer?, ज़रूर।कृपया क्या आप वह खाता संख्या भी साझा कर सकते हैं जिसमें आप स्थानांतरित करना चाहते हैं?,3,0
"no thanks, have a nice day ma, and we good job"," नहीं धन्यवाद, आपका दिन मंगलमय हो, और हमारा काम अच्छा है",3,1
Need to check my saving account balance, मेरे बचत खाते की शेष राशि की जांच करने की आवश्यकता है,1,0
Superb. Thanks a lot., शानदार। बहुत-बहुत धन्यवाद।,3,2
It was really nice talking to you and a pleasure assisting you. Have a great day ahead., आपसे बात करके बहुत अच्छा लगा और आपकी सहायता करने में खुशी हुई। आगे एक महान दिन हो।,3,2
MY SIDE OVER, मेरी तरफ,1,0
Hello! Good morning!, नमस्ते! सुबह बख़ैर!,3,0
RICHARD COB,रिचर्ड कोब,0,0
"For sure, may I know your name please?","निश्चित रूप से, क्या मैं आपका नाम जान सकता हूँ?",3,0
No.. Thanks for your Instructions, नहीं.. आपके निर्देशों के लिए धन्यवाद,3,0
HI, नमस्ते,2,0
Spencer you didnt my address till now, स्पेंसर आपने अब तक मेरा पता नहीं बताया,1,0
OK, ठीक है,2,0
4561,4561,0,0
985,985,0,0
NO, ना,1,1
Ok. Thank you very much., ठीक। आपका बहुत बहुत धन्यवाद।,3,2
4582 and 6525, 4582 और 6525,0,0
5068,5068,0,0
i am Jhon Doe, मैं जॉन डो . हूँ,1,0
"Perfect. Could you please provide me your complete credit card number.
", उत्तम। क्या आप कृपया मुझे अपना पूरा क्रेडिट कार्ड नंबर प्रदान कर सकते हैं।,3,2
Could you please tell me when was the last time the card was used?, क्या आप कृपया मुझे बता सकते हैं कि कार्ड का इस्तेमाल आखिरी बार कब किया गया था?,3,0
"Hello, how may I help you with today? "," हैलो, मैं आज आपकी कैसे मदद कर सकता हूं?",3,0
"As there are no queries related to the services we provide, this chat is being closed. Thanks for reaching out to us, have a wonderful day ahead"," चूंकि हमारे द्वारा प्रदान की जाने वाली सेवाओं से संबंधित कोई प्रश्न नहीं हैं, इसलिए यह चैट बंद की जा रही है। हमसे संपर्क करने के लिए धन्यवाद, आपका दिन शानदार रहे",3,0
Okay! Thank you. Please allow me a moment while I update the address in the portal.," ठीक! शुक्रिया। जब तक मैं पोर्टल में पता अपडेट करता हूं, कृपया मुझे कुछ समय दें।",3,0
"Yes, sir. We're connected. I'll be needing your name to help you further.", जी श्रीमान। हम जुड़े हुए हैं। आपकी और मदद करने के लिए मुझे आपके नाम की आवश्यकता होगी।,3,0
AND I NEED TO MAKE A NEW ONE, और मुझे एक नया बनाने की जरूरत है,1,0
All right. Please tell me the date and the time of the error., ठीक है। कृपया मुझे त्रुटि की तिथि और समय बताएं।,2,1
OK SURE, यकीनन ठीक,2,2
"I'll go ahead and cancel the lost card and issue a new one on your name.
It will be sent to you by tomorrow.
", मैं आगे बढ़ूंगा और खोए हुए कार्ड को रद्द कर दूंगा और आपके नाम पर एक नया कार्ड जारी करूंगा। इसे कल तक आपके पास भेज दिया जाएगा।,1,0
HII, HII,2,0
Thank you. Bear with me for a moment while our system finishes processing your information., शुक्रिया। एक पल के लिए मेरे साथ रहें जब तक हमारा सिस्टम आपकी जानकारी को संसाधित करना समाप्त कर दे।,3,0
235,235,0,0
All right. Could you please tell me when did the error occur?, ठीक है। क्या आप कृपया मुझे बता सकते हैं कि त्रुटि कब हुई?,3,1
Perfect! Please give me amoment., उत्तम! कृपया मुझे एक क्षण दें।,2,2
thank you... Bank routing number ?, धन्यवाद... बैंक रूटिंग नंबर?,3,0
HI, नमस्ते,2,0
"Hey there, how may I help you today?"," अरे वहाँ, मैं आज आपकी कैसे मदद कर सकता हूँ?",3,0
NO THANKS," जी नहीं, धन्यवाद",3,1
13th june, 13 जून,0,0
YES, हां,2,2
May I also know the last four digits of your SSN?, क्या मैं आपके SSN के अंतिम चार अंक भी जान सकता हूँ?,2,0
7.65665E+15,7.65665E+15,0,0
2154 PETER COLONY FL 641244, 2154 पीटर कॉलोनी FL 641244,0,0
"1/98, sam street, UK"," 1/98, सैम स्ट्रीट, यूके",0,0
"Good evening, how may I help you today?"," शुभ संध्या, मैं आज आपकी कैसे मदद कर सकता हूं?",3,0
Great! Could you also please help me out with last 4 digits of your account number and SSN?, महान! क्या आप कृपया अपनी खाता संख्या और एसएसएन के अंतिम 4 अंकों के बारे में भी मेरी मदद कर सकते हैं?,3,2
I NEED TO REPORT ON CREDIT CARD BILL.., मुझे क्रेडिट कार्ड बिल पर रिपोर्ट करने की आवश्यकता है ..,1,1
"and for the extra charge, I've requested for the refund of $65 for your account. "," और अतिरिक्त शुल्क के लिए, मैंने आपके खाते के लिए $65 की वापसी का अनुरोध किया है।",0,1
"siraj,ssn num-2988"," सिराज, एसएसएन नंबर-2988",0,0
Nothing Bye, कुछ नहीं अलविदा,2,0
Oh! ok ok., ओह! ठीक है।,2,0
SERIN IS MY LAST NAME,सेरिन मेरा अंतिम नाम है,0,0
Hello there!, नमस्ते!,3,0
Same to you, आपको भी,0,0
25-05-2018,25-05-2018,0,0
HI, नमस्ते,2,0
8083,8083,0,0
"Okay! Awesome, I've ordered a new card for you which you'll probably receive within 2 business days via post However, In case you don't receive. Kindly, contact us immediately."," ठीक! बहुत बढ़िया, मैंने आपके लिए एक नया कार्ड मंगवाया है जो आपको संभवतः 2 कार्यदिवसों के भीतर डाक के माध्यम से प्राप्त हो जाएगा, हालांकि, यदि आप प्राप्त नहीं करते हैं। कृपया, हमसे तुरंत संपर्क करें।",3,2
"No, that is all.  Thank you!"," नहीं, बस इतना ही। आपको धन्यवाद!",3,0
"Sure! I'd be glad to assist you on this. Could you please let me know your name, last 4 digits of SSN and credit card number?","ज़रूर! मुझे इसमें आपकी सहायता करने में खुशी होगी। क्या आप कृपया मुझे अपना नाम, एसएसएन के अंतिम 4 अंक और क्रेडिट कार्ड नंबर बता सकते हैं?",3,0
6548,6548,0,0
Have a great day ahead. Looking forward to seeing you soon., आगे एक महान दिन हो। जल्द ही आपको देखने की इच्छा है।,2,2
"Hello, how may I help you with today? "," हैलो, मैं आज आपकी कैसे मदद कर सकता हूं?",3,0
"Hello there, how may I help you today?"," नमस्ते, मैं आज आपकी कैसे मदद कर सकता हूं?",3,0
"Awesome, We value all of our customers, You account is eligible for availing the interest rates."," बहुत बढ़िया, हम अपने सभी ग्राहकों को महत्व देते हैं, आपका खाता ब्याज दरों का लाभ उठाने के लिए योग्य है।",3,2
THANK YOU, धन्यवाद,3,2
Always a pleasure. Have a great day., हमेशा एक खुशी की बात है। आपका दिन अच्छा रहे।,3,2
"Don't worry I would be glad to help you out in this regards. May I know your name please?
", चिंता न करें मुझे इस संबंध में आपकी मदद करने में खुशी होगी। क्या मैं आपका नाम जान सकता हूँ?,3,0
Would there be anything else I may help you with?, क्या कुछ और होगा जिसमें मैं आपकी मदद कर सकूं?,2,0
I'm sorry about that. I'll do my best to help you. Please may I know your name?, मैं इस बारे में माफी चाहता हूँ। मैं आपकी मदद करने की पूरी कोशिश करूंगा। कृपया क्या मैं आपका नाम जान सकता हूँ?,3,0
Could you also help me with the last four digits of the account number from which you want to transfer the amount?, क्या आप उस खाता संख्या के अंतिम चार अंकों में भी मेरी मदद कर सकते हैं जिससे आप राशि हस्तांतरित करना चाहते हैं?,3,0
Andy, एंडी,0,0
Thank you. Please could you provide me with the date on which the card was last used?,शुक्रिया। क्या आप मुझे वह तारीख बता सकते हैं जिस दिन कार्ड का अंतिम बार उपयोग किया गया था?,3,0
It was wonderful talking to you. Have a great day,आपसे बात करके बहुत अच्छा लगा। आपका दिन अच्छा रहे,3,2
Mathew Joel, मैथ्यू जोएल,0,0
3416,3416,0,0
"Hey John, May I know your last 4 digits of SSN and account number please?"," हे जॉन, क्या मैं आपके एसएसएन के अंतिम 4 अंक और खाता संख्या जान सकता हूं?",3,0
You’re welcome. I had a great time assisting you. Please do feel free to reach out to us for further queries. Have a good day. Bye now., आपका स्वागत है। मुझे आपकी सहायता करने में बहुत अच्छा लगा। कृपया आगे के प्रश्नों के लिए हमसे बेझिझक संपर्क करें। आपका दिन शुभ हो। अलविदा।,3,2
Hello I would like to make a transfer from my checking to my savings account," हैलो, मैं अपनी चेकिंग से अपने बचत खाते में स्थानांतरण करना चाहता हूं",3,0
OK THANK YOU SO MUCH,ठीक है आपका बहुत धन्यवाद,3,2
1.20145E+15,1.20145E+15,0,0
maria muzos, मारिया मुज़ोस,0,0
"Hello, how may I help you today?"," हैलो, मैं आज आपकी कैसे मदद कर सकता हूं?",3,0
"You're most welcome, ma'am. I'm glad I could help. Great day!", आपका बहुत-बहुत स्वागत है मैडम। मैं खुश हूं कि मैं मदद कर सका। भव्य दिवस!,3,2
Let me know company's new routing number,मुझे कंपनी का नया रूटिंग नंबर बताएं,2,0
Krishna Raj, कृष्णा राज,0,0
$3000 need to tranfer, $3000 को स्थानांतरित करने की आवश्यकता है,1,0
Hello.., नमस्ते..,3,0
Hello sir! I've checked with your account and would like to inform you that you've a balance of $750., नमस्ते महोदय! मैंने आपके खाते की जांच की है और आपको सूचित करना चाहता हूं कि आपके पास $750 की शेष राशि है।,3,0
Perfect! would you please share the last four digits of your SSN?, उत्तम! क्या आप कृपया अपने SSN के अंतिम चार अंक साझा करेंगे?,3,0
You can change it from the same website., आप इसे उसी वेबसाइट से बदल सकते हैं।,0,0
I need gold loan for your bank sir., मुझे आपके बैंक के लिए गोल्ड लोन चाहिए सर।,3,0
i need transfer moeny from my account, मुझे अपने खाते से पैसे ट्रांसफर करने की जरूरत है,2,0
account nuber is ad78945663, खाता संख्या ad78945663 . है,0,0
The last 4 digits of SSN is 5567, SSN के अंतिम 4 अंक 5567 . होते हैं,0,0
15th june, 15 जून,0,0
Great! Please allow me a moment while I do the needful., महान! कृपया मुझे एक क्षण की अनुमति दें जबकि मैं आवश्यक कार्य करता हूं।,3,2
Please contact homeland department and you'll get to know the correct information., कृपया मातृभूमि विभाग से संपर्क करें और आपको सही जानकारी मिल जाएगी।,2,0
Hi I want to transfer money from my checking to savings account., नमस्ते मैं अपने चेकिंग से बचत खाते में पैसे ट्रांसफर करना चाहता हूं।,3,0
Okay, ठीक,2,0
I'd also require the complete 16 digit credit card number.,मुझे पूरे 16 अंकों के क्रेडिट कार्ड नंबर की भी आवश्यकता होगी।,1,0
I hope that was useful?, मुझे आशा है कि यह उपयोगी था?,2,0
5547,5547,0,0
3984,3984,0,0
I WANT TO ORDER CHECKS, मैं चेक का आदेश देना चाहता हूं,1,0
change MY address on MY account, मेरे खाते पर मेरा पता बदलें,1,0
thank you sir have a great day ahead, धन्यवाद सर आपका दिन शुभ हो,3,2
yes, हां,2,0
It is www.bnkhc.com., यह www.bnkhc.com है।,0,0
4321,4321,0,0
thank you, धन्यवाद,2,2
1.26E+18,1.26E+18,0,0
4163,4163,0,0
All right. What's the sum of amount to be transferred?, ठीक है। हस्तांतरित की जाने वाली राशि की राशि क्या है?,1,0
"okay, sure! How many check would you like to order?", पक्का निश्चित! आप कितने चेक का ऑर्डर देना चाहेंगे?,3,0
Thank you very much for the details. Your error will be fixed and updated shortly. You'll receive an e-mail about the updated bill.,विवरण के लिए आपका बहुत-बहुत धन्यवाद। आपकी त्रुटि को शीघ्र ही ठीक और अद्यतन किया जाएगा। आपको अपडेट किए गए बिल के बारे में एक ई-मेल प्राप्त होगा।,3,2
23rd june, 23 जून,0,0
julia gavin, जूलिया गेविन,0,0
Hello., नमस्ते।,3,0
Ok thanks, ठीक है धन्यवाद,3,0
"fine, I wants to transfer money to another account"," ठीक है, मैं दूसरे खाते में पैसे ट्रांसफर करना चाहता हूं",1,0
please transfer amount from my account to other account, कृपया मेरे खाते से दूसरे खाते में राशि ट्रांसफर करें,3,0
Let me know company's new lower rates, मुझे कंपनी की नई कम दरों के बारे में बताएं,2,0
I've transferred the amount and you'll receive a confirmation message on your registered mobile number in a while., मैंने राशि हस्तांतरित कर दी है और आपको कुछ ही देर में अपने पंजीकृत मोबाइल नंबर पर एक पुष्टिकरण संदेश प्राप्त होगा।,2,0
All right. What's the sum of amount to be transferred?, ठीक है। हस्तांतरित की जाने वाली राशि की राशि क्या है?,1,0
"Sure thing, i can help you with that. May I please know your name and the card number please?","ज़रूर, मैं इसमें आपकी मदद कर सकता हूँ। क्या मैं कृपया आपका नाम और कार्ड नंबर जान सकता हूं?",3,0
Perfect! Your address has been successfully changed to NO - 456/852 MOD ROAD CH - 452., उत्तम! आपका पता सफलतापूर्वक NO - 456/852 MOD ROAD CH - 452 में बदल दिया गया है।,2,2
"Sure, please allow a moment."," ज़रूर, कृपया एक क्षण का समय दें।",2,0
I need to check my balance in my account please., कृपया मुझे अपने खाते में अपनी शेष राशि की जांच करने की आवश्यकता है।,3,0
"Sure, I'll be happy to help. Please could you help me with your name?"," ज़रूर, मुझे मदद करने में खुशी होगी। कृपया आप अपने नाम के साथ मेरी मदद कर सकते हैं?",3,0
Could you please share the complete credit card number?, क्या आप कृपया पूरा क्रेडिट कार्ड नंबर साझा कर सकते हैं?,3,0
Sure! That won't be a problem. May I know your full name?, ज़रूर! यह कोई समस्या नहीं होगी। क्या मैं आपका पूरा नाम जान सकता हूँ?,2,0
nice .., अच्छा ..,3,2
"Hello, how may I help you with today? "," हैलो, मैं आज आपकी कैसे मदद कर सकता हूं?",3,0
having*, रखना*,0,0
"Thank you for using our live chat service, and we hope to hear from you again! Goodbye!
"," हमारी लाइव चैट सेवा का उपयोग करने के लिए धन्यवाद, और हम आपसे फिर से सुनने की आशा करते हैं! अलविदा!",3,2
"Okay, I would like to inform you that after the report is filed please contact us immediately we will block your right away, because according to our banks policy we will require police report."," ठीक है, मैं आपको सूचित करना चाहता हूं कि रिपोर्ट दर्ज होने के बाद कृपया हमसे तुरंत संपर्क करें, हम आपको तुरंत ब्लॉक कर देंगे, क्योंकि हमारी बैंक नीति के अनुसार हमें पुलिस रिपोर्ट की आवश्यकता होगी।",3,1
8.95641E+15,8.95641E+15,0,0
THANK YOU SO MUCH, आपका बहुत-बहुत धन्यवाद,3,2
"Yes sir, Before I look into your account, for security reasons, I’ll need to verify that you're the account holder. Could you please help me with your SSN?"," हां सर, सुरक्षा कारणों से आपके खाते की जांच करने से पहले, मुझे यह सत्यापित करना होगा कि आप खाताधारक हैं। क्या आप कृपया मुझे अपने एसएसएन के साथ मदद कर सकते हैं?",3,0
"I highly appreciate your patience, I would like to inform you that I've blocked your present card and issued a new card which will be delivered to you within next 2 days. "," मैं आपके धैर्य की बहुत सराहना करता हूं, मैं आपको सूचित करना चाहता हूं कि मैंने आपका वर्तमान कार्ड ब्लॉक कर दिया है और एक नया कार्ड जारी किया है जो अगले 2 दिनों के भीतर आपको वितरित कर दिया जाएगा।",3,2
Thank you for reaching out to us. Have a wonderful day ahead., हमसे संपर्क की पहल के लिए आपका धन्यवाद। आगे एक शानदार दिन हो।,3,2
YES, हां,2,2
Thank you very much, आपका बहुत बहुत धन्यवाद,3,2
Great., महान।,3,2
LIN JIM, लिन जिम,0,0
"Sure. I would be glad to help you out in this regards. May I know your name please?
", ज़रूर। मुझे इस संबंध में आपकी मदद करने में खुशी होगी। क्या मैं आपका नाम जान सकता हूँ?,3,0
4682,4682,0,0
Okay! Could you also help me out with your full name and credit card number?, ठीक! क्या आप अपना पूरा नाम और क्रेडिट कार्ड नंबर देने में भी मेरी मदद कर सकते हैं?,3,0
Check my account balance, मेरे खाते की शेष राशि की जाँच करें,0,0
All right. Could you please help me with your last 4 digits of the account number to move from?,ठीक है। क्या आप कृपया मुझे खाता संख्या के अपने अंतिम 4 अंक से स्थानांतरित करने में मदद कर सकते हैं?,3,0
Thank you for staying connected. Your address has been successfully changed to NO - BOB ROAD JIM CA - 85., जुड़े रहने के लिए धन्यवाद। आपका पता सफलतापूर्वक NO - BOB ROAD JIM CA - 85 में बदल दिया गया है।,3,2
Thank you. Bear with me for a moment while our system finishes processing your information., शुक्रिया। एक पल के लिए मेरे साथ रहें जब तक हमारा सिस्टम आपकी जानकारी को संसाधित करना समाप्त कर दे।,3,0
"Thank you. Could you please provide me the date when card was last used.
", शुक्रिया। क्या आप कृपया मुझे वह तिथि प्रदान कर सकते हैं जब कार्ड का अंतिम बार उपयोग किया गया था।,3,0
Good Morning Jamie!, गुड मॉर्निंग जेमी!,3,0
OK THANKYOU, ठीक है धन्यवाद,3,2
5588,5588,0,0
"I highly appreciate your patience, I would like to inform you that your address has been successfully updated to 154 JK Street. "," मैं आपके धैर्य की अत्यधिक सराहना करता हूं, मैं आपको सूचित करना चाहता हूं कि आपका पता सफलतापूर्वक 154 जेके स्ट्रीट में अपडेट कर दिया गया है।",3,2
Sorry!, माफ़ करना!,2,0
Okay! I'll surely help you with that. May I please know your first and last name?, ठीक! मैं इसमें आपकी जरूर मदद करूंगा। क्या मैं आपका पहला और अंतिम नाम जान सकता हूँ?,2,0
I'd also require the complete 16 digit credit card number.,मुझे पूरे 16 अंकों के क्रेडिट कार्ड नंबर की भी आवश्यकता होगी।,1,0
Amazing! Thank you for the info could you also please help me out with the date of the charge and the amount of the charge?, अद्भुत! जानकारी के लिए धन्यवाद क्या आप शुल्क की तारीख और शुल्क की राशि के बारे में भी मेरी मदद कर सकते हैं?,3,2
thanks', धन्यवाद',3,2
Nothing else, और कुछ नहीं,2,0
5678,5678,0,0
Hey! A very good morning to you. How may I help you today?, अरे! आपके लिए एक बहुत ही शुभ प्रभात। आज मैं आपकी कैसे मदद कर सकता हूँ?,3,2
Okay! Thank you. Please allow me a moment while I update the address in the portal.," ठीक! शुक्रिया। जब तक मैं पोर्टल में पता अपडेट करता हूं, कृपया मुझे कुछ समय दें।",3,0
Ok, ठीक,0,0
Would there be anything else I may help you with?, क्या कुछ और होगा जिसमें मैं आपकी मदद कर सकूं?,2,0
15/05/2018 I MADE A PURCHASE $250 DOLLAR IT SHOWS ME A $350 DOLLAR," 15/05/2018 मैंने $250 डॉलर की खरीदारी की, यह मुझे $350 डॉलर दिखाता है",1,1
"Okay! Awesome, I've ordered a new card for you which you'll probably receive within 2 business days via post However, In case you don't receive. Kindly, contact us immediately. "," ठीक! बहुत बढ़िया, मैंने आपके लिए एक नया कार्ड मंगवाया है जो आपको संभवतः 2 कार्यदिवसों के भीतर डाक के माध्यम से प्राप्त हो जाएगा, हालांकि, यदि आप प्राप्त नहीं करते हैं। कृपया, हमसे तुरंत संपर्क करें।",3,2
"I would be glad to help you out in this regards. May I know your name please?
", मुझे इस संबंध में आपकी मदद करने में खुशी होगी। क्या मैं आपका नाम जान सकता हूँ?,3,0
"A very good morning, How may i assist you today?"," एक बहुत ही सुप्रभात, आज मैं आपकी कैसे सहायता कर सकता हूँ?",3,2
"Hello, how may I help you today?"," हैलो, मैं आज आपकी कैसे मदद कर सकता हूं?",3,0
SOME ERROR IN CREDIT BILL, क्रेडिट बिल में कुछ त्रुटि,0,1
I appreciate that. Please give me a minute., मैं सराहना करता हूँ। कृपया मुझे एक मिनट दें।,3,2
YATHAV, याथवी,0,0
"Awesome! Also, may I please know the last four digits of your account number??"," बहुत बढ़िया! साथ ही, क्या मैं कृपया आपके खाता संख्या के अंतिम चार अंक जान सकता हूँ ??",3,2
9467,9467,0,0
"would you please help me with the date, when you used your credit card for the last time? 
"," क्या आप कृपया उस तारीख के बारे में मेरी मदद करेंगे, जब आपने पिछली बार अपने क्रेडिट कार्ड का उपयोग किया था?",3,0
I'm sorry about that. I'll do my best to help you. Please may I know your name?, मैं इस बारे में माफी चाहता हूँ। मैं आपकी मदद करने की पूरी कोशिश करूंगा। कृपया क्या मैं आपका नाम जान सकता हूँ?,3,0
Thank you very much for the information, जानकारी के लिए आपका बहुत बहुत धन्यवाद,3,2
Would you like anything else?, क्या आपको कुछ और चाहिए?,3,0
Thank you Riley, धन्यवाद रिले,3,2
" I'm glad that I could resolve this for you. It was really my pleasure assisting you. Have an amazing day ahead.
", मुझे खुशी है कि मैं इसे आपके लिए हल कर सका। आपकी सहायता करना वास्तव में मेरी खुशी थी। आगे एक अद्भुत दिन हो।,3,2
Thank you. Could you please share the complete credit card number?, शुक्रिया। क्या आप कृपया पूरा क्रेडिट कार्ड नंबर साझा कर सकते हैं?,3,0
I'm sorry Nathanael. Could you please help me with the query?, मुझे खेद है नथानेल। क्या आप कृपया मुझे क्वेरी में मदद कर सकते हैं?,3,0
THANKS, धन्यवाद,3,2
Great! Thank you,महान! आपको धन्यवाद,3,2
Great! Always a pleasure assisting a valuable customer like you. Have a great day ahead.,महान! आप जैसे मूल्यवान ग्राहक की सहायता करने में हमेशा खुशी होती है। आगे एक महान दिन हो।,3,2
1147,1147,0,0
"sure,myself pinto alex"," ज़रूर, खुद पिंटो एलेक्स",2,0
YES IAM VIVEK AND MY ACCOUNT NUMBER IS XXXXXXXXXXXX, हाँ IAM विवेक और मेरा खाता नंबर XXXXXXXXXXXX है,2,0
"Hello there, How may I help you today?
"," नमस्ते, मैं आज आपकी कैसे मदद कर सकता हूँ?",3,0
Have a nice day! .. see you bye bye, आपका दिन शुभ हो! .. मिलते हैं अलविदा,2,2
"I'd like to inform you that your address has been successfully updated to PO BOX 1250 , 2nd floor, rare park Road , NY-89742."," मैं आपको सूचित करना चाहता हूं कि आपका पता सफलतापूर्वक PO BOX 1250, दूसरी मंजिल, रेयर पार्क रोड, NY-89742 में अपडेट कर दिया गया है।",3,2
"yes, my dear, thank you so much"," हाँ, मेरे प्रिय, बहुत-बहुत धन्यवाद",3,2
Hi Riley, हाय रिले,3,0
07-06-2018,07-06-2018,0,0
thank yo, धन्यवाद,3,2
"Hello there, How may I help you today?
"," नमस्ते, मैं आज आपकी कैसे मदद कर सकता हूँ?",3,0
"Sure, no problem. Could you please provided me the new address? ", ठीक है कोई दिक्कत नहीं। क्या आप कृपया मुझे नया पता प्रदान कर सकते हैं?,3,0
JOTHI, ज्योति,2,0
I apologize for the inconvenience. May I know your name please?, मैं असुविधा के लिए माफी माँगता हूँ। क्या मैं आपका नाम जान सकता हूँ?,3,0
ok, ठीक है,2,0
oh sorry i have wrongly said my ac number my new ac number is 2027, ओह सॉरी मैंने गलत कहा है मेरा एसी नंबर मेरा नया एसी नंबर 2027 है,3,0
"I want remove some amount from my card /,....because error amount"," मैं अपने कार्ड से कुछ राशि निकालना चाहता/चाहती हूं /,...क्योंकि त्रुटि राशि",1,1
May I confirm if all your questions have been answered for today?, क्या मैं पुष्टि कर सकता हूँ कि क्या आज के लिए आपके सभी प्रश्नों का उत्तर दे दिया गया है?,2,0
"1/365, sakthi nagar, Chennai,IN"," 1/365, शक्ति नगर, चेन्नई, आईएन",2,0
amount is $ 1124, राशि $1124 . है,0,0
It will be taking 48 hours for generate the SSN number., SSN नंबर जनरेट करने में 48 घंटे का समय लगेगा।,0,0
"Sure thing, Could you please let me know your name?"," ज़रूर, क्या आप कृपया मुझे अपना नाम बता सकते हैं?",3,0
no thanks," जी नहीं, धन्यवाद",3,1
Thank you for staying connected. Your credit card has been blocked. The new credit card will be sent to the updated address in the bank., जुड़े रहने के लिए धन्यवाद। आपका क्रेडिट कार्ड ब्लॉक कर दिया गया है। नया क्रेडिट कार्ड बैंक में अपडेट किए गए पते पर भेजा जाएगा।,3,1
265$, 265$,0,0
Could you also let me know the date the card was last used?, क्या आप मुझे यह भी बता सकते हैं कि कार्ड का आखिरी बार इस्तेमाल किस तारीख को किया गया था?,3,0
Thank you very much, आपका बहुत बहुत धन्यवाद,3,2
Awesome! Could you please help me out with your credit card number?, बहुत बढ़िया! क्या आप कृपया अपने क्रेडिट कार्ड नंबर के साथ मेरी मदद कर सकते हैं?,3,2
Could please also provide your last 4 digits of account number?, क्या कृपया अपना खाता संख्या के अंतिम 4 अंक भी प्रदान करें?,2,0
first name alagu last name rajan, पहला नाम अलगू अंतिम नाम रजनी,0,0
"The new credit card will be sent to the updated address shortly.

",नया क्रेडिट कार्ड शीघ्र ही अपडेट किए गए पते पर भेजा जाएगा।,1,0
"Thank you for using our live chat service. I'm now closing this chat. If you have any other concerns in the future, please don’t hesitate to let us know. Have a great day!
"," हमारी लाइव चैट सेवा का उपयोग करने के लिए धन्यवाद। मैं अब इस चैट को बंद कर रहा हूं। यदि भविष्य में आपकी कोई अन्य चिंता है, तो कृपया हमें बताने में संकोच न करें। आपका दिन अच्छा रहे!",3,2
Thank you very much, आपका बहुत बहुत धन्यवाद,3,2
"thank you so much, you can end the chat session now"," बहुत-बहुत धन्यवाद, अब आप चैट सत्र समाप्त कर सकते हैं",3,0
Thank you for your help, आपके सहयोग के लिए धन्यवाद,3,2
I have nothing else.  Thank you for your help., मेरे पास और कुछ नहीं है। आपके सहयोग के लिए धन्यवाद।,3,2
transfer the account from 7959 to 0013 transfer amount of 200, खाते को 7959 से 0013 में स्थानांतरित करें 200 की हस्तांतरण राशि,0,0
6870,6870,0,0
PRAVIN, प्रवीण,0,0
Let me know banks routing number, मुझे बैंकों का रूटिंग नंबर बताएं,1,0
You're welcome.  I had a great time assisting you. Please do feel free to reach out to us for further queries. Have a good day. Bye now.,आपका स्वागत है। मुझे आपकी सहायता करने में बहुत अच्छा लगा। कृपया आगे के प्रश्नों के लिए हमसे बेझिझक संपर्क करें। आपका दिन शुभ हो। अलविदा।,3,2
"Would you please help me with the date, when you used your credit card for the last time?"," क्या आप कृपया उस तारीख के बारे में मेरी मदद करेंगे, जब आपने पिछली बार अपने क्रेडिट कार्ड का उपयोग किया था?",3,0
You would be able to do it by yourself if you visit a closest branch. Is that okay?, यदि आप किसी नजदीकी शाखा में जाते हैं तो आप इसे स्वयं कर पाएंगे। क्या ये ठीक है?,2,0
" I'm sorry that you had to face this issue. However,I'll ensure that I'll raise a request to delete the charge and kindly give us 24-48 hours to get this resolved. You will also be receiving a confirmation e-mail once this is resolved. Is there anything else I might help you with today?"," मुझे खेद है कि आपको इस मुद्दे का सामना करना पड़ा। हालांकि, मैं यह सुनिश्चित करूंगा कि मैं शुल्क हटाने का अनुरोध करूंगा और इसे हल करने के लिए कृपया हमें 24-48 घंटे का समय दें। इसका समाधान हो जाने पर आपको एक पुष्टिकरण ई-मेल भी प्राप्त होगा। क्या आज मैं आपकी कुछ और मदद कर सकता हूँ?",3,1
Awesome! Kindly give me a minute., बहुत बढ़िया! कृपया मुझे एक मिनट दें।,3,2
Hi, नमस्ते,3,0
My credit card expired and I need to order a new one., मेरा क्रेडिट कार्ड समाप्त हो गया है और मुझे एक नया ऑर्डर करने की आवश्यकता है।,2,0
I can help you with ordering checks. May I know how many checks would you like to order?, मैं चेक ऑर्डर करने में आपकी मदद कर सकता हूं। क्या मैं जान सकता हूँ कि आप कितने चेक का ऑर्डर देना चाहेंगे?,3,0
It was really nice talking to you and a pleasure assisting you. I'm glad that I could resolve this for you. Hope to see you again. Have a great day ahead!, आपसे बात करके बहुत अच्छा लगा और आपकी सहायता करने में खुशी हुई। मुझे खुशी है कि मैं इसे आपके लिए हल कर सका। फिर से देखने की उम्मीद। आगे एक महान दिन हो!,3,2
Could you also please help me out with the last 4 digits of your SSN?, क्या आप कृपया अपने एसएसएन के अंतिम 4 अंकों के बारे में भी मेरी मदद कर सकते हैं?,3,0
i  want checks order, मुझे चेक ऑर्डर चाहिए,1,0
BYE, अलविदा,2,0
SIVA KUMAR, शिव कुमारी,0,0
hi, नमस्ते,2,0
"Sure thing Karthik, May I know if there's already a account in our bank?"," पक्का बात कार्तिक, क्या मुझे पता चलेगा कि हमारे बैंक में पहले से खाता है या नहीं?",2,0
4356,4356,0,0
"Not a problem. I would be glad to help you out in this regards. May I know your name please?
",एक समस्या नहीं है। मुझे इस संबंध में आपकी मदद करने में खुशी होगी। क्या मैं आपका नाम जान सकता हूँ?,3,0
bill not pay, बिल का भुगतान नहीं,1,1
I DON'T KNOW MY SSN NUMBER, मुझे अपना एसएसएन नंबर नहीं पता,2,0
May I also know the last four digits of your SSN?, क्या मैं आपके SSN के अंतिम चार अंक भी जान सकता हूँ?,2,0
you for this help, आप इस मदद के लिए,2,0
"501 summer lane,vivek lands salem"," 501 समर लेन, विवेक लैंड्स सलेम",0,0
Sure. I'll help you with that. Could you please help me with your name and the last four digits of SSN?, ज़रूर। मैं इसमें आपकी मदद करूंगा। क्या आप कृपया मुझे अपने नाम और एसएसएन के अंतिम चार अंकों के साथ मदद कर सकते हैं?,3,0
Okay great! Thank you so much for your cooperation. Have a great day!, ठीक है बढ़िया! आपके सहयोग के लिए बहुत बहुत धन्यवाद। आपका दिन अच्छा रहे!,3,2
"I highly appreciate your patience, I'd like to inform you that I've successfully updated your address to 45 Stanley Drive, Mastic NY 11950."," मैं आपके धैर्य की बहुत सराहना करता हूं, मैं आपको सूचित करना चाहता हूं कि मैंने आपका पता 45 स्टेनली ड्राइव, मैस्टिक एनवाई 11950 में सफलतापूर्वक अपडेट कर दिया है।",3,2
so remove, तो हटा दें,0,0
nothing else..thanks alot, और कुछ नहीं..धन्यवाद,3,2
Could you also please help me out with your new address?, क्या आप कृपया अपने नए पते के बारे में भी मेरी मदद कर सकते हैं?,3,0
Perfect! May I also know the last 4 digits of account to which you’d like to transfer?, उत्तम! क्या मैं उस खाते के अंतिम 4 अंक भी जान सकता हूँ जिसमें आप स्थानांतरित करना चाहते हैं?,3,0
Thanks. To get your bank details I would need your last 4 digits of SSN, धन्यवाद। आपका बैंक विवरण प्राप्त करने के लिए मुझे आपके एसएसएन के अंतिम 4 अंकों की आवश्यकता होगी,3,0
You would be able to do it by yourself if you visit a closest branch. Is that okay?, यदि आप किसी नजदीकी शाखा में जाते हैं तो आप इसे स्वयं कर पाएंगे। क्या ये ठीक है?,2,0
Thank you for holding on. Your address has been successfully changed to NO: 258 PETER ROAD BRIDGE TOWN AL : 25687., रुके रहने के लिए धन्यवाद। आपका पता सफलतापूर्वक NO: 258 PETER ROAD BRIDGE TOWN AL: 25687 में बदल दिया गया है।,3,2
"Thank you for using our live chat service. I'm now closing this chat. If you have any other concerns in the future, please don’t hesitate to let us know. Have a great day!
"," हमारी लाइव चैट सेवा का उपयोग करने के लिए धन्यवाद। मैं अब इस चैट को बंद कर रहा हूं। यदि भविष्य में आपकी कोई अन्य चिंता है, तो कृपया हमें बताने में संकोच न करें। आपका दिन अच्छा रहे!",3,2
"Thank you, Declan! Please could you help me with the account number and also your SSN?"," धन्यवाद, डेक्लन! कृपया आप मुझे खाता संख्या और अपने एसएसएन के साथ मदद कर सकते हैं?",3,0
Hello there!, नमस्ते!,3,0
Thank you so much for staying connected. Your lost credit card has been blocked and a new credit account will be sent to your address shortly.,जुड़े रहने के लिए आपका बहुत-बहुत धन्यवाद। आपका खोया हुआ क्रेडिट कार्ड ब्लॉक कर दिया गया है और जल्द ही आपके पते पर एक नया क्रेडिट खाता भेजा जाएगा।,3,2
I HAVE PROBLEM WITH CREDIT CARD CHARGE REMOVED, मुझे क्रेडिट कार्ड शुल्क की समस्या दूर हो गई है,1,1
All right. Could you please mention the last 4 digits of both savings and checking account number?, ठीक है। क्या आप कृपया बचत और चेकिंग खाता संख्या दोनों के अंतिम 4 अंकों का उल्लेख कर सकते हैं?,3,0
SSN NUMBER - 2679, एसएसएन नंबर - 2679,0,0
I'm sorry for your loss., मैं तुम्हारे नुकसान के लिए माफी चाहता हूँ।,3,1
THANKS, धन्यवाद,3,2
Thanks again. Please could you provide me with the amount charged and also the date on which it was charged?,एक बार फिर धन्यवाद। कृपया क्या आप मुझे चार्ज की गई राशि और वह तारीख भी प्रदान कर सकते हैं जिस दिन इसे चार्ज किया गया था?,3,0
SURE, ज़रूर,2,0
Nothing else, और कुछ नहीं,2,0
4222,4222,0,0
"Thank you Ramya, Could you let me know the last 4 digits of SSN and the last 4 digits of account number please?"," धन्यवाद राम्या, क्या आप कृपया मुझे एसएसएन के अंतिम 4 अंक और खाता संख्या के अंतिम 4 अंक बता सकते हैं?",3,0
5478,5478,0,0
"My pleasure. Anything else I may help you out with?
", मेरा सौभाग्य। कुछ और मैं आपकी मदद कर सकता हूं?,3,2
"Perfect. I will now go ahead and cancel your old card which is missing and issue a new one for you which will be sent to your address soon.
", उत्तम। अब मैं आगे बढ़ूंगा और आपके पुराने कार्ड को रद्द कर दूंगा जो गायब है और आपके लिए एक नया कार्ड जारी करूंगा जो जल्द ही आपके पते पर भेज दिया जाएगा।,2,2
Ravi Shashthri, रवि शास्त्री,0,0
Perfect! Could you please share the last four digits of your SSN?, उत्तम! क्या आप कृपया अपने SSN के अंतिम चार अंक साझा कर सकते हैं?,3,0
no, नहीं,1,1
I appreciate it, मैं इसकी सराहना करता हूं,3,2
"Awesome. I have done the needful. The amount has been successfully transferred.
", बहुत बढ़िया। मैंने जरूरी काम किया है। राशि सफलतापूर्वक स्थानांतरित कर दी गई है।,3,2
"Thanks. To process the request I'll now require the date of charge and the amount of charge.
", धन्यवाद। अनुरोध को संसाधित करने के लिए अब मुझे शुल्क की तिथि और शुल्क की राशि की आवश्यकता होगी।,3,0
OK THANK YOU, ठीक है धन्यवाद,3,2
"My pleasure. Anything else I may help you out with?
", मेरा सौभाग्य। कुछ और मैं आपकी मदद कर सकता हूं?,3,2
Ok Thanks, ठीक है धन्यवाद,3,0
"Thanks. To process the request I'll now require the date of charge and the amount of charge.
", धन्यवाद। अनुरोध को संसाधित करने के लिए अब मुझे शुल्क की तिथि और शुल्क की राशि की आवश्यकता होगी।,3,0
HII, HII,2,0
I WANT TO TRANSFER MONEY, मैं पैसे ट्रांसफर करना चाहता हूं,1,1
Great! Could you please help me out with your new address for me to update in the portal?, महान! क्या आप मुझे पोर्टल में अपडेट करने के लिए अपने नए पते के साथ मेरी मदद कर सकते हैं?,3,2
would you please share the last four digits of your account number?, क्या आप कृपया अपनी खाता संख्या के अंतिम चार अंक साझा करेंगे?,3,0
Great! How may I assist you today?, महान! आज मैं आपकी मदद किस तरह कर सकता हूँ?,3,2
80$, 80$,0,0
No, नहीं,1,0
I LOST MY CREDIT CARD, मैंने अपना क्रेडिट कार्ड खो दिया,0,1
I want to check my account balance.., मुझे अपना अकाउंट बैलेंस चेक करना है..,2,0
hi, नमस्ते,2,0
"Thank you being patient, and sorry about the inconvenience caused to you by our side due to some technical glitch, I've successfully removed the wrong charge from your balance."," धैर्य रखने के लिए धन्यवाद, और कुछ तकनीकी गड़बड़ी के कारण हमारी ओर से आपको हुई असुविधा के लिए खेद है, मैंने आपके बैलेंस से गलत शुल्क को सफलतापूर्वक हटा दिया है।",3,2
thank you, धन्यवाद,2,2
I'll help you with that. May I know your name please?, मैं इसमें आपकी मदद करूंगा। क्या मैं आपका नाम जान सकता हूँ?,3,0
hai...Some extra amount debited my credit card ..so remove that amount, है...कुछ अतिरिक्त राशि मेरे क्रेडिट कार्ड से डेबिट हो गई ..तो उस राशि को हटा दें,3,0
"Okay! I've blocked your card, you'll receive a email on your registered email Id. Kindly, acknowledge it and also requested for a new card which you'll receive via post within 2 business days. However, in case you don't receive it please reach out to us immediately. ","ठीक! मैंने आपका कार्ड ब्लॉक कर दिया है, आपको अपनी पंजीकृत ईमेल आईडी पर एक ईमेल प्राप्त होगा। कृपया इसे स्वीकार करें और एक नए कार्ड के लिए भी अनुरोध करें जो आपको 2 व्यावसायिक दिनों के भीतर डाक के माध्यम से प्राप्त होगा। हालांकि, यदि आप इसे प्राप्त नहीं करते हैं तो कृपया तुरंत हमसे संपर्क करें।",3,0
Would there be anything else I may help you with?, क्या कुछ और होगा जिसमें मैं आपकी मदद कर सकूं?,2,0
You’re welcome. Always a pleasure to assist customers like you. Have a great day!, आपका स्वागत है। आप जैसे ग्राहकों की सहायता करने में हमेशा खुशी होती है। आपका दिन अच्छा रहे!,3,2
9055,9055,0,0
"I’m sorry this has happened. I understand you're upset, and I will do my best to help you. Please may I know your name?"," मुझे खेद है कि ऐसा हुआ है। मैं समझता हूँ कि आप परेशान हैं, और मैं आपकी मदद करने की पूरी कोशिश करूँगा। कृपया क्या मैं आपका नाम जान सकता हूँ?",3,1
"Not to worry, the cash wouldn't be necessary to pay the interest."," चिंता न करें, ब्याज का भुगतान करने के लिए नकदी की आवश्यकता नहीं होगी।",1,0
You're welcome. Would there be anything else I may help you with?, आपका स्वागत है। क्या कुछ और होगा जिसमें मैं आपकी मदद कर सकूं?,2,2
I had a great time assisting you. Please do feel free to reach out to us for further queries. Have a good day. Bye now., मुझे आपकी सहायता करने में बहुत अच्छा लगा। कृपया आगे के प्रश्नों के लिए हमसे बेझिझक संपर्क करें। आपका दिन शुभ हो। अलविदा।,3,2
"1005, New Hilton St, FL"," 1005, न्यू हिल्टन सेंट, FL",2,0
Sure. Could you please give the new address?, ज़रूर। क्या आप कृपया नया पता दे सकते हैं?,3,0
"I'm very sorry for the inconvenience caused to you. May I know your name,last four digits of your SSN and credit card number?"," आपको हुई असुविधा के लिए मुझे बहुत खेद है। क्या मैं आपका नाम, आपके एसएसएन के अंतिम चार अंक और क्रेडिट कार्ड नंबर जान सकता हूं?",3,1
"Thank you for choosing us, It was great talk to you. Have a nice day ahead."," हमें चुनने के लिए धन्यवाद, आपसे बात करके बहुत अच्छा लगा। आपका दिन अच्छा हों।",3,2
Okay! I'll go ahead and change that for you. please allow me a minute., ठीक! मैं आगे बढ़ूंगा और इसे आपके लिए बदल दूंगा। कृपया मुझे एक मिनट का समय दें।,2,0
"Thank you for your valuable information. As I've checked, I see that the account balance of the account ending with 2020 is $16000."," आपकी बहुमूल्य जानकारी के लिए धन्यवाद। जैसा कि मैंने जाँच की है, मैंने देखा है कि 2020 के साथ समाप्त होने वाले खाते की शेष राशि $16000 है।",3,2
Is there anything else I may help you with?, क्या कुछ और है जिसमें मैं आपकी मदद कर सकता हूं?,2,0
"Okay, have you filed a report with the police regarding this issue?"," ठीक है, क्या आपने इस मामले में पुलिस में रिपोर्ट दर्ज कराई है?",2,1
YES, हां,2,2
NO THANKS," जी नहीं, धन्यवाद",3,1
Sorry to hear that. Surely I will help you. May I please know your first and last name?, ऐसा सुनने के लिए क्षमा करें। ज़रूर मैं आपकी मदद करूँगा। क्या मैं आपका पहला और अंतिम नाम जान सकता हूँ?,3,0
ok, ठीक है,2,0
"Thank you for using our live chat service, and we hope to hear from you again! Goodbye!
"," हमारी लाइव चैट सेवा का उपयोग करने के लिए धन्यवाद, और हम आपसे फिर से सुनने की आशा करते हैं! अलविदा!",3,2
Okay sounds good. Please allow me a moment while I go ahead and block your card.,ठीक! सही लग रहा है। कृपया मुझे कुछ समय दें जब तक मैं आगे बढ़ूं और आपका कार्ड ब्लॉक कर दूं।,2,0
ok, ठीक है,2,0
OK THANKS, ठीक है धन्यवाद,3,2
"Sure, have you filed a report with the police?"," ज़रूर, क्या आपने पुलिस में रिपोर्ट दर्ज कराई है?",2,1
please give me a moment., कृपया मुझे एक क्षण दें।,2,0
my credit card was lost, मेरा क्रेडिट कार्ड खो गया था,1,1
All right. I had a great time assisting you. Please do feel free to reach out to us for further queries. Have a good day. Bye now., ठीक है। मुझे आपकी सहायता करने में बहुत अच्छा लगा। कृपया आगे के प्रश्नों के लिए हमसे बेझिझक संपर्क करें। आपका दिन शुभ हो। अलविदा।,3,2
How may I help you today?, आज मैं आपकी कैसे मदद कर सकता हूँ?,2,0
muthuraja ssn 1236 card number 1236541236528472, मुथुराजा एसएसएन 1236 कार्ड नंबर 1236541236528472,0,0
5543,5543,0,0
Always a pleasure. Have a great day., हमेशा एक खुशी की बात है। आपका दिन अच्छा रहे।,3,2
drew please do fast, आकर्षित कृपया जल्दी करो,2,0
Hi, नमस्ते,3,0
Prince, राजकुमार,0,0
Thank you very much, आपका बहुत बहुत धन्यवाद,3,2
HI, नमस्ते,2,0
It was wonderful talking to you. Have a great day,आपसे बात करके बहुत अच्छा लगा। आपका दिन अच्छा रहे,3,2
Hi, नमस्ते,2,0
May I also know the last four digits of your SSN?, क्या मैं आपके SSN के अंतिम चार अंक भी जान सकता हूँ?,2,0
Would you like me to go ahead and raise a request to issue the credit card for your account?, क्या आप चाहते हैं कि मैं आगे बढ़कर आपके खाते के लिए क्रेडिट कार्ड जारी करने का अनुरोध करूं?,2,0
I highly appreciate your patience. I'd like to inform you that I've successfully blocked your old card and issued a new one which will be delivered to you within next 2 business days., मैं आपके धैर्य की अत्यधिक सराहना करता हूं। मैं आपको सूचित करना चाहता हूं कि मैंने आपके पुराने कार्ड को सफलतापूर्वक ब्लॉक कर दिया है और एक नया जारी कर दिया है जो अगले 2 व्यावसायिक दिनों के भीतर आपको वितरित कर दिया जाएगा।,3,2
I last used it on 6/12/2018, मैंने पिछली बार इसका इस्तेमाल 6/12/2018 को किया था,1,0
8675,8675,0,0
I lost my credit card, मैंने अपना क्रेडिट कार्ड खो दिया है,1,1
is there anything else that i can hep you with?, क्या कुछ और है जिससे मैं तुम्हारी मदद कर सकता हूँ?,2,0
sam, सैम,0,0
"well, I will also require your last name?"," अच्छा, मुझे आपके अंतिम नाम की भी आवश्यकता होगी?",2,0
I like to know the current balance in my account?, मुझे अपने खाते में वर्तमान शेष राशि जानना पसंद है?,3,0
8.57486E+15,8.57486E+15,0,0
"I highly appreciate your patience, I'd like to inform you that I've successfully removed the error charge of 2800 from your account. "," मैं आपके धैर्य की बहुत सराहना करता हूं, मैं आपको सूचित करना चाहता हूं कि मैंने आपके खाते से 2800 का त्रुटि शुल्क सफलतापूर्वक निकाल दिया है।",3,2
Sure! How many checks would you like to order?, ज़रूर! आप कितने चेक ऑर्डर करना चाहेंगे?,3,0
You too.,आप भी।,0,0
"I don’t mean to rush you. However, I just want to check if we’re still connected?"," मेरा मतलब आपको जल्दी करना नहीं है। हालांकि, मैं सिर्फ यह जांचना चाहता हूं कि क्या हम अभी भी जुड़े हुए हैं?",3,0
"Thanks for sharing the information. please give me a moment.  
", जानकारी साझा करने के लिए धन्यवाद। कृपया मुझे एक क्षण दें।,3,2
sure thing sir. can i know the last 4 digits of that account?, पक्की बात सर। क्या मैं उस खाते के अंतिम 4 अंक जान सकता हूँ?,2,0
"Thanks. Furthermore I will also require the last four digits of your account number.
", धन्यवाद। इसके अलावा मुझे आपके खाता संख्या के अंतिम चार अंकों की भी आवश्यकता होगी।,3,0
Sure. My credit card number is 5476 7396 7864 8657, ज़रूर। मेरा क्रेडिट कार्ड नंबर 5476 7396 7864 8657 है,2,0
"Anything else I may help you out with?
", कुछ और मैं आपकी मदद कर सकता हूं?,2,0
when will i receive new card, मुझे नया कार्ड कब मिलेगा,1,0
"Thank you for using our live chat service. I'm now closing this chat. If you have any other concerns in the future, please don’t hesitate to let us know. Have a great day!
"," हमारी लाइव चैट सेवा का उपयोग करने के लिए धन्यवाद। मैं अब इस चैट को बंद कर रहा हूं। यदि भविष्य में आपकी कोई अन्य चिंता है, तो कृपया हमें बताने में संकोच न करें। आपका दिन अच्छा रहे!",3,2
A very good morning, एक बहुत ही शुभ प्रभात,3,2
May I also know the last four digits of your SSN?, क्या मैं आपके SSN के अंतिम चार अंक भी जान सकता हूँ?,2,0
RAM KUMAR, राम कुमारी,0,0
"Okay, I'm so sorry I misunderstood it as some error with the charge, would you please share your new address please?"," ठीक है, मुझे खेद है कि मैंने इसे शुल्क के साथ कुछ त्रुटि के रूप में गलत समझा, क्या आप कृपया अपना नया पता साझा करेंगे?",3,0
"Hello, how may I help you with today? "," हैलो, मैं आज आपकी कैसे मदद कर सकता हूं?",3,0
my card was stolen, मेरा कार्ड चोरी हो गया,0,1
"Yes wonderful! we are glad that you are interested in our bank, However for any information about the interest rates or loans please feel free to visit our official website www.bankers.com, In case if you want to know anything in detail please contact us, we are always here to help you out. Would there be anything else I may help you with? ","हाँ अद्भुत! हमें खुशी है कि आप हमारे बैंक में रुचि रखते हैं, हालांकि ब्याज दरों या ऋण के बारे में किसी भी जानकारी के लिए कृपया हमारी आधिकारिक वेबसाइट www.bankers.com पर जाएं, यदि आप विस्तार से कुछ भी जानना चाहते हैं तो कृपया हमसे संपर्क करें, हम आपकी मदद के लिए हमेशा यहां हैं। क्या कुछ और होगा जिसमें मैं आपकी मदद कर सकूं?",3,2
"Anything else I may help you out with?
", कुछ और मैं आपकी मदद कर सकता हूं?,2,0
"Thank you for using our live chat service. I'm now closing this chat. If you have any other concerns in the future, please don’t hesitate to let us know. Have a great day!
"," हमारी लाइव चैट सेवा का उपयोग करने के लिए धन्यवाद। मैं अब इस चैट को बंद कर रहा हूं। यदि भविष्य में आपकी कोई अन्य चिंता है, तो कृपया हमें बताने में संकोच न करें। आपका दिन अच्छा रहे!",3,2
BYEE, अलविदा,2,0
No, नहीं,1,0
Oh Okay! I kindly request you to file a report with the police at the earliest while I go ahead and block your card.," ओह ठीक है! मैं आपसे अनुरोध करता हूं कि जब तक मैं आगे बढ़ूं और आपका कार्ड ब्लॉक कर दूं, आप जल्द से जल्द पुलिस में रिपोर्ट दर्ज कराएं।",3,1
"Thank you,Mr Snyder! Please could you share with me the account number and also your SSN number?"," धन्यवाद, श्री स्नाइडर! क्या आप मेरे साथ खाता संख्या और अपना एसएसएन नंबर साझा कर सकते हैं?",3,0
Thank you so much for holding on. Your account balance is $45000., टिके रहने के लिए आपका बहुत-बहुत धन्यवाद। आपके खाते की शेष राशि $45000 है।,3,2
okay thanks, ठीक है शुक्रिया,3,0
ok thank you so much bye, ठीक है बहुत बहुत धन्यवाद अलविदा,3,0
"Also, I'll personally look into this, and make sure that you receive your new card as soon as possible.
"," साथ ही, मैं व्यक्तिगत रूप से इस पर गौर करूंगा, और सुनिश्चित करूंगा कि आपको अपना नया कार्ड जल्द से जल्द मिल जाए।",2,0
Great! Thank you for the details. Could you also let me know when was the card used last time and was there any police report filed?, महान! विवरण के लिए धन्यवाद। क्या आप मुझे यह भी बता सकते हैं कि पिछली बार कार्ड का उपयोग कब किया गया था और क्या कोई पुलिस रिपोर्ट दर्ज की गई थी?,3,2
I WANT CHECK MY A/C BALANCE, मैं अपना खाता शेष देखना चाहता/चाहती हूं,2,0
Great! Could you also please help me out with last 4 digits of your credit card and SSN?, महान! क्या आप कृपया अपने क्रेडिट कार्ड और एसएसएन के अंतिम 4 अंकों के बारे में भी मेरी मदद कर सकते हैं?,3,2
no thank you, नहीं धन्यवाद,3,1
Hi i would like to report lost credit card,"नमस्ते, मैं क्रेडिट कार्ड के गुम होने की रिपोर्ट करना चाहता/चाहती हूं",3,0
"Awesome. I have done the needful. The amount has been successfully transferred.
", बहुत बढ़िया। मैंने जरूरी काम किया है। राशि सफलतापूर्वक स्थानांतरित कर दी गई है।,3,2
"Awesome. May I know the new address , so that I can update the same for you.
"," बहुत बढ़िया। क्या मुझे नया पता पता है, ताकि मैं आपके लिए इसे अपडेट कर सकूं।",3,2
Thank you for the details. Kindly give me a minute., विवरण के लिए धन्यवाद। कृपया मुझे एक मिनट दें।,3,2
THANK YOU, धन्यवाद,3,2
Is there anything else I could help you with?, क्या कुछ और है जिसमें मैं आपकी मदद कर सकता हूं?,2,0
i certainly understand your concern john but to complete the verification i'll be needing your SSN!, मैं निश्चित रूप से आपकी चिंता जॉन को समझता हूं लेकिन सत्यापन पूरा करने के लिए मुझे आपके एसएसएन की आवश्यकता होगी!,3,1
Is there anything else I may assist you with?, क्या कुछ और है जिसमें मैं आपकी सहायता कर सकता हूं?,2,0
Hello Kumar., नमस्कार कुमार।,3,0
My card was used on 15th June 2018, मेरे कार्ड का उपयोग 15 जून 2018 को किया गया था,1,0
Would there be anything else I may help you with?, क्या कुछ और होगा जिसमें मैं आपकी मदद कर सकूं?,2,0
You’re welcome. Always a pleasure to assist customers like you. Have a great day!, आपका स्वागत है। आप जैसे ग्राहकों की सहायता करने में हमेशा खुशी होती है। आपका दिन अच्छा रहे!,3,2
9431,9431,0,0
6433,6433,0,0
"Hello, how may I help you with today?"," हैलो, मैं आज आपकी कैसे मदद कर सकता हूं?",3,0
"Good morning, I have a problem I think my card was stolen last night."," सुप्रभात, मुझे एक समस्या है मुझे लगता है कि कल रात मेरा कार्ड चोरी हो गया था।",3,1
It was wonderful talking to you. Have a great day,आपसे बात करके बहुत अच्छा लगा। आपका दिन अच्छा रहे,3,2
My credit card was stolen by 13/06/2018, मेरा क्रेडिट कार्ड 13/06/2018 तक चोरी हो गया था,2,1
"Thank you for using our live chat service. I'm now closing this chat. If you have any other concerns in the future, please don’t hesitate to let us know. Have a great day!
"," हमारी लाइव चैट सेवा का उपयोग करने के लिए धन्यवाद। मैं अब इस चैट को बंद कर रहा हूं। यदि भविष्य में आपकी कोई अन्य चिंता है, तो कृपया हमें बताने में संकोच न करें। आपका दिन अच्छा रहे!",3,2
150,150,0,0
Great! Always a pleasure assisting a valuable customer like you. Have a great day ahead. Looking forward to seeing you soon., महान! आप जैसे मूल्यवान ग्राहक की सहायता करने में हमेशा खुशी होती है। आगे एक महान दिन हो। जल्द ही आपको देखने की इच्छा है।,3,2
"Thanks again, have you filed a report with the police?"," फिर से धन्यवाद, क्या आपने पुलिस में रिपोर्ट दर्ज कराई है?",3,0
4433,4433,0,0
Sure! It's www.nuzhadbanks.com, ज़रूर! यह www.nuzhadbanks.com है,2,0
Hey! A very good morning to you. How may I help you today?, अरे! आपके लिए एक बहुत ही शुभ प्रभात। आज मैं आपकी कैसे मदद कर सकता हूँ?,3,2
nice.thankyou, अच्छा आपका धन्यवाद,0,2
"I really appreciate that. Do not worry about the card, I'll block it right away for you. Please stay connected while I block it."," मैं वास्तव में उसकी सराहना करता हूँ। कार्ड के बारे में चिंता न करें, मैं इसे तुरंत आपके लिए ब्लॉक कर दूंगा। जब तक मैं इसे ब्लॉक कर दूं, कृपया जुड़े रहें।",3,2
8736,8736,0,0
MY NAME IS RAJESH KANNAN AND MY A/C NO 1284, मेरा नाम राजेश कन्नन है और मेरा खाता नंबर 1284,2,0
Error in my credit card bill, मेरे क्रेडिट कार्ड बिल में त्रुटि,1,1
I need to check my balance, मुझे अपना बैलेंस चेक करना है,2,0
I have knowledge about technology. Please only tell the steps about transferring., मुझे तकनीक की जानकारी है। कृपया केवल स्थानांतरण के बारे में चरण बताएं।,2,0
HII, HII,2,0
Thank you. Could you please help me with your name?, शुक्रिया। क्या आप कृपया अपने नाम के साथ मेरी मदद कर सकते हैं?,3,0
Could you please let me know the last 4 digits of account from which you'd like to transfer?, क्या आप कृपया मुझे उस खाते के अंतिम 4 अंक बता सकते हैं जिससे आप स्थानांतरण करना चाहते हैं?,3,0
OK, ठीक है,2,0
my name is oskar, मेरा नाम ऑस्कर है,1,0
"Great. I'll go ahead and cancel the lost card and issue a new one on your name.
It will be sent to you by tomorrow.
", महान। मैं आगे बढ़ूंगा और खोए हुए कार्ड को रद्द कर दूंगा और आपके नाम पर एक नया कार्ड जारी करूंगा। इसे कल तक आपके पास भेज दिया जाएगा।,3,2
Account number:2465, खाता संख्या: 2465,0,0
"Okay! I'm really sorry that because of some technical glitch from our side you were charged erroneously, I'll personally look into this issue and get it resolved. however, I've also made a request for a refund of $200 which you've to receive within 48 hours. Would there be anything else I may help you with? 
","ठीक! मुझे वास्तव में खेद है कि हमारी ओर से कुछ तकनीकी गड़बड़ी के कारण आप पर गलती से आरोप लगाया गया था, मैं व्यक्तिगत रूप से इस मुद्दे को देखूंगा और इसे हल कर दूंगा। हालांकि, मैंने $200 की धनवापसी का भी अनुरोध किया है जो आपको 48 घंटों के भीतर प्राप्त करना है। क्या कुछ और होगा जिसमें मैं आपकी मदद कर सकूं?",3,1
sure, ज़रूर,2,0
6543,6543,0,0
Perfect! Could you also please help me out with your credit card number?, उत्तम! क्या आप कृपया अपने क्रेडिट कार्ड नंबर के बारे में भी मेरी मदद कर सकते हैं?,3,2
I want to know my account balance, मैं अपने खाते की शेष राशि जानना चाहता हूँ,2,0
muthuraja, मुथुराजा:,0,0
Great! would you please share the 16 digit credit card number?, महान! क्या आप कृपया 16 अंकों का क्रेडिट कार्ड नंबर साझा करेंगे?,3,0
Thank you. Give me just a moment while I update that for you!," शुक्रिया। जब तक मैं इसे आपके लिए अपडेट करता हूं, मुझे बस एक क्षण दें!",3,0
chakravarthi, चक्रवर्ती,2,0
How may I help you today?, आज मैं आपकी कैसे मदद कर सकता हूँ?,2,0
"Thanks Karthi. Please provide me the  last 4 digits of the account number.

", धन्यवाद कार्थी। कृपया मुझे खाता संख्या के अंतिम 4 अंक प्रदान करें।,3,0
Okay! Could you also please tell me whether there was any police report filed?, ठीक! क्या आप कृपया मुझे यह भी बता सकते हैं कि क्या कोई पुलिस रिपोर्ट दर्ज की गई थी?,3,0
"Hey Elizabath, Could you please let me know the last 4 digits of SSN and the last 4 digits of credit card account number?"," हे एलिजाबेथ, क्या आप कृपया मुझे एसएसएन के अंतिम 4 अंक और क्रेडिट कार्ड खाता संख्या के अंतिम 4 अंक बता सकते हैं?",3,0
sure my name is Latonya Simms and the last 4 of my ssn is 5223 and the last 4 of the expired card is 5288, निश्चित रूप से मेरा नाम लैटोनिया सिम्स है और मेरे एसएसएन का अंतिम 4 5223 है और समाप्त कार्ड का अंतिम 4 5288 है,2,0
"Thank you for waiting patiently the address will be changed shorty and it'll take up to 2 hours for the changes to be effective and you'll get a confirmation email about the same
","धैर्यपूर्वक प्रतीक्षा करने के लिए धन्यवाद, पता संक्षिप्त रूप से बदल दिया जाएगा और परिवर्तनों को प्रभावी होने में 2 घंटे तक का समय लगेगा और आपको इसके बारे में एक पुष्टिकरण ईमेल प्राप्त होगा",3,1
NAME -UNDERTAKER SSN -8664, नाम - अंडरटेकर एसएसएन -8664,0,0
Sorry for the delay. You can go by yourself and close the account. In case if you couldn't go then someone can go to the bank on your behalf with your credentials., विलंब के लिए क्षमा चाहते हैं। आप स्वयं जाकर खाता बंद कर सकते हैं। यदि आप नहीं जा सकते हैं तो कोई आपकी ओर से आपकी साख के साथ बैंक जा सकता है।,3,0
"Thank you,Sam. Please could you also help me with the credit card number and also your SSN number?"," धन्यवाद, सैम। कृपया क्या आप क्रेडिट कार्ड नंबर और अपने एसएसएन नंबर के साथ भी मेरी मदद कर सकते हैं?",3,0
My four digits account number 1718, मेरा चार अंको का खाता क्रमांक 1718,1,0
yes, हां,2,0
Always a pleasure. Have a great day., हमेशा एक खुशी की बात है। आपका दिन अच्छा रहे।,3,2
OK, ठीक है,2,0
"Thank you Angel, Could you please let me know the last 4 digits of the accounts from which you'd like to transfer?"," धन्यवाद एंजेल, क्या आप कृपया मुझे उन खातों के अंतिम 4 अंक बता सकते हैं जिनसे आप स्थानांतरित करना चाहते हैं?",3,0
ok thank you bye, ठीक है धन्यवाद अलविदा,3,0
Perfect! would you please share the last four digits of your SSN?, उत्तम! क्या आप कृपया अपने SSN के अंतिम चार अंक साझा करेंगे?,3,0
Can I check my acount balance., क्या मैं अपने खाते की शेष राशि की जांच कर सकता हूं.,0,0
thank you, धन्यवाद,2,2
"Sure, please allow me a minute to update your address."," ज़रूर, कृपया मुझे अपना पता अपडेट करने के लिए एक मिनट का समय दें।",2,0
I WANT TO CHECK MY ACCOUNT BALANCE,मैं अपना खाता शेष देखना चाहता/चाहती हूं,1,0
"Sure, but at the moment I'm afraid I am unable to help you in this regard. However I've contacted the concerned authorities. They’ll be connecting with you in the next 24 hours and help you with the low interest rate accounts. Would you need anything else?"," ज़रूर, लेकिन इस समय मुझे डर है कि मैं इस संबंध में आपकी मदद करने में असमर्थ हूँ। हालांकि मैंने संबंधित अधिकारियों से संपर्क किया है। वे अगले 24 घंटों में आपके साथ जुड़ जाएंगे और कम ब्याज दर वाले खातों में आपकी सहायता करेंगे। क्या आपको कुछ और चाहिए होगा?",3,0
02-02-2018,02-02-2018,0,0
"KENNEDY, SSN : 6674 AND A/C : 8807"," कैनेडी, एसएसएन: 6674 और ए/सी: 8807",0,0
OH Oh sorry wanna transfer 25000 $, ओह ओह सॉरी 25000 $ . ट्रांसफर करना चाहते हैं,2,0
Good Morning!, शुभ प्रभात!,3,2
"Your welcome, would there be anything else I may help you with today?"," आपका स्वागत है, क्या आज मैं आपकी कुछ और मदद कर सकता हूँ?",3,0
kindly share your new address., कृपया अपना नया पता साझा करें।,2,2
Hey! How may I help you today?, अरे! आज मैं आपकी कैसे मदद कर सकता हूँ?,3,0
2031 and 2000$, 2031 और 2000$,0,0
"I hope we're connected? If there is no response, the chat will be automatically disconnected in 20 seconds."," मुझे आशा है कि हम जुड़े हुए हैं? यदि कोई प्रतिक्रिया नहीं होती है, तो चैट 20 सेकंड में अपने आप डिस्कनेक्ट हो जाएगी।",2,1
"Awesome! Also, may I please know the last four digits of your account number??"," बहुत बढ़िया! साथ ही, क्या मैं कृपया आपके खाता संख्या के अंतिम चार अंक जान सकता हूँ ??",3,2
I used on 19/06/2018 for purchase, मैंने 19/06/2018 को खरीद के लिए इस्तेमाल किया,1,0
Thanks Amy. To pull up the information I will require your last 4 digits of the SSN.,धन्यवाद एमी। जानकारी प्राप्त करने के लिए मुझे आपके एसएसएन के अंतिम 4 अंकों की आवश्यकता होगी।,3,0
gud mrng, सुप्रभात,2,0
Hello., नमस्ते।,3,0
Yes we are connected!, हाँ हम जुड़े हुए हैं!,2,0
YES, हां,2,2
thanks you. can I order some checks as well, धन्यवाद। क्या मैं कुछ चेक भी मंगवा सकता हूँ?,3,2
hi, नमस्ते,2,0
Sure. I'll help you with that. Could you please help me with your name and the four digits of SSN?, ज़रूर। मैं इसमें आपकी मदद करूंगा। क्या आप कृपया मुझे अपने नाम और एसएसएन के चार अंकों के साथ मदद कर सकते हैं?,3,0
2345,2345,0,0
"We are glad that you are interested in our bank. However, for any information about the interest rates and loans, please feel free to visit our official website www.bankers.com."," हमें खुशी है कि आप हमारे बैंक में रुचि रखते हैं। हालांकि, ब्याज दरों और ऋणों के बारे में किसी भी जानकारी के लिए, कृपया बेझिझक हमारी आधिकारिक वेबसाइट www.bankers.com पर जाएं।",3,2
ok, ठीक है,2,0
USA 41451, यूएसए 41451,0,0
Good Morning, शुभ प्रभात,3,0
hmmm ok, हम्म ठीक है,2,0
Correct SSN : 555-66-5656, सही एसएसएन: 555-66-5656,0,0
4268,4268,0,0
"Awesome.I have processed the request and the charge has been removed. I do apologize for the inconvenience caused.
", बहुत बढ़िया।मैंने अनुरोध संसाधित कर दिया है और शुल्क हटा दिया गया है। हुई असुविधा के लिए मुझे खेद है।,3,2
Okay, ठीक,2,0
" 200 E MAIN ST
   PHOENIX AZ 85123
   USA", 200 ई मेन सेंट फीनिक्स एजेड 85123 यूएसए,0,0
"Your welcome, would there be anything else I may help you with today? ","आपका स्वागत है, क्या आज मैं आपकी कुछ और मदद कर सकता हूँ?",3,0
"NO-5 PK ROAD ,VSKH-654"," नंबर-5 पीके रोड, वीएसकेएच-654",1,0
Could you please let me know the date of charge?, क्या आप कृपया मुझे प्रभार की तारीख बता सकते हैं?,3,0
9777,9777,0,0
MY NAME IS JOHN FRANCIS, मेरा नाम जॉन फ्रांसिस है,2,0
"I appreciate for holding on, your request has been successful. "," मैं रुकने के लिए सराहना करता हूं, आपका अनुरोध सफल रहा है।",3,2
is there any login id reqired, क्या कोई लॉगिन आईडी अपेक्षित है,1,0
6549,6549,0,0
That's amazing! Please allow me a moment while I go ahead and block your card., वह आश्चर्यजनक है! कृपया मुझे कुछ समय दें जब तक मैं आगे बढ़ूं और आपका कार्ड ब्लॉक कर दूं।,3,1
I want to transfer money to another account, मैं दूसरे खाते में पैसे ट्रांसफर करना चाहता हूं,1,0
You’re welcome. Always a pleasure to assist customers like you. Have a great day!, आपका स्वागत है। आप जैसे ग्राहकों की सहायता करने में हमेशा खुशी होती है। आपका दिन अच्छा रहे!,3,2
"Hi, I need to change the address on my account please"," नमस्ते, कृपया मुझे अपने खाते का पता बदलना होगा",3,0
"Anything else I may help you out with?
", कुछ और मैं आपकी मदद कर सकता हूं?,2,0
Have a great day, आपका दिन अच्छा रहे,2,2
Are you connected, क्या आप जुड़े हुए हैं,0,0
ssn no:8373 and my card no: 4343-0000-3874-8383, एसएसएन नंबर:8373 और मेरा कार्ड नंबर: 4343-0000-3874-8383,1,0
8346,8346,0,0
"32 Stillwater St. 
Baldwin, NY 11510"," 32 स्टिलवॉटर सेंट बाल्डविन, एनवाई 11510",0,0
"sure sam, case will reported,please block the card"," ज़रूर सैम, मामला रिपोर्ट किया जाएगा, कृपया कार्ड को ब्लॉक करें",2,1
4.60E+18,4.60E+18,0,0
Alright. What's the sum of amount to be transferred?, ठीक है। हस्तांतरित की जाने वाली राशि की राशि क्या है?,1,0
thanks, धन्यवाद,2,2
"Awesome! Also, may I please know the last four digits of your account number?","बहुत बढ़िया! साथ ही, क्या मैं आपकी खाता संख्या के अंतिम चार अंक जान सकता हूं?",3,2
Awesome! Please allow me a moment while I do the needful., बहुत बढ़िया! कृपया मुझे एक क्षण की अनुमति दें जबकि मैं आवश्यक कार्य करता हूं।,3,2
"I appreciate you for bringing this to our notice, as I'm aware of the situation now I'll make sure the card is blocked and you'll be getting a new card."," इसे हमारे संज्ञान में लाने के लिए मैं आपकी सराहना करता हूं, क्योंकि मैं अब स्थिति से अवगत हूं, मैं सुनिश्चित करूंगा कि कार्ड अवरुद्ध है और आपको एक नया कार्ड मिलेगा।",3,2
"You're most welcome. Always a  pleasure assisting a valuable customer like you. Have a great day ahead. Looking forward to seeing you soon.
",आपका स्वागत है। आप जैसे मूल्यवान ग्राहक की सहायता करने में हमेशा खुशी होती है। आगे एक महान दिन हो। जल्द ही आपको देखने की इच्छा है।,3,2
Thank you for your help Alex?, आपकी मदद एलेक्स के लिए धन्यवाद?,3,2
"Okay! so, did you file a police report about the lost card? "," ठीक! तो, क्या आपने खोए हुए कार्ड के बारे में पुलिस रिपोर्ट दर्ज की?",2,1
"I highly appreciate your patience, I would like to inform you that I've successfully updated your address to 22, Jacob Colony."," मैं आपके धैर्य की बहुत सराहना करता हूं, मैं आपको सूचित करना चाहता हूं कि मैंने आपका पता 22, जैकब कॉलोनी में सफलतापूर्वक अपडेट कर दिया है।",3,2
"oh oh sorry my new address wrongly said  my new address is PO 222, Park Road, NY-10009"," ओह ओह सॉरी मेरे नए पते ने गलत कहा मेरा नया पता पीओ 222 है, पार्क रोड, एनवाई-10009",3,0
ok, ठीक है,2,0
Hello! Good morning!, नमस्ते! सुबह बख़ैर!,3,0
Thank you.To get your bank details I would need your last 4 digits of SSN., धन्यवाद।आपका बैंक विवरण प्राप्त करने के लिए मुझे आपके एसएसएन के अंतिम 4 अंकों की आवश्यकता होगी।,3,0
bye, अलविदा,2,0
"Thank you so much for your patience John, I've checked with your account and would like to inform you that you've a balance of $1500."," आपके धैर्य के लिए बहुत-बहुत धन्यवाद जॉन, मैंने आपके खाते की जांच की है और आपको सूचित करना चाहता हूं कि आपके पास $1500 की शेष राशि है।",3,2
This chat will get disconnected automatically in the next 30 seconds if the user does not respond., यदि उपयोगकर्ता प्रतिक्रिया नहीं देता है तो यह चैट अगले 30 सेकंड में अपने आप डिस्कनेक्ट हो जाएगी।,2,1
Is there anything else I could help you with?, क्या कुछ और है जिसमें मैं आपकी मदद कर सकता हूं?,2,0
Good, अच्छा,3,2
I NEED HELP FROM YOU, मुझे आपसे मदद चाहिए,1,0
Thank you. Could you please share the complete credit card number?, शुक्रिया। क्या आप कृपया पूरा क्रेडिट कार्ड नंबर साझा कर सकते हैं?,3,0
You’re most welcome. Is there anything else I could help you with?, आपका स्वागत है। क्या कुछ और है जिसमें मैं आपकी मदद कर सकता हूं?,3,2
YES, हां,2,2
600,600,0,0
hi, नमस्ते,2,0
4555,4555,0,0
"Perfect. Could you please provide me your complete credit card number.
", उत्तम। क्या आप कृपया मुझे अपना पूरा क्रेडिट कार्ड नंबर प्रदान कर सकते हैं।,3,2
I would like order a new card, मुझे एक नया कार्ड ऑर्डर करना है,2,0
6859,6859,0,0
Could you please be more specific about the amount of the charge?, क्या आप कृपया शुल्क की राशि के बारे में अधिक विशिष्ट हो सकते हैं?,3,0
23rd, 23 वें,0,0
"Hello, how may I help you today?"," हैलो, मैं आज आपकी कैसे मदद कर सकता हूं?",3,0
NO THANK BYEE, नो थैंक्स बाय,3,1
"Perfect. Could you please provide me your complete credit card number.
", उत्तम। क्या आप कृपया मुझे अपना पूरा क्रेडिट कार्ड नंबर प्रदान कर सकते हैं।,3,2
ok thanks, ठीक है धन्यवाद,3,0
"I’m sorry about that. I understand you're upset, and I will do my best to help you. Please may I know your name?","मैं इस बारे में माफी चाहता हूँ। मैं समझता हूँ कि आप परेशान हैं, और मैं आपकी मदद करने की पूरी कोशिश करूँगा। कृपया क्या मैं आपका नाम जान सकता हूँ?",3,1
I LOST MY CREDIT CARD, मैंने अपना क्रेडिट कार्ड खो दिया,0,1
m glad I could help.Thanks for reaching out to us. Have a great day!, मुझे खुशी है कि मैं मदद कर सका।हमसे संपर्क करने के लिए धन्यवाद। आपका दिन अच्छा रहे!,3,2
Kaden Barron, काडेन बैरोन,0,0
"Awesome. I have done the needful. The amount has been successfully transferred.
", बहुत बढ़िया। मैंने जरूरी काम किया है। राशि सफलतापूर्वक स्थानांतरित कर दी गई है।,3,2
"Okay! Not a problem! I had made a request to our department to issue a new card for you. Our associate will soon contact you for confirming a few credentials. And soon, you'll receive a new card on your registered address. I've blocked the card for now."," ठीक! एक समस्या नहीं है! मैंने आपके लिए एक नया कार्ड जारी करने के लिए हमारे विभाग से अनुरोध किया था। कुछ क्रेडेंशियल की पुष्टि के लिए हमारा सहयोगी जल्द ही आपसे संपर्क करेगा। और जल्द ही, आपको अपने पंजीकृत पते पर एक नया कार्ड प्राप्त होगा। मैंने अभी के लिए कार्ड ब्लॉक कर दिया है।",3,1
Kala, कला,0,0
HOW TO CHECK MY BALACE, मेरे बाले की जांच कैसे करें,0,0
REPORT MY CREDIT BILL, मेरे क्रेडिट बिल की रिपोर्ट करें,0,0
Oh God!, हाय भगवान्!,2,0
600$, 600$,0,0
"My new address is 34 Rudd Road in Kamagua, Alaska, zip code 99500."," मेरा नया पता कामगुआ, अलास्का में 34 रुड रोड, ज़िप कोड 99500 है।",1,0
ok, ठीक है,2,0
"Sure! That won't be a problem. Certainly, I'll help you. May I know your full name?"," ज़रूर! यह कोई समस्या नहीं होगी। ज़रूर, मैं आपकी मदद करूँगा। क्या मैं आपका पूरा नाम जान सकता हूँ?",3,0
"For sure, May I know your name please?"," निश्चित रूप से, क्या मैं आपका नाम जान सकता हूँ?",3,0
Sure.Could you please share the complete credit card number?, ज़रूर।क्या आप कृपया पूरा क्रेडिट कार्ड नंबर साझा कर सकते हैं?,3,0
Ramya could you please share your new address?, राम्या क्या आप कृपया अपना नया पता साझा कर सकते हैं?,3,0
hi, नमस्ते,2,0
would you please help me with the last digit of your SSN?, क्या आप कृपया अपने एसएसएन के अंतिम अंक के साथ मेरी मदद करेंगे?,3,0
Hello, नमस्ते,2,0
Hello., नमस्ते।,3,0
16th june, 16 जून,0,0
Oh! Don't worry! I'll help you right away., ओह! चिंता मत करो! मैं आपकी तुरंत मदद करूंगा।,2,2
OK  THANK, ठीक है धन्यवाद,3,2
7.54E+18,7.54E+18,0,0
"No, thank a lot, have a joyful day."," नहीं, बहुत-बहुत धन्यवाद, आपका दिन मंगलमय हो।",3,2
"Hello there, how may I help you today?"," नमस्ते, मैं आज आपकी कैसे मदद कर सकता हूं?",3,0
Thank you for sharing the information. I've processed the request for the change of address. You'll shortly receive a confirmation message. Would you need anything else?, जानकारी साझा करने के लिए धन्यवाद। मैंने पते में परिवर्तन के अनुरोध को संसाधित कर लिया है। आपको शीघ्र ही एक पुष्टिकरण संदेश प्राप्त होगा। क्या आपको कुछ और चाहिए होगा?,3,2
ok fine..I have one more doubt.. How to apply new credit card.., ठीक है .. मुझे एक और संदेह है .. नया क्रेडिट कार्ड कैसे लागू करें ..,2,0
RAMU, रामू,0,0
1000,1000,0,0
"My pleasure. Anything else I may help you out with?
", मेरा सौभाग्य। कुछ और मैं आपकी मदद कर सकता हूं?,3,2
Hey!, अरे!,3,0
Okay great! Thank you so much for your cooperation. Have a great day!, ठीक है बढ़िया! आपके सहयोग के लिए बहुत बहुत धन्यवाद। आपका दिन अच्छा रहे!,3,2
"did I help you in resolving all your queries for today? 
", क्या मैंने आज के लिए आपके सभी प्रश्नों को हल करने में आपकी मदद की?,2,0
The request for transferring the amount of $6000 to the account ending with 6541 from the account ending 5587 has been processed. You will soon receive a confirmation message to your registered mobile number.,5587 को समाप्त होने वाले खाते से $6000 की राशि को 6541 से समाप्त होने वाले खाते में स्थानांतरित करने के अनुरोध पर कार्रवाई की गई है। आपको जल्द ही अपने पंजीकृत मोबाइल नंबर पर एक पुष्टिकरण संदेश प्राप्त होगा।,1,0
"Perfect. Could you please provide me the last 4 digits of the account number.
", उत्तम। क्या आप कृपया मुझे खाता संख्या के अंतिम 4 अंक प्रदान कर सकते हैं।,3,0
Perfect! May I know if there's any complaint filed to the police about the lost?, उत्तम! क्या मुझे पता चलेगा कि गुमशुदा होने के बारे में पुलिस में कोई शिकायत दर्ज की गई है?,2,2
"ok ,sir,it is 4523 and 2301 respectively."," ठीक है, महोदय, यह क्रमशः 4523 और 2301 है।",2,0
OK BUT I HAVE A ERROR ON MY CREDIT CARD BILL . PLEASE CHECK MY BILL ., ठीक है लेकिन मेरे क्रेडिट कार्ड बिल में एक त्रुटि है। कृपया मेरा बिल जांचें।,2,1
Hey! How may I help you today?, अरे! आज मैं आपकी कैसे मदद कर सकता हूँ?,3,0
5062,5062,0,0
"Hello, how may I help you with today? *"," हैलो, मैं आज आपकी कैसे मदद कर सकता हूं? *",3,0
OK, ठीक है,2,0
ok, ठीक है,2,0
"Okay, I apologize that this happened due to some technical glitch, I've requested for a refund of $15, and also raised a complaint about this so that you don't face this error again, Would there be anything else I may help you with? "," ठीक है, मैं क्षमा चाहता हूं कि यह किसी तकनीकी गड़बड़ी के कारण हुआ, मैंने $15 की वापसी के लिए अनुरोध किया है, और इसके बारे में एक शिकायत भी की है ताकि आपको फिर से इस त्रुटि का सामना न करना पड़े, क्या कुछ और होगा जो मैं आपकी मदद कर सकता हूं साथ?",3,1
Please help me with the last four digits of the account number you would like the amount to be transferred to.,कृपया उस खाता संख्या के अंतिम चार अंकों के बारे में मेरी सहायता करें जिसमें आप राशि हस्तांतरित करना चाहते हैं।,3,0
"Okay great! Thank you so much for contacting us, have an amazing day ahead! "," ठीक है बढ़िया! हमसे संपर्क करने के लिए बहुत-बहुत धन्यवाद, आने वाला दिन शानदार हो!",3,2
8564,8564,0,0
NO THANKS," जी नहीं, धन्यवाद",3,1
"If it’s okay with you, we’ll need to collect a little bit of additional information before we proceed.
"," यदि यह आपके लिए ठीक है, तो आगे बढ़ने से पहले हमें थोड़ी अतिरिक्त जानकारी एकत्र करने की आवश्यकता होगी।",2,0
no, नहीं,1,1
"No . Thanks for your timely support
", नहीं । आपके समय पर समर्थन के लिए धन्यवाद,3,2
56 boyar street, 56 बोयार स्ट्रीट,2,0
Good bye, अलविदा,3,0
Sure!, ज़रूर!,2,0
2.25549E+14,2.25549E+14,0,0
04-01-2018,04-01-2018,0,0
Yes Seema., हाँ सीमा।,2,0
I would be glad to help you with transferring the amount. Could you please help me out with your name and last for digits of the SSN?, मुझे राशि ट्रांसफर करने में आपकी मदद करने में खुशी होगी। क्या आप कृपया मुझे अपने नाम के साथ मदद कर सकते हैं और एसएसएन के अंकों के लिए अंतिम हो सकते हैं?,3,0
"Sure, I will change that. What's the sum of amount to be transferred?","ज़रूर, मैं इसे बदल दूँगा। हस्तांतरित की जाने वाली राशि की राशि क्या है?",2,0
Name is Washinton Khoti and acc no. 5589745254, नाम वाशिंटन खोटी और एसीसी नं। 5589745254,2,0
Thank you so much for the details. Could you also help me out with your new address?, विवरण के लिए आपका बहुत-बहुत धन्यवाद। क्या आप अपने नए पते के बारे में भी मेरी मदद कर सकते हैं?,3,2
Give me a moment so that I can process your request., मुझे एक क्षण दें ताकि मैं आपके अनुरोध को संसाधित कर सकूं।,1,0
Always a pleasure. Is there anything else I may assist you with?, हमेशा एक खुशी की बात है। क्या कुछ और है जिसमें मैं आपकी सहायता कर सकता हूं?,3,2
Would there be anything else I may help you with today?, क्या आज मैं आपकी कुछ और मदद कर सकता हूँ?,2,0
"Hello, how may I help you with today?,"," हैलो, आज मैं आपकी कैसे मदद कर सकता हूँ?,",3,0
All right. When is the last time you have used your card?, ठीक है। आपने आखिरी बार कब अपने कार्ड का उपयोग किया है?,1,0
my last credit card bill was extra charge. so kindly refund me., मेरा पिछला क्रेडिट कार्ड बिल अतिरिक्त शुल्क था। तो कृपया मुझे वापस करें।,3,1
NO, ना,1,1
"Awesome! Also, may I please know the last four digits of your account number??"," बहुत बढ़िया! साथ ही, क्या मैं कृपया आपके खाता संख्या के अंतिम चार अंक जान सकता हूँ ??",3,2
NO, ना,1,1
Hello! how may I help you?, नमस्ते! मैं आपकी मदद कैसे कर सकता हूं?,3,0
"Thank you,Kenneth. Could you please help me with the account number and also your SSN?"," धन्यवाद, केनेथ। क्या आप कृपया मुझे खाता संख्या और अपने एसएसएन के साथ मदद कर सकते हैं?",3,0
HII, HII,2,0
I WOULD LIKE TO TRANSFER 1234 THIS ACOOUNT, मैं इस खाते को 1234 स्थानांतरित करना चाहता/चाहती हूं,2,1
"Awesome! Thank you so much for your cooperation, have a great day! "," बहुत बढ़िया! आपके सहयोग के लिए बहुत-बहुत धन्यवाद, आपका दिन मंगलमय हो!",3,2
hi i would like to report on last month credit bill charges error," नमस्ते, मैं पिछले महीने क्रेडिट बिल शुल्क त्रुटि पर रिपोर्ट करना चाहूंगा",3,1
"Okay, Please allow me a moment while I do that for you. "," ठीक है, कृपया मुझे एक पल दें जबकि मैं आपके लिए यह कर रहा हूं।",2,0
Thank you so much, बहुत-बहुत धन्यवाद,3,2
My name is Mukesh, मेरा नाम मुकेश है,2,0
"Hello there, How may I help you today?
"," नमस्ते, मैं आज आपकी कैसे मदद कर सकता हूँ?",3,0
"Thank you, Have a great day", धन्यवाद आपका दिन शुभ हो,3,2
Great! Always a pleasure assisting a valuable customer like you. Have a great day ahead. Looking forward to seeing you soon., महान! आप जैसे मूल्यवान ग्राहक की सहायता करने में हमेशा खुशी होती है। आगे एक महान दिन हो। जल्द ही आपको देखने की इच्छा है।,3,2
Great job! Kindly give me a minute to proceed further., अच्छा काम! कृपया मुझे आगे बढ़ने के लिए एक मिनट दें।,3,2
Hello there!, नमस्ते!,3,0
Thank you for waiting patiently the account has now been closed and you'll get an email shortly.," धैर्यपूर्वक प्रतीक्षा करने के लिए धन्यवाद, खाता अब बंद कर दिया गया है और आपको शीघ्र ही एक ईमेल प्राप्त होगा।",3,0
thank you very much, बहुत बहुत धन्यवाद,3,2
Perfect! Please give me a minute to proceed further., उत्तम! कृपया मुझे आगे बढ़ने के लिए एक मिनट दें।,3,2
John C. Smit, जॉन सी. स्मिता,0,0
hi, नमस्ते,2,0
THANK YOU, धन्यवाद,3,2
HI, नमस्ते,2,0
Not a problem as I've blocked the card.,कोई समस्या नहीं है क्योंकि मैंने कार्ड को ब्लॉक कर दिया है।,1,0
"hi, yea, i need to check my account balance can you help me out"," नमस्ते, हाँ, मुझे अपने खाते की शेष राशि की जाँच करने की आवश्यकता है क्या आप मेरी मदद कर सकते हैं",3,0
I need to change the address in my credit card record!, मुझे अपने क्रेडिट कार्ड रिकॉर्ड में पता बदलना होगा!,2,0
Thank you very much, आपका बहुत बहुत धन्यवाद,3,2
My ssn is 132 65 1284 and I don't know the card number because I don't have it anymore :(, मेरा एसएसएन 132 65 1284 है और मुझे कार्ड नंबर नहीं पता क्योंकि मेरे पास अब यह नहीं है :(,1,0
"Balance for account 4432 is $10,000 and account 1234 is $50,000."," खाते 4432 के लिए शेष राशि $10,000 है और खाता 1234 में $50,000 है।",0,0
"112 Overlook Ave. 
Buford, GA 30518"," 112 अनदेखी एवेन्यू। बुफोर्ड, जीए 30518",2,0
"Hello there, How may I help you today?
"," नमस्ते, मैं आज आपकी कैसे मदद कर सकता हूँ?",3,0
4523,4523,0,0
"Hello there, How may I help you today?
"," नमस्ते, मैं आज आपकी कैसे मदद कर सकता हूँ?",3,0
You're welcome! Is there anything else I may assist you with?, आपका स्वागत है! क्या कुछ और है जिसमें मैं आपकी सहायता कर सकता हूं?,2,2
I'll help you with that. Please give me a minute., मैं इसमें आपकी मदद करूंगा। कृपया मुझे एक मिनट दें।,2,0
Sure! Please allow me a moment while I do the needful., ज़रूर! कृपया मुझे एक क्षण की अनुमति दें जबकि मैं आवश्यक कार्य करता हूं।,2,0
5023,5023,0,0
"Thank you, please could you share with me the account number and also your SSN number?"," धन्यवाद, क्या आप मेरे साथ खाता संख्या और अपना एसएसएन नंबर साझा कर सकते हैं?",3,0
May I know your new address as well?, क्या मैं आपका नया पता भी जान सकता हूँ?,3,0
THANK YOU SO MUCH FOR YOUR HELP, आपकी मदद के लिए बहुत - बहुत धन्यवाद,3,2
Thanks again.Have you filed a report with the police regarding this issue?, फिर से धन्यवाद।क्या आपने इस मामले में पुलिस में रिपोर्ट दर्ज कराई है?,3,1
HI..., नमस्ते...,3,0
yeah i was filed on same day when i was lost., हाँ मुझे उसी दिन दायर किया गया था जब मैं खो गया था।,2,0
Could you please help me with the four digits of SSN?, क्या आप कृपया एसएसएन के चार अंकों के साथ मेरी मदद कर सकते हैं?,3,0
plz share my last date order checks, कृपया मेरी अंतिम तिथि आदेश चेक साझा करें,3,0
Yes, हाँ,2,0
"Please, help me with the last four digits of the account number you would like the amount to be transferred to."," कृपया, उस खाता संख्या के अंतिम चार अंकों के बारे में मेरी सहायता करें, जिसमें आप राशि हस्तांतरित करना चाहते हैं।",2,0
Hai, हाई,2,0
9542,9542,0,0
8465,8465,0,0
Thala.R..SSN number:4879, थाला.आर..एसएसएन नंबर:4879,0,0
Good evening madam, शुभ संध्या महोदया,3,0
there is an error on my credit card bill, मेरे क्रेडिट कार्ड बिल में एक त्रुटि है,1,1
4879,4879,0,0
Do you need any details ?, क्या आपको कोई विवरण चाहिए?,1,0
MOHAN, मोहन,0,0
Hmmm, हम्म,0,0
If I’m understanding you correctly you want to report your card lost. Correct?,यदि मैं आपको सही ढंग से समझ रहा हूँ तो आप अपने कार्ड के गुम होने की सूचना देना चाहते हैं। सही?,1,1
"okay thanks for sharing that information, could you please also help me with your new address?","ठीक है उस जानकारी को साझा करने के लिए धन्यवाद, क्या आप कृपया अपने नए पते के साथ मेरी मदद कर सकते हैं?",3,0
May I also know the last four digits of your SSN?, क्या मैं आपके SSN के अंतिम चार अंक भी जान सकता हूँ?,2,0
Hey there! How may I help you today?, सुनो! आज मैं आपकी कैसे मदद कर सकता हूँ?,3,0
Let me know banks routing number, मुझे बैंकों का रूटिंग नंबर बताएं,1,0
Great! could you please share the 16 digits of your credit card number?, महान! क्या आप कृपया अपने क्रेडिट कार्ड नंबर के 16 अंक साझा कर सकते हैं?,3,0
Perfect! would you please help me with the last four digits of your SSN?, उत्तम! क्या आप कृपया अपने एसएसएन के अंतिम चार अंकों के साथ मेरी मदद करेंगे?,3,0
that is al, वह अली है,1,0
"I’m sorry about it. Don’t worry. I've updated your bill statement. You would be receiving a confirmation message in a while. Let me know if you have any other queries.

", मुझे इसका खेद है। चिंता मत करो। मैंने आपका बिल विवरण अपडेट कर दिया है। आपको थोड़ी देर में एक पुष्टिकरण संदेश प्राप्त होगा। यदि आपके कोई अन्य प्रश्न हैं तो मुझे बताएं।,3,1
"Hey Marty, Could you please let me know the last 4 digits of SSN and the last 4 digits of credit card account number?"," हे मार्टी, क्या आप कृपया मुझे एसएसएन के अंतिम 4 अंक और क्रेडिट कार्ड खाता संख्या के अंतिम 4 अंक बता सकते हैं?",3,0
2548,2548,0,0
May i know the procedure of blocking my card, क्या मैं अपना कार्ड ब्लॉक करने की प्रक्रिया जान सकता हूँ,2,0
Thank you very much, आपका बहुत बहुत धन्यवाद,3,2
You’re welcome. I had a great time assisting you. Please do feel free to reach out to us for further queries. Have a good day. Bye now., आपका स्वागत है। मुझे आपकी सहायता करने में बहुत अच्छा लगा। कृपया आगे के प्रश्नों के लिए हमसे बेझिझक संपर्क करें। आपका दिन शुभ हो। अलविदा।,3,2
"Thank you for your valuable information. As I've checked, I see that the account balance of the account ending with 6584 is $18000."," आपकी बहुमूल्य जानकारी के लिए धन्यवाद। जैसा कि मैंने जाँच की है, मैं देखता हूँ कि 6584 के साथ समाप्त होने वाले खाते का खाता शेष $18000 है।",3,0
"I'm doing good, thank you. What can I help you with today?"," मैं अच्छा कर रहा हूँ, धन्यवाद। आज मैं आपकी क्या मदद कर सकता हूँ?",3,2
"I'm sorry for that. Sure. Could you please help me with your full name, the last four digits of your SSN and your credit card number so that I can check that for you and correct it?
"," मैं उसके लिए माफी चाहता हूँ। ज़रूर। क्या आप कृपया अपना पूरा नाम, अपने एसएसएन के अंतिम चार अंक और अपने क्रेडिट कार्ड नंबर के साथ मेरी मदद कर सकते हैं ताकि मैं आपके लिए इसकी जांच कर सकूं और इसे सही कर सकूं?",3,0
sir i need a year by year plan and schedule the amount process," महोदय, मुझे साल दर साल योजना और राशि प्रक्रिया निर्धारित करने की आवश्यकता है",1,0
"okay! Thanks for being patient and sharing that valuable information, Please allow me a moment while I process with your request.","ठीक है! धैर्य रखने और उस मूल्यवान जानकारी को साझा करने के लिए धन्यवाद, कृपया मुझे आपके अनुरोध के साथ संसाधित करने के लिए कुछ समय दें।",3,2
1231,1231,0,0
"Okay! so, did you file a police report about the lost credit card?"," ठीक! तो, क्या आपने खोए हुए क्रेडिट कार्ड के बारे में पुलिस रिपोर्ट दर्ज की?",2,1
7899,7899,0,0
"Need to know about your company's new lower rates in a commercial 
", एक विज्ञापन में अपनी कंपनी की नई कम दरों के बारे में जानने की जरूरत है,1,0
I'd be glad to assist you today!, मुझे आज आपकी सहायता करने में खुशी होगी!,3,2
Perfect! Please give me a minute to proceed further., उत्तम! कृपया मुझे आगे बढ़ने के लिए एक मिनट दें।,3,2
Thank you for waiting patiently the address will be changed shorty and it'll take up to 2 hours for the changes to be effective and you'll get a confirmation email as well.," धैर्यपूर्वक प्रतीक्षा करने के लिए धन्यवाद, पता संक्षिप्त रूप से बदल दिया जाएगा और परिवर्तनों को प्रभावी होने में 2 घंटे तक का समय लगेगा और आपको एक पुष्टिकरण ईमेल भी प्राप्त होगा।",3,1
ok thank you so much, ठीक है आपका बहुत धन्यवाद,3,2
"Thank you. Could you help me with the date and amount of the extra charge?

", शुक्रिया। क्या आप अतिरिक्त शुल्क की तारीख और राशि के बारे में मेरी मदद कर सकते हैं?,3,0
"Hello, how may I help you with today?"," हैलो, मैं आज आपकी कैसे मदद कर सकता हूं?",3,0
i want account balance check, मुझे अकाउंट बैलेंस चेक चाहिए,1,0
"Hello there, How may I help you today?
"," नमस्ते, मैं आज आपकी कैसे मदद कर सकता हूँ?",3,0
8515,8515,0,0
"charged amount is $65. Date : 05/17/2018 Time : 1:30 PM .. Payment paid for Google pay

", चार्ज की गई राशि $65 है। दिनांक: 05/17/2018 समय: दोपहर 1:30 बजे .. Google पे के लिए भुगतान किया गया,0,0
OK, ठीक है,2,0
All right. To process any request the basic information's are required. I'll be not able tp process your request without SSN., ठीक है। किसी भी अनुरोध को संसाधित करने के लिए बुनियादी जानकारी की आवश्यकता होती है। मैं एसएसएन के बिना आपके अनुरोध को संसाधित नहीं कर पाऊंगा।,3,1
The balance in account ending 5596 is $567., 5596 को समाप्त होने वाले खाते में शेष राशि $567 है।,0,0
Thank you for waiting patiently the address will be changed shorty and it'll take up to 2 hours for the changes to be effective and you'll get a confirmation email about the same," धैर्यपूर्वक प्रतीक्षा करने के लिए धन्यवाद, पता संक्षिप्त रूप से बदल दिया जाएगा और परिवर्तनों को प्रभावी होने में 2 घंटे तक का समय लगेगा और आपको इसके बारे में एक पुष्टिकरण ईमेल प्राप्त होगा",3,1
Could you also help me with you SSN?, क्या आप एसएसएन में भी मेरी मदद कर सकते हैं?,3,0
"
Oh! I see. Let me know if you have filed any police report regarding this issue.", ओह! समझा। मुझे बताएं कि क्या आपने इस मुद्दे के बारे में कोई पुलिस रिपोर्ट दर्ज की है।,2,0
That's perfect! Please could you provide me with the amount charged and also the date on which it was charged?, यह बिल्कुल सही है! कृपया क्या आप मुझे चार्ज की गई राशि और वह तारीख भी प्रदान कर सकते हैं जिस दिन इसे चार्ज किया गया था?,3,0
plz update my adress, कृपया मेरा पता अपडेट करें,3,0
1.789E+15,1.789E+15,0,0
"Sure, I'll be happy to do that for you. May I have your name please?"," ज़रूर, मुझे आपके लिए ऐसा करने में खुशी होगी। क्या मैं आपका नाम जान सकता हूं?",3,0
"Great, thank you so much."," बढ़िया, बहुत-बहुत धन्यवाद।",3,2
"Wou;d you need anything else,ma'am?",क्या आपको और कुछ चाहिए मैडम?,2,0
"good morning, my name is kil"," सुप्रभात, मेरा नाम किलो है",3,0
2443 and 3454, 2443 और 3454,0,0
Would there be anything else I may help you with today?, क्या आज मैं आपकी कुछ और मदद कर सकता हूँ?,2,0
Thanks for sharing that information., उस जानकारी को साझा करने के लिए धन्यवाद।,3,0
0064 and 0554, 0064 और 0554,0,0
hi, नमस्ते,2,0
Thank you. What's the sum of amount to be transferred?, शुक्रिया। हस्तांतरित की जाने वाली राशि की राशि क्या है?,3,0
Daria Laura Lang, डारिया लौरा लैंग,0,0
"Awesome! Also, may I please know the last four digits of your account number?","बहुत बढ़िया! साथ ही, क्या मैं आपकी खाता संख्या के अंतिम चार अंक जान सकता हूं?",3,2
"I would be glad to help you out in this regards. May I know your name please?
", मुझे इस संबंध में आपकी मदद करने में खुशी होगी। क्या मैं आपका नाम जान सकता हूँ?,3,0
8751,8751,0,0
"Thanks for sharing that information, Please allow me a moment while check that for you. "," उस जानकारी को साझा करने के लिए धन्यवाद, कृपया मुझे कुछ समय दें और इसे आपके लिए जांचें।",3,0
I'm doing good. Thank you., मैं अच्छा हूँ। शुक्रिया।,3,2
YES, हां,2,2
okay great! would you please share your new address?, ठीक है बढ़िया! क्या आप कृपया अपना नया पता साझा करेंगे?,3,2
Could you please help me with last 4 digits of SSN and account number of money market account and checking account?, क्या आप कृपया एसएसएन के अंतिम 4 अंक और मुद्रा बाजार खाते और चेकिंग खाते की खाता संख्या के साथ मेरी मदद कर सकते हैं?,3,0
good morning, शुभ प्रभात,3,2
"Hello, how may I help you with today?"," हैलो, मैं आज आपकी कैसे मदद कर सकता हूं?",3,0
"Chance Lozano
", मौका लोज़ानो,1,0
New address: Kollai adikkurange pavenge rail road..AU, नया पता: कोल्लई आदिकुरंगे पेवेंज रेल रोड..AU,2,0
i have last used it yesterday night at 10 pm. sure SSN is 3201, मैंने पिछली बार कल रात 10 बजे इसका इस्तेमाल किया था। सुनिश्चित करें कि एसएसएन 3201 है,2,0
"Sure! That won't be a problem. Certainly, I'll help you. May I know your full name?"," ज़रूर! यह कोई समस्या नहीं होगी। ज़रूर, मैं आपकी मदद करूँगा। क्या मैं आपका पूरा नाम जान सकता हूँ?",3,0
"Awesome! Also, may I please know the last four digits of your account number?","बहुत बढ़िया! साथ ही, क्या मैं आपकी खाता संख्या के अंतिम चार अंक जान सकता हूं?",3,2
i have forgot, मैं भूल गया,1,0
I LOST CREDIT CARD, मैंने क्रेडिट कार्ड खो दिया,0,1
OK, ठीक है,2,0
Thank you. Could you help me with the date and amount of the charge?,शुक्रिया। क्या आप शुल्क की तारीख और राशि के बारे में मेरी मदद कर सकते हैं?,3,0
I WANT TO CHANGE MY ADDRESS, मुझे अपना पता बदलना है,1,1
Surely I will help you. May I please know your first and last name?, ज़रूर मैं आपकी मदद करूँगा। क्या मैं आपका पहला और अंतिम नाम जान सकता हूँ?,3,0
I also sir, मैं भी सर,1,0
MY CREDIT CARD WAS EXPIRED, मेरा क्रेडिट कार्ड समाप्त हो गया था,1,0
"Sadie Cowan
", सैडी कोवान,0,0
Hey I wanted to report a lost credit card, अरे मैं एक खोए हुए क्रेडिट कार्ड की रिपोर्ट करना चाहता था,3,0
It was wonderful talking to you. Have a great day,आपसे बात करके बहुत अच्छा लगा। आपका दिन अच्छा रहे,3,2
I lost my credit card, मैंने अपना क्रेडिट कार्ड खो दिया है,1,1
NO THANK BYEE, नो थैंक्स बाय,3,1
well ... thanks man, अच्छा ... धन्यवाद यार,3,0
SSN:8541..Account number:9125, एसएसएन:8541..खाता संख्या:9125,0,0
3487,3487,0,0
my side over, मेरी तरफ,1,0
"Hai, my card missing so please close that"," हाय, मेरा कार्ड गायब है तो कृपया उसे बंद कर दें",2,0
YES PLEASE THE CHARGES ALSO,हाँ कृपया शुल्क भी लें,2,0
no thanks," जी नहीं, धन्यवाद",3,1
THANK YOU, धन्यवाद,3,2
Thank You so much., आपका बहुत-बहुत धन्यवाद।,3,2
I will do that now., मैं अब यह करूँगा।,1,0
DATE ON -06/05/2018 CHARGED $40, दिनांक -06/05/2018 को $40 चार्ज किया गया,0,0
NAME : DEVI, नाम : देवी,0,0
CHECK MY BALANCE, मेरा बैलेंस चेक करें,0,0
May I know the date when was the card last used?, क्या मुझे पता चल सकता है कि कार्ड का अंतिम बार कब उपयोग किया गया था?,2,0
i want change address, मुझे पता बदलना है,1,0
You're welcome. Is there anything else I may assist you with?, आपका स्वागत है। क्या कुछ और है जिसमें मैं आपकी सहायता कर सकता हूं?,2,2
"Daniel Russell, and My SSN 9636"," डेनियल रसेल, और माई एसएसएन 9636",0,0
"I would be glad to help you out in this regards. May I know your lat 4 digits of SSN? 
", मुझे इस संबंध में आपकी मदद करने में खुशी होगी। क्या मैं आपके SSN के अंतिम 4 अंक जान सकता हूँ?,3,0
Could you help me with the date the card was last used?, क्या आप उस तारीख के बारे में मेरी मदद कर सकते हैं जब कार्ड का अंतिम बार उपयोग किया गया था?,3,0
"Yes, I had a question. Last night while I was watching jeopardy I saw a commercial about new rates you guys are offering, they are a lot lower than what I currently pay. How can I get those rates on my account?"," हाँ, मेरा एक प्रश्न था। पिछली रात जब मैं ख़तरे को देख रहा था, मैंने नई दरों के बारे में एक विज्ञापन देखा जो आप लोग दे रहे हैं, वे मेरे द्वारा वर्तमान में भुगतान की जाने वाली दरों से बहुत कम हैं। मैं उन दरों को अपने खाते में कैसे प्राप्त कर सकता हूं?",2,1
Albert & SSN 2477, अल्बर्ट और एसएसएन 2477,0,0
May I know if there's a complaint about the credit card to the police?, क्या मुझे पता चल सकता है कि पुलिस को क्रेडिट कार्ड के बारे में कोई शिकायत है या नहीं?,2,0
Perfect! Please allow me a minute to transfer the amount., उत्तम! कृपया मुझे राशि हस्तांतरित करने के लिए एक मिनट का समय दें।,3,2
MY CREDIT CARD IS ERROR, मेरा क्रेडिट कार्ड त्रुटिपूर्ण है,0,1
thank you for kind help. bye, दयालु मदद के लिए धन्यवाद। अलविदा,3,2
thanks Riley, धन्यवाद रिले,3,2
You're most welcome. Would there be anything else I may help you with?,आपका स्वागत है। क्या कुछ और होगा जिसमें मैं आपकी मदद कर सकूं?,3,2
Cool! May I also know the last four digits of your SSN?, ठंडा! क्या मैं आपके SSN के अंतिम चार अंक भी जान सकता हूँ?,3,0
hi, नमस्ते,2,0
ok, ठीक है,2,0
"In that case, can you please help me with the last 4 digits of the account number you wish the amount to be transferred to?"," उस स्थिति में, क्या आप कृपया मुझे उस खाता संख्या के अंतिम 4 अंकों में मदद कर सकते हैं जिसमें आप राशि को स्थानांतरित करना चाहते हैं?",3,0
Could you also please help me out with the last 4 digits of your SSN and credit card number?, क्या आप कृपया अपने एसएसएन और क्रेडिट कार्ड नंबर के अंतिम 4 अंकों के बारे में भी मेरी मदद कर सकते हैं?,3,0
6654,6654,0,0
"Thank you for sharing the details, please give me a moment while I do the needful. ","विवरण साझा करने के लिए धन्यवाद, कृपया मुझे एक क्षण दें जबकि मैं आवश्यक कार्य करता हूं।",3,0
ok, ठीक है,2,0
ok, ठीक है,2,0
You're welcome. Is there anything else I may assist you with?, आपका स्वागत है। क्या कुछ और है जिसमें मैं आपकी सहायता कर सकता हूं?,2,2
"Yes, I'm here to help you out. "," हाँ, मैं यहाँ आपकी मदद करने के लिए हूँ।",2,0
I apologize for the wrong conversation., गलत बातचीत के लिए मुझे खेद है।,3,0
AMOUNT IS $200, AMOUNT $200 . है,0,0
MY name is Obama, मेरा नाम ओबामा है,1,0
Oh ok, ओह ठीक,2,0
"Awesome! Thank you so much for your cooperation, have a great day! "," बहुत बढ़िया! आपके सहयोग के लिए बहुत-बहुत धन्यवाद, आपका दिन मंगलमय हो!",3,2
no, नहीं,1,1
I want to check my account balance, मैं अपने खाते की शेष राशि की जांच करना चाहता हूं,2,0
"A very good morning, How may i assist you today?"," एक बहुत ही सुप्रभात, आज मैं आपकी कैसे सहायता कर सकता हूँ?",3,2
"Thank you Adison, Could you let me know the last 4 digits of SSN and the last 4 digits of account number please?"," धन्यवाद एडिसन, क्या आप कृपया मुझे एसएसएन के अंतिम 4 अंक और खाता संख्या के अंतिम 4 अंक बता सकते हैं?",3,0
It was wonderful talking to you. Have a great day,आपसे बात करके बहुत अच्छा लगा। आपका दिन अच्छा रहे,3,2
Great! Always a  pleasure assisting a valuable customer like you. Have a great day ahead.,महान! आप जैसे मूल्यवान ग्राहक की सहायता करने में हमेशा खुशी होती है। आगे एक महान दिन हो।,3,2
"Hello there, How may I help you today?
"," नमस्ते, मैं आज आपकी कैसे मदद कर सकता हूँ?",3,0
"okay Awesome, I've blocked your card and also requested for your new card, which you will receive within 2 business days via post. Would there be anything else I may help you with? "," ठीक है बहुत बढ़िया, मैंने आपके कार्ड को ब्लॉक कर दिया है और आपके नए कार्ड के लिए भी अनुरोध किया है, जो आपको डाक के माध्यम से 2 कार्यदिवसों के भीतर प्राप्त होगा। क्या कुछ और होगा जिसमें मैं आपकी मदद कर सकूं?",3,0
"for sure, May I know your name please?"," निश्चित रूप से, क्या मैं आपका नाम जान सकता हूँ?",3,0
hi, नमस्ते,2,0
Ssn 2565, एसएसएन 2565,0,0
Not a problem. I will re edit the address for you., एक समस्या नहीं है। मैं आपके लिए पता फिर से संपादित करूंगा।,1,0
All right. I had a great time assisting you. Please do feel free to reach out to us for further queries. Have a good day. Bye now., ठीक है। मुझे आपकी सहायता करने में बहुत अच्छा लगा। कृपया आगे के प्रश्नों के लिए हमसे बेझिझक संपर्क करें। आपका दिन शुभ हो। अलविदा।,3,2
Before that may i know the account balance?, इससे पहले क्या मैं खाते की शेष राशि जान सकता हूँ?,1,0
SURE, ज़रूर,2,0
OK, ठीक है,2,0
Are we still connected Billy?, क्या हम अभी भी बिली से जुड़े हुए हैं?,1,0
I hope we are connected?, मुझे आशा है कि हम जुड़े हुए हैं?,2,0
EXCUSE ME I WANT TO CHANGE MY ACCOUNT ADDRESS !!!, क्षमा करें मैं अपना खाता पता बदलना चाहता हूँ !!!,3,1
Oh I'm so sorry to hear that! I'll definitely help you with this and ensure this is not repeated.," ओह, मुझे यह सुनकर बहुत अफ़सोस हुआ! मैं निश्चित रूप से इसमें आपकी मदद करूंगा और सुनिश्चित करूंगा कि यह दोहराया न जाए।",3,1
"Sure thing, could you please help me out with your full name and last 4 digits of your SSN?"," निश्चित रूप से, क्या आप कृपया अपना पूरा नाम और अपने एसएसएन के अंतिम 4 अंकों के साथ मेरी मदद कर सकते हैं?",3,0
Ok thanks bye, ठीक है धन्यवाद अलविदा,3,0
Account number 3456789, खाता संख्या 3456789,0,0
Thank you for reaching out to us. It's a pleasure assisting you., हमसे संपर्क की पहल के लिए आपका धन्यवाद। आपकी सहायता करना खुशी की बात है।,3,2
I'd also require the complete 16 digit credit card number.,मुझे पूरे 16 अंकों के क्रेडिट कार्ड नंबर की भी आवश्यकता होगी।,1,0
"Perfect. Could you please provide me the last four digits of your credit card number.
", उत्तम। क्या आप कृपया मुझे अपने क्रेडिट कार्ड नंबर के अंतिम चार अंक प्रदान कर सकते हैं।,3,0
"That's great! Please could you provide me with the new address, sir?","एक दम बढ़िया! क्या आप मुझे नया पता प्रदान कर सकते हैं, महोदय?",3,2
No, नहीं,1,0
OK THANK YOU, ठीक है धन्यवाद,3,2
no, नहीं,1,1
Hello!, नमस्ते!,3,0
To confirm that it's you could you please provide the credit card number?, यह पुष्टि करने के लिए कि आप क्रेडिट कार्ड नंबर प्रदान कर सकते हैं?,3,0
Hello! How could I help you today?, नमस्ते! मैं आज आपकी कैसे मदद कर सकता हूं?,3,0
"All right. Please provide me your credit card number.
", ठीक है। कृपया मुझे अपना क्रेडिट कार्ड नंबर प्रदान करें।,2,0
Thank you, आपको धन्यवाद,2,2
boobalan, बूबलन,0,0
Thank you so much for your time. You have an amazing day!, आपके समय के लिए बहुत बहुत शुक्रिया। आपके पास एक अद्भुत दिन है!,3,2
thank you for your information, आपकी जानकारी के लिए धन्यवाद,3,2
4636,4636,0,0
Thank you sharing the details. What's the sum of amount to be transferred?, विवरण साझा करने के लिए धन्यवाद। हस्तांतरित की जाने वाली राशि की राशि क्या है?,3,0
9485,9485,0,0
YES, हां,2,2
Are we still connected?, हम अभी भी जुड़े हैं?,1,0
OK THANK YOU, ठीक है धन्यवाद,3,2
one more question, एक और प्रश्न,0,0
hi, नमस्ते,2,0
"Hey there. How may I help you today?
", सुनो। आज मैं आपकी कैसे मदद कर सकता हूँ?,3,0
ok thank yoou, ठीक है धन्यवाद,3,0
I MAY YOUR HELP, मैं आपकी मदद कर सकता हूँ,2,0
700,700,0,0
$ 45.00, $45.00,0,0
I lost my credit card..., मैंने अपना क्रेडिट कार्ड खो दिया है...,1,1
18-06-2018,18-06-2018,0,0
no, नहीं,1,1
"Great. I hope you have a wonderful day ahead. Good Bye!
", महान। मुझे आशा है कि आपके पास आगे एक शानदार दिन होगा। अलविदा!,3,2
Would you please share your amount and time of the charge?, क्या आप कृपया अपनी राशि और शुल्क का समय साझा करेंगे?,3,0
Hello, नमस्ते,2,0
"Your welcome, would there be anything else I may help you with today? ","आपका स्वागत है, क्या आज मैं आपकी कुछ और मदद कर सकता हूँ?",3,0
1.20494E+15,1.20494E+15,0,0
no, नहीं,1,1
HI, नमस्ते,2,0
Hello, नमस्ते,2,0
Thank you so much, बहुत-बहुत धन्यवाद,3,2
Hey! A very good morning to you. How may I help you today?, अरे! आपके लिए एक बहुत ही शुभ प्रभात। आज मैं आपकी कैसे मदद कर सकता हूँ?,3,2
9845AS1453SH1915, 9845AS1453SH1915,0,0
$500, $500,0,0
5th may 2018, 5 मई 2018,0,0
"6/12/2018 at 1:22PM, amount $987.32"," 6/12/2018 दोपहर 1:22 बजे, राशि $987.32",0,0
"Pleasure assisting you. Please do contact us. We will be glad to assist you.
Thank you for your time and patience. You have a great day.
", आपकी सहायता करने में खुशी। कृपया हमसे संपर्क करें। हमें आपकी सहायता करने में खुशी होगी। आपके समय और धैर्य के लिए आपका धन्यवाद। आपका दिन बहुत बढ़िया हो।,3,2
Hello! Good morning!, नमस्ते! सुबह बख़ैर!,3,0
"Don’t worry, I've updated your bill statement. You would be receiving a confirmation message in a while. Let me know if you have any other queries.

"," चिंता न करें, मैंने आपका बिल विवरण अपडेट कर दिया है। आपको थोड़ी देर में एक पुष्टिकरण संदेश प्राप्त होगा। यदि आपके कोई अन्य प्रश्न हैं तो मुझे बताएं।",3,0
Thank you. Bear with me for a moment while our system finishes processing your information., शुक्रिया। एक पल के लिए मेरे साथ रहें जब तक हमारा सिस्टम आपकी जानकारी को संसाधित करना समाप्त कर दे।,3,0
Great! Always a  pleasure assisting a valuable customer like you. Have a great day ahead.,महान! आप जैसे मूल्यवान ग्राहक की सहायता करने में हमेशा खुशी होती है। आगे एक महान दिन हो।,3,2
"Thank you, could you please let me know the name?"," धन्यवाद, क्या आप कृपया मुझे नाम बता सकते हैं?",3,0
hi, नमस्ते,3,0
"Hello there, how may I assist you today? "," नमस्ते, मैं आज आपकी कैसे सहायता कर सकता हूँ?",3,0
"ok, no thanks, have a nice day guy"," ठीक है, नहीं धन्यवाद, आपका दिन शुभ हो यार",3,0
ACCOUNT NO :4826, खाता संख्या :4826,1,0
S DONE, एस हो गया,1,0
RAMYA, राम्या:,0,0
"are we still connected?
If there's no reply for the next 2 minutes this chat will be disconnected automatically.", हम अभी भी जुड़े हैं? अगर अगले 2 मिनट तक कोई जवाब नहीं मिलता है तो यह चैट अपने आप डिस्कनेक्ट हो जाएगी।,2,0
I hope we are connected?, मुझे आशा है कि हम जुड़े हुए हैं?,2,0
"Sure! I'd be glad to assist you with this one, could you please let me know the name, last 4 digits of SSN?","ज़रूर! मुझे इसमें आपकी सहायता करने में खुशी होगी, क्या आप कृपया मुझे एसएसएन के अंतिम 4 अंकों का नाम बता सकते हैं?",3,0
ssn : 9994, एसएसएन: 9994,0,0
3498,3498,0,0
"No, the problem is that the police are my enemy and I don't trust them :("," नहीं, समस्या यह है कि पुलिस मेरी दुश्मन है और मुझे उन पर भरोसा नहीं है :(",1,1
the last 4 digits of my ssn is 5232 and the last 4 of my acct number is 8970 and i live at 123 county road in baltimore md, मेरे ssn के अंतिम 4 अंक 5232 हैं और मेरी acct संख्या का अंतिम 4 अंक 8970 है और मैं बाल्टीमोर एमडी में 123 काउंटी रोड पर रहता हूँ,2,0
"Thank you for the information Robert. However I'll need your complete credit card number so that I can cancel the old one and issue the new card.
", जानकारी के लिए धन्यवाद रॉबर्ट। हालांकि मुझे आपके पूर्ण क्रेडिट कार्ड नंबर की आवश्यकता होगी ताकि मैं पुराने को रद्द कर सकूं और नया कार्ड जारी कर सकूं।,3,0
"Great! Always a  pleasure assisting a valuable customer like you. Have a great day ahead. Looking forward to seeing you soon.
", महान! आप जैसे मूल्यवान ग्राहक की सहायता करने में हमेशा खुशी होती है। आगे एक महान दिन हो। जल्द ही आपको देखने की इच्छा है।,3,2
ssn : 9950, एसएसएन: 9950,0,0
"Sure, how many do you need?"," ज़रूर, आपको कितने चाहिए?",2,0
Have a great day, आपका दिन अच्छा रहे,2,2
Good morning, सुबह बख़ैर,3,2
I couldn't be bale to help you with that more. You have to find a information regarding your identification and provide it to us. So that we can block your card right away., मैं आपकी इससे अधिक मदद करने के लिए गठजोड़ नहीं कर सकता। आपको अपनी पहचान के संबंध में एक जानकारी ढूंढनी होगी और उसे हमें प्रदान करना होगा। ताकि हम आपका कार्ड तुरंत ब्लॉक कर सकें।,2,0
Amazing! Thank you for the info could you also please help me out with the date of the charge?, अद्भुत! जानकारी के लिए धन्यवाद क्या आप शुल्क की तारीख के बारे में भी मेरी मदद कर सकते हैं?,3,2
I DONT REMEMBER MY SSN NUMBER RIGHT NOW.,मुझे अभी अपना एसएसएन नंबर याद नहीं है।,3,0
Superb, शानदार,2,2
I hope this was useful and I hope that I've answered all your quires for today?, मुझे आशा है कि यह उपयोगी था और मुझे आशा है कि मैंने आज के लिए आपके सभी प्रश्नों का उत्तर दिया है?,2,0
"Sure, please allow me a minute to update your address."," ज़रूर, कृपया मुझे अपना पता अपडेट करने के लिए एक मिनट का समय दें।",2,0
Perfect! May I know the sum of amount you'd like transfer?, उत्तम! क्या मुझे पता चल सकता है कि आप कितनी राशि ट्रांसफर करना चाहते हैं?,3,2
8521,8521,0,0
Thank you. Could you please help me out with the new address?, शुक्रिया। क्या आप कृपया मुझे नए पते के साथ मदद कर सकते हैं?,3,0
"For sure, May I know your name please?"," निश्चित रूप से, क्या मैं आपका नाम जान सकता हूँ?",3,0
within how many days he will contact me, कितने दिनों के भीतर वह मुझसे संपर्क करेगा,2,0
Credit card number:2746538573415879, क्रेडिट कार्ड नंबर: 2746538573415879,0,0
I highly appreciate for holding on. I've initiated your transfer. You'll receive an e-mail shortly., मैं धारण करने के लिए अत्यधिक सराहना करता हूं। मैंने आपका स्थानांतरण शुरू कर दिया है। आपको शीघ्र ही एक ई-मेल प्राप्त होगा।,3,2
"NO THANKS,"," जी नहीं, धन्यवाद,",3,1
Hai.....good morning .have a good day, नमस्ते.....सुप्रभात। आपका दिन शुभ हो,3,2
It has been used on 14th June 2018. I have filed a police report about the credit card., इसका उपयोग 14 जून 2018 को किया गया है। मैंने क्रेडिट कार्ड के बारे में पुलिस रिपोर्ट दर्ज की है।,1,1
5.45426E+15,5.45426E+15,0,0
You're always welcome. Goodbye!, आपका हमेशा स्वागत है। अलविदा!,3,2
"Hi, I'd like to order a new card."," नमस्ते, मैं एक नया कार्ड ऑर्डर करना चाहता/चाहती हूं।",3,0
23/06/2018 EXTRA CHARGE OF $100, 23/06/2018 $100 का अतिरिक्त शुल्क,0,1
Ok but I'm sorta in a hurry though.," ठीक है, लेकिन मैं हालांकि जल्दी में हूँ।",2,0
CHANGE IT TO 4952, इसे 4952 . में बदलें,0,0
Could you also help me out with the amount you would like to transfer?, क्या आप उस राशि में भी मेरी मदद कर सकते हैं जिसे आप स्थानांतरित करना चाहते हैं?,3,0
3928,3928,0,0
HI, नमस्ते,2,0
"Hello, how may I help you today?"," हैलो, मैं आज आपकी कैसे मदद कर सकता हूं?",3,0
I wish you a wonderful day ahead. Good bye!, मैं आपके आगे एक शानदार दिन की कामना करता हूं। अलविदा!,3,2
8738,8738,0,0
21/05/2018 AND $45, 21/05/2018 और $45,0,0
not yet. I thought about contacting you first before reporting it to the police,अभी तक नहीं। मैंने पुलिस को इसकी रिपोर्ट करने से पहले आपसे संपर्क करने के बारे में सोचा,3,1
Thanks you! Please could you elaborate on your query for me to help you futhere?, धन्यवाद! क्या आप अपनी क्वेरी के बारे में विस्तार से बता सकते हैं कि मैं आगे आपकी मदद कर सकूं?,3,2
"Thank you for being patient, I'd like to inform you that I've successfully transferred $400 to the account ending with 7834. "," धैर्य रखने के लिए धन्यवाद, मैं आपको सूचित करना चाहता हूं कि मैंने 7834 के साथ समाप्त होने वाले खाते में सफलतापूर्वक $400 ट्रांसफर कर दिए हैं।",3,2
"Okay, Shreya would you please share the amount and time of the charge?"," ठीक है, श्रेया क्या आप कृपया शुल्क की राशि और समय साझा करेंगी?",3,0
Awesome! I'd also require the complete 16 digit credit card number., बहुत बढ़िया! मुझे पूरे 16 अंकों के क्रेडिट कार्ड नंबर की भी आवश्यकता होगी।,3,0
32000,32000,0,0
i want change address on my credit card, मुझे अपने क्रेडिट कार्ड पर पता बदलना है,2,0
no. over, ना। ऊपर,1,0
Derek Cantrell, डेरेक कैंट्रेल,0,0
Report an error in my credit card bill and ask to have the charge removed, मेरे क्रेडिट कार्ड बिल में त्रुटि की रिपोर्ट करें और शुल्क हटाने के लिए कहें,1,0
thanks., धन्यवाद।,3,2
Awesome! Is there anything else I could help you with?, बहुत बढ़िया! क्या कुछ और है जिसमें मैं आपकी मदद कर सकता हूं?,3,2
"Thank you Tim, Could you please let me know the last 4 digits of SSN and the last 4 digits of credit card account number?"," धन्यवाद टिम, क्या आप कृपया मुझे एसएसएन के अंतिम 4 अंक और क्रेडिट कार्ड खाता संख्या के अंतिम 4 अंक बता सकते हैं?",3,0
"Thank you. Could you please provide me the date when card was last used.
", शुक्रिया। क्या आप कृपया मुझे वह तिथि प्रदान कर सकते हैं जब कार्ड का अंतिम बार उपयोग किया गया था।,3,0
Thank you very much, आपका बहुत बहुत धन्यवाद,3,2
Hello, नमस्ते,2,0
May I also know the last four digits of your SSN?, क्या मैं आपके SSN के अंतिम चार अंक भी जान सकता हूँ?,2,0
Thank You. To get your bank details I would need your last 4 digits of SSN., शुक्रिया। आपका बैंक विवरण प्राप्त करने के लिए मुझे आपके एसएसएन के अंतिम 4 अंकों की आवश्यकता होगी।,3,0
OK, ठीक है,2,0
OK, ठीक है,2,0
I WANT TO CHECK MY ACCOUNT BALANCE,मैं अपना खाता शेष देखना चाहता/चाहती हूं,1,0
20th june, 20 जून,0,0
"My new address is 28 Bukanan Ave, Staten Island, NY -10318"," मेरा नया पता 28 बुकानन एवेन्यू, स्टेटन आइलैंड, एनवाई -10318 है",1,0
4593,4593,0,0
1785,1785,0,0
"Hello, Lisa! Please help me with your query, I'll be happy to help.","हैलो, लिसा! कृपया अपने प्रश्न के साथ मेरी मदद करें, मुझे मदद करने में खुशी होगी।",3,0
Thank you for the information. I see that you have $5000 in your account. Let me know if you have any other queries.,जानकारी के लिए धन्यवाद। मैं देख रहा हूँ कि आपके खाते में $5000 हैं। यदि आपके कोई अन्य प्रश्न हैं तो मुझे बताएं।,3,0
"Great. I have gone ahead and updated the new address for your convenience.
",महान। मैंने आपकी सुविधा के लिए आगे बढ़कर नया पता अपडेट कर दिया है।,3,2
"Hello, how may I help you with today?"," हैलो, मैं आज आपकी कैसे मदद कर सकता हूं?",3,0
That's great! Please could you provide me with the date on which the card was last used?, एक दम बढ़िया! क्या आप मुझे वह तारीख बता सकते हैं जिस दिन कार्ड का अंतिम बार उपयोग किया गया था?,3,0
VINOTH KUMAR, विनोथ कुमारी,1,0
Perfect! would you please share the last four digits of your SSN?, उत्तम! क्या आप कृपया अपने SSN के अंतिम चार अंक साझा करेंगे?,3,0
"That's great, Neel! Please allow me a minute to check on your request."," यह बहुत अच्छा है, नील! कृपया मुझे आपके अनुरोध पर जांच करने के लिए एक मिनट का समय दें।",2,2
Awesome! Thank you for reaching out to us. Please feel free to reach out for further concerns., बहुत बढ़िया! हमसे संपर्क की पहल के लिए आपका धन्यवाद। कृपया आगे की चिंताओं के लिए बेझिझक पहुंचें।,3,2
Hi, नमस्ते,3,0
Sorry to hear that. Surely I will help you. May I please know your first and last name?, ऐसा सुनने के लिए क्षमा करें। ज़रूर मैं आपकी मदद करूँगा। क्या मैं आपका पहला और अंतिम नाम जान सकता हूँ?,3,0
Okay thank you, ठीक है धन्यवाद,3,0
yeah correct, हाँ सही,2,0
"Don't worry! I would be glad to help you out in this regards. May I know your name please?

", चिंता मत करो! मुझे इस संबंध में आपकी मदद करने में खुशी होगी। क्या मैं आपका नाम जान सकता हूँ?,3,2
Jessica Smith, जेसिका स्मिथ,0,0
"would you please help me with the date, when you used your credit card for the last time? "," क्या आप कृपया उस तारीख के बारे में मेरी मदद करेंगे, जब आपने पिछली बार अपने क्रेडिट कार्ड का उपयोग किया था?",3,0
Always a pleasure. Have a great day., हमेशा एक खुशी की बात है। आपका दिन अच्छा रहे।,3,2
Np, एनपी,0,0
All right. Please tell me the date and the time of the error., ठीक है। कृपया मुझे त्रुटि की तिथि और समय बताएं।,2,1
Nothing else, और कुछ नहीं,2,0
May I also know the last four digits of your SSN please?, क्या मैं आपके SSN के अंतिम चार अंक भी जान सकता हूँ?,3,0
YES, हां,2,2
Thank you for staying connected Daniel. Your account balance is $45000., डेनियल से जुड़े रहने के लिए धन्यवाद। आपके खाते की शेष राशि $45000 है।,3,0
Thank*, धन्यवाद देना*,3,2
"awesome, thank you", बहुत बढ़िया धन्यवाद,3,2
"hello, should i need to wait for more time ?"," हैलो, क्या मुझे और समय के लिए प्रतीक्षा करनी चाहिए?",3,0
May I know your full name please?, क्या मैं आपका पूरा नाम जान सकता हूँ?,3,0
HI, नमस्ते,2,0
no sir, नहीं साहब,1,0
Yes of course., हाँ बिल्कुल।,3,0
"ok, I will do that"," ठीक है, मैं वह काम करूंगा",2,0
I HAVE SOME ERROR IN MY CREDIT CARD BILL, मेरे क्रेडिट कार्ड बिल में कुछ त्रुटि है,1,1
kumar, कुमार,0,0
"Thanks Ranith, Could you please share your complete credit card number?"," धन्यवाद रानिथ, क्या आप कृपया अपना पूरा क्रेडिट कार्ड नंबर साझा कर सकते हैं?",3,0
HAVE TO TRANSFER MONEY, पैसा ट्रांसफर करना है,0,1
Perfect. Could you please provide me your complete credit card number.,उत्तम। क्या आप कृपया मुझे अपना पूरा क्रेडिट कार्ड नंबर प्रदान कर सकते हैं।,3,2
Thank you for your help!, आपके सहयोग के लिए धन्यवाद!,3,2
It was really nice talking to you and a pleasure assisting you. We want to provide a service that customers will remember. Have an awesome day ahead!, आपसे बात करके बहुत अच्छा लगा और आपकी सहायता करने में खुशी हुई। हम एक ऐसी सेवा प्रदान करना चाहते हैं जो ग्राहकों को याद रहे। आगे का दिन शानदार हो!,3,2
It was wonderful talking to you. Have a great day,आपसे बात करके बहुत अच्छा लगा। आपका दिन अच्छा रहे,3,2
"Hello there, How may I help you today?
"," नमस्ते, मैं आज आपकी कैसे मदद कर सकता हूँ?",3,0
Okay, ठीक,2,0
Hello!, नमस्ते!,3,0
9654,9654,0,0
some error here, यहाँ कुछ त्रुटि,1,1
I hope we're still connected?, मुझे आशा है कि हम अभी भी जुड़े हुए हैं?,2,0
"Hello there, Good morning! "," नमस्ते वहाँ, सुप्रभात!",3,0
"John, Could please share the last four digits of your SSN?"," जॉन, क्या कृपया अपने SSN के अंतिम चार अंक साझा करें?",2,0
Sure. Could you please provide me the new address?, ज़रूर। क्या आप कृपया मुझे नया पता प्रदान कर सकते हैं?,3,0
$65, $65,0,0
"Okay! I've blocked your card, you'll receive a email on your registered email Id. Kindly, acknowledge it. Would you like to order a new card?
"," ठीक! मैंने आपका कार्ड ब्लॉक कर दिया है, आपको अपनी पंजीकृत ईमेल आईडी पर एक ईमेल प्राप्त होगा। कृपया, इसे स्वीकार करें। क्या आप एक नया कार्ड ऑर्डर करना चाहेंगे?",3,1
My credit card bill shows an error, मेरा क्रेडिट कार्ड बिल एक त्रुटि दिखाता है,2,1
3721,3721,0,0
"   100 MAIN ST
   PO BOX 1022
   SEATTLE WA 98104
   USA", 100 मुख्य एसटी पीओ बॉक्स 1022 सिएटल डब्ल्यूए 98104 यूएसए,0,0
"I would be glad to help you out in this regards. May I know your name please?
", मुझे इस संबंध में आपकी मदद करने में खुशी होगी। क्या मैं आपका नाम जान सकता हूँ?,3,0
Hi, नमस्ते,2,0
my last credit card bill was charged extra.. so kindly solve this issue and return my amount back in my account., मेरे पिछले क्रेडिट कार्ड बिल से अतिरिक्त शुल्क लिया गया था.. इसलिए कृपया इस मुद्दे को हल करें और मेरी राशि मेरे खाते में वापस कर दें।,3,1
04-01-2018,04-01-2018,0,0
yes.. need one more, हाँ.. एक और चाहिए,2,0
"Perfect! May I also know the last four digits of your SSN?
", उत्तम! क्या मैं आपके SSN के अंतिम चार अंक भी जान सकता हूँ?,3,0
Hey there! How may I help you?, सुनो! क्या मेरे द्वारा आपकी कोई सहायता हो सकती है?,3,0
"Awesome! Also, may I please know the last four digits of your account number and SSN?"," बहुत बढ़िया! साथ ही, क्या मैं आपकी खाता संख्या और एसएसएन के अंतिम चार अंक जान सकता हूं?",3,2
"90/6, BABA nagar ,nearby town road, Chennai"," 90/6, बाबा नगर, टाउन रोड के पास, चेन्नई",0,0
hi, नमस्ते,2,0
You're most welcome. Is there anything else I could assist you with?, आपका स्वागत है। क्या कुछ और है जिसमें मैं आपकी सहायता कर सकता हूं?,3,2
NO 45 LAKE VIEW ROAD BRIDGE TOWN AL 25869, नंबर 45 लेक व्यू रोड ब्रिज टाउन एएल 25869,1,0
Bye, अलविदा,2,0
A/C :205, ए / सी: 205,0,0
Hello! How may I help you today?,नमस्ते! आज मैं आपकी कैसे मदद कर सकता हूँ?,3,0
You’re most welcome. Is there anything else I could help you with?, आपका स्वागत है। क्या कुछ और है जिसमें मैं आपकी मदद कर सकता हूं?,3,2
"yes, I did it",हाँ मैनें कर लिया,2,0
HI, नमस्ते,2,0
Alright. Let me know if you want to transfer the amount from your account ending with 8632?, ठीक है। मुझे बताएं कि क्या आप 8632 के साथ समाप्त होने वाले अपने खाते से राशि स्थानांतरित करना चाहते हैं?,2,0
"That's great, Dora! I will just take a few minutes. Could you provide me your account number and also your SSN number?"," यह बहुत अच्छा है, डोरा! मुझे बस कुछ मिनट लगेंगे। क्या आप मुझे अपना खाता नंबर और अपना एसएसएन नंबर भी प्रदान कर सकते हैं?",3,2
"ok thank, and one more help for me ,i need to transfer money from my a/c to my father a/c"," ठीक है धन्यवाद, और मेरे लिए एक और मदद, मुझे अपने खाते से अपने पिता के खाते में पैसे ट्रांसफर करने की जरूरत है",3,0
"My pleasure. Anything else I may help you out with?
", मेरा सौभाग्य। कुछ और मैं आपकी मदद कर सकता हूं?,3,2
Would there be anything else I may help you with?, क्या कुछ और होगा जिसमें मैं आपकी मदद कर सकूं?,2,0
Your request for transferring $500 has been processed successfully!, $500 स्थानांतरित करने का आपका अनुरोध सफलतापूर्वक संसाधित कर दिया गया है!,2,2
Could you please help me with the last four digits of SSN?, क्या आप कृपया एसएसएन के अंतिम चार अंकों के बारे में मेरी मदद कर सकते हैं?,3,0
ok, ठीक है,2,0
HII, HII,2,0
"I highly appreciate your patience, I would like to inform you that your address has been successfully updated to 65 East Courtland St. Owatonna, MN 55060."," मैं आपके धैर्य की अत्यधिक सराहना करता हूं, मैं आपको सूचित करना चाहता हूं कि आपका पता सफलतापूर्वक 65 ईस्ट कोर्टलैंड सेंट ओवाटोना, एमएन 55060 में अपडेट कर दिया गया है।",3,2
May I ask if you have filed a police report?, क्या मैं पूछ सकता हूं कि क्या आपने पुलिस रिपोर्ट दर्ज की है?,2,0
Okay great! Please allow me a moment while I do the needful., ठीक है बढ़िया! कृपया मुझे एक क्षण की अनुमति दें जबकि मैं आवश्यक कार्य करता हूं।,3,2
you can end the chat session now, अब आप चैट सत्र समाप्त कर सकते हैं,1,0
Hey! A very good morning to you. How may I help you today?, अरे! आपके लिए एक बहुत ही शुभ प्रभात। आज मैं आपकी कैसे मदद कर सकता हूँ?,3,2
Hi, नमस्ते,2,0
Thank you so much for staying connected. I've initiated your transfer. You'll receive an e-mail shortly., जुड़े रहने के लिए आपका बहुत-बहुत धन्यवाद। मैंने आपका स्थानांतरण शुरू कर दिया है। आपको शीघ्र ही एक ई-मेल प्राप्त होगा।,3,2
Thank you. Could you help me with the new address?, शुक्रिया। क्या आप नए पते में मेरी मदद कर सकते हैं?,3,0
SSN:3752...Account number:7652, एसएसएन:3752...खाता संख्या:7652,0,0
Thank you, आपको धन्यवाद,2,2
It was wonderful talking to you. Have a great day,आपसे बात करके बहुत अच्छा लगा। आपका दिन अच्छा रहे,3,2
Let me know the company's new lower rates., कंपनी की नई कम दरों के बारे में बताएं।,1,0
Have a great day, आपका दिन अच्छा रहे,2,2
Ok, ठीक,0,0
Thank you. Could you please help me out with the new address?, शुक्रिया। क्या आप कृपया मुझे नए पते के साथ मदद कर सकते हैं?,3,0
thank you so much .. have fortune day for you, बहुत बहुत धन्यवाद..आपका भाग्य दिवस हो,3,2
"Hello there, How may I help you today?
"," नमस्ते, मैं आज आपकी कैसे मदद कर सकता हूँ?",3,0
"I would be glad to help you out in this regards. May I know your name please?
", मुझे इस संबंध में आपकी मदद करने में खुशी होगी। क्या मैं आपका नाम जान सकता हूँ?,3,0
Nelson king, नेल्सन किंग,0,0
My credit card was lost on last week, मेरा क्रेडिट कार्ड पिछले सप्ताह खो गया था,2,1
Okay i am waiting," ठीक है, मैं इंतज़ार कर रहा हूँ",2,0
OK THANK YOU SO MUCH BYEE, ओके थैंक यू सो मच बाय,3,2
"I need block my credit card, due to i lost my card yesterday","मुझे अपना क्रेडिट कार्ड ब्लॉक करने की आवश्यकता है, क्योंकि मैंने कल अपना कार्ड खो दिया था",1,0
NO I HAVEN'T," नहीं, मैंने नहीं किया",1,0
You're welcome. Is there anything else I may assist you with?, आपका स्वागत है। क्या कुछ और है जिसमें मैं आपकी सहायता कर सकता हूं?,2,2
8767,8767,0,0
"Thank you, please could you share with me the account number and also your SSN number?"," धन्यवाद, क्या आप मेरे साथ खाता संख्या और अपना एसएसएन नंबर साझा कर सकते हैं?",3,0
NAME RTY TYU    CARD NO 5544556655885577, नाम आरटीई टीयू कार्ड नंबर 5544556655885577,1,0
"Awesome. May I know the new address , so that I can update the same for you.
"," बहुत बढ़िया। क्या मुझे नया पता पता है, ताकि मैं आपके लिए इसे अपडेट कर सकूं।",3,2
Could you also please help me out with the amount of money to be transferred?, क्या आप कृपया मुझे हस्तांतरित की जाने वाली राशि में मदद कर सकते हैं?,3,0
Miss my credit card today so please close card, आज ही मेरा क्रेडिट कार्ड छूट गया है तो कृपया कार्ड बंद कर दें,3,1
Sure thing! Could you please help me with the last 4 digits of your SSN number?, अवश्य! क्या आप कृपया अपने SSN नंबर के अंतिम 4 अंकों के बारे में मेरी मदद कर सकते हैं?,3,0
Perfect! Please allow me a moment while I do the needful., उत्तम! कृपया मुझे एक क्षण की अनुमति दें जबकि मैं आवश्यक कार्य करता हूं।,3,2
"Awesome. May I know the new address so that I can update the same for you.
", बहुत बढ़िया। क्या मैं नया पता जान सकता हूं ताकि मैं आपके लिए इसे अपडेट कर सकूं।,3,2
"Thank you for staying connected. Your address has been successfully changed to no.3,anna nagar. "," जुड़े रहने के लिए धन्यवाद। आपका पता सफलतापूर्वक नंबर 3, अन्ना नगर में बदल दिया गया है।",3,2
4.50948E+13,4.50948E+13,0,0
"Sure, please give me a minute to do that."," ज़रूर, कृपया मुझे ऐसा करने के लिए एक मिनट दें।",2,0
HAI..Some amount debited from my card, HAI..मेरे कार्ड से कुछ राशि डेबिट हो गई,2,0
"Hello there, how may I help you today?"," नमस्ते, मैं आज आपकी कैसे मदद कर सकता हूं?",3,0
Yes of course., हाँ बिल्कुल।,3,0
"Fabulous! Thanks that you filed a police report, Please allow me a moment, while I block your card immediately and order a new one for you right away! "," आश्चर्यजनक! धन्यवाद कि आपने एक पुलिस रिपोर्ट दर्ज की है, कृपया मुझे एक पल दें, जबकि मैं आपका कार्ड तुरंत ब्लॉक कर दूं और तुरंत आपके लिए एक नया ऑर्डर कर दूं!",3,1
no, नहीं,1,1
"Thank you so much for staying connected Heaven. Your address has been updated and further, you'll receive the bank alerts to the updated address. "," स्वर्ग से जुड़े रहने के लिए बहुत-बहुत धन्यवाद। आपका पता अपडेट कर दिया गया है और आगे, आपको अपडेट किए गए पते पर बैंक अलर्ट प्राप्त होंगे।",3,2
ok Sorry.. No I didn't give any police complaint till now," ओके सॉरी.. नहीं, मैंने अभी तक कोई पुलिस शिकायत नहीं दी है",3,0
It was wonderful talking to you. Have a great day,आपसे बात करके बहुत अच्छा लगा। आपका दिन अच्छा रहे,3,2
HI...., नमस्ते....,3,0
Thaadi Balaji, थाड़ी बालाजी,0,0
What is the bank's routing number?, बैंक का रूटिंग नंबर क्या है?,0,0
"My full name is Joel Kevin. My last 4 digits SSN number 3658,My card number is 6572876497276465


","मेरा पूरा नाम जोएल केविन है। मेरे अंतिम 4 अंक एसएसएन नंबर 3658, मेरा कार्ड नंबर 6572876497276465",1,0
"Your welcome, would there be anything else I may help you with today?"," आपका स्वागत है, क्या आज मैं आपकी कुछ और मदद कर सकता हूँ?",3,0
"I would be glad to help you out in this regards. May I know your name please?
", मुझे इस संबंध में आपकी मदद करने में खुशी होगी। क्या मैं आपका नाम जान सकता हूँ?,3,0
Sure. I'll help you with that. Your bank routing number is 123456789. Is there anything else I can help you with?,ज़रूर। मैं इसमें आपकी मदद करूंगा। आपका बैंक रूटिंग नंबर 123456789 है। क्या कुछ और है जिसमें मैं आपकी मदद कर सकता हूं?,2,0
You're most welcome. Would there be anything else I may help you with?,आपका स्वागत है। क्या कुछ और होगा जिसमें मैं आपकी मदद कर सकूं?,3,2
CREDIT CARD NO-2300, क्रेडिट कार्ड नंबर-2300,1,0
Nothing Sam. Great Help. Thank you., कुछ नहीं सैम। बड़ी मदद। शुक्रिया।,3,2
"Would you please help me with the date, when you used your credit card for the last time?
"," क्या आप कृपया उस तारीख के बारे में मेरी मदद करेंगे, जब आपने पिछली बार अपने क्रेडिट कार्ड का उपयोग किया था?",3,0
"Thank, I would also like to know whether companies new lower rates as shown in tv ad available to me ?"," धन्यवाद, मैं यह भी जानना चाहूंगा कि क्या मेरे लिए टीवी विज्ञापन में दिखाए गए अनुसार नई कम दरें कंपनियां उपलब्ध हैं?",3,0
OK, ठीक है,2,0
I'll help you with that. May I know your name please?, मैं इसमें आपकी मदद करूंगा। क्या मैं आपका नाम जान सकता हूँ?,3,0
That will be all. Thank you., यह सबकुछ हो जाएगा। शुक्रिया।,3,0
Your satisfaction means everything to us. Have we covered everything that you wanted to discuss today?, आपकी संतुष्टि हमारे लिए सब कुछ है। क्या हमने वह सब कुछ शामिल कर लिया है जिस पर आप आज चर्चा करना चाहते हैं?,3,2
"Brendon Allison
", ब्रेंडन एलिसन,0,0
hi, नमस्ते,2,0
I’ll help you with that. May I know your name please?, मैं इसमें आपकी मदद करूंगा। क्या मैं आपका नाम जान सकता हूँ?,3,0
Could you be more specific about the details?, क्या आप विवरण के बारे में अधिक विशिष्ट हो सकते हैं?,3,0
All right. I have initiated your request. You would be receiving them by the end of this week to your registered address. Is there anything else I may help you with?, ठीक है। मैंने आपका अनुरोध शुरू कर दिया है। आप उन्हें इस सप्ताह के अंत तक अपने पंजीकृत पते पर प्राप्त कर लेंगे। क्या कुछ और है जिसमें मैं आपकी मदद कर सकता हूं?,3,0
25-06-2018,25-06-2018,0,0
Yes, हाँ,2,0
"Sure! That won't be a problem. Certainly, I'll help you. May I know your full name?"," ज़रूर! यह कोई समस्या नहीं होगी। ज़रूर, मैं आपकी मदद करूँगा। क्या मैं आपका पूरा नाम जान सकता हूँ?",3,0
"okay, great!  please give me a moment while I process with your request. ",ठीक है बढ़िया! कृपया मुझे एक क्षण दें जब मैं आपके अनुरोध के साथ प्रक्रिया करता हूं।,3,2
YES, हां,2,2
9597,9597,0,0
"I've ordered checks for your account. You'll be receiving a confirmation e-mail shortly, the checks would take minimum of 48 hours. Would you need anything else?"," मैंने आपके खाते के लिए चेक का आदेश दिया है। आपको शीघ्र ही एक पुष्टिकरण ई-मेल प्राप्त होगा, चेक में कम से कम 48 घंटे लगेंगे। क्या आपको कुछ और चाहिए होगा?",3,0
"Hello, how may I help you with today? "," हैलो, मैं आज आपकी कैसे मदद कर सकता हूं?",3,0
hello sir, नमस्ते महोदय,3,0
2541,2541,0,0
4567,4567,0,0
PK, पी,0,0
You're welcome John. Have a great day., आपका स्वागत है जॉन। आपका दिन अच्छा रहे।,2,2
yes, हां,2,0
250$ AND 26/05/2018, 250$ और 26/05/2018,0,0
You're most welcome.,आपका स्वागत है।,3,2
i appreciate your help today, मैं आज आपकी मदद की सराहना करता हूं,3,2
"Good morning, are you ready to do some banking?"," सुप्रभात, क्या आप कुछ बैंकिंग करने के लिए तैयार हैं?",3,0
Always a  pleasure assisting a valuable customer like you. Have a great day ahead. Looking forward to seeing you soon., आप जैसे मूल्यवान ग्राहक की सहायता करने में हमेशा खुशी होती है। आगे एक महान दिन हो। जल्द ही आपको देखने की इच्छा है।,3,2
"8988 joket st, queen garden,in"," 8988 जोकेट सेंट, क्वीन गार्डन, इन",2,0
4501,4501,0,0
Good morning. How to close an account?, सुबह बख़ैर। खाता कैसे बंद करें?,3,0
5652*, 5652*,0,0
You're welcome. May I know if there's any other concern?, आपका स्वागत है। क्या मुझे पता चल सकता है कि क्या कोई अन्य चिंता है?,2,0
May i know the error please?, क्या मैं कृपया त्रुटि जान सकता हूँ?,2,0
"Thank you for using our live chat service. I'm now closing this chat. If you have any other concerns in the future, please don’t hesitate to let us know. Have a great day!
"," हमारी लाइव चैट सेवा का उपयोग करने के लिए धन्यवाद। मैं अब इस चैट को बंद कर रहा हूं। यदि भविष्य में आपकी कोई अन्य चिंता है, तो कृपया हमें बताने में संकोच न करें। आपका दिन अच्छा रहे!",3,2
"ok sure Smith, please give me a moment. "," ठीक है स्मिथ, कृपया मुझे एक क्षण दें।",3,0
No. Thanks," जी नहीं, धन्यवाद",3,0
Thank you for the information. Please allow me a moment while I do the needful.,जानकारी के लिए धन्यवाद। कृपया मुझे एक क्षण की अनुमति दें जबकि मैं आवश्यक कार्य करता हूं।,3,2
Thank you for staying connected. Is there anything else I may help you with?, जुड़े रहने के लिए धन्यवाद। क्या कुछ और है जिसमें मैं आपकी मदद कर सकता हूं?,3,2
hi, नमस्ते,2,0
thank you, धन्यवाद,2,2
Thanks Pavi. Could you please help me with your last 4 digits of the account number to move from?, धन्यवाद पावी। क्या आप कृपया मुझे खाता संख्या के अपने अंतिम 4 अंक से स्थानांतरित करने में मदद कर सकते हैं?,3,0
"thank you, the account balance is $5."," धन्यवाद, खाते की शेष राशि $5 है।",3,0
Suresh ram, सुरेश राम,2,0
Sure thing! Could you please help me out with your full name?, अवश्य! क्या आप कृपया अपने पूरे नाम के साथ मेरी मदद कर सकते हैं?,3,0
Yes, हाँ,2,0
Hai, हाई,2,0
Hi, नमस्ते,2,0
I HAVE CHANGE ADDRESS, मेरे पास पता बदल गया है,0,0
ok, ठीक है,2,0
Thank you very much, आपका बहुत बहुत धन्यवाद,3,2
"How may I help you today?

", आज मैं आपकी कैसे मदद कर सकता हूँ?,2,0
Karthika Selvi, कार्तिका सेल्विक,2,0
I hope we are connected?, मुझे आशा है कि हम जुड़े हुए हैं?,2,0
ok and one more help, ठीक है और एक और मदद,2,0
THANK YOU, धन्यवाद,3,2
"It was really nice talking to you and a pleasure assisting you. I'm glad that I could resolve this for you. Hope to see you again. Have a great day ahead!
", आपसे बात करके बहुत अच्छा लगा और आपकी सहायता करने में खुशी हुई। मुझे खुशी है कि मैं इसे आपके लिए हल कर सका। फिर से देखने की उम्मीद। आगे एक महान दिन हो!,3,2
Hey! How may I help you today?, अरे! आज मैं आपकी कैसे मदद कर सकता हूँ?,3,0
NO THANKS HAVE A NICE DAY, नहीं धन्यवाद आपका दिन अच्छा हो,3,2
"Okay, for mini statement you would have to visit the bank."," ठीक है, मिनी स्टेटमेंट के लिए आपको बैंक जाना होगा।",2,0
Amazing! Could you please help me out with the date when the card was last used?, अद्भुत! क्या आप कृपया मुझे उस तारीख के बारे में बताने में मदद कर सकते हैं जब कार्ड का अंतिम बार उपयोग किया गया था?,3,2
I WANT TO CHANGE MY ADDRESS, मुझे अपना पता बदलना है,1,1
Thank you for the details. Please allow me a moment while I check with the account.," विवरण के लिए धन्यवाद। जब तक मैं खाते से जांच करता हूं, कृपया मुझे कुछ समय दें।",3,0
Would there be anything else I may help you with?, क्या कुछ और होगा जिसमें मैं आपकी मदद कर सकूं?,2,0
sorry charlie :9874, सॉरी चार्ली:9874,2,0
Thank you. Bear with me for a moment while our system finishes processing your information., शुक्रिया। एक पल के लिए मेरे साथ रहें जब तक हमारा सिस्टम आपकी जानकारी को संसाधित करना समाप्त कर दे।,3,0
sorry ssn is 1254 and credit card number is 1236547894154874154, सॉरी एसएसएन 1254 है और क्रेडिट कार्ड नंबर 1236547894154874154 है,2,0
"Awesome! Thank you for reaching out to us, please feel free to reach out for further concerns."," बहुत बढ़िया! हमसे संपर्क करने के लिए धन्यवाद, कृपया आगे की चिंताओं के लिए बेझिझक संपर्क करें।",3,2
Good job Karthik! May I know the date when was the card last used?,अच्छा काम कार्तिक! क्या मुझे पता चल सकता है कि कार्ड का अंतिम बार कब उपयोग किया गया था?,3,2
BYE ALEX, अलविदा एलेक्स,2,0
HI, नमस्ते,2,0
Perfect! May I also know the last four digits of your SSN?, उत्तम! क्या मैं आपके SSN के अंतिम चार अंक भी जान सकता हूँ?,3,0
"Okay, well thanks for providing all that information."," ठीक है, वह सारी जानकारी प्रदान करने के लिए धन्यवाद।",3,0
No. BYE!, अलविदा नहीं!,2,0
MY MOTHER'S ACCOUNT NUMBER IS 2308., मेरी माँ का खाता संख्या 2308 है।,1,0
You're most welcome! Always a pleasure to assist you. Great day!, आपका स्वागत है! आपकी सहायता करने में हमेशा खुशी होती है। भव्य दिवस!,3,2
"I highly appreciate your patience, I would like to inform you that your address has been successfully updated to NO 65 RIVER ROAD BRIDGE TOWN AL 25638."," मैं आपके धैर्य की अत्यधिक सराहना करता हूं, मैं आपको सूचित करना चाहता हूं कि आपका पता सफलतापूर्वक NO 65 RIVER ROAD BRIDGE TOWN AL 25638 में अपडेट कर दिया गया है।",3,2
Yes, हाँ,2,0
"As per your request, I have transferred the amount $250 to the account ending with 4528. You'll be receiving a confirmation message regarding this. Is there anything else I can help you with?"," आपके अनुरोध के अनुसार, मैंने $250 की राशि 4528 से समाप्त होने वाले खाते में स्थानांतरित कर दी है। आपको इस संबंध में एक पुष्टिकरण संदेश प्राप्त होगा। क्या कुछ और है जिसमें मैं आपकी मदद कर सकता हूं?",3,0
Could you please elaborate the query so that I can assist you in the best possible way?, क्या आप कृपया प्रश्न को विस्तृत कर सकते हैं ताकि मैं आपकी सर्वोत्तम संभव तरीके से सहायता कर सकूं?,3,0
23rd, 23 वें,0,0
yes I did it, हाँ मैनें कर लिया,2,0
Would you want to do it yourself or would you want me to do it?, क्या आप इसे स्वयं करना चाहेंगे या आप चाहते हैं कि मैं इसे करूँ?,3,0
8846,8846,0,0
You are give your best, आप अपना सर्वश्रेष्ठ दे रहे हैं,0,2
"Yeah sure, may I know your name please?"," हाँ ज़रूर, क्या मैं आपका नाम जान सकता हूँ?",3,0
Thank you very much, आपका बहुत बहुत धन्यवाद,3,2
ITS OK THANKS FOR YOUR DETAILS, यह ठीक है आपके विवरण के लिए धन्यवाद,3,2
Could you please find my banks routing number, क्या आप कृपया मेरे बैंक का रूटिंग नंबर ढूंढ सकते हैं,3,0
MY CARD WAS MISSED, मेरा कार्ड छूट गया था,0,1
It was really nice talking to you and a pleasure assisting you. I'm glad that I could resolve this for you. Hope to see you again. Have a great day ahead!, आपसे बात करके बहुत अच्छा लगा और आपकी सहायता करने में खुशी हुई। मुझे खुशी है कि मैं इसे आपके लिए हल कर सका। फिर से देखने की उम्मीद। आगे एक महान दिन हो!,3,2
Thanks Minnie. Please provide me the last 4 digits of the account number.,धन्यवाद मिन्नी। कृपया मुझे खाता संख्या के अंतिम 4 अंक प्रदान करें।,3,0
I NEED TRANSFER TO ANOTHER A/C, मुझे किसी अन्य खाते में स्थानांतरण की आवश्यकता है,1,1
No thanks and bye, नो थैंक्स एंड बाय,3,1
"Thank you Rony for the information. I see the total amount in your account is $6700.
", जानकारी के लिए धन्यवाद रोनी। मैं देख रहा हूँ कि आपके खाते में कुल राशि $6700 है।,3,0
Thank you Charlie., धन्यवाद चार्ली।,3,2
number*, संख्या*,0,0
Hey! How may I help you today?, अरे! आज मैं आपकी कैसे मदद कर सकता हूँ?,3,0
1.25624E+15,1.25624E+15,0,0
"I'm here to help you out. Could you please help me out with your full name, credit card number and last 4 digits of your SSN? "," मैं यहां आपकी मदद करने के लिए हूं। क्या आप कृपया अपना पूरा नाम, क्रेडिट कार्ड नंबर और अपने एसएसएन के अंतिम 4 अंकों के साथ मेरी मदद कर सकते हैं?",3,0
i need a help from you, मुझे आपकी मदद चाहिए,1,0
"Okay, would you please help me with the date, time and amount of the charge?"," ठीक है, क्या आप कृपया शुल्क की तारीख, समय और राशि के बारे में मेरी मदद करेंगे?",3,0
250,250,0,0
No, नहीं,1,0
You’re welcome. I had a great time assisting you. Please do feel free to reach out to us for further queries. Have a good day. Bye now., आपका स्वागत है। मुझे आपकी सहायता करने में बहुत अच्छा लगा। कृपया आगे के प्रश्नों के लिए हमसे बेझिझक संपर्क करें। आपका दिन शुभ हो। अलविदा।,3,2
thank you, धन्यवाद,2,2
"Sure. I would be glad to help you out in this regards. May I know your name please?
", ज़रूर। मुझे इस संबंध में आपकी मदद करने में खुशी होगी। क्या मैं आपका नाम जान सकता हूँ?,3,0
You’re most welcome. Is there anything else I could help you with?, आपका स्वागत है। क्या कुछ और है जिसमें मैं आपकी मदद कर सकता हूं?,3,2
nothing else., और कुछ नहीं।,2,0
"Hello there, how may I help you today? ","नमस्ते, मैं आज आपकी कैसे मदद कर सकता हूँ?",3,0
"Thank you for the information Perumal. Could you also help me with the date the card was last used?
", जानकारी के लिए धन्यवाद पेरुमल। क्या आप उस तारीख के बारे में भी मेरी मदद कर सकते हैं जब कार्ड का अंतिम बार उपयोग किया गया था?,3,2
"Sure, Ill do that for you! Could you please help me out with your full name? "," ज़रूर, मैं तुम्हारे लिए यह करूँगा! क्या आप कृपया अपने पूरे नाम के साथ मेरी मदद कर सकते हैं?",3,0
"Okay great! Thank you so much for your cooperation, have an amazing day ahead! "," ठीक है बढ़िया! आपके सहयोग के लिए बहुत-बहुत धन्यवाद, आपका आने वाला दिन शानदार हो!",3,2
Brayden Bartlett, ब्रेयडेन बार्टलेट,0,0
"I'm sorry that you have been charged extra. However, I'll ensure that I'll raise a request to delete the charge and kindly give us 24-48 hours to get this resolved. You will also be receiving a confirmation e-mail once this is resolved. Is there anything else I might help you with today?"," मुझे खेद है कि आपसे अतिरिक्त शुल्क लिया गया है। हालांकि, मैं यह सुनिश्चित करूंगा कि मैं शुल्क हटाने का अनुरोध करूंगा और कृपया इसे हल करने के लिए हमें 24-48 घंटे का समय दें। इसका समाधान हो जाने पर आपको एक पुष्टिकरण ई-मेल भी प्राप्त होगा। क्या आज मैं आपकी कुछ और मदद कर सकता हूँ?",3,1
Awesome. I have gone ahead and remove the charges for you. I also apologize for the error that happened., बहुत बढ़िया। मैं आगे बढ़ गया हूं और आपके लिए शुल्क हटा देता हूं। जो त्रुटि हुई उसके लिए मैं भी क्षमाप्रार्थी हूँ।,3,1
Thank you. Could you help me with the date when the card was last used?, शुक्रिया। क्या आप उस तारीख के बारे में मेरी मदद कर सकते हैं जब कार्ड का अंतिम बार उपयोग किया गया था?,3,0
"I'm very sorry for the inconvenience caused to you. May I know your name,last four digits of your SSN and credit card number?"," आपको हुई असुविधा के लिए मुझे बहुत खेद है। क्या मैं आपका नाम, आपके एसएसएन के अंतिम चार अंक और क्रेडिट कार्ड नंबर जान सकता हूं?",3,1
Thank you Dyaan. Could you please let me know the last 4 digits of SSN and the last 4 digits of credit card account number?, धन्यवाद डायन। क्या आप कृपया मुझे एसएसएन के अंतिम 4 अंक और क्रेडिट कार्ड खाता संख्या के अंतिम 4 अंक बता सकते हैं?,3,0
Have a great day for you, आपका दिन मंगलमय हो,2,2
Okay, ठीक,2,0
6.59875E+12,6.59875E+12,0,0
Hello there! How may I help you today?,नमस्ते! आज मैं आपकी कैसे मदद कर सकता हूँ?,3,0
name kim, नाम किम,0,0
Hello!, नमस्ते!,3,0
I am doing great. Thank you for asking. How may I help you today?, मैं अच्छा हूँ। पूछने के लिए धन्यवाद। आज मैं आपकी कैसे मदद कर सकता हूँ?,3,2
Always a pleasure. Have a great day., हमेशा एक खुशी की बात है। आपका दिन अच्छा रहे।,3,2
5840,5840,0,0
Hello Alex, हैलो एलेक्स,3,0
"I apologize, However I have resolved your query about the charge. If anything else id there please let me know so that I can help you right away."," मैं क्षमा चाहता हूं, हालांकि मैंने शुल्क के बारे में आपके प्रश्न का समाधान कर दिया है। अगर वहां कुछ और आईडी है तो कृपया मुझे बताएं ताकि मैं तुरंत आपकी मदद कर सकूं।",3,0
"Sure, Have a great day."," ज़रूर, आपका दिन शुभ हो।",2,2
Have a nice day, आपका दिन शुभ हो,2,2
"I would be glad to help you out in this regards. May I know your name please?
", मुझे इस संबंध में आपकी मदद करने में खुशी होगी। क्या मैं आपका नाम जान सकता हूँ?,3,0
"Awesome. May I know the new address , so that I can update the same for you.
"," बहुत बढ़िया। क्या मुझे नया पता पता है, ताकि मैं आपके लिए इसे अपडेट कर सकूं।",3,2
Nori.R, नोरी.आर,1,0
" Would there be anything else I may help you with?
", क्या कुछ और होगा जिसमें मैं आपकी मदद कर सकूं?,2,0
I'm sorry about that. I've contacted the concerned authorities and forwarded your details. They’ll be connecting with you in the next 24 hours and help you with the low interest rate accounts. Would you need anything else?, मैं इस बारे में माफी चाहता हूँ। मैंने संबंधित अधिकारियों से संपर्क किया है और आपका विवरण भेज दिया है। वे अगले 24 घंटों में आपके साथ जुड़ जाएंगे और कम ब्याज दर वाले खातों में आपकी सहायता करेंगे। क्या आपको कुछ और चाहिए होगा?,3,1
hello? I only have 7 minutes left to get this done I am in a hurry, नमस्ते? इसे करने के लिए मेरे पास केवल 7 मिनट बचे हैं मैं जल्दी में हूँ,3,0
Okay! Could you please let me know your last 4 digits of SSN number and credit card number?,ठीक! क्या आप कृपया मुझे अपने एसएसएन नंबर और क्रेडिट कार्ड नंबर के अंतिम 4 अंक बता सकते हैं?,3,0
"Sir,i want to open new bank account?"," सर, मैं नया बैंक खाता खोलना चाहता हूँ?",1,0
You're welcome! Is there anything else I may assist you with?, आपका स्वागत है! क्या कुछ और है जिसमें मैं आपकी सहायता कर सकता हूं?,2,2
Oh! I see. Let me know if you have filed a police report., ओह! समझा। अगर आपने पुलिस में शिकायत की है तो बताएं।,3,1
ya casey, हां केसी,2,0
"Hey there, I hope your having a great day! "," अरे वहाँ, मुझे आशा है कि आपका दिन बहुत अच्छा हो!",3,2
Yes.. Want to order the 3 Nos check books for my saving account, हां.. अपने बचत खाते के लिए 3 चेक बुक ऑर्डर करना चाहते हैं,2,0
4.03E+16,4.03E+16,0,0
Thank you very much for the details. Your error will be fixed and updated shortly. You'll receive an e-mail about the updated bill.,विवरण के लिए आपका बहुत-बहुत धन्यवाद। आपकी त्रुटि को शीघ्र ही ठीक और अद्यतन किया जाएगा। आपको अपडेट किए गए बिल के बारे में एक ई-मेल प्राप्त होगा।,3,2
Perfect! May I also know the last four digits of your SSN?, उत्तम! क्या मैं आपके SSN के अंतिम चार अंक भी जान सकता हूँ?,3,0
"Awesome. May I know the new address , so that I can update the same for you.
"," बहुत बढ़िया। क्या मुझे नया पता पता है, ताकि मैं आपके लिए इसे अपडेट कर सकूं।",3,2
Thank you very much sir., महोदय आपका बहुत बहुत धन्यवाद।,3,2
Hi Sam, नमस्ते सैम,3,0
Is there anything else I may assist you with today?, क्या कोई और चीज है जिसमें मैं आज आपकी सहायता कर सकता हूं?,2,0
Thank you John. Could you please provide me the new address?, धन्यवाद जॉन। क्या आप कृपया मुझे नया पता प्रदान कर सकते हैं?,3,0
06-11-2018,06-11-2018,0,0
Thanks John. Could you please share your credit card number?,धन्यवाद जॉन। क्या आप कृपया अपना क्रेडिट कार्ड नंबर साझा कर सकते हैं?,3,0
is there anything else I may assist you with?, क्या कुछ और है जिसमें मैं आपकी सहायता कर सकता हूँ?,2,0
Perfect! would you please share the last four digits of your SSN?, उत्तम! क्या आप कृपया अपने SSN के अंतिम चार अंक साझा करेंगे?,3,0
"Sure, Karan. Please allow me a minute to check your balance."," ज़रूर, करण। कृपया मुझे अपना बैलेंस चेक करने के लिए एक मिनट का समय दें।",2,0
"Awesome! Thank you so much for your cooperation, have a great day! "," बहुत बढ़िया! आपके सहयोग के लिए बहुत-बहुत धन्यवाद, आपका दिन मंगलमय हो!",3,2
No, नहीं,1,0
Great! Always a  pleasure assisting a valuable customer like you. Have a great day ahead.,महान! आप जैसे मूल्यवान ग्राहक की सहायता करने में हमेशा खुशी होती है। आगे एक महान दिन हो।,3,2
$250, $250,0,0
"I highly appreciate your patience, I'd like to inform you that your account states a balance of $100. "," मैं आपके धैर्य की अत्यधिक सराहना करता हूं, मैं आपको सूचित करना चाहता हूं कि आपके खाते में $100 की शेष राशि है।",3,2
Pl visit the nearest pizza stoe!, कृपया निकटतम पिज़्ज़ा स्टो पर जाएँ!,2,0
you have charged me some more amount on my credit card can you check out?, आपने मुझसे मेरे क्रेडिट कार्ड पर कुछ और शुल्क लिया है क्या आप देख सकते हैं?,1,1
"Furthermore I'll like to know that, was a police report filed for the same?
", इसके अलावा मैं यह जानना चाहूंगा कि क्या इसके लिए पुलिस रिपोर्ट दर्ज की गई थी?,2,0
OK THANK YOU, ठीक है धन्यवाद,3,2
"since there was no reply, this conversation will get disconnected automatically"," चूंकि कोई जवाब नहीं था, इसलिए यह बातचीत अपने आप डिस्कनेक्ट हो जाएगी",2,1
"hey there, How may I help you today?"," अरे वहाँ, मैं आज आपकी कैसे मदद कर सकता हूँ?",3,0
thanks bye, धन्यवाद अलविदा,3,0
Thanks Kinshili. Could you please help me with the last 4 digits of the account number?, धन्यवाद किंशीली। क्या आप कृपया खाता संख्या के अंतिम 4 अंकों के साथ मेरी मदद कर सकते हैं?,3,0
none, कोई भी नहीं,1,0
Thank you so much for your time. You have an amazing day!, आपके समय के लिए बहुत बहुत शुक्रिया। आपके पास एक अद्भुत दिन है!,3,2
Salman Khan, सलमान खान,0,0
ARE U THERE, क्या तुम वहां हो,0,0
"Kymani Blevins
", किमानी ब्लेविंस,0,0
"I’m sorry about that. I understand you're upset, and I will do my best to help you. Please may I know your name?","मैं इस बारे में माफी चाहता हूँ। मैं समझता हूँ कि आप परेशान हैं, और मैं आपकी मदद करने की पूरी कोशिश करूँगा। कृपया क्या मैं आपका नाम जान सकता हूँ?",3,1
"Now that I am aware of the situation, I will definitely try my best to fix it for you"," अब जब मुझे स्थिति का पता चल गया है, तो मैं निश्चित रूप से आपके लिए इसे ठीक करने की पूरी कोशिश करूंगा",2,2
Surely I will help you with that. May I please know your first and last name?, अवश्य ही मैं इसमें आपकी सहायता करूंगा। क्या मैं आपका पहला और अंतिम नाम जान सकता हूँ?,2,0
Could you please let me know the credit card number?,क्या आप कृपया मुझे क्रेडिट कार्ड नंबर बता सकते हैं?,3,0
Perfect! Kindly give me a minute., उत्तम! कृपया मुझे एक मिनट दें।,3,2
ram kumar and ssn no: 7233, राम कुमार और एसएसएन नंबर: 7233,1,0
125$, 125$,0,0
"Sure, no problem about that..That's really helpful, Renee. Could you also help me as to when"," ज़रूर, इसमें कोई समस्या नहीं है..यह वास्तव में मददगार है, रेनी। क्या आप मेरी मदद भी कर सकते हैं कि कब",2,2
"Yes . I raised police complaint 
", हाँ । मैंने पुलिस में शिकायत की,2,1
Hello!, नमस्ते!,3,0
"Sure thing, could you please help me out with your full name and last 4 digits of your SSN?"," निश्चित रूप से, क्या आप कृपया अपना पूरा नाम और अपने एसएसएन के अंतिम 4 अंकों के साथ मेरी मदद कर सकते हैं?",3,0
Sure! How many check would you like to order?, ज़रूर! आप कितने चेक का ऑर्डर देना चाहेंगे?,3,0
Awesome! Thank you for the details. Please stay connected for a minute while I proceed further., बहुत बढ़िया! विवरण के लिए धन्यवाद। कृपया एक मिनट के लिए जुड़े रहें जब तक कि मैं आगे बढ़ूं।,3,2
my credit card lost 2 days before, मेरा क्रेडिट कार्ड 2 दिन पहले खो गया,1,1
NO. ACTUALLY IT WAS ON 16TH JUNE 2018, ना। वास्तव में यह 16 जून 2018 को था,2,0
Have a great day, आपका दिन अच्छा रहे,2,2
hello?, नमस्ते?,3,0
Could you help me with the new address so that I can update it right away for you?, क्या आप नए पते में मेरी मदद कर सकते हैं ताकि मैं इसे आपके लिए तुरंत अपडेट कर सकूं?,3,0
thank you., शुक्रिया।,3,2
5/15/18, 5/15/18,0,0
Sure! For transferring the amount I'd like to know the name and last 4 digits of SSN., ज़रूर! राशि के हस्तांतरण के लिए मैं एसएसएन का नाम और अंतिम 4 अंक जानना चाहता हूं।,2,0
naina joseph, नैना जोसेफ,0,0
I need to transfer the some money to another account?, मुझे कुछ पैसे दूसरे खाते में ट्रांसफर करने की जरूरत है?,1,0
Please could you provide me with the date on which the card was last used?, क्या आप मुझे वह तारीख बता सकते हैं जिस दिन कार्ड का अंतिम बार उपयोग किया गया था?,3,0
Great!, महान!,3,2
8452,8452,0,0
I want to close my account, मुझे अपना खाता बंद करना है,2,1
"SMALLSYS INC
   795 E DRAGRAM
   TUCSON AZ 85705
   USA", SMALLSYS INC 795 E DRAGRAM TUCSON AZ 85705 USA,0,0
"Hello, how may I help you with today?"," हैलो, मैं आज आपकी कैसे मदद कर सकता हूं?",3,0
Could you please let me know the last 4 digits of SSN and the last 4 digits of credit card account number?, क्या आप कृपया मुझे एसएसएन के अंतिम 4 अंक और क्रेडिट कार्ड खाता संख्या के अंतिम 4 अंक बता सकते हैं?,3,0
thank u casey, धन्यवाद केसी,3,2
1914,1914,0,0
"Thanks Mohan. To pull up the information I will require your last 4 digits of the SSN.
",धन्यवाद मोहन। जानकारी प्राप्त करने के लिए मुझे आपके एसएसएन के अंतिम 4 अंकों की आवश्यकता होगी।,3,0
Thanks Nandhini. Please provide me the last 4 digits of the account number., धन्यवाद नंदिनी। कृपया मुझे खाता संख्या के अंतिम 4 अंक प्रदान करें।,3,0
You're most welcome. Would there be anything else I may help you with?,आपका स्वागत है। क्या कुछ और होगा जिसमें मैं आपकी मदद कर सकूं?,3,2
"My pleasure. Anything else I may help you out with?
", मेरा सौभाग्य। कुछ और मैं आपकी मदद कर सकता हूं?,3,2
"Thank you for the information. I've updated the new address to your account.
", जानकारी के लिए धन्यवाद। मैंने आपके खाते में नया पता अपडेट कर दिया है।,3,0
4.48653E+15,4.48653E+15,0,0
"Okay! Awesome, I've ordered a new card for you which you'll probably receive within 2 business days via post However, In case you don't receive. Kindly, contact us immediately. 
"," ठीक! बहुत बढ़िया, मैंने आपके लिए एक नया कार्ड मंगवाया है जो आपको संभवतः 2 कार्यदिवसों के भीतर डाक के माध्यम से प्राप्त हो जाएगा, हालांकि, यदि आप प्राप्त नहीं करते हैं। कृपया, हमसे तुरंत संपर्क करें।",3,2
"Thank you for sharing all important information however I have issued a new card for you which will be sent at your address.
", सभी महत्वपूर्ण जानकारी साझा करने के लिए धन्यवाद हालांकि मैंने आपके लिए एक नया कार्ड जारी किया है जो आपके पते पर भेजा जाएगा।,3,0
bye, अलविदा,2,0
"Would you please share the date, amount and time of the charges."," क्या आप शुल्कों की तिथि, राशि और समय साझा करेंगे।",3,0
yes, हां,2,0
RAMYA AND MY NEW ADDRESS 875 JOHNKENNDY STREET AL 7775, राम्या और मेरा नया पता 875 जॉनकेंडी स्ट्रीट अल 7775,0,0
A/C  NUMBER -5658 SSN NUMBER 0143, खाता संख्या -5658 एसएसएन संख्या 0143,0,0
I lost my credit card, मैंने अपना क्रेडिट कार्ड खो दिया है,1,1
You're welcome! Is there anything else I may assist you with?, आपका स्वागत है! क्या कुछ और है जिसमें मैं आपकी सहायता कर सकता हूं?,2,2
"Sure, sir! The routing number is 567-098-673. How else may I help you?", जरूर मालिक! रूटिंग नंबर 567-098-673 है। मैं आपकी और कैसे मदद कर सकता हूं?,2,0
Is there anything else I could help you with?, क्या कुछ और है जिसमें मैं आपकी मदद कर सकता हूं?,2,0
You’re welcome. I had a great time assisting you. Please do feel free to reach out to us for further queries. Have a good day. Bye now., आपका स्वागत है। मुझे आपकी सहायता करने में बहुत अच्छा लगा। कृपया आगे के प्रश्नों के लिए हमसे बेझिझक संपर्क करें। आपका दिन शुभ हो। अलविदा।,3,2
I LOST MY CREDIT  CARD, मैंने अपना क्रेडिट कार्ड खो दिया,0,1
"Oh no! did that really happened to you, Trust me sir we don't aim to provide this kind of service. I'm so sorry to hear that, Please share your details I'll get in touch with the respective team and get it sorted for you as soon as possible!","धत्तेरे की! क्या आपके साथ वास्तव में ऐसा हुआ है, मेरा विश्वास करो सर, हम इस तरह की सेवा प्रदान करने का लक्ष्य नहीं रखते हैं। मुझे यह सुनकर बहुत अफ़सोस हुआ, कृपया अपना विवरण साझा करें, मैं संबंधित टीम से संपर्क करूंगा और इसे जल्द से जल्द आपके लिए हल कर दूंगा!",3,1
my credit number is 6546 9878 5198 8987, मेरा क्रेडिट नंबर है 6546 9878 5198 8987,1,0
OK sir.thank you for alert, ओके सर।अलर्ट के लिए धन्यवाद,2,0
"That's perfect, Kalps! Please give me a minute to work on it."," यह एकदम सही है, कल्प्स! कृपया मुझे इस पर काम करने के लिए एक मिनट दें।",2,2
OK THAK YOU SO MUCH BYE, ओके थैंक यू सो मच बाय,3,2
I highly appreciate for holding on. The lost card has been blocked and a new card will be sent to the updated address in 2-3 business days., मैं धारण करने के लिए अत्यधिक सराहना करता हूं। खोए हुए कार्ड को ब्लॉक कर दिया गया है और 2-3 व्यावसायिक दिनों में एक नया कार्ड अपडेट किए गए पते पर भेज दिया जाएगा।,3,2
123 kani complex madurai, 123 कानी कॉम्प्लेक्स मदुरै,0,0
My full name is jon doe by the way  and last 4 of checking is 6551 last 4 of savings is 6588  and last 4 of my social are 8996," वैसे मेरा पूरा नाम जॉन डो है और चेकिंग का अंतिम 4 6551 है, बचत का अंतिम 4 6588 है और मेरे सामाजिक के अंतिम 4 8996 हैं",3,0
I NEED TO TRANSFER MONEY FROM MY A/C TO MY MOTHER A/C, मुझे अपने खाते से अपनी माँ के खाते में पैसे स्थानांतरित करने की आवश्यकता है,2,1
I am doing great. Sure. I'll help you with that. Could you please help me with your name and the four digits of SSN?, मैं अच्छा हूँ। ज़रूर। मैं इसमें आपकी मदद करूंगा। क्या आप कृपया मुझे अपने नाम और एसएसएन के चार अंकों के साथ मदद कर सकते हैं?,3,2
7000 $, 7000 $,0,0
OK, ठीक है,2,0
I want change my address, मुझे अपना पता बदलना है,2,0
kevin mathew, केविन मैथ्यू,0,0
NAME : RAMYA  A/C NO: 1234   SSN : 4567 CREDIT CARD NUMBER IS 7894,नाम: राम्या खाता संख्या: 1234 एसएसएन: 4567 क्रेडिट कार्ड नंबर 7894 है,1,0
"Okay! so, did you file a police report about the lost credit card?"," ठीक! तो, क्या आपने खोए हुए क्रेडिट कार्ड के बारे में पुलिस रिपोर्ट दर्ज की?",2,1
may I know your first and last name please?, क्या मैं आपका पहला और अंतिम नाम जान सकता हूँ?,3,0
"Your welcome, would there be anything else I may help you with today? ","आपका स्वागत है, क्या आज मैं आपकी कुछ और मदद कर सकता हूँ?",3,0
7690,7690,0,0
"Okay, Robert! Could you please let me know your last 4 digits of SSN number and credit card number? "," ठीक है, रॉबर्ट! क्या आप कृपया मुझे अपने एसएसएन नंबर और क्रेडिट कार्ड नंबर के अंतिम 4 अंक बता सकते हैं?",3,0
no, नहीं,1,1
May i know your name and the account number please?, क्या मैं आपका नाम और खाता संख्या जान सकता हूँ?,3,0
i have taken down your request for the lost card Mr. Ram. A new card will be issued and will be sent to your home address!, मैंने खोए हुए कार्ड श्री राम के लिए आपका अनुरोध नीचे ले लिया है। एक नया कार्ड जारी किया जाएगा और आपके घर के पते पर भेजा जाएगा!,2,2
"I highly appreciate your patience, I would like to inform you that I've successfully removed the charge of $255 from your account. "," मैं आपके धैर्य की बहुत सराहना करता हूं, मैं आपको सूचित करना चाहता हूं कि मैंने आपके खाते से $255 का शुल्क सफलतापूर्वक निकाल दिया है।",3,2
You're most welcome. We are obliged to serve customers like you., आपका स्वागत है। हम आप जैसे ग्राहकों की सेवा करने के लिए बाध्य हैं।,3,2
Thanks. Was the card lost or stolen?, धन्यवाद। कार्ड खो गया या चोरी हो गया?,3,0
NO. BYEE SEE YOU, ना। अलविदा आपसे मिलते हैं,2,0
"My pleasure. Anything else I may help you out with?
", मेरा सौभाग्य। कुछ और मैं आपकी मदद कर सकता हूं?,3,2
"Hello there, How may I help you today?"," नमस्ते, मैं आज आपकी कैसे मदद कर सकता हूँ?",3,0
I apologize I will be not able to give you the information at this point of time. However someone from our bank will reach you back in few days to give you all important information., मुझे खेद है कि मैं इस समय आपको जानकारी नहीं दे पाऊंगा। हालांकि हमारे बैंक का कोई व्यक्ति आपको सभी महत्वपूर्ण जानकारी देने के लिए कुछ दिनों में वापस पहुंच जाएगा।,3,0
hi, नमस्ते,2,0
have a lovely day, आपका दिन अच्छा हो,2,2
OK., ठीक है।,2,0
Nothing else, और कुछ नहीं,2,0
Nothing else, और कुछ नहीं,2,0
DATE ON 25/05/2018 TIMMING 02.30 PM, दिनांक 25/05/2018 दोपहर 02.30 बजे,0,0
Sure! I've ordered the checks and they'll be reaching you within 2 days.,ज़रूर! मैंने चेक का ऑर्डर दे दिया है और वे 2 दिनों के भीतर आप तक पहुंच जाएंगे।,2,2
I want to change my address in my credit card details, मैं अपने क्रेडिट कार्ड विवरण में अपना पता बदलना चाहता हूं,2,0
$500, $500,0,0
"Hello, how may I help you with today? "," हैलो, मैं आज आपकी कैसे मदद कर सकता हूं?",3,0
All right. Could you please help me with your last 4 digits of the account number to which you want to transfer amount?, ठीक है। क्या आप कृपया मुझे उस खाता संख्या के अपने अंतिम 4 अंकों में मदद कर सकते हैं जिसमें आप राशि हस्तांतरित करना चाहते हैं?,3,0
"I appreciate for holding on, your request has been successful. "," मैं रुकने के लिए सराहना करता हूं, आपका अनुरोध सफल रहा है।",3,2
hussain ssn no: 7732, हुसैन एसएसएन नंबर: 7732,1,0
"hey there, Good morning! "," अरे वहाँ, सुप्रभात!",3,0
ssn number-6778, एसएसएन नंबर-6778,0,0
"Sure, thank you. That was really helpful. Have you filed a report with the police?"," पक्का, आपका धन्यवाद। यह वास्तव में मददगार था। क्या आपने पुलिस में रिपोर्ट दर्ज कराई है?",3,2
4565 9090 6565 1212, 4565 9090 6565 1212,0,0
amala paul, अमला पॉल,0,0
CHECK MY BALANCE, मेरा बैलेंस चेक करें,0,0
"May I confirm if all your questions have been answered for today?  
	", क्या मैं पुष्टि कर सकता हूँ कि क्या आज के लिए आपके सभी प्रश्नों का उत्तर दे दिया गया है?,2,0
Is there anything else I may help you with?, क्या कुछ और है जिसमें मैं आपकी मदद कर सकता हूं?,2,0
My last credit card bill was extra charged, मेरा पिछला क्रेडिट कार्ड बिल अतिरिक्त शुल्क लिया गया था,1,1
ok, ठीक है,2,0
Hello!, नमस्ते!,3,0
Account no:5689, खाता संख्या: 5689,1,0
Thank you for the information. I’ve updated the address. You’ll receive a confirmation message in a while. Is there anything else I can help you with?, जानकारी के लिए धन्यवाद। मैंने पता अपडेट कर दिया है। आपको थोड़ी देर में एक पुष्टिकरण संदेश प्राप्त होगा। क्या कुछ और है जिसमें मैं आपकी मदद कर सकता हूं?,3,0
hi, नमस्ते,2,0
"As per your request, I've blocked your card. You will receive an e-mail regarding the same.Would you need anything else,sir?"," आपके अनुरोध के अनुसार, मैंने आपका कार्ड ब्लॉक कर दिया है। आपको इसके बारे में एक ई-मेल प्राप्त होगा।क्या आपको कुछ और चाहिए, श्रीमान?",2,1
1.23457E+15,1.23457E+15,0,0
I hope we are still connected?, मुझे आशा है कि हम अभी भी जुड़े हुए हैं?,2,0
"Awesome! Also, may I please know the last four digits of your account number?","बहुत बढ़िया! साथ ही, क्या मैं आपकी खाता संख्या के अंतिम चार अंक जान सकता हूं?",3,2
when will i get email Alex., मुझे एलेक्स ईमेल कब मिलेगा।,0,0
Actually I need to transfer 400 instead of 200. Can you do that instead?, वास्तव में मुझे 200 के बजाय 400 स्थानांतरित करने की आवश्यकता है। क्या आप इसके बजाय ऐसा कर सकते हैं?,2,0
"Kamal, I have transferred $500 from the account ending with 1907 to the account 2748."," कमल, मैंने 1907 से समाप्त होने वाले खाते से 2748 के खाते में 500 डॉलर ट्रांसफर कर दिए हैं।",1,0
Nicholas Baker, निकोलस बेकर,0,0
bye, अलविदा,2,0
"Awesome! Also, may I please know the last four digits of your account number?","बहुत बढ़िया! साथ ही, क्या मैं आपकी खाता संख्या के अंतिम चार अंक जान सकता हूं?",3,2
I LOST CREDIT CARD, मैंने क्रेडिट कार्ड खो दिया,0,1
Sure. May I know your name please?, ज़रूर। क्या मैं आपका नाम जान सकता हूँ?,3,0
no, नहीं,1,1
"My name is Bhuvan Bam, 4465 and 22896547125634584"," मेरा नाम भुवन बाम है, 4465 और 22896547125634584",2,0
"Thank you so much for staying connected. Your address has been updated and further, you'll receive the bank alerts to the updated address. "," जुड़े रहने के लिए आपका बहुत-बहुत धन्यवाद। आपका पता अपडेट कर दिया गया है और आगे, आपको अपडेट किए गए पते पर बैंक अलर्ट प्राप्त होंगे।",3,2
okay, ठीक है,2,0
What is my account balance in my savings account?, मेरे बचत खाते में मेरे खाते की शेष राशि क्या है?,1,0
You're welcome!, आपका स्वागत है!,2,2
"hai,...sir", है... सर,2,0
4564,4564,0,0
"Okay, I'll also require your last name please?","ठीक है, कृपया मुझे आपके अंतिम नाम की भी आवश्यकता होगी?",2,0
22 june 2018 & 04:30 pm, 22 जून 2018 और 04:30 अपराह्न,0,0
03/15/2018, 03/15/2018,0,0
Thank you Jane for the information. I see the total amount in your account is $6700., जानकारी के लिए धन्यवाद जेन। मैं देख रहा हूँ कि आपके खाते में कुल राशि $6700 है।,3,0
"Okay, That's completely fine, I'll go ahead and transfer $70, would that be okay?"," ठीक है, यह पूरी तरह से ठीक है, मैं आगे बढ़कर $70 का हस्तांतरण करूँगा, क्या यह ठीक रहेगा?",2,0
My last credit card bill was extra charged. so kindly solve this issue, मेरा पिछला क्रेडिट कार्ड बिल अतिरिक्त चार्ज किया गया था। तो कृपया इस समस्या का समाधान करें,3,1
You're most welcome! I'm glad I could help. Thank you for reaching out to us. Good day!, आपका स्वागत है! मैं खुश हूं कि मैं मदद कर सका। हमसे संपर्क की पहल के लिए आपका धन्यवाद। अच्छा दिन!,3,2
Okay great! Thank you so much for your cooperation! Have a great day!, ठीक है बढ़िया! आपके सहयोग के लिए बहुत बहुत धन्यवाद! आपका दिन अच्छा रहे!,3,2
Hello, नमस्ते,2,0
"I'm sorry that you have been charged extra. However, I'll ensure that I'll raise a request to delete the charge and kindly give us 24-48 hours to get this resolved. You will also be receiving a confirmation e-mail once this is resolved. Is there anything else I might help you with today?"," मुझे खेद है कि आपसे अतिरिक्त शुल्क लिया गया है। हालांकि, मैं यह सुनिश्चित करूंगा कि मैं शुल्क हटाने का अनुरोध करूंगा और कृपया इसे हल करने के लिए हमें 24-48 घंटे का समय दें। इसका समाधान हो जाने पर आपको एक पुष्टिकरण ई-मेल भी प्राप्त होगा। क्या आज मैं आपकी कुछ और मदद कर सकता हूँ?",3,1
"Oh.No! I'm so sorry to hear that, I'll surely help you out with this. May I know your first and last name please?","धत्तेरे की! मुझे यह सुनकर बहुत अफ़सोस हुआ, मैं निश्चित रूप से इसमें आपकी मदद करूँगा। क्या मैं आपका पहला और अंतिम नाम जान सकता हूँ?",3,0
nothing else, और कुछ नहीं,1,0
I need to change the my credit card & My saving account address.., मुझे अपना क्रेडिट कार्ड और अपना बचत खाता पता बदलना होगा..,2,0
"Just to confirm, you wish to transfer $25,000 from the account ending with 9874 to the account ending with 2748. Am I right?
"," केवल पुष्टि करने के लिए, आप 9874 से समाप्त होने वाले खाते से 2748 के साथ समाप्त होने वाले खाते में $ 25,000 स्थानांतरित करना चाहते हैं। क्या मैं सही हूँ?",3,0
Thank you. Could you please help me with the  last 4 digits of the account number to which you want to transfer amount?, शुक्रिया। क्या आप कृपया मुझे उस खाता संख्या के अंतिम 4 अंकों में मदद कर सकते हैं जिसमें आप राशि हस्तांतरित करना चाहते हैं?,3,0
"hello daniel, How may can I help you today?"," हैलो डेनियल, मैं आज आपकी कैसे मदद कर सकता हूं?",3,0
my account number is 4537 and ssn number is 879 check my balance, मेरा अकाउंट नंबर 4537 है और ssn नंबर 879 है मेरा बैलेंस चेक करें,2,0
BANK NO:4542, बैंक नं: 4542,1,0
May I know the date and amount of the charge?, क्या मुझे शुल्क की तारीख और राशि पता हो सकती है?,2,0
"Thanks Saina. To pull up the information I will require your last 4 digits of the SSN.
", धन्यवाद साइना। जानकारी प्राप्त करने के लिए मुझे आपके एसएसएन के अंतिम 4 अंकों की आवश्यकता होगी।,3,0
DIYA, दीपक,0,0
i need 25 checks, मुझे 25 चेक चाहिए,1,0
OK. THANK YOU SO MUCH, ठीक है। आपका बहुत-बहुत धन्यवाद,3,2
Hi, नमस्ते,3,0
Hi would like the know the account balance,नमस्ते खाते की शेष राशि जानना चाहेंगे,3,0
ok, ठीक है,2,0
You're welcome! Is there anything else I may help you with?, आपका स्वागत है! क्या कुछ और है जिसमें मैं आपकी मदद कर सकता हूं?,2,2
The charges have been removed however you'll get the updated bill within 2 days.," शुल्क हटा दिए गए हैं, हालांकि आपको 2 दिनों के भीतर अपडेट किया गया बिल मिल जाएगा।",2,0
8328,8328,0,0
15/06/2018 and charge is 20$, 15/06/2018 और शुल्क 20$ . है,0,0
I am waiting!, मैं इंतज़ार कर रहा हूं!,2,0
250$, 250$,0,0
YES, हां,2,2
23rd june, 23 जून,0,0
OOPS SORRY.., ऊप्स माफ़ करना..,2,1
"89 South Adams Drive 
Ankeny, IA 50023"," 89 साउथ एडम्स ड्राइव एंकेनी, आईए 50023",0,0
"Thank you for the information. Could you also help me with the date and time of the charge and also the amount of the charge?
", जानकारी के लिए धन्यवाद। क्या आप चार्ज की तारीख और समय और चार्ज की राशि के बारे में भी मेरी मदद कर सकते हैं?,3,0
no thank you, नहीं धन्यवाद,3,1
nothing else, और कुछ नहीं,1,0
Great! Could you also help me out with the last 4 digits of your account number?, महान! क्या आप अपनी खाता संख्या के अंतिम 4 अंक निकालने में भी मेरी मदद कर सकते हैं?,3,2
"Sure! I'd be glad to assist you on this. Could you please let me know your name, last 4 digits of SSN and credit card number?
"," ज़रूर! मुझे इसमें आपकी सहायता करने में खुशी होगी। क्या आप कृपया मुझे अपना नाम, एसएसएन के अंतिम 4 अंक और क्रेडिट कार्ड नंबर बता सकते हैं?",3,0
"$25, 27/06/18"," $25, 27/06/18",0,0
YES, हां,2,2
Anderson Smith, एंडरसन स्मिथ,0,0
Was a police report filed?, क्या पुलिस में रिपोर्ट दर्ज की गई थी?,0,0
Thank you so much for bringing this to our notice. I'll ensure that I'll raise a request to delete the charge and kindly give us 24-48 hours to get this resolved. You will also be receiving a confirmation e-mail once this is resolved., इसे हमारे संज्ञान में लाने के लिए आपका बहुत-बहुत धन्यवाद। मैं यह सुनिश्चित करूंगा कि मैं शुल्क हटाने का अनुरोध करूंगा और कृपया इसे हल करने के लिए हमें 24-48 घंटे का समय दें। इसका समाधान हो जाने पर आपको एक पुष्टिकरण ई-मेल भी प्राप्त होगा।,3,1
Thank you so much for staying connected. Your lost credit card has been blocked and a new credit account will be sent to your address shortly.,जुड़े रहने के लिए आपका बहुत-बहुत धन्यवाद। आपका खोया हुआ क्रेडिट कार्ड ब्लॉक कर दिया गया है और जल्द ही आपके पते पर एक नया क्रेडिट खाता भेजा जाएगा।,3,2
Ohhh, ओह,0,0
hello, नमस्ते,2,0
Raja Vel, राजा वेली,0,0
I hope this was helpful., मुझे आशा है कि यह मददगार था।,2,0
It was wonderful talking to you. Have a great day,आपसे बात करके बहुत अच्छा लगा। आपका दिन अच्छा रहे,3,2
Myself Randy, खुद रैंडी,1,0
"Great! Just to confirm you would like me to transfer $2600 from the account ending with 1234 to the account ending with 7890, is that right?"," महान! केवल यह पुष्टि करने के लिए कि आप चाहते हैं कि मैं 1234 से समाप्त होने वाले खाते से 2600 डॉलर को 7890 से समाप्त होने वाले खाते में स्थानांतरित कर दूं, क्या यह सही है?",3,0
Hey! A very good morning to you. How may I help you today?, अरे! आपके लिए एक बहुत ही शुभ प्रभात। आज मैं आपकी कैसे मदद कर सकता हूँ?,3,2
7.31569E+15,7.31569E+15,0,0
Would there be anything else I may help you with today?, क्या आज मैं आपकी कुछ और मदद कर सकता हूँ?,2,0
no, नहीं,1,1
"Perfect. Could you please provide me the last 4 digits of the account number.
", उत्तम। क्या आप कृपया मुझे खाता संख्या के अंतिम 4 अंक प्रदान कर सकते हैं।,3,0
need to tranfer amount, राशि हस्तांतरित करने की आवश्यकता,1,0
5934,5934,0,0
"Pleasure assisting you. Please do contact us, if you face any issues. We will be glad to assist you.
Thank you for your time and patience. You have a great day.
","आपकी सहायता करने में खुशी। कृपया हमसे संपर्क करें, यदि आप किसी भी समस्या का सामना करते हैं। हमें आपकी सहायता करने में खुशी होगी। आपके समय और धैर्य के लिए आपका धन्यवाद। आपका दिन बहुत बढ़िया हो।",3,2
8329,8329,0,0
You're most welcome. Would there be anything else I may help you with?,आपका स्वागत है। क्या कुछ और होगा जिसमें मैं आपकी मदद कर सकूं?,3,2
"Kenneth Bond, SSN 9573 and account number 8525","केनेथ बॉन्ड, एसएसएन 9573 और खाता संख्या 8525",0,0
"23-east st,us"," 23-पूर्व सेंट, यूएस",0,0
Could you please let me know the last 4 digits of SSN and the last 4 digits of credit card account number?, क्या आप कृपया मुझे एसएसएन के अंतिम 4 अंक और क्रेडिट कार्ड खाता संख्या के अंतिम 4 अंक बता सकते हैं?,3,0
"Sure! Could you please let me know the name,last 4 digits of SSN and credit card number?"," ज़रूर! क्या आप कृपया मुझे नाम, एसएसएन के अंतिम 4 अंक और क्रेडिट कार्ड नंबर बता सकते हैं?",3,0
OK THANK YOU, ठीक है धन्यवाद,3,2
"Great! could you please share the 16 digits of your credit card number? 
", महान! क्या आप कृपया अपने क्रेडिट कार्ड नंबर के 16 अंक साझा कर सकते हैं?,3,0
i want change address, मुझे पता बदलना है,1,0
OK THANK YOU, ठीक है धन्यवाद,3,2
7.58945E+15,7.58945E+15,0,0
are still we connected ?, क्या हम अभी भी जुड़े हुए हैं?,0,0
"Thank you for using our live chat service. I'm now closing this chat. If you have any other concerns in the future, please don’t hesitate to let us know. Have a great day!
"," हमारी लाइव चैट सेवा का उपयोग करने के लिए धन्यवाद। मैं अब इस चैट को बंद कर रहा हूं। यदि भविष्य में आपकी कोई अन्य चिंता है, तो कृपया हमें बताने में संकोच न करें। आपका दिन अच्छा रहे!",3,2
I'll help you with that. May I know your name please?, मैं इसमें आपकी मदद करूंगा। क्या मैं आपका नाम जान सकता हूँ?,3,0
Thank you so much for staying connected. Your lost credit card has been blocked and a new credit account will be sent to your address shortly.,जुड़े रहने के लिए आपका बहुत-बहुत धन्यवाद। आपका खोया हुआ क्रेडिट कार्ड ब्लॉक कर दिया गया है और जल्द ही आपके पते पर एक नया क्रेडिट खाता भेजा जाएगा।,3,2
Perfect! May I also know the last four digits of your SSN?, उत्तम! क्या मैं आपके SSN के अंतिम चार अंक भी जान सकता हूँ?,3,0
"My pleasure. Anything else I may help you out with?
", मेरा सौभाग्य। कुछ और मैं आपकी मदद कर सकता हूं?,3,2
"hey! your account balance is $15,000. "," अरे! आपके खाते की शेष राशि $15,000 है।",2,0
I'd also require the complete 16 digit credit card number.,मुझे पूरे 16 अंकों के क्रेडिट कार्ड नंबर की भी आवश्यकता होगी।,1,0
Hi I wanted to inquire if the company's new lower rates are avaiable to me as shwon in ad," नमस्ते, मैं जानना चाहता था कि क्या कंपनी की नई कम दरें मेरे लिए उपलब्ध हैं, जैसा कि विज्ञापन में दिखाया गया है?",3,0
"Thank you Lawrence, Could you please let me know the last 4 digits of account from which you'd like to transfer?"," धन्यवाद लॉरेंस, क्या आप कृपया मुझे उस खाते के अंतिम 4 अंक बता सकते हैं जिससे आप स्थानांतरित करना चाहते हैं?",3,0
nothing else....,और कुछ नहीं....,2,0
SSN-6328 A/C-7451, एसएसएन-6328 ए/सी-7451,0,0
with my name we can get information, मेरे नाम से हम जानकारी प्राप्त कर सकते हैं,1,0
no, नहीं,1,1
ok thak u, ओके थैंक यू,3,0
Perfect! Please give me a minute to proceed further., उत्तम! कृपया मुझे आगे बढ़ने के लिए एक मिनट दें।,3,2
Nothing else, और कुछ नहीं,2,0
5894,5894,0,0
Great so far. Thanks., अब तक बढ़िया। धन्यवाद।,3,2
I HAVE CHANGE ADDRESS, मेरे पास पता बदल गया है,1,0
Hey there! How may I help you?, सुनो! क्या मेरे द्वारा आपकी कोई सहायता हो सकती है?,3,0
"Yeah sure, Is it the same account ending with 5423?"," हाँ, क्या यह वही खाता है जो 5423 के साथ समाप्त होता है?",2,0
"Thank you for using our live chat service, and we hope to hear from you again! Goodbye!
"," हमारी लाइव चैट सेवा का उपयोग करने के लिए धन्यवाद, और हम आपसे फिर से सुनने की आशा करते हैं! अलविदा!",3,2
No, नहीं,1,0
6485,6485,0,0
bye!, अलविदा!,2,0
"Pls update my address "" 587 Rekha mahel,uma nagar,Theni"" in my account"," कृपया मेरे खाते में मेरा पता ""587 रेखा महल, उमा नगर, थेनी"" अपडेट करें",3,0
BYE, अलविदा,2,0
yes i hope," हां, मैं आशा करता हूं",2,0
have a nice day!, आपका दिन शुभ हो!,2,2
"All right. I apologize I will be not able to give you the information at this point of time. However someone from our bank will reach you back in few days to give you all important information.
", ठीक है। मुझे खेद है कि मैं इस समय आपको जानकारी नहीं दे पाऊंगा। हालांकि हमारे बैंक का कोई व्यक्ति आपको सभी महत्वपूर्ण जानकारी देने के लिए कुछ दिनों में वापस पहुंच जाएगा।,3,0
King Anderson, किंग एंडरसन,0,0
"Hey there, how may I help you today?"," अरे वहाँ, मैं आज आपकी कैसे मदद कर सकता हूँ?",3,0
"Thanks, John. Please could you tell me if your card was lost or was it stolen?"," धन्यवाद, जॉन। क्या आप मुझे बता सकते हैं कि आपका कार्ड खो गया था या चोरी हो गया था?",3,0
Sure. I'll help you with that. Could you please help me with your name and the four digits of SSN?, ज़रूर। मैं इसमें आपकी मदद करूंगा। क्या आप कृपया मुझे अपने नाम और एसएसएन के चार अंकों के साथ मदद कर सकते हैं?,3,0
"Sure, I'll help you with that. Could you please help me with your name and the four digits of SSN?"," ज़रूर, मैं इसमें आपकी मदद करूँगा। क्या आप कृपया मुझे अपने नाम और एसएसएन के चार अंकों के साथ मदद कर सकते हैं?",3,0
Thank you for holding on. Your account ending with 2948 holds a balance of $500., रुके रहने के लिए धन्यवाद। 2948 से समाप्त होने वाले आपके खाते में $500 की शेष राशि है।,3,0
OK, ठीक है,2,0
Ram 6566, राम 6566,0,0
"Pleasure assisting you. Please do contact us, if you face any issues. We will be glad to assist you.
Thank you for your time and patience. You have a great day.
","आपकी सहायता करने में खुशी। कृपया हमसे संपर्क करें, यदि आप किसी भी समस्या का सामना करते हैं। हमें आपकी सहायता करने में खुशी होगी। आपके समय और धैर्य के लिए आपका धन्यवाद। आपका दिन बहुत बढ़िया हो।",3,2
thanks, धन्यवाद,2,2
Okay! May I please know your first and last name?,ठीक! क्या मैं आपका पहला और अंतिम नाम जान सकता हूँ?,3,0
ok thanks, ठीक है धन्यवाद,3,0
7576,7576,0,0
8522,8522,0,0
"I would be glad to help you out in this regards. May I know your name please?
", मुझे इस संबंध में आपकी मदद करने में खुशी होगी। क्या मैं आपका नाम जान सकता हूँ?,3,0
YES, हां,2,2
No thank You., नहीं धन्यवाद।,3,1
IN NEED TO TRANSFER 400 DOLLARS, 400 डॉलर ट्रांसफर करने की जरूरत है,1,1
ok, ठीक है,2,0
AM SHOPING $120 BUT THEY RECEIVE $150, मैं $120 की खरीदारी कर रहा हूँ लेकिन उन्हें $150 मिलते हैं,2,2
bye, अलविदा,2,0
needful*, आवश्यक*,1,0
"625837516987256 and your SSN number 36589675.
", 625837516987256 और आपका एसएसएन नंबर 36589675।,0,0
"Thank you for waiting patiently your account balance is $10,000"," धैर्यपूर्वक प्रतीक्षा करने के लिए धन्यवाद, आपके खाते की शेष राशि $10,000 है",3,0
Perfect! Could you also please help me out with the amount of money to be transferred and the last 4 digits of the account number to which the amount has to be transferred?," उत्तम! क्या आप कृपया मुझे हस्तांतरित की जाने वाली राशि और खाता संख्या के अंतिम 4 अंक, जिसमें राशि हस्तांतरित की जानी है, में मेरी मदद कर सकते हैं?",3,2
Yes, हाँ,2,0
I WANT KNOW MY BANK ROUTING NUMBER ?, मुझे अपना बैंक रूटिंग नंबर जानना है?,2,0
"As per your request, I have transferred the amount $600 to the account ending with 6590. You'll be receiving a confirmation message regarding this. Is there anything else I can help you with?"," आपके अनुरोध के अनुसार, मैंने $600 की राशि 6590 पर समाप्त होने वाले खाते में स्थानांतरित कर दी है। आपको इस संबंध में एक पुष्टिकरण संदेश प्राप्त होगा। क्या कुछ और है जिसमें मैं आपकी मदद कर सकता हूं?",3,0
please, कृपया,2,0
"Hello there, how may I help you today?"," नमस्ते, मैं आज आपकी कैसे मदद कर सकता हूं?",3,0
no bye, अलविदा नहीं,2,0
"Most welcome, sir! Have a great day! Thank you for connecting with us.", बहुत बहुत स्वागत है सर ! आपका दिन अच्छा रहे! हमसे जुड़ने के लिए धन्यवाद।,3,2
Eli Mooney, एली मूनी,0,0
yesterday, कल,2,0
"Thanks for your time and patience. Hope to see you again, We aim to provide you the best banking experience. Have a great day!"," आपके समय और धैर्य के लिए धन्यवाद। आपसे फिर से मिलने की उम्मीद है, हमारा लक्ष्य आपको सर्वश्रेष्ठ बैंकिंग अनुभव प्रदान करना है। आपका दिन अच्छा रहे!",3,2
Could you please provide the last 4 digits of your credit card number.,क्या आप कृपया अपने क्रेडिट कार्ड नंबर के अंतिम 4 अंक प्रदान कर सकते हैं।,3,0
Hello! how may I assist you?, नमस्ते! मैं आपकी कैसे सहायता कर सकता हूँ?,3,0
Good work, अच्छा काम,3,2
"Perfect. Could you please provide me your complete credit card number.
", उत्तम। क्या आप कृपया मुझे अपना पूरा क्रेडिट कार्ड नंबर प्रदान कर सकते हैं।,3,2
kk, के.के.,2,0
Thank you very much, आपका बहुत बहुत धन्यवाद,3,2
Very good evening!, बहुत अच्छी शाम!,3,2
"Oh,that's bad! I'm sorry to hear that I understand you're upset, and I will do my best to help you. Please may I know your name?"," ओह यह बुरी बात है! मुझे यह जानकर अफ़सोस हुआ कि मैं समझता हूँ कि आप परेशान हैं, और मैं आपकी मदद करने की पूरी कोशिश करूँगा। कृपया क्या मैं आपका नाम जान सकता हूँ?",3,1
Is there any query that I can help you with? I'll be happy to help., क्या कोई प्रश्न है जिसमें मैं आपकी सहायता कर सकता हूं? मुझे मदद करने में खुशी होगी.,3,0
no, नहीं,1,1
Credit card number:2456324578621589..SSN number:2456, क्रेडिट कार्ड नंबर: 2456324578621589..SSN नंबर: 2456,0,0
Hello Charlie, हैलो चार्ली,3,0
All right. I had a great time assisting you. Please do feel free to reach out to us for further queries. Have a good day. Bye now., ठीक है। मुझे आपकी सहायता करने में बहुत अच्छा लगा। कृपया आगे के प्रश्नों के लिए हमसे बेझिझक संपर्क करें। आपका दिन शुभ हो। अलविदा।,3,2
"I apologize for the charge that happened however I would be glad to help you out in this regards. May I know your name please?
", जो आरोप हुआ उसके लिए मैं क्षमाप्रार्थी हूं हालांकि इस संबंध में आपकी सहायता करने में मुझे खुशी होगी। क्या मैं आपका नाम जान सकता हूँ?,3,1
Steve Jacobson, स्टीव जैकबसन,0,0
Sure. I'll help you with that. Could you please help me with your name and the four digits of SSN?, ज़रूर। मैं इसमें आपकी मदद करूंगा। क्या आप कृपया मुझे अपने नाम और एसएसएन के चार अंकों के साथ मदद कर सकते हैं?,3,0
ROBBY, रॉबी,0,0
"Thank you. To transfer the money I will require the last 4 digits of account to move from and the last 4 digits of account to move to.
",शुक्रिया। पैसे ट्रांसफर करने के लिए मुझे खाते के अंतिम 4 अंक से स्थानांतरित करने की आवश्यकता होगी और खाते के अंतिम 4 अंकों को स्थानांतरित करने के लिए।,3,0
"Perfect. I will now go ahead and cancel your old card which is missing and issue a new one for you that which will be sent to your address soon.
", उत्तम। अब मैं आगे बढ़ूंगा और आपके पुराने कार्ड को रद्द कर दूंगा जो गायब है और आपके लिए एक नया कार्ड जारी करूंगा जो जल्द ही आपके पते पर भेज दिया जाएगा।,2,2
HI, नमस्ते,2,0
OK, ठीक है,2,0
Oh sorry my ssn in 4547 and cd card number is 589774456544133651, ओह सॉरी माय एसएसएन इन 4547 और सीडी कार्ड नंबर 589774456544133651,3,0
4532,4532,0,0
BYE, अलविदा,2,0
can i change that amount to 100 please, क्या मैं उस राशि को कृपया 100 में बदल सकता हूँ,2,0
"Sure, I'm really sorry you had to face this. Please allow me a minute to look into the issue."," ज़रूर, मुझे वाकई खेद है कि आपको इसका सामना करना पड़ा। कृपया मुझे इस मुद्दे को देखने के लिए एक मिनट का समय दें।",3,1
Yes we are still connected., हाँ हम अभी भी जुड़े हुए हैं।,2,0
"I'll assist you with the rates however, please visit www.bank.com that'll direct you to get details regarding the lower rates.","हालांकि, मैं दरों में आपकी सहायता करूंगा, कृपया www.bank.com पर जाएं जो आपको कम दरों के बारे में विवरण प्राप्त करने के लिए निर्देशित करेगा।",3,0
"Thank you, Ms Vincy. Please help me with your credit card number and your SSN number?"," धन्यवाद, सुश्री विंसी। कृपया अपने क्रेडिट कार्ड नंबर और अपने एसएसएन नंबर के साथ मेरी मदद करें?",3,0
5281,5281,0,0
Thank you for holding on. Your address has been successfully changed to 875 JOHNSON STREET VENI COLONY AL 887444., रुके रहने के लिए धन्यवाद। आपका पता सफलतापूर्वक 875 जॉनसन स्ट्रीट वेनी कॉलोनी एएल 887444 में बदल दिया गया है।,3,2
I would like to check my account balance, मैं अपने खाते की शेष राशि की जांच करना चाहता/चाहती हूं,3,0
75th, 75 वीं,0,0
"Thank you, Kabiree!Please could you share with me the account number and also your SSN number?"," धन्यवाद, कबीरी!कृपया क्या आप मेरे साथ खाता संख्या और अपना एसएसएन नंबर साझा कर सकते हैं?",3,0
"Hello, how may I help you today?"," हैलो, मैं आज आपकी कैसे मदद कर सकता हूं?",3,0
I'm afraid that I can't help you if you couldn't provide your social security number., मुझे डर है कि अगर आप अपना सामाजिक सुरक्षा नंबर प्रदान नहीं कर सकते तो मैं आपकी मदद नहीं कर सकता।,2,1
"Hello there, how may I help you today?"," नमस्ते, मैं आज आपकी कैसे मदद कर सकता हूं?",3,0
Thank you! To get your bank details I would need your last 4 digits of SSN., आपको धन्यवाद! आपका बैंक विवरण प्राप्त करने के लिए मुझे आपके एसएसएन के अंतिम 4 अंकों की आवश्यकता होगी।,3,0
"Sure, I'll help you with that. Could you please help me with your name and the four digits of SSN?"," ज़रूर, मैं इसमें आपकी मदद करूँगा। क्या आप कृपया मुझे अपने नाम और एसएसएन के चार अंकों के साथ मदद कर सकते हैं?",3,0
"Hello, how may I help you with today? "," हैलो, मैं आज आपकी कैसे मदद कर सकता हूं?",3,0
OK.Thanks, ठीक है धन्यवाद,2,0
sure, ज़रूर,2,0
"Thank you for your valuable information. As I've checked, I see that the account balance of the account ending with 5556 is $13000."," आपकी बहुमूल्य जानकारी के लिए धन्यवाद। जैसा कि मैंने जाँच की है, मैं देखता हूँ कि 5556 के साथ समाप्त होने वाले खाते का खाता शेष $13000 है।",3,0
WAIT A SECOND, एक सेकंड रुको,0,0
Thanks for your quick support, आपके त्वरित समर्थन के लिए धन्यवाद,3,2
3453,3453,0,0
"Postiro Natiki, 3rd floor, russia"," पोस्टिरो नाटिकी, तीसरी मंजिल, रूस",0,0
4.44263E+15,4.44263E+15,0,0
"Okay, just to confirm, is this your correct address?"," ठीक है, बस पुष्टि करने के लिए, क्या यह आपका सही पता है?",2,0
You’re most welcome. Is there anything else I could help you with?, आपका स्वागत है। क्या कुछ और है जिसमें मैं आपकी मदद कर सकता हूं?,3,2
1452,1452,0,0
CHANGE MY A/C ADDRESS, मेरा खाता पता बदलें,0,0
Perfect! It was wonderful serving you. Wish to you serve you again. Have a nice day ahead!,उत्तम! आपकी सेवा करना अद्भुत रहा। आप फिर से आपकी सेवा करने की कामना करते हैं। आपका दिन अच्छा हों!,2,2
"Hello, how may I help you with today?"," हैलो, मैं आज आपकी कैसे मदद कर सकता हूं?",3,0
yes its 65412 58412 489563, हाँ इसकी 65412 58412 489563,2,0
6589,6589,0,0
no, नहीं,1,1
I'm sorry as you have only 80$ in the account I would not be able transfer $90.," मुझे खेद है कि आपके खाते में केवल 80$ हैं, मैं $90 ट्रांसफर नहीं कर पाऊंगा।",3,1
"thank you so much, you did a great job!"," बहुत बहुत धन्यवाद, आपने बहुत अच्छा काम किया!",3,2
Hi, नमस्ते,3,0
"Pleasure assisting you. Please do contact us anytime, if you face any issues with the card. We will be glad to assist you.
Thank you for your time and patience. You have a great day.
"," आपकी सहायता करने में खुशी। यदि आप कार्ड के साथ किसी भी समस्या का सामना करते हैं, तो कृपया हमसे कभी भी संपर्क करें। हमें आपकी सहायता करने में खुशी होगी। आपके समय और धैर्य के लिए आपका धन्यवाद। आपका दिन बहुत बढ़िया हो।",3,2
My name is John Smith, मेरा नाम जॉन स्मिथ है,2,0
Hai.... My card missed so please close my credit card, हाय .... मेरा कार्ड छूट गया तो कृपया मेरा क्रेडिट कार्ड बंद कर दें,2,1
4596,4596,0,0
No thanks," जी नहीं, धन्यवाद",3,1
"Sure, I'll help you with that. Could you please provide the new address?"," ज़रूर, मैं इसमें आपकी मदद करूँगा। क्या आप कृपया नया पता प्रदान कर सकते हैं?",3,0
"Sure, please allow me a minute to change your address."," ज़रूर, कृपया मुझे अपना पता बदलने के लिए एक मिनट का समय दें।",2,0
"For sure, Kindly give me a minute."," निश्चित रूप से, कृपया मुझे एक मिनट दें।",2,0
yes, हां,2,0
"I was used on 06/09/2018
", मुझे 06/09/2018 को इस्तेमाल किया गया था,1,0
"You're welcome. I had a good time assisting you. Please do feel free to reach out to us for further queries. Have a good day. Bye now.
", आपका स्वागत है। मेरे पास आपकी सहायता करने का अच्छा समय था। कृपया आगे के प्रश्नों के लिए हमसे बेझिझक संपर्क करें। आपका दिन शुभ हो। अलविदा।,2,2
sure, ज़रूर,2,0
can i get the same credit card number which i lost, क्या मुझे वही क्रेडिट कार्ड नंबर मिल सकता है जो मैंने खो दिया था,2,0
"In case there is no reply, the chat will be automatically disconnected in 30 seconds. "," यदि कोई उत्तर नहीं मिलता है, तो चैट 30 सेकंड में अपने आप डिस्कनेक्ट हो जाएगी।",1,1
I'd also require the complete 16 digit credit card number.,मुझे पूरे 16 अंकों के क्रेडिट कार्ड नंबर की भी आवश्यकता होगी।,1,0
"HI,,"," नमस्ते,,",3,0
"I highly appreciate your patience, I would like to inform you that I've successfully removed the extra charge of $25 from your account. "," मैं आपके धैर्य की बहुत सराहना करता हूं, मैं आपको सूचित करना चाहता हूं कि मैंने आपके खाते से $25 का अतिरिक्त शुल्क सफलतापूर्वक निकाल दिया है।",3,2
YASER, यासिर,0,0
jun, जून,0,0
You're most welcome. Would there be anything else I may help you with?,आपका स्वागत है। क्या कुछ और होगा जिसमें मैं आपकी मदद कर सकूं?,3,2
hello, नमस्ते,2,0
remove please, कृपया हटा दें,2,0
"Perfect. Could you please provide me your complete credit card number.
", उत्तम। क्या आप कृपया मुझे अपना पूरा क्रेडिट कार्ड नंबर प्रदान कर सकते हैं।,3,2
"the new address is 1012 Lake Drive, medford, NY 11763","नया पता 1012 लेक ड्राइव, मेडफोर्ड, एनवाई 11763 है",1,0
sure, ज़रूर,2,0
"Awesome! Thank you so much for your cooperation, have a great day! "," बहुत बढ़िया! आपके सहयोग के लिए बहुत-बहुत धन्यवाद, आपका दिन मंगलमय हो!",3,2
"I wish I could help you with that. Unfortunately, I don't have access to loan department. I request you to visit our bank website abcbank.com. It will direct you to the right page. "," काश मैं इसमें आपकी मदद कर पाता। दुर्भाग्य से, मेरे पास ऋण विभाग तक पहुंच नहीं है। मैं आपसे अनुरोध करता हूं कि आप हमारी बैंक की वेबसाइट abcbank.com पर जाएं। यह आपको सही पेज पर ले जाएगा।",3,0
"Awesome! Thank you for reaching out to us, please feel free to reach out for further concerns."," बहुत बढ़िया! हमसे संपर्क करने के लिए धन्यवाद, कृपया आगे की चिंताओं के लिए बेझिझक संपर्क करें।",3,2
"I would love to help you with that. However, for more insight into the lower rates one of our members from the specialty team will get in touch with you to let you know more about the details. ","मुझे इसमें आपकी मदद करना अच्छा लगेगा। हालांकि, कम दरों के बारे में अधिक जानकारी के लिए विशेष टीम के हमारे सदस्यों में से एक आपसे संपर्क करेगा ताकि आपको विवरण के बारे में अधिक जानकारी मिल सके।",3,0
Thank you for the information. I see that you have $5000 in your account. Let me know if you have any other queries.,जानकारी के लिए धन्यवाद। मैं देख रहा हूँ कि आपके खाते में $5000 हैं। यदि आपके कोई अन्य प्रश्न हैं तो मुझे बताएं।,3,0
6786,6786,0,0
Awesome. I had a great time assisting you. Please do feel free to reach out to us for further queries. Have a good day. Bye now., बहुत बढ़िया। मुझे आपकी सहायता करने में बहुत अच्छा लगा। कृपया आगे के प्रश्नों के लिए हमसे बेझिझक संपर्क करें। आपका दिन शुभ हो। अलविदा।,3,2
OK THANK YOU SO MUCH,ठीक है आपका बहुत धन्यवाद,3,2
Hello! good morning! How may I assist you today?, नमस्ते! शुभ प्रभात! आज मैं आपकी मदद किस तरह कर सकता हूँ?,3,0
"I'm sorry for the loss. I'll be glad to assist you with the new one.
", मुझे नुकसान के लिए खेद है। मुझे नए के साथ आपकी सहायता करने में खुशी होगी।,3,1
Nothing else Thank you very much, और कुछ नहीं बहुत बहुत धन्यवाद,3,0
Perfect! Please give me a minute to proceed further., उत्तम! कृपया मुझे आगे बढ़ने के लिए एक मिनट दें।,3,2
Need to change my new address for my saving account, मेरे बचत खाते के लिए अपना नया पता बदलने की जरूरत है,1,0
"Thank you so much for bringing this to our notice. I'll ensure that I'll raise a request to delete the charge and kindly give us 24-48 hours to get this resolved. You will also be receiving a confirmation e-mail once this is resolved.
", इसे हमारे संज्ञान में लाने के लिए आपका बहुत-बहुत धन्यवाद। मैं यह सुनिश्चित करूंगा कि मैं शुल्क हटाने का अनुरोध करूंगा और कृपया इसे हल करने के लिए हमें 24-48 घंटे का समय दें। इसका समाधान हो जाने पर आपको एक पुष्टिकरण ई-मेल भी प्राप्त होगा।,3,1
You're most welcome. Would there be anything else I may help you with?,आपका स्वागत है। क्या कुछ और होगा जिसमें मैं आपकी मदद कर सकूं?,3,2
My credit card got stolen and I would like to replace it, मेरा क्रेडिट कार्ड चोरी हो गया है और मैं इसे बदलना चाहूंगा,2,1
"3 Dakshin road,Paris"," 3 दक्षिण रोड, पेरिस",2,0
"Okay Fabulous! I've have transferred your money, you'll receive a conformation email on your registered email Id, Would there be anything else I may help you with? "," ठीक है शानदार! मैंने आपका पैसा ट्रांसफर कर दिया है, आपको अपनी पंजीकृत ईमेल आईडी पर एक कन्फर्मेशन ईमेल प्राप्त होगा, क्या मैं आपकी मदद के लिए कुछ और कर सकता हूं?",3,2
Thank you for the information. I see your name as Peter. However I'll need your complete credit card number so that I can cancel the old one and issue the new card.,जानकारी के लिए धन्यवाद। मैं आपका नाम पीटर के रूप में देखता हूं। हालांकि मुझे आपके पूर्ण क्रेडिट कार्ड नंबर की आवश्यकता होगी ताकि मैं पुराने को रद्द कर सकूं और नया कार्ड जारी कर सकूं।,3,0
2700,2700,0,0
Perfect! Please could you help me with the new address?, उत्तम! कृपया क्या आप मुझे नए पते में मदद कर सकते हैं?,3,2
4567,4567,0,0
Amazing. Could you also help me with the date the card was last used?, अद्भुत। क्या आप उस तारीख के बारे में भी मेरी मदद कर सकते हैं जब कार्ड का अंतिम बार उपयोग किया गया था?,3,2
chandra akash, चंद्र आकाशी,0,0
SSN NO : 5697, एसएसएन नं: 5697,1,0
"Thank you,Kanika! Please could you share with me the account number and also your SSN number?"," धन्यवाद, कनिका! क्या आप मेरे साथ खाता संख्या और अपना एसएसएन नंबर साझा कर सकते हैं?",3,0
They seemed pretty compelling and I wanted to check if I could take advantage of those rates, वे बहुत आकर्षक लग रहे थे और मैं जांचना चाहता था कि क्या मैं उन दरों का लाभ उठा सकता हूं,2,2
"Hello, how may I help you with today?"," हैलो, मैं आज आपकी कैसे मदद कर सकता हूं?",3,0
Hello. How may I help you today?, नमस्ते। आज मैं आपकी कैसे मदद कर सकता हूँ?,3,0
Amazing! Could you help me with the new address so that I can update it right away for you?,अद्भुत! क्या आप नए पते में मेरी मदद कर सकते हैं ताकि मैं इसे आपके लिए तुरंत अपडेट कर सकूं?,3,2
"Hello there, Good morning! "," नमस्ते वहाँ, सुप्रभात!",3,0
"Good news! I've updated your address on the system, you’ll be receiving a confirmation e-mail shortly. All communications will be made to the new address. Would you need anything else?"," खुशखबरी! मैंने सिस्टम पर आपका पता अपडेट कर दिया है, आपको शीघ्र ही एक पुष्टिकरण ई-मेल प्राप्त होगा। सभी संचार नए पते पर किए जाएंगे। क्या आपको कुछ और चाहिए होगा?",3,2
Awesome! Kindly give me a minute., बहुत बढ़िया! कृपया मुझे एक मिनट दें।,3,2
hi my account number is 6780 and my ssn number is 900, हाय मेरा अकाउंट नंबर 6780 है और मेरा एसएसएन नंबर 900 है,3,0
"Alas! I'm so sorry to hear that, I'll surely help you out with this. May I know your first and last name please?
"," काश! मुझे यह सुनकर बहुत अफ़सोस हुआ, मैं निश्चित रूप से इसमें आपकी मदद करूँगा। क्या मैं आपका पहला और अंतिम नाम जान सकता हूँ?",3,0
"Great. Now could you please help me with the last four digits of the account number you wish to transfer the money to?
", महान। अब क्या आप कृपया मुझे उस खाता संख्या के अंतिम चार अंकों में मदद कर सकते हैं जिसमें आप पैसे ट्रांसफर करना चाहते हैं?,3,0
Could you please help me out with your full name?, क्या आप कृपया अपने पूरे नाम के साथ मेरी मदद कर सकते हैं?,3,0
U WILL THERE, यू विल थॉर,0,0
Thank you for reaching out to us. Good day!, हमसे संपर्क की पहल के लिए आपका धन्यवाद। अच्छा दिन!,3,2
ok .. thanks for your assists, ठीक है.. आपकी सहायता के लिए धन्यवाद,3,2
"Hello there, how may I help you today?"," नमस्ते, मैं आज आपकी कैसे मदद कर सकता हूं?",3,0
I want to change my address in credit card, मैं क्रेडिट कार्ड में अपना पता बदलना चाहता हूं,2,0
Could you also please help out with last 4 digits of SSN and credit card number?, क्या आप कृपया एसएसएन के अंतिम 4 अंक और क्रेडिट कार्ड नंबर के बारे में भी मदद कर सकते हैं?,3,0
It is 1778 N. Commodore Ave.,यह 1778 एन. कमोडोर एवेन्यू है।,0,0
Awesome! Is there anything else I could assist you with?, बहुत बढ़िया! क्या कुछ और है जिसमें मैं आपकी सहायता कर सकता हूं?,3,2
"Hello there, Good morning!"," नमस्ते वहाँ, सुप्रभात!",3,0
Report an error in your credit card bill and ask to have the charge, अपने क्रेडिट कार्ड बिल में त्रुटि की रिपोर्ट करें और शुल्क लेने के लिए कहें,0,0
"Hello there, How may I help you today?
"," नमस्ते, मैं आज आपकी कैसे मदद कर सकता हूँ?",3,0
I've just blocked the card and issued a new one whic will be reaching you in 2 day, मैंने अभी-अभी कार्ड ब्लॉक किया है और एक नया कार्ड जारी किया है जो 2 दिनों में आप तक पहुंच जाएगा,2,1
Okay, ठीक,2,0
"I would be glad to help you out in this regards. May I know your name please?
", मुझे इस संबंध में आपकी मदद करने में खुशी होगी। क्या मैं आपका नाम जान सकता हूँ?,3,0
Is there anything else I may assist you with?, क्या कुछ और है जिसमें मैं आपकी सहायता कर सकता हूं?,2,0
"Could you please help me with your full name, the last four digits of your SSN and your credit card number?"," क्या आप कृपया अपना पूरा नाम, अपने एसएसएन के अंतिम चार अंक और अपने क्रेडिट कार्ड नंबर के साथ मेरी मदद कर सकते हैं?",3,0
That's great! Could you please share your checking account number to which you want to transfer money to?, एक दम बढ़िया! क्या आप कृपया अपना चेकिंग खाता नंबर साझा कर सकते हैं जिसमें आप धन हस्तांतरित करना चाहते हैं?,3,2
"Great. I have gone ahead and updated the new address for your convenience.
",महान। मैंने आपकी सुविधा के लिए आगे बढ़कर नया पता अपडेट कर दिया है।,3,2
Great! Is there anything else I can do for you?, महान! क्या मैं आपके लिए और कुछ कर सकता हूं?,3,2
hi, नमस्ते,2,0
Thank you, आपको धन्यवाद,2,2
Thank you. Could you please share the complete credit card number?, शुक्रिया। क्या आप कृपया पूरा क्रेडिट कार्ड नंबर साझा कर सकते हैं?,3,0
OK thnak you, ओके थैंक यू,2,0
I got enough information..Thanks again.., मुझे पर्याप्त जानकारी मिली..धन्यवाद फिर से..,3,2
A/C NO - 6687 TRANSFER AMOUNT $400, खाता संख्या - 6687 स्थानांतरण राशि $400,1,0
Perfect! How much would you want to transfer?, उत्तम! आप कितना ट्रांसफर करना चाहेंगे?,3,2
"Awesome! Thank you so much for your cooperation, have an amazing day ahead! "," बहुत बढ़िया! आपके सहयोग के लिए बहुत-बहुत धन्यवाद, आपका आने वाला दिन शानदार हो!",3,2
please cancel the lost card and issue a new one on for my name., कृपया खोए हुए कार्ड को रद्द करें और मेरे नाम के लिए एक नया कार्ड जारी करें।,3,0
Yes for sure!, जी हां निश्चित तौर पर!,2,2
May I also know the last four digits of your SSN?, क्या मैं आपके SSN के अंतिम चार अंक भी जान सकता हूँ?,2,0
"Your welcome, would there be anything else I may help you with today?"," आपका स्वागत है, क्या आज मैं आपकी कुछ और मदद कर सकता हूँ?",3,0
I WANT TO CHECK MY ACCOUNT BALANCE NOW!, मैं अभी अपना खाता शेष देखना चाहता हूँ!,2,1
Thanks. To get your bank details I would need your last 4 digits of SSN., धन्यवाद। आपका बैंक विवरण प्राप्त करने के लिए मुझे आपके एसएसएन के अंतिम 4 अंकों की आवश्यकता होगी।,3,0
Hey there! How may I help you?, सुनो! क्या मेरे द्वारा आपकी कोई सहायता हो सकती है?,3,0
6748,6748,0,0
Hey there! How may I help you?, सुनो! क्या मेरे द्वारा आपकी कोई सहायता हो सकती है?,3,0
$150, $150,0,0
23,23,0,0
"Thank you, the account balance is $50."," धन्यवाद, खाते की शेष राशि $50 है।",3,0
hi, नमस्ते,2,0
can i visit the bank relating this, क्या मैं इससे संबंधित बैंक जा सकता हूं,2,0
"I highly appreciate your patience, I'd like to inform you that I've successfully transferred $450 from the account ending with 8525 to the account ending with 1122. ","मैं आपके धैर्य की अत्यधिक सराहना करता हूं, मैं आपको सूचित करना चाहता हूं कि मैंने 8525 से समाप्त होने वाले खाते से 1122 पर समाप्त होने वाले खाते में सफलतापूर्वक $450 स्थानांतरित कर दिए हैं।",3,2
ok..fine..thank you..thats it..nothing other else.., ठीक है..ठीक है..धन्यवाद..बस..और कुछ नहीं..,3,2
ANAND, आनन्द,0,0
Thank you very much for alerting us about this. We will help you get this issue resolved., हमें इसके बारे में सचेत करने के लिए आपका बहुत-बहुत धन्यवाद। हम इस मुद्दे को हल करने में आपकी मदद करेंगे।,3,1
yes thank you., हाँ धन्यवाद।,3,2
YES, हां,2,2
"Brady Mejia
", ब्रैडी मेजिया,0,0
"Perfect. To transfer the money I will require the last 4 digits of account to move from and the last 4 digits of account to move to.
", उत्तम। पैसे ट्रांसफर करने के लिए मुझे खाते के अंतिम 4 अंक से स्थानांतरित करने की आवश्यकता होगी और खाते के अंतिम 4 अंकों को स्थानांतरित करने के लिए।,2,2
You’re welcome. I had a great time assisting you. Please do feel free to reach out to us for further queries. Have a good day. Bye now., आपका स्वागत है। मुझे आपकी सहायता करने में बहुत अच्छा लगा। कृपया आगे के प्रश्नों के लिए हमसे बेझिझक संपर्क करें। आपका दिन शुभ हो। अलविदा।,3,2
They'll contact you within 24 hours.Is there anything else I can help you with?, वे 24 घंटे के भीतर आपसे संपर्क करेंगे।क्या कुछ और है जिसमें मैं आपकी मदद कर सकता हूँ?,2,0
1245,1245,0,0
Surendhar, सुरेंधार,2,0
"nothing else, thank you"," और कुछ नहीं, धन्यवाद",3,0
Thank you. To get your bank details I would need your last 4 digits of SSN., शुक्रिया। आपका बैंक विवरण प्राप्त करने के लिए मुझे आपके एसएसएन के अंतिम 4 अंकों की आवश्यकता होगी।,3,0
4507,4507,0,0
Yes i need a new card, हाँ मुझे एक नया कार्ड चाहिए,2,0
4560,4560,0,0
my credit card number is 3456 6784 1236 2746, मेरा क्रेडिट कार्ड नंबर 3456 6784 1236 2746 है,2,0
"Sure, please could you help me with the card number?"," ज़रूर, क्या आप कार्ड नंबर के बारे में मेरी मदद कर सकते हैं?",3,0
nothing. Thanks for your kind help, कुछ नहीं। आपकी तरह की मदद के लिए धन्यवाद,3,1
"I appreciate for holding on, your request has been successful. "," मैं रुकने के लिए सराहना करता हूं, आपका अनुरोध सफल रहा है।",3,2
"Of course. I would be glad to help you out in this regards. May I know your name please?
", बेशक। मुझे इस संबंध में आपकी मदद करने में खुशी होगी। क्या मैं आपका नाम जान सकता हूँ?,3,0
Thank you for your valuable information. As I've checked I see that the account balance of the account ending with 8837 is $6000.," आपकी बहुमूल्य जानकारी के लिए धन्यवाद। जैसा कि मैंने जाँच की है, मैंने देखा है कि 8837 से समाप्त होने वाले खाते का खाता शेष $6000 है।",3,0
You're most welcome. We are obliged to serve customers like you. Would there be anything else I may help you with?, आपका स्वागत है। हम आप जैसे ग्राहकों की सेवा करने के लिए बाध्य हैं। क्या कुछ और होगा जिसमें मैं आपकी मदद कर सकूं?,3,0
Diego Costor, डिएगो कोस्टर,0,0
8527,8527,0,0
Okay i am waiting for you, ठीक है मैं तुम्हारा इंतज़ार कर रहा हूँ,2,0
"Thank you for using our live chat service. I'm now closing this chat. If you have any other concerns in the future, please don’t hesitate to let us know. Have a great day!
"," हमारी लाइव चैट सेवा का उपयोग करने के लिए धन्यवाद। मैं अब इस चैट को बंद कर रहा हूं। यदि भविष्य में आपकी कोई अन्य चिंता है, तो कृपया हमें बताने में संकोच न करें। आपका दिन अच्छा रहे!",3,2
No, नहीं,1,0
Perfect. Please stay connected.,उत्तम। कृपया जुड़े रहें।,2,2
Okay! I'll surely help you with that. May I please know your first and last name?, ठीक! मैं इसमें आपकी जरूर मदद करूंगा। क्या मैं आपका पहला और अंतिम नाम जान सकता हूँ?,2,0
May I know the new address?, क्या मैं नया पता जान सकता हूँ?,2,0
Thank you, आपको धन्यवाद,2,2
6385,6385,0,0
Hello, नमस्ते,2,0
"That's great, Peter! Please allow me a minute to work on your request."," यह बहुत अच्छा है, पीटर! कृपया मुझे आपके अनुरोध पर काम करने के लिए एक मिनट का समय दें।",2,2
Okay great! Please allow me a moment while I do the needful., ठीक है बढ़िया! कृपया मुझे एक क्षण की अनुमति दें जबकि मैं आवश्यक कार्य करता हूं।,3,2
3000,3000,0,0
Great! Would you please the 16 digits of your credit card number?, महान! क्या आप कृपया अपने क्रेडिट कार्ड नंबर के 16 अंक देंगे?,3,0
PETER, पीटर,0,0
Great! Could you also please help me out with your credit card number?, महान! क्या आप कृपया अपने क्रेडिट कार्ड नंबर के बारे में भी मेरी मदद कर सकते हैं?,3,2
Always a pleasure to assist valuable customers like you. Have a great day!, आप जैसे मूल्यवान ग्राहकों की सहायता करने में हमेशा खुशी होती है। आपका दिन अच्छा रहे!,2,2
"Perfect. Could you please provide me the last 4 digits of the account number.
", उत्तम। क्या आप कृपया मुझे खाता संख्या के अंतिम 4 अंक प्रदान कर सकते हैं।,3,0
"Hey Sumathi, Could you let me know the last 4 digits of SSN and the last 4 digits of account number please?"," हे सुमति, क्या आप मुझे एसएसएन के अंतिम 4 अंक और खाता संख्या के अंतिम 4 अंक बता सकते हैं?",3,0
"Your welcome, would there be anything else I may help you with today? ","आपका स्वागत है, क्या आज मैं आपकी कुछ और मदद कर सकता हूँ?",3,0
"Courtney Richardson
", कोर्टनी रिचर्डसन,0,0
Thank you for reaching out to us. I’m glad I could help. Good day!,हमसे संपर्क की पहल के लिए आपका धन्यवाद। मैं खुश हूं कि मैं मदद कर सका। अच्छा दिन!,3,2
8079,8079,0,0
NAME - NEELA SSN - 8697, नाम - नीला एसएसएन - 8697,0,0
My account number is 532713093 and SSN number is 475-98-9801, मेरा अकाउंट नंबर 532713093 है और एसएसएन नंबर 475-98-9801 है,1,0
"As per your request, I have transferred the amount $240 to the account ending with 5421. You'll be receiving a confirmation message regarding this. Is there anything else I can help you with?"," आपके अनुरोध के अनुसार, मैंने $240 की राशि 5421 से समाप्त होने वाले खाते में स्थानांतरित कर दी है। आपको इस संबंध में एक पुष्टिकरण संदेश प्राप्त होगा। क्या कुछ और है जिसमें मैं आपकी मदद कर सकता हूं?",3,0
thank you, धन्यवाद,2,2
2.30156E+15,2.30156E+15,0,0
You're welcome! Anything else I may help you out with ?, आपका स्वागत है! कुछ और मैं आपकी मदद कर सकता हूं?,2,2
"A very good morning, how may i help you?"," सुप्रभात, मैं आपकी कैसे मदद कर सकता हूं?",3,2
I'll help you assisting that. May I know your name please?, मैं इसमें आपकी मदद करूंगा। क्या मैं आपका नाम जान सकता हूँ?,3,0
"Stella Smith
", स्टेला स्मिथ,0,0
"yes, it was 6/12/18 at Walmart at 11:45 AM for $86.76","हाँ, वॉलमार्ट में सुबह 11:45 बजे $86.76 में यह 6/12/18 था",2,0
My credit card bill shows an error, मेरा क्रेडिट कार्ड बिल एक त्रुटि दिखाता है,2,1
NOT TODAY, आज नहीं,1,0
ok, ठीक है,2,0
"Hey Edward, how are you doing today?"," हे एडवर्ड, आज आप कैसे हैं?",3,0
"Yes, I need a new card"," हां, मुझे नया कार्ड चाहिए",2,0
Sure thing. May i know your name and the credit card number?, अवश्य। क्या मैं आपका नाम और क्रेडिट कार्ड नंबर जान सकता हूँ?,2,0
1297,1297,0,0
Yes they have, हाँ उनके पास है,2,0
My last credit card was extra charged., मेरे पिछले क्रेडिट कार्ड पर अतिरिक्त शुल्क लगाया गया था।,1,1
May I know if there's any other concern?, क्या मुझे पता चल सकता है कि क्या कोई अन्य चिंता है?,2,0
Okay great! Could you please tell me when was the last time the card was used and was there any police report filed?, ठीक है बढ़िया! क्या आप कृपया मुझे बता सकते हैं कि कार्ड का उपयोग पिछली बार कब किया गया था और क्या कोई पुलिस रिपोर्ट दर्ज की गई थी?,3,0
Sorry My card no is wrong. I need to change., सॉरी माई कार्ड नंबर गलत है। मुझे बदलने की जरूरत है।,3,1
Amazing! Could you help me with the new address so that I can update it right away for you?,अद्भुत! क्या आप नए पते में मेरी मदद कर सकते हैं ताकि मैं इसे आपके लिए तुरंत अपडेट कर सकूं?,3,2
ok, ठीक है,2,0
I HAVE LOST MY CREDIT CARD, मैंने अपना क्रेडिट कार्ड खो दिया है,1,1
Was the police report lodged for the lost card?, क्या गुम हुए कार्ड के लिए पुलिस रिपोर्ट दर्ज की गई थी?,0,0
"It’s been a while since your last response. Please respond within the next few minutes or this chat will be ended. 
", आपकी पिछली प्रतिक्रिया के बाद से कुछ समय हो गया है। कृपया अगले कुछ मिनटों में जवाब दें या यह चैट समाप्त हो जाएगी।,2,0
"Hello, how may I help you today?"," हैलो, मैं आज आपकी कैसे मदद कर सकता हूं?",3,0
Okay great! Please allow me a moment while I do the needful., ठीक है बढ़िया! कृपया मुझे एक क्षण की अनुमति दें जबकि मैं आवश्यक कार्य करता हूं।,3,2
Steve Stevenson, स्टीव स्टीवेन्सन,0,0
i want to change my address in credit card, मैं क्रेडिट कार्ड में अपना पता बदलना चाहता हूं,2,0
"Thanks for your time and patience. Hope to see you again, We aim to provide you the best banking experience. Have a great day!
"," आपके समय और धैर्य के लिए धन्यवाद। आपसे फिर से मिलने की उम्मीद है, हमारा लक्ष्य आपको सर्वश्रेष्ठ बैंकिंग अनुभव प्रदान करना है। आपका दिन अच्छा रहे!",3,2
SURE, ज़रूर,2,0
"My pleasure. Anything else I may help you out with?
", मेरा सौभाग्य। कुछ और मैं आपकी मदद कर सकता हूं?,3,2
"I highly appreciate your patience, I'd like to inform you that the account ending with 8511 states a balance of $150. "," मैं आपके धैर्य की अत्यधिक सराहना करता हूं, मैं आपको सूचित करना चाहता हूं कि 8511 के साथ समाप्त होने वाले खाते में $150 की शेष राशि होती है।",3,2
"Your welcome, would there be anything else I may help you with today? ","आपका स्वागत है, क्या आज मैं आपकी कुछ और मदद कर सकता हूँ?",3,0
I WANT SAME CLARIFICATION IN MY CREDIT CARD, मुझे अपने क्रेडिट कार्ड में वही स्पष्टीकरण चाहिए,2,1
"Thank you. Could you please provide me the date when card was last used.
", शुक्रिया। क्या आप कृपया मुझे वह तिथि प्रदान कर सकते हैं जब कार्ड का अंतिम बार उपयोग किया गया था।,3,0
OK THANK YOU, ठीक है धन्यवाद,3,2
Hi I want to report an error in my credit card bill, नमस्ते मैं अपने क्रेडिट कार्ड बिल में एक त्रुटि की रिपोर्ट करना चाहता हूँ,3,1
where are you from, आप कहाँ से हैं,0,0
044 KEVIN ROAD JOHN STREET VA 0886, 044 केविन रोड जॉन स्ट्रीट वीए 0886,0,0
Hey there! How may I help you?, सुनो! क्या मेरे द्वारा आपकी कोई सहायता हो सकती है?,3,0
2345 7890 3452 5690,2345 7890 3452 5690,0,0
Thank you for sharing the information. I've processed the request for the change of address. You'll shortly receive a confirmation E-mail., जानकारी साझा करने के लिए धन्यवाद। मैंने पते में परिवर्तन के अनुरोध को संसाधित कर लिया है। आपको शीघ्र ही एक पुष्टिकरण ई-मेल प्राप्त होगा।,3,2
9935,9935,0,0
I HAVE A ERROR IN MY CREDIT CARD, मेरे क्रेडिट कार्ड में त्रुटि है,1,1
I LOST MY CREDIT CARD, मैंने अपना क्रेडिट कार्ड खो दिया,0,1
I WANT TO CHECK MY BALANCE, मुझे अपना बैलेंस चेक करना है,2,0
yes, हां,2,0
Pyush Manush, पीयूष मानुषी,0,0
3343,3343,0,0
hi, नमस्ते,2,0
"Hi there, how may I help you today?"," नमस्ते, मैं आज आपकी कैसे मदद कर सकता हूं?",3,0
NO THANK BYEE, नो थैंक्स बाय,3,1
Great! Could you also please help me out with your credit card number?, महान! क्या आप कृपया अपने क्रेडिट कार्ड नंबर के बारे में भी मेरी मदद कर सकते हैं?,3,2
Would there be anything else I may help you with?, क्या कुछ और होगा जिसमें मैं आपकी मदद कर सकूं?,2,0
Thanks Uganda. Please provide me the last 4 digits of the account number., धन्यवाद युगांडा। कृपया मुझे खाता संख्या के अंतिम 4 अंक प्रदान करें।,3,0
"Hello, how may I help you today?"," हैलो, मैं आज आपकी कैसे मदद कर सकता हूं?",3,0
My side over. Thank you for your great help, मेरा पक्ष खत्म। आपकी महान मदद के लिए धन्यवाद,3,2
The routing number is 998877665, रूटिंग नंबर 998877665 . है,1,0
All right. Could you please help me with your last 4 digits of the account number to which you want to transfer amount?, ठीक है। क्या आप कृपया मुझे उस खाता संख्या के अपने अंतिम 4 अंकों में मदद कर सकते हैं जिसमें आप राशि हस्तांतरित करना चाहते हैं?,3,0
"I would be glad to help you out in this regards. May I know your name please?
", मुझे इस संबंध में आपकी मदद करने में खुशी होगी। क्या मैं आपका नाम जान सकता हूँ?,3,0
8.90765E+15,8.90765E+15,0,0
Gaurav Bahtia, गौरव भाटिया,0,0
"I'd like to inform you Ms. Jayanthi we have a wide customer base so, we'll have many user with similar name. That's why we require your SSN and credit card number so that we'll know that we are accessing the correct persons's account and also to maintain clarity and avoid any error and wrong transactions. so kindly, cooperate and share all the details.  "," मैं आपको सुश्री जयंती को सूचित करना चाहता हूं कि हमारे पास एक विस्तृत ग्राहक आधार है, इसलिए हमारे पास समान नाम वाले कई उपयोगकर्ता होंगे। इसलिए हमें आपके एसएसएन और क्रेडिट कार्ड नंबर की आवश्यकता है ताकि हम जान सकें कि हम सही व्यक्तियों के खाते तक पहुंच रहे हैं और स्पष्टता बनाए रखने और किसी भी त्रुटि और गलत लेनदेन से बचने के लिए भी। तो कृपया सहयोग करें और सभी विवरण साझा करें।",3,0
It was wonderful talking to you. Have a great day,आपसे बात करके बहुत अच्छा लगा। आपका दिन अच्छा रहे,3,2
Oh! Sorry to hear that. Surely I will help you. May I please know your first and last name?, ओह! ऐसा सुनने के लिए क्षमा करें। ज़रूर मैं आपकी मदद करूँगा। क्या मैं आपका पहला और अंतिम नाम जान सकता हूँ?,3,0
hi, नमस्ते,2,0
Great! Could you also please help me out with your credit card number?, महान! क्या आप कृपया अपने क्रेडिट कार्ड नंबर के बारे में भी मेरी मदद कर सकते हैं?,3,2
Thank you. Could you also help me out with the amount you would like to transfer?, शुक्रिया। क्या आप उस राशि में भी मेरी मदद कर सकते हैं जिसे आप स्थानांतरित करना चाहते हैं?,3,0
NANDHINI, Nandhini,2,0
Yes sure! I'm always here to help you out in any regards., हाँ यकीनन! मैं हमेशा किसी भी मामले में आपकी मदद करने के लिए यहां हूं।,2,2
Perfect! May I also know the last four digits of your SSN?, उत्तम! क्या मैं आपके SSN के अंतिम चार अंक भी जान सकता हूँ?,3,0
thank you for the information, जानकारी के लिए धन्यवाद,3,2
HI, नमस्ते,2,0
thank yoiu, धन्यवाद,3,2
NO 36 ARUVI ROAD CH-12, नंबर 36 अरुवी रोड सीएच-12,1,0
no, नहीं,1,1
Thank you for the information. I see that you have $5000 in your account. Let me know if you have any other queries.,जानकारी के लिए धन्यवाद। मैं देख रहा हूँ कि आपके खाते में $5000 हैं। यदि आपके कोई अन्य प्रश्न हैं तो मुझे बताएं।,3,0
Thank you for the information. Could you also help me with the account number from which you would want to transfer the amount, जानकारी के लिए धन्यवाद। क्या आप मुझे उस खाता संख्या में भी मदद कर सकते हैं जिससे आप राशि ट्रांसफर करना चाहते हैं,3,0
"Oh! I'm really sorry for that. May I know your name,last four digits of your SSN and credit card number?","ओह! मुझे इसके लिए वाकई खेद है। क्या मैं आपका नाम, आपके एसएसएन के अंतिम चार अंक और क्रेडिट कार्ड नंबर जान सकता हूं?",3,0
"Perfect Sam, Would you please elaborate more on the query? "," बिल्कुल सही सैम, क्या आप कृपया इस प्रश्न के बारे में विस्तार से बताएंगे?",3,0
No, नहीं,1,0
OK, ठीक है,2,0
mariya bha, मारिया भ,2,0
I've requested for issuing 25 checks and it will be delivered to you in a day or two., मैंने 25 चेक जारी करने का अनुरोध किया है और यह एक या दो दिन में आप तक पहुंचा दिया जाएगा।,1,0
"Thanks for your time and patience, Hope to see you again, We aim to provide you the best banking experience. Have a great day!
"," आपके समय और धैर्य के लिए धन्यवाद, आपसे फिर से मिलने की उम्मीद है, हमारा लक्ष्य आपको सर्वश्रेष्ठ बैंकिंग अनुभव प्रदान करना है। आपका दिन अच्छा रहे!",3,2
suby, उप,0,1
200$, 200$,0,0
I want to check my A/C balance, मैं अपना ए/सी बैलेंस चेक करना चाहता/चाहती हूं,2,0
okay, ठीक है,2,0
It was wonderful talking to you. Have a great day,आपसे बात करके बहुत अच्छा लगा। आपका दिन अच्छा रहे,3,2
You're welcome., आपका स्वागत है।,2,2
"Sure, please help me with your query."," ज़रूर, कृपया अपनी क्वेरी में मेरी मदद करें।",3,0
"hey, I've updated your new address, you'll receive all your bank statements and post on this new address from now onward. "," अरे, मैंने आपका नया पता अपडेट कर दिया है, अब से आप अपने सभी बैंक विवरण प्राप्त करेंगे और इस नए पते पर पोस्ट करेंगे।",3,0
hai...i need check my balance, है...मुझे अपना बैलेंस चेक करना है,2,0
2023,2023,0,0
10-06-2018,10-06-2018,0,0
i don't know it right now, मैं इसे अभी नहीं जानता,2,0
Hi, नमस्ते,2,0
Hello! Good morning!, नमस्ते! सुबह बख़ैर!,3,0
I'll be glad to help you in answering this query., मुझे इस प्रश्न का उत्तर देने में आपकी सहायता करने में प्रसन्नता होगी।,3,2
NAME - JENNA SSN - 8569 CARD NO - 3021, नाम - जेना एसएसएन - 8569 कार्ड नंबर - 3021,1,0
"Thanks. To process the request I'll now require the date of charge and the amount of charge.
", धन्यवाद। अनुरोध को संसाधित करने के लिए अब मुझे शुल्क की तिथि और शुल्क की राशि की आवश्यकता होगी।,3,0
"That's great, sir! Please help me with the date on which the card was last used?"," बहुत बढ़िया, सर! कृपया उस तारीख के बारे में मेरी मदद करें जिस दिन कार्ड का अंतिम बार उपयोग किया गया था?",3,2
"hmmm ok, thanks for your effort..."," हम्म ठीक है, आपके प्रयास के लिए धन्यवाद ...",3,2
No problem..I will wait., कोई बात नहीं..मैं इंतज़ार करूँगा।,2,0
Yes Riley, हाँ रिले,2,0
"Hey there, Good morning! "," अरे वहाँ, सुप्रभात!",3,0
Sure! You can do that!,ज़रूर! तुम यह कर सकते हो!,2,0
Perfect! would you please share the last four digits of your SSN?, उत्तम! क्या आप कृपया अपने SSN के अंतिम चार अंक साझा करेंगे?,3,0
21st june, 21 जून,0,0
You're welcome! Goodbye! have a great day!, आपका स्वागत है! अलविदा! आपका दिन शानदार गुजरे!,2,2
Hello! Good morning!, नमस्ते! सुबह बख़ैर!,3,0
"Sure, have you you filed a report with the police?"," ज़रूर, क्या आपने पुलिस में रिपोर्ट दर्ज कराई है?",2,0
Thank you for the information. I’ve updated the address. You’ll receive a confirmation message in a while. Is there anything else I can help you with?, जानकारी के लिए धन्यवाद। मैंने पता अपडेट कर दिया है। आपको थोड़ी देर में एक पुष्टिकरण संदेश प्राप्त होगा। क्या कुछ और है जिसमें मैं आपकी मदद कर सकता हूं?,3,0
"Hello there, how may I help you today?"," नमस्ते, मैं आज आपकी कैसे मदद कर सकता हूं?",3,0
YES, हां,2,2
HI, नमस्ते,2,0
"Your welcome, would there be anything else I may help you with today? ","आपका स्वागत है, क्या आज मैं आपकी कुछ और मदद कर सकता हूँ?",3,0
I HAVE CREDIT CARD PROBLEM CHARGE REMOVED, मेरे पास क्रेडिट कार्ड समस्या शुल्क हटा दिया गया है,1,0
Hi, नमस्ते,3,0
"Thank you Kirijan, May I know the date and amount of the charge?"," धन्यवाद किरिजान, क्या मैं शुल्क की तारीख और राशि जान सकता हूं?",3,0
"I apologize sir, we cannot do that. For security reason we'll be needing your SSN."," मुझे खेद है सर, हम ऐसा नहीं कर सकते। सुरक्षा कारणों से हमें आपके SSN की आवश्यकता होगी।",3,1
"I've checked your account balance it is $15,658.  Would there be anything else I may help you with? "," मैंने आपके खाते की शेष राशि की जाँच की है यह $15,658 है। क्या कुछ और होगा जिसमें मैं आपकी मदद कर सकूं?",3,0
"Perfect! would you please share the last four digits of your SSN?
", उत्तम! क्या आप कृपया अपने SSN के अंतिम चार अंक साझा करेंगे?,3,0
hi, नमस्ते,2,0
"Hello, how may I help you with today? "," हैलो, मैं आज आपकी कैसे मदद कर सकता हूं?",3,0
I need to check my account balance?, मुझे अपने खाते की शेष राशि की जांच करने की आवश्यकता है?,2,0
That's great! Please stay connected while I work on your request.," एक दम बढ़िया! जब तक मैं आपके अनुरोध पर काम कर रहा हूं, कृपया जुड़े रहें।",2,2
You done a great job, आपने बहुत अच्छा काम किया,2,2
you too, आप भी,1,0
A/C NO: 2534152978523165, खाता संख्या: 2534152978523165,1,0
transfer $1000 to 7456, $1000 से 7456 . में ट्रांसफर करें,0,0
Hi, नमस्ते,2,0
Could you help me with the date when the card was last used?, क्या आप उस तारीख के बारे में मेरी मदद कर सकते हैं जब कार्ड का अंतिम बार उपयोग किया गया था?,3,0
Lindsay are you there?, लिंडसे क्या तुम वहाँ हो?,1,0
HI, नमस्ते,2,0
Hello there! how may I help you today?, नमस्ते! आज मैं आपकी कैसे मदद कर सकता हूँ?,3,0
How long for my new card to arrive?, मेरा नया कार्ड कब तक आएगा?,1,1
"Sure. Could you please help me with your full name, the last four digits of your SSN and your credit card number?","ज़रूर। क्या आप कृपया अपना पूरा नाम, अपने एसएसएन के अंतिम चार अंक और अपने क्रेडिट कार्ड नंबर के साथ मेरी मदद कर सकते हैं?",3,0
yes, हां,2,0
Great! Please allow me a moment while I do the needful., महान! कृपया मुझे एक क्षण की अनुमति दें जबकि मैं आवश्यक कार्य करता हूं।,3,2
Would you please share the last four digits of your account number ?, क्या आप कृपया अपनी खाता संख्या के अंतिम चार अंक साझा करेंगे?,3,0
"Thank you so much for staying connected, your request of transfer from account ending with 6248 to account ending with 8214 of $30 has been successful. You'll receive an e-mail shortly about the confirmation. ","जुड़े रहने के लिए आपका बहुत-बहुत धन्यवाद, 6248 से समाप्त होने वाले खाते से $30 के 8214 पर समाप्त होने वाले खाते में स्थानांतरण का आपका अनुरोध सफल रहा है। पुष्टि के बारे में आपको शीघ्र ही एक ई-मेल प्राप्त होगा।",3,2
HELLO, नमस्ते,2,0
3999,3999,0,0
9000,9000,0,0
4.76846E+15,4.76846E+15,0,0
Also could you please help me out with last four digits of the account number from which you would like to transfer the amount?, क्या आप कृपया मुझे उस खाता संख्या के अंतिम चार अंकों के साथ मदद कर सकते हैं जिससे आप राशि हस्तांतरित करना चाहते हैं?,3,0
You're welcome. Is there anything else I may assist you with?, आपका स्वागत है। क्या कुछ और है जिसमें मैं आपकी सहायता कर सकता हूं?,2,2
Please help me with the last four digits of the account number you would like the amount to be transferred to?, कृपया मुझे उस खाता संख्या के अंतिम चार अंकों में मदद करें जिसमें आप राशि को स्थानांतरित करना चाहते हैं?,3,0
5263,5263,0,0
Sure! Not a problem! I'll definitely help you. May I know your full name?, ज़रूर! एक समस्या नहीं है! मैं आपकी मदद जरूर करूंगा। क्या मैं आपका पूरा नाम जान सकता हूँ?,3,2
i lost my credit card 2 days back, मैंने 2 दिन पहले अपना क्रेडिट कार्ड खो दिया है,1,1
PREFECT, प्रीफेक्ट,2,0
"Hello there, how may I help you today?"," नमस्ते, मैं आज आपकी कैसे मदद कर सकता हूं?",3,0
Okay! Thank you so much for your cooperation. Have an amazing day ahead!, ठीक! आपके सहयोग के लिए बहुत बहुत धन्यवाद। आगे एक अद्भुत दिन हो!,3,2
Thank you for connecting with us. Have a great day!, हमसे जुड़ने के लिए धन्यवाद। आपका दिन अच्छा रहे!,3,2
8000,8000,0,0
"okay, great!  please give me a moment while I process with your request. ",ठीक है बढ़िया! कृपया मुझे एक क्षण दें जब मैं आपके अनुरोध के साथ प्रक्रिया करता हूं।,3,2
I'd also require the complete 16 digit credit card number.,मुझे पूरे 16 अंकों के क्रेडिट कार्ड नंबर की भी आवश्यकता होगी।,1,0
Perfect! May I also know the last four digits of your SSN?, उत्तम! क्या मैं आपके SSN के अंतिम चार अंक भी जान सकता हूँ?,3,0
Great. I've gone ahead and closed the account ending with 6615 for you., महान। मैंने आगे बढ़कर आपके लिए 6615 से समाप्त होने वाले खाते को बंद कर दिया है।,3,1
OK, ठीक है,2,0
Do you want all no ?, क्या आप सब नहीं चाहते हैं?,1,0
"Also, I would like to inform you that you'll receive an email once the issue is resolved."," साथ ही, मैं आपको सूचित करना चाहूंगा कि समस्या के समाधान के बाद आपको एक ईमेल प्राप्त होगा।",2,0
Great Thank You., महान धन्यवाद।,3,2
Was a police report filed?, क्या पुलिस में रिपोर्ट दर्ज की गई थी?,0,0
the last four digits of SSN is 5918, SSN के अंतिम चार अंक 5918 . है,1,0
No, नहीं,1,0
"The address on my account is incorrect, can we change that?"," मेरे खाते का पता गलत है, क्या हम उसे बदल सकते हैं?",2,0
Okay! could you also share the date when last swiped your credit card?,ठीक! क्या आप वह तारीख भी साझा कर सकते हैं जब आपने अपना क्रेडिट कार्ड पिछली बार स्वाइप किया था?,3,0
"Hey, James! could you help me with the account number you want to check?"," अरे, जेम्स! क्या आप उस खाता संख्या के बारे में मेरी मदद कर सकते हैं जिसे आप जांचना चाहते हैं?",3,0
14th JUNE 2018  and time is 7.20 pm, 14 जून 2018 और समय शाम 7.20 बजे,0,0
Awesome! May I know your name please?, बहुत बढ़िया! क्या मैं आपका नाम जान सकता हूँ?,3,2
Awesome! Could you let me know the last 4 digits of SSN and account number please?, बहुत बढ़िया! क्या आप कृपया मुझे एसएसएन के अंतिम 4 अंक और खाता संख्या बता सकते हैं?,3,2
7.65432E+13,7.65432E+13,0,0
150$, 150$,0,0
Would there be anything else I may help you with?, क्या कुछ और होगा जिसमें मैं आपकी मदद कर सकूं?,2,0
"MY NEW ADDRESS IS 26,RAJEIV STREET, NJ 25683"," मेरा नया पता 26 है, राजीव स्ट्रीट, एनजे 25683",1,0
may i please have your accunt number?, क्या मुझे आपका अकाउंट नंबर मिल सकता है?,3,0
4526 AND $450, 4526 और $450,0,0
no, नहीं,1,1
YES, हां,2,2
Perfect Deepan! Kindly give me a minute., बिल्कुल सही दीपन! कृपया मुझे एक मिनट दें।,2,2
i want to order checks, मैं चेक ऑर्डर करना चाहता हूं,1,0
"valencia street number 12, apt 5c"," वालेंसिया स्ट्रीट नंबर 12, उपयुक्त 5c",0,0
"Oh..No! I'm so sorry to hear that, I'll surely help you out with this. May I know your first and last name please?"," धत्तेरे की! मुझे यह सुनकर बहुत अफ़सोस हुआ, मैं निश्चित रूप से इसमें आपकी मदद करूँगा। क्या मैं आपका पहला और अंतिम नाम जान सकता हूँ?",3,0
"would you please help me with the date, when you used your credit card for the last time? 
'"," क्या आप कृपया उस तारीख के बारे में मेरी मदद करेंगे, जब आपने पिछली बार अपने क्रेडिट कार्ड का उपयोग किया था? '",3,0
Thank you for your valuable information. As I've checked I see that the account balance of the account ending with 3322 is $32000.," आपकी बहुमूल्य जानकारी के लिए धन्यवाद। जैसा कि मैंने जाँच की है, मैंने देखा है कि 3322 के साथ समाप्त होने वाले खाते की शेष राशि $32000 है।",3,0
I WANT TO CHECK MY ACCOUNT BALANCE,मैं अपना खाता शेष देखना चाहता/चाहती हूं,1,0
I want transfer money to another account, मुझे दूसरे खाते में पैसे ट्रांसफर करना है,1,1
TRANFER FROM 8794 TO 8743, 8794 से 8743 तक स्थानांतरण,0,0
"No, thanks."," जी नहीं, धन्यवाद।",3,0
It was really nice talking to you and a pleasure assisting you. Would there be anything else I may help you with?, आपसे बात करके बहुत अच्छा लगा और आपकी सहायता करने में खुशी हुई। क्या कुछ और होगा जिसमें मैं आपकी मदद कर सकूं?,3,2
"Sure, I'll be happy to do that for you. Please may I know your name?"," ज़रूर, मुझे आपके लिए ऐसा करने में खुशी होगी। कृपया क्या मैं आपका नाम जान सकता हूँ?",2,0
Hello., नमस्ते।,3,0
You’re welcome. I had a great time assisting you. Please do feel free to reach out to us for further queries. Have a good day. Bye now., आपका स्वागत है। मुझे आपकी सहायता करने में बहुत अच्छा लगा। कृपया आगे के प्रश्नों के लिए हमसे बेझिझक संपर्क करें। आपका दिन शुभ हो। अलविदा।,3,2
did I answer all your questions for today?,क्या मैंने आज के लिए आपके सभी प्रश्नों का उत्तर दिया?,1,0
"Hello, how may I help you with today? "," हैलो, मैं आज आपकी कैसे मदद कर सकता हूं?",3,0
yes sure, हाँ यकीनन,2,0
NO THANKS," जी नहीं, धन्यवाद",3,1
"yes, i have done that too "," हाँ, मैंने वह भी किया है",2,0
Could you please help me out with the date when the card was last used?, क्या आप कृपया मुझे उस तारीख के बारे में बताने में मदद कर सकते हैं जब कार्ड का अंतिम बार उपयोग किया गया था?,3,0
"Sure! I'd be glad to assist you on this. Could you please let me know the name, last 4 digits of SSN and credit card number?","ज़रूर! मुझे इसमें आपकी सहायता करने में खुशी होगी। क्या आप कृपया मुझे नाम, एसएसएन के अंतिम 4 अंक और क्रेडिट कार्ड नंबर बता सकते हैं?",3,0
are a male or female, पुरुष हैं या महिला,0,0
HI ALEX, नमस्ते एलेक्स,3,0
"Thank you, Franklin. Please could you help me with the credit card number and also your SSN number?"," धन्यवाद, फ्रैंकलिन। कृपया क्या आप क्रेडिट कार्ड नंबर और अपने एसएसएन नंबर के साथ मेरी मदद कर सकते हैं?",3,0
what information do u need for transfer of money to other account, दूसरे खाते में पैसे ट्रांसफर करने के लिए आपको क्या जानकारी चाहिए,1,0
Right now no quires, अभी कोई पूछताछ नहीं,1,0
"Thank you so much for your cooperation, have a great day! "," आपके सहयोग के लिए बहुत-बहुत धन्यवाद, आपका दिन मंगलमय हो!",3,2
Yes, हाँ,2,0
Thank you. Could you help me with the date and amount of the charge?,शुक्रिया। क्या आप शुल्क की तारीख और राशि के बारे में मेरी मदद कर सकते हैं?,3,0
hello!, नमस्ते!,3,0
OK THANKYOU I NEAR BY BRANCH COLLECT THE INFORMATION YOUR INFORMATION IS VERY USEFUL, ठीक है धन्यवाद मैं शाखा के पास जानकारी एकत्र करता हूं आपकी जानकारी बहुत उपयोगी है,2,2
My Account no 2975 & Other no 2494. Amount is $250, मेरा खाता संख्या 2975 और अन्य संख्या 2494। राशि $250 है,1,0
I would like to know my savings account balance, मैं अपने बचत खाते की शेष राशि जानना चाहता/चाहती हूं,3,0
"Ronald Timothy
", रोनाल्ड टिमोथी,2,0
you're right. When is the last time you have used your card?, आप ठीक कह रहे हैं। आपने आखिरी बार कब अपने कार्ड का उपयोग किया है?,1,0
23th june, 23 जून,0,0
ok thank you, ठीक है धन्यवाद,3,0
It was wonderful talking to you. Have a great day,आपसे बात करके बहुत अच्छा लगा। आपका दिन अच्छा रहे,3,2
I want check my account balance, मुझे अपना अकाउंट बैलेंस चेक करना है,2,0
manjula devi, मंजुला देवी,0,0
thank you, धन्यवाद,2,2
"yes, i want to change my address on my account"," हाँ, मैं अपने खाते पर अपना पता बदलना चाहता हूँ",2,0
and sent me the details about the company's new lower rates you saw in a commercial are available for me, और मुझे कंपनी की नई कम दरों के बारे में विवरण भेजा जो आपने एक विज्ञापन में देखा था जो मेरे लिए उपलब्ध है,1,2
will i don't my ssn number,क्या मैं अपना एसएसएन नंबर नहीं करूंगा,2,0
You are losing one valuable customer. Don't you gather more information from customer about closing an account?, आप एक मूल्यवान ग्राहक खो रहे हैं। क्या आप खाता बंद करने के बारे में ग्राहक से अधिक जानकारी एकत्र नहीं करते हैं?,0,1
Thank you so much for bringing this to our notice. I'll ensure that I'll raise a request to delete the charge and kindly give us 24-48 hours to get this resolved. You will also be receiving a confirmation e-mail once this is resolved., इसे हमारे संज्ञान में लाने के लिए आपका बहुत-बहुत धन्यवाद। मैं यह सुनिश्चित करूंगा कि मैं शुल्क हटाने का अनुरोध करूंगा और कृपया इसे हल करने के लिए हमें 24-48 घंटे का समय दें। इसका समाधान हो जाने पर आपको एक पुष्टिकरण ई-मेल भी प्राप्त होगा।,3,1
Is there anything else I could assist you with David?, क्या डेविड के साथ मैं आपकी कुछ और मदद कर सकता हूं?,2,0
Chrisanth & SSN 9247, क्रिसंथ और एसएसएन 9247,0,0
"Yes, transferring to 4902"," हाँ, 4902 . में स्थानांतरित किया जा रहा है",2,0
5.47933E+12,5.47933E+12,0,0
Thank you for the details. Kindly give me a minute., विवरण के लिए धन्यवाद। कृपया मुझे एक मिनट दें।,3,2
"oh sure,it was last used yesterday,that is on 6/19/2018.yes i have given a complaint."," ओह ज़रूर, यह पिछली बार कल इस्तेमाल किया गया था, यानी 6/19/2018 को। हाँ मैंने एक शिकायत दी है।",2,1
"Awesome! Thank you for reaching out to us, please feel free to reach out for further concerns."," बहुत बढ़िया! हमसे संपर्क करने के लिए धन्यवाद, कृपया आगे की चिंताओं के लिए बेझिझक संपर्क करें।",3,2
Ok thanks bye, ठीक है धन्यवाद अलविदा,3,0
159,159,0,0
"My pleasure. Anything else I may help you out with?
", मेरा सौभाग्य। कुछ और मैं आपकी मदद कर सकता हूं?,3,2
sorry for the late rply, देर से उत्तर देने के लिए खेद है,2,1
Thank you very much, आपका बहुत बहुत धन्यवाद,3,2
"Sure, I'll be happy to do that for you. Please may I know your name?"," ज़रूर, मुझे आपके लिए ऐसा करने में खुशी होगी। कृपया क्या मैं आपका नाम जान सकता हूँ?",2,0
Hello! Good morning!, नमस्ते! सुबह बख़ैर!,3,0
Thanks for your information.., आपकी जानकारी के लिए धन्यवाद..,3,2
"Thank you Kumar, May I know the date when was the card last used?"," धन्यवाद कुमार, क्या मुझे पता चल सकता है कि कार्ड का आखिरी बार कब इस्तेमाल किया गया था?",3,0
Always a  pleasure assisting a valuable customer like you. Have a great day ahead. Looking forward to seeing you soon., आप जैसे मूल्यवान ग्राहक की सहायता करने में हमेशा खुशी होती है। आगे एक महान दिन हो। जल्द ही आपको देखने की इच्छा है।,3,2
Thank you for reaching out to us. I’m glad I could help. Good day!,हमसे संपर्क की पहल के लिए आपका धन्यवाद। मैं खुश हूं कि मैं मदद कर सका। अच्छा दिन!,3,2
Sure. I'll help you with that. Could you please help me with your name and the four digits of SSN?, ज़रूर। मैं इसमें आपकी मदद करूंगा। क्या आप कृपया मुझे अपने नाम और एसएसएन के चार अंकों के साथ मदद कर सकते हैं?,3,0
Awesome! Kindly give me a minute., बहुत बढ़िया! कृपया मुझे एक मिनट दें।,3,2
I want check my account balance, मुझे अपना अकाउंट बैलेंस चेक करना है,2,0
"Sure, no problem about that.  no: room no: 23, sub building, villai nagar, IN. Correct?"," ज़रूर, इसमें कोई समस्या नहीं है। नंबर: कमरा नंबर: 23, सब बिल्डिंग, विलाई नगर, IN. सही?",2,1
"Sure thing, could you please help me out with your full name, last 4 digits of your saving account, checking account and SSN?"," निश्चित बात, क्या आप कृपया अपना पूरा नाम, अपने बचत खाते के अंतिम 4 अंक, खाते की जांच और एसएसएन के साथ मेरी मदद कर सकते हैं?",3,0
"Okay! I'm really sorry that because of some technical glitch from our side you were charged erroneously, I'll personally look into this issue and get it resolved. however, I've also made a request for a refund of $50 which you've to receive within 48 hours. Would there be anything else I may help you with? ","ठीक! मुझे वास्तव में खेद है कि हमारी ओर से कुछ तकनीकी गड़बड़ी के कारण आप पर गलती से आरोप लगाया गया था, मैं व्यक्तिगत रूप से इस मुद्दे को देखूंगा और इसे हल कर दूंगा। हालांकि, मैंने $50 की धनवापसी का भी अनुरोध किया है जो आपको 48 घंटों के भीतर प्राप्त करना है। क्या कुछ और होगा जिसमें मैं आपकी मदद कर सकूं?",3,1
"Hey there, how may I help you today?"," अरे वहाँ, मैं आज आपकी कैसे मदद कर सकता हूँ?",3,0
Thank you for sharing the information. I've processed the request for the change of address. You'll shortly receive a confirmation message. Would you need anything else?, जानकारी साझा करने के लिए धन्यवाद। मैंने पते में परिवर्तन के अनुरोध को संसाधित कर लिया है। आपको शीघ्र ही एक पुष्टिकरण संदेश प्राप्त होगा। क्या आपको कुछ और चाहिए होगा?,3,2
There are 32 checks issued on your account ending with 2312., आपके खाते पर 2312 से समाप्त होने वाले 32 चेक जारी किए गए हैं।,0,0
18th june and 89$, 18 जून और 89$,0,0
ok i go to bank and clear the problem," ठीक है, मैं बैंक जाता हूँ और समस्या का समाधान करता हूँ",2,0
1111 1111 1111 1111, 1111 1111 1111 1111,0,0
Bye, अलविदा,2,0
I'd also require the complete 16 digit credit card number.,मुझे पूरे 16 अंकों के क्रेडिट कार्ड नंबर की भी आवश्यकता होगी।,1,0
Thank you for your effort, आपके प्रयास के लिए धन्यवाद,3,2
Yes! I'm always here to help you in anyway I can.," हाँ! मैं हमेशा आपकी मदद करने के लिए यहां हूं, जो भी मैं कर सकता हूं।",3,2
one moment please!, कृपया एक क्षण!,2,0
I apologize Latha we couldn't proceed further without any SSN and credit card number.," मैं लता से माफी मांगता हूं, हम बिना किसी एसएसएन और क्रेडिट कार्ड नंबर के आगे नहीं बढ़ सके।",3,0
ARIYA, अरिया,0,0
Please Transfer $80 to account# 2145, कृपया $80 को खाते में स्थानांतरित करें# 2145,2,0
"My pleasure. Anything else I may help you out with?
", मेरा सौभाग्य। कुछ और मैं आपकी मदद कर सकता हूं?,3,2
"Hello there, How may I help you today?
"," नमस्ते, मैं आज आपकी कैसे मदद कर सकता हूँ?",3,0
OK, ठीक है,2,0
"Sure, I'll be happy to do that for you. Please may I know your name?"," ज़रूर, मुझे आपके लिए ऐसा करने में खुशी होगी। कृपया क्या मैं आपका नाम जान सकता हूँ?",2,0
yes, हां,2,0
i want to transfer money from one account to another account., मैं एक खाते से दूसरे खाते में पैसे ट्रांसफर करना चाहता हूं।,1,0
"Thank you for sharing all important information however I have issued a new card for you which will be sent at your address.
", सभी महत्वपूर्ण जानकारी साझा करने के लिए धन्यवाद हालांकि मैंने आपके लिए एक नया कार्ड जारी किया है जो आपके पते पर भेजा जाएगा।,3,0
IT IS 8463, आईटी 8463,0,0
no bye, अलविदा नहीं,2,0
Sure! Please allow me a moment while I check that., ज़रूर! कृपया मुझे एक क्षण दें जब तक कि मैं इसकी जाँच करूँ।,2,0
i need change my address  from account, मुझे खाते से अपना पता बदलना है,2,0
05-05-2018,05-05-2018,0,0
"Ram, 5487"," राम, 5487",0,0
12-06-2018,12-06-2018,0,0
"I'm sorry for the loss. I'll be glad to assist you with the new one.
", मुझे नुकसान के लिए खेद है। मुझे नए के साथ आपकी सहायता करने में खुशी होगी।,3,1
"I highly appreciate your patience, I would like to inform you that I've blocked your present card and issued a new card which will be delivered to you within next 2 days. "," मैं आपके धैर्य की बहुत सराहना करता हूं, मैं आपको सूचित करना चाहता हूं कि मैंने आपका वर्तमान कार्ड ब्लॉक कर दिया है और एक नया कार्ड जारी किया है जो अगले 2 दिनों के भीतर आपको वितरित कर दिया जाएगा।",3,2
"sure sir.please note it as Antony peterson,block number 561,road number8956,edge villas,london-20","ज़रूर सर। कृपया इसे एंटनी पीटरसन, ब्लॉक नंबर 561, रोड नंबर 8956, एज विला, लंदन -20 के रूप में नोट करें।",2,0
sam, सैम,0,0
"I appreciate you bringing this to our attention, so that we can deal with this immediately. Could you please let me know your name, last 4 digits of SSN and credit card number?","इस बात को हमारे ध्यान में लाने के लिए मैं आपकी सराहना करता हूं, ताकि हम इससे तुरंत निपट सकें। क्या आप कृपया मुझे अपना नाम, एसएसएन के अंतिम 4 अंक और क्रेडिट कार्ड नंबर बता सकते हैं?",3,2
Good morning! What can I do for you?, सुबह बख़ैर! मै आप के लिये क्य कर सक्त हु?,3,0
Perfect! would you please share the last four digits of your SSN?, उत्तम! क्या आप कृपया अपने SSN के अंतिम चार अंक साझा करेंगे?,3,0
I would be glad to help you with transferring the amount. Could you please help me out with your name and last for digits of the SSN?, मुझे राशि ट्रांसफर करने में आपकी मदद करने में खुशी होगी। क्या आप कृपया मुझे अपने नाम के साथ मदद कर सकते हैं और एसएसएन के अंकों के लिए अंतिम हो सकते हैं?,3,0
Thank you. Could you please share the complete credit card number?, शुक्रिया। क्या आप कृपया पूरा क्रेडिट कार्ड नंबर साझा कर सकते हैं?,3,0
NOTHING., कुछ नहीं।,2,0
name : Rory ssn no:6378, नाम: रोरी एसएसएन नंबर: 6378,1,0
"thank you for your advice, you can end the chat session now "," आपकी सलाह के लिए धन्यवाद, अब आप चैट सत्र समाप्त कर सकते हैं",3,0
"Okay, would you please help me with the date, time and amount of the charge?"," ठीक है, क्या आप कृपया शुल्क की तारीख, समय और राशि के बारे में मेरी मदद करेंगे?",3,0
"no:22/83, mark avenue, CT City, IN"," नंबर:22/83, मार्क एवेन्यू, सीटी सिटी, IN",1,0
okay, ठीक है,2,0
thank you so much, आपका बहुत-बहुत धन्यवाद,3,2
ACCOUNT NO-1234 SSN NO- 4567, खाता संख्या-1234 एसएसएन नंबर- 4567,1,0
NAME : SIVANI, नाम : सिवानी,0,0
Have a good day1, आपका दिन शुभ हो1,2,2
7.66E+16,7.66E+16,0,0
"yeah, can you check my orders"," हाँ, क्या आप मेरे आदेश देख सकते हैं",3,0
no, नहीं,1,1
I have changed the transaction error as per your report., मैंने आपकी रिपोर्ट के अनुसार लेन-देन की त्रुटि को बदल दिया है।,0,0
OK THANKS BYE, ठीक है धन्यवाद अलविदा,3,2
"Thank you for the details Puvana, kindly give me a minute to proceed further."," पुवाना के विवरण के लिए धन्यवाद, कृपया मुझे आगे बढ़ने के लिए एक मिनट दें।",3,2
ok thank your information was very useful, ठीक है धन्यवाद आपकी जानकारी बहुत उपयोगी थी,3,2
Great! Have a great day!, महान! आपका दिन अच्छा रहे!,3,2
could you also share your new address?, क्या आप अपना नया पता भी साझा कर सकते हैं?,3,0
For sure. May I know your name please?, पक्का। क्या मैं आपका नाम जान सकता हूँ?,3,0
Could you please help me with your full name and the last four digits of your SSN?, क्या आप कृपया अपना पूरा नाम और अपने एसएसएन के अंतिम चार अंकों के साथ मेरी मदद कर सकते हैं?,3,0
Perfect! Could you also please help me out with your credit card number?, उत्तम! क्या आप कृपया अपने क्रेडिट कार्ड नंबर के बारे में भी मेरी मदद कर सकते हैं?,3,2
yes, हां,2,0
May I also know the last four digits of your SSN?, क्या मैं आपके SSN के अंतिम चार अंक भी जान सकता हूँ?,2,0
"I've blocked your credit card, you'll receive a email about the same on your registered email Id, Would you like to order a new card?"," मैंने आपका क्रेडिट कार्ड ब्लॉक कर दिया है, आपको इसके बारे में अपनी पंजीकृत ईमेल आईडी पर एक ईमेल प्राप्त होगा, क्या आप एक नया कार्ड ऑर्डर करना चाहेंगे?",3,0
No, नहीं,1,0
"I'll assist you with the rates however, please visit www.bank.com that'll direct you to get details regarding the lower rates"," हालांकि, मैं दरों में आपकी सहायता करूंगा, कृपया www.bank.com पर जाएं जो आपको कम दरों के बारे में विवरण प्राप्त करने के लिए निर्देशित करेगा।",3,0
A/C NO-1712 SSN NO-6321, ए/सी नं -1712 एसएसएन नं -6321,1,0
Okay great! Thank you so much for your cooperation! Have a great day!, ठीक है बढ़िया! आपके सहयोग के लिए बहुत बहुत धन्यवाद! आपका दिन अच्छा रहे!,3,2
4583,4583,0,0
"Thanks for giving us all that details, Could you also share the last four digits of your SSN Number? ","हमें वह सब विवरण देने के लिए धन्यवाद, क्या आप अपने एसएसएन नंबर के अंतिम चार अंक भी साझा कर सकते हैं?",3,0
Thank you. Could you help me with the date when the card was last used?, शुक्रिया। क्या आप उस तारीख के बारे में मेरी मदद कर सकते हैं जब कार्ड का अंतिम बार उपयोग किया गया था?,3,0
"Hello there, How may I help you today?
"," नमस्ते, मैं आज आपकी कैसे मदद कर सकता हूँ?",3,0
Please help me with the last four digits of the account number you would like the amount to be transferred to.,कृपया उस खाता संख्या के अंतिम चार अंकों के बारे में मेरी सहायता करें जिसमें आप राशि हस्तांतरित करना चाहते हैं।,3,0
Thank you. Could you help me with the new address?, शुक्रिया। क्या आप नए पते में मेरी मदद कर सकते हैं?,3,0
Please bear with me while I check the balance and get back.," जब तक मैं शेष राशि की जांच करता हूं और वापस आ जाता हूं, कृपया मेरे साथ रहें।",2,0
Perfect. I've gone ahead and ordered 50 checks for you. You should receive them in 2 business days., उत्तम। मैंने आगे बढ़कर आपके लिए 50 चेक का ऑर्डर दिया है। आपको उन्हें 2 कार्यदिवसों में प्राप्त कर लेना चाहिए।,2,2
"1999 Main St, USA City, D.C. 55555"," 1999 मेन सेंट, यूएसए सिटी, डीसी 55555",0,0
Oh I apologize I made a mistake the account number I would like the funds transferred to is actually the 6948," ओह, मैं क्षमा चाहता हूं, मैंने गलती की है, जिस खाता संख्या में मैं धन हस्तांतरित करना चाहता हूं वह वास्तव में 6948 है",2,0
"Awesome. May I know the new address , so that I can update the same for you.
"," बहुत बढ़िया। क्या मुझे नया पता पता है, ताकि मैं आपके लिए इसे अपडेट कर सकूं।",3,2
No, नहीं,1,0
Thanks for ur help, आपकी मदद के लिए धन्यवाद,3,2
"Perfect. Could you please provide me your complete credit card number.
", उत्तम। क्या आप कृपया मुझे अपना पूरा क्रेडिट कार्ड नंबर प्रदान कर सकते हैं।,3,2
yes i need an education loan, हाँ मुझे एजुकेशन लोन चाहिए,2,0
You can check it on the website i.e. www.bhnk.com., आप इसे वेबसाइट यानी www.bhnk.com पर चेक कर सकते हैं।,0,0
4.96E+16,4.96E+16,0,0
Great! Thank you for your help, महान! आपके सहयोग के लिए धन्यवाद,3,2
"Perfect. Could you please provide me your complete credit card number.
", उत्तम। क्या आप कृपया मुझे अपना पूरा क्रेडिट कार्ड नंबर प्रदान कर सकते हैं।,3,2
"Thank you for using our live chat service. I'm now closing this chat. If you have any other concerns in the future, please don’t hesitate to let us know. Have a great day!
"," हमारी लाइव चैट सेवा का उपयोग करने के लिए धन्यवाद। मैं अब इस चैट को बंद कर रहा हूं। यदि भविष्य में आपकी कोई अन्य चिंता है, तो कृपया हमें बताने में संकोच न करें। आपका दिन अच्छा रहे!",3,2
Perfect! Could you please be more specific with the account number?, उत्तम! क्या आप कृपया खाता संख्या के बारे में अधिक विशिष्ट हो सकते हैं?,3,2
yes, हां,2,0
yes, हां,2,0
i want check balance, मुझे बैलेंस चेक चाहिए,1,0
NO 25 LAKE VIEW ROAD BRIDGE TOWN AL 25638, नंबर 25 लेक व्यू रोड ब्रिज टाउन एएल 25638,1,0
"thank you so much for your help, you can close the chat now"," आपकी मदद के लिए बहुत-बहुत धन्यवाद, अब आप चैट को बंद कर सकते हैं",3,2
HI, नमस्ते,2,0
thanks, धन्यवाद,2,2
" I've processed the request for the change of address. You'll shortly receive a confirmation message. For any other queries, you can always get back to us. Is there anything else that I could do for you?"," मैंने पते में परिवर्तन के अनुरोध को संसाधित कर लिया है। आपको शीघ्र ही एक पुष्टिकरण संदेश प्राप्त होगा। किसी भी अन्य प्रश्न के लिए, आप हमेशा हमसे संपर्क कर सकते हैं। क्या कुछ और है जो मैं तुम्हारे लिए कर सकता हूँ?",2,0
My name is Ricki,मेरा नाम रिकी है,2,0
Amazing! Thank you for the info could you also please help me out with the date of the charge and the amount of the charge?, अद्भुत! जानकारी के लिए धन्यवाद क्या आप शुल्क की तारीख और शुल्क की राशि के बारे में भी मेरी मदद कर सकते हैं?,3,2
Thank you for the information.  Could you also let me know the date of the charge?, जानकारी के लिए धन्यवाद। क्या आप मुझे शुल्क की तारीख भी बता सकते हैं?,3,0
"Hi, Want to change my address for my account"," नमस्ते, अपने खाते के लिए अपना पता बदलना चाहते हैं",3,0
"For sure, May I know your name please?"," निश्चित रूप से, क्या मैं आपका नाम जान सकता हूँ?",3,0
Perfect! would you please share the last four digits of your SSN?, उत्तम! क्या आप कृपया अपने SSN के अंतिम चार अंक साझा करेंगे?,3,0
Drew, ड्रयू,0,0
"No, I have misplaced it at home"," नहीं, मैंने इसे घर पर खो दिया है",1,0
You’re welcome. Always a pleasure to assist valuable customers like you. Have a great day!, आपका स्वागत है। आप जैसे मूल्यवान ग्राहकों की सहायता करने में हमेशा खुशी होती है। आपका दिन अच्छा रहे!,3,2
I want to know my order checks, मैं अपने आदेश की जाँच जानना चाहता हूँ,2,0
May I also know the last four digits of your SSN?, क्या मैं आपके SSN के अंतिम चार अंक भी जान सकता हूँ?,2,0
"I'm very sorry for the inconvenience caused to you. May I know your name,last four digits of your SSN and credit card number?"," आपको हुई असुविधा के लिए मुझे बहुत खेद है। क्या मैं आपका नाम, आपके एसएसएन के अंतिम चार अंक और क्रेडिट कार्ड नंबर जान सकता हूं?",3,1
Okay great! Could you please tell me when was the last time the card was used and was there any police report filed?, ठीक है बढ़िया! क्या आप कृपया मुझे बता सकते हैं कि कार्ड का उपयोग पिछली बार कब किया गया था और क्या कोई पुलिस रिपोर्ट दर्ज की गई थी?,3,0
May I confirm the address provided by you?, क्या मैं आपके द्वारा दिए गए पते की पुष्टि कर सकता हूं?,2,0
Could you also please help me with your full name?, क्या आप कृपया अपने पूरे नाम के साथ मेरी मदद कर सकते हैं?,3,0
No thanks ..," जी नहीं, धन्यवाद ..",3,1
My name is James brown, मेरा नाम जेम्स ब्राउन है,2,0
jhon, जॉन,0,0
7.85646E+15,7.85646E+15,0,0
"Awesome! Also, may I please know the last four digits of your account number?","बहुत बढ़िया! साथ ही, क्या मैं आपकी खाता संख्या के अंतिम चार अंक जान सकता हूं?",3,2
OK, ठीक है,2,0
2.56355E+14,2.56355E+14,0,0
"Thank you for using our live chat service. I'm now closing this chat. If you have any other concerns in the future, please don’t hesitate to let us know. Have a great day!
"," हमारी लाइव चैट सेवा का उपयोग करने के लिए धन्यवाद। मैं अब इस चैट को बंद कर रहा हूं। यदि भविष्य में आपकी कोई अन्य चिंता है, तो कृपया हमें बताने में संकोच न करें। आपका दिन अच्छा रहे!",3,2
Angel Raj, एंजेल राज,0,0
YES, हां,2,2
Thank you very much, आपका बहुत बहुत धन्यवाद,3,2
My name is Sanju James, मेरा नाम संजू जेम्स है,2,0
"Hello, how may I help you today?"," हैलो, मैं आज आपकी कैसे मदद कर सकता हूं?",3,0
NO THANKS," जी नहीं, धन्यवाद",3,1
"Awesome.I have processed the request and the charge has been removed. I do apologize for the inconvenience caused.
", बहुत बढ़िया।मैंने अनुरोध संसाधित कर दिया है और शुल्क हटा दिया गया है। हुई असुविधा के लिए मुझे खेद है।,3,2
Okay, ठीक,2,2
ok thank you, ठीक है धन्यवाद,3,0
6.98456E+11,6.98456E+11,0,0
Oh thank you, ओह धन्यवाद,3,2
Hi, नमस्ते,2,0
That’s great! Please could you share your new address?, एक दम बढ़िया! क्या आप अपना नया पता साझा कर सकते हैं?,3,2
Hello! Good morning!, नमस्ते! सुबह बख़ैर!,3,0
is there anything else that  i may help you with?, क्या कुछ और है जिसमें मैं आपकी मदद कर सकता हूँ?,2,0
"Hello, Want to change the address associated with your credit card."," नमस्कार, अपने क्रेडिट कार्ड से जुड़े पते को बदलना चाहते हैं।",3,0
"Lawrence & Account no 6572876497276465
", लॉरेंस एंड अकाउंट नंबर 6572876497276465,1,0
Would there be anything else I may assist you with?, क्या कुछ और होगा जिसमें मैं आपकी सहायता कर सकूं?,2,0
Great! Could you also please help me out with last 4 digits of your credit card and SSN?, महान! क्या आप कृपया अपने क्रेडिट कार्ड और एसएसएन के अंतिम 4 अंकों के बारे में भी मेरी मदद कर सकते हैं?,3,2
"oh ok, thank you"," ओह ठीक है, धन्यवाद",3,0
I can block the credit card if you have lost the card., अगर आपने कार्ड खो दिया है तो मैं क्रेडिट कार्ड को ब्लॉक कर सकता हूं।,0,0
thank you, धन्यवाद,2,2
IT IS 5218, आईटी आईएस 5218,0,0
Hey there! How may I help you today?, सुनो! आज मैं आपकी कैसे मदद कर सकता हूँ?,3,0
hello, नमस्ते,2,0
Corrected account number for savings is 43521, बचत के लिए सही खाता संख्या है 43521,0,0
ITS 5000 INR, इसकी 5000 रुपये,0,0
Perfect! May I also know the last four digits of your SSN?, उत्तम! क्या मैं आपके SSN के अंतिम चार अंक भी जान सकता हूँ?,3,0
What is my balance?, मेरा संतुलन क्या है?,1,0
I need to transfer $2500 to account# 6786, मुझे खाते में 2500 डॉलर ट्रांसफर करने होंगे# 6786,1,0
"I've updated your address on the system, you’ll be receiving a confirmation e-mail shortly. All communications will be made to the new address. Would you need anything else?","मैंने सिस्टम पर आपका पता अपडेट कर दिया है, आपको शीघ्र ही एक पुष्टिकरण ई-मेल प्राप्त होगा। सभी संचार नए पते पर किए जाएंगे। क्या आपको कुछ और चाहिए होगा?",3,0
ok, ठीक है,2,0
HI, नमस्ते,2,0
would you please help?, क्या आप कृपया मदद करेंगे?,3,0
I WANT TO CLOSE THE ACCOUNT, मुझे खाता बंद करना है,1,1
"Perfect! would you please share the last four digits of your SSN?
", उत्तम! क्या आप कृपया अपने SSN के अंतिम चार अंक साझा करेंगे?,3,0
"Great. I have gone ahead and updated the new address for your convenience.
",महान। मैंने आपकी सुविधा के लिए आगे बढ़कर नया पता अपडेट कर दिया है।,3,2
ok, ठीक है,2,0
Hello Saravana. How may I help you today?, नमस्ते सरवाना। आज मैं आपकी कैसे मदद कर सकता हूँ?,3,0
thank you bye, अलविदा धन्यवाद,3,0
I hope we are connected?, मुझे आशा है कि हम जुड़े हुए हैं?,2,0
"I'm sorry sir, In this case you need to go the bank for further details."," आई एम सॉरी सर, इस मामले में आपको अधिक जानकारी के लिए बैंक जाना होगा।",3,1
Alright. What's the sum of amount to be transferred?, ठीक है। हस्तांतरित की जाने वाली राशि की राशि क्या है?,1,0
OK. BYEE, ठीक है। अलविदा,2,0
My credit card no is 1354698564789523 and the last 4 digits of SSN no is 9523, मेरा क्रेडिट कार्ड नंबर 1354698564789523 है और एसएसएन नंबर के अंतिम 4 अंक 9523 हैं,2,0
Goodbye!, अलविदा!,2,0
HI WANT TO CHECK THE BALANCE OF ACCOUNT, HI खाते की शेष राशि की जांच करना चाहते हैं,3,0
3698,3698,0,0
Did I answer all of your questions for today?, क्या मैंने आज के लिए आपके सभी प्रश्नों का उत्तर दिया?,1,0
You’re most welcome. Is there anything else I could help you with?, आपका स्वागत है। क्या कुछ और है जिसमें मैं आपकी मदद कर सकता हूं?,3,2
"Also, I'll personally look into this and make sure that you receive your new card as soon as possible."," साथ ही, मैं व्यक्तिगत रूप से इस पर गौर करूंगा और सुनिश्चित करूंगा कि आपको अपना नया कार्ड जल्द से जल्द मिल जाए।",2,0
hi, नमस्ते,2,0
No I did not do the any police compliant," नहीं, मैंने कोई पुलिस कंप्लेंट नहीं की",1,0
YES, हां,2,2
Always a pleasure. Have a great day., हमेशा एक खुशी की बात है। आपका दिन अच्छा रहे।,3,2
HI, नमस्ते,2,0
"Thanks Duraj. To pull up the information I will require your last 4 digits of the SSN.
", धन्यवाद दुराज। जानकारी प्राप्त करने के लिए मुझे आपके एसएसएन के अंतिम 4 अंकों की आवश्यकता होगी।,3,0
"Awesome. May I know the new address , so that I can update the same for you.
"," बहुत बढ़िया। क्या मुझे नया पता पता है, ताकि मैं आपके लिए इसे अपडेट कर सकूं।",3,2
Great! Could you also please help me out with your credit card number?, महान! क्या आप कृपया अपने क्रेडिट कार्ड नंबर के बारे में भी मेरी मदद कर सकते हैं?,3,2
Would there be anything else I may help you with today?, क्या आज मैं आपकी कुछ और मदद कर सकता हूँ?,2,0
Alisha Melendez, अलीशा मेलेंडेज़,0,0
"Sure, Could you please tell me how many check leaves you want?"," ज़रूर, क्या आप कृपया मुझे बता सकते हैं कि आपको कितने चेक पत्ते चाहिए?",3,0
My last 4 digit of account nuber is 5668 and SSN is 7889, मेरे अकाउंट नंबर का अंतिम 4 अंक 5668 है और एसएसएन 7889 है,1,0
I'd be glad to help you with that. Could you please help me with your first and last name?,मुझे इसमें आपकी मदद करने में खुशी होगी। क्या आप कृपया अपने पहले और अंतिम नाम के साथ मेरी मदद कर सकते हैं?,3,0
no thanks," जी नहीं, धन्यवाद",3,1
"Hello, how may I help you with today?"," हैलो, मैं आज आपकी कैसे मदद कर सकता हूं?",3,0
7235,7235,0,0
7832,7832,0,0
I hope we are still connected., मुझे आशा है कि हम अभी भी जुड़े हुए हैं।,2,2
good morning, शुभ प्रभात,2,2
Amazing! Thank you for the info could you also please help me out with the date of the charge and the amount of the charge?, अद्भुत! जानकारी के लिए धन्यवाद क्या आप शुल्क की तारीख और शुल्क की राशि के बारे में भी मेरी मदद कर सकते हैं?,3,2
8854,8854,0,0
could you help me out with last four digits of the account number to which you would like to transfer the amount?, क्या आप उस खाता संख्या के अंतिम चार अंकों के साथ मेरी मदद कर सकते हैं जिसमें आप राशि हस्तांतरित करना चाहते हैं?,3,0
I hope we are connected?, मुझे आशा है कि हम जुड़े हुए हैं?,2,0
It was wonderful talking to you. Have a great day,आपसे बात करके बहुत अच्छा लगा। आपका दिन अच्छा रहे,3,2
"Hello there, how may I help you today?"," नमस्ते, मैं आज आपकी कैसे मदद कर सकता हूं?",3,0
"1500 Preston Road, Plano, TX 75048"," 1500 प्रेस्टन रोड, प्लानो, TX 75048",1,0
6677,6677,0,0
no, नहीं,1,1
there is an error in my credit card bill i want the charge to be removed, मेरे क्रेडिट कार्ड बिल में एक त्रुटि है मैं चाहता हूं कि शुल्क हटा दिया जाए,1,1
Goodbye, अलविदा,2,0
well*, कुंआ*,1,0
3.2803E+14,3.2803E+14,0,0
I’m glad I could resolve this for you. We aim to make your Banking experience a pleasant one. Have a wonderful day!, मुझे खुशी है कि मैं इसे आपके लिए हल कर सका। हमारा लक्ष्य आपके बैंकिंग अनुभव को सुखद बनाना है। शानदार दिन हो!,3,2
thank you for the information., जानकारी के लिए शुक्रिया।,3,2
hi, नमस्ते,2,0
Hello! Good morning!, नमस्ते! सुबह बख़ैर!,3,0
"Don’t worry, I've updated your bill statement. You would be receiving a confirmation message in a while. Let me know if you have any other queries.

"," चिंता न करें, मैंने आपका बिल विवरण अपडेट कर दिया है। आपको थोड़ी देर में एक पुष्टिकरण संदेश प्राप्त होगा। यदि आपके कोई अन्य प्रश्न हैं तो मुझे बताएं।",3,0
"Hello. How may I help you today?
", नमस्ते। आज मैं आपकी कैसे मदद कर सकता हूँ?,3,0
"Thank you for the information. Lastly I'll require the time of charge.
", जानकारी के लिए धन्यवाद। अंत में मुझे चार्ज के समय की आवश्यकता होगी।,3,0
"All right. I apologize I will be not able to give you the information at this point of time. However someone from our bank will reach you back in few days to give you all important information.
", ठीक है। मुझे खेद है कि मैं इस समय आपको जानकारी नहीं दे पाऊंगा। हालांकि हमारे बैंक का कोई व्यक्ति आपको सभी महत्वपूर्ण जानकारी देने के लिए कुछ दिनों में वापस पहुंच जाएगा।,3,0
Thank you for sharing the information. I've processed the request for the change of address. You'll shortly receive a confirmation E-mail., जानकारी साझा करने के लिए धन्यवाद। मैंने पते में परिवर्तन के अनुरोध को संसाधित कर लिया है। आपको शीघ्र ही एक पुष्टिकरण ई-मेल प्राप्त होगा।,3,2
"yes,i have filed police report"," हाँ, मैंने पुलिस रिपोर्ट दर्ज कर दी है",2,1
Hello., नमस्ते।,3,0
May i know my account ministatement details?, क्या मैं अपने खाते के मिनिस्टेटमेंट विवरण जान सकता हूँ?,2,0
Thank you very much, आपका बहुत बहुत धन्यवाद,3,2
"Hey there, how may I help you today?"," अरे वहाँ, मैं आज आपकी कैसे मदद कर सकता हूँ?",3,0
"Sure. Could you please help me with your full name, the last four digits of your SSN and your complete credit card number?
"," ज़रूर। क्या आप कृपया अपना पूरा नाम, अपने एसएसएन के अंतिम चार अंक और अपना पूरा क्रेडिट कार्ड नंबर देने में मेरी मदद कर सकते हैं?",3,0
"You're most welcome, I'm glad that I could resolve this for you. It was really my pleasure assisting you. Have an amazing day ahead.
"," आपका बहुत-बहुत स्वागत है, मुझे खुशी है कि मैं इसे आपके लिए हल कर सका। आपकी सहायता करना वास्तव में मेरी खुशी थी। आगे एक अद्भुत दिन हो।",3,2
YES, हां,2,2
You're welcome! Is there anything else I may assist you with?, आपका स्वागत है! क्या कुछ और है जिसमें मैं आपकी सहायता कर सकता हूं?,2,2
"Okay, would you please help me with the date, time and amount of the charge?"," ठीक है, क्या आप कृपया शुल्क की तारीख, समय और राशि के बारे में मेरी मदद करेंगे?",3,0
OK. Thank you for banking with us. Have a nice day!, ठीक है। हमारे साथ बैंकिंग के लिए धन्यवाद। आपका दिन शुभ हो!,3,2
"YA, I HAVE TRANSFER $1500 TO MY FATHER"," हां, मैंने अपने पिता को 1500 डॉलर ट्रांसफर कर दिए हैं",0,0
okay, ठीक है,2,0
I’m glad I could resolve this for you. Have a great day, मुझे खुशी है कि मैं इसे आपके लिए हल कर सका। आपका दिन अच्छा रहे,3,2
Credit card number 1234 4321 1234 4321, क्रेडिट कार्ड नंबर 1234 4321 1234 4321,0,0
Thank you, आपको धन्यवाद,2,2
4860 and 2564, 4860 और 2564,0,0
OK, ठीक है,2,0
"Thank you for waiting patiently the address will be changed shorty and it'll take up to 2 hours for the changes to be effective and you'll get a confirmation email as well.
","धैर्यपूर्वक प्रतीक्षा करने के लिए धन्यवाद, पता संक्षिप्त रूप से बदल दिया जाएगा और परिवर्तनों को प्रभावी होने में 2 घंटे तक का समय लगेगा और आपको एक पुष्टिकरण ईमेल भी प्राप्त होगा।",3,1
"Hello, how may I help you with today?"," हैलो, मैं आज आपकी कैसे मदद कर सकता हूं?",3,0
"Marcos Irwin
", मार्कोस इरविन,0,0
Thank you for the information. I see that you have $5000 in your account. Let me know if you have any other queries.,जानकारी के लिए धन्यवाद। मैं देख रहा हूँ कि आपके खाते में $5000 हैं। यदि आपके कोई अन्य प्रश्न हैं तो मुझे बताएं।,3,0
I hope your having a good day!, मुझे आशा है कि आपका दिन अच्छा हो!,3,2
SSN - 2658 CARD NO - 8528, एसएसएन - 2658 कार्ड नंबर - 8528,1,0
6.57288E+15,6.57288E+15,0,0
"You're welcome! I would like to inform you that your address has been updated to 123 Main St, Hartford, CT. 06101."," आपका स्वागत है! मैं आपको सूचित करना चाहता हूं कि आपका पता 123 Main St, Hartford, CT में अपडेट कर दिया गया है। 06101.",2,2
Hello!, नमस्ते!,3,0
Always a pleasure. Have a great day., हमेशा एक खुशी की बात है। आपका दिन अच्छा रहे।,3,2
"Hello there, How may I help you today?
"," नमस्ते, मैं आज आपकी कैसे मदद कर सकता हूँ?",3,0
Thank you very much, आपका बहुत बहुत धन्यवाद,3,2
Thank you for your valuable information. As I've checked I see that the account balance of the account ending with 7000 is $600.," आपकी बहुमूल्य जानकारी के लिए धन्यवाद। जैसा कि मैंने जाँच की है, मैंने देखा है कि 7000 से समाप्त होने वाले खाते का खाता शेष $600 है।",3,0
To check the account balance I'd also need the account number., अकाउंट बैलेंस चेक करने के लिए मुझे अकाउंट नंबर की भी जरूरत होगी।,1,0
no, नहीं,1,1
May I also know the last four digits of your SSN?, क्या मैं आपके SSN के अंतिम चार अंक भी जान सकता हूँ?,2,0
And the amount of charge?, और चार्ज की राशि?,0,0
"okay, great!  please give me a moment while I process with your request. 
", ठीक है बढ़िया! कृपया मुझे एक क्षण दें जब मैं आपके अनुरोध के साथ प्रक्रिया करता हूं।,3,2
Name is Karthik, नाम कार्तिक है,2,0
Surely I will help you. May I please know your first and last name?, ज़रूर मैं आपकी मदद करूँगा। क्या मैं आपका पहला और अंतिम नाम जान सकता हूँ?,3,0
Oh nice!..I am happy now..Thanks for your information!, ओह अच्छा!..मैं अब खुश हूँ..आपकी जानकारी के लिए धन्यवाद!,3,2
"Thank you for using our live chat service. I'm now closing this chat. If you have any other concerns in the future, please don’t hesitate to let us know. Have a great day!
"," हमारी लाइव चैट सेवा का उपयोग करने के लिए धन्यवाद। मैं अब इस चैट को बंद कर रहा हूं। यदि भविष्य में आपकी कोई अन्य चिंता है, तो कृपया हमें बताने में संकोच न करें। आपका दिन अच्छा रहे!",3,2
"Furthermore I'll like to know that, was a police report filed for the same?
", इसके अलावा मैं यह जानना चाहूंगा कि क्या इसके लिए पुलिस रिपोर्ट दर्ज की गई थी?,2,0
Is there anything else I may assist you with?, क्या कुछ और है जिसमें मैं आपकी सहायता कर सकता हूं?,2,0
I want to transfer money to another account, मैं दूसरे खाते में पैसे ट्रांसफर करना चाहता हूं,1,0
"Hana Bryan
", हाना ब्रायन,2,0
Thank you for waiting patiently the address will be changed shorty and it'll take up to 2 hours for the changes to be effective and you'll get a confirmation email as well.," धैर्यपूर्वक प्रतीक्षा करने के लिए धन्यवाद, पता संक्षिप्त रूप से बदल दिया जाएगा और परिवर्तनों को प्रभावी होने में 2 घंटे तक का समय लगेगा और आपको एक पुष्टिकरण ईमेल भी प्राप्त होगा।",3,1
"Perfect. I will now go ahead and cancel your old card which is missing and issue a new one for you which will be sent to your address soon.
", उत्तम। अब मैं आगे बढ़ूंगा और आपके पुराने कार्ड को रद्द कर दूंगा जो गायब है और आपके लिए एक नया कार्ड जारी करूंगा जो जल्द ही आपके पते पर भेज दिया जाएगा।,2,2
"Hello, how may I help you with today?"," हैलो, मैं आज आपकी कैसे मदद कर सकता हूं?",3,0
You're most welcome. Have a great day., आपका स्वागत है। आपका दिन अच्छा रहे।,3,2
ok, ठीक है,2,0
"My pleasure. Anything else I may help you out with?
", मेरा सौभाग्य। कुछ और मैं आपकी मदद कर सकता हूं?,3,2
"Okay sure, please allow me a moment while I do the needful. "," ठीक है, कृपया मुझे एक क्षण दें जबकि मैं आवश्यक कार्य करता हूं।",2,0
Have a good work, अच्छा काम करना,0,2
Is there anything else I could assist you with?, क्या कुछ और है जिसमें मैं आपकी सहायता कर सकता हूं?,2,0
You are awesome Riley, आप कमाल के रिले हैं,2,2
"Could you help me with the last four digits of your account number?
",क्या आप अपनी खाता संख्या के अंतिम चार अंकों में मेरी मदद कर सकते हैं?,3,0
"Thank you. Could you please provide me the date when card was last used.
", शुक्रिया। क्या आप कृपया मुझे वह तिथि प्रदान कर सकते हैं जब कार्ड का अंतिम बार उपयोग किया गया था।,3,0
"Great. I have gone ahead and updated the new address for your convenience.
",महान। मैंने आपकी सुविधा के लिए आगे बढ़कर नया पता अपडेट कर दिया है।,3,2
Could you please help me with the last 4 digits of the account number to move from?, क्या आप कृपया मुझे खाता संख्या के अंतिम 4 अंक से स्थानांतरित करने में मदद कर सकते हैं?,3,0
You're welcome. I had a great time assisting you. Please do feel free to reach out to us for further queries. Have a good day. Bye now., आपका स्वागत है। मुझे आपकी सहायता करने में बहुत अच्छा लगा। कृपया आगे के प्रश्नों के लिए हमसे बेझिझक संपर्क करें। आपका दिन शुभ हो। अलविदा।,3,2
6846,6846,0,0
"Hey there, how may I help you today?"," अरे वहाँ, मैं आज आपकी कैसे मदद कर सकता हूँ?",3,0
"Amazing. The amount you requested will be transferred soon. Is there anything else I could help you with?
", अद्भुत। आपके द्वारा अनुरोधित राशि जल्द ही स्थानांतरित कर दी जाएगी। क्या कुछ और है जिसमें मैं आपकी मदद कर सकता हूं?,3,2
I hope we are connected?, मुझे आशा है कि हम जुड़े हुए हैं?,2,0
You’re most welcome. Is there anything else I could help you with?, आपका स्वागत है। क्या कुछ और है जिसमें मैं आपकी मदद कर सकता हूं?,3,2
Thank you for the information. Could you please help me with the  last 4 digits of the account number to which you want to transfer amount?, जानकारी के लिए धन्यवाद। क्या आप कृपया मुझे उस खाता संख्या के अंतिम 4 अंकों में मदद कर सकते हैं जिसमें आप राशि हस्तांतरित करना चाहते हैं?,3,0
why so delay today, आज इतनी देरी क्यों,2,0
THANK YOU, धन्यवाद,3,2
"Would you please help me with the date, when you used your credit card for the last time?"," क्या आप कृपया उस तारीख के बारे में मेरी मदद करेंगे, जब आपने पिछली बार अपने क्रेडिट कार्ड का उपयोग किया था?",3,0
bye, अलविदा,2,0
Thank you Cowan. Could you please help me with the last 4 digits of the account number to move from?, धन्यवाद कोवान। क्या आप कृपया मुझे खाता संख्या के अंतिम 4 अंक से स्थानांतरित करने में मदद कर सकते हैं?,3,0
"Okay, Good news! I've blocked your card and also requested for a new one which you will be receiving within 2 business days via post, however, in case if you fail to receive please write us a email at bankersservice.com. Would there be anything else I may help you with? "," ठीक है, अच्छी खबर है! मैंने आपका कार्ड ब्लॉक कर दिया है और एक नए कार्ड के लिए भी अनुरोध किया है जो आपको डाक के माध्यम से 2 व्यावसायिक दिनों के भीतर प्राप्त होगा, हालांकि, यदि आप प्राप्त करने में विफल रहते हैं तो कृपया हमें bankersservice.com पर एक ईमेल लिखें। क्या कुछ और होगा जिसमें मैं आपकी मदद कर सकूं?",3,2
and close the account., और खाता बंद करो।,0,0
"If there is no response from the customer, then the chat will get automatically disconnected after 30 seconds."," यदि ग्राहक की ओर से कोई प्रतिक्रिया नहीं आती है, तो चैट 30 सेकंड के बाद अपने आप डिस्कनेक्ट हो जाएगी।",1,1
last 4 of social are: 1234 and account # is: 9876543210,सामाजिक के अंतिम 4 हैं: 1234 और खाता # है: 9876543210,0,0
I want to change my password also.., मुझे अपना पासवर्ड भी बदलना है..,2,0
"Thank you for being patient, I'd like to inform you that I've transferred $50 to the account ending with 4040. "," धैर्य रखने के लिए धन्यवाद, मैं आपको सूचित करना चाहता हूं कि मैंने 4040 के साथ समाप्त होने वाले खाते में $50 स्थानांतरित कर दिए हैं।",3,2
I want change my address, मुझे अपना पता बदलना है,2,0
$350, $350,0,0
TAMAS AND 0800, तमस और 0800,0,0
HI, नमस्ते,2,0
SSN - 2014, एसएसएन - 2014,0,0
sir i need an interest details and payment," महोदय, मुझे ब्याज विवरण और भुगतान की आवश्यकता है",1,0
"Hello, how may I help you with today?"," हैलो, मैं आज आपकी कैसे मदद कर सकता हूं?",3,0
Surely I will help you. May I please know your first and last name?, ज़रूर मैं आपकी मदद करूँगा। क्या मैं आपका पहला और अंतिम नाम जान सकता हूँ?,3,0
yes, हां,2,0
"Perfect. Could you please provide me your complete credit card number.

", उत्तम। क्या आप कृपया मुझे अपना पूरा क्रेडिट कार्ड नंबर प्रदान कर सकते हैं।,3,2
ssn-0200, एसएसएन-0200,0,0
OK sir i will search with this website, ओके सर मैं इस वेबसाइट से सर्च करूंगा,2,0
All right. When did you use your card last time?, ठीक है। आपने पिछली बार अपने कार्ड का उपयोग कब किया था?,2,0
any help you want, कोई मदद आप चाहते हैं,1,0
Okay great! Could you please help me out with the date when the card was last used and was there any police report filed?, ठीक है बढ़िया! क्या आप कृपया मुझे उस तारीख के बारे में बताने में मदद कर सकते हैं जब कार्ड का अंतिम बार उपयोग किया गया था और क्या कोई पुलिस रिपोर्ट दर्ज की गई थी?,3,0
" My credit card number 625837516987256 and  SSN number 36589675.
",मेरा क्रेडिट कार्ड नंबर 625837516987256 और एसएसएन नंबर 36589675।,2,0
"Rayna Hendricks
", रेना हेंड्रिक्स,0,0
That's, वह है,0,0
Thanks, धन्यवाद,3,2
Hi, नमस्ते,3,0
Great Alex!, महान एलेक्स!,3,2
"Awesome.I have processed the request and the charge has been removed. I do apologize for the inconvenience caused.
", बहुत बढ़िया।मैंने अनुरोध संसाधित कर दिया है और शुल्क हटा दिया गया है। हुई असुविधा के लिए मुझे खेद है।,3,2
Hello Mary.., हैलो मेरी..,3,0
I have two accounts in the bank, मेरे बैंक में दो खाते हैं,1,0
My name is Kali varadhan, मेरा नाम काली वर्धन है,2,0
"Perfect. Could you please provide me your complete credit card number.
", उत्तम। क्या आप कृपया मुझे अपना पूरा क्रेडिट कार्ड नंबर प्रदान कर सकते हैं।,3,2
7.89456E+15,7.89456E+15,0,0
Thank You..Have a nice day!, धन्यवाद आपका दिन अच्छा है!,3,2
no, नहीं,1,1
thank you for your information, आपकी जानकारी के लिए धन्यवाद,3,2
8.88E+18,8.88E+18,0,0
Could you please help me with the amount you wish to transfer?, क्या आप कृपया उस राशि में मेरी मदद कर सकते हैं जिसे आप स्थानांतरित करना चाहते हैं?,3,0
"Thank you for your valuable information. As I've checked I see that the account balance of the account ending with 2145 is $6000. May i know the other account number you want the money to be transferred to and the amount also please?
"," आपकी बहुमूल्य जानकारी के लिए धन्यवाद। जैसा कि मैंने जाँच की है, मैंने देखा है कि 2145 के साथ समाप्त होने वाले खाते की शेष राशि $6000 है। क्या मैं अन्य खाता संख्या जान सकता हूँ जिसमें आप धन हस्तांतरित करना चाहते हैं और राशि भी कृपया?",3,0
Hello, नमस्ते,2,0
Perfect! Could you also help me out with the amount of money to be transferred?, उत्तम! क्या आप मुझे हस्तांतरित की जाने वाली राशि में भी मदद कर सकते हैं?,3,2
Sure Mr. Jack! I'll update the same. Would there be anything else I may help you with?,ज़रूर मिस्टर जैक! मैं वही अपडेट करूंगा। क्या कुछ और होगा जिसमें मैं आपकी मदद कर सकूं?,3,0
I'll be glad to assist you. May I know your concern please?, मुझे आपकी सहायता करने में खुशी होगी। क्या मुझे आपकी चिंता का पता चल सकता है?,3,0
You're most welcome. Would there be anything else I may help you with?,आपका स्वागत है। क्या कुछ और होगा जिसमें मैं आपकी मदद कर सकूं?,3,2
THANK YOU, धन्यवाद,3,2
"Sorry Riley, but that was a wrong address. Can you change the 4137 to 4237?"," सॉरी रिले, लेकिन वह गलत पता था। क्या आप 4137 को 4237 में बदल सकते हैं?",3,0
25-Jun,25-Jun,0,0
Always a pleasure. Is there anything I could assist you with?, हमेशा एक खुशी की बात है। क्या कोई ऐसी चीज है जिसमें मैं आपकी सहायता कर सकता हूं?,2,2
my side over, मेरी तरफ,1,0
HELLO THERE.., नमस्ते..,3,0
"My new address is  85, Five way building, Newly new film street, Washington ,DC
"," मेरा नया पता 85 है, फाइव वे बिल्डिंग, न्यू न्यू फिल्म स्ट्रीट, वाशिंगटन, डीसी",2,0
"Perfect. Could you please provide me your complete credit card number.
", उत्तम। क्या आप कृपया मुझे अपना पूरा क्रेडिट कार्ड नंबर प्रदान कर सकते हैं।,3,2
Could you help me out with last four digits of the account number to which you would like to transfer the amount?, क्या आप उस खाता संख्या के अंतिम चार अंकों के साथ मेरी मदद कर सकते हैं जिसमें आप राशि हस्तांतरित करना चाहते हैं?,3,0
"Hello, how may I help you today?"," हैलो, मैं आज आपकी कैसे मदद कर सकता हूं?",3,0
Great! Always a  pleasure assisting a valuable customer like you. Have a great day ahead.,महान! आप जैसे मूल्यवान ग्राहक की सहायता करने में हमेशा खुशी होती है। आगे एक महान दिन हो।,3,2
"Thank you for your patience Raji. I'm sorry for the error in your bill. I'll go ahead and have it removed right away. Thank you for bringing this to our notice.
", आपके धैर्य के लिए धन्यवाद राजी। आपके बिल में त्रुटि के लिए मुझे खेद है। मैं आगे बढ़ूंगा और इसे तुरंत हटा दूंगा। इसे हमारे संज्ञान में लाने के लिए धन्यवाद।,3,1
Good morning! How may I help you today?, सुबह बख़ैर! आज मैं आपकी कैसे मदद कर सकता हूँ?,3,0
my Account no 2847 & other 9384, मेरा खाता संख्या 2847 और अन्य 9384,1,0
"Ok , no problem"," ठीक, कोई समस्या नहीं",1,0
"Hello there, How may I help you today?
"," नमस्ते, मैं आज आपकी कैसे मदद कर सकता हूँ?",3,0
Perfect. Can you transfer it to my savings before closing it?, उत्तम। क्या आप इसे बंद करने से पहले मेरी बचत में स्थानांतरित कर सकते हैं?,3,2
"Hello, how may I help you today?"," हैलो, मैं आज आपकी कैसे मदद कर सकता हूं?",3,0
"Thank you for using our live chat service. I'm now closing this chat. If you have any other concerns in the future, please don’t hesitate to let us know. Have a great day!
"," हमारी लाइव चैट सेवा का उपयोग करने के लिए धन्यवाद। मैं अब इस चैट को बंद कर रहा हूं। यदि भविष्य में आपकी कोई अन्य चिंता है, तो कृपया हमें बताने में संकोच न करें। आपका दिन अच्छा रहे!",3,2
8721,8721,0,0
"8904 Wild Rose Ave. 
Hephzibah, GA 30815"," 8904 वाइल्ड रोज एवेन्यू। हेपजीबाह, जीए 30815",0,0
THANK YOU, धन्यवाद,3,2
"okay! I'll surely help you with that, May I know your first and last name please."," ठीक है! मैं निश्चित रूप से इसमें आपकी मदद करूंगा, क्या मैं आपका पहला और अंतिम नाम जान सकता हूं।",3,0
I've transferred the amount and you'll receive a confirmation message on your registered mobile number in a while., मैंने राशि हस्तांतरित कर दी है और आपको कुछ ही देर में अपने पंजीकृत मोबाइल नंबर पर एक पुष्टिकरण संदेश प्राप्त होगा।,2,0
Hello! How may I help you?, नमस्ते! क्या मेरे द्वारा आपकी कोई सहायता हो सकती है?,3,0
OK, ठीक है,2,0
2.56785E+15,2.56785E+15,0,0
2.50341E+15,2.50341E+15,0,0
Perfect! May I know the new address as well?, उत्तम! क्या मैं नया पता भी जान सकता हूँ?,2,2
Okay! Thank you. Please allow me a moment while I check with the account.," ठीक! शुक्रिया। जब तक मैं खाते से जांच करता हूं, कृपया मुझे कुछ समय दें।",3,0
"Great, Thank you. I also need to change the address on my account I recently relocated", महान धन्यवाद। मुझे अपने खाते का पता भी बदलना होगा जिसे मैंने हाल ही में स्थानांतरित किया है,3,2
kk, के.के.,2,0
Thank you. Could you please share the complete credit card number?, शुक्रिया। क्या आप कृपया पूरा क्रेडिट कार्ड नंबर साझा कर सकते हैं?,3,0
May I please know your first and last name?, क्या मैं आपका पहला और अंतिम नाम जान सकता हूँ?,3,0
thanks .No need todat., धन्यवाद। आज की जरूरत नहीं है।,3,2
4992,4992,0,0
May I know the date and amount of the charge?, क्या मुझे शुल्क की तारीख और राशि पता हो सकती है?,2,0
"Sure, no problem about that, Jennifer. I'll change it right away for you. Please give me a moment."," ज़रूर, इसमें कोई समस्या नहीं है, जेनिफर। मैं इसे आपके लिए तुरंत बदल दूंगा। कृपया मुझे एक क्षण दें।",2,0
Thank you for the information. I’ve updated the address. You’ll receive a confirmation message in a while. Is there anything else I can help you with?, जानकारी के लिए धन्यवाद। मैंने पता अपडेट कर दिया है। आपको थोड़ी देर में एक पुष्टिकरण संदेश प्राप्त होगा। क्या कुछ और है जिसमें मैं आपकी मदद कर सकता हूं?,3,0
04/23/2018, 04/23/2018,0,0
hi i want to update the address in credit card records," नमस्ते, मैं क्रेडिट कार्ड रिकॉर्ड में पता अपडेट करना चाहता हूं",3,0
10 kune 5 pm in atm, 10 कुने शाम 5 बजे atm . में,0,0
thanks for giving your website, अपनी वेबसाइट देने के लिए धन्यवाद,3,2
No, नहीं,1,0
"Hi charlie, I need to reverse the late payment fee in my credit card bill"," हाय चार्ली, मुझे अपने क्रेडिट कार्ड बिल में देर से भुगतान शुल्क को उलटना होगा",3,0
It was wonderful talking to you. Have a great day,आपसे बात करके बहुत अच्छा लगा। आपका दिन अच्छा रहे,3,2
"I wanna to transfer money from my account to another, could you help this"," मैं अपने खाते से दूसरे खाते में पैसे ट्रांसफर करना चाहता हूं, क्या आप इसमें मदद कर सकते हैं",3,0
"You're welcome. Is there anything else I could help you with?
", आपका स्वागत है। क्या कुछ और है जिसमें मैं आपकी मदद कर सकता हूं?,2,2
Abigail Riley, अबीगैल रिले,0,0
5990,5990,0,0
Thanks Rishi. Could you please share the complete credit card number?, धन्यवाद ऋषि। क्या आप कृपया पूरा क्रेडिट कार्ड नंबर साझा कर सकते हैं?,3,2
No thanks .... i need your help means i will call you...., नहीं थैंक्स.... मुझे आपकी मदद चाहिए यानी मैं आपको कॉल करूंगा....,3,0
No Drew, नो ड्रू,1,0
"Sure! That won't be a problem. Certainly, I'll help you. May I know your full name?"," ज़रूर! यह कोई समस्या नहीं होगी। ज़रूर, मैं आपकी मदद करूँगा। क्या मैं आपका पूरा नाम जान सकता हूँ?",3,0
All right. I request you to visit our bank website abcbank.com. It will direct to the right page., ठीक है। मैं आपसे अनुरोध करता हूं कि आप हमारी बैंक की वेबसाइट abcbank.com पर जाएं। यह सही पृष्ठ पर निर्देशित होगा।,3,0
"Hello, Shruthi. I'll be needing your card number and SSN to help you further. Please could you provide me with it."," हैलो, श्रुति। आगे आपकी सहायता करने के लिए मुझे आपके कार्ड नंबर और SSN की आवश्यकता होगी। कृपया आप मुझे यह प्रदान कर सकते हैं।",3,0
sunil akliesh card number 6587954216036014, सुनील अखिलेश कार्ड नंबर 6587954216036014,0,0
"Thank you, Harini.I'm sorry you had to face this issue, I'll personally check into this matter. Please give mne a minute.","धन्यवाद, हरिनी।मुझे खेद है कि आपको इस मुद्दे का सामना करना पड़ा, मैं व्यक्तिगत रूप से इस मामले की जाँच करूँगा। कृपया मुझे एक मिनट दें।",3,1
Could you please be specific about your query?, क्या आप कृपया अपनी क्वेरी के बारे में विशिष्ट हो सकते हैं?,3,0
SSN-5612, एसएसएन-5612,0,0
You're welcome! Is there anything else I may assist you with?, आपका स्वागत है! क्या कुछ और है जिसमें मैं आपकी सहायता कर सकता हूं?,2,2
You’re welcome. I had a great time assisting you. Please do feel free to reach out to us for further queries. Have a good day. Bye now., आपका स्वागत है। मुझे आपकी सहायता करने में बहुत अच्छा लगा। कृपया आगे के प्रश्नों के लिए हमसे बेझिझक संपर्क करें। आपका दिन शुभ हो। अलविदा।,3,2
Yes., हाँ।,2,0
"I'm sorry to inform you this but I require SSN to proceed further. However, you can visit www.bank.com for your SSN. "," मुझे आपको यह बताते हुए खेद हो रहा है, लेकिन मुझे आगे बढ़ने के लिए SSN की आवश्यकता है। हालांकि, आप अपने एसएसएन के लिए www.bank.com पर जा सकते हैं।",3,1
HI SAM GOOD MORNING., हाय सैम गुड मॉर्निंग।,3,0
Thank you!, आपको धन्यवाद!,3,2
I NEED A EDUCATION LOAN FOR HIGHER STUDIES, मुझे उच्च अध्ययन के लिए शिक्षा ऋण की आवश्यकता है,2,0
Thank you. Bear with me for a moment while our system finishes processing your information., शुक्रिया। एक पल के लिए मेरे साथ रहें जब तक हमारा सिस्टम आपकी जानकारी को संसाधित करना समाप्त कर दे।,3,0
Hello there! How may I help you?, नमस्ते! क्या मेरे द्वारा आपकी कोई सहायता हो सकती है?,3,0
"Thank you. Could you please provide me the date when card was last used.
", शुक्रिया। क्या आप कृपया मुझे वह तिथि प्रदान कर सकते हैं जब कार्ड का अंतिम बार उपयोग किया गया था।,3,0
Thanks for your given information.., आपकी दी गई जानकारी के लिए धन्यवाद..,3,2
"I hope that was useful, have a great day ahead! hope to see you again. "," मुझे आशा है कि यह उपयोगी था, आगे एक अच्छा दिन है! आप से पुनः मिलने की उम्मीद करता हूं।",3,2
19th june, 19 जून,0,0
Great! Always a  pleasure assisting a valuable customer like you. Have a great day ahead.,महान! आप जैसे मूल्यवान ग्राहक की सहायता करने में हमेशा खुशी होती है। आगे एक महान दिन हो।,3,2
HELLO I HAVE A PROBLEM IN MY CREDIT CARD, नमस्ते मुझे अपने क्रेडिट कार्ड में समस्या है,3,1
You’re welcome. Always a pleasure to assist valuable customers like you. Have a great day!, आपका स्वागत है। आप जैसे मूल्यवान ग्राहकों की सहायता करने में हमेशा खुशी होती है। आपका दिन अच्छा रहे!,3,2
Yes, हाँ,2,0
Would there be anything else I may help you with?, क्या कुछ और होगा जिसमें मैं आपकी मदद कर सकूं?,2,0
I lost my credit card, मैंने अपना क्रेडिट कार्ड खो दिया है,1,1
i want to block my card number, मैं अपना कार्ड नंबर ब्लॉक करना चाहता हूं,2,1
yes .complained, हाँ।शिकायत,2,0
OK THANK YOU, ठीक है धन्यवाद,3,2
OK, ठीक है,2,0
Your welcome! That's great! We want to provide a service that customers will remember. Have an awesome day ahead!, आपका स्वागत है! एक दम बढ़िया! हम एक ऐसी सेवा प्रदान करना चाहते हैं जो ग्राहकों को याद रहे। आगे का दिन शानदार हो!,2,2
"Could you please elaborate the query so that I can assist you in the best possible way?
", क्या आप कृपया प्रश्न को विस्तृत कर सकते हैं ताकि मैं आपकी सर्वोत्तम संभव तरीके से सहायता कर सकूं?,3,0
"Okay, so did you inform the police and filed a complaint that you've lost your credit card?"," ठीक है, तो क्या आपने पुलिस को सूचित किया और शिकायत दर्ज कराई कि आपका क्रेडिट कार्ड खो गया है?",2,1
yes, हां,2,0
"yes, you can end the chat now"," हाँ, अब आप चैट समाप्त कर सकते हैं",2,0
"The date on the charge is 6/10, time 1pm, and the amount is $45"," शुल्क की तिथि 6/10 है, समय दोपहर 1 बजे है, और राशि $45 . है",0,0
"Thank you for sharing all important information however I have issued a new card for you which will be sent at your address.
", सभी महत्वपूर्ण जानकारी साझा करने के लिए धन्यवाद हालांकि मैंने आपके लिए एक नया कार्ड जारी किया है जो आपके पते पर भेजा जाएगा।,3,0
Always a  pleasure assisting a valuable customer like you. Have a great day ahead., आप जैसे मूल्यवान ग्राहक की सहायता करने में हमेशा खुशी होती है। आगे एक महान दिन हो।,3,2
Have a great day, आपका दिन अच्छा रहे,2,2
Great work Charlie.  Thank you for your help,महान काम चार्ली। आपके सहयोग के लिए धन्यवाद,3,2
"Hello, how may I help you today?"," हैलो, मैं आज आपकी कैसे मदद कर सकता हूं?",3,0
"Hey,  yes we are connected!"," अरे, हाँ हम जुड़े हुए हैं!",3,0
01-10-2019,01-10-2019,0,0
I want change my address, मुझे अपना पता बदलना है,2,0
8906,8906,0,0
"Hello, how may I help you today?"," हैलो, मैं आज आपकी कैसे मदद कर सकता हूं?",3,0
OK, ठीक है,2,0
may i know my account balanc, क्या मैं अपने खाते की शेष राशि जान सकता हूँ?,3,0
i want know my account balance, मुझे अपना खाता शेष जानना है,1,0
"Thank you for using our live chat service, and we hope to hear from you again! Goodbye!
"," हमारी लाइव चैट सेवा का उपयोग करने के लिए धन्यवाद, और हम आपसे फिर से सुनने की आशा करते हैं! अलविदा!",3,2
I HAVE CHAGE THE ADDRESS WITH THE CREDIT CARD, मैंने क्रेडिट कार्ड से पता बदल लिया है,1,0
Would there be anything else I may help you with today?, क्या आज मैं आपकी कुछ और मदद कर सकता हूँ?,2,0
thank you so much.., आपका बहुत-बहुत धन्यवाद..,3,2
Good morning, सुबह बख़ैर,3,2
yes, हां,2,0
"Hi,  change my new address on your account"," नमस्ते, अपने खाते पर मेरा नया पता बदलें",3,0
I hope we are still connected., मुझे आशा है कि हम अभी भी जुड़े हुए हैं।,2,2
Hello!, नमस्ते!,3,0
Could you please note the correct number, क्या आप कृपया सही संख्या नोट कर सकते हैं,3,0
"Thanks. Furthermore I will also require the last four digits of your account number.
", धन्यवाद। इसके अलावा मुझे आपके खाता संख्या के अंतिम चार अंकों की भी आवश्यकता होगी।,3,0
OK, ठीक है,2,0
Thank you for reaching out to us. Have a wonderful day ahead., हमसे संपर्क की पहल के लिए आपका धन्यवाद। आगे एक शानदार दिन हो।,3,2
Hi, नमस्ते,2,0
"Good news! I've updated your address on the system, you’ll be receiving a confirmation e-mail shortly. All communications will be made to the new address. Would you need anything else?"," खुशखबरी! मैंने सिस्टम पर आपका पता अपडेट कर दिया है, आपको शीघ्र ही एक पुष्टिकरण ई-मेल प्राप्त होगा। सभी संचार नए पते पर किए जाएंगे। क्या आपको कुछ और चाहिए होगा?",3,2
Would there be anything else I may help you with today?, क्या आज मैं आपकी कुछ और मदद कर सकता हूँ?,2,0
no, नहीं,1,1
HI, नमस्ते,2,0
I want to chek my account balance, मैं अपने खाते की शेष राशि की जांच करना चाहता हूं,2,1
Perfect! May I know the date when was the card last used?, उत्तम! क्या मुझे पता चल सकता है कि कार्ड का अंतिम बार कब उपयोग किया गया था?,2,2
I would like to inform you that I've successfully blocked that card and issued a new one which will be delivered to you within 2-3 business days., मैं आपको सूचित करना चाहता हूं कि मैंने उस कार्ड को सफलतापूर्वक ब्लॉक कर दिया है और एक नया कार्ड जारी कर दिया है जो 2-3 व्यावसायिक दिनों के भीतर आपको वितरित कर दिया जाएगा।,3,2
Hey there! How may I help you?, सुनो! क्या मेरे द्वारा आपकी कोई सहायता हो सकती है?,3,0
It was used on 06/15/2018, इसका उपयोग 06/15/2018 को किया गया था,0,0
I NEED TO CHANGE MY ADDRESS, मुझे अपना पता बदलना है,1,1
"Sure! I'd be glad to assist you on this. Could you please let me know the name, last 4 digits of SSN and credit card number?
"," ज़रूर! मुझे इसमें आपकी सहायता करने में खुशी होगी। क्या आप कृपया मुझे नाम, एसएसएन के अंतिम 4 अंक और क्रेडिट कार्ड नंबर बता सकते हैं?",3,0
Could you also please help me out with the amount of charge?, क्या आप कृपया शुल्क की राशि के साथ मेरी मदद कर सकते हैं?,3,0
"Thanks Joel, To pull up the information I will require your last 4 digits of the SSN.
"," धन्यवाद जोएल, जानकारी प्राप्त करने के लिए मुझे आपके एसएसएन के अंतिम 4 अंकों की आवश्यकता होगी।",3,0
"Sure, have you filed a report with the police regarding this issue?"," ज़रूर, क्या आपने इस मामले में पुलिस में रिपोर्ट दर्ज कराई है?",2,0
NO-56 KOTTY ROAD KL-63, नंबर-56 कोट्टी रोड केएल-63,1,0
Cool! May I also know the last four digits of your SSN?, ठंडा! क्या मैं आपके SSN के अंतिम चार अंक भी जान सकता हूँ?,3,0
thank you, धन्यवाद,2,2
Hey there! How may I help you?, सुनो! क्या मेरे द्वारा आपकी कोई सहायता हो सकती है?,3,0
Sure! Apart form this would there be anything else that could assist you with?,ज़रूर! इसके अलावा क्या कुछ और होगा जो आपकी सहायता कर सकता है?,3,0
"Hey there, I hope your having a good day! "," अरे वहाँ, मुझे आशा है कि आपका दिन अच्छा हो!",3,2
WELL, कुंआ,1,2
I HAVE ERROR ON MY CREDIT CARD BILL, मेरे क्रेडिट कार्ड बिल में त्रुटि है,0,1
Do you want me to order 10 checks for you?, क्या आप चाहते हैं कि मैं आपके लिए 10 चेक मंगवाऊं?,1,0
Awesome! Could you please provide me with the last 4 digits of the account number to which you want the money to be transferred?, बहुत बढ़िया! क्या आप कृपया मुझे उस खाता संख्या के अंतिम 4 अंक प्रदान कर सकते हैं जिसमें आप धन हस्तांतरित करना चाहते हैं?,3,2
"My new address is No.$, VBN street, Tirupur."," मेरा नया पता नंबर $, वीबीएन स्ट्रीट, तिरुपुर है।",1,0
Awesome. Is there anything I could assist you with Bob?, बहुत बढ़िया। क्या मैं बॉब के साथ आपकी कुछ सहायता कर सकता हूँ?,3,2
goodbye,अलविदा,2,0
Appa rao, अप्पा राव,0,0
that's everything thanks again, वह सब कुछ फिर से धन्यवाद,3,0
My full name is mark Roberts. the last four digits of my account number are 3622. My SSN is 438-65-9220., मेरा पूरा नाम मार्क रॉबर्ट्स है। मेरे खाता संख्या के अंतिम चार अंक 3622 हैं। मेरा एसएसएन 438-65-9220 है।,2,0
"Audrey Brock
", ऑड्रे ब्रॉक,0,0
Perfect! May I also know the sum of money to be transferred and the last 4 digits of account to which you want me to transfer?, उत्तम! क्या मैं यह भी जान सकता हूँ कि कितनी धनराशि हस्तांतरित की जानी है और खाते के अंतिम 4 अंक जिसमें आप मुझे स्थानांतरित करना चाहते हैं?,3,0
KUMAR, कुमार,0,0
"Sure! I'd be glad to assist you on this. Could you please let me know the name, last 4 digits of SSN and credit card number?","ज़रूर! मुझे इसमें आपकी सहायता करने में खुशी होगी। क्या आप कृपया मुझे नाम, एसएसएन के अंतिम 4 अंक और क्रेडिट कार्ड नंबर बता सकते हैं?",3,0
no, नहीं,1,1
That's great! How many checks would you need?, एक दम बढ़िया! आपको कितने चेक की आवश्यकता होगी?,3,2
It has charged on 06/18/2018, इसने 06/18/2018 को चार्ज किया है,0,0
Thank you. Could you please provide me the date when the card was last used., शुक्रिया। क्या आप कृपया मुझे वह तिथि प्रदान कर सकते हैं जब कार्ड का अंतिम बार उपयोग किया गया था।,3,0
Great! Let me do that for you right away. Just allow me a moment while I close the account for you.," महान! मुझे यह आपके लिए तुरंत करने दो। जब तक मैं आपके लिए खाता बंद कर दूं, बस मुझे एक क्षण दें।",3,2
hello, नमस्ते,2,0
Yes, हाँ,2,0
Hey there! How may I help you?, सुनो! क्या मेरे द्वारा आपकी कोई सहायता हो सकती है?,3,0
"Awesome. May I know the new address so that I can update the same for you.
", बहुत बढ़िया। क्या मैं नया पता जान सकता हूं ताकि मैं आपके लिए इसे अपडेट कर सकूं।,3,2
OK, ठीक है,2,0
"Thank you for your valuable information. As I've checked, I see that the account balance of the account ending with 8125 is $66000.","आपकी बहुमूल्य जानकारी के लिए धन्यवाद। जैसा कि मैंने जाँच की है, मैंने देखा है कि 8125 से समाप्त होने वाले खाते का खाता शेष $66000 है।",3,2
thank you sir, धन्यवाद महोदय,3,2
i, मैं,1,0
"Amazing! Could you help me with the new address so that I can update it right away for you?
",अद्भुत! क्या आप नए पते में मेरी मदद कर सकते हैं ताकि मैं इसे आपके लिए तुरंत अपडेट कर सकूं?,3,2
"Thank you for using our live chat service. I'm now closing this chat. If you have any other concerns in the future, please don’t hesitate to let us know. Have a great day!
"," हमारी लाइव चैट सेवा का उपयोग करने के लिए धन्यवाद। मैं अब इस चैट को बंद कर रहा हूं। यदि भविष्य में आपकी कोई अन्य चिंता है, तो कृपया हमें बताने में संकोच न करें। आपका दिन अच्छा रहे!",3,2
thank you, धन्यवाद,2,2
no thanks," जी नहीं, धन्यवाद",3,1
"And the amount?
", और राशि?,0,0
"Your welcome, would there be anything else I may help you with today? ","आपका स्वागत है, क्या आज मैं आपकी कुछ और मदद कर सकता हूँ?",3,0
Perfect! May I also know the last four digits of your SSN?, उत्तम! क्या मैं आपके SSN के अंतिम चार अंक भी जान सकता हूँ?,3,0
"Hello there, how may I help you today?"," नमस्ते, मैं आज आपकी कैसे मदद कर सकता हूं?",3,0
no, नहीं,1,1
First name :James last name: charlie, पहला नाम:जेम्स अंतिम नाम: चार्ली,0,0
6908 and 4535, 6908 और 4535,0,0
"Thank you. Could you please provide me the date when card was last used.
", शुक्रिया। क्या आप कृपया मुझे वह तिथि प्रदान कर सकते हैं जब कार्ड का अंतिम बार उपयोग किया गया था।,3,0
thank you so much sir, बहुत बहुत धन्यवाद सर,3,2
Thank you very much, आपका बहुत बहुत धन्यवाद,3,2
4832 to 3243, 4832 से 3243,0,0
"A very good morning, How may i assist you today?"," एक बहुत ही सुप्रभात, आज मैं आपकी कैसे सहायता कर सकता हूँ?",3,2
"54,MARY ST,BOSTON MA"," 54, मैरी एसटी, बोस्टन एमए",0,0
6/14/18 and it was for 125.59, 6/14/18 और यह 125.59 . के लिए था,0,0
i need your help, मुझे आपकी मदद चाहिए,1,0
"AJITH , SSN-4879"," अजित, एसएसएन-4879",0,0
"Perfect. Could you please provide me your complete credit card number.
", उत्तम। क्या आप कृपया मुझे अपना पूरा क्रेडिट कार्ड नंबर प्रदान कर सकते हैं।,3,2
5.49875E+14,5.49875E+14,0,0
OK THANK YOU SO MUCH BYEE, ओके थैंक यू सो मच बाय,3,2
4561 2536 7894 2145, 4561 2536 7894 2145,0,0
I want to check my balance., मैं अपना बैलेंस चेक करना चाहता हूं।,2,0
"Awesome, please allow me a moment."," बहुत बढ़िया, कृपया मुझे एक पल दें।",3,2
Please could you provide me with the amount charged and also the date on which it was charged?, कृपया क्या आप मुझे चार्ज की गई राशि और वह तारीख भी प्रदान कर सकते हैं जिस दिन इसे चार्ज किया गया था?,2,0
No problem about that. Please help me with the correct one., इसके बारे में कोई समस्या नहीं है। कृपया मुझे सही के साथ मदद करें।,3,1
"I’m sorry this has happened. I understand you're upset, and I will do my best to help you. Please provide your name."," मुझे खेद है कि ऐसा हुआ है। मैं समझता हूँ कि आप परेशान हैं, और मैं आपकी मदद करने की पूरी कोशिश करूँगा। कृपया अपना नाम प्रदान करें।",3,1
A/C NO : 4412, खाता संख्या: 4412,1,0
my name balamurugan, मेरा नाम बालमुरुगन,1,0
Joseph. SSN 9278, जोसफ। एसएसएन 9278,0,0
bye riley, अलविदा रिले,2,0
"Sure. Could you please help me with your full name, the last four digits of your SSN and your complete credit card number?
"," ज़रूर। क्या आप कृपया अपना पूरा नाम, अपने एसएसएन के अंतिम चार अंक और अपना पूरा क्रेडिट कार्ड नंबर देने में मेरी मदद कर सकते हैं?",3,0
Nothing Jamie.  Good bye., कुछ भी नहीं जेमी। अलविदा।,3,0
May I also know the last four digits of your SSN?, क्या मैं आपके SSN के अंतिम चार अंक भी जान सकता हूँ?,2,0
please, कृपया,2,0
Nothing else, और कुछ नहीं,2,0
Nothing else thank you lot, और कुछ नहीं बहुत बहुत धन्यवाद,3,0
HM, एचएम,0,0
Perfect! Kindly give me a minute., उत्तम! कृपया मुझे एक मिनट दें।,3,2
I'd also require the complete 16 digit credit card number.,मुझे पूरे 16 अंकों के क्रेडिट कार्ड नंबर की भी आवश्यकता होगी।,1,0
No other concern., कोई अन्य चिंता नहीं।,1,0
Thank you for reaching out to us! Good day!, हमसे संपर्क की पहल के लिए आपका धन्यवाद! अच्छा दिन!,3,2
I'm glad I could help.  Thank you for reaching out to us. Good day!,मैं खुश हूं कि मैं मदद कर सका। हमसे संपर्क की पहल के लिए आपका धन्यवाद। अच्छा दिन!,3,2
8547,8547,0,0
"No 17, main Road, Near Market, TX"," नंबर 17, मेन रोड, मार्केट के पास, TX",1,0
Okay great! Could you also help me out with the last 4 digits of the account from which you want the money to be transferred and the account number to which the money has to be transferred?, ठीक है बढ़िया! क्या आप उस खाते के अंतिम 4 अंकों के बारे में भी मेरी मदद कर सकते हैं जिससे आप पैसे ट्रांसफर करना चाहते हैं और जिस अकाउंट नंबर में पैसा ट्रांसफर करना है?,3,0
I need to change the address on my account, मुझे अपने खाते का पता बदलना है,2,0
3330,3330,0,0
50000,50000,0,0
Thank you. Give me just a moment while I update that for you!," शुक्रिया। जब तक मैं इसे आपके लिए अपडेट करता हूं, मुझे बस एक क्षण दें!",3,0
7.89045E+15,7.89045E+15,0,0
sure Spencer my ssn is 7642 and my ac number 9341, सुनिश्चित करें कि स्पेंसर मेरा एसएसएन 7642 है और मेरा एसी नंबर 9341 है,2,0
"Yes, you can reach us at anytime. "," हां, आप हम तक कभी भी पहुंच सकते हैं।",2,0
"Sir, I need the basic the details to pull up the information without which I won't be able to help you."," महोदय, मुझे जानकारी प्राप्त करने के लिए बुनियादी विवरण की आवश्यकता है जिसके बिना मैं आपकी सहायता नहीं कर पाऊंगा।",1,0
"Great! Always a  pleasure assisting a valuable customer like you. Have a great day ahead.
", महान! आप जैसे मूल्यवान ग्राहक की सहायता करने में हमेशा खुशी होती है। आगे एक महान दिन हो।,3,2
"oops apologies, card no was 4392-3384-3823-9944"," ओह क्षमा करें, कार्ड नंबर 4392-3384-3823-9944 . था",3,0
"That's sounds great. May I know the sum of amount to be transferred?
", यह सुनने में अच्छा लग रहा है। क्या मुझे स्थानांतरित की जाने वाली राशि का पता चल सकता है?,2,2
"Pleasure assisting you. Please do contact us, if you face any issues. We will be glad to assist you.
Thank you for your time and patience. You have a great day.
","आपकी सहायता करने में खुशी। कृपया हमसे संपर्क करें, यदि आप किसी भी समस्या का सामना करते हैं। हमें आपकी सहायता करने में खुशी होगी। आपके समय और धैर्य के लिए आपका धन्यवाद। आपका दिन बहुत बढ़िया हो।",3,2
NO THANKS HAVE A NICE DAY, नहीं धन्यवाद आपका दिन अच्छा हो,3,2
hi. i need check account balannce, नमस्ते। मुझे चेक अकाउंट बैलेंस चाहिए,3,0
"Sorry! This is kim, silver"," माफ़ करना! यह किम, सिल्वर है",3,0
"I appreciate for holding on, your request has been successful. "," मैं रुकने के लिए सराहना करता हूं, आपका अनुरोध सफल रहा है।",3,2
Gobi Selva & SSN 2452, गोबी सेल्वा और एसएसएन 2452,0,0
"Thank you for waiting patiently, the amount will be transferred shortly and you'll be getting an email as well."," धैर्यपूर्वक प्रतीक्षा करने के लिए धन्यवाद, राशि शीघ्र ही स्थानांतरित कर दी जाएगी और आपको एक ईमेल भी प्राप्त होगा।",3,2
Could you please let me know the last 4 digits of SSN and the last 4 digits of credit card account number?, क्या आप कृपया मुझे एसएसएन के अंतिम 4 अंक और क्रेडिट कार्ड खाता संख्या के अंतिम 4 अंक बता सकते हैं?,3,0
Could you also let me know the date the card was last used?, क्या आप मुझे यह भी बता सकते हैं कि कार्ड का आखिरी बार इस्तेमाल किस तारीख को किया गया था?,3,0
hi i have wrong charges in my credit card, नमस्ते मेरे क्रेडिट कार्ड में गलत शुल्क है,3,0
5.89632E+15,5.89632E+15,0,0
That is all., बस इतना ही।,0,0
"Thank you, please could you share your credit number and SSN?","धन्यवाद, क्या आप अपना क्रेडिट नंबर और एसएसएन साझा कर सकते हैं?",3,0
"Richard Joseph, My credit card number 625837516987256 and  SSN number 36589675.

"," रिचर्ड जोसेफ, माई क्रेडिट कार्ड नंबर 625837516987256 और एसएसएन नंबर 36589675।",2,0
"I'm sorry to inform, however the transfer has failed as the account is similar to the account to be transfered."," मुझे सूचित करते हुए खेद है, हालांकि स्थानांतरण विफल हो गया है क्योंकि खाता स्थानांतरित किए जाने वाले खाते के समान है।",3,1
Awesome.I have processed the request and the charge has been removed. I do apologize for the inconvenience caused., बहुत बढ़िया।मैंने अनुरोध संसाधित कर दिया है और शुल्क हटा दिया गया है। हुई असुविधा के लिए मुझे खेद है।,3,2
Great., महान।,3,2
"Thank you, the account balance is $10."," धन्यवाद, खाते की शेष राशि $10 है।",3,0
"Hello, how may I help you with today? "," हैलो, मैं आज आपकी कैसे मदद कर सकता हूं?",3,0
Thanks. To get your bank details I would need your last 4 digits of SSN., धन्यवाद। आपका बैंक विवरण प्राप्त करने के लिए मुझे आपके एसएसएन के अंतिम 4 अंकों की आवश्यकता होगी।,3,0
no thats it, बस इतना ही,1,0
"okay, great!  please give me a moment while I process with your request. ",ठीक है बढ़िया! कृपया मुझे एक क्षण दें जब मैं आपके अनुरोध के साथ प्रक्रिया करता हूं।,3,2
Would there be anything else I may help you with?, क्या कुछ और होगा जिसमें मैं आपकी मदद कर सकूं?,2,0
250,250,0,0
Hi jamie, हाय जैमी,3,0
"Thank you so much for staying connected, I've initiated and blocked the card. Is there anything else I could assist you with?"," जुड़े रहने के लिए बहुत-बहुत धन्यवाद, मैंने कार्ड शुरू कर दिया है और उसे ब्लॉक कर दिया है। क्या कुछ और है जिसमें मैं आपकी सहायता कर सकता हूं?",3,0
Hey! A very good morning to you. How may I help you today?, अरे! आपके लिए एक बहुत ही शुभ प्रभात। आज मैं आपकी कैसे मदद कर सकता हूँ?,3,2
Thank you very much, आपका बहुत बहुत धन्यवाद,3,2
"Hello, how may I help you today?"," हैलो, मैं आज आपकी कैसे मदद कर सकता हूं?",3,0
Perfect! would you please share the last four digits of your SSN?, उत्तम! क्या आप कृपया अपने SSN के अंतिम चार अंक साझा करेंगे?,3,0
Could you please tell me when was the last time the card was used, क्या आप कृपया मुझे बता सकते हैं कि कार्ड का आखिरी बार कब उपयोग किया गया था,3,0
"
Sure.  I'll help you with that. Could you please help me with your name and the four digits of SSN?
", ज़रूर। मैं इसमें आपकी मदद करूंगा। क्या आप कृपया मुझे अपने नाम और एसएसएन के चार अंकों के साथ मदद कर सकते हैं?,3,0
no, नहीं,1,1
