ENG_utterances,HIN_utterances,politeness,sentiment
Perfect! Thanks a ton Muthu! Just give me a moment I'll go ahead and check your seat and let you know., उत्तम! धन्यवाद एक टन मुथु! बस मुझे एक क्षण दें मैं आगे जाकर आपकी सीट की जाँच करूँगा और आपको बता दूँगा।,3,2
NOTHING ELSE SIR...THANK YOU, और कुछ नहीं सर...धन्यवाद,3,2
Okay, ठीक,2,2
suhas kooi and fgjfjfgjf@gmail.com, सुहास कूई और fgjfjfgjf@gmail.com,2,0
BOSS, रोब जमाना,0,0
can i get my boarding pass to my mail?, क्या मुझे अपना बोर्डिंग पास मेरे मेल पर मिल सकता है?,0,0
"Thank you for visiting us, wish to serve you again. Have a nice time!"," हमारे पास आने के लिए धन्यवाद, मैं फिर से आपकी सेवा करना चाहता हूं। आशा है आपका समय अच्छा बीते!",3,2
Its okay., ठीक है।,2,2
"Hey there, Good morning! You'v reached Jet fly customer service! You're connected to Sam! I'd be glad to assist you today!"," अरे वहाँ, सुप्रभात! आप जेट फ्लाई ग्राहक सेवा तक पहुँच चुके हैं! आप सैम से जुड़े हुए हैं! मुझे आज आपकी सहायता करने में खुशी होगी!",3,2
"Thank you for staying connected, the boarding pass will be sent to the email address or phone number shortly. "," जुड़े रहने के लिए धन्यवाद, बोर्डिंग पास शीघ्र ही ईमेल पते या फोन नंबर पर भेज दिया जाएगा।",3,0
Good morning! You've reached Flamingo customers service. How may I help you today?, सुबह बख़ैर! आप फ्लेमिंगो ग्राहक सेवा तक पहुँच चुके हैं। आज मैं आपकी कैसे मदद कर सकता हूँ?,3,1
"Hello there good evening! Sky high customer services, How may I help you today?"," नमस्ते वहाँ शुभ संध्या! स्काई हाई कस्टमर सर्विसेज, मैं आज आपकी कैसे मदद कर सकता हूं?",3,0
?*, ?*,0,0
thomasddd345@gmail.com, thomasddd345@gmail.com,0,0
lathakk89@gmail.com, lathakk89@gmail.com,2,0
Good bye!, अलविदा!,3,0
YES, हां,2,2
Are we connected?, क्या हम जुड़े हुए हैं?,0,0
"Perfect! Thank you for that. Could you please allow me a moment, while I get this done for you?","उत्तम! उसके लिये आपका धन्यवाद। क्या आप कृपया मुझे एक क्षण की अनुमति दे सकते हैं, जबकि मैं यह आपके लिए करवाता हूं?",3,2
That's all thank you, बस आपका धन्यवाद,3,0
"I really appreciate for staying connected. As per the booking confirmation number, your seat number is K7 Aisle. "," मैं वास्तव में जुड़े रहने के लिए सराहना करता हूं। बुकिंग कन्फर्मेशन नंबर के अनुसार, आपका सीट नंबर K7 Aisle है।",3,2
Okay, ठीक,2,2
i need to check my seat, मुझे अपनी सीट चेक करनी है,2,0
"Wonderful! Well Mr.Kumar , your booking as been confirmed and your seat number is K12 which is a window seat, Is that okay for you?"," अद्भुत! अच्छा श्री कुमार, आपकी बुकिंग की पुष्टि हो गई है और आपकी सीट संख्या K12 है जो एक विंडो सीट है, क्या यह आपके लिए ठीक है?",3,2
HI GOOD MORNING, हाय सुप्रभात,3,0
Okay, ठीक,2,2
Ok, ठीक,2,0
no thanks," जी नहीं, धन्यवाद",3,1
"Perfect! I'd like to inform you that you've been allotted 9C which is a window seat, are you okay with it? "," उत्तम! मैं आपको सूचित करना चाहता हूं कि आपको 9C आवंटित किया गया है जो एक विंडो सीट है, क्या आप इसके साथ ठीक हैं?",3,2
no bye drew, नो बाय ड्रॉ,2,0
Hey Joe! I'm so happy talking to you! :) Could you please help me with your booking confirmation number and email address?, हे जो! मैं आपसे बात करके बहुत खुश हूँ! :) क्या आप कृपया अपनी बुकिंग पुष्टिकरण संख्या और ईमेल पते में मेरी सहायता कर सकते हैं?,3,2
ok, ठीक है,2,0
I'd like to inform you that your boarding pass has been sent to ginny.ail@yahoo.com, मैं आपको सूचित करना चाहता हूं कि आपका बोर्डिंग पास ginny.ail@yahoo.com पर भेज दिया गया है,3,0
no thanks," जी नहीं, धन्यवाद",3,1
two, दो,0,0
ok i need ist class window seat, ठीक है मुझे आईएसटी क्लास विंडो सीट चाहिए,2,0
"Of course, I'll help you change your seat. Allow me for a minute or two, while check for the availability."," बेशक, मैं आपकी सीट बदलने में आपकी मदद करूंगा। उपलब्धता की जांच करते समय मुझे एक या दो मिनट के लिए अनुमति दें।",2,0
"would you prefer window seat, aisle seat or middle seat? ","क्या आप विंडो सीट, गलियारा सीट या बीच की सीट पसंद करेंगे?",3,0
"Awesome! Thanks for reaching out to us, hope you have a wonderful trip ahead. "," बहुत बढ़िया! हमसे संपर्क करने के लिए धन्यवाद, आशा है कि आपकी आगे की यात्रा शानदार रही होगी।",3,2
"Wonderful! Well Mr. Billings, your booking as been confirmed and your seat number is K12 which is a window seat."," अद्भुत! खैर श्रीमान बिलिंग्स, आपकी बुकिंग की पुष्टि हो गई है और आपकी सीट संख्या K12 है जो एक विंडो सीट है।",3,2
Awesome Killer! Could you also help me with your booking confirmation number?, बहुत बढ़िया हत्यारा! क्या आप अपनी बुकिंग पुष्टिकरण संख्या के बारे में भी मेरी मदद कर सकते हैं?,3,2
ok book it, ठीक है बुक करो,2,0
SS45F5, SS45F5,0,0
ya sure..., हाँ यकीनन...,2,0
Hey there! Good morning! I hope your having an amazing day! Welcome to Jet blue customer service! How may I help you today?, सुनो! सुबह बख़ैर! मुझे आशा है कि आपका दिन अद्भुत हो! जेट ब्लू ग्राहक सेवा में आपका स्वागत है! आज मैं आपकी कैसे मदद कर सकता हूँ?,3,2
"Sure! Will do that, please allow me a moment."," ज़रूर! वह करेंगे, कृपया मुझे एक क्षण की अनुमति दें।",3,0
"Yes, that would be great. "," हां, ये शानदार होगा।",2,2
"And, could you please help me with your preferred date of journey?"," और, क्या आप कृपया अपनी पसंदीदा यात्रा की तारीख में मेरी मदद कर सकते हैं?",3,0
OK THANK YOU, ठीक है धन्यवाद,3,2
"Alright, Would you please be clear?"," ठीक है, क्या आप कृपया स्पष्ट करेंगे?",3,0
A4G4F3, A4G4F3,0,0
"""Book"" a plane ticket"," ""बुक"" एक हवाई जहाज का टिकट",2,0
Hi Good Morning Jesse., हाय गुड मॉर्निंग जेसी।,3,0
I hope we are still connected?, मुझे आशा है कि हम अभी भी जुड़े हुए हैं?,2,0
Nice to meet you. Could you please help em with the booking confirmation number?, आप से मिलकर अच्छा लगा। क्या आप कृपया बुकिंग पुष्टिकरण संख्या के साथ उनकी मदद कर सकते हैं?,3,2
Hello! Welcome to Air USA! How may I help you today?, नमस्ते! एयर यूएसए में आपका स्वागत है! आज मैं आपकी कैसे मदद कर सकता हूँ?,3,0
Hi Taylor I want my boarding pass to be sent to my email address,हाय टेलर मैं चाहता हूं कि मेरा बोर्डिंग पास मेरे ईमेल पते पर भेजा जाए,3,0
Nope, नहीं,1,0
"Awesome! Here's what I've done as per your request, I changed your seat to middle and your new seat number will be J1. Hope that will be comfortable for you."," बहुत बढ़िया! यहाँ मैंने आपके अनुरोध के अनुसार क्या किया है, मैंने आपकी सीट को बीच में बदल दिया है और आपकी नई सीट संख्या J1 होगी। आशा है कि यह आपके लिए सुविधाजनक होगा।",3,2
hello?, नमस्ते?,3,0
HELLO, नमस्ते,2,0
Good bye!, अलविदा!,3,0
Alright! As I've checked here on 28/7/2018 we have American airlines and British Airways operating which one you would prefer?," ठीक है! जैसा कि मैंने 28/7/2018 को यहां जांच की है, हमारे पास अमेरिकी एयरलाइंस और ब्रिटिश एयरवेज का संचालन है, जिसे आप पसंद करेंगे?",3,0
oh no my email id is krutima2@ols.com, अरे नहीं मेरी ईमेल आईडी krutima2@ols.com है,2,0
no thanks," जी नहीं, धन्यवाद",3,1
j58g26, j58g26,0,0
Fantastic! Thank you for reaching out to us. Have a great journey. Bye., ज़बरदस्त! हमसे संपर्क की पहल के लिए आपका धन्यवाद। शानदार यात्रा करें। अलविदा।,3,2
Do you want to know the seat number?, क्या आप सीट नंबर जानना चाहते हैं?,2,0
Hello! You've been connected to StarAirwyas. How may I assist you?, नमस्ते! आप StarAirwyas से जुड़ चुके हैं। मैं आपकी कैसे सहायता कर सकता हूँ?,3,0
Oh.. superb sir., ओह.. शानदार सर।,2,2
"Welcome to High flying customer service! You're connected to our customer associate! Good morning! My name is Sam, How may I help you?"," उच्च उड़ान ग्राहक सेवा में आपका स्वागत है! आप हमारे ग्राहक सहयोगी से जुड़े हुए हैं! सुबह बख़ैर! मेरा नाम सैम है, मैं आपकी कैसे मदद कर सकता हूँ?",3,2
"no, thats all. thank you so much.", नहीं यही काफ़ी है। आपका बहुत-बहुत धन्यवाद।,3,0
"Good news! I've emailed your boarding pass, you can download and document. Is there anything else I may help you with?"," खुशखबरी! मैंने आपका बोर्डिंग पास ईमेल कर दिया है, आप डाउनलोड कर सकते हैं और दस्तावेज़ बना सकते हैं। क्या कुछ और है जिसमें मैं आपकी मदद कर सकता हूं?",3,2
"That's okay, May I know which mode you would prefer the most?","कोई बात नहीं, क्या मैं जान सकता हूँ कि आप किस विधा को सबसे अधिक पसंद करेंगे?",3,0
Surely, निश्चित रूप से,2,0
"Los Angeles, Hawaii "," लॉस एंजिल्स, हवाई",0,0
,,0,0
"Nothing else, Thank you for your information. Have a nice day to chat with you. "," और कुछ नहीं, आपकी जानकारी के लिए धन्यवाद। आपके साथ चैट करने के लिए एक अच्छा दिन है।",3,0
"Sure! I'll help you in getting that done. May I know the departure and arrival cities?
", ज़रूर! इसे पूरा करने में मैं आपकी मदद करूंगा। क्या मैं प्रस्थान और आगमन शहरों को जान सकता हूँ?,3,0
I WANTS TO BOOK A TICKET FLIGHT, मैं एक टिकट उड़ान बुक करना चाहता हूँ,1,0
hello jesse, नमस्ते जेसी,3,0
ok, ठीक है,2,0
"Alright! We have economy, business class available, which one would you prefer?"," ठीक है! हमारे पास इकोनॉमी, बिजनेस क्लास उपलब्ध है, आप किसे पसंद करेंगे?",3,0
I am not comfortable with window seat., मैं विंडो सीट को लेकर सहज नहीं हूं।,2,1
NOTHING ELSE, और कुछ नहीं,2,0
hai, हाय,2,0
nothing else, और कुछ नहीं,1,0
sure. my last name is jerome, ज़रूर। मेरा अंतिम नाम जेरोम है,2,0
yes sir..i want to need your help sir, हाँ सर..मुझे आपकी मदद चाहिए सर,2,0
maruthupandi007@gmail.com, maruthupandi007@gmail.com,0,0
"I really appreciate for your patience, there's L3 (Window) seat assigned to you. "," मैं वास्तव में आपके धैर्य की सराहना करता हूं, आपको एल3 (विंडो) सीट सौंपी गई है।",3,2
"Sure! No problem, We allow our customers to change the seats according to their comfort. I've changed yours seat, and your seat number is D5. "," ज़रूर! कोई बात नहीं, हम अपने ग्राहकों को उनकी सुविधा के अनुसार सीट बदलने की अनुमति देते हैं। मैंने आपकी सीट बदल दी है, और आपकी सीट का नंबर D5 है।",3,0
o, हे,0,0
middle*, मध्यम*,0,0
"Thank You! May I also know the 6 chartered booking confirmation number?
", धन्यवाद! क्या मैं 6 चार्टर्ड बुकिंग पुष्टिकरण संख्या भी जान सकता हूँ?,3,0
Great! Would there be anything else that I may help you with?',महान! क्या और कुछ होगा जिसमें मैं आपकी सहायता कर सकूं?',3,2
check my seat assignment, मेरी सीट असाइनमेंट की जाँच करें,2,0
"Good morning! You've reached Alliance Airways Customer service, how may I help you?  "," सुबह बख़ैर! आप एलायंस एयरवेज ग्राहक सेवा तक पहुँच चुके हैं, मैं आपकी कैसे मदद कर सकता हूँ?",3,0
Hello! I hope we're still connected., नमस्ते! मुझे आशा है कि हम अभी भी जुड़े हुए हैं।,3,0
Oh! Okay! Absolutely I'll assist you and check your seat assignment right away! May I know your full name please?, ओह! ठीक! बिल्कुल मैं आपकी सहायता करूँगा और तुरंत आपके सीट असाइनमेंट की जाँच करूँगा! क्या मैं आपका पूरा नाम जान सकता हूँ?,3,0
"Sure! I'll help you in getting that done. May I know the departure and arrival cities?
", ज़रूर! इसे पूरा करने में मैं आपकी मदद करूंगा। क्या मैं प्रस्थान और आगमन शहरों को जान सकता हूँ?,3,0
NO THANK YOU, नहीं धन्यवाद,3,1
hai, हाय,2,0
my confirmation no asa563, मेरी पुष्टि संख्या asa563,1,0
I want to book a ticket, मुझे टिकट बुक करना है,1,0
"Fantastic! Here's your seat number K17 which is a middle seat, Is that okay for you?"," ज़बरदस्त! ये रहा आपकी सीट नंबर K17 जो बीच की सीट है, क्या यह आपके लिए ठीक है?",3,2
juli confirmation number ju87ih, जूली पुष्टिकरण संख्या ju87ih,0,0
"You're welcome, will there be anything else I may assist you with?"," आपका स्वागत है, क्या कुछ और होगा जिसमें मैं आपकी सहायता कर सकूं?",2,2
Lets go with Delta, चलो डेल्टा के साथ चलते हैं,0,0
Okay! May I know the preferred date of your travel?, ठीक! क्या मैं आपकी यात्रा की पसंदीदा तारीख जान सकता हूँ?,2,0
"I wanna get my boarding pass, can you please help me"," मुझे अपना बोर्डिंग पास बनवाना है, क्या आप मेरी मदद कर सकते हैं",3,0
i went to know my sent no, मुझे मेरे भेजे गए नंबर का पता चला,2,1
"Perfect! I see that there is an early morning flight operated by Emirates EA112 at a cost of $230. It departs at 7:AM and arrives at 11:30AM.
", उत्तम! मैं देखता हूं कि एमिरेट्स ईए112 द्वारा $230 की लागत से संचालित एक सुबह की उड़ान है। यह सुबह 7 बजे छूटती है और 11:30 बजे आती है।,2,2
Hello, नमस्ते,3,0
no need thank for your help,आपकी मदद के लिए धन्यवाद की आवश्यकता नहीं है,3,0
Thank you for choosing Divehigh Airways. We look forward to host you., डाइवहाई एयरवेज चुनने के लिए धन्यवाद। हम आपकी मेजबानी के लिए तत्पर हैं।,3,2
"Perfect! I'll also need your email address, would you please help me with it?"," उत्तम! मुझे आपके ईमेल पते की भी आवश्यकता होगी, क्या आप इसमें मेरी सहायता करेंगे?",3,2
Hi buddy ..Good morning.I want travel to Delhi to chennai on september 9th ..Can you send the fare details for under 300$?.Can you help me?, नमस्ते दोस्त..सुप्रभात।मैं 9 सितंबर को दिल्ली से चेन्नई की यात्रा करना चाहता हूं ..क्या आप 300 डॉलर से कम के किराए का विवरण भेज सकते हैं? क्या आप मेरी मदद कर सकते हैं?,3,0
"john,john158@gmail.com"," जॉन,john158@gmail.com",1,0
Sure! We are here to assist you in the best possible way! Could you please help me with your departure city and the destination city?, ज़रूर! हम यहां आपकी सर्वोत्तम संभव तरीके से सहायता करने के लिए हैं! क्या आप कृपया मुझे अपने प्रस्थान शहर और गंतव्य शहर में मदद कर सकते हैं?,3,2
"Sure! May I know your last name?
", ज़रूर! क्या मैं आपका अंतिम नाम जान सकता हूँ?,2,0
Perfect! May I please know your email address?, उत्तम! क्या मैं आपका ईमेल पता जान सकता हूँ?,3,2
"Hello there, how may I assist you today?
"," नमस्ते, मैं आज आपकी कैसे सहायता कर सकता हूँ?",3,0
It was a pleasure to assist you today. Thank you for reaching out to us. Have a great flight!, आज आपकी सहायता करके खुशी हुई। हमसे संपर्क की पहल के लिए आपका धन्यवाद। एक अच्छी उड़ान लो!,3,2
Sure thing! I'll be happy to help you with that. Could you please help me with your last name and your booking confirmation number?, अवश्य! मुझे इसमें आपकी मदद करने में खुशी होगी। क्या आप कृपया अपने अंतिम नाम और अपनी बुकिंग पुष्टिकरण संख्या के साथ मेरी मदद कर सकते हैं?,3,0
"Sure, its Jim Adams.  My email is Jim.Adams7654@gmail.com"," ज़रूर, इसके जिम एडम्स। मेरा ईमेल है जिम.एडम्स7654@gmail.com",2,0
Thank you for staying on hold. I see there is a window seat available in the third row and the seat number is C3. Are you fine with that?,रुके रहने के लिए धन्यवाद। मैंने देखा कि तीसरी पंक्ति में एक विंडो सीट उपलब्ध है और सीट संख्या C3 है। क्या आप इससे ठीक हैं?,3,0
Wonderful! Please feel free to reach out to us for further queries. Have an amazing journey. Bye., अद्भुत! कृपया आगे के प्रश्नों के लिए हमसे बेझिझक संपर्क करें। एक अद्भुत यात्रा करें। अलविदा।,3,2
Absolutely! Could you please help me with your Name and booking confirmation number?, बिल्कुल! क्या आप कृपया अपने नाम और बुकिंग पुष्टिकरण संख्या के साथ मेरी मदद कर सकते हैं?,3,0
my email address is iamalwayshere@mail.com, मेरा ईमेल पता iamalwayshere@mail.com है,1,0
yes I confirm," हां, मैं पुष्टि करता हूं",2,0
OK, ठीक है,2,0
YE832O, YE832O,0,0
Thank you for staying on hold. I appreciate your patience. Your seat number is E1 and it is a window seat. Is there anything else I might help you with?, रुके रहने के लिए धन्यवाद। मैं आपके धैर्य की सराहना करता हूँ। आपकी सीट का नंबर E1 है और यह विंडो सीट है। क्या कुछ और है जिसमें मैं आपकी मदद कर सकता हूं?,3,2
"Belen Cortez
", बेलेन कॉर्टेज़,0,0
Hello! You've been connected to StarAirwyas. How may I assist you?, नमस्ते! आप StarAirwyas से जुड़ चुके हैं। मैं आपकी कैसे सहायता कर सकता हूँ?,3,0
A very good morning! You've reached the Moon Airways customer service. How may I help you today?, एक बहुत अच्छी सुबह! आप मून एयरवेज ग्राहक सेवा तक पहुँच चुके हैं। आज मैं आपकी कैसे मदद कर सकता हूँ?,3,2
yu7gf0, yu7gf0,0,0
"I forgot a confirmation number was sent to my email address, here is the number for you:123456785"," मैं भूल गया था कि मेरे ईमेल पते पर एक पुष्टिकरण नंबर भेजा गया था, यहां आपके लिए नंबर है:123456785",2,0
"Hello, you've reached Sky Travels. How may I help you today?"," नमस्कार, आप स्काई ट्रेवल्स में पहुंच गए हैं। आज मैं आपकी कैसे मदद कर सकता हूँ?",3,0
hi, नमस्ते,2,0
Awesome! I've reserved the ticket for you. Could you please help me out with your email address for the confirmation link to be sent to you?,बहुत बढ़िया! मैंने आपके लिए टिकट आरक्षित कर दिया है। क्या आप कृपया अपने ईमेल पते के साथ मेरी मदद कर सकते हैं ताकि आपको पुष्टिकरण लिंक भेजा जा सके?,3,2
"Angel Pugh
", एंजेल पुघे,0,0
bala, बाला,0,0
sure, ज़रूर,2,0
Thanks! I'd like to inform you that the confirmation link has been sent to your email address., धन्यवाद! मैं आपको सूचित करना चाहता हूं कि पुष्टिकरण लिंक आपके ईमेल पते पर भेज दिया गया है।,3,0
Sure! May I also know the date you'd like to travel?, ज़रूर! क्या मैं यह भी जान सकता हूँ कि आप किस तारीख की यात्रा करना चाहते हैं?,3,0
"You're welcome, is there anything else I could help you with?"," आपका स्वागत है, क्या कुछ और है जिसमें मैं आपकी मदद कर सकता हूँ?",3,2
my seat assignment, मेरी सीट असाइनमेंट,1,0
hi, नमस्ते,2,0
Morning works best for me, सुबह मेरे लिए सबसे अच्छा काम करती है,2,0
Hello! Welcome to Sky High Travels! How may I help you?, नमस्ते! स्काई हाई ट्रेवल्स में आपका स्वागत है! क्या मेरे द्वारा आपकी कोई सहायता हो सकती है?,3,0
Are we connected?, क्या हम जुड़े हुए हैं?,0,0
Anyways to change it to Window seat Charlie.. I love to travel in that seat., वैसे भी इसे विंडो सीट चार्ली में बदलने के लिए .. मुझे उस सीट पर यात्रा करना अच्छा लगता है।,1,2
For sure! Kindly give me a minute., पक्का! कृपया मुझे एक मिनट दें।,2,0
9d, 9डी,0,0
hi, नमस्ते,2,0
my booking confirmation number is 7830bk, मेरी बुकिंग पुष्टिकरण संख्या 7830bk . है,1,0
CHECK MY SEAT, मेरी सीट जांचें,0,0
"Hello there! Sky high customer services, How may I help you today?"," नमस्ते! स्काई हाई कस्टमर सर्विसेज, मैं आज आपकी कैसे मदद कर सकता हूं?",3,0
"Amazing! Thanks for waiting so patiently, Guess what? I spoke to my team and they'll send you an email, please check your inbox. you'll receive the email within 10 minutes However, if you didn't receive the email. let me know I'll resend it. I hope that is useful?","अद्भुत! इतने धैर्यपूर्वक प्रतीक्षा करने के लिए धन्यवाद, क्या लगता है? मैंने अपनी टीम से बात की और वे आपको एक ईमेल भेजेंगे, कृपया अपना इनबॉक्स देखें। आपको 10 मिनट के भीतर ईमेल प्राप्त होगा हालांकि, यदि आपको ईमेल प्राप्त नहीं हुआ है। मुझे बताएं कि मैं इसे फिर से भेजूंगा। मुझे आशा है कि यह उपयोगी है?",3,2
No more queries Spencer..thanks for your assistance.. Have a fantastic day ahead... Good bye., कोई और प्रश्न नहीं स्पेंसर..आपकी सहायता के लिए धन्यवाद..आगे एक शानदार दिन... अलविदा।,3,2
Hello! Good morning. You've reached LMT Airways. How may I assist you today?, नमस्ते! सुबह बख़ैर। आप एलएमटी एयरवेज पहुंच गए हैं। आज मैं आपकी मदद किस तरह कर सकता हूँ?,3,0
OK SURE, यकीनन ठीक,2,2
ok thanks, ठीक है धन्यवाद,3,0
OK, ठीक है,2,0
You're welcome! May I confirm if all your questions have been answered for the day?, आपका स्वागत है! क्या मैं पुष्टि कर सकता हूँ कि क्या उस दिन के लिए आपके सभी प्रश्नों का उत्तर दे दिया गया है?,3,2
Emirates is ok, अमीरात ठीक है,2,0
"I'm glad that was helpful, thank you for reaching out to us. Have a great day ahead and happy traveling! "," मुझे खुशी है कि यह मददगार था, हमसे संपर्क करने के लिए धन्यवाद। आगे का दिन अच्छा हो और यात्रा सुखद हो!",3,2
nothing else.., और कुछ नहीं..,2,0
Hey there! Good morning. You're connected to LMT Airways. How may I help you?, सुनो! सुबह बख़ैर। आप एलएमटी एयरवेज से जुड़े हैं। क्या मेरे द्वारा आपकी कोई सहायता हो सकती है?,3,0
A very good morning! You've reached the Moon Airways customer service. How may I help you today?, एक बहुत अच्छी सुबह! आप मून एयरवेज ग्राहक सेवा तक पहुँच चुके हैं। आज मैं आपकी कैसे मदद कर सकता हूँ?,3,2
"Hello there, Good morning! I'd be glad to assist you! "," नमस्ते वहाँ, सुप्रभात! मुझे आपकी सहायता करने में खुशी होगी!",3,2
I'll do that for you right away. May I know your full name and the booking confirmation number?, मैं आपके लिए यह तुरंत करूँगा। क्या मैं आपका पूरा नाम और बुकिंग पुष्टिकरण संख्या जान सकता हूँ?,3,0
Great! May I confirm if all your questions have been answered for the day?,महान! क्या मैं पुष्टि कर सकता हूँ कि क्या उस दिन के लिए आपके सभी प्रश्नों का उत्तर दे दिया गया है?,3,2
"Thank you! The seat number allotted to you is 25A. It's a window seat.
'", आपको धन्यवाद! आपको आवंटित सीट संख्या 25A है। यह एक विंडो सीट है। ',3,0
Yes! Okay! I'll surely help you out and check your seat on your behalf! May I know your full name please?, हाँ! ठीक! मैं निश्चित रूप से आपकी मदद करूँगा और आपकी ओर से आपकी सीट की जाँच करूँगा! क्या मैं आपका पूरा नाम जान सकता हूँ?,2,0
hello, नमस्ते,2,0
" There's also another window seat, it's k78. "," एक और विंडो सीट भी है, यह k78 है।",2,0
"Awesome! I've sent your boarding to your  contact number, Is that okay?"," बहुत बढ़िया! मैंने आपका बोर्डिंग आपके संपर्क नंबर पर भेज दिया है, क्या यह ठीक है?",3,2
Fantastic! May I know your name and the email address please?, ज़बरदस्त! क्या मैं आपका नाम और ईमेल पता कृपया जान सकता हूँ?,3,2
ok, ठीक है,2,0
hello drew, हैलो आकर्षित,3,0
willington to singapore, विलिंगटन से सिंगापुर,0,0
Alright! Could you please let me know the number of people travelling?, ठीक है! क्या आप कृपया मुझे यात्रा करने वाले लोगों की संख्या बता सकते हैं?,3,0
"Good morning! You've reached Alliance Indian Airlines, how may I help you today?"," सुबह बख़ैर! आप एलायंस इंडियन एयरलाइंस पहुंच गए हैं, मैं आज आपकी कैसे मदद कर सकता हूं?",3,0
Please confirm it Riley.. Now I am much happy about it, कृपया इसकी पुष्टि करें रिले.. अब मैं इसके बारे में बहुत खुश हूं,2,2
martina@gmail.com, मार्टिना@gmail.com,0,0
I WANT seat assignment, मुझे सीट असाइनमेंट चाहिए,1,0
HAI, हाई,2,0
"Sure! For the boarding pass, I'd require your phone number or email address. Could you please help me with that?"," ज़रूर! बोर्डिंग पास के लिए, मुझे आपका फ़ोन नंबर या ईमेल पता चाहिए। क्या आप कृपया इसमें मेरी मदद कर सकते हैं?",3,0
Do you arrange to me, क्या आप मेरी व्यवस्था करते हैं,0,0
Hai drew.., हाई ड्रा..,2,0
"Thanks for waiting, I've checked there is a window seat available which is 12A should I go ahead and confirm it for you?","प्रतीक्षा करने के लिए धन्यवाद, मैंने जाँच की है कि एक विंडो सीट उपलब्ध है जो 12A है क्या मुझे आगे जाकर आपके लिए इसकी पुष्टि करनी चाहिए?",3,0
"Amazing! I've checked with my resources, your seat number is Y45 and it is a window seat. I hope that will be helpful?"," अद्भुत! मैंने अपने संसाधनों से जाँच की है, आपकी सीट संख्या Y45 है और यह एक विंडो सीट है। मुझे आशा है कि यह मददगार होगा?",3,2
3 Persons., 3 व्यक्ति।,0,0
no thanks," जी नहीं, धन्यवाद",3,1
"Noted! I'll take the price range into consideration, As I have checked here, there are two flights operating on Sept 10th, We have American airlines and British airlines. May I know which one you would prefer?"," विख्यात! मैं मूल्य सीमा को ध्यान में रखूंगा, जैसा कि मैंने यहां जांच की है, 10 सितंबर को दो उड़ानें चल रही हैं, हमारे पास अमेरिकी एयरलाइंस और ब्रिटिश एयरलाइंस हैं। क्या मैं जान सकता हूँ कि आप किसे पसंद करेंगे?",3,0
Awesome! Could you please help me with your seat number?, बहुत बढ़िया! क्या आप कृपया मुझे अपने सीट नंबर के साथ मदद कर सकते हैं?,3,2
"Done. Your new seat number is 24A. Which is an aisle seat.
", पूर्ण। आपका नया सीट नंबर 24A है। जो एक गलियारा सीट है।,2,0
"Hi, I want to know my seat assignment"," नमस्ते, मुझे अपना सीट असाइनमेंट जानना है",3,0
2Y1100 ??, 2Y1100 ??,0,0
"Fantastic! Thank you for reaching out to us! I hope you are satisfied with my service! Hope you have a great time on the flight, Have a great day ahead! Goodbye :)"," ज़बरदस्त! हमसे संपर्क की पहल के लिए आपका धन्यवाद! मुझे आशा है कि आप मेरी सेवा से संतुष्ट हैं! आशा है कि आपके पास उड़ान पर एक अच्छा समय है, आगे एक अच्छा दिन है! अलविदा :)",3,2
"Nothing else, Thank you for your information. Have a nice day to chat with you. "," और कुछ नहीं, आपकी जानकारी के लिए धन्यवाद। आपके साथ चैट करने के लिए एक अच्छा दिन है।",3,0
that's all. thank you., बस इतना ही। शुक्रिया।,3,0
Perfect! Please allow me a moment to process your request., उत्तम! कृपया मुझे आपके अनुरोध को संसाधित करने के लिए कुछ समय दें।,3,2
Hi! I'd like to get my boarding pass sent to me please., नमस्ते! मैं अपना बोर्डिंग पास कृपया मुझे भेजना चाहता हूं।,3,0
Hello! You've been connected to StarAirways customer service!,नमस्ते! आप StarAirways ग्राहक सेवा से जुड़ चुके हैं!,2,0
OK, ठीक है,2,0
I also need my boarding pass.Can you send it?, मुझे अपना बोर्डिंग पास भी चाहिए।क्या आप भेज सकते हैं?,3,0
"okay, Thanks a lot. Is there anything else I may help you with?"," ठीक है, बहुत बहुत धन्यवाद। क्या कुछ और है जिसमें मैं आपकी मदद कर सकता हूं?",3,2
yes ok, हाँ ठीक है,2,0
Awesome! Could you please share your booking confirmation number?, बहुत बढ़िया! क्या आप कृपया अपनी बुकिंग पुष्टिकरण संख्या साझा कर सकते हैं?,3,2
"You're welcome, thank you for reaching out to us. Have a great day ahead and happy traveling!"," आपका स्वागत है, हमसे संपर्क करने के लिए धन्यवाद। आगे का दिन अच्छा हो और यात्रा सुखद हो!",3,2
"Cool! Good news! As per your request, I've changed your seat, Your new seat number is S19 and it is window seat. I hope you enjoy the view."," ठंडा! खुशखबरी! आपके अनुरोध के अनुसार, मैंने आपकी सीट बदल दी है, आपकी नई सीट संख्या S19 है और यह विंडो सीट है। मुझे आशा है कि आप दृश्य का आनंद लेंगे।",3,2
Awesome! I'd be glad to help you. May I know the departure and the arrival cities please?, बहुत बढ़िया! मुझे आपकी मदद करने में खुशी होगी। क्या मैं कृपया प्रस्थान और आगमन शहरों को जान सकता हूँ?,3,2
"Sure! May I know your last name?
", ज़रूर! क्या मैं आपका अंतिम नाम जान सकता हूँ?,2,0
"You're welcome! Thank you for choosing us, we are always here to help you. Have an amazing flight!"," आपका स्वागत है! हमें चुनने के लिए धन्यवाद, हम हमेशा आपकी मदद के लिए यहां हैं। एक अद्भुत उड़ान लो!",3,2
Sure! I'll do that for you right away., ज़रूर! मैं आपके लिए यह तुरंत करूँगा।,3,0
ok, ठीक है,2,0
"Yes! I'll change your seat, But I'll have to check with the availability, Just allow me a minute."," हाँ! मैं आपकी सीट बदल दूँगा, लेकिन मुझे उपलब्धता की जाँच करनी होगी, बस मुझे एक मिनट का समय दें।",3,2
"Awesome, it is Sam Smith"," बहुत बढ़िया, यह सैम स्मिथ है",3,2
Thank you! Just allow me a moment I'll go ahead and check with the availability of the seats and get back to you.,"आपको धन्यवाद! बस मुझे एक क्षण की अनुमति दें, मैं आगे बढ़ूंगा और सीटों की उपलब्धता की जांच करूंगा और आपसे संपर्क करूंगा।",3,0
Which seat would you prefer? The aisle seat or the middle seat?, आप कौन सी सीट पसंद करेंगे? गलियारे की सीट या बीच की सीट?,3,0
Hi., नमस्ते।,3,0
That's great! When would you like to take the flight?, एक दम बढ़िया! आप उड़ान कब लेना चाहेंगे?,3,2
Yes. Thank you., हाँ। शुक्रिया।,3,2
For sure! I'll look upon the available aisle seat for you., पक्का! मैं आपके लिए उपलब्ध गलियारे की सीट को देखूंगा।,3,0
Sure! Please allow me a minute to check the best flights for you., ज़रूर! कृपया मुझे आपके लिए सर्वोत्तम उड़ानों की जांच करने के लिए एक मिनट का समय दें।,3,0
"Alright! It was great assisting you, thanks for choosing our services. Have a safe flight, goodbye.
"," ठीक है! आपकी सहायता करके बहुत अच्छा लगा, हमारी सेवाओं को चुनने के लिए धन्यवाद। एक सुरक्षित उड़ान लो, अलविदा।",3,2
four and martina, चार और मार्टिना,0,0
albert, अल्बर्ट,0,0
TO AISLE SEAT, गलियारे की सीट के लिए,0,0
"Hi, Good Morning. I wants to book a flight. ", हाय सुप्रभात। मैं एक फ्लाइट बुक करना चाहता हूं।,3,0
Robin can you tell my seating arrangement in my coming trip?, रॉबिन क्या आप मेरी आने वाली यात्रा में मेरे बैठने की व्यवस्था बता सकते हैं?,3,0
Ask for my boarding pass to be sent to my email address or phone number, मेरा बोर्डिंग पास मेरे ईमेल पते या फोन नंबर पर भेजने के लिए कहें,2,0
"Fantastic! Here's your seat number E12 which is a window seat, Is that okay for you?"," ज़बरदस्त! ये रहा आपका सीट नंबर E12 जो कि विंडो सीट है, क्या यह आपके लिए ठीक है?",2,2
yes okay sure, हाँ ठीक है ज़रूर,2,0
iiu568, आईआईयू568,0,0
2,2,0,0
"Awesome! Thanks a ton for giving me those details, Just allow me a moment I'll quickly go ahead check that for you.","बहुत बढ़िया! मुझे वह विवरण देने के लिए बहुत-बहुत धन्यवाद, बस मुझे एक क्षण की अनुमति दें, मैं जल्दी से आगे बढ़ूंगा और आपके लिए इसकी जांच करूंगा।",3,2
"You're welcome! Thank you for visiting us, wish to serve you again. Have a wonderful flight!"," आपका स्वागत है! हमारे पास आने के लिए धन्यवाद, मैं फिर से आपकी सेवा करना चाहता हूं। एक अद्भुत उड़ान लो!",3,2
Hello, नमस्ते,2,0
There is a seat available and the seat number is G5. Do you want me to confirm that seat for you?, एक सीट उपलब्ध है और सीट संख्या G5 है। क्या आप चाहते हैं कि मैं आपके लिए उस सीट की पुष्टि कर दूं?,2,0
hi, नमस्ते,2,0
kavishri@gmail.com, kavishri@gmail.com,2,0
hello charlie, हैलो चार्ली,3,0
"Perfect! Thank you so much for answering all my question so patiently, Just allow me a moment I'll book your flight tickets and get back to you."," उत्तम! इतने धैर्य से मेरे सभी प्रश्नों का उत्तर देने के लिए आपका बहुत-बहुत धन्यवाद, बस मुझे एक क्षण की अनुमति दें, मैं आपकी उड़ान टिकट बुक कर दूंगा और आपसे संपर्क करूंगा।",3,2
JOHNSONPETER@GMAIL.COM, जॉन्सनपीटर@GMAIL.COM,1,0
I'll provide you with the boarding pass. Could you help me out with your full name and the booking confirmation number?, मैं आपको बोर्डिंग पास प्रदान करूंगा। क्या आप अपना पूरा नाम और बुकिंग पुष्टिकरण नंबर के साथ मेरी मदद कर सकते हैं?,3,0
No, नहीं,1,0
"Sure, thing! May I know your last name and the booking confirmation number? ", अवश्य! क्या मैं आपका अंतिम नाम और बुकिंग पुष्टिकरण संख्या जान सकता हूँ?,2,0
I hope that all your queries are cleared?, मुझे आशा है कि आपके सभी प्रश्नों का समाधान हो गया होगा?,3,0
Sure! Could you please help me with the departure city and the arrival city?, ज़रूर! क्या आप कृपया प्रस्थान शहर और आगमन शहर के बारे में मेरी मदद कर सकते हैं?,3,0
"Hello there! Sky high customer services, How may I help you today?"," नमस्ते! स्काई हाई कस्टमर सर्विसेज, मैं आज आपकी कैसे मदद कर सकता हूं?",3,0
Amazing! Thank you for reaching out to us. Have a great journey. Bye., अद्भुत! हमसे संपर्क की पहल के लिए आपका धन्यवाद। शानदार यात्रा करें। अलविदा।,3,2
bye, अलविदा,2,0
I'll send that to you right away. May I know your full name and the booking confirmation number?,मैं इसे आपको तुरंत भेजूंगा। क्या मैं आपका पूरा नाम और बुकिंग पुष्टिकरण संख्या जान सकता हूँ?,3,0
Alright! I've confirmed the seat T9 for you. Would there be anything else I may help you with?, ठीक है! मैंने आपके लिए T9 सीट की पुष्टि कर दी है। क्या कुछ और होगा जिसमें मैं आपकी मदद कर सकूं?,3,0
Awesome! Your details have been verified. May I know your mail id or phone number please?, बहुत बढ़िया! आपके विवरण सत्यापित कर दिए गए हैं। क्या मैं आपकी मेल आईडी या फोन नंबर जान सकता हूं?,3,2
Could you also help me out with your phone number or email address for the boarding pass to be sent to you?, क्या आप मुझे बोर्डिंग पास भेजने के लिए अपने फोन नंबर या ईमेल पते के साथ मेरी मदद कर सकते हैं?,3,0
"All right! I hope I've resolved all your queries for today, would there be anything else I may help you with?"," ठीक है! मुझे आशा है कि मैंने आज के लिए आपके सभी प्रश्नों का समाधान कर दिया है, क्या कुछ और होगा जिसमें मैं आपकी सहायता कर सकूं?",3,0
I apologize. Booking confirmation number is a 6 character code consisting of both digits and letters. Please verify that and provide a valid number., मैं क्षमाप्रार्थी हूं। बुकिंग पुष्टिकरण संख्या एक 6 वर्ण का कोड है जिसमें अंक और अक्षर दोनों होते हैं। कृपया इसे सत्यापित करें और एक वैध संख्या प्रदान करें।,3,1
"Hello! Welcome to StarAirways customer service, how may I assist you? "," नमस्ते! StarAirways ग्राहक सेवा में आपका स्वागत है, मैं आपकी कैसे सहायता कर सकता हूँ?",3,0
kumar, कुमार,2,0
check my seat assignment, मेरी सीट असाइनमेंट की जाँच करें,2,0
"Sure! As I can check here, We have one aisle seat available, and Guess what? I've assigned that to you. your seat number is B2. "," ज़रूर! जैसा कि मैं यहां देख सकता हूं, हमारे पास एक गलियारा सीट उपलब्ध है, और क्या लगता है? मैंने वह आपको सौंपा है। आपका सीट नंबर B2 है।",3,0
bye, अलविदा,2,0
Thank you very much, आपका बहुत बहुत धन्यवाद,3,2
WINDOW SEAT, विंडो सीट,0,0
"Awesome! Thanks for choosing us, hope you'll have a wonderful trip ahead friend! ","बहुत बढ़िया! हमें चुनने के लिए धन्यवाद, आशा है कि आपके पास एक शानदार यात्रा होगी मित्र!",3,2
Sure!, ज़रूर!,2,0
"Always a pleasure! Thank you for reaching out to us, it's a pleasure assisting you. Have a great day and happy traveling!"," हमेशा एक खुशी की बात है! हमसे संपर्क करने के लिए धन्यवाद, आपकी सहायता करना खुशी की बात है। आपका दिन शुभ हो और यात्रा सुखद हो!",3,2
yes please, हाँ कृपया,2,2
"Thank you for that. Could you please allow me for a moment,  while I get this done for you?"," उसके लिये आपका धन्यवाद। क्या आप कृपया मुझे एक पल के लिए अनुमति दे सकते हैं, जबकि मैं यह आपके लिए करवाता हूं?",3,0
"Hello there good evening! Sky high customer services, How may I help you today?"," नमस्ते वहाँ शुभ संध्या! स्काई हाई कस्टमर सर्विसेज, मैं आज आपकी कैसे मदद कर सकता हूं?",3,0
booking confirmation number is 683502, बुकिंग पुष्टिकरण संख्या 683502 . है,2,0
hai, हाय,2,0
"Ebenezer, YHU453."," एबेनेज़र, YHU453।",0,0
"Thank you for your patience. We have 3 flights available for tomorrow from Chennai to Kathmandu, Nepal."," आपके धैर्य के लिए धन्यवाद। हमारे पास चेन्नई से काठमांडू, नेपाल के लिए कल के लिए 3 उड़ानें उपलब्ध हैं।",3,2
Sure. I'll help you with that. Could you please provide your full name and the booking confirmation number?, ज़रूर। मैं इसमें आपकी मदद करूंगा। क्या आप कृपया अपना पूरा नाम और बुकिंग पुष्टिकरण संख्या प्रदान कर सकते हैं?,3,0
yes, हां,2,0
For sure! I'll help you with that. Could you please let me know your last name and the booking confirmation number?, पक्का! मैं इसमें आपकी मदद करूंगा। क्या आप कृपया मुझे अपना अंतिम नाम और बुकिंग पुष्टिकरण संख्या बता सकते हैं?,3,0
NO, ना,1,1
yes i want ot check my seat assignment and then i want to change my seat asignment," हाँ, मैं अपने सीट असाइनमेंट की जाँच करना चाहता हूँ और फिर मैं अपना सीट असाइनमेंट बदलना चाहता हूँ",2,0
Thank you providing this information. Please wait till I check., यह जानकारी प्रदान करने के लिए धन्यवाद। कृपया मेरे द्वारा जाँच किए जाने तक प्रतीक्षा करें।,3,0
"You're welcome, will there be anything else ?"," आपका स्वागत है, कुछ और होगा?",2,2
THANK YOU SO MUCH,आपका बहुत-बहुत धन्यवाद,3,2
boarding pass to be sent to my email address or phone number., बोर्डिंग पास मेरे ईमेल पते या फोन नंबर पर भेजा जाना है।,1,0
my full name is arun pandi and confirmation no asd963, मेरा पूरा नाम अरुण पंडी है और पुष्टि संख्या asd963,1,0
okay, ठीक है,2,0
Wonderful! Please feel free to reach out to us for further queries. Have an amazing journey. Bye., अद्भुत! कृपया आगे के प्रश्नों के लिए हमसे बेझिझक संपर्क करें। एक अद्भुत यात्रा करें। अलविदा।,3,2
Amazing! Could you please let me know the preferred date of travel?, अद्भुत! क्या आप कृपया मुझे यात्रा की पसंदीदा तारीख बता सकते हैं?,3,2
Thank you for waiting. Your patience is greatly appreciated. Your seat number is A6 and it is an aisle. Is there anything else I might help you with?, प्रतीक्षा के लिए धन्यवाद। आपके धैर्य की बहुत सराहना की जाती है। आपकी सीट संख्या A6 है और यह एक गलियारा है। क्या कुछ और है जिसमें मैं आपकी मदद कर सकता हूं?,3,2
"Good morning! You've reached Alliance Indian Airlines, how may I help you today?"," सुबह बख़ैर! आप एलायंस इंडियन एयरलाइंस पहुंच गए हैं, मैं आज आपकी कैसे मदद कर सकता हूं?",3,0
pk, पी,2,0
"Hello there! Good morning, Sky high customer services, How may I help you today?"," नमस्ते! सुप्रभात, स्काई हाई कस्टमर सर्विसेज, मैं आज आपकी कैसे मदद कर सकता हूं?",3,0
For how many passengers would you like to book the tickets?, आप कितने यात्रियों के लिए टिकट बुक करना चाहेंगे?,3,0
"Sure! I'll be glad to help you, may I please know the departure and arrival city?"," ज़रूर! मुझे आपकी मदद करने में खुशी होगी, क्या मैं कृपया प्रस्थान और आगमन के शहर को जान सकता हूँ?",3,0
my full name is Surya my booking confirmation number is BBC985, मेरा पूरा नाम सूर्य है मेरी बुकिंग पुष्टिकरण संख्या BBC985 है,2,0
"Perfect! Thank you for that. Allow me a moment, while I get back to your with the resolution."," उत्तम! उसके लिये आपका धन्यवाद। मुझे एक क्षण की अनुमति दें, जबकि मैं संकल्प के साथ आपके पास वापस आता हूं।",3,2
Alright! May I please know your last name and booking confirmation number?, ठीक है! क्या मैं आपका अंतिम नाम और बुकिंग पुष्टिकरण संख्या जान सकता हूँ?,3,0
great, महान,2,2
HI, नमस्ते,2,0
You're welcome! Would there be anything else that I may help you with?, आपका स्वागत है! क्या कुछ और होगा जिसमें मैं आपकी मदद कर सकूं?,3,2
You're welcome! Would there be anything else I may assist you with?,आपका स्वागत है! क्या कुछ और होगा जिसमें मैं आपकी सहायता कर सकूं?,3,2
RUG56L, RUG56L,0,0
my name is tharun., मेरा नाम थारुन है।,1,0
Great news! A window seat was available on the second row and I've successfully changed your seat to B2. Would you like anything else?, बढ़िया खबर! दूसरी पंक्ति में एक विंडो सीट उपलब्ध थी और मैंने आपकी सीट को सफलतापूर्वक B2 में बदल दिया है। क्या आपको कुछ और चाहिए?,3,2
I think you've contacted a wrong department. I request you to contact the booking department., मुझे लगता है कि आपने गलत विभाग से संपर्क किया है। मैं आपसे बुकिंग विभाग से संपर्क करने का अनुरोध करता हूं।,2,1
"I highly appreciate your patience. I'd like to inform you that we have 9C available, which is a window seat. Would you like to occupy that? "," मैं आपके धैर्य की अत्यधिक सराहना करता हूं। मैं आपको सूचित करना चाहता हूं कि हमारे पास 9सी उपलब्ध है, जो एक विंडो सीट है। क्या आप उस पर कब्जा करना चाहेंगे?",3,2
"Awesome! Thanks for reaching out to us, hope you have a wonderful trip ahead. "," बहुत बढ़िया! हमसे संपर्क करने के लिए धन्यवाद, आशा है कि आपकी आगे की यात्रा शानदार रही होगी।",3,2
Please change it to Aisle seat .. I am not convenient with Window seat. Is it possible to change?, कृपया इसे आइल सीट में बदल दें .. मैं विंडो सीट के साथ सुविधाजनक नहीं हूं। क्या बदलना संभव है?,3,0
Heya! I wanted to check on my seat, अरे! मैं अपनी सीट पर जांच करना चाहता था,2,0
g2, जी2,0,0
"I really appreciate for your patience, there's L3 (Middle) seat assigned to you. "," मैं वास्तव में आपके धैर्य की सराहना करता हूं, आपको एल3 (मध्य) सीट सौंपी गई है।",3,2
8560192340,8560192340,0,0
"Sure! May I know your last name?
", ज़रूर! क्या मैं आपका अंतिम नाम जान सकता हूँ?,2,0
"No madam, i need an aisle seat."," नहीं महोदया, मुझे गलियारे की सीट चाहिए।",1,1
my booking confirmation number is 8t4j3s, मेरी बुकिंग पुष्टिकरण संख्या 8t4j3s है,1,0
9 Persons., 9 व्यक्ति।,0,0
"Hello! Welcome to Air USA! Surely, I would be glad. Please may I know your name?"," नमस्ते! एयर यूएसए में आपका स्वागत है! निश्चित रूप से, मुझे खुशी होगी। कृपया क्या मैं आपका नाम जान सकता हूँ?",3,2
ok thanks, ठीक है धन्यवाद,3,0
enough, पर्याप्त,1,0
arrival city neodesha, आगमन शहर नवदेश,0,0
Thanks Alvin! Could you please let me know you booking confirmation number?,धन्यवाद एल्विन! क्या आप कृपया मुझे बता सकते हैं कि आपने बुकिंग पुष्टिकरण संख्या की है?,3,2
I NEED A BOARDING PASS, मुझे एक बोर्डिंग पास चाहिए,1,0
"sure, could you please give me your email address?"," ज़रूर, क्या आप कृपया मुझे अपना ईमेल पता दे सकते हैं?",3,0
Which seat would you like to change to? Middle seat or aisle seat?, आप किस सीट पर बदलना चाहेंगे? मध्य सीट या गलियारे की सीट?,3,0
"Hello there, how may I assist you today?
"," नमस्ते, मैं आज आपकी कैसे सहायता कर सकता हूँ?",3,0
"Thank you for visiting us, wish to serve you again. Have a safe flight!"," हमारे पास आने के लिए धन्यवाद, मैं फिर से आपकी सेवा करना चाहता हूं। एक सुरक्षित उड़ान की कामना करते हैं!",3,2
I prefer window side, मुझे विंडो साइड पसंद है,2,0
"Sure! I'll be glad to help you in this, may I please know your last name?"," ज़रूर! मुझे इसमें आपकी मदद करने में खुशी होगी, क्या मैं आपका उपनाम जान सकता हूँ?",3,0
Would there be anything else I may help you with?, क्या कुछ और होगा जिसमें मैं आपकी मदद कर सकूं?,2,0
Sure thing! I'll help you with that. Could you please let me know your last name and the booking confirmation number?, अवश्य! मैं इसमें आपकी मदद करूंगा। क्या आप कृपया मुझे अपना अंतिम नाम और बुकिंग पुष्टिकरण संख्या बता सकते हैं?,3,0
perfect please also sent to my phone number 518-873-1361, परफेक्ट कृपया मेरे फोन नंबर 518-873-1361 पर भी भेजें,3,0
can you send me boarding pass, क्या आप मुझे बोर्डिंग पास भेज सकते हैं,2,0
"Good to hear from you, Richard! What's the departure city?"," आपसे सुनकर अच्छा लगा, रिचर्ड! प्रस्थान शहर क्या है?",3,2
Hello! Good morning! Welcome to Sky Airway Service! How may I help you?, नमस्ते! सुबह बख़ैर! स्काई एयरवे सर्विस में आपका स्वागत है! क्या मेरे द्वारा आपकी कोई सहायता हो सकती है?,3,0
karthik, कार्तिको,2,0
Hi, नमस्ते,2,0
Is there anything else I may help you with?, क्या कुछ और है जिसमें मैं आपकी मदद कर सकता हूं?,2,0
ok thanks, ठीक है धन्यवाद,3,0
william, विलियम,0,0
I need your assistance to check my seat assignment, मुझे अपने सीट असाइनमेंट की जांच करने के लिए आपकी सहायता की आवश्यकता है,3,0
ok, ठीक है,2,0
"Welcome to High flying customer service! You're connected to our customer associate! Good morning! My name is Sam, How may I help you?"," उच्च उड़ान ग्राहक सेवा में आपका स्वागत है! आप हमारे ग्राहक सहयोगी से जुड़े हुए हैं! सुबह बख़ैर! मेरा नाम सैम है, मैं आपकी कैसे मदद कर सकता हूँ?",3,2
Welcome to PilotAirlines! You're talking to the Customer Executive! Could you please help me with your Last name and booking confirmation number?,पायलट एयरलाइंस में आपका स्वागत है! आप ग्राहक कार्यकारी से बात कर रहे हैं! क्या आप कृपया अपने अंतिम नाम और बुकिंग पुष्टिकरण संख्या के साथ मेरी मदद कर सकते हैं?,3,0
"Thank you! The seat number allotted to you is 25A. It's a window seat.
", आपको धन्यवाद! आपको आवंटित सीट संख्या 25A है। यह एक विंडो सीट है।,3,0
"Awesome! Guess what? I've made a request to our team on your behalf, They'll email you the boarding pass and you'll receive the pass within 10 minutes."," बहुत बढ़िया! अंदाज़ा लगाओ? मैंने आपकी ओर से हमारी टीम से एक अनुरोध किया है, वे आपको बोर्डिंग पास ईमेल करेंगे और आपको 10 मिनट के भीतर पास प्राप्त हो जाएगा।",3,2
Sure! No problem about that at all! Please just give me a minute to check if there are any window seats available., ज़रूर! इसके बारे में बिल्कुल कोई समस्या नहीं है! कृपया मुझे यह जांचने के लिए एक मिनट दें कि क्या कोई विंडो सीट उपलब्ध हैं।,2,0
hello, नमस्ते,2,0
Great! Good news! I've contacted my team and made a request to send you the boarding pass. You'll receive a text message from our team. Kindly check your messages! I hope that is clear?, महान! खुशखबरी! मैंने अपनी टीम से संपर्क किया है और आपको बोर्डिंग पास भेजने का अनुरोध किया है। आपको हमारी टीम से एक टेक्स्ट संदेश प्राप्त होगा। कृपया अपने संदेशों की जांच करें! मुझे उम्मीद है यह स्पष्ट है?,3,2
hai, हाय,2,0
Glad to help you. Please go through this website: www.pilotairlines.com in case of any query and help us help you. Good day!, आपकी मदद करके प्रसन्नता हुई। कृपया इस वेबसाइट को देखें: www.pilotairlines.com किसी भी प्रश्न के मामले में और आपकी सहायता करने में हमारी सहायता करें। अच्छा दिन!,3,2
Hello! How may i helo you this morning!, नमस्ते! मैं आज सुबह आपको कैसे नमस्कार कर सकता हूँ!,3,0
okey, शाबाशी,2,0
But the confirmation link has already been sent to ee.009@email.com would you want me to send it to another email address?,"लेकिन पुष्टिकरण लिंक पहले ही ee.009@email.com पर भेज दिया गया है, क्या आप चाहते हैं कि मैं इसे किसी अन्य ईमेल पते पर भेजूं?",2,1
Thank you! Could you please hold on for a minute?, आपको धन्यवाद! क्या आप कृपया एक मिनट के लिए रुक सकते हैं?,3,2
"Not a problem, I'll change that for you. Could please allow me a moment, while I check for the availability?"," कोई समस्या नहीं है, मैं इसे आपके लिए बदल दूँगा। कृपया मुझे एक क्षण की अनुमति दें, जबकि मैं उपलब्धता की जांच कर रहा हूं?",2,0
ok, ठीक है,2,0
Awesome! For how many passengers would you like to book the tickets?, बहुत बढ़िया! आप कितने यात्रियों के लिए टिकट बुक करना चाहेंगे?,3,2
"Good news! Here's what I've done as per your request, I changed your seat to middle and your new seat number will be A41. Hope that will be comfortable for you."," खुशखबरी! यहाँ मैंने आपके अनुरोध के अनुसार क्या किया है, मैंने आपकी सीट को बीच में बदल दिया है और आपकी नई सीट संख्या A41 होगी। आशा है कि यह आपके लिए सुविधाजनक होगा।",3,2
lily, लिली,0,0
I apologize. Booking confirmation number is a 6 character code consisting of both digits and letters. Please verify that and provide a valid code., मैं क्षमाप्रार्थी हूं। बुकिंग पुष्टिकरण संख्या एक 6 वर्ण का कोड है जिसमें अंक और अक्षर दोनों होते हैं। कृपया इसे सत्यापित करें और एक मान्य कोड प्रदान करें।,3,1
YU7U6T, YU7U6T,0,0
Could you also help me with the booking confirmation number?, क्या आप बुकिंग कन्फर्मेशन नंबर में भी मेरी मदद कर सकते हैं?,3,0
"I hope you have a great day ahead. Goodbye!
", मुझे आशा है कि आपके लिए आगे एक अच्छा दिन होगा। अलविदा!,3,2
"Great! Do you prefer aisle, window or middle row seat?"," महान! क्या आप गलियारे, खिड़की या मध्य पंक्ति की सीट पसंद करते हैं?",3,2
Sure! I'll help you with that. May I know your last name please?, ज़रूर! मैं इसमें आपकी मदद करूंगा। क्या मैं आपका अंतिम नाम जान सकता हूँ?,3,0
hi Taylor, हाय टेलर,3,0
I'm glad I could help. I hope I have cleared all your queries?,मैं खुश हूं कि मैं मदद कर सका। मुझे आशा है कि मैंने आपके सभी प्रश्नों का समाधान कर दिया है?,3,2
Perfect! Could you help me out with your phone number or email address for the boarding pass to be sent to you?, उत्तम! क्या आप मुझे बोर्डिंग पास भेजने के लिए अपने फोन नंबर या ईमेल पते के साथ मेरी मदद कर सकते हैं?,3,2
"As I've checked with the resources, I see that the seat allotted to you is K8 which is a middle seat."," जैसा कि मैंने संसाधनों के साथ जांच की है, मैं देखता हूं कि आपको आवंटित सीट K8 है जो एक बीच की सीट है।",2,0
hi, नमस्ते,2,0
Sure! May I please know if you'd like to have middle or window seat?, ज़रूर! क्या मैं कृपया जान सकता हूँ कि आप मध्य या खिड़की वाली सीट चाहते हैं?,3,0
Amazing! May I know the class in which you'd like to travel?, अद्भुत! क्या मैं उस कक्षा को जान सकता हूँ जिसमें आप यात्रा करना चाहेंगे?,3,2
yes thank you my friend, हाँ धन्यवाद मेरे दोस्त,3,2
Sure. Could you please help me with your Last name and booking confirmation number?, ज़रूर। क्या आप कृपया अपने अंतिम नाम और बुकिंग पुष्टिकरण संख्या के साथ मेरी मदद कर सकते हैं?,3,0
Kavi, कवि,0,0
Thank you for waiting. Your patience is greatly appreciated. Your seat number is B3 and it is an aisle. Is there anything else I might help you with?, प्रतीक्षा के लिए धन्यवाद। आपके धैर्य की बहुत सराहना की जाती है। आपकी सीट संख्या B3 है और यह एक गलियारा है। क्या कुछ और है जिसमें मैं आपकी मदद कर सकता हूं?,3,2
889-554-4453, 889-554-4453,0,0
"Yes, is there anything I may help you with?"," हाँ, क्या मैं आपकी कुछ मदद कर सकता हूँ?",2,0
"Good morning! You've reached Alliance Airways Customer service, how may I help you?  "," सुबह बख़ैर! आप एलायंस एयरवेज ग्राहक सेवा तक पहुँच चुके हैं, मैं आपकी कैसे मदद कर सकता हूँ?",3,0
Perfect! Please allow me a minute., उत्तम! कृपया मुझे एक मिनट का समय दें।,2,2
no thanks," जी नहीं, धन्यवाद",3,1
thankyou, धन्यवाद,2,2
You're most welcome! It was wonderful to assist you today. Good day and a great flight!, आपका स्वागत है! आज आपकी सहायता करना अद्भुत रहा। शुभ दिन और एक महान उड़ान!,3,2
I NEED A BOARDING PASS, मुझे एक बोर्डिंग पास चाहिए,1,0
i preferred front row window seat, मुझे फ्रंट रो विंडो सीट पसंद आई,1,0
Okay, ठीक,2,2
Great! Could you please help me with the city of departure and the city of arrival?,महान! क्या आप कृपया प्रस्थान के शहर और आगमन के शहर के बारे में मेरी मदद कर सकते हैं?,3,2
"I'm glad that was helpful, thank you for reaching out to us. Have a great day ahead and happy traveling! "," मुझे खुशी है कि यह मददगार था, हमसे संपर्क करने के लिए धन्यवाद। आगे का दिन अच्छा हो और यात्रा सुखद हो!",3,2
Okay, ठीक,2,2
HGT654, एचजीटी654,0,0
my seat assignment, मेरी सीट असाइनमेंट,1,0
JOSHY BIL EMAIL: JOSHY78@GMAIL.COM, जोशी बिल ईमेल: JOSHY78@GMAIL.COM,0,0
"I apologize, would you prefer window seat, aisle seat or middle seat? "," मैं क्षमा चाहता हूँ, क्या आप विंडो सीट, गलियारा सीट या बीच की सीट पसंद करेंगे?",3,0
Hi, नमस्ते,2,0
okey, शाबाशी,2,0
please sent my boarding pass to my number too, कृपया मेरा बोर्डिंग पास मेरे नंबर पर भी भेज दें,3,0
hai, हाय,2,0
window seat, विंडो सीट,0,0
ook, उक,2,0
Surely! I'll be happy to help you in this regard. Could you please help me with the departure and arrival city?, निश्चित रूप से! मुझे इस संबंध में आपकी मदद करने में खुशी होगी। क्या आप कृपया मुझे प्रस्थान और आगमन शहर में मदद कर सकते हैं?,3,0
Send me a borading pass for my flight to dravid@gtt.com, मुझे मेरी उड़ान के लिए dravid@gtt.com पर एक बोरिंग पास भेजें,0,0
You're welcome! Would there be anything else that I may help you with?, आपका स्वागत है! क्या कुछ और होगा जिसमें मैं आपकी मदद कर सकूं?,3,2
Hey there! Good morning. You're connected to LMT airways. How may I assist you?, सुनो! सुबह बख़ैर। आप एलएमटी एयरवेज से जुड़े हैं। मैं आपकी कैसे सहायता कर सकता हूँ?,3,0
Good Morning! You've been connected to StarAirways customer service! How may I assist you today?, शुभ प्रभात! आप StarAirways ग्राहक सेवा से जुड़ चुके हैं! आज मैं आपकी मदद किस तरह कर सकता हूँ?,3,0
Thanks for your wonderful assistance...Have a great day.. Good bye!!!, आपकी अद्भुत सहायता के लिए धन्यवाद...आपका दिन शुभ हो..अलविदा!!!,3,2
You're welcome! Hope you have a wonderful day ahead., आपका स्वागत है! आशा है कि आपके पास आगे एक शानदार दिन होगा।,3,2
Uyh768, उइह768,0,0
name: dheepa, नाम: दीपा,0,0
FLY123, FLY123,0,0
"Sorry to keep you waiting, I have checked the details and found that there is 1 flight available of deltas airways which will be departing from Seattle at 4:30 am, on 25th September costing you $150, would that be alright?","आपको प्रतीक्षा करने के लिए क्षमा करें, मैंने विवरण की जांच की है और पाया है कि डेल्टास एयरवेज की 1 उड़ान उपलब्ध है जो सिएटल से 25 सितंबर को सुबह 4:30 बजे प्रस्थान करेगी, जिसकी कीमत आपको $150 है, क्या यह ठीक रहेगा?",3,0
"Great! Thank you so much for being patient and baring with me. I hope you have a safe journey, Have a amazing time in the fight. I hope you have a great day ahead! Goodbye."," महान! सब्र रखने और मेरे साथ बने रहने के लिए आपका बहुत-बहुत धन्यवाद। मुझे आशा है कि आपके पास एक सुरक्षित यात्रा है, लड़ाई में एक अद्भुत समय है। मुझे आशा है कि आपके आगे एक अच्छा दिन होगा! अलविदा।",3,2
The number is A02R45, संख्या A02R45 . है,0,0
Email is fine., ईमेल ठीक है।,1,0
A very good morning! You've reached the Moon Airways customer service. How may I help you today?, एक बहुत अच्छी सुबह! आप मून एयरवेज ग्राहक सेवा तक पहुँच चुके हैं। आज मैं आपकी कैसे मदद कर सकता हूँ?,3,2
My, मेरे,1,0
I am waiting for your replay., मैं आपके रीप्ले का इंतजार कर रहा हूं।,1,0
5D83HD, 5D83HD,0,0
it's available on 26.08.18, यह 26.08.18 को उपलब्ध है,0,0
thats all thanks, बस यही सब धन्यवाद,3,2
"Sure, we are here to assist you always! May I know your last name please?"," ज़रूर, हम यहाँ हमेशा आपकी सहायता के लिए हैं! क्या मैं आपका अंतिम नाम जान सकता हूँ?",3,0
"Sure! For the boarding pass, I'd require your phone number or email address. Could you please help me with that?"," ज़रूर! बोर्डिंग पास के लिए, मुझे आपका फ़ोन नंबर या ईमेल पता चाहिए। क्या आप कृपया इसमें मेरी मदद कर सकते हैं?",3,0
"Thanks for staying connected, I've checked the details there is an aisle seat available which is 3A and I've confirmed it for you, Anything else I may help you with?"," जुड़े रहने के लिए धन्यवाद, मैंने विवरण की जाँच की है कि वहाँ एक गलियारा सीट उपलब्ध है जो 3A है और मैंने आपके लिए इसकी पुष्टि की है, और कुछ भी जो मैं आपकी मदद कर सकता हूँ?",3,2
Awesome! I've sent you the boarding pass on your email. You'll receive it within 2-3 minutes. I hope this helps., बहुत बढ़िया! मैंने आपको आपके ईमेल पर बोर्डिंग पास भेज दिया है। आप इसे 2-3 मिनट के भीतर प्राप्त कर लेंगे। आशा है कि ये आपकी मदद करेगा।,3,2
HAI, हाई,2,0
"Appreciate your patience! Your seat is 14d, Aisle seat. Anything else I may help you with?","अपने धैर्य की सराहना! आपकी सीट 14d, आइल सीट है। कुछ और मैं आपकी मदद कर सकता हूँ?",2,2
"Sure, it is a window seat which is R4."," ज़रूर, यह एक विंडो सीट है जो R4 है।",2,0
k i will check that later. thank you for your help, ki बाद में जाँच करेगा। आपके सहयोग के लिए धन्यवाद,3,0
Thanks! May I know your full name please?, धन्यवाद! क्या मैं आपका पूरा नाम जान सकता हूँ?,3,0
Good morning! You've reached Flamingo customers service. How may I help you today?, सुबह बख़ैर! आप फ्लेमिंगो ग्राहक सेवा तक पहुँच चुके हैं। आज मैं आपकी कैसे मदद कर सकता हूँ?,3,1
hmmm, हम्म,0,0
kanal kanna, कनाल कन्न,2,0
Yes you did well, हाँ आपने अच्छा किया,2,2
NO, ना,1,1
Thank you so much. Could you please share your contact number?, बहुत-बहुत धन्यवाद। क्या आप कृपया अपना संपर्क नंबर साझा कर सकते हैं?,3,2
Superb! It was my pleasure assisting you! Thank you so much for reaching out to us! I hope I've resolved all your queries! Happy journey! Just enjoy our services! Have a great day! Bubye! :), शानदार! आपकी सहायता करना मेरी खुशी थी! हमसे संपर्क करने के लिए आपका बहुत-बहुत धन्यवाद! मुझे आशा है कि मैंने आपके सभी प्रश्नों का समाधान कर दिया है! शुभ यात्रा! बस हमारी सेवाओं का आनंद लें! आपका दिन अच्छा रहे! बूबी! :),3,2
v63m87, v63m87,0,0
its tharun007@gmail.com, इसके tharun007@gmail.com,0,0
"Thank you! The seat number allotted to you is 25A. It's a window seat.
", आपको धन्यवाद! आपको आवंटित सीट संख्या 25A है। यह एक विंडो सीट है।,3,0
Fantastic! I've sent your boarding pass to your given email address. Would there be anything else that I may help you with?, ज़बरदस्त! मैंने आपका बोर्डिंग पास आपके दिए गए ईमेल पते पर भेज दिया है। क्या कुछ और होगा जिसमें मैं आपकी मदद कर सकूं?,3,2
nivi@gmail.com, nivi@gmail.com,0,0
g53s78, g53s78,0,0
one people cameron, एक लोग कैमरून,0,0
Sure! I'll be happy to help you with it! Could you please provide your last name!, ज़रूर! मुझे इसमें आपकी मदद करने में खुशी होगी! क्या आप कृपया अपना अंतिम नाम प्रदान कर सकते हैं!,3,2
"Hey Buela, Could you please confirm your booking confirmation number?"," हे बुएला, क्या आप कृपया अपनी बुकिंग पुष्टिकरण संख्या की पुष्टि कर सकते हैं?",3,0
"Awesome! Which class would you prefer among the economy, business and first?","बहुत बढ़िया! आप अर्थव्यवस्था, व्यापार और प्रथम श्रेणी में से किस वर्ग को पसंद करेंगे?",3,2
Hello, नमस्ते,2,0
Good morning! You've reached Flamingo customers service. How may I help you today?, सुबह बख़ैर! आप फ्लेमिंगो ग्राहक सेवा तक पहुँच चुके हैं। आज मैं आपकी कैसे मदद कर सकता हूँ?,3,1
"Fantastic! Thank you for reaching out to us! I hope you are satisfied with my service! Hope you have a great time on the flight, Have a great day ahead! Thank you."," ज़बरदस्त! हमसे संपर्क की पहल के लिए आपका धन्यवाद! मुझे आशा है कि आप मेरी सेवा से संतुष्ट हैं! आशा है कि आपके पास उड़ान पर एक अच्छा समय है, आगे एक अच्छा दिन है! शुक्रिया।",3,2
DELHI, दिल्ली,2,0
Welcome to PilotAirlines! You're talking to the Customer Executive! How may I help you today?, पायलट एयरलाइंस में आपका स्वागत है! आप ग्राहक कार्यकारी से बात कर रहे हैं! आज मैं आपकी कैसे मदद कर सकता हूँ?,3,0
"Perfect! I see that there is an early morning flight operated by Emirates EA112 at a cost of $230. It departs at 7:AM and arrives at 11:30AM.
", उत्तम! मैं देखता हूं कि एमिरेट्स ईए112 द्वारा $230 की लागत से संचालित एक सुबह की उड़ान है। यह सुबह 7 बजे छूटती है और 11:30 बजे आती है।,2,2
confirm it please, कृपया इसकी पुष्टि करें,3,0
Hello! You've been connected to StarAirwyas. How may I assist you?, नमस्ते! आप StarAirwyas से जुड़ चुके हैं। मैं आपकी कैसे सहायता कर सकता हूँ?,3,0
hi, नमस्ते,2,0
"Oh sorry, I need middle seat. Can you please arrange it for me?"," ओह सॉरी, मुझे बीच की सीट चाहिए। क्या आप कृपया मेरे लिए इसकी व्यवस्था कर सकते हैं?",3,0
Thank you very much.. 5D middle row seat enough for me., बहुत-बहुत धन्यवाद.. 5डी मिडिल रो सीट मेरे लिए काफी है।,3,2
Welcome to PilotAirlines! You're talking to the Customer Executive! How may I help you today?, पायलट एयरलाइंस में आपका स्वागत है! आप ग्राहक कार्यकारी से बात कर रहे हैं! आज मैं आपकी कैसे मदद कर सकता हूँ?,3,0
hi spencer sir, हाय स्पेंसर सर,3,0
"Thank you for staying connected, you've been assigned to A6 window seat. "," जुड़े रहने के लिए धन्यवाद, आपको A6 विंडो सीट दी गई है।",3,2
For sure! I'll help you with that. Could you please let me know your last name and the booking confirmation number?, पक्का! मैं इसमें आपकी मदद करूंगा। क्या आप कृपया मुझे अपना अंतिम नाम और बुकिंग पुष्टिकरण संख्या बता सकते हैं?,3,0
2,2,0,0
"HI,GOOD MORNING", हाय सुप्रभात,3,0
???, ???,0,0
Good morning! You've reached Flamingo Customer Service. How may I help you today?, सुबह बख़ैर! आप फ्लेमिंगो ग्राहक सेवा तक पहुँच चुके हैं। आज मैं आपकी कैसे मदद कर सकता हूँ?,3,0
"I'll be glad to assist you with that, may I know your last name and the booking confirmation number?"," मुझे इसमें आपकी सहायता करने में खुशी होगी, क्या मैं आपका अंतिम नाम और बुकिंग पुष्टिकरण संख्या जान सकता हूं?",3,0
"Superb! Thanks a ton for baring with me, Is there anything else I may help you with?"," शानदार! मेरे साथ बाधा डालने के लिए एक टन धन्यवाद, क्या कुछ और है जिसमें मैं आपकी मदद कर सकता हूं?",3,2
THNX, THNX,0,0
I wanna check my seat assignment, मैं अपने सीट असाइनमेंट की जांच करना चाहता हूं,2,0
"Perfect! I see that there is an early morning flight operated by American airlines on Sep 3 AA112 at a cost of $118. It departs at 7:AM and arrives at 11:30AM.
",उत्तम! मैं देख रहा हूं कि अमेरिकी एयरलाइंस द्वारा 3 सितंबर AA112 को $118 की लागत से एक सुबह की उड़ान संचालित की जा रही है। यह सुबह 7 बजे छूटती है और 11:30 बजे आती है।,2,2
"Thank you Edward, please give me a minute to check the seats assigned to you. "," धन्यवाद एडवर्ड, कृपया मुझे आपको सौंपी गई सीटों की जांच करने के लिए एक मिनट दें।",3,0
WT12UB, डब्ल्यूटी12यूबी,0,0
Alright! May I know the city from which you'd start the journey and the city you'd like to go?, ठीक है! क्या मैं उस शहर को जान सकता हूँ जहाँ से आप यात्रा शुरू करेंगे और वह शहर जहाँ से आप जाना चाहते हैं?,3,0
k67y56, k67y56,2,0
"I'm sorry, but I won't be able to assist you with the wrong number.'"," मुझे खेद है, लेकिन मैं गलत नंबर के साथ आपकी सहायता नहीं कर पाऊंगा।'",3,1
Awesome! I've reserved the ticket for you. Could you please help me out with your full name and email address for the confirmation link to be sent to you?, बहुत बढ़िया! मैंने आपके लिए टिकट आरक्षित कर दिया है। आपको भेजे जाने वाले पुष्टिकरण लिंक के लिए क्या आप कृपया अपने पूरे नाम और ईमेल पते के साथ मेरी मदद कर सकते हैं?,3,2
ok thanks, ठीक है धन्यवाद,3,0
Hello, नमस्ते,2,0
Hai., हाय।,2,0
ok, ठीक है,2,0
Awesome! May I know the your mail id or phone number?, बहुत बढ़िया! क्या मैं आपकी मेल आईडी या फोन नंबर जान सकता हूं?,3,2
i need a boarding pass, मुझे बोर्डिंग पास चाहिए,1,0
HI CAHRLIE, हाय कार्ली,3,0
very good morning drew, बहुत सुप्रभात आकर्षित,2,2
Surely! I'll be happy to help you with that. Could you please help me with your last name and your booking confirmation number?, निश्चित रूप से! मुझे इसमें आपकी मदद करने में खुशी होगी। क्या आप कृपया अपने अंतिम नाम और अपनी बुकिंग पुष्टिकरण संख्या के साथ मेरी मदद कर सकते हैं?,3,0
Alright Hari! Could you help me with the booking confirmation number please?, ठीक है हरि! क्या आप कृपया बुकिंग पुष्टिकरण संख्या के साथ मेरी मदद कर सकते हैं?,3,0
A very good morning! You've reached the Moon Airways customer service. How may I help you today?, एक बहुत अच्छी सुबह! आप मून एयरवेज ग्राहक सेवा तक पहुँच चुके हैं। आज मैं आपकी कैसे मदद कर सकता हूँ?,3,2
"Thanks for being so cooperative, I've checked and I'm glad to inform you that there is an aisle seat available which is 12A should I confirm it for you?","इतने सहयोगी होने के लिए धन्यवाद, मैंने जाँच की है और मुझे आपको यह बताते हुए खुशी हो रही है कि एक गलियारा सीट उपलब्ध है जो कि 12A है क्या मुझे आपके लिए इसकी पुष्टि करनी चाहिए?",3,2
Glad to help you. Please go through this website: www.pilotairlines.com in case of any query and help us help you. Good day!, आपकी मदद करके प्रसन्नता हुई। कृपया इस वेबसाइट को देखें: www.pilotairlines.com किसी भी प्रश्न के मामले में और आपकी सहायता करने में हमारी सहायता करें। अच्छा दिन!,3,2
no thanks," जी नहीं, धन्यवाद",3,1
Could you also help me out with your phone number or email address for the boarding pass to be sent to you?, क्या आप मुझे बोर्डिंग पास भेजने के लिए अपने फोन नंबर या ईमेल पते के साथ मेरी मदद कर सकते हैं?,3,0
I need a boarding pass, मुझे बोर्डिंग पास चाहिए,1,0
Great! I've changed your seat from A9 to F7. Would that be all?, महान! मैंने आपकी सीट A9 से F7 में बदल दी है। क्या वह सब होगा?,3,2
"NAME - TEJAV , NUMBER - ECO856"," नाम - तेजव, नंबर - ECO856",0,0
no thanks," जी नहीं, धन्यवाद",3,1
Business Class is OK, बिजनेस क्लास ठीक है,2,2
Could you help me with your email address?, क्या आप अपने ईमेल पते में मेरी मदद कर सकते हैं?,3,0
Not really, ज़रुरी नहीं,1,0
hi, नमस्ते,2,0
i want to check my seat, मुझे अपनी सीट चेक करनी है,2,0
WINDOW SEAT, विंडो सीट,0,0
lucia, लुसिया,0,0
I was wanting to book a plane ticket to Panama City Florida anywhere from September 05 to September 07, मैं 05 सितंबर से 07 सितंबर तक कहीं भी पनामा सिटी फ्लोरिडा के लिए हवाई जहाज का टिकट बुक करना चाहता था,2,0
"Thank you! The seat number allotted to you is 25A. It's a window seat.
", आपको धन्यवाद! आपको आवंटित सीट संख्या 25A है। यह एक विंडो सीट है।,3,0
"Hello there good morning! Sky high customer services, How may I help you today?"," नमस्ते वहाँ सुप्रभात! स्काई हाई कस्टमर सर्विसेज, मैं आज आपकी कैसे मदद कर सकता हूं?",3,0
i need boarding pass, मुझे बोर्डिंग पास चाहिए,1,0
"Since there is no reply, this chat will get disconnected within 20 seconds. Thank you!"," चूंकि कोई जवाब नहीं है, यह चैट 20 सेकंड के भीतर डिस्कनेक्ट हो जाएगी। आपको धन्यवाद!",3,1
Hello! Good morning. You've reached LMT Airways. How may I assist you today?, नमस्ते! सुबह बख़ैर। आप एलएमटी एयरवेज पहुंच गए हैं। आज मैं आपकी मदद किस तरह कर सकता हूँ?,3,0
My pleasure! Will there be anything else I could help you with?, मेरा सौभाग्य! क्या कुछ और होगा जिसमें मैं आपकी मदद कर सकूं?,3,2
"Hello there, how may I assist you today?
"," नमस्ते, मैं आज आपकी कैसे सहायता कर सकता हूँ?",3,0
I want Seat change assignment Aisle instead of window, मुझे खिड़की के बजाय सीट परिवर्तन असाइनमेंट ऐलिस चाहिए,1,0
Fantastic! I've booked the tickets for you and you'd be receiving a confirmation email with the link to make the payment. Is there anything else that I may help you with?,ज़बरदस्त! मैंने आपके लिए टिकट बुक कर लिए हैं और आपको भुगतान करने के लिंक के साथ एक पुष्टिकरण ईमेल प्राप्त होगा। क्या कुछ और है जिसमें मैं आपकी मदद कर सकता हूं?,3,2
Id like to check my seat assignment firstly, मैं सबसे पहले अपने सीट असाइनमेंट की जांच करना चाहता हूं,3,0
996586202,996586202,0,0
Wow! Also May I know on what date are you planning to board the flight?, बहुत खूब! क्या मैं यह भी जान सकता हूँ कि आप किस तारीख को उड़ान भरने की योजना बना रहे हैं?,3,0
OK, ठीक है,2,0
I need to my seat assignment, मुझे अपने सीट असाइनमेंट की आवश्यकता है,2,0
NN45N6, एनएन45एन6,0,0
May I know your last name please?, क्या मैं आपका अंतिम नाम जान सकता हूँ?,3,0
yes, हां,2,0
wait, रुको,0,0
"Absolutely! I'll be able to assist you in this regard, could you please let me know your last name?"," बिल्कुल! मैं इस संबंध में आपकी सहायता कर सकूंगा, क्या आप कृपया मुझे अपना अंतिम नाम बता सकते हैं?",3,0
ba58r, बीए58आर,0,0
Amazing! Your boarding pass will be reaching you on the day of your journey. Is there anything else I might help you with?, अद्भुत! आपकी यात्रा के दिन आपका बोर्डिंग पास आप तक पहुंच जाएगा। क्या कुछ और है जिसमें मैं आपकी मदद कर सकता हूं?,3,2
JET AIRWAYS, जेट एयरवेज,0,0
dd56d5, डीडी56डी5,0,0
HI, नमस्ते,2,0
I'll help you out with that. May I know your full name and the booking confirmation number?, मैं इसमें आपकी मदद करूंगा। क्या मैं आपका पूरा नाम और बुकिंग पुष्टिकरण संख्या जान सकता हूँ?,3,0
I think I would prefer a window seat. What do you have that is in the forward of the cabin?, मुझे लगता है कि मैं विंडो सीट पसंद करूंगा। आपके पास केबिन के आगे क्या है?,3,0
Are we still connected?, हम अभी भी जुड़े हैं?,1,0
DEF589, डीईएफ589,0,0
"Thank you Beatriz for the details, please give me a minute to proceed further. "," विवरण के लिए धन्यवाद बीट्रिज़, कृपया मुझे आगे बढ़ने के लिए एक मिनट दें।",3,2
And your email address would be?,और आपका ईमेल पता होगा?,1,0
OK THANK YOU, ठीक है धन्यवाद,3,2
Would there be anythinlg else I may assist you with?, क्या कुछ और होगा जिसमें मैं आपकी सहायता कर सकूं?,2,0
CHECK MY SEAT ?, मेरी सीट की जाँच करें?,0,0
Great! Could you please help me with the city of departure and the city of arrival?,महान! क्या आप कृपया प्रस्थान के शहर और आगमन के शहर के बारे में मेरी मदद कर सकते हैं?,3,2
Amazing! Thanks for waiting! Your seat number is 54dqd. It is a window seat. Enjoy the view. I hope that would be helpful?, अद्भुत! प्रतीक्षा करने के लिए धन्यवाद! आपकी सीट संख्या 54dqd है। यह एक विंडो सीट है। दृश्य का आनंद लें। मुझे आशा है कि यह मददगार होगा?,3,2
I'll help you out with that! May I know your full name and the booking confirmation number?, मैं इसमें आपकी मदद करूंगा! क्या मैं आपका पूरा नाम और बुकिंग पुष्टिकरण संख्या जान सकता हूँ?,3,0
Thanks Anderson! May I please know your booking confirmation number?, धन्यवाद एंडरसन! क्या मैं कृपया आपकी बुकिंग पुष्टिकरण संख्या जान सकता हूँ?,3,0
You're welcome! Thank you for reaching out to us. Good day!, आपका स्वागत है! हमसे संपर्क की पहल के लिए आपका धन्यवाद। अच्छा दिन!,3,2
OK, ठीक है,2,0
I WANT FRONT WINDOW SEAT, मुझे फ्रंट विंडो सीट चाहिए,1,0
"Alright! Thank you for visiting us, wish to serve you again. Have a nice time!"," ठीक है! हमारे पास आने के लिए धन्यवाद, मैं फिर से आपकी सेवा करना चाहता हूं। आशा है आपका समय अच्छा बीते!",3,2
i ask for my boarding pass, मैं अपना बोर्डिंग पास मांगता हूं,2,0
Hello! Welcome to Air USA! How may I help you today?, नमस्ते! एयर यूएसए में आपका स्वागत है! आज मैं आपकी कैसे मदद कर सकता हूँ?,3,0
you too, आप भी,1,0
boarding pass to be sent to your email address or phone number, बोर्डिंग पास आपके ईमेल पते या फोन नंबर पर भेजा जाएगा,1,0
"Yair Stafford
", यायर स्टैफ़ोर्ड,2,0
Not really, ज़रुरी नहीं,1,0
I apologize. Booking Confirmation number is a 6 character code consisting of both numbers and letters. Please verify that and provide a valid code., मैं क्षमाप्रार्थी हूं। बुकिंग कन्फर्मेशन नंबर एक 6 कैरेक्टर का कोड होता है जिसमें नंबर और अक्षर दोनों होते हैं। कृपया इसे सत्यापित करें और एक मान्य कोड प्रदान करें।,3,1
"Sure! I'll be glad to help you in this, may I please know your last name and your booking confirmation number?"," ज़रूर! इसमें आपकी मदद करने में मुझे खुशी होगी, क्या मैं आपका अंतिम नाम और आपकी बुकिंग पुष्टिकरण संख्या जान सकता हूं?",3,0
I'm sorry but I'd like to inform you that 9C is a window seat and 5B is a middle seat. Which one would you like to choose?,"मुझे खेद है, लेकिन मैं आपको सूचित करना चाहता हूं कि 9सी विंडो सीट है और 5बी बीच की सीट है। आप किसे चुनना चाहेंगे?",3,0
"Hey there, Good morning! You'v reached Jet fly customer service! You're connected to Sam! I'd be glad to assist you today!"," अरे वहाँ, सुप्रभात! आप जेट फ्लाई ग्राहक सेवा तक पहुँच चुके हैं! आप सैम से जुड़े हुए हैं! मुझे आज आपकी सहायता करने में खुशी होगी!",3,2
2 PASSENGERS, 2 यात्री,0,0
no, नहीं,1,1
"Perfect! Soon you'll be receiving a mail with your boarding pass attached, you can download that from there and provide as proof at airport. Anything else I may help you in?
"," उत्तम! जल्द ही आपको अपने बोर्डिंग पास के साथ एक मेल प्राप्त होगा, आप उसे वहां से डाउनलोड कर सकते हैं और हवाई अड्डे पर प्रमाण के रूप में प्रदान कर सकते हैं। कुछ और मैं आपकी मदद कर सकता हूँ?",3,2
my booking confirmation number is NR5678, मेरी बुकिंग पुष्टिकरण संख्या NR5678 . है,1,0
yes, हां,2,0
Okay! I'm so glad to help you out. May I assist you with anything further?, ठीक! मुझे आपकी मदद करने में बहुत खुशी हो रही है। क्या मैं आगे कुछ भी आपकी सहायता कर सकता हूँ?,3,2
"You're welcome, is there anything else I could help you today?"," आपका स्वागत है, क्या आज मैं आपकी कुछ और मदद कर सकता हूँ?",2,2
my name jayan, मेरा नाम जया,2,0
"Thank you for visiting us, wish to see you again. Have a great time!"," हमारे पास आने के लिए धन्यवाद, आपसे फिर से मिलना चाहता हूं। बेहतर समय रहे!",3,2
hi, नमस्ते,2,0
NOTHING ELSE, और कुछ नहीं,2,0
OK, ठीक है,2,0
I'll help you out with that. Could you help me out with your full name and the booking confirmation number?, मैं इसमें आपकी मदद करूंगा। क्या आप अपना पूरा नाम और बुकिंग पुष्टिकरण नंबर के साथ मेरी मदद कर सकते हैं?,3,0
PHONE NO: 8145256845, फोन नंबर: 8145256845,1,0
"Awesome! Would you like to travel in a Economy class, Business class, first class or premium class?"," बहुत बढ़िया! क्या आप इकोनॉमी क्लास, बिजनेस क्लास, फर्स्ट क्लास या प्रीमियम क्लास में यात्रा करना चाहेंगे?",3,2
"Nothing else, Thank you for your Booking. Have a nice day to chat with you. "," और कुछ नहीं, आपकी बुकिंग के लिए धन्यवाद। आपके साथ चैट करने के लिए एक अच्छा दिन है।",3,0
ok, ठीक है,2,0
Could you please prefer for me., क्या आप कृपया मेरे लिए पसंद कर सकते हैं।,3,0
"Surely, would you like the boarding pass to be sent to your email address or contact number?","निश्चित रूप से, क्या आप चाहते हैं कि बोर्डिंग पास आपके ईमेल पते या संपर्क नंबर पर भेजा जाए?",3,0
okay, ठीक है,2,0
"Thank you! The seat number allotted to you is 25A. It's a window seat.
", आपको धन्यवाद! आपको आवंटित सीट संख्या 25A है। यह एक विंडो सीट है।,3,0
Yes yes date is no problem.. its okay...Thank you so much for your Service Drew.. Have a fantastic day ahead...Good bye., हाँ हाँ तारीख कोई समस्या नहीं है.. ठीक है...आपकी सेवा के लिए बहुत-बहुत धन्यवाद..आगे एक शानदार दिन है...अलविदा।,3,2
Would there be anything else I may assist you with?, क्या कुछ और होगा जिसमें मैं आपकी सहायता कर सकूं?,2,0
"Done! I've messaged you the boarding pass. Have a great trip. Goodbye!
", पूर्ण! मैंने आपको बोर्डिंग पास मैसेज कर दिया है। आपका यात्रा शुभ हो। अलविदा!,3,0
NOTHING ELSE, और कुछ नहीं,2,0
ok thanks bye, ठीक है धन्यवाद अलविदा,3,0
Elizbeth Smith, एलिजाबेथ स्मिथ,0,0
"You're welcome! Anything else I may help you out with today?
", आपका स्वागत है! कुछ और मैं आज आपकी मदद कर सकता हूं?,2,2
hello jesse, नमस्ते जेसी,3,0
Is there anything else I can help you with?, क्या कुछ और है जिसमें मैं आपकी मदद कर सकता हूं?,2,0
hello sam, हैलो सैम,3,0
"Hello there! Sky high customer services, How may I help you today?"," नमस्ते! स्काई हाई कस्टमर सर्विसेज, मैं आज आपकी कैसे मदद कर सकता हूं?",3,0
sure.Please confirm the seat for me., ज़रूर।कृपया मेरे लिए सीट पक्की करें।,3,0
Hello Chandra!! I'm glad to assist you today! Could you please help me with your booking confirmation number?, नमस्कार चंद्रा !! मुझे आज आपकी सहायता करने में खुशी हो रही है! क्या आप कृपया अपनी बुकिंग पुष्टिकरण संख्या के बारे में मेरी सहायता कर सकते हैं?,3,2
Melvin Richardson, मेल्विन रिचर्डसन,0,0
nepal to china, नेपाल से चीन,2,0
shri@gmail.com, श्री@gmail.com,0,0
"I'll be glad to assist you with that, may I know your last name and the booking confirmation number?"," मुझे इसमें आपकी सहायता करने में खुशी होगी, क्या मैं आपका अंतिम नाम और बुकिंग पुष्टिकरण संख्या जान सकता हूं?",3,0
Awesome! Could you also share your booking confirmation number?, बहुत बढ़िया! क्या आप अपनी बुकिंग पुष्टिकरण संख्या भी साझा कर सकते हैं?,3,2
r4y8k7, r4y8k7,2,0
Sure! Could you please let me know your email address?, ज़रूर! क्या आप कृपया मुझे अपना ईमेल पता बता सकते हैं?,3,0
"You're welcome, Is there anything else I may help you with?"," आपका स्वागत है, क्या कुछ और है जिसमें मैं आपकी मदद कर सकता हूँ?",2,2
Great! Thanks a lot for sharing all that information. I'll go ahead and proceed as per your request! :),महान! वह सारी जानकारी साझा करने के लिए बहुत-बहुत धन्यवाद। मैं आगे बढ़ूंगा और आपके अनुरोध के अनुसार आगे बढ़ूंगा! :),3,2
Thank you very much, आपका बहुत बहुत धन्यवाद,3,2
no thanks," जी नहीं, धन्यवाद",3,1
sorry, माफ़ करना,2,1
VIJI56@GMAIL.COM, VIJI56@GMAIL.COM,0,0
Thank you so much. The boarding pass has been sent to the email address. Please fell free to reach out to us at anytime in case of any queries., बहुत-बहुत धन्यवाद। बोर्डिंग पास ईमेल पते पर भेज दिया गया है। कृपया किसी भी प्रश्न के मामले में किसी भी समय हमसे संपर्क करने के लिए स्वतंत्र रहें।,3,2
Fantastic! It was amazing talking to you! :) I'm glad I could resolve all your issues! Thanks for reaching out to us! for any other concerns please feel free to contact us anytime! Have a great day ahead! :, ज़बरदस्त! आपसे बात करना अद्भुत था! :) मुझे खुशी है कि मैं आपके सभी मुद्दों का समाधान कर सका! हमसे संपर्क करने के लिए धन्यवाद! किसी भी अन्य चिंताओं के लिए कृपया बेझिझक हमसे कभी भी संपर्क करें! आगे एक महान दिन हो! :,3,2
"Hello! A very good morning, welcome to Indian Emirates. How may I help you today?"," नमस्ते! सुप्रभात, भारतीय अमीरात में आपका स्वागत है। आज मैं आपकी कैसे मदद कर सकता हूँ?",3,2
YEAH OK THANK YOU, हाँ ठीक है धन्यवाद,3,2
"Superb! Thank you for sharing all that details, Just allow me a minute I'll check with my resources and let you know."," शानदार! वह सब विवरण साझा करने के लिए धन्यवाद, बस मुझे एक मिनट का समय दें मैं अपने संसाधनों के साथ जांच करूंगा और आपको बता दूंगा।",3,2
Thanks! I've sent you an the boarding pass on your email. I hope this will be helpful., धन्यवाद! मैंने आपको आपके ईमेल पर एक बोर्डिंग पास भेजा है। मुझे उम्मीद है कि ये मददगार होगा।,3,2
"I'll do that for you, may I know the date you'd like to travel?"," मैं आपके लिए वह कर दूँगा, क्या मुझे पता चल सकता है कि आप किस तारीख को यात्रा करना चाहते हैं?",3,0
"Awesome! Thanks for reaching out to us, hope you have a wonderful trip ahead. "," बहुत बढ़िया! हमसे संपर्क करने के लिए धन्यवाद, आशा है कि आपकी आगे की यात्रा शानदार रही होगी।",3,2
"Thank you Albert, may I know the booking confirmation number as well? "," धन्यवाद अल्बर्ट, क्या मैं बुकिंग पुष्टिकरण संख्या भी जान सकता हूँ?",3,0
"In order to know your seat number, please visit LMTairways.com website. Is there anything I might help you with?",अपना सीट नंबर जानने के लिए कृपया LMTairways.com वेबसाइट पर जाएं। क्या कोई ऐसी चीज है जिसमें मैं आपकी मदद कर सकता हूं?,3,0
Hello! Good morning! Welcome to Sky Airway Customer Service! How may I help you today?, नमस्ते! सुबह बख़ैर! स्काई एयरवे ग्राहक सेवा में आपका स्वागत है! आज मैं आपकी कैसे मदद कर सकता हूँ?,3,0
Great! May I confirm if all your questions have been answered for the day?,महान! क्या मैं पुष्टि कर सकता हूँ कि क्या उस दिन के लिए आपके सभी प्रश्नों का उत्तर दे दिया गया है?,3,2
Great thank you, महान धन्यवाद,3,2
Mathew could you also help me out with your full name or phone number for the boarding pass to be sent to you?, मैथ्यू क्या आप मुझे बोर्डिंग पास भेजने के लिए अपने पूरे नाम या फोन नंबर के साथ मेरी मदद कर सकते हैं?,3,0
I NEED TO CHECK MY SEAT ASSIGNMENT, मुझे अपने सीट असाइनमेंट की जांच करने की आवश्यकता है,2,0
"For sure! I'll help you with that, could you please help me with your last name and the booking confirmation number?"," पक्का! मैं इसमें आपकी मदद करूंगा, क्या आप कृपया अपने अंतिम नाम और बुकिंग पुष्टिकरण संख्या के साथ मेरी मदद कर सकते हैं?",3,0
priyahosen, प्रियाहोसेन,2,0
Hello! You've been connected to StarAirwyas. How may I assist you?, नमस्ते! आप StarAirwyas से जुड़ चुके हैं। मैं आपकी कैसे सहायता कर सकता हूँ?,3,0
jerika hny789, जेरिका hny789,2,0
"Yes! I'll surely send you the boarding pass to your phone number, Could you please help me with your contact number?"," हाँ! मैं आपको बोर्डिंग पास आपके फोन नंबर पर जरूर भेजूंगा, क्या आप कृपया अपने संपर्क नंबर के साथ मेरी मदद कर सकते हैं?",3,0
I need boarding pass, मुझे बोर्डिंग पास चाहिए,1,0
"Good morning! You've reached Alliance Indian Airlines, how may I help you today?"," सुबह बख़ैर! आप एलायंस इंडियन एयरलाइंस पहुंच गए हैं, मैं आज आपकी कैसे मदद कर सकता हूं?",3,0
Hello! Good morning! Welcome to Sky Airway Customer Service! How may I help you today?, नमस्ते! सुबह बख़ैर! स्काई एयरवे ग्राहक सेवा में आपका स्वागत है! आज मैं आपकी कैसे मदद कर सकता हूँ?,3,0
Great! You'll be receiving your boarding pass within a couple of days. Is there anything else I might help you with?, महान! आपको एक दो दिनों के भीतर अपना बोर्डिंग पास प्राप्त हो जाएगा। क्या कुछ और है जिसमें मैं आपकी मदद कर सकता हूं?,3,2
Wonderful! Could you please share your name and the email address?, अद्भुत! क्या आप कृपया अपना नाम और ईमेल पता साझा कर सकते हैं?,3,2
"Sure, we are here to assist you. May I know your last name?"," ज़रूर, हम आपकी सहायता के लिए यहाँ हैं। क्या मैं आपका अंतिम नाम जान सकता हूँ?",2,0
"You're welcome! Thank you for choosing us, we are always here to help you. Have a wonderful journey!","आपका स्वागत है! हमें चुनने के लिए धन्यवाद, हम हमेशा आपकी मदद के लिए यहां हैं। एक अद्भुत यात्रा लो!",3,2
"Hello there, how may I assist you today?
"," नमस्ते, मैं आज आपकी कैसे सहायता कर सकता हूँ?",3,0
Could you please help me with the booking confirmation number as well?, क्या आप कृपया बुकिंग पुष्टिकरण संख्या के साथ भी मेरी मदद कर सकते हैं?,3,0
I'm Cooper, मैं कूपर हूँ,1,0
Great! Please allow me a moment to proceed the request., महान! कृपया मुझे अनुरोध को आगे बढ़ाने के लिए एक क्षण का समय दें।,3,2
Sure thing! Could you also help me out with your phone number or email address for the boarding pass to be sent to you?, अवश्य! क्या आप मुझे बोर्डिंग पास भेजने के लिए अपने फोन नंबर या ईमेल पते के साथ मेरी मदद कर सकते हैं?,3,0
No.Thank you so much., नहीं।बहुत बहुत धन्यवाद।,3,0
ok, ठीक है,2,0
sure santhosede@gmail.com my number 9856852644, ज़रूर santhosede@gmail.com मेरा नंबर 9856852644,2,0
i want to book flight ticket, मुझे फ्लाइट का टिकट बुक करना है,1,0
I'm Christine, मैं क्रिस्टीन हूँ,1,0
"Good news! There's window seat PH4 available for you, will that be fine for you? "," खुशखबरी! आपके लिए विंडो सीट PH4 उपलब्ध है, क्या यह आपके लिए ठीक रहेगा?",3,2
sure thing, अवश्य,2,0
"Hello there! Sky high customer services, How may I help you today?"," नमस्ते! स्काई हाई कस्टमर सर्विसेज, मैं आज आपकी कैसे मदद कर सकता हूं?",3,0
My pleasure! Goodbye!, मेरा सौभाग्य! अलविदा!,3,0
Good morning! You've reached Flamingo customers service. How may I help you today?, सुबह बख़ैर! आप फ्लेमिंगो ग्राहक सेवा तक पहुँच चुके हैं। आज मैं आपकी कैसे मदद कर सकता हूँ?,3,1
"Oh no worries, please don't be sorry. Thanks for the information, I'd like to inform you that the seat assigned to you is 12 A which is a Aisle seat. "," अरे कोई बात नहीं, प्लीज़ सॉरी मत। जानकारी के लिए धन्यवाद, मैं आपको सूचित करना चाहता हूं कि आपको दी गई सीट 12 ए है जो कि आइल सीट है।",3,0
"Thank you, may I know your last name as well?"," धन्यवाद, क्या मैं आपका उपनाम भी जान सकता हूँ?",3,0
"Okay, I'll try to get you an aisle seat."," ठीक है, मैं आपको गलियारे की सीट दिलाने की कोशिश करती हूँ।",2,0
Okay. Thank you for reaching out to us. Have a great day!, ठीक। हमसे संपर्क की पहल के लिए आपका धन्यवाद। आपका दिन अच्छा रहे!,3,2
robert wichki email:wichki@gmail.com,रॉबर्ट विक्की ईमेल: wichki@gmail.com,2,0
"Amazing! I've checked with my resources, your seat number is A8 and it is a window seat. Is there anything else I may help you with?"," अद्भुत! मैंने अपने संसाधनों से जाँच की है, आपकी सीट संख्या A8 है और यह एक विंडो सीट है। क्या कुछ और है जिसमें मैं आपकी मदद कर सकता हूं?",3,2
HI, नमस्ते,2,0
"I'm sorry, but we are out of window seats at the moment. I can offer a aisle seat to you. Would you like to go with the same?
"," मुझे खेद है, लेकिन इस समय हम खिड़की वाली सीटों से बाहर हैं। मैं आपको गलियारे की सीट दे सकता हूं। क्या आप उसी के साथ जाना चाहेंगे?",3,0
Hello there! A very Good morning! Welcome to Moon way airline service! How may I help you with?, नमस्ते! एक बहुत ही शुभ प्रभात! मून वे एयरलाइन सेवा में आपका स्वागत है! मैं आपकी कैसे मदद कर सकता हूँ?,3,2
that's all. thank you., बस इतना ही। शुक्रिया।,3,0
bbn256, बीबीएन256,0,0
"Thank you! Just allow me a moment, I'll go ahead and check your seating assignment and let you know."," आपको धन्यवाद! बस मुझे एक क्षण का समय दें, मैं आगे जाकर आपके बैठने के कार्य की जाँच करूँगा और आपको बता दूँगा।",3,0
Awesome! Could you please help me out with your email address for the confirmation link to be sent to you?, बहुत बढ़िया! क्या आप कृपया अपने ईमेल पते के साथ मेरी मदद कर सकते हैं ताकि आपको पुष्टिकरण लिंक भेजा जा सके?,3,2
Nothing else, और कुछ नहीं,2,0
Thank you. The link shall be sent to you in sometime. Anything else?, शुक्रिया। कुछ देर में आपको लिंक भेज दिया जाएगा। और कुछ?,3,0
A very good evening! You've reached the Moon Airways customer service. How may I help you today?, एक बहुत अच्छी शाम! आप मून एयरवेज ग्राहक सेवा तक पहुँच चुके हैं। आज मैं आपकी कैसे मदद कर सकता हूँ?,3,2
Great! May I know the preferred date of your travel?, महान! क्या मैं आपकी यात्रा की पसंदीदा तारीख जान सकता हूँ?,3,2
Can i please get my boarding pass?, क्या मुझे अपना बोर्डिंग पास मिल सकता है?,2,0
Sure! I'll be happy to help you with that. May I know your last name and your booking confirmation number?,ज़रूर! मुझे इसमें आपकी मदद करने में खुशी होगी। क्या मैं आपका अंतिम नाम और आपकी बुकिंग पुष्टिकरण संख्या जान सकता हूँ?,3,0
"Sure! May I know your last name?
'", ज़रूर! क्या मैं आपका अंतिम नाम जान सकता हूँ? ',2,0
"Okay! I'll update this number, Now could you please share your email address as well?"," ठीक! मैं इस नंबर को अपडेट कर दूंगा, अब क्या आप कृपया अपना ईमेल पता भी साझा कर सकते हैं?",3,0
Hi, नमस्ते,2,0
Thank you for sharing the email address. May I know your name as well?, ईमेल पता साझा करने के लिए धन्यवाद। क्या मैं आपका नाम भी जान सकता हूँ?,3,0
booking confirmation number nhj586, बुकिंग पुष्टिकरण संख्या nhj586,2,0
enough, पर्याप्त,1,0
"Hello there, how may I assist you today?
"," नमस्ते, मैं आज आपकी कैसे सहायता कर सकता हूँ?",3,0
Of course! I'd be glad to help you with that. May I know your last name please?, बेशक! मुझे इसमें आपकी मदद करने में खुशी होगी। क्या मैं आपका अंतिम नाम जान सकता हूँ?,3,0
I need to book a one way flight from Miami to California please, कृपया मुझे मियामी से कैलिफ़ोर्निया के लिए एकतरफा उड़ान बुक करने की आवश्यकता है,3,0
"Hoffman Estates, IL
 to Wasilla, AK
"," हॉफमैन एस्टेट्स, आईएल से वसीला, एके",0,0
Okay, ठीक,2,2
RTD970, आरटीडी970,0,0
Alright! Superb! Is there anything else I may help you with?, ठीक है! शानदार! क्या कुछ और है जिसमें मैं आपकी मदद कर सकता हूं?,3,2
Absolutely! Could you please help me with your Full Name?, बिल्कुल! क्या आप कृपया अपने पूरे नाम के साथ मेरी मदद कर सकते हैं?,3,0
hello, नमस्ते,2,0
Robert Williams and TYU444, रॉबर्ट विलियम्स और TYU444,0,0
"Awesome! Thanks for choosing us, hope you'll have a wonderful trip ahead."," बहुत बढ़िया! हमें चुनने के लिए धन्यवाद, आशा है कि आपकी आगे की यात्रा शानदार होगी।",3,2
Bucharest to Wenzhou, बुखारेस्ट से वानजाउ,0,0
"thaya@gmail.com
", थाया@gmail.com,2,0
Email address: chinneraju91@yahoo.com, ईमेल पता: chinneraju91@yahoo.com,2,0
Awesome! Hello Trishika! I'm so glad to assist you today! Could you please help me with your booking confirmation number?,बहुत बढ़िया! नमस्कार त्रिशिका! मुझे आज आपकी सहायता करने में बहुत खुशी हो रही है! क्या आप कृपया अपनी बुकिंग पुष्टिकरण संख्या के बारे में मेरी सहायता कर सकते हैं?,3,2
Thank you for waiting. Your patience is greatly appreciated. Your seat number is A6 and it is an aisle. Is there anything else I might help you with?, प्रतीक्षा के लिए धन्यवाद। आपके धैर्य की बहुत सराहना की जाती है। आपकी सीट संख्या A6 है और यह एक गलियारा है। क्या कुछ और है जिसमें मैं आपकी मदद कर सकता हूं?,3,2
gtea! thanks so much!, जीटीई! बहुत - बहुत धन्यवाद!,3,2
Thank you for staying connected. Your seat is confirmed to middle seat A7. Would you like to change it to aisle seat or window seat?, जुड़े रहने के लिए धन्यवाद। आपकी सीट मध्य सीट A7 के लिए पक्की है। क्या आप इसे आइल सीट या विंडो सीट में बदलना चाहेंगे?,3,0
ok, ठीक है,2,0
My name is Robert, मेरा नाम रॉबर्ट है,2,0
It's Brooks and 3g52g6, यह ब्रूक्स और 3g52g6 . है,2,0
For sure! I'll help you with that. Could you please let me know your last name and the booking confirmation number?, पक्का! मैं इसमें आपकी मदद करूंगा। क्या आप कृपया मुझे अपना अंतिम नाम और बुकिंग पुष्टिकरण संख्या बता सकते हैं?,3,0
HII, HII,2,0
"i want to change seat,please allot window seat if possible"," मैं सीट बदलना चाहता हूं, अगर संभव हो तो कृपया विंडो सीट आवंटित करें",3,1
British airways, ब्रिटिश एयरवेज,0,0
V45x67, वी45x67,0,0
"Hello, you've reached Sky Travels. How may I help you today?"," नमस्कार, आप स्काई ट्रेवल्स में पहुंच गए हैं। आज मैं आपकी कैसे मदद कर सकता हूँ?",3,0
Sure! Could you please share the number of passengers as well?, ज़रूर! क्या आप कृपया यात्रियों की संख्या भी साझा कर सकते हैं?,3,0
"Okay, please allow me a minute to get this done for you."," ठीक है, कृपया मुझे यह आपके लिए करने के लिए एक मिनट का समय दें।",2,0
"Nothing else, Thank you for your information. Have a nice day to chat with you. "," और कुछ नहीं, आपकी जानकारी के लिए धन्यवाद। आपके साथ चैट करने के लिए एक अच्छा दिन है।",3,0
Good Morning! You've been connected to StarAirways customer service! How may I assist you today?, शुभ प्रभात! आप StarAirways ग्राहक सेवा से जुड़ चुके हैं! आज मैं आपकी मदद किस तरह कर सकता हूँ?,3,0
Fantastic! Thanks a ton for being so patient and baring with me. I hope you have a great time on the flight! Have a safe journey! have a great day ahead! Goodbye. :)," ज़बरदस्त! इतने धैर्यवान होने और मेरे साथ रहने के लिए बहुत-बहुत धन्यवाद। मुझे आशा है कि आपके पास उड़ान पर एक अच्छा समय है! आपकी यात्रा सुरक्षित हो! यही चाहता हूं, दिन अच्छा बीते! अलविदा। :)",3,2
Thanks! I've sent you an email which has an attachment of your boarding pass. I hope this is helpful., धन्यवाद! मैंने आपको एक ईमेल भेजा है जिसमें आपके बोर्डिंग पास का अटैचमेंट है। मुझे आशा है कि यह मददगार है।,3,0
So what would be cost of ticket now?, तो अब टिकट की कीमत क्या होगी?,2,0
no thanks," जी नहीं, धन्यवाद",3,1
Thanks! I've sent you an the boarding pass on your email. I hope this will be helpful., धन्यवाद! मैंने आपको आपके ईमेल पर एक बोर्डिंग पास भेजा है। मुझे उम्मीद है कि ये मददगार होगा।,3,2
ok no thanks, ठीक है नहीं धन्यवाद,3,1
A very good morning! You've reached the Moon Airways customer service. How may I help you today?, एक बहुत अच्छी सुबह! आप मून एयरवेज ग्राहक सेवा तक पहुँच चुके हैं। आज मैं आपकी कैसे मदद कर सकता हूँ?,3,2
Great! Please allow me a moment to check the details and get back to you., महान! कृपया मुझे विवरणों की जांच करने और आपसे संपर्क करने के लिए कुछ समय दें।,3,2
hi, नमस्ते,2,0
"I'm glad that was helpful, thank you for reaching out to us. Have a great day ahead and happy traveling! "," मुझे खुशी है कि यह मददगार था, हमसे संपर्क करने के लिए धन्यवाद। आगे का दिन अच्छा हो और यात्रा सुखद हो!",3,2
goodbye,अलविदा,2,0
Sure! I'll be happy to help you with that. Could you please help me with your last name and your booking confirmation number?, ज़रूर! मुझे इसमें आपकी मदद करने में खुशी होगी। क्या आप कृपया अपने अंतिम नाम और अपनी बुकिंग पुष्टिकरण संख्या के साथ मेरी मदद कर सकते हैं?,3,0
"Nothing else, Thank you for your Booking. Have a nice day to chat with you. "," और कुछ नहीं, आपकी बुकिंग के लिए धन्यवाद। आपके साथ चैट करने के लिए एक अच्छा दिन है।",3,0
Hello! You've been connected to StarAirwyas. How may I assist you?, नमस्ते! आप StarAirwyas से जुड़ चुके हैं। मैं आपकी कैसे सहायता कर सकता हूँ?,3,0
ok, ठीक है,2,0
i need to boarding pass, मुझे बोर्डिंग पास चाहिए,1,0
Hayden, हेडन,0,0
Great! You'd be receiving the boarding pass in a couple of days. Would that be all?, महान! आपको एक दो दिनों में बोर्डिंग पास प्राप्त हो जाएगा। क्या वह सब होगा?,3,1
no thanks," जी नहीं, धन्यवाद",3,1
"Surely, thank you! I'll also require the booking confirmation number?"," ज़रूर, धन्यवाद! मुझे बुकिंग पुष्टिकरण संख्या की भी आवश्यकता होगी?",3,0
UE31T9, UE31T9,0,0
You're always welcome! Have a great day ahead and a safe journey! It was a pleasure assisting you., आपका हमेशा स्वागत है! आगे का दिन अच्छा हो और सुरक्षित यात्रा हो! आपकी सहायता करना खुशी की बात थी।,3,2
"ok sam, thank you very much."," ठीक है सैम, बहुत-बहुत धन्यवाद।",3,0
OK, ठीक है,2,0
SED145, SED145,0,0
Great! May I confirm if all your questions have been answered for the day?,महान! क्या मैं पुष्टि कर सकता हूँ कि क्या उस दिन के लिए आपके सभी प्रश्नों का उत्तर दे दिया गया है?,3,2
7856307890,7856307890,0,0
"I ALREADY BOOKED THE TICKET, NOW I CHANGED THE SEAT"," मैंने पहले ही टिकट बुक कर लिया था, अब मैंने सीट बदल दी है",2,0
ok thanks, ठीक है धन्यवाद,3,0
Could you also help me with the booking confirmation number?, क्या आप बुकिंग कन्फर्मेशन नंबर में भी मेरी मदद कर सकते हैं?,3,0
Awesome Shyam! Could you also help me with your booking confirmation number?, बहुत बढ़िया श्याम! क्या आप अपनी बुकिंग पुष्टिकरण संख्या के बारे में भी मेरी मदद कर सकते हैं?,3,2
"Hello! You've reached SkyHigh Travels! Surely, I'll be glad to help you with it. Please may I know your full name?"," नमस्ते! आप स्काईहाई ट्रेवल्स में पहुंच गए हैं! निश्चित रूप से, मुझे इसमें आपकी मदद करने में खुशी होगी। कृपया क्या मैं आपका पूरा नाम जान सकता हूँ?",3,0
middle, मध्यम,0,0
Thanks. Please hold a moment., धन्यवाद। कृपया एक क्षण रुकें।,3,0
You're welcome! Would there be anything else I may assist you with?,आपका स्वागत है! क्या कुछ और होगा जिसमें मैं आपकी सहायता कर सकूं?,3,2
"No worries, I'll send the boarding pass to inba1234@gmail.com right away. "," कोई बात नहीं, मैं बोर्डिंग पास तुरंत inba1234@gmail.com पर भेज दूँगा।",1,0
I'm glad I could help! Thank you for choosing us to fly! Great day!, मैं खुश हूं कि मैं मदद कर सका! हमें उड़ान भरने के लिए चुनने के लिए धन्यवाद! भव्य दिवस!,3,2
Alright! I'd be glad to help you with that. May I know your last name please?,ठीक है! मुझे इसमें आपकी मदद करने में खुशी होगी। क्या मैं आपका अंतिम नाम जान सकता हूँ?,3,0
Awesome! Which class would you prefer?, बहुत बढ़िया! आप कौन सी कक्षा पसंद करेंगे?,3,2
LillieFlowers@gmail.com, LillieFlowers@gmail.com,0,0
NUMBER - HJY958, नंबर - HJY958,0,0
hi, नमस्ते,2,0
For sure! I'll look upon the window seats available on the flight for you. Please give me a moment., पक्का! मैं आपके लिए फ़्लाइट में उपलब्ध विंडो सीटों पर नज़र डालूंगा। कृपया मुझे एक क्षण दें।,2,0
"Hi, could you please help me?"," हाय, क्या आप कृपया मेरी मदद कर सकते हैं?",3,0
no thanks," जी नहीं, धन्यवाद",3,1
Great! Would there be anything else that I may help you with?, महान! क्या कुछ और होगा जिसमें मैं आपकी मदद कर सकूं?,3,2
HG43D5, एचजी43डी5,0,0
My pleasure! Gooa day!, मेरा सौभाग्य! गू दिन!,3,2
"May I know your phone number to process the request.
", क्या मैं अनुरोध को संसाधित करने के लिए आपका फ़ोन नंबर जान सकता हूँ।,2,0
selvaselva151@gmail.com, selvaselva151@gmail.com,0,0
yes, हां,2,0
yes, हां,2,0
A very good morning! You've reached the Moon Airways customer service. How may I help you today?, एक बहुत अच्छी सुबह! आप मून एयरवेज ग्राहक सेवा तक पहुँच चुके हैं। आज मैं आपकी कैसे मदद कर सकता हूँ?,3,2
"Okay, sure. I'll try to find the best deals around that time. Please allow me a minute.", पक्का निश्चित। मैं उस समय के आसपास सर्वोत्तम सौदे खोजने की कोशिश करूंगा। कृपया मुझे एक मिनट का समय दें।,2,0
Awesome! I've sent you the boarding pass and you'll receive it within 2-3 minutes., बहुत बढ़िया! मैंने आपको बोर्डिंग पास भेज दिया है और आप इसे 2-3 मिनट में प्राप्त कर लेंगे।,3,2
Hello! Good morning. You've reached LMT Airways. How may I assist you today?, नमस्ते! सुबह बख़ैर। आप एलएमटी एयरवेज पहुंच गए हैं। आज मैं आपकी मदद किस तरह कर सकता हूँ?,3,0
NUMBER - KSL950, संख्या - KSL950,0,0
The seat number allotted to you is K3 which is the window seat. May I know which seat would you prefer? The middle one or the aisle seat?, आपको आवंटित सीट संख्या K3 है जो विंडो सीट है। क्या मैं जान सकता हूँ कि आप कौन सी सीट पसंद करेंगे? बीच वाली या गलियारे की सीट?,3,0
Hello Natosha! I'm glad to help you! :) Could you please share your booking confirmation number?, हैलो नतोशा! मैं आपकी मदद करके खुश हूँ! :) क्या आप कृपया अपनी बुकिंग पुष्टिकरण संख्या साझा कर सकते हैं?,3,2
R1DF23, R1DF23,0,0
You're welcome! Is there anything else that I may help you with?,आपका स्वागत है! क्या कुछ और है जिसमें मैं आपकी मदद कर सकता हूं?,2,2
ok thanks, ठीक है धन्यवाद,3,0
Hello! Good morning! Welcome to Sky Airway Customer Service! How may I help you today?, नमस्ते! सुबह बख़ैर! स्काई एयरवे ग्राहक सेवा में आपका स्वागत है! आज मैं आपकी कैसे मदद कर सकता हूँ?,3,0
Superb! Could you please give me a minute to check with the resources?, शानदार! क्या आप कृपया मुझे संसाधनों की जांच करने के लिए एक मिनट दे सकते हैं?,3,2
ok, ठीक है,2,0
Thanks Paul! Please allow me a moment to check if there is any middle row seat available., धन्यवाद पॉल! कृपया मुझे यह जांचने के लिए एक क्षण दें कि क्या कोई मध्य पंक्ति की सीट उपलब्ध है।,3,2
Hello, नमस्ते,2,0
sachet., पाउच,0,0
Sure! We are here to assist you in the best possible way! Could you help me with your last name and the booking confirmation number please?, ज़रूर! हम यहां आपकी सर्वोत्तम संभव तरीके से सहायता करने के लिए हैं! क्या आप कृपया अपने अंतिम नाम और बुकिंग पुष्टिकरण संख्या के साथ मेरी मदद कर सकते हैं?,3,0
ok, ठीक है,2,0
okay, ठीक है,2,0
Great! May I please know the preferred date for travel?, महान! क्या मैं कृपया यात्रा के लिए पसंदीदा तारीख जान सकता हूँ?,3,2
"Thank you for staying connected. As per the confirmation number, you're assigned a window seat T7. Would you need anything else?"," जुड़े रहने के लिए धन्यवाद। कन्फर्मेशन नंबर के अनुसार, आपको विंडो सीट T7 दी गई है। क्या आपको कुछ और चाहिए होगा?",3,2
May I know the booking confirmation number as well?, क्या मैं बुकिंग पुष्टिकरण संख्या भी जान सकता हूँ?,2,0
ok, ठीक है,2,0
Great! Would there be anything else that I may help you with, महान! क्या कुछ और होगा जिससे मैं आपकी मदद कर सकूं,3,2
Hi!, नमस्ते!,3,0
"Alright! In order to place your booking, I'll need to know your Full name and mail id. Kindly provide me the same."," ठीक है! आपकी बुकिंग करने के लिए, मुझे आपका पूरा नाम और मेल आईडी जानना होगा। कृपया मुझे वही प्रदान करें।",3,0
i need  boarding pass, मुझे बोर्डिंग पास चाहिए,1,0
ok, ठीक है,2,0
Absolutely! I'll be happy to help you with it. Please may I know your full name?, बिल्कुल! मुझे इसमें आपकी मदद करने में खुशी होगी। कृपया क्या मैं आपका पूरा नाम जान सकता हूँ?,3,2
my seat assignment, मेरी सीट असाइनमेंट,1,0
"Sure! I'll change that for you right away!
",ज़रूर! मैं इसे आपके लिए तुरंत बदल दूँगा!,3,0
yes, हां,2,0
ok, ठीक है,2,0
okey, शाबाशी,2,0
"Good morning! You've reached Alliance Airways Customer service, how may I help you?  "," सुबह बख़ैर! आप एलायंस एयरवेज ग्राहक सेवा तक पहुँच चुके हैं, मैं आपकी कैसे मदद कर सकता हूँ?",3,0
Yes Window, हाँ खिड़की,2,0
sorry, माफ़ करना,2,1
556yyu, 556 वर्ष,0,0
Hello! You've been connected to StarAirwyas. How may I assist you?, नमस्ते! आप StarAirwyas से जुड़ चुके हैं। मैं आपकी कैसे सहायता कर सकता हूँ?,3,0
suresh, सुरेश,2,0
my name is inba., मेरा नाम इनबा है।,1,0
DO you mean to change the seat?, क्या आपका मतलब सीट बदलना है?,1,0
"Thank You! May I also know the 6 chartered booking confirmation number?
", धन्यवाद! क्या मैं 6 चार्टर्ड बुकिंग पुष्टिकरण संख्या भी जान सकता हूँ?,3,0
I'll provide you with the boarding pass. Could you help me out with your full name and the booking confirmation number?, मैं आपको बोर्डिंग पास प्रदान करूंगा। क्या आप अपना पूरा नाम और बुकिंग पुष्टिकरण नंबर के साथ मेरी मदद कर सकते हैं?,3,0
Yes! Sure! I'll certainly help you out in this regard. May I know your full name please?, हाँ! ज़रूर! मैं निश्चित रूप से इस संबंध में आपकी मदद करूंगा। क्या मैं आपका पूरा नाम जान सकता हूँ?,3,0
hi, नमस्ते,2,0
are you there, आप वहाँ हैं,1,0
"Sorry, you mean you want to change your seat?"," माफ़ करें, आपका मतलब है कि आप अपनी सीट बदलना चाहते हैं?",3,1
i like to  business  seats, मुझे व्यावसायिक सीटें पसंद हैं,2,2
RAj confirmation number RT34T6, राज पुष्टिकरण संख्या RT34T6,0,0
yes ok for me, हाँ मेरे लिए ठीक है,2,2
Goodbye!, अलविदा!,2,0
"Thank you! The seat number allotted to you is 25A. It's a window seat.
", आपको धन्यवाद! आपको आवंटित सीट संख्या 25A है। यह एक विंडो सीट है।,3,0
SUBRAMANI45@GMAIL.COM, SUBRAMANI45@GMAIL.COM,0,0
i want book plane ticket, मुझे हवाई जहाज का टिकट चाहिए,1,0
Hello, नमस्ते,2,0
HEY THERE CHARLIE, अरे वहाँ चार्ली,3,0
no thanks," जी नहीं, धन्यवाद",3,1
Superb! Please feel free to reach out to us for further queries. Have an amazing journey. Bye., शानदार! कृपया आगे के प्रश्नों के लिए हमसे बेझिझक संपर्क करें। एक अद्भुत यात्रा करें। अलविदा।,2,2
Perfect! Please allow me a moment to process your request., उत्तम! कृपया मुझे आपके अनुरोध को संसाधित करने के लिए कुछ समय दें।,3,2
"Good news! I've emailed you the boarding pass, You can check that. If you don't receive the email kindly, let me know I'll resend you."," खुशखबरी! मैंने आपको बोर्डिंग पास ईमेल कर दिया है, आप उसे देख सकते हैं। यदि आप कृपया ईमेल प्राप्त नहीं करते हैं, तो मुझे बताएं कि मैं आपको फिर से भेजूंगा।",3,2
Yes I am comfortable with it ..Please confirm it, हाँ मैं इसके साथ सहज हूँ ..कृपया इसकी पुष्टि करें,3,2
"I'm glad that was helpful, thank you for reaching out to us. Have a great day ahead and happy traveling! "," मुझे खुशी है कि यह मददगार था, हमसे संपर्क करने के लिए धन्यवाद। आगे का दिन अच्छा हो और यात्रा सुखद हो!",3,2
"Thanks for your patience, I've checked the details and you'll soon be receiving a mail with the link to your boarding pass. Anything else I may help you with?"," आपके धैर्य के लिए धन्यवाद, मैंने विवरणों की जांच कर ली है और जल्द ही आपको अपने बोर्डिंग पास के लिंक के साथ एक मेल प्राप्त होगा। कुछ और मैं आपकी मदद कर सकता हूँ?",3,2
seat assignment, बैठने की जगह का आवंटन,0,0
projo and projo@gmail.com,प्रोजो और प्रोजो@gmail.com,0,0
HAI, हाई,2,0
yuviraj56@gmail.com, yuviraj56@gmail.com,0,0
ok, ठीक है,2,0
my confirmation number is t5s6u7, मेरी पुष्टिकरण संख्या t5s6u7 है,1,0
Fantastic! Please give me a moment to check., ज़बरदस्त! कृपया मुझे जांचने के लिए एक क्षण दें।,3,2
Hello good morning!, हैलो सुप्रभात!,3,0
no thanks," जी नहीं, धन्यवाद",3,1
You're welcome! Is there anything else that I may help you with?,आपका स्वागत है! क्या कुछ और है जिसमें मैं आपकी मदद कर सकता हूं?,2,2
ok thanks, ठीक है धन्यवाद,3,0
Good morning! You've reached Flamingo customers service. How may I help you today?, सुबह बख़ैर! आप फ्लेमिंगो ग्राहक सेवा तक पहुँच चुके हैं। आज मैं आपकी कैसे मदद कर सकता हूँ?,3,1
"Thibodaux, LA
"," थिबोडॉक्स, ला",2,0
Martin, मार्टिन,0,0
can you help me, क्या आप मेरी मदद कर सकते हैं,2,0
Hello! You've been connected to StarAirways customer service! How may I assist you today?, नमस्ते! आप StarAirways ग्राहक सेवा से जुड़ चुके हैं! आज मैं आपकी मदद किस तरह कर सकता हूँ?,3,0
"You're welcome! Anything else I may help you out with today?
", आपका स्वागत है! कुछ और मैं आज आपकी मदद कर सकता हूं?,2,2
hi, नमस्ते,2,0
"Lovely! May I know your email address or contact number, please?"," प्यारा! क्या मैं आपका ईमेल पता या संपर्क नंबर जान सकता हूं, कृपया?",3,2
ok bye, चलो बाय,2,0
THANK YOU, धन्यवाद,3,2
Thanks Kumar! I appreciate your effort could you please let me know your email address you'd like me to send the pass to?," धन्यवाद कुमार! मैं आपके प्रयास की सराहना करता हूं, क्या आप कृपया मुझे अपना ईमेल पता बता सकते हैं, जिस पर आप मुझे पास भेजना चाहते हैं?",3,2
Awesome! May I know the date and timings you'd like to travel?, बहुत बढ़िया! क्या मैं वह तारीख और समय जान सकता हूँ जिसकी आप यात्रा करना चाहते हैं?,3,2
"Great! Thank you for visiting us, wish ti serve you again. Have a nice time!"," महान! हमारे पास आने के लिए धन्यवाद, काश मैं फिर से आपकी सेवा करता। आशा है आपका समय अच्छा बीते!",3,2
Perfect! May I know how would you prefer the boarding pass to be sent through phone or email address?, उत्तम! क्या मैं जान सकता हूँ कि आप बोर्डिंग पास को फोन या ईमेल पते से कैसे भेजना पसंद करेंगे?,3,2
Anderson, एंडरसन,0,0
james, जेम्स,0,0
nn67t6, एनएन67टी6,0,0
Good morning! You've reached Flamingo customers service. How may I help you today?, सुबह बख़ैर! आप फ्लेमिंगो ग्राहक सेवा तक पहुँच चुके हैं। आज मैं आपकी कैसे मदद कर सकता हूँ?,3,1
My pleasure. Is there anything else that I could help you with?, मेरा सौभाग्य। क्या कुछ और है जिसमें मैं आपकी मदद कर सकता हूं?,3,2
Hello there! You're talking to the Customer Executive from VS Airlines! How may I help you today?,नमस्ते! आप वीएस एयरलाइंस के ग्राहक कार्यकारी से बात कर रहे हैं! आज मैं आपकी कैसे मदद कर सकता हूँ?,3,0
I Need to Check my seat, मुझे अपनी सीट चेक करनी है,2,0
"Perfect! Thank you for that. Could you please allow me a minute or two, while I check for the availability?"," उत्तम! उसके लिये आपका धन्यवाद। क्या आप कृपया मुझे एक या दो मिनट का समय दे सकते हैं, जबकि मैं उपलब्धता की जांच कर रहा हूं?",3,2
"I'd like to have my boarding pass, please"," मुझे अपना बोर्डिंग पास चाहिए, कृपया",3,0
NOTHING ELSE, और कुछ नहीं,2,0
John Doe WS7X2Q, जॉन डो WS7X2Q,1,0
Thank YOu, धन्यवाद,3,0
patel, पटेल,0,0
"Awesome! Thank you for reaching out to us, please feel free to reach out for further concerns. Have an awesome day and happy traveling!"," बहुत बढ़िया! हमसे संपर्क करने के लिए धन्यवाद, कृपया आगे की चिंताओं के लिए बेझिझक संपर्क करें। आपका दिन शुभ हो और यात्रा सुखद हो!",3,2
September 20 2018,September 20 2018,0,0
You're always welcome! Have a great day ahead and a safe journey! It was a pleasure assisting you., आपका हमेशा स्वागत है! आगे का दिन अच्छा हो और सुरक्षित यात्रा हो! आपकी सहायता करना खुशी की बात थी।,3,2
nivi, निवि,0,0
28th Aug'18, 28 अगस्त'18,0,0
"Hello! Good morning. Welcome to ""Flyhigh Airlines"". How may I help you?"," नमस्ते! सुबह बख़ैर। ""फ्लाईहाई एयरलाइंस"" में आपका स्वागत है। क्या मेरे द्वारा आपकी कोई सहायता हो सकती है?",3,0
no thanks," जी नहीं, धन्यवाद",3,1
Thank you for the confirmation. Please give me a moment to check with the resources., पुष्टिकरण के लिए धन्यवाद। कृपया मुझे संसाधनों के साथ जाँच करने के लिए एक क्षण दें।,3,0
Awesome! Could you please help me with the your preferred date of journey?, बहुत बढ़िया! क्या आप कृपया अपनी पसंदीदा यात्रा की तारीख में मेरी मदद कर सकते हैं?,3,2
May I know the departure and arrival cities?, क्या मैं प्रस्थान और आगमन शहरों को जान सकता हूँ?,2,0
" Thank you for reaching out to us, it's a pleasure assisting you. Have a great day and happy traveling!"," हमसे संपर्क करने के लिए धन्यवाद, आपकी सहायता करना खुशी की बात है। आपका दिन शुभ हो और यात्रा सुखद हो!",3,2
thank you so much, आपका बहुत-बहुत धन्यवाद,3,2
american airline, अमेरिकन एयरलाइन,0,0
Hello! Good morning. You've reached LMT Airways. How may I assist you today?, नमस्ते! सुबह बख़ैर। आप एलएमटी एयरवेज पहुंच गए हैं। आज मैं आपकी मदद किस तरह कर सकता हूँ?,3,0
"You're most welcome, I hope I've answered all your questions, Is there anything else I may help you with?","आपका बहुत-बहुत स्वागत है, मुझे आशा है कि मैंने आपके सभी प्रश्नों का उत्तर दे दिया है, क्या कुछ और है जिसमें मैं आपकी सहायता कर सकता हूँ?",3,2
yes okay sure, हाँ ठीक है ज़रूर,2,0
karthiga675@gmail.com, karthiga675@gmail.com,2,0
out *, बाहर *,0,0
my confirmation no asa850, मेरी पुष्टि संख्या asa850,1,0
"Amazing! As I can check here, you are assigned a window seat and your seat number is G12. I hope you enjoy the view. "," अद्भुत! जैसा कि मैं यहां देख सकता हूं, आपको एक विंडो सीट दी गई है और आपकी सीट संख्या G12 है। मुझे आशा है कि आप दृश्य का आनंद लेंगे।",3,2
"Great! jerry, now could you please help me with your email address?"," महान! जैरी, अब क्या आप कृपया अपने ईमेल पते के साथ मेरी मदद कर सकते हैं?",3,2
no thanks," जी नहीं, धन्यवाद",3,1
Sure! Could you please let me know your last name and booking confirmation number?, ज़रूर! क्या आप कृपया मुझे अपना अंतिम नाम और बुकिंग पुष्टिकरण संख्या बता सकते हैं?,3,0
I need a boarding pass, मुझे बोर्डिंग पास चाहिए,1,0
"Sure! I'll be glad to help you in this regard, could you please let me know your last name?"," ज़रूर! मुझे इस संबंध में आपकी सहायता करने में खुशी होगी, क्या आप कृपया मुझे अपना अंतिम नाम बता सकते हैं?",3,0
thank you, धन्यवाद,2,2
i need to boarding pass, मुझे बोर्डिंग पास चाहिए,1,0
"Thank you! The seat number allotted to you is 25A. It's a window seat.
", आपको धन्यवाद! आपको आवंटित सीट संख्या 25A है। यह एक विंडो सीट है।,3,0
YES, हां,2,2
Of course., बेशक।,0,0
i want to fly in only spirit, मैं केवल आत्मा में उड़ना चाहता हूँ,1,0
Great! Soon you'll be receiving a mail with your boarding pass attached. Anything else I may help you in?, महान! जल्द ही आपको एक मेल प्राप्त होगा जिसमें आपका बोर्डिंग पास संलग्न होगा। कुछ और मैं आपकी मदद कर सकता हूँ?,3,2
HI, नमस्ते,2,0
"Awesome! Thanks for reaching out to us, hope you'll have a wonderful trip ahead."," बहुत बढ़िया! हमसे संपर्क करने के लिए धन्यवाद, आशा है कि आपकी आगे की यात्रा शानदार होगी।",3,2
"Of course, I'll help you with that as well. May I know your email address please?"," बेशक, मैं इसमें भी आपकी मदद करूंगा। क्या मैं आपका ईमेल पता कृपया जान सकता हूँ?",3,0
Alright! Could you please share your email address?, ठीक है! क्या आप कृपया अपना ईमेल पता साझा कर सकते हैं?,3,0
Perfect! May I know the date when you want to travel?,उत्तम! क्या मुझे वह तारीख पता चल सकती है जब आप यात्रा करना चाहते हैं?,3,2
Awesome! Could you do me a favor and send me my boarding pass?  My email address would be Jim.Roberts23@gmail.com, बहुत बढ़िया! क्या आप मुझ पर कोई एहसान कर सकते हैं और मुझे अपना बोर्डिंग पास भेज सकते हैं? मेरा ईमेल पता होगा Jim.Roberts23@gmail.com,3,2
"Done. Your new seat number is 23B. Which is a middle seat.
", पूर्ण। आपका नया सीट नंबर 23B है। जो बीच की सीट है।,2,0
ANAND & DRB458, आनंद और डीआरबी458,0,0
Thanks! I've sent you an the boarding pass on your email. I hope this will be helpful., धन्यवाद! मैंने आपको आपके ईमेल पर एक बोर्डिंग पास भेजा है। मुझे उम्मीद है कि ये मददगार होगा।,3,2
6.00PM IS OK, शाम 6.00 बजे ठीक है,2,2
Absolutely! Could you please share your departure city?, बिल्कुल! क्या आप कृपया अपना प्रस्थान शहर साझा कर सकते हैं?,3,0
ok thank you, ठीक है धन्यवाद,3,0
kavitha sde785, कविता एसडीई785,2,0
Would there be anything else I may assist you with?, क्या कुछ और होगा जिसमें मैं आपकी सहायता कर सकूं?,2,0
Amazing! Thanks for waiting! Your seat number is Gh15. It is a window seat. Enjoy the view. I hope that would be helpful?, अद्भुत! प्रतीक्षा करने के लिए धन्यवाद! आपकी सीट संख्या Gh15 है। यह एक विंडो सीट है। दृश्य का आनंद लें। मुझे आशा है कि यह मददगार होगा?,3,2
"I'm glad that was helpful, thank you for reaching out to us. Have a great day ahead and happy traveling! "," मुझे खुशी है कि यह मददगार था, हमसे संपर्क करने के लिए धन्यवाद। आगे का दिन अच्छा हो और यात्रा सुखद हो!",3,2
william@gmail.com, विलियम@gmail.com,0,0
Great! Let me know if there would be anything more that I could be of help., महान! मुझे बताएं कि क्या कुछ और होगा जिससे मैं मदद कर सकूं।,3,2
"If you could just send me my boarding pass as well, that would be great"," अगर आप मुझे मेरा बोर्डिंग पास भी भेज सकते हैं, तो यह बहुत अच्छा होगा",2,0
Why do you want me to send the boarding pass to myself?, आप क्यों चाहते हैं कि मैं खुद को बोर्डिंग पास भेजूं?,2,1
ok thanks, ठीक है धन्यवाद,3,0
SHU256, SHU256,0,0
"Good news! You must be the luckiest one, I've found the best middle seat for you and there's only one middle seat. That's 8LM, should I confirm the seat for you?"," खुशखबरी! आप सबसे भाग्यशाली होंगे, मैंने आपके लिए सबसे अच्छी बीच की सीट ढूंढी है और बीच में केवल एक सीट है। वह 8LM है, क्या मुझे आपके लिए सीट की पुष्टि करनी चाहिए?",3,2
54AF48, 54AF48,0,0
Great! May I know your query?, महान! क्या मैं आपकी क्वेरी जान सकता हूँ?,3,2
Thank you so much. The confirmation link has been sent to the email address. Would you need anything else?,बहुत-बहुत धन्यवाद। पुष्टिकरण लिंक ईमेल पते पर भेज दिया गया है। क्या आपको कुछ और चाहिए होगा?,3,2
Excellent! As you told to me to help with your boarding pass. I've requested my team to share the boarding pass with you. You'll receive it right after you close this chat., उत्कृष्ट! जैसा कि आपने मुझे अपने बोर्डिंग पास में मदद करने के लिए कहा था। मैंने अपनी टीम से आपके साथ बोर्डिंग पास साझा करने का अनुरोध किया है। आप इस चैट को बंद करने के ठीक बाद इसे प्राप्त करेंगे।,3,2
Okay! Would there be anything else I may assist you with?, ठीक! क्या कुछ और होगा जिसमें मैं आपकी सहायता कर सकूं?,2,0
Perfect! May I please know the preferred date o travel?, उत्तम! क्या मैं कृपया यात्रा की पसंदीदा तारीख जान सकता हूँ?,3,2
"Perfect! Thank you for the details, kindly give me a minute. "," उत्तम! विवरण के लिए धन्यवाद, कृपया मुझे एक मिनट दें।",3,2
inul89@gmail.com, inul89@gmail.com,0,0
"Yes fine,"," हां ठीक है,",2,2
"Perfect! Soon you'll be receiving a mail with your boarding pass attached, you can download that from there and provide as proof at airport. Anything else I may help you in?"," उत्तम! जल्द ही आपको अपने बोर्डिंग पास के साथ एक मेल प्राप्त होगा, आप उसे वहां से डाउनलोड कर सकते हैं और हवाई अड्डे पर प्रमाण के रूप में प्रदान कर सकते हैं। कुछ और मैं आपकी मदद कर सकता हूँ?",3,2
"Awesome! Thanks for choosing us, hope you have a great trip!"," बहुत बढ़िया! हमें चुनने के लिए धन्यवाद, आशा है कि आपकी यात्रा शानदार रही होगी!",3,2
hai, हाय,2,0
Hey there! Good morning. You're connected to LMT Airways., सुनो! सुबह बख़ैर। आप एलएमटी एयरवेज से जुड़े हैं।,3,0
Of course! It is available and I've changed your seat to E2. Would that be all?, बेशक! यह उपलब्ध है और मैंने आपकी सीट को E2 में बदल दिया है। क्या वह सब होगा?,2,0
ASK667, ASK667,0,0
I ALREADY BOOK A TICKET BUT I CHANGE MY SEAT, मैं पहले से ही एक टिकट बुक करता हूं लेकिन मैं अपनी सीट बदल देता हूं,2,0
Could you please help me with the date on which you'd like to travel?,"जिस तारीख को आप यात्रा करना चाहते हैं, क्या आप कृपया मेरी मदद कर सकते हैं?",3,0
Sure. I'd be glad to help you with that. May I know your last name please?, ज़रूर। मुझे इसमें आपकी मदद करने में खुशी होगी। क्या मैं आपका अंतिम नाम जान सकता हूँ?,3,0
Fantastic! Please hold a moment till I check., ज़बरदस्त! कृपया एक क्षण रुकें जब तक कि मैं जांच न कर लूं।,2,2
HFG567, एचएफजी567,0,0
gess, गेस,0,0
HELLO, नमस्ते,2,0
hi, नमस्ते,2,0
Robertanderson538@gmail.com, Robertanderson538@gmail.com,0,0
hi, नमस्ते,2,0
Awesome! May I also know your seat number?, बहुत बढ़िया! क्या मैं आपका सीट नंबर भी जान सकता हूँ?,3,2
"Sure! I'll be able to help you in this, may I please know your last name?"," ज़रूर! मैं इसमें आपकी मदद कर सकूंगा, क्या मैं आपका उपनाम जान सकता हूं?",3,0
Should I confirm your email address as arun@gmail.com?, क्या मुझे आपके ईमेल पते की पुष्टि arun@gmail.com के रूप में करनी चाहिए?,1,0
"yes, and also i need boarding pass."," हाँ, और मुझे बोर्डिंग पास भी चाहिए।",2,0
NOTHING ELSE, और कुछ नहीं,2,0
I am Jancy George, मैं जेंसी जॉर्ज हूँ,1,0
"Welcome to High flying customer service! You're connected to our customer associate! Good morning! My name is Sam, How may I help you?"," उच्च उड़ान ग्राहक सेवा में आपका स्वागत है! आप हमारे ग्राहक सहयोगी से जुड़े हुए हैं! सुबह बख़ैर! मेरा नाम सैम है, मैं आपकी कैसे मदद कर सकता हूँ?",3,2
okay thank you, ठीक है धन्यवाद,3,2
hello, नमस्ते,2,0
"Perfect! Thank you Mr.Prakash. Please allow me for a minute or two, while I get this done for you?"," उत्तम! धन्यवाद श्री प्रकाश। कृपया मुझे एक या दो मिनट के लिए अनुमति दें, जबकि मैं यह आपके लिए करवाता हूं?",3,2
nothing else, और कुछ नहीं,1,0
"Awesome! Thanks for reaching out to us, hope you have a wonderful trip ahead. "," बहुत बढ़िया! हमसे संपर्क करने के लिए धन्यवाद, आशा है कि आपकी आगे की यात्रा शानदार रही होगी।",3,2
ok, ठीक है,2,0
hi, नमस्ते,2,0
Sporer Delia and bu98d9, स्पोरर डेलिया और bu98d9,0,0
Great. Could you help me with your preferred date to book a flight?, महान। क्या आप फ्लाइट बुक करने के लिए अपनी पसंदीदा तारीख में मेरी मदद कर सकते हैं?,3,2
"Good news, Nila! There's only one middle seat on the flight that is J7. Should I go ahead and confirm the seat for you?"," अच्छी खबर, नीला! फ़्लाइट में बीच की केवल एक सीट है जो J7 है। क्या मुझे आगे बढ़कर आपके लिए सीट की पुष्टि करनी चाहिए?",3,2
nothing else, और कुछ नहीं,1,0
Flores321@mail.com, Flores321@mail.com,0,0
"Hello! Welcome to StarAirways customer service, how may I assist you?"," नमस्ते! StarAirways ग्राहक सेवा में आपका स्वागत है, मैं आपकी कैसे सहायता कर सकता हूँ?",3,0
"Nothing else, Thank you for your Booking. Have a nice day to chat with you. "," और कुछ नहीं, आपकी बुकिंग के लिए धन्यवाद। आपके साथ चैट करने के लिए एक अच्छा दिन है।",3,0
I want book my plane ticket, मुझे अपना हवाई जहाज का टिकट बुक करना है,2,0
"I apologize, could you please help me with your correct booking number which consists only 6 characters mix of letters and number?","मैं क्षमा चाहता हूं, क्या आप कृपया अपनी सही बुकिंग संख्या के साथ मेरी मदद कर सकते हैं जिसमें अक्षरों और संख्याओं का मिश्रण केवल 6 वर्ण है?",3,1
bye!, अलविदा!,2,0
"Perfect! Thank you for sharing your details, Just allow me a moment I'll go ahead and check your seat assignment."," उत्तम! अपना विवरण साझा करने के लिए धन्यवाद, बस मुझे एक क्षण दें मैं आगे जाकर आपके सीट असाइनमेंट की जांच करूंगा।",3,2
yeah it was helpful, हाँ यह मददगार था,2,2
Thank you for waiting. Your patience is greatly appreciated. Your seat number is B3 and it is an aisle. Is there anything else I might help you with?, प्रतीक्षा के लिए धन्यवाद। आपके धैर्य की बहुत सराहना की जाती है। आपकी सीट संख्या B3 है और यह एक गलियारा है। क्या कुछ और है जिसमें मैं आपकी मदद कर सकता हूं?,3,2
k, क,2,0
no. thnank you, ना। धन्यवाद,2,0
Ok pls confirm the same and also provide the boarding pass," ठीक है, कृपया इसकी पुष्टि करें और बोर्डिंग पास भी प्रदान करें",3,0
Fantastic! The boarding pass will be sent to the mail shortly., ज़बरदस्त! बोर्डिंग पास शीघ्र ही डाक से भेज दिया जाएगा।,2,2
My pleasure! Goodbye!, मेरा सौभाग्य! अलविदा!,3,0
KAVI AND KAVI@GMAIL.COM AND 845 421 4580, कवि और कवि@GMAIL.COM और 845 421 4580,0,0
Here's what I've found for you- Skyline with $123 and Greatlakes with $192. Please tell me your choice, यहाँ मैंने आपके लिए जो पाया है- $123 के साथ स्काईलाइन और $ 192 के साथ ग्रेटलेक। कृपया मुझे अपनी पसंद बताएं,2,0
"Thank you Joseph, could you please ensure to read the guidelines again. "," धन्यवाद जोसेफ, क्या आप कृपया दिशानिर्देशों को दोबारा पढ़ना सुनिश्चित कर सकते हैं।",3,0
christine456@mail.com, christine456@mail.com,0,0
gowshi, गोशियो,2,0
yes, हां,2,0
Sure. Thank you for reaching out to us. Have a great day!, ज़रूर। हमसे संपर्क की पहल के लिए आपका धन्यवाद। आपका दिन अच्छा रहे!,3,2
confirmation number bnh45, पुष्टिकरण संख्या bnh45,0,0
my seat assignment, मेरी सीट असाइनमेंट,1,0
Great! You'll soon be receiving a mail with a link through which you'll be able to make the payment and then confirm your flight tickets. Anything else I may help you in?, महान! आपको जल्द ही एक लिंक के साथ एक मेल प्राप्त होगा जिसके माध्यम से आप भुगतान कर सकेंगे और फिर अपनी उड़ान टिकटों की पुष्टि कर सकेंगे। कुछ और मैं आपकी मदद कर सकता हूँ?,3,2
viji,विजी,0,0
"Hello there, how may I assist you today?
"," नमस्ते, मैं आज आपकी कैसे सहायता कर सकता हूँ?",3,0
i need to boarding pass, मुझे बोर्डिंग पास चाहिए,1,0
I'll help you out with that. May I know your name and the booking confirmation number?, मैं इसमें आपकी मदद करूंगा। क्या मैं आपका नाम और बुकिंग पुष्टिकरण संख्या जान सकता हूँ?,3,0
"Good to hear from you, Karthiga! Could you please share the booking confrimation number?"," आपसे सुनकर अच्छा लगा, कार्तिगा! क्या आप कृपया बुकिंग कन्फर्मेशन नंबर साझा कर सकते हैं?",3,2
"Sure, we are here to assist you always! May I know your last name please?"," ज़रूर, हम यहाँ हमेशा आपकी सहायता के लिए हैं! क्या मैं आपका अंतिम नाम जान सकता हूँ?",3,0
"Bravo!! Good news!! I've booked you flight tickets! I'll share the details with you: Name- Ram, Flight- Delta airways (6:00 Pm- 20:00 PM), Date - 9/18/2018, No. of passengers-3 and your total is $ 150. "," वाहवाही!! खुशखबरी!! मैंने आपके लिए फ्लाइट के टिकट बुक कर लिए हैं! मैं आपके साथ विवरण साझा करूंगा: नाम- राम, फ्लाइट- डेल्टा एयरवेज (शाम 6:00 बजे- 20:00 अपराह्न), दिनांक - 9/18/2018, यात्रियों की संख्या -3 और आपका कुल $ 150 है।",3,2
HII, HII,2,0
christine@gmail.com, christine@gmail.com,0,0
"At 6.30AM, 7.15AM and 8.00AM. Which one do you wish to book?"," सुबह 6.30 बजे, 7.15 बजे और सुबह 8 बजे। आप किसे बुक करना चाहते हैं?",2,0
"Perfect! Thank you for that! Could you please allow me a moment, while I get this done for you?"," उत्तम! उसके लिये आपका धन्यवाद! क्या आप कृपया मुझे एक क्षण की अनुमति दे सकते हैं, जबकि मैं यह आपके लिए करवाता हूं?",3,2
09-03-2018,09-03-2018,0,0
email please, कृपया ईमेल करें,2,0
Hi Charlie, हाय चार्ली,3,0
Awesome! I've sent you the boarding pass and you'll receive it within 2-3 minutes., बहुत बढ़िया! मैंने आपको बोर्डिंग पास भेज दिया है और आप इसे 2-3 मिनट में प्राप्त कर लेंगे।,3,2
"I'm glad that was helpful, thank you for reaching out to us. Have a great day ahead and happy traveling! "," मुझे खुशी है कि यह मददगार था, हमसे संपर्क करने के लिए धन्यवाद। आगे का दिन अच्छा हो और यात्रा सुखद हो!",3,2
sirajk823@gmail.com, srajk823@gmail.com,2,0
okay good bye, अच्छा चलते हैं,2,0
that's all today. thank you., आज बस इतना ही। शुक्रिया।,3,0
IFTHAR UHY678, इफ्थर यूएचवाई678,0,0
6875634985,6875634985,0,0
You're welcome! I'm so glad to help you out. May I assist you with anything further?, आपका स्वागत है! मुझे आपकी मदद करने में बहुत खुशी हो रही है। क्या मैं आगे कुछ भी आपकी सहायता कर सकता हूँ?,3,2
Great! Could you please confirm your booking confirmation number?, महान! क्या आप कृपया अपनी बुकिंग पुष्टिकरण संख्या की पुष्टि कर सकते हैं?,3,2
Great! Would there be anything else that I may help you with, महान! क्या कुछ और होगा जिससे मैं आपकी मदद कर सकूं,3,2
i need a copy of my boarding pass to check some information, मुझे कुछ जानकारी देखने के लिए अपने बोर्डिंग पास की एक प्रति चाहिए,2,0
"OK,I WAIT FOR YOUR INFORMATION"," ठीक है, मुझे आपकी जानकारी की प्रतीक्षा है",2,0
Okay! Please allow me a moment while I go ahead and find the best deal for you.,ठीक! कृपया मुझे कुछ समय दें जब तक कि मैं आगे बढ़ूं और आपके लिए सबसे अच्छा सौदा ढूंढूं।,2,0
All right. Please do contact us for further queries. Have a good day. Bye., ठीक है। कृपया अधिक प्रश्नों के लिए हमसे संपर्क करें। आपका दिन शुभ हो। अलविदा।,3,0
i would like to check my seat assignment, मैं अपने सीट असाइनमेंट की जांच करना चाहूंगा,3,0
You're welcome! Would there be anything else I may assist you with?,आपका स्वागत है! क्या कुछ और होगा जिसमें मैं आपकी सहायता कर सकूं?,3,2
Great! Is there anything else I may help you with?, महान! क्या कुछ और है जिसमें मैं आपकी मदद कर सकता हूं?,3,2
Please choose the best option for you., कृपया अपने लिए सबसे अच्छा विकल्प चुनें।,2,0
"
I need to Check my Seat assignment, can you help me on that ?"," मुझे अपना सीट असाइनमेंट चेक करना है, क्या आप इसमें मेरी मदद कर सकते हैं?",3,0
Sure! May I know your last name please?, ज़रूर! क्या मैं आपका अंतिम नाम जान सकता हूँ?,3,0
HI, नमस्ते,2,0
Great! Hope all of your questions are answered?, महान! आशा है कि आपके सभी प्रश्नों का उत्तर मिल गया होगा?,3,2
good service, अच्छी सेवा,3,2
Great!! Thanks a ton for sharing that information with us! Just give me a moment I'll go ahead first check your seat assignment and then let you know which seat is available., महान!! उस जानकारी को हमारे साथ साझा करने के लिए एक टन धन्यवाद! बस मुझे एक क्षण दें मैं आगे बढ़ूंगा पहले आपके सीट असाइनमेंट की जांच करूंगा और फिर आपको बताऊंगा कि कौन सी सीट उपलब्ध है।,3,2
ok i like front seat, ठीक है मुझे आगे की सीट पसंद है,2,2
Great! Would there be anything else that I may help you with?, महान! क्या कुछ और होगा जिसमें मैं आपकी मदद कर सकूं?,3,2
"Superb! Which class would you prefer among the economy, business and first?"," शानदार! आप अर्थव्यवस्था, व्यापार और प्रथम श्रेणी में से किस वर्ग को पसंद करेंगे?",3,2
Cool! Please allow me a moment while I check the seat that has been allotted to you., ठंडा! कृपया मुझे एक क्षण की अनुमति दें जब तक कि मैं आपको आवंटित सीट की जांच कर लूं।,3,0
"Of course! I'll change that for you. Allow me a moment, while I check for the availability."," बेशक! मैं इसे आपके लिए बदल दूंगा। जब तक मैं उपलब्धता की जांच करता हूं, मुझे एक क्षण दें।",3,0
Cooper, कूपर,0,0
For sure! May I know your last name and the booking confirmation number?,पक्का! क्या मैं आपका अंतिम नाम और बुकिंग पुष्टिकरण संख्या जान सकता हूँ?,2,0
A very good morning! You've reached the Moon Airways customer service. How may I help you today?, एक बहुत अच्छी सुबह! आप मून एयरवेज ग्राहक सेवा तक पहुँच चुके हैं। आज मैं आपकी कैसे मदद कर सकता हूँ?,3,2
ARUNKUAMR25@GMAIL.COM, ARUNKUAMR25@GMAIL.COM,0,0
AHY123, एएचवाई123,0,0
Could you help me with your email address?, क्या आप अपने ईमेल पते में मेरी मदद कर सकते हैं?,3,0
No thats it thank you for your help," नहीं, यह आपकी मदद के लिए धन्यवाद",3,0
"Thank you Hari, would you prefer middle seat, aisle seat or window seat?"," धन्यवाद हरि, क्या आप बीच वाली सीट, गलियारे वाली सीट या खिड़की वाली सीट पसंद करेंगे?",3,0
"Fantastic! Thank you for reaching out to us! I hope you are satisfied with my service! Hope you have a great time on the flight, Have a great day ahead! Goodbye :)"," ज़बरदस्त! हमसे संपर्क की पहल के लिए आपका धन्यवाद! मुझे आशा है कि आप मेरी सेवा से संतुष्ट हैं! आशा है कि आपके पास उड़ान पर एक अच्छा समय है, आगे एक अच्छा दिन है! अलविदा :)",3,2
Mullins, मुलिंस,0,0
Good Evening!, नमस्ते!,3,2
"Fantastic! Here's your seat number K17 which is a window seat, Is that okay for you?"," ज़बरदस्त! ये रहा आपकी सीट नंबर K17 जो कि विंडो सीट है, क्या यह आपके लिए ठीक है?",3,2
Alright Jerome! Please do let me know your booking confirmation number?, ठीक है जेरोम! कृपया मुझे अपनी बुकिंग पुष्टिकरण संख्या बताएं?,2,0
Sure! I'd be glad to help you with that. May I know your last name please?, ज़रूर! मुझे इसमें आपकी मदद करने में खुशी होगी। क्या मैं आपका अंतिम नाम जान सकता हूँ?,3,0
"I apologize, could you please help me with a booking confirmation number?"," मैं क्षमा चाहता हूं, क्या आप कृपया बुकिंग पुष्टिकरण संख्या के साथ मेरी सहायता कर सकते हैं?",3,0
and i need boadring paa please sent me," और मुझे बोर्डिंग पा चाहिए, कृपया मुझे भेजें",2,0
Great! Could you please share the email address for confirming the booking?, महान! क्या आप कृपया बुकिंग की पुष्टि के लिए ईमेल पता साझा कर सकते हैं?,3,2
christine@mail.com, christine@mail.com,0,0
hi, नमस्ते,2,0
HRK8C6, एचआरके8सी6,0,0
g45p89, g45p89,0,0
my seat assignment, मेरी सीट असाइनमेंट,1,0
Awesome! Please specify your preferred seat., बहुत बढ़िया! कृपया अपनी पसंदीदा सीट निर्दिष्ट करें।,3,2
"Perfect! Thank you for that. Please allow me a minute or two, while I get back to your with the details."," उत्तम! उसके लिये आपका धन्यवाद। कृपया मुझे एक या दो मिनट का समय दें, जबकि मैं विवरण के साथ आपके पास वापस आता हूं।",3,2
Alright Watwani! Could you please share the booking confirmation number?,ठीक है वटवानी! क्या आप कृपया बुकिंग पुष्टिकरण संख्या साझा कर सकते हैं?,3,0
"Sure! I'll be glad to help you in this, may I please know your last name and booking confirmation number?"," ज़रूर! मुझे इसमें आपकी मदद करने में खुशी होगी, क्या मैं आपका अंतिम नाम और बुकिंग पुष्टिकरण नंबर जान सकता हूं?",3,0
"Alright! Could you please hold on for a minute, while I check for the availability?"," ठीक है! क्या आप कृपया एक मिनट के लिए रुक सकते हैं, जबकि मैं उपलब्धता की जांच कर रहा हूं?",3,0
"You're welcome, is there anything else I could assist you with?"," आपका स्वागत है, क्या कुछ और है जिसमें मैं आपकी सहायता कर सकता हूँ?",2,2
Please do reach out to us in case of any queries. Have a great day and a safe journey!, कृपया किसी भी प्रश्न के मामले में हमसे संपर्क करें। आपका दिन शुभ हो और सुरक्षित यात्रा हो!,3,2
It was a pleasure assisting you. Have a great flight!, आपकी सहायता करना खुशी की बात थी। एक अच्छी उड़ान लो!,3,2
Great! i'd like to inform you that your seat has been changed successfully., महान! मैं आपको सूचित करना चाहता हूं कि आपकी सीट सफलतापूर्वक बदल दी गई है।,3,2
"Oh! I'm so sorry, I'd love to change that but I won't be able to help you with this. Thank you. have a great day ahead!"," ओह! मुझे खेद है, मुझे इसे बदलना अच्छा लगेगा लेकिन मैं इसमें आपकी सहायता नहीं कर पाऊंगा। शुक्रिया। यही चाहता हूं, दिन अच्छा बीते!",3,1
Surely! Could you please help me with your Last name and booking confirmation number?, निश्चित रूप से! क्या आप कृपया अपने अंतिम नाम और बुकिंग पुष्टिकरण संख्या के साथ मेरी मदद कर सकते हैं?,3,0
tim, टिम,0,0
i need to change my seat assignment, मुझे अपना सीट असाइनमेंट बदलना है,2,1
"Awesome! Kajol, Could you please share your booking confirmation number?"," बहुत बढ़िया! काजोल, क्या आप कृपया अपना बुकिंग पुष्टिकरण नंबर साझा कर सकते हैं?",3,2
"Hey there, Good morning! You'v reached Jet fly customer service! You're connected to Sam! I'd be glad to assist you today! ","अरे वहाँ, सुप्रभात! आप जेट फ्लाई ग्राहक सेवा तक पहुँच चुके हैं! आप सैम से जुड़े हुए हैं! मुझे आज आपकी सहायता करने में खुशी होगी!",3,2
May I know your last name as well?, क्या मैं आपका अंतिम नाम भी जान सकता हूँ?,3,0
i need boarding pass, मुझे बोर्डिंग पास चाहिए,1,0
arrival  neodesha, आगमन नवदेश,0,0
NO, ना,1,1
ok, ठीक है,2,0
"Am sorry sir, But I'll be unable to change it back to the window seat. Right now the flight is occupied."," एम सॉरी सर, लेकिन मैं इसे वापस विंडो सीट पर नहीं बदल पाऊंगा। अभी उड़ान भरी हुई है।",3,1
"I'll surely do that for you, may I know your email address please?"," मैं निश्चित रूप से आपके लिए यह करूँगा, क्या मैं आपका ईमेल पता जान सकता हूँ?",3,0
02-09-2018,02-09-2018,0,0
Yes. My booking number is TY6525, हाँ। मेरा बुकिंग नंबर TY6525 . है,2,0
I need to check seat assignment. Can you please help me with that?, मुझे सीट असाइनमेंट की जांच करनी है। क्या आप कृपया इसमें मेरी मदद कर सकते हैं?,3,0
ok, ठीक है,2,0
Thanks Kavin! Could you please share your booking confirmation number?, धन्यवाद केविन! क्या आप कृपया अपनी बुकिंग पुष्टिकरण संख्या साझा कर सकते हैं?,3,2
"I appreciate your patience! As I've checked, the seat allotted to you is a aisle seat which is N3."," मैं आपके धैर्य की सराहना करता हूँ! जैसा कि मैंने जाँच की है, आपको आवंटित सीट एक गलियारे वाली सीट है जो N3 है।",3,2
"Sure, we are here to assist you always! May I know your last name please?"," ज़रूर, हम यहाँ हमेशा आपकी सहायता के लिए हैं! क्या मैं आपका अंतिम नाम जान सकता हूँ?",3,0
Thanks! I'd like inform you that the boarding pass has been sent to your email address and phone number., धन्यवाद! मैं आपको सूचित करना चाहता हूं कि बोर्डिंग पास आपके ईमेल पते और फोन नंबर पर भेज दिया गया है।,3,0
i want to know my seat no, मुझे अपना सीट नंबर जानना है,2,0
Surely! I'll be happy to help you with it. Please may I know your full name?, निश्चित रूप से! मुझे इसमें आपकी मदद करने में खुशी होगी। कृपया क्या मैं आपका पूरा नाम जान सकता हूँ?,3,2
"That's alright! Thank you for updating me with the correct number, I'll correct that with me.","वह ठीक है! मुझे सही नंबर से अपडेट करने के लिए धन्यवाद, मैं इसे अपने साथ ठीक कर दूंगा।",3,0
"Sure, thank you so much! Could you please also share the email address?"," ज़रूर, बहुत-बहुत धन्यवाद! क्या आप कृपया ईमेल पता भी साझा कर सकते हैं?",3,2
Great! Is there anything else that I may help you with?, महान! क्या कुछ और है जिसमें मैं आपकी मदद कर सकता हूं?,3,2
"My pleasure! Thanks for choosing our services, have a great day. Goodbye."," मेरा सौभाग्य! हमारी सेवाओं को चुनने के लिए धन्यवाद, आपका दिन शुभ हो। अलविदा।",3,2
Awesome! May I also know your email address or contact number please?, बहुत बढ़िया! क्या मुझे आपका ईमेल पता या संपर्क नंबर भी पता चल सकता है?,3,2
Sure! May I know your last name and the booking confirmation numbe, ज़रूर! क्या मैं आपका अंतिम नाम और बुकिंग पुष्टिकरण संख्या जान सकता हूँ,2,0
Amazing! Please allow me a moment to check with the resources., अद्भुत! कृपया मुझे संसाधनों के साथ जाँच करने के लिए एक क्षण दें।,3,2
"I'll do that for you, would you prefer morning flights, evening flights or after noon flights?"," मैं आपके लिए वह करूँगा, क्या आप सुबह की उड़ानें, शाम की उड़ानें या दोपहर के बाद की उड़ानें पसंद करेंगे?",3,0
Hello! Good morning. You've reached LMT Airways. How may I assist you today?, नमस्ते! सुबह बख़ैर। आप एलएमटी एयरवेज पहुंच गए हैं। आज मैं आपकी मदद किस तरह कर सकता हूँ?,3,0
May I also need the booking confirmation number to proceed., क्या मुझे आगे बढ़ने के लिए बुकिंग पुष्टिकरण संख्या की भी आवश्यकता हो सकती है।,2,0
Fantastic! I have sent your boarding pass to your given email address. Would there be anything else that I may help you with?, ज़बरदस्त! मैंने आपका बोर्डिंग पास आपके दिए गए ईमेल पते पर भेज दिया है। क्या कुछ और होगा जिसमें मैं आपकी मदद कर सकूं?,3,2
I'm glad to help. Thank you for choosing us to make your travel! Good day!, मुझे मदद करने में खुशी हो रही है। अपनी यात्रा करने के लिए हमें चुनने के लिए धन्यवाद! अच्छा दिन!,3,2
Hello, नमस्ते,2,0
"Perfect! I see that there is an early morning flight operated by Emirates EA112 at a cost of $230. It departs at 7:AM and arrives at 11:30AM.
", उत्तम! मैं देखता हूं कि एमिरेट्स ईए112 द्वारा $230 की लागत से संचालित एक सुबह की उड़ान है। यह सुबह 7 बजे छूटती है और 11:30 बजे आती है।,2,2
"Good morning! You've reached Alliance Airways Customer service, how may I help you?  "," सुबह बख़ैर! आप एलायंस एयरवेज ग्राहक सेवा तक पहुँच चुके हैं, मैं आपकी कैसे मदद कर सकता हूँ?",3,0
Sure thing! I'd be glad to help you with that. Could you please help me with your last name and your booking confirmation number?,अवश्य! मुझे इसमें आपकी मदद करने में खुशी होगी। क्या आप कृपया अपने अंतिम नाम और अपनी बुकिंग पुष्टिकरण संख्या के साथ मेरी मदद कर सकते हैं?,3,0
okay., ठीक है।,2,0
"Superb! Which class would you prefer among the economy, business and first?"," शानदार! आप अर्थव्यवस्था, व्यापार और प्रथम श्रेणी में से किस वर्ग को पसंद करेंगे?",3,2
"Good to hear from you, Sam! Could you please share the booking confirmation number?"," आपसे सुनकर अच्छा लगा, सैम! क्या आप कृपया बुकिंग पुष्टिकरण संख्या साझा कर सकते हैं?",3,2
ok thanks, ठीक है धन्यवाद,3,0
"My pleasure! It was great assisting you, have a great day. Goodbye."," मेरा सौभाग्य! आपकी सहायता करके बहुत अच्छा लगा, आपका दिन शुभ हो। अलविदा।",3,2
hi, नमस्ते,2,0
"Perfect! Thank you for that Mr. John. Please allow me for a moment, while I get this done for you."," उत्तम! इसके लिए धन्यवाद श्रीमान जॉन। कृपया मुझे एक पल के लिए अनुमति दें, जबकि मैं आपके लिए यह कर रहा हूं।",3,2
"Wheeling, WV
to Ottumwa, IA
"," व्हीलिंग, WV से Ottumwa, IA",0,0
HI GOOD MORNING, हाय सुप्रभात,3,0
Superb! I've changed your seat from B6 to C3. Would that be all?, शानदार! मैंने आपकी सीट को B6 से C3 में बदल दिया है। क्या वह सब होगा?,3,2
"Sure! For the boarding pass, I'd require your phone number or email address. Could you please help me with that?"," ज़रूर! बोर्डिंग पास के लिए, मुझे आपका फ़ोन नंबर या ईमेल पता चाहिए। क्या आप कृपया इसमें मेरी मदद कर सकते हैं?",3,0
"yes, perfect, thank you"," हाँ, उत्तम, धन्यवाद",3,2
Alright! Could you please share your email address?, ठीक है! क्या आप कृपया अपना ईमेल पता साझा कर सकते हैं?,3,0
765MX5, 765MX5,0,0
Krishna, कृष्णा,0,0
y65u87, y65u87,0,0
Hello! I'm here to help you out with that. May I know the name of the departure city and the arrival city?, नमस्ते! मैं इसमें आपकी मदद करने के लिए यहां हूं। क्या मैं प्रस्थान शहर और आगमन शहर का नाम जान सकता हूँ?,3,0
Surely! Could you please help me with the date?, निश्चित रूप से! क्या आप कृपया मुझे तारीख के साथ मदद कर सकते हैं?,3,0
AS6T90, AS6T90,0,0
i want to change my seat, मैं अपनी सीट बदलना चाहता हूँ,2,1
"I'm glad that was helpful, thank you for reaching out to us. Have a great day ahead and happy traveling! "," मुझे खुशी है कि यह मददगार था, हमसे संपर्क करने के लिए धन्यवाद। आगे का दिन अच्छा हो और यात्रा सुखद हो!",3,2
Ok please proceed," ठीक है, आगे बढ़िए",2,0
"You're welcome, is there anything else I may help you with?"," आपका स्वागत है, क्या कुछ और है जिसमें मैं आपकी मदद कर सकता हूँ?",2,2
"Adub, C4RT59"," अदब, C4RT59",0,0
"Okay! Thanks for reaching out to us, hope you have a wonderful trip ahead. "," ठीक! हमसे संपर्क करने के लिए धन्यवाद, आशा है कि आपकी आगे की यात्रा शानदार रही होगी।",3,2
OK, ठीक है,2,0
"Perfect! Thanks a lot for helping me with your details, Just allow me a minute I'll quickly go ahead and check your seat assignment and get back to you.","उत्तम! अपने विवरण के साथ मेरी मदद करने के लिए बहुत-बहुत धन्यवाद, बस मुझे एक मिनट का समय दें, मैं जल्दी से आगे बढ़ूंगा और आपके सीट असाइनमेंट की जांच करूंगा और आपसे संपर्क करूंगा।",3,2
I wants to book a ticket for flight, मैं उड़ान के लिए टिकट बुक करना चाहता हूँ,1,0
"You're welcome, is there anything else I may assist you with?"," आपका स्वागत है, क्या कुछ और है जिसमें मैं आपकी सहायता कर सकता हूँ?",2,2
william@mail.com, विलियम@mail.com,0,0
hi good morning, हाय सुप्रभात,3,2
Good morning! You've reached Flamingo customers service. How may I help you today?, सुबह बख़ैर! आप फ्लेमिंगो ग्राहक सेवा तक पहुँच चुके हैं। आज मैं आपकी कैसे मदद कर सकता हूँ?,3,1
Okay.  Please follow my request and help me on this?, ठीक। कृपया मेरे अनुरोध का पालन करें और इसमें मेरी मदद करें?,2,0
mj85g4, एमजे85जी4,0,0
Wonderful! Please feel free to reach out to us for further queries. Have an amazing journey. Bye., अद्भुत! कृपया आगे के प्रश्नों के लिए हमसे बेझिझक संपर्क करें। एक अद्भुत यात्रा करें। अलविदा।,3,2
Booking number C2RT21., बुकिंग नंबर C2RT21।,2,0
Oh sorry. I need middle seat. Please arrange it for me/, मुझे माफ करें। मुझे बीच की सीट चाहिए। कृपया इसे मेरे लिए व्यवस्थित करें/,3,0
Thanks! I'd like to inform you that the boarding pass has been sent to your phone number., धन्यवाद! मैं आपको सूचित करना चाहता हूं कि बोर्डिंग पास आपके फोन नंबर पर भेज दिया गया है।,3,0
" I've gone ahead with your request and here is your new seat  number i.e B32 which is a window seat, hope that will be comfortable."," मैं आपके अनुरोध के साथ आगे बढ़ गया हूं और यहां आपका नया सीट नंबर है यानी बी 32 जो एक विंडो सीट है, आशा है कि यह आरामदायक होगा।",2,0
Great! Could you please help me with the city of departure and the city of arrival?,महान! क्या आप कृपया प्रस्थान के शहर और आगमन के शहर के बारे में मेरी मदद कर सकते हैं?,3,2
NUMBER - HSO598, संख्या - HSO598,0,0
i like to window seat, मुझे विंडो सीट पसंद है,2,2
Fantastic! Thank you for reaching out to us. Have a memorable journey. Bye., ज़बरदस्त! हमसे संपर्क की पहल के लिए आपका धन्यवाद। यादगार यात्रा हो। अलविदा।,3,2
"Sure, please help me with your last name and the booking confirmation number."," ज़रूर, कृपया अपने अंतिम नाम और बुकिंग पुष्टिकरण संख्या के साथ मेरी मदद करें।",3,0
Pleasure is mine. I hope that all your queries are cleared?, मेरा सौभाग्य है। मुझे आशा है कि आपके सभी प्रश्नों का समाधान हो गया होगा?,3,2
Could you also help me with the booking confirmation number?, क्या आप बुकिंग कन्फर्मेशन नंबर में भी मेरी मदद कर सकते हैं?,3,0
i need to my  seat assignment,मुझे अपने सीट असाइनमेंट की आवश्यकता है,2,0
"I'm glad that was helpful, thank you for reaching out to us. Have a great day ahead and happy traveling! "," मुझे खुशी है कि यह मददगार था, हमसे संपर्क करने के लिए धन्यवाद। आगे का दिन अच्छा हो और यात्रा सुखद हो!",3,2
no thanks," जी नहीं, धन्यवाद",3,1
"Good morning! You've reached Alliance Indian Airlines, how may I help you today?"," सुबह बख़ैर! आप एलायंस इंडियन एयरलाइंस पहुंच गए हैं, मैं आज आपकी कैसे मदद कर सकता हूं?",3,0
Yes! That's great! I'd be glad to book that for you. I'll require your details to book the tickets. May I know your departure and arrival city?, हाँ! एक दम बढ़िया! मुझे आपके लिए इसे बुक करने में खुशी होगी। टिकट बुक करने के लिए मुझे आपके विवरण की आवश्यकता होगी। क्या मैं आपके प्रस्थान और आगमन के शहर को जान सकता हूँ?,3,2
no, नहीं,1,1
Nothing else, और कुछ नहीं,2,0
"Good morning! You've reached Alliance Airways Customer service, how may I help you?  "," सुबह बख़ैर! आप एलायंस एयरवेज ग्राहक सेवा तक पहुँच चुके हैं, मैं आपकी कैसे मदद कर सकता हूँ?",3,0
Thanks for the information..Very useful information for me., जानकारी के लिए धन्यवाद..मेरे लिए बहुत उपयोगी जानकारी।,3,2
"Thanks for being so cooperative, I've checked and I'm glad to inform you that there is a window seat available which is 3A, should I confirm that for you?"," इतना सहयोग करने के लिए धन्यवाद, मैंने जाँच की है और मुझे आपको यह बताते हुए खुशी हो रही है कि एक विंडो सीट उपलब्ध है जो 3A है, क्या मुझे आपके लिए इसकी पुष्टि करनी चाहिए?",3,2
HELLO, नमस्ते,2,0
PLEASE SENT ME BOARDING PASS TO  ME MAIL ID, कृपया मुझे मेल आईडी पर बोर्डिंग पास भेजें,3,0
no thanks," जी नहीं, धन्यवाद",3,1
I see you want to change the seat. Which seat would you prefer? The aisle seat or the middle seat?, मैं देख रहा हूं कि आप सीट बदलना चाहते हैं। आप कौन सी सीट पसंद करेंगे? गलियारे की सीट या बीच की सीट?,3,0
Sure thing! I'd be glad to help you with that. May I know your last name and your booking confirmation number?, अवश्य! मुझे इसमें आपकी मदद करने में खुशी होगी। क्या मैं आपका अंतिम नाम और आपकी बुकिंग पुष्टिकरण संख्या जान सकता हूँ?,3,0
Alright Moanoj! Could you please share the booking confirmation number as well?, ठीक है मूनोज! क्या आप कृपया बुकिंग पुष्टिकरण संख्या भी साझा कर सकते हैं?,3,0
"Nice to hear from you, John! Could you please provide the booking confirmation number?"," आपसे सुनकर अच्छा लगा, जॉन! क्या आप कृपया बुकिंग पुष्टिकरण संख्या प्रदान कर सकते हैं?",3,2
hai, हाय,2,0
hai, हाय,2,0
ok thanks, ठीक है धन्यवाद,3,0
"I'll personally check if there is any cancellation and drop you an email on your registered email address, would that be okay?"," मैं व्यक्तिगत रूप से जाँच करूँगा कि क्या कोई रद्दीकरण है और आपके पंजीकृत ईमेल पते पर आपको एक ईमेल भेजेंगे, क्या यह ठीक रहेगा?",3,0
"Done. Your new seat number is 23B. Which is a middle seat.
", पूर्ण। आपका नया सीट नंबर 23B है। जो बीच की सीट है।,2,0
"I'm sorry, my full name is actually Charles Smith.","मुझे क्षमा करें, मेरा पूरा नाम वास्तव में चार्ल्स स्मिथ है।",3,0
ALLEN, एलन,0,0
Sure thing! I'd be glad to help you with that. Could you please help me with your last name and your booking confirmation number?,अवश्य! मुझे इसमें आपकी मदद करने में खुशी होगी। क्या आप कृपया अपने अंतिम नाम और अपनी बुकिंग पुष्टिकरण संख्या के साथ मेरी मदद कर सकते हैं?,3,0
Good morning! You've reached Flamingo customers service. How may I help you today?, सुबह बख़ैर! आप फ्लेमिंगो ग्राहक सेवा तक पहुँच चुके हैं। आज मैं आपकी कैसे मदद कर सकता हूँ?,3,1
I'm sorry but I can only help you out with the booking of the flight ticket.," मुझे खेद है, लेकिन मैं केवल फ़्लाइट टिकट की बुकिंग में आपकी सहायता कर सकता हूँ।",3,0
have a good day to you!, आपका दिन शुभ हो!,2,2
"I need to know about my seat assignment
", मुझे अपने सीट असाइनमेंट के बारे में जानने की जरूरत है,2,0
I WANT MIDDLE SEAT, मुझे बीच की सीट चाहिए,1,0
"Dear user, please read the message properly and then reply."," प्रिय उपयोगकर्ता, कृपया संदेश को ठीक से पढ़ें और फिर उत्तर दें।",2,0
ok, ठीक है,2,0
Superb! You'd be receiving the boarding pass on the day before the date of departure. Would that be all?, शानदार! आपको प्रस्थान की तारीख से एक दिन पहले बोर्डिंग पास प्राप्त होगा। क्या वह सब होगा?,2,2
Would there be anything else I may assist you with?, क्या कुछ और होगा जिसमें मैं आपकी सहायता कर सकूं?,2,0
"Nothing else, Thank you for your Booking. Have a nice day to chat with you. "," और कुछ नहीं, आपकी बुकिंग के लिए धन्यवाद। आपके साथ चैट करने के लिए एक अच्छा दिन है।",3,0
ok, ठीक है,2,0
please sent a boarding to my mail or phone number, कृपया मेरे मेल या फोन नंबर पर एक बोर्डिंग भेजें,3,0
ok, ठीक है,2,0
my booking number is hfc417, मेरा बुकिंग नंबर hfc417 . है,1,0
nothing else, और कुछ नहीं,1,0
please send me boarding pass to me, कृपया मुझे बोर्डिंग पास भेजें,2,0
Thank you! I have sent your boarding pass to your given email address. May I confirm if all your questions have been  answered for the day?, आपको धन्यवाद! मैंने आपका बोर्डिंग पास आपके दिए गए ईमेल पते पर भेज दिया है। क्या मैं पुष्टि कर सकता हूँ कि क्या उस दिन के लिए आपके सभी प्रश्नों का उत्तर दे दिया गया है?,3,0
H7Y6Y8, H7Y6Y8,0,0
ZDT500, ZDT500,0,0
Glad to help you. Please go through this website: www.pilotairlines.com in case of any query and help us help you. Good day!, आपकी मदद करके प्रसन्नता हुई। कृपया इस वेबसाइट को देखें: www.pilotairlines.com किसी भी प्रश्न के मामले में और आपकी सहायता करने में हमारी सहायता करें। अच्छा दिन!,3,2
"Alright! I'll be glad to be of help, may I please know which seat you'd prefer Aisle seat or middle row seat?"," ठीक है! मुझे मदद करने में खुशी होगी, क्या मैं कृपया जान सकता हूं कि आप कौन सी सीट आइल सीट या मिडिल रो सीट पसंद करेंगे?",3,0
I'm sorry? Do you want to go ahead with the seating assignment?, मुझे माफ़ करें? क्या आप सीटिंग असाइनमेंट के साथ आगे बढ़ना चाहते हैं?,3,0
Hello! Good morning. You've reached LMT airways. How may I help you?, नमस्ते! सुबह बख़ैर। आप एलएमटी एयरवेज पर पहुंच गए हैं। क्या मेरे द्वारा आपकी कोई सहायता हो सकती है?,3,0
pls Conform 4A for me,pls मेरे लिए 4A अनुरूप है,0,0
Fantastic! Thank you for reaching out to us. Have a memorable journey. Bye., ज़बरदस्त! हमसे संपर्क की पहल के लिए आपका धन्यवाद। यादगार यात्रा हो। अलविदा।,3,2
Window ..that would be perfect for me.. Okay please also send my boarding pass too, Window..जो मेरे लिए एकदम सही होगा.. ठीक है कृपया मेरा बोर्डिंग पास भी भेज दें,3,0
Sure., ज़रूर।,2,0
Amazing! Seat number B9 is a window seat and it is available. Would you like to take that?, अद्भुत! सीट नंबर बी9 विंडो सीट है और यह उपलब्ध है। क्या आप इसे लेना चाहेंगे?,3,2
I need to seat no, मुझे सीट नहीं चाहिए,1,0
I need to know about my seat assignment, मुझे अपने सीट असाइनमेंट के बारे में जानने की जरूरत है,2,0
i want change my seat. i would like middle seat, मैं अपनी सीट बदलना चाहता हूँ। मुझे बीच की सीट चाहिए,3,0
"Thank you for your help. That's it. Nothing else, Robin."," आपके सहयोग के लिए धन्यवाद। यही बात है। और कुछ नहीं, रॉबिन।",3,0
opk586, opk586,2,0
ok thanks, ठीक है धन्यवाद,3,0
ok, ठीक है,2,0
Please book the same, कृपया वही बुक करें,2,0
"You're welcome! Thank you for visiting us, wish to serve you again. Have a safe flight!"," आपका स्वागत है! हमारे पास आने के लिए धन्यवाद, मैं फिर से आपकी सेवा करना चाहता हूं। एक सुरक्षित उड़ान की कामना करते हैं!",3,2
"I really appreciate for your patience, there's L3 (Middle) seat assigned to you. "," मैं वास्तव में आपके धैर्य की सराहना करता हूं, आपको एल3 (मध्य) सीट सौंपी गई है।",3,2
Fantastic! I have sent your boarding pass to your given email address. Would there be anything else that I may help you with?, ज़बरदस्त! मैंने आपका बोर्डिंग पास आपके दिए गए ईमेल पते पर भेज दिया है। क्या कुछ और होगा जिसमें मैं आपकी मदद कर सकूं?,3,2
Fantastic! I've sent your boarding pass to your given email address. Is there anything else that I may help you with?, ज़बरदस्त! मैंने आपका बोर्डिंग पास आपके दिए गए ईमेल पते पर भेज दिया है। क्या कुछ और है जिसमें मैं आपकी मदद कर सकता हूं?,3,2
Welcome to VSAirlines! You're talking to the Customer Executive! Could you please help me with your Departure and Arrival city?, वीएस एयरलाइंस में आपका स्वागत है! आप ग्राहक कार्यकारी से बात कर रहे हैं! क्या आप कृपया अपने प्रस्थान और आगमन शहर में मेरी मदद कर सकते हैं?,3,0
ok, ठीक है,2,0
"Hello, you've reached Sky Travels. Surely! I'll be happy to help you book the tickets. Please may I know your full name?"," नमस्कार, आप स्काई ट्रेवल्स में पहुंच गए हैं। निश्चित रूप से! टिकट बुक करने में आपकी मदद करने में मुझे खुशी होगी। कृपया क्या मैं आपका पूरा नाम जान सकता हूँ?",3,2
"You're welcome! Thank you for visiting us, wish to serve you again. Have an amazing flight!","आपका स्वागत है! हमारे पास आने के लिए धन्यवाद, मैं फिर से आपकी सेवा करना चाहता हूं। एक अद्भुत उड़ान लो!",3,2
jesus63@yahoo.com, jesus63@yahoo.com,2,0
K0, K0,0,0
"Hello, you've reached Sky Travels. How may I help you today?"," नमस्कार, आप स्काई ट्रेवल्स में पहुंच गए हैं। आज मैं आपकी कैसे मदद कर सकता हूँ?",3,0
Awesome! Would you like to travel in a economy class or a business class?Fantastic! Could you please share the number of passengers as well?, बहुत बढ़िया! क्या आप इकोनॉमी क्लास या बिजनेस क्लास में यात्रा करना चाहेंगे?शानदार! क्या आप कृपया यात्रियों की संख्या भी साझा कर सकते हैं?,3,2
My pleasure! Goodbye!, मेरा सौभाग्य! अलविदा!,3,0
"Thank you for choosing us, we are always here to help you. Have an amazing day!"," हमें चुनने के लिए धन्यवाद, हम हमेशा आपकी मदद के लिए यहां हैं। आपका दिन सुखद हो!",3,2
There is only me, केवल मैं है,0,0
I WANT TO BOOK A TICKET IN FLIGHT, मैं उड़ान में टिकट बुक करना चाहता हूं,1,0
hello, नमस्ते,2,0
no thanks," जी नहीं, धन्यवाद",3,1
HII, HII,2,0
May I know the reason?, क्या मैं कारण जान सकता हूँ?,2,0
OKAY THANKS FOR THE INFORMATION SPENCER, ठीक है जानकारी के लिए धन्यवाद स्पेंसर,3,2
CHANDRAN, चंद्रन,0,0
could you please help me., आप कृपया मुझे मदद कर सकता है।,3,0
"Sure! I'll help you in getting that done. May I know the departure and arrival cities?
", ज़रूर! इसे पूरा करने में मैं आपकी मदद करूंगा। क्या मैं प्रस्थान और आगमन शहरों को जान सकता हूँ?,3,0
Superb! Please give me a moment to check with the resources., शानदार! कृपया मुझे संसाधनों के साथ जाँच करने के लिए एक क्षण दें।,3,2
THANK YOU FOR YOUR HELP, आपके सहयोग के लिए धन्यवाद,3,2
KHL546, केएचएल546,0,0
KAVI78@GMAIL.COM, KAVI78@GMAIL.COM,0,0
Awesome! Please allow me a moment to check the assigned seat for you., बहुत बढ़िया! कृपया मुझे आपके लिए नियत सीट की जांच करने के लिए एक क्षण दें।,3,2
"Perfect! Thank you Mr.Beatriz. Please allow me for a minute or two, while I get this done for you?"," उत्तम! धन्यवाद श्री बीट्रीज़। कृपया मुझे एक या दो मिनट के लिए अनुमति दें, जबकि मैं यह आपके लिए करवाता हूं?",3,2
we connected?, हम जुड़े?,0,0
Ok, ठीक,2,0
"Thank you for the details. Please allow me a minute or two, I'll be right back with the details."," विवरण के लिए धन्यवाद। कृपया मुझे एक या दो मिनट का समय दें, मैं विवरण के साथ वापस आऊंगा।",3,0
k, क,2,0
22,22,0,0
"Awesome! Thanks for reaching out to us, hope you have a wonderful trip ahead. "," बहुत बढ़िया! हमसे संपर्क करने के लिए धन्यवाद, आशा है कि आपकी आगे की यात्रा शानदार रही होगी।",3,2
"I'd be glad to assist you with that, may I know your last name and the booking confirmation number?","मुझे इसमें आपकी सहायता करने में खुशी होगी, क्या मैं आपका अंतिम नाम और बुकिंग पुष्टिकरण संख्या जान सकता हूं?",3,0
Please send my boarding pass, कृपया मेरा बोर्डिंग पास भेजें,2,0
Would there be anything else I may help you with?, क्या कुछ और होगा जिसमें मैं आपकी मदद कर सकूं?,2,0
"Perfect! I see that there is an early morning flight operated by Air Vistara at a cost of $130. It departs at 7:AM and arrives at 8:30AM.
", उत्तम! मैं देख रहा हूं कि 130 डॉलर की लागत से एयर विस्तारा द्वारा संचालित एक सुबह की उड़ान है। यह सुबह 7 बजे छूटती है और 8:30 बजे आती है।,2,2
goodbye,अलविदा,2,0
Thanks, धन्यवाद,3,2
ok, ठीक है,2,0
ok, ठीक है,2,0
ok, ठीक है,2,0
i want seat assignment, मुझे सीट असाइनमेंट चाहिए,1,0
I've done that for you. Your new seat number is 12C., मैंने आपके लिए यह किया है। आपका नया सीट नंबर 12C है।,1,0
business class, बिजनेस क्लास,0,0
OK THANKS, ठीक है धन्यवाद,3,2
yes., हां।,2,0
jessly, jessly,0,0
Oh no worries I'll change the seat for you. Which seat would you prefer middle or aisle?, अरे कोई बात नहीं मैं तुम्हारे लिए सीट बदल दूँगा। आप कौन सी सीट मध्य या गलियारा पसंद करेंगे?,3,0
3 persons and drew, 3 व्यक्ति और आकर्षित,0,0
"Done. Your new seat number is 23C. Which is an asiler seat.
", पूर्ण। आपका नया सीट नंबर 23C है। जो एक असिलर सीट है।,2,0
Would there be anything else apart from this I may help you with?, क्या इसके अलावा कुछ और होगा जिसमें मैं आपकी मदद कर सकूं?,2,0
"Thank you! As I have checked with my resources, There are two flights available, One is ""American airlines"" and the second is ""Delta airlines"" and the cost for both of them is same i.e $165. May I know which one you would prefer?"," आपको धन्यवाद! जैसा कि मैंने अपने संसाधनों के साथ जांच की है, दो उड़ानें उपलब्ध हैं, एक ""अमेरिकन एयरलाइंस"" है और दूसरी ""डेल्टा एयरलाइंस"" है और दोनों की लागत समान है यानी $ 165। क्या मैं जान सकता हूँ कि आप किसे पसंद करेंगे?",3,0
"Here's your new seat no. 13A, window. Anything else I may help you with?","ये रहा आपकी नई सीट नं. 13 ए, खिड़की। कुछ और मैं आपकी मदद कर सकता हूँ?",2,0
"Perfect! Thank you Mr.Rajan. Please allow me for a minute or two, I'll get back to your with the details."," उत्तम! धन्यवाद श्री राजन। कृपया मुझे एक या दो मिनट के लिए अनुमति दें, मैं विवरण के साथ आपके पास वापस आऊंगा।",3,2
ADFR73, एडीएफआर73,0,0
raj, राज,0,0
"Yeah, Sure!", हां यकीनन!,2,0
Hi, नमस्ते,2,0
It was a pleasure assisting you. Have a great flight!, आपकी सहायता करना खुशी की बात थी। एक अच्छी उड़ान लो!,3,2
"Cool! I must say you have a good choice, However there are two flights In British airlines flying that day, at 5:00 PM and 6:00 AM, what time you would prefer?"," ठंडा! मुझे कहना होगा कि आपके पास एक अच्छा विकल्प है, हालांकि दो उड़ानें हैं ब्रिटिश एयरलाइंस में उस दिन, शाम 5:00 बजे और सुबह 6:00 बजे, आप किस समय पसंद करेंगे?",3,2
Great! Seat number 16A has been assigned to you which is a window seat for your comfort., महान! सीट संख्या 16ए आपको दी गई है जो आपके आराम के लिए विंडो सीट है।,3,2
Booking confirmation number: 4TAP91.. Email address: subbumani05@gmail.com, बुकिंग पुष्टिकरण संख्या: 4TAP91.. ईमेल पता: subbumani05@gmail.com,2,0
HUG879, HUG879,0,0
hai\, है\,2,0
Last name is Barry., अंतिम नाम बैरी है।,0,0
no thanks," जी नहीं, धन्यवाद",3,1
08/24/2018, 08/24/2018,0,0
Definitely! I'll be happy to help you in this regard. May I know your last name and your booking confirmation number please?, निश्चित रूप से! मुझे इस संबंध में आपकी मदद करने में खुशी होगी। क्या मैं आपका अंतिम नाम और आपकी बुकिंग पुष्टिकरण संख्या जान सकता हूँ?,3,2
Maria I'd like to inform you that you've been assigned 9C which is a window seat., मारिया मैं आपको बताना चाहता हूं कि आपको 9सी दिया गया है जो कि विंडो सीट है।,2,0
Sure! I'd be glad to help you with that. Could you please help me with your last name and your booking confirmation number?, ज़रूर! मुझे इसमें आपकी मदद करने में खुशी होगी। क्या आप कृपया अपने अंतिम नाम और अपनी बुकिंग पुष्टिकरण संख्या के साथ मेरी मदद कर सकते हैं?,3,0
04:00,04:00,0,0
Great! Soon you'll be receiving a mail with your boarding pass attached. Anything else I may help you in?, महान! जल्द ही आपको एक मेल प्राप्त होगा जिसमें आपका बोर्डिंग पास संलग्न होगा। कुछ और मैं आपकी मदद कर सकता हूँ?,3,2
james, जेम्स,0,0
All right. Would you rather fly in the morning or later in the day?,ठीक है। क्या आप सुबह या बाद में दिन में उड़ना चाहेंगे?,3,0
Hello! Welcome to Sky High Travels! How may I help you?, नमस्ते! स्काई हाई ट्रेवल्स में आपका स्वागत है! क्या मेरे द्वारा आपकी कोई सहायता हो सकती है?,3,0
Sure. I'll help you with that. Could you please help me with your full name and the booking confirmation number?, ज़रूर। मैं इसमें आपकी मदद करूंगा। क्या आप कृपया अपना पूरा नाम और बुकिंग पुष्टिकरण संख्या के साथ मेरी मदद कर सकते हैं?,3,0
Hello jessika! :) I'm so glad to assist you! May I know your departure and the arrival city?, नमस्ते जेसिका! :) मुझे आपकी सहायता करने में बहुत खुशी हो रही है! क्या मैं आपके प्रस्थान और आगमन के शहर को जान सकता हूँ?,3,2
"Absolutely! I'll be glad to help you, could you please let me know your last name"," बिल्कुल! मुझे आपकी मदद करने में खुशी होगी, क्या आप कृपया मुझे अपना अंतिम नाम बता सकते हैं",3,2
SHIMN2, SHIMN2,2,0
No can I please change that to a middle seat?," नहीं, क्या मैं कृपया इसे बीच की सीट में बदल सकता हूँ?",3,0
"Kindly send my boarding pass to my email address, it will more help to me."," कृपया मेरा बोर्डिंग पास मेरे ईमेल पते पर भेजें, इससे मुझे और मदद मिलेगी।",3,0
OK, ठीक है,2,0
Thanks! I've sent you an the boarding pass on your email. I hope this will be helpful., धन्यवाद! मैंने आपको आपके ईमेल पर एक बोर्डिंग पास भेजा है। मुझे उम्मीद है कि ये मददगार होगा।,3,2
Thanks Riley! May I please know your booking confirmation number?, धन्यवाद रिले! क्या मैं कृपया आपकी बुकिंग पुष्टिकरण संख्या जान सकता हूँ?,3,2
Hello Robin! I would like for my boarding pass to be sent to my email adress, हैलो रॉबिन! मैं चाहता हूं कि मेरा बोर्डिंग पास मेरे ईमेल पते पर भेजा जाए,3,0
Great! Is there anything else that I may help you with?, महान! क्या कुछ और है जिसमें मैं आपकी मदद कर सकता हूं?,3,2
You're welcome! May I confirm if all your questions have been answered for the day?, आपका स्वागत है! क्या मैं पुष्टि कर सकता हूँ कि क्या उस दिन के लिए आपके सभी प्रश्नों का उत्तर दे दिया गया है?,3,2
I NEED TO BOOK A TICKET FOR FLIGHT, मुझे उड़ान के लिए टिकट बुक करने की आवश्यकता है,1,0
Great. I just remembered I need my boarding pass sent to me as well., महान। मुझे बस याद आया कि मुझे अपना बोर्डिंग पास भी भेजा जाना चाहिए।,3,2
name ravi, नाम रविश,0,0
yesss, हाँ,2,0
I apologize. Booking confirmation number is a 6 character code with both letters and numbers. Please verify that and provide a valid code., मैं क्षमाप्रार्थी हूं। बुकिंग कन्फर्मेशन नंबर एक 6 कैरेक्टर का कोड होता है जिसमें अक्षर और नंबर दोनों होते हैं। कृपया इसे सत्यापित करें और एक मान्य कोड प्रदान करें।,3,1
All right! I've changed your email address.,ठीक है! मैंने आपका ईमेल पता बदल दिया है।,3,0
That's great. thanks., एक दम बढ़िया। धन्यवाद।,3,2
hai, हाय,2,0
22-09-2018,22-09-2018,0,0
check my seat assignment, मेरी सीट असाइनमेंट की जाँच करें,2,0
"Sure! May I know your last name?
", ज़रूर! क्या मैं आपका अंतिम नाम जान सकता हूँ?,2,0
Hello, नमस्ते,2,0
5 persons, 5 व्यक्ति,0,0
You're welcome! Would there be anything else I may assist you with?,आपका स्वागत है! क्या कुछ और होगा जिसमें मैं आपकी सहायता कर सकूं?,3,2
David, डेविड,0,0
ok thank you, ठीक है धन्यवाद,3,0
Fantastic! The boarding pass will be sent to the phone number shortly., ज़बरदस्त! बोर्डिंग पास शीघ्र ही फोन नंबर पर भेज दिया जाएगा।,2,2
"As there's no proper response from your end, I'd have to end this conversation."," चूंकि आपकी ओर से कोई उचित उत्तर नहीं आया है, इसलिए मुझे यह वार्तालाप समाप्त करना होगा।",2,1
Thank you., शुक्रिया।,3,2
"All right! Perfect! I'll definitely help you and check your seat assignment, I'll require your details to access your account. May I know your full name please?"," ठीक है! उत्तम! मैं निश्चित रूप से आपकी मदद करूंगा और आपके सीट असाइनमेंट की जांच करूंगा, मुझे आपके खाते तक पहुंचने के लिए आपके विवरण की आवश्यकता होगी। क्या मैं आपका पूरा नाम जान सकता हूँ?",3,2
DAVID AND FKI875, डेविड और FKI875,0,0
"Thank you for that! Could you please allow me a moment, while I check for the availability?"," उसके लिये आपका धन्यवाद! क्या आप कृपया मुझे एक क्षण की अनुमति दे सकते हैं, जबकि मैं उपलब्धता की जांच कर रहा हूं?",3,2
no thanks," जी नहीं, धन्यवाद",3,1
MIDDLE, मध्यम,0,0
"Good morning! You've reached Alliance Airways Customer service, how may I help you?  "," सुबह बख़ैर! आप एलायंस एयरवेज ग्राहक सेवा तक पहुँच चुके हैं, मैं आपकी कैसे मदद कर सकता हूँ?",3,0
I'll send you the boarding pass right away. Could you help me out with your full name and the booking confirmation number?, मैं आपको तुरंत बोर्डिंग पास भेजूंगा। क्या आप अपना पूरा नाम और बुकिंग पुष्टिकरण नंबर के साथ मेरी मदद कर सकते हैं?,3,0
ok, ठीक है,2,0
A very Good Morning!, एक बहुत ही शुभ प्रभात!,3,2
Awesome! May I know your mail id or phone number please?, बहुत बढ़िया! क्या मैं आपकी मेल आईडी या फोन नंबर जान सकता हूं?,3,2
bYE, अलविदा,0,0
no thanks," जी नहीं, धन्यवाद",3,1
"Awesome! Thanks for reaching out to us, hope you have a wonderful trip ahead. "," बहुत बढ़िया! हमसे संपर्क करने के लिए धन्यवाद, आशा है कि आपकी आगे की यात्रा शानदार रही होगी।",3,2
"Alright? As your not helping me with the answers, I'll have to cancel your booking, Thank you."," ठीक है? चूंकि आप उत्तर देने में मेरी मदद नहीं कर रहे हैं, इसलिए मुझे आपकी बुकिंग रद्द करनी होगी, धन्यवाद।",3,1
All right! You're welcome. It was really nice talking to you. Is there anything else I may help you with?,ठीक है! आपका स्वागत है। आपसे बात करके बहुत अच्छा लगा। क्या कुछ और है जिसमें मैं आपकी मदद कर सकता हूं?,3,2
A very good morning! You've reached the Moon Airways customer service. How may I help you today?, एक बहुत अच्छी सुबह! आप मून एयरवेज ग्राहक सेवा तक पहुँच चुके हैं। आज मैं आपकी कैसे मदद कर सकता हूँ?,3,2
yes please, हाँ कृपया,2,2
"Perfect! I've confirmed and changed the seat for you, is there anything else I could help you with?"," उत्तम! मैंने आपके लिए सीट कन्फर्म कर दी है और बदल दी है, क्या कोई और चीज है जिसमें मैं आपकी मदद कर सकता हूं?",3,2
Sure! May I know the date you'd like to travel?, ज़रूर! क्या मुझे पता चल सकता है कि आप किस तारीख की यात्रा करना चाहते हैं?,3,0
Great! Please could you share the email address too?, महान! क्या आप ईमेल पता भी साझा कर सकते हैं?,3,2
hi, नमस्ते,2,0
Thanks! Raman according to my sources I'd like to inform you that you've been allotted 9C which is a window seat., धन्यवाद! रमन मेरे सूत्रों के अनुसार मैं आपको सूचित करना चाहता हूं कि आपको 9सी आवंटित किया गया है जो एक विंडो सीट है।,3,0
Alright! Please allow me a moment to check if that is available., ठीक है! कृपया मुझे यह जांचने के लिए एक क्षण दें कि क्या यह उपलब्ध है।,2,0
"Superb! I've sent an email to the other Id as well, Is there anything else I may help you with?"," शानदार! मैंने दूसरे आईडी पर भी एक ईमेल भेजा है, क्या मैं आपकी कुछ और मदद कर सकता हूँ?",3,2
Fantastic! Please give me a moment to check., ज़बरदस्त! कृपया मुझे जांचने के लिए एक क्षण दें।,3,2
how many digit is there?, कितने अंक हैं?,0,0
My pleasure! Will there be anything else I could help you with?, मेरा सौभाग्य! क्या कुछ और होगा जिसमें मैं आपकी मदद कर सकूं?,3,2
"Fantastic! Here's your seat number K17 which is a window seat, Is that okay for you?"," ज़बरदस्त! ये रहा आपकी सीट नंबर K17 जो कि विंडो सीट है, क्या यह आपके लिए ठीक है?",3,2
VFE409, वीएफई409,0,0
jessly, jessly,0,0
Highly appreciate your patience. You're assigned to a window seat which is Y7. Would you like to change the seat?, आपके धैर्य की अत्यधिक सराहना करते हैं। आपको एक विंडो सीट दी गई है जो Y7 है। क्या आप सीट बदलना चाहेंगे?,3,2
Mat I please know the city of departure and city of arrival?, कृपया मुझे प्रस्थान का शहर और आगमन का शहर पता है?,2,0
Oh that's okay...thanks Riley..., ओह ठीक है...धन्यवाद रिले...,3,2
"I apologize, could you please be more specific with your reply?"," मैं क्षमा चाहता हूं, क्या आप कृपया अपने उत्तर के साथ अधिक विशिष्ट हो सकते हैं?",3,0
Okay, ठीक,2,0
inba1212@gmail.com., inba1212@gmail.com।,0,0
Thank you for staying on hold. I appreciate your patience. Your seat number is A9 and it is a window seat. Is there anything else that I may help you with?,रुके रहने के लिए धन्यवाद। मैं आपके धैर्य की सराहना करता हूँ। आपकी सीट का नंबर A9 है और यह विंडो सीट है। क्या कुछ और है जिसमें मैं आपकी मदद कर सकता हूं?,3,2
"I'm so glad to assist you Raj, Could you please share your booking confirmation number?"," मुझे आपकी सहायता करने में बहुत खुशी हो रही है राज, क्या आप कृपया अपनी बुकिंग पुष्टिकरण संख्या साझा कर सकते हैं?",3,2
"Alright! So, should I look for flights on September 3 2018? "," ठीक है! तो, क्या मुझे 3 सितंबर 2018 को उड़ानों की तलाश करनी चाहिए?",2,0
I need a boarding pass, मुझे बोर्डिंग पास चाहिए,1,0
Okay, ठीक,2,2
no just this thanks, नहीं बस यही धन्यवाद,3,0
WER452, WER452,0,0
OK, ठीक है,2,0
Okay thanks, ठीक है शुक्रिया,3,0
i want to know my sent no, मैं अपना भेजा हुआ नंबर जानना चाहता हूँ,2,1
check my seat assignment, मेरी सीट असाइनमेंट की जाँच करें,2,0
Sure! Is there anything else that I may help you with?, ज़रूर! क्या कुछ और है जिसमें मैं आपकी मदद कर सकता हूं?,2,0
New york to Mexico city, न्यू यॉर्क से मेक्सिको सिटी,2,0
May I know your preference please?, क्या मैं आपकी पसंद जान सकता हूँ?,3,0
Last name is Ulric and the number is O0912E, अंतिम नाम Ulric है और संख्या O0912E है,0,0
Have a great day, आपका दिन अच्छा रहे,2,2
"Sure, its Roberts"," ज़रूर, इसके रॉबर्ट्स",2,0
09-08-2018,09-08-2018,0,0
"Perfect! Thank you for that. Please allow me a moment, while I check for the availability?"," उत्तम! उसके लिये आपका धन्यवाद। कृपया मुझे एक पल दें, जबकि मैं उपलब्धता की जांच कर रहा हूं?",3,2
"Nothing else, Thank you for your information. Have a nice day to chat with you. "," और कुछ नहीं, आपकी जानकारी के लिए धन्यवाद। आपके साथ चैट करने के लिए एक अच्छा दिन है।",3,0
"Awesome! Thank you for that Ms.Sachet. Could you please allow me a moment, while I get this done for you?"," बहुत बढ़िया! उस सुश्री सचेत के लिए धन्यवाद। क्या आप कृपया मुझे एक क्षण की अनुमति दे सकते हैं, जबकि मैं यह आपके लिए करवाता हूं?",3,2
"Thank you for reaching out to us, it's a pleasure assisting you. Have a great day and happy traveling!"," हमसे संपर्क करने के लिए धन्यवाद, आपकी सहायता करना खुशी की बात है। आपका दिन शुभ हो और यात्रा सुखद हो!",3,2
hi, नमस्ते,2,0
"Alright, there is just 1 window seat available on your flight which is Z9. Do you want me to change your seat to Z9?","ठीक है, आपकी फ़्लाइट में केवल 1 विंडो सीट उपलब्ध है जो कि Z9 है। क्या आप चाहते हैं कि मैं आपकी सीट को Z9 में बदल दूं?",2,0
Awesome! May I know which seat would your prefer? (window/middle/aisle), बहुत बढ़िया! क्या मैं जान सकता हूँ कि आप कौन सी सीट पसंद करेंगे? (खिड़की/मध्य/गलियारा),3,2
Amazing! May I have your email address please?, अद्भुत! क्या मुझे आपका ईमेल पता मिल सकता है?,3,2
Pleasure is mine. Please feel free to reach out to us for further queries. Have a great journey. Bye., मेरा सौभाग्य है। कृपया आगे के प्रश्नों के लिए हमसे बेझिझक संपर्क करें। शानदार यात्रा करें। अलविदा।,3,2
"Thank you for staying connected, there's KL 56 (Middle) seat assigned to you. "," जुड़े रहने के लिए धन्यवाद, आपको केएल 56 (मध्य) सीट सौंपी गई है।",3,0
YES, हां,2,2
"Hello there, how may I assist you today?
"," नमस्ते, मैं आज आपकी कैसे सहायता कर सकता हूँ?",3,0
Mani according to my sources you've been allotted 7C which is a window seat., मणि मेरे सूत्रों के अनुसार आपको 7सी आवंटित किया गया है जो एक विंडो सीट है।,2,0
"Appreciate your patience! Your seat is 15F, Middle seat. Anything else I may help you with?"," अपने धैर्य की सराहना! आपकी सीट 15F, मिडिल सीट है। कुछ और मैं आपकी मदद कर सकता हूँ?",2,2
"Done! I've messaged you the boarding pass. Have a great trip. Goodbye!
", पूर्ण! मैंने आपको बोर्डिंग पास मैसेज कर दिया है। आपका यात्रा शुभ हो। अलविदा!,3,0
hi, नमस्ते,2,0
"Ok, aisle seat will do"," ठीक है, गलियारा सीट कर देगी",2,0
Amazing! Would you please help me with the number of passengers? and also on whose name the booking has to be done?, अद्भुत! क्या आप कृपया यात्रियों की संख्या के बारे में मेरी मदद करेंगे? और साथ ही किसके नाम से बुकिंग करवानी है?,3,2
NAME - DAVID, नाम - डेविड,0,0
thank you, धन्यवाद,2,2
Sure! May I know your last name and your booking confirmation number?, ज़रूर! क्या मैं आपका अंतिम नाम और आपकी बुकिंग पुष्टिकरण संख्या जान सकता हूँ?,2,0
"Thank you for choosing us, wish to serve you again. Have an amazing flight!"," हमें चुनने के लिए धन्यवाद, मैं फिर से आपकी सेवा करना चाहता हूं। एक अद्भुत उड़ान लो!",3,2
A very Good Morning!, एक बहुत ही शुभ प्रभात!,3,2
william@mail.com, विलियम@mail.com,0,0
PLEASE SEND ME BOARDING PASS TO MY PHONE NUMBER, कृपया मुझे मेरे फ़ोन नंबर पर बोर्डिंग पास भेजें,3,0
ok sure,यकीनन ठीक,2,0
(799) 223-5034, (799) 223-5034,0,0
Would there be anything else I may assist you with?, क्या कुछ और होगा जिसमें मैं आपकी सहायता कर सकूं?,2,0
Sam, सैम,0,0
"I've some exciting news for you! Your a lucky fella, you have been assigned window seat and your seat number is G6. "," मेरे पास आपके लिए कुछ रोमांचक समाचार हैं! आप भाग्यशाली हैं, आपको विंडो सीट दी गई है और आपकी सीट संख्या G6 है।",3,2
tnu632, टीएनयू632,0,0
no thanks," जी नहीं, धन्यवाद",3,1
divya@gmail.com, दिव्या@gmail.com,2,0
"Thank You! May I also know the 6 chartered booking confirmation number?
", धन्यवाद! क्या मैं 6 चार्टर्ड बुकिंग पुष्टिकरण संख्या भी जान सकता हूँ?,3,0
Absolutely! Could you please help me with your Name and booking confirmation number?, बिल्कुल! क्या आप कृपया अपने नाम और बुकिंग पुष्टिकरण संख्या के साथ मेरी मदद कर सकते हैं?,3,0
A very good morning! You've reached the Moon Airways customer service. How may I help you today?, एक बहुत अच्छी सुबह! आप मून एयरवेज ग्राहक सेवा तक पहुँच चुके हैं। आज मैं आपकी कैसे मदद कर सकता हूँ?,3,2
could you please help me to know my seat assignment on your flight?, क्या आप कृपया मुझे अपनी उड़ान में मेरे सीट असाइनमेंट को जानने में मदद कर सकते हैं?,3,0
I NEED A BOARDING PASS, मुझे एक बोर्डिंग पास चाहिए,1,0
Nisha could you also help me out with the booking confirmation number?, निशा क्या आप बुकिंग कन्फर्मेशन नंबर में भी मेरी मदद कर सकती हैं?,3,0
Seat Assistant, सीट सहायक,0,0
"Thank you for visiting us, wish to serve you again. Have an amazing time!"," हमारे पास आने के लिए धन्यवाद, मैं फिर से आपकी सेवा करना चाहता हूं। एक अद्भुत समय लो!",3,2
"Alright, It was so amazing talking to you. May I assist you with anything further?"," ठीक है, आपसे बात करके बहुत अच्छा लगा। क्या मैं आगे कुछ भी आपकी सहायता कर सकता हूँ?",3,2
"I would like to check my seat assignment, please."," मैं अपने सीट असाइनमेंट की जांच करना चाहूंगा, कृपया।",3,0
ok, ठीक है,2,0
smi123, एसएमआई123,0,0
You're welcome! May I confirm if all your questions have been answered for the day?, आपका स्वागत है! क्या मैं पुष्टि कर सकता हूँ कि क्या उस दिन के लिए आपके सभी प्रश्नों का उत्तर दे दिया गया है?,3,2
BANKGOK TO SINGAPORE, बैंकगोक से सिंगापुर,2,0
OK, ठीक है,2,0
"Perfect! Thank you for that. Could you please help allow me a minute or two, while I get this done for you?"," उत्तम! उसके लिये आपका धन्यवाद। क्या आप कृपया मुझे एक या दो मिनट का समय देने में मदद कर सकते हैं, जबकि मैं आपके लिए यह कर रहा हूँ?",3,2
riley@gmail.com, रिले@gmail.com,0,0
It's Brittney Guest., इट्स ब्रिटनी गेस्ट।,0,0
Awesome! I'll help you with that. May I know the departure and the arrival cities please?, बहुत बढ़िया! मैं इसमें आपकी मदद करूंगा। क्या मैं कृपया प्रस्थान और आगमन शहरों को जान सकता हूँ?,3,2
"My pleasure! Have a safe flight, goodbye."," मेरा सौभाग्य! एक सुरक्षित उड़ान लो, अलविदा।",3,2
LAKSHIMI AND SJ56K9, लक्ष्मी और SJ56K9,2,0
Sure! I'll just check if there is any middle seat available on the flight! Please allow me a moment.,ज़रूर! मैं अभी जाँच करूँगा कि क्या उड़ान में कोई बीच की सीट उपलब्ध है! कृपया मुझे एक क्षण की अनुमति दें।,3,0
Great! Would there be anything else that I may help you with?, महान! क्या कुछ और होगा जिसमें मैं आपकी मदद कर सकूं?,3,2
9/18/2018, 9/18/2018,0,0
Nice! May I know the preferred date of your travel?, अच्छा! क्या मैं आपकी यात्रा की पसंदीदा तारीख जान सकता हूँ?,3,0
check my seat assignment, मेरी सीट असाइनमेंट की जाँच करें,2,0
That's alright! the boarding pass will be sent to the right email address., वह ठीक है! बोर्डिंग पास सही ईमेल पते पर भेजा जाएगा।,2,0
You're welcome! May I confirm if all you questions have been answered for the day?, आपका स्वागत है! क्या मैं पुष्टि कर सकता हूँ कि क्या उस दिन के लिए आपके सभी प्रश्नों का उत्तर दे दिया गया है?,2,2
I've sent you the boarding pass on your email. I hope this is helpful., मैंने आपको आपके ईमेल पर बोर्डिंग पास भेज दिया है। मुझे आशा है कि यह मददगार है।,3,0
I want to know  my seat no, मुझे अपना सीट नंबर जानना है,2,0
Thank you so much! Please give me a minute to check the system., बहुत-बहुत धन्यवाद! कृपया मुझे सिस्टम की जांच करने के लिए एक मिनट दें।,3,0
"Awesome! Thank you for that. Please allow me for a minute or two, I'll be right back with the details."," बहुत बढ़िया! उसके लिये आपका धन्यवाद। कृपया मुझे एक या दो मिनट के लिए अनुमति दें, मैं विवरण के साथ वापस आऊंगा।",3,2
"Thank You! May I also know the 6 chartered booking confirmation number?
", धन्यवाद! क्या मैं 6 चार्टर्ड बुकिंग पुष्टिकरण संख्या भी जान सकता हूँ?,3,0
Nothing else, और कुछ नहीं,2,0
Good morning! You've reached Flamingo customers service. How may I help you today?, सुबह बख़ैर! आप फ्लेमिंगो ग्राहक सेवा तक पहुँच चुके हैं। आज मैं आपकी कैसे मदद कर सकता हूँ?,3,1
Sure thing! I'll be happy to help you with that. Could you please help me with your last name and your booking confirmation number?, अवश्य! मुझे इसमें आपकी मदद करने में खुशी होगी। क्या आप कृपया अपने अंतिम नाम और अपनी बुकिंग पुष्टिकरण संख्या के साथ मेरी मदद कर सकते हैं?,3,0
HAI, हाई,2,0
Please allow me a moment while I check which seat has been allotted to you.," कृपया मुझे एक क्षण का समय दें, जब तक मैं जांचता हूं कि आपको कौन सी सीट आवंटित की गई है।",2,0
Fantastic! The boarding pass will be sent to the email address shortly., ज़बरदस्त! बोर्डिंग पास शीघ्र ही ईमेल पते पर भेज दिया जाएगा।,2,2
Fantastic! I've booked the tickets for you and you'd be receiving a confirmation email with the link to make the payment. Is there anything else that I may help you with?,ज़बरदस्त! मैंने आपके लिए टिकट बुक कर लिए हैं और आपको भुगतान करने के लिंक के साथ एक पुष्टिकरण ईमेल प्राप्त होगा। क्या कुछ और है जिसमें मैं आपकी मदद कर सकता हूं?,3,2
Good morning! You've reached Flamingo customers service. How may I help you today?, सुबह बख़ैर! आप फ्लेमिंगो ग्राहक सेवा तक पहुँच चुके हैं। आज मैं आपकी कैसे मदद कर सकता हूँ?,3,1
no thanks," जी नहीं, धन्यवाद",3,1
yes answeres all my questions, हाँ मेरे सभी सवालों का जवाब देता है,2,0
Hello! You've been connected to StarAirways customer service! How may I assist you today?, नमस्ते! आप StarAirways ग्राहक सेवा से जुड़ चुके हैं! आज मैं आपकी मदद किस तरह कर सकता हूँ?,3,0
Perfect! Please allow me a moment to check the available flights., उत्तम! कृपया मुझे उपलब्ध उड़ानों की जांच करने के लिए कुछ समय दें।,2,2
Im hoping I can get my seat assignment details., मुझे उम्मीद है कि मैं अपनी सीट असाइनमेंट विवरण प्राप्त कर सकता हूं।,2,0
"Perfect! jak, Could you please help me with your booking confirmation number?","उत्तम! जेक, क्या आप कृपया अपनी बुकिंग पुष्टिकरण संख्या के साथ मेरी मदद कर सकते हैं?",3,2
Good morning! You've reached Flamingo customer services. How may I help you today?, सुबह बख़ैर! आप फ्लेमिंगो ग्राहक सेवा तक पहुँच चुके हैं। आज मैं आपकी कैसे मदद कर सकता हूँ?,3,0
okay good bye, अच्छा चलते हैं,2,0
OK  robin, ठीक है रॉबिन,2,0
hi, नमस्ते,2,0
OK, ठीक है,2,0
back*, पीछे*,2,0
"Ok, I wait for your information. "," ठीक है, मैं आपकी जानकारी की प्रतीक्षा कर रहा हूँ।",2,0
SDF563, एसडीएफ563,0,0
Would there be anything else I may assist you with?, क्या कुछ और होगा जिसमें मैं आपकी सहायता कर सकूं?,2,0
Good morning! You've reached Flamingo customers service. How may I help you today?, सुबह बख़ैर! आप फ्लेमिंगो ग्राहक सेवा तक पहुँच चुके हैं। आज मैं आपकी कैसे मदद कर सकता हूँ?,3,1
Khanth, खंथो,0,0
On which name would you like to book the tickets? And also please provide the email address?, आप किस नाम से टिकट बुक करना चाहेंगे? और कृपया ईमेल पता भी प्रदान करें?,3,0
Thank you so much ..Have a nice day..Good bye, बहुत बहुत धन्यवाद..आपका दिन शुभ हो..अलविदा,3,2
gtf475., जीटीएफ475.,0,0
I hope we are connected?, मुझे आशा है कि हम जुड़े हुए हैं?,2,0
I WANTS TO BOOK A FLIGHT, मैं एक उड़ान बुक करना चाहता हूँ,1,0
Sure, ज़रूर,2,0
Thank you for reaching out to us. Good day!, हमसे संपर्क की पहल के लिए आपका धन्यवाद। अच्छा दिन!,3,2
Amazing! You'd be receiving your boarding pass in a couple of days. I hope that all your queries are cleared?, अद्भुत! आपको एक दो दिनों में अपना बोर्डिंग पास प्राप्त हो जाएगा। मुझे आशा है कि आपके सभी प्रश्नों का समाधान हो गया होगा?,2,2
"Hello! Good Morning. Welcome to ""Flyhigh Airlines"". How may I help you?"," नमस्ते! शुभ प्रभात। ""फ्लाईहाई एयरलाइंस"" में आपका स्वागत है। क्या मेरे द्वारा आपकी कोई सहायता हो सकती है?",3,0
change to aisle seat, गलियारे की सीट में बदलें,0,0
"Bill, JGD753"," बिल, JGD753",0,0
hai, हाय,2,0
Awesome! The boarding pass will be sent to the phone number shortly. Is there anything else I could help you with?, बहुत बढ़िया! बोर्डिंग पास शीघ्र ही फोन नंबर पर भेज दिया जाएगा। क्या कुछ और है जिसमें मैं आपकी मदद कर सकता हूं?,3,2
hi, नमस्ते,2,0
Hi, नमस्ते,2,0
VXCMN5, वीएक्ससीएमएन5,0,0
Good morning! You've reached Flamingo customers service. How may I help you today?, सुबह बख़ैर! आप फ्लेमिंगो ग्राहक सेवा तक पहुँच चुके हैं। आज मैं आपकी कैसे मदद कर सकता हूँ?,3,1
HAI, हाई,2,0
my name kani, मेरा नाम कनि,1,0
DD45D4, डीडी45डी4,0,0
"Perfect! Thank you for that. Could you please allow me a minute or two, while I quickly get this done for you?","उत्तम! उसके लिये आपका धन्यवाद। क्या आप कृपया मुझे एक या दो मिनट का समय दे सकते हैं, जबकि मैं आपके लिए यह जल्दी से कर देता हूँ?",3,2
Perfect! Will there be anything else I may assist you in?, उत्तम! क्या कुछ और होगा जिसमें मैं आपकी सहायता कर सकूं?,3,2
All right! That's great! I'll surely help you out. Could you please share your booking confirmation number? And I'd also request you to please be conversational., ठीक है! एक दम बढ़िया! मैं आपकी मदद जरूर करूंगा। क्या आप कृपया अपनी बुकिंग पुष्टिकरण संख्या साझा कर सकते हैं? और मैं आपसे यह भी अनुरोध करता हूं कि कृपया संवादी बनें।,3,2
"Sure! May I know your last name?
", ज़रूर! क्या मैं आपका अंतिम नाम जान सकता हूँ?,2,0
ok, ठीक है,2,0
could you please help me., आप कृपया मुझे मदद कर सकता है।,3,0
A very good morning! You've reached the Moon Airways customer service. How may I help you today?, एक बहुत अच्छी सुबह! आप मून एयरवेज ग्राहक सेवा तक पहुँच चुके हैं। आज मैं आपकी कैसे मदद कर सकता हूँ?,3,2
"Anything else I may help you out with today?
", कुछ और मैं आज आपकी मदद कर सकता हूं?,2,0
You're welcome! Would there be anything else I may assist you with?,आपका स्वागत है! क्या कुछ और होगा जिसमें मैं आपकी सहायता कर सकूं?,3,2
Hello! You've been connected to StarAirwyas. How may I assist you?, नमस्ते! आप StarAirwyas से जुड़ चुके हैं। मैं आपकी कैसे सहायता कर सकता हूँ?,3,0
Perfect! Will there be anything else I could help you with?, उत्तम! क्या कुछ और होगा जिसमें मैं आपकी मदद कर सकूं?,2,2
krishsingh@gmail.com make a correction., krishsingh@gmail.com सुधार करें।,2,0
no thanks," जी नहीं, धन्यवाद",3,1
anandkumartiruppur@gmail.com, anandkumartiuppur@gmail.com,2,0
ok thanks, ठीक है धन्यवाद,3,0
"Absolutely! I'll be glad to help you get that, may I please know your last name?"," बिल्कुल! इसे प्राप्त करने में आपकी सहायता करने में मुझे खुशी होगी, क्या मैं कृपया आपका अंतिम नाम जान सकता हूँ?",3,0
Is there anything else that I may help you with?, क्या कुछ और है जिसमें मैं आपकी मदद कर सकता हूं?,2,0
df45f4, df45f4,0,0
"I like to book the ticket from New York to Washington by next week, can you check any availability ?"," मैं अगले सप्ताह तक न्यूयॉर्क से वाशिंगटन के लिए टिकट बुक करना चाहता हूं, क्या आप उपलब्धता की जांच कर सकते हैं?",3,0
ba68y9, बीए68वाई9,0,0
837-883-9283, 837-883-9283,0,0
Hello, नमस्ते,2,0
"Thanks for waiting, I've changed the number the boarding pass file will be sent you to the mail id provide. Anything else I may help you in?"," प्रतीक्षा करने के लिए धन्यवाद, मैंने उस नंबर को बदल दिया है जो बोर्डिंग पास फ़ाइल आपको प्रदान की गई मेल आईडी पर भेजी जाएगी। कुछ और मैं आपकी मदद कर सकता हूँ?",3,2
okay, ठीक है,2,0
assignment*, कार्यभार*,0,0
ok, ठीक है,2,0
Thanks, धन्यवाद,3,2
good day & good bye.,शुभ दिन और अलविदा।,3,2
Alright! I've sent it., ठीक है! मैंने इसे भेज दिया है।,2,0
yes, हां,2,0
"Definitely! I'll help you get that, could you please help me with your email address?"," निश्चित रूप से! मैं इसे प्राप्त करने में आपकी सहायता करूंगा, क्या आप कृपया अपने ईमेल पते के साथ मेरी सहायता कर सकते हैं?",3,2
"As I've checked with the resources, I see that the seat allotted to you is the middle seat which is D3."," जैसा कि मैंने संसाधनों के साथ जांच की है, मैं देखता हूं कि आपको आवंटित सीट बीच की सीट है जो डी3 है।",2,0
"Perfect! On 2nd Sep 2018, from Delhi to Dubai in first class for 3 people, there's a flight at 8 AM and the fare would be $260. Would you like to proceed and book the tickets?"," उत्तम! 2 सितंबर 2018 को, दिल्ली से दुबई के लिए प्रथम श्रेणी में 3 लोगों के लिए, सुबह 8 बजे एक उड़ान है और किराया $260 होगा। क्या आप आगे बढ़ना चाहते हैं और टिकट बुक करना चाहते हैं?",3,2
"Nothing else, Thank you for your Booking. Have a nice day to chat with you."," और कुछ नहीं, आपकी बुकिंग के लिए धन्यवाद। आपके साथ चैट करने के लिए एक अच्छा दिन है।",3,0
bye.., अलविदा..,2,0
hai, हाय,2,0
Sure! May I know what it is about?, ज़रूर! क्या मैं जान सकता हूँ कि यह किस बारे में है?,2,0
"Awesome! To send the confirmation link I'd require your last name and the email address or phone number, could you please help me with the details as well?"," बहुत बढ़िया! पुष्टिकरण लिंक भेजने के लिए मुझे आपके अंतिम नाम और ईमेल पते या फोन नंबर की आवश्यकता होगी, क्या आप कृपया विवरण के साथ मेरी मदद कर सकते हैं?",3,2
"Perfect! Thank you Mr.Sathish. Please allow me a minute or two, while I get this done for you."," उत्तम! धन्यवाद श्री सतीश। कृपया मुझे एक या दो मिनट का समय दें, जबकि मैं आपके लिए यह कर रहा हूं।",3,2
yes okay, हाँ ठीक है,2,0
ok, ठीक है,2,0
hai, हाय,2,0
"As there has been no response from a long time, I assume you're away. I'm forced to close this chat. Thanks for reaching out to us. Good day!","चूंकि लंबे समय से कोई प्रतिक्रिया नहीं आई है, मुझे लगता है कि आप दूर हैं। मैं इस चैट को बंद करने के लिए विवश हूं। हमसे संपर्क करने के लिए धन्यवाद. अच्छा दिन!",3,1
check my seat assignment, मेरी सीट असाइनमेंट की जाँच करें,2,0
check my seat assignment, मेरी सीट असाइनमेंट की जाँच करें,2,0
mumbai, मुंबई,0,0
hi good morning, हाय सुप्रभात,3,2
Sure. Please allow me a moment while I search for something better according to your requirement., ज़रूर। कृपया मुझे एक पल दें जबकि मैं आपकी आवश्यकता के अनुसार कुछ बेहतर खोजता हूं।,3,0
"Thank you for visiting us, wish to serve you again. Have a nice time!"," हमारे पास आने के लिए धन्यवाद, मैं फिर से आपकी सेवा करना चाहता हूं। आशा है आपका समय अच्छा बीते!",3,2
Wonderful! Thank you for reaching out to us. Have a great journey. Bye., अद्भुत! हमसे संपर्क की पहल के लिए आपका धन्यवाद। शानदार यात्रा करें। अलविदा।,3,2
I need a boarding pass, मुझे बोर्डिंग पास चाहिए,1,0
Sure. Could you please help me with your Last name and booking confirmation number?, ज़रूर। क्या आप कृपया अपने अंतिम नाम और बुकिंग पुष्टिकरण संख्या के साथ मेरी मदद कर सकते हैं?,3,0
I'll send you the boarding pass right away. Could you help me out with your full name and the booking confirmation number?, मैं आपको तुरंत बोर्डिंग पास भेजूंगा। क्या आप अपना पूरा नाम और बुकिंग पुष्टिकरण नंबर के साथ मेरी मदद कर सकते हैं?,3,0
"Thanks for being so cooperative, I've checked and I'm glad to inform you that there is a middle row seat available which is 3A, should I confirm that for you?"," इतना सहयोग करने के लिए धन्यवाद, मैंने जाँच की है और मुझे आपको यह बताते हुए खुशी हो रही है कि एक मध्य पंक्ति की सीट उपलब्ध है जो कि 3A है, क्या मुझे आपके लिए इसकी पुष्टि करनी चाहिए?",3,2
ok, ठीक है,2,0
Hello! Good morning. You've reached LMT Airways., नमस्ते! सुबह बख़ैर। आप एलएमटी एयरवेज पहुंच गए हैं।,3,0
176428,176428,0,0
"naupa@me.com
", naupa@me.com,0,0
"Hello there! Good morning, Sky high customer services, How may I help you today?"," नमस्ते! सुप्रभात, स्काई हाई कस्टमर सर्विसेज, मैं आज आपकी कैसे मदद कर सकता हूं?",3,0
no thanks," जी नहीं, धन्यवाद",3,1
My pleasure! Goodbye!, मेरा सौभाग्य! अलविदा!,3,0
gabriel_joshua38@gmail.com, gabriel_joshua38@gmail.com,0,0
confirmation number khu 584, पुष्टिकरण संख्या खू 584,2,0
I want book my plane ticket, मुझे अपना हवाई जहाज का टिकट बुक करना है,2,0
NO THANKS," जी नहीं, धन्यवाद",3,1
i want to know my seat no, मुझे अपना सीट नंबर जानना है,2,0
That's it. Thank you., यही बात है। शुक्रिया।,3,0
Would there be anything else I may assist you with?, क्या कुछ और होगा जिसमें मैं आपकी सहायता कर सकूं?,2,0
On August 28 and morning flight, 28 अगस्त और सुबह की फ्लाइट,2,0
Sure thing! Could you please help me out with your full name and the booking confirmation number?, अवश्य! क्या आप कृपया अपना पूरा नाम और बुकिंग पुष्टिकरण संख्या के साथ मेरी मदद कर सकते हैं?,3,0
PLEASE SEND ME BOARDING PASS TO MY MAIL ID, कृपया मुझे मेरी मेल आईडी पर बोर्डिंग पास भेजें,3,0
yes u have. thank u, हाँ तुम्हारे पास है। धन्यवाद,3,0
ANAND5@GMAIL.COM, ANAND5@GMAIL.COM,0,0
my name is raja  confirmation number vfb756, मेरा नाम राजा पुष्टिकरण संख्या है vfb756,1,0
"Sure, we are here to assist you in the best possible way. May I know your last name?","निश्चित रूप से, हम यहां आपकी सर्वोत्तम संभव तरीके से सहायता करने के लिए हैं। क्या मैं आपका अंतिम नाम जान सकता हूँ?",3,0
Awesome! Allow me a moment while I check the seat that has been allotted to you., बहुत बढ़िया! मुझे उस सीट की जांच करने के लिए एक क्षण की अनुमति दें जो आपको आवंटित की गई है।,3,2
"Okay we have 7C available, would you like to occupy that? "," ठीक है हमारे पास 7C उपलब्ध है, क्या आप उस पर कब्जा करना चाहेंगे?",3,0
Hi! I'd like to check my seat assignment please, नमस्ते! कृपया मुझे अपना सीट असाइनमेंट देखना है,3,0
Hello! You've been connected to StarAirwyas. How may I assist you?, नमस्ते! आप StarAirwyas से जुड़ चुके हैं। मैं आपकी कैसे सहायता कर सकता हूँ?,3,0
ok thanks, ठीक है धन्यवाद,3,0
MN6SD7, MN6SD7,0,0
Great! May I confirm if all your questions have been answered for the day?,महान! क्या मैं पुष्टि कर सकता हूँ कि क्या उस दिन के लिए आपके सभी प्रश्नों का उत्तर दे दिया गया है?,3,2
You're welcome! Would you there be anything else I may help you with?, आपका स्वागत है! क्या आपके पास और कुछ होगा जिसमें मैं आपकी मदद कर सकूं?,3,2
ok, ठीक है,2,0
YES, हां,2,2
"Thank you for your patience. We've got Ryan Air flying in the morning, the estimated arrival is at 7AM at $300. Would you like to fly with that?"," आपके धैर्य के लिए धन्यवाद। हमने रयान एयर को सुबह उड़ान भरते हुए देखा है, अनुमानित आगमन सुबह 7 बजे $300 पर है। क्या आप उसके साथ उड़ना चाहेंगे?",3,0
no thanks," जी नहीं, धन्यवाद",3,1
"Amazing! Thanks for being patient, I've check here you seat number is E5 and it is a window seat. If you want to change your seat, I'll do that for you as well. I hope that would be okay?"," अद्भुत! धैर्य रखने के लिए धन्यवाद, मैंने यहाँ जाँच की है कि आपकी सीट संख्या E5 है और यह एक विंडो सीट है। अगर आप अपनी सीट बदलना चाहते हैं, तो मैं आपके लिए भी ऐसा करूंगा। मुझे आशा है कि यह ठीक होगा?",3,2
okay sure, पक्का निश्चित,2,0
28-08-2018,28-08-2018,0,0
Hello! Welcome to Air USA and surely I'll do my best to help. Please may I know your name?, नमस्ते! एयर यूएसए में आपका स्वागत है और निश्चित रूप से मैं मदद करने की पूरी कोशिश करूंगा। कृपया क्या मैं आपका नाम जान सकता हूँ?,3,0
"Thank You! May I also know the 6 chartered booking confirmation number?
", धन्यवाद! क्या मैं 6 चार्टर्ड बुकिंग पुष्टिकरण संख्या भी जान सकता हूँ?,3,0
jackes, जैक्स,2,0
elsa and kt57f4, एल्सा और kt57f4,2,0
I can help you make your reservation. Please let me know the departure city and the arrival city., मैं आपका आरक्षण करने में आपकी मदद कर सकता हूं। कृपया मुझे प्रस्थान शहर और आगमन शहर बताएं।,2,0
Aaron, हारून,0,0
THIYA,थिया:,2,0
Sure!, ज़रूर!,2,0
My booking confirmation number is FU69FU, मेरी बुकिंग पुष्टिकरण संख्या FU69FU है,1,0
hi, नमस्ते,2,0
Perfect. Thank you so much. Good bYe, उत्तम। बहुत-बहुत धन्यवाद। अलविदा,3,2
james@gmail.com, James@gmail.com,0,0
boarding pass to be sent to your email address or phone number., बोर्डिंग पास आपके ईमेल पते या फोन नंबर पर भेजा जाना है।,1,0
Have a great day!, आपका दिन अच्छा रहे!,2,2
hi, नमस्ते,2,0
ok, ठीक है,2,0
No problem at all. Thank you for the confirmation. I've made the necessary changes. You'd be receiving the boarding pass on the day before your journey. Is there anything else that I may help you with?, बिल्कुल भी परेशानी नहीं है। पुष्टिकरण के लिए धन्यवाद। मैंने आवश्यक परिवर्तन किए हैं। आपको अपनी यात्रा से एक दिन पहले बोर्डिंग पास प्राप्त होगा। क्या कुछ और है जिसमें मैं आपकी मदद कर सकता हूं?,3,2
I planned in the second week of September so any dates in that could be comfortable, मैंने सितंबर के दूसरे सप्ताह में योजना बनाई थी ताकि उसमें कोई भी तारीख आरामदायक हो सके,2,0
"okay good bye, have a nice day"," ठीक है अलविदा, आपका दिन शुभ हो",3,0
OK, ठीक है,2,0
All right. Please do contact us for further queries. Have a good day. Bye., ठीक है। कृपया अधिक प्रश्नों के लिए हमसे संपर्क करें। आपका दिन शुभ हो। अलविदा।,3,0
"Hello there, how may I assist you today?
"," नमस्ते, मैं आज आपकी कैसे सहायता कर सकता हूँ?",3,0
Great! Please allow me a moment to check with the resources., महान! कृपया मुझे संसाधनों के साथ जाँच करने के लिए एक क्षण दें।,3,2
hello, नमस्ते,2,0
"Perfect! Tharun, could you also help me out with your phone number or email address for the boarding pass to be sent to you? "," उत्तम! थारुन, क्या आप मुझे बोर्डिंग पास भेजने के लिए अपने फोन नंबर या ईमेल पते में भी मदद कर सकते हैं?",3,2
Amazing! Would you please help me with the number of passengers? and also on whose name the booking has to be done?, अद्भुत! क्या आप कृपया यात्रियों की संख्या के बारे में मेरी मदद करेंगे? और साथ ही किसके नाम से बुकिंग करवानी है?,3,2
How may I help you today?, आज मैं आपकी कैसे मदद कर सकता हूँ?,2,0
"As I've checked with the resources, I see that the seat allotted to you is the middle seat which is V4."," जैसा कि मैंने संसाधनों के साथ जांच की है, मैं देखता हूं कि आपको आवंटित सीट बीच की सीट है जो V4 है।",2,0
"Thanks nice, could you send me the boarding pass to my registered email please"," धन्यवाद अच्छा, क्या आप कृपया मुझे मेरे पंजीकृत ईमेल पर बोर्डिंग पास भेज सकते हैं",3,2
okay good bye see you later, ठीक है अलविदा बाद में मिलते हैं,3,0
Hello! Sure thing! Could you please help me out with your full name and the booking confirmation number?,नमस्ते! अवश्य! क्या आप कृपया अपना पूरा नाम और बुकिंग पुष्टिकरण संख्या के साथ मेरी मदद कर सकते हैं?,3,0
Awesome! Could you please help me out with your email address to which the confirmation link will be sent through which you can confirm the booking., बहुत बढ़िया! क्या आप कृपया अपने ईमेल पते के साथ मेरी मदद कर सकते हैं जिस पर पुष्टिकरण लिंक भेजा जाएगा जिसके माध्यम से आप बुकिंग की पुष्टि कर सकते हैं।,3,2
korukal, कोरुकल,2,0
Fantastic! Could you please share the number of passengers as well?, ज़बरदस्त! क्या आप कृपया यात्रियों की संख्या भी साझा कर सकते हैं?,3,2
no need, कोई ज़रुरत नहीं है,1,0
"Please note down your new seat no. being 18 D, Aisle seat. Pleasure's mine. You can go through this website: www.pilotairlines.com in case of any query and help us help you. Good day!"," कृपया अपना नया सीट नंबर नोट कर लें। 18 डी, आइल सीट होने के नाते। आनंद मेरा है। किसी भी प्रश्न के मामले में आप इस वेबसाइट www.pilotairlines.com पर जा सकते हैं और आपकी सहायता करने में हमारी सहायता कर सकते हैं। अच्छा दिन!",3,2
Hello! Good morning! Welcome to Sky Airway Customer Service! How may I help you today?, नमस्ते! सुबह बख़ैर! स्काई एयरवे ग्राहक सेवा में आपका स्वागत है! आज मैं आपकी कैसे मदद कर सकता हूँ?,3,0
Nila may I know which seat would you prefer?, नीला क्या मैं जान सकता हूँ कि आप कौन सी सीट पसंद करेंगे?,3,0
i want to know my sent no, मैं अपना भेजा हुआ नंबर जानना चाहता हूँ,2,1
"Alright! I've confirmed that for you, hope all of your questions are answered?"," ठीक है! मैंने पुष्टि की है कि आपके लिए, आशा है कि आपके सभी प्रश्नों के उत्तर मिल गए हैं?",2,0
i need a plan in ticked booking, मुझे टिक बुकिंग में एक योजना चाहिए,1,0
"Perfect! For 1 person, on 27th Aug 2018, from New York to Canada in economy class, there is a flight at 6 AM and the fare would be $260. Would you like to proceed further and book the tickets?"," उत्तम! 1 व्यक्ति के लिए, 27 अगस्त 2018 को, इकोनॉमी क्लास में न्यूयॉर्क से कनाडा के लिए, सुबह 6 बजे एक उड़ान है और किराया $260 होगा। क्या आप आगे बढ़ना चाहते हैं और टिकट बुक करना चाहते हैं?",3,2
hi, नमस्ते,2,0
Thanks for being patient. I'd like to inform you that the best deal I found is with Delta Airways which is at 6:25 A.M to 2:25 P.M for $140 per ticket. Would you want me to book that for you?,धैर्य रखने के लिए धन्यवाद। मैं आपको सूचित करना चाहता हूं कि मुझे जो सबसे अच्छा सौदा मिला वह डेल्टा एयरवेज के साथ है जो प्रति टिकट $140 के लिए सुबह 6:25 बजे से दोपहर 2:25 बजे तक है। क्या आप चाहते हैं कि मैं इसे आपके लिए बुक कर दूं?,3,0
"My pleasure! It was pleasure assisting you, have a great day. Goodbye."," मेरा सौभाग्य! आपकी सहायता करके खुशी हुई, आपका दिन शुभ हो। अलविदा।",3,2
i want aisle seat, मुझे गलियारा सीट चाहिए,1,0
KOKILA, कोकिला,2,0
Awesome! Please help me with your phone number?, बहुत बढ़िया! कृपया अपने फोन नंबर के साथ मेरी मदद करें?,3,2
"As per your confirmation number, I see that the seat number assigned to you is X2 which is a middle seat."," आपके कन्फर्मेशन नंबर के अनुसार, मैं देख रहा हूं कि आपको जो सीट नंबर दिया गया है वह X2 है जो बीच की सीट है।",1,0
"Sure, for that, I'd require your last name and your booking confirmation number."," ज़रूर, इसके लिए मुझे आपका अंतिम नाम और आपकी बुकिंग पुष्टिकरण संख्या की आवश्यकता होगी।",2,0
Great! You'll be receiving the boarding pass in 2 days. Would that be all?, महान! आपको 2 दिनों में बोर्डिंग पास मिल जाएगा। क्या वह सब होगा?,3,1
Amazing! Will there be anything else I may help you in?, अद्भुत! क्या कुछ और होगा जिसमें मैं आपकी मदद कर सकूं?,3,2
Please do reach out to us in case of any queries. Have a great day and a safe journey!, कृपया किसी भी प्रश्न के मामले में हमसे संपर्क करें। आपका दिन शुभ हो और सुरक्षित यात्रा हो!,3,2
ok thanks, ठीक है धन्यवाद,3,0
ok bye, चलो बाय,2,0
Thank you. Could you please allow me a minute to check the system?, शुक्रिया। क्या आप कृपया मुझे सिस्टम की जांच करने के लिए एक मिनट का समय दे सकते हैं?,3,0
it's js@myspace.com, यह js@myspace.com है,0,0
DD23D3, डीडी23डी3,0,0
Hi sir, नमस्कार श्री मान जी,3,0
THANKS BYEE, धन्यवाद अलविदा,3,2
Could you also help me with your email address?, क्या आप अपने ईमेल पते में भी मेरी मदद कर सकते हैं?,3,0
Fantastic! Please give me a moment to check., ज़बरदस्त! कृपया मुझे जांचने के लिए एक क्षण दें।,3,2
Could you also help me with the booking confirmation number?, क्या आप बुकिंग कन्फर्मेशन नंबर में भी मेरी मदद कर सकते हैं?,3,0
"Appreciate your patience. Your seat no. is G4 , aisle seat. Anything else you'd like to know?"," अपने धैर्य की सराहना। आपकी सीट नं. G4, गलियारे की सीट है। कुछ और जो आप जानना चाहेंगे?",3,2
Pleasure is all mine.. Glad to meet you too.,खुशी तो सब मेरी है..आपसे मिलकर भी खुशी हुई।,3,2
Lovely! May I know your email address or contact number please?, प्यारा! क्या मैं आपका ईमेल पता या संपर्क नंबर जान सकता हूँ?,3,2
Surely! I'll be happy to help you with it. Please may I know your name?, निश्चित रूप से! मुझे इसमें आपकी मदद करने में खुशी होगी। कृपया क्या मैं आपका नाम जान सकता हूँ?,3,2
"Awesome! I've changed and confirmed the seat for you, is there anything else I may assist you with?"," बहुत बढ़िया! मैंने आपके लिए सीट बदल दी है और पुष्टि कर दी है, क्या मैं आपकी सहायता के लिए कुछ और कर सकता हूँ?",3,2
"I'm glad that was helpful, thank you for reaching out to us. Have a great day ahead and happy traveling! "," मुझे खुशी है कि यह मददगार था, हमसे संपर्क करने के लिए धन्यवाद। आगे का दिन अच्छा हो और यात्रा सुखद हो!",3,2
When you send my boarding pass to upcoming flight?, आप आने वाली फ़्लाइट में मेरा बोर्डिंग पास कब भेजते हैं?,0,0
My pleasure! Anything else I may assist you in?, मेरा सौभाग्य! कुछ और मैं आपकी सहायता कर सकता हूँ?,3,2
hi, नमस्ते,2,0
"That's perfect! I'll go ahead and confirm the seat for you, will there be anything else I may help you with? "," यह बिल्कुल सही है! मैं आगे बढ़ूंगा और आपके लिए सीट की पुष्टि करूंगा, क्या कुछ और होगा जिसमें मैं आपकी मदद कर सकूं?",3,2
For how many passengers would you like to book the tickets?, आप कितने यात्रियों के लिए टिकट बुक करना चाहेंगे?,3,0
I'll help you out with that. May I know the departure city and the arrival city?, मैं इसमें आपकी मदद करूंगा। क्या मैं प्रस्थान शहर और आगमन शहर को जान सकता हूँ?,3,0
"Perfect! Thank you for that. Please allow me a minute or two, while I get back to your with the changes."," उत्तम! उसके लिये आपका धन्यवाद। कृपया मुझे एक या दो मिनट का समय दें, जबकि मैं परिवर्तनों के साथ आपके पास वापस आता हूं।",3,2
"I really appreciate for you patience, Mr. Martin I see that you are assigned K6 (window) seat. "," मैं वास्तव में आपके धैर्य की सराहना करता हूं, श्रीमान मार्टिन मैं देख रहा हूं कि आपको K6 (विंडो) सीट सौंपी गई है।",3,2
You're lucky! There was a cancellation made just 15 minutes back and the seat number is L9. Do you want me to confirm that seat for you?, तुम भाग्यशाली हो! केवल 15 मिनट पहले रद्दीकरण किया गया था और सीट संख्या L9 है। क्या आप चाहते हैं कि मैं आपके लिए उस सीट की पुष्टि कर दूं?,3,1
Pleasure's mine. You can go through this website: www.pilotairlines.com in case of any query and help us help you. Good day!,आनंद मेरा है। किसी भी प्रश्न के मामले में आप इस वेबसाइट www.pilotairlines.com पर जा सकते हैं और आपकी सहायता करने में हमारी सहायता कर सकते हैं। अच्छा दिन!,3,2
"Thank you for visiting us, wish to serve you again. Have an amazing time!"," हमारे पास आने के लिए धन्यवाद, मैं फिर से आपकी सेवा करना चाहता हूं। एक अद्भुत समय लो!",3,2
"Awesome! Thank you for the confirmation, please allow me a moment to check the seats assigned to you. "," बहुत बढ़िया! पुष्टि के लिए धन्यवाद, कृपया मुझे आपको सौंपी गई सीटों की जांच करने के लिए कुछ समय दें।",3,2
I'd like to make sure my seat is next to the aisle., मैं यह सुनिश्चित करना चाहता हूं कि मेरी सीट गलियारे के बगल में हो।,3,0
Sure! I'll help you with that. May I know your last name please?, ज़रूर! मैं इसमें आपकी मदद करूंगा। क्या मैं आपका अंतिम नाम जान सकता हूँ?,3,0
Good morning! You've reached Flamingo customers service. How may I help you today?, सुबह बख़ैर! आप फ्लेमिंगो ग्राहक सेवा तक पहुँच चुके हैं। आज मैं आपकी कैसे मदद कर सकता हूँ?,3,1
I want aisle seat of instead of window., मुझे खिड़की की जगह गलियारे की सीट चाहिए।,1,0
"Wilson I'd like to inform you that you have been allotted 9C which is a window seat, would you like to change that? "," विल्सन मैं आपको सूचित करना चाहता हूं कि आपको 9सी आवंटित किया गया है जो एक विंडो सीट है, क्या आप इसे बदलना चाहेंगे?",3,0
no, नहीं,1,1
Could you please be specific with the query?, क्या आप कृपया क्वेरी के साथ विशिष्ट हो सकते हैं?,3,0
I NEED TO CHECK MY SEAT, मुझे अपनी सीट की जांच करने की आवश्यकता है,2,0
i want flight to be under $300, मैं चाहता हूं कि उड़ान $300 . से कम हो,1,0
"You're welcome, thank you for reaching out to us. Have a great day ahead and happy traveling Bud! "," आपका स्वागत है, हमसे संपर्क करने के लिए धन्यवाद। आपका आगे का दिन बहुत अच्छा हो और यात्रा करने वाले बड की शुभकामनाएँ!",3,2
ok, ठीक है,2,0
Thank you very much..B9 comfortable for me., बहुत-बहुत धन्यवाद..B9 मेरे लिए सहज है।,3,2
Okay! May I know how would you prefer your boarding pass through phone number or email address?, ठीक! क्या मैं जान सकता हूँ कि आप फ़ोन नंबर या ईमेल पते के माध्यम से अपना बोर्डिंग पास कैसे पसंद करेंगे?,3,0
"Awesome! Here's what I've done as per your request, I changed your seat to middle and your new seat number will be A41. Hope that will be comfortable for you.","बहुत बढ़िया! यहाँ मैंने आपके अनुरोध के अनुसार क्या किया है, मैंने आपकी सीट को बीच में बदल दिया है और आपकी नई सीट संख्या A41 होगी। आशा है कि यह आपके लिए सुविधाजनक होगा।",3,2
no, नहीं,1,1
"My pleasure! It was great assisting you, have a great day. Goodbye."," मेरा सौभाग्य! आपकी सहायता करके बहुत अच्छा लगा, आपका दिन शुभ हो। अलविदा।",3,2
fine, ठीक,1,2
OK, ठीक है,2,0
"You're welcome, is there anything else I could help you with?"," आपका स्वागत है, क्या कुछ और है जिसमें मैं आपकी मदद कर सकता हूँ?",3,2
"As I see, the seat which has been allotted to you is M3 which is a window seat."," जैसा कि मैं देख रहा हूं, आपको जो सीट आवंटित की गई है वह एम3 है जो एक विंडो सीट है।",2,0
please check my seat assignment, कृपया मेरे सीट असाइनमेंट की जांच करें,3,0
"Good to hear from you, Sandiyar! Could you please share the booking confirmation number?"," आपसे सुनकर अच्छा लगा, सांडियार! क्या आप कृपया बुकिंग पुष्टिकरण संख्या साझा कर सकते हैं?",3,2
i want check my seat assignment, मुझे अपना सीट असाइनमेंट चेक करना है,2,0
For sure! I'll look upon the aisle seats available on the flight for you. Please give me a moment., पक्का! मैं आपके लिए उड़ान में उपलब्ध गलियारे की सीटों को देखूंगा। कृपया मुझे एक क्षण दें।,3,0
Hope we're connected?, आशा है कि हम जुड़े हुए हैं?,2,0
Hello there! You're talking to the Customer Executive from VS Airlines! How may I help you today?,नमस्ते! आप वीएस एयरलाइंस के ग्राहक कार्यकारी से बात कर रहे हैं! आज मैं आपकी कैसे मदद कर सकता हूँ?,3,0
62659586,62659586,0,0
name dheepan, नाम दीपनी,0,0
You're welcome! Would there be anything else I may assist you with?,आपका स्वागत है! क्या कुछ और होगा जिसमें मैं आपकी सहायता कर सकूं?,3,2
hai, हाय,2,0
Perfect! I've sent you the boarding pass on your email and you'll receive it within 2-3 minutes., उत्तम! मैंने आपको आपके ईमेल पर बोर्डिंग पास भेज दिया है और आप इसे 2-3 मिनट के भीतर प्राप्त कर लेंगे।,3,2
"Sorry to keep you waiting, your seat number is 5D it is a middle row seat, is that okay?
"," आपको प्रतीक्षा करने के लिए क्षमा करें, आपकी सीट संख्या 5D है, यह मध्य पंक्ति की सीट है, क्या यह ठीक है?",3,0
Please do reach out to us at anytime in case of any queries. Have a safe journey and a wonderful trip., कृपया किसी भी प्रश्न के मामले में किसी भी समय हमसे संपर्क करें। एक सुरक्षित यात्रा और एक शानदार यात्रा करें।,2,2
no thanks," जी नहीं, धन्यवाद",3,1
ramya, रम्या,2,0
OK THANKYOU, ठीक है धन्यवाद,3,2
A very good morning! You've reached the Moon Airways customer service. How may I help you today?, एक बहुत अच्छी सुबह! आप मून एयरवेज ग्राहक सेवा तक पहुँच चुके हैं। आज मैं आपकी कैसे मदद कर सकता हूँ?,3,2
Good Morning, शुभ प्रभात,3,0
"Perfect! I see that there is an early morning flight operated by Singapore Airlines at a cost of $230. It departs at 7:AM and arrives at 11:30AM.
",उत्तम! मैं देख रहा हूं कि 230 डॉलर की लागत से सिंगापुर एयरलाइंस द्वारा संचालित एक सुबह की उड़ान है। यह सुबह 7 बजे छूटती है और 11:30 बजे आती है।,2,2
Great news! An aisle seat was available and I've successfully changed your seat. The seat number is Y8. Would you need anything else?, बढ़िया खबर! गलियारे की सीट उपलब्ध थी और मैंने आपकी सीट सफलतापूर्वक बदल दी है। सीट नंबर Y8 है। क्या आपको कुछ और चाहिए होगा?,3,2
I'm sorry! The confirmation number provide is wrong! Could you please check and confirm? The number is in 6 characters a mix of letters and numbers., मुझे माफ़ करें! पुष्टिकरण संख्या प्रदान करना गलत है! क्या आप कृपया जांच और पुष्टि कर सकते हैं? संख्या 6 अक्षरों में अक्षरों और संख्याओं का मिश्रण है।,3,1
Glad to help you today. Please go through this website: www.pilotairlines.com in case of any query and help us help you. Good day!, आज आपकी मदद करके खुशी हुई। कृपया इस वेबसाइट को देखें: www.pilotairlines.com किसी भी प्रश्न के मामले में और आपकी सहायता करने में हमारी सहायता करें। अच्छा दिन!,3,2
mumbai to bangalore, मुंबई से बंगलौर,0,0
"Sure! Will do that, anything else I may assist you in?"," ज़रूर! क्या मैं वह करूँगा, और कुछ भी जिसमें मैं आपकी सहायता कर सकता हूँ?",2,0
ok, ठीक है,2,0
I apologize. Could you please specify the class please?, मैं क्षमाप्रार्थी हूं। क्या आप कृपया कक्षा निर्दिष्ट कर सकते हैं?,3,0
"I'll find the best deal for you. However, may I know the departure city and the arrival city? "," मैं आपके लिए सबसे अच्छा सौदा ढूंढूंगा। हालाँकि, क्या मैं प्रस्थान शहर और आगमन शहर को जान सकता हूँ?",3,0
Cool! Thanks a lot! Just allow me a moment I will quickly go ahead and book your flight tickets., ठंडा! बहुत-बहुत धन्यवाद! बस मुझे एक पल दें मैं जल्दी से आगे बढ़कर आपकी फ्लाइट की टिकट बुक कर दूंगा।,3,2
"For sure! I'd be glad to help you with that, may I know your last name and the booking confirmation number? ","पक्का! इसमें आपकी मदद करने में मुझे खुशी होगी, क्या मैं आपका अंतिम नाम और बुकिंग पुष्टिकरण नंबर जान सकता हूं?",3,0
10th sep, 10 वीं सितम्बर,0,0
"Awesome! Thanks for choosing us, hope you have a great trip!"," बहुत बढ़िया! हमें चुनने के लिए धन्यवाद, आशा है कि आपकी यात्रा शानदार रही होगी!",3,2
YES, हां,2,2
Wonderful! Please feel free to reach out to us for further queries. Have an amazing journey. Bye., अद्भुत! कृपया आगे के प्रश्नों के लिए हमसे बेझिझक संपर्क करें। एक अद्भुत यात्रा करें। अलविदा।,3,2
the correct email is thebasic01@gmail.com, सही ईमेल thebasic01@gmail.com है,0,0
PRIYA JAMES AND PRIYA154@GMAIL.COM, प्रिया जेम्स और प्रिया154@GMAIL.COM,0,0
"Wonderful! Thank you for visiting us, wish to serve you again. Have an amazing flight!"," अद्भुत! हमारे पास आने के लिए धन्यवाद, मैं फिर से आपकी सेवा करना चाहता हूं। एक अद्भुत उड़ान लो!",3,2
murugan, मुरुगन,0,1
"Sure, I'll help you get that. Could you please share your email address?"," ज़रूर, मैं इसे पाने में आपकी मदद करूँगा। क्या आप कृपया अपना ईमेल पता साझा कर सकते हैं?",3,0
"I hope you have a great day ahead. Goodbye!
", मुझे आशा है कि आपके लिए आगे एक अच्छा दिन होगा। अलविदा!,3,2
Of course! I'd be glad to help you get that. Could you please share your last name and your booking confirmation number?, बेशक! मुझे इसे प्राप्त करने में आपकी सहायता करने में खुशी होगी। क्या आप कृपया अपना अंतिम नाम और अपनी बुकिंग पुष्टिकरण संख्या साझा कर सकते हैं?,3,0
james, जेम्स,0,0
boarding pass to be sent to my email address or phone number., बोर्डिंग पास मेरे ईमेल पते या फोन नंबर पर भेजा जाना है।,1,0
Amazing! I've changed your seat from D1 to D6. Would that be all?, अद्भुत! मैंने आपकी सीट D1 से D6 में बदल दी है। क्या वह सब होगा?,3,0
Thank you, आपको धन्यवाद,2,2
Anthony according to my sources I'd like to inform you that you've been allotted 9C which is a window seat., एंथनी मेरे सूत्रों के अनुसार मैं आपको सूचित करना चाहता हूं कि आपको 9सी आवंटित किया गया है जो एक विंडो सीट है।,2,0
NO THANKS," जी नहीं, धन्यवाद",3,1
hai, हाय,2,0
"Perfect! Thank you for that. Could you please allow me for a minute or two, while I get this done for you?"," उत्तम! उसके लिये आपका धन्यवाद। क्या आप कृपया मुझे एक या दो मिनट के लिए अनुमति दे सकते हैं, जबकि मैं आपके लिए यह कर रहा हूँ?",3,2
I need to my seat assignment, मुझे अपने सीट असाइनमेंट की आवश्यकता है,2,0
Great! Would there be anything else that I may help you with?, महान! क्या कुछ और होगा जिसमें मैं आपकी मदद कर सकूं?,3,2
"Thank You! May I also know the 6 chartered booking confirmation number?
", धन्यवाद! क्या मैं 6 चार्टर्ड बुकिंग पुष्टिकरण संख्या भी जान सकता हूँ?,3,0
hai, हाय,2,0
"Hello there good evening! Sky high customer services, How may I help you today?"," नमस्ते वहाँ शुभ संध्या! स्काई हाई कस्टमर सर्विसेज, मैं आज आपकी कैसे मदद कर सकता हूं?",3,0
Perfect! I'd like to inform you that the boarding pass has been sent to your phone number., उत्तम! मैं आपको सूचित करना चाहता हूं कि बोर्डिंग पास आपके फोन नंबर पर भेज दिया गया है।,3,2
Great! Please allow me a moment to check the details.,महान! कृपया मुझे विवरण की जांच करने के लिए कुछ समय दें।,3,2
ok, ठीक है,2,0
A very good morning! You've reached the Moon Airways customer service. How may I help you today?, एक बहुत अच्छी सुबह! आप मून एयरवेज ग्राहक सेवा तक पहुँच चुके हैं। आज मैं आपकी कैसे मदद कर सकता हूँ?,3,2
Thank you for staying connected. You're assigned to seat number T5 which is an aisle seat. Would you need anything else?, जुड़े रहने के लिए धन्यवाद। आपको सीट नंबर T5 सौंपा गया है जो एक गलियारा सीट है। क्या आपको कुछ और चाहिए होगा?,3,2
"Thank you Raj! I appreciate your effort, please allow me a moment to check the details."," धन्यवाद राज! मैं आपके प्रयास की सराहना करता हूं, कृपया मुझे विवरणों की जांच करने के लिए कुछ समय दें।",3,2
Awesome! May I know the departure and the arrival cities please?, बहुत बढ़िया! क्या मैं कृपया प्रस्थान और आगमन शहरों को जान सकता हूँ?,3,2
hi, नमस्ते,2,0
thank you bro," भाई, आपको धन्यवाद",3,2
hi, नमस्ते,2,0
My email address is mani564@gmail.com, मेरा ईमेल पता mani564@gmail.com है,1,0
OK, ठीक है,2,0
"Alright! We are always at your service, have a safe and happy journey. Goodbye."," ठीक है! हम हमेशा आपकी सेवा में हैं, एक सुरक्षित और खुशहाल यात्रा करें। अलविदा।",2,2
A very good morning! You've reached the Moon Airways customer service. How may I help you today?, एक बहुत अच्छी सुबह! आप मून एयरवेज ग्राहक सेवा तक पहुँच चुके हैं। आज मैं आपकी कैसे मदद कर सकता हूँ?,3,2
Please go head and confirm it..., कृपया सिर पर जाएं और इसकी पुष्टि करें ...,3,0
Sure! I'd be glad to help you with that. May I know your last name please?, ज़रूर! मुझे इसमें आपकी मदद करने में खुशी होगी। क्या मैं आपका अंतिम नाम जान सकता हूँ?,3,0
Great! Please feel free to reach out to us for further queries. Have a great journey. Bye., महान! कृपया आगे के प्रश्नों के लिए हमसे बेझिझक संपर्क करें। शानदार यात्रा करें। अलविदा।,3,2
"Nothing else, Thank you for your information. Have a nice day to chat with you. "," और कुछ नहीं, आपकी जानकारी के लिए धन्यवाद। आपके साथ चैट करने के लिए एक अच्छा दिन है।",3,0
raja1458@gmail.com, raja1458@gmail.com,0,0
economy, अर्थव्यवस्था,1,0
Fantastic! Thank you for reaching out to us. Have a great journey. Bye., ज़बरदस्त! हमसे संपर्क की पहल के लिए आपका धन्यवाद। शानदार यात्रा करें। अलविदा।,3,2
"Sure! May I know your last name?
", ज़रूर! क्या मैं आपका अंतिम नाम जान सकता हूँ?,2,0
Perfect Ram! May I please know your email address too?, बिल्कुल सही राम! क्या मैं आपका ईमेल पता भी जान सकता हूँ?,3,2
May I know your last name please?, क्या मैं आपका अंतिम नाम जान सकता हूँ?,3,0
"Alright! I will not be changing the seat, will there be anything else I may assist you in?"," ठीक है! मैं सीट नहीं बदलूंगा, क्या कुछ और होगा जिसमें मैं आपकी सहायता कर सकूं?",3,0
No., नहीं।,1,1
Just 1 ticket, सिर्फ 1 टिकट,2,0
Okay. Do you mean you want to change to the front row seats?, ठीक। क्या आपका मतलब है कि आप आगे की पंक्ति की सीटों में बदलाव करना चाहते हैं?,2,0
I NEED BOARDING PASS, मुझे बोर्डिंग पास चाहिए,1,0
"Thanks for waiting, I've checked the details and processed your request, you'll soon receive a mail with your boarding pass attachment. Anything else I may help you with?
","प्रतीक्षा करने के लिए धन्यवाद, मैंने विवरणों की जांच कर ली है और आपके अनुरोध को संसाधित कर दिया है, आपको जल्द ही अपने बोर्डिंग पास अटैचमेंट के साथ एक मेल प्राप्त होगा। कुछ और मैं आपकी मदद कर सकता हूँ?",3,2
NO THANKS," जी नहीं, धन्यवाद",3,1
Thank you for reaching out to us. Good day!, हमसे संपर्क की पहल के लिए आपका धन्यवाद। अच्छा दिन!,3,2
OK, ठीक है,2,0
I apologize. I'd be unable to help you with that. We only deal with boarding pass., मैं क्षमाप्रार्थी हूं। मैं इसमें आपकी मदद नहीं कर पाऊंगा। हम केवल बोर्डिंग पास से निपटते हैं।,3,1
GTJ215, GTJ215,0,0
"my name is tharun and booking confirmation number is R5SV73
", मेरा नाम थारुन है और बुकिंग पुष्टिकरण संख्या R5SV73 . है,1,0
"Perfect! Well Mr. James  your seat number is C12 which is a window seat, Is that okay?"," उत्तम! ठीक है मिस्टर जेम्स आपकी सीट का नंबर C12 है जो एक विंडो सीट है, क्या यह ठीक है?",2,2
No.Thank you so much for your help., नहीं।आपकी मदद के लिए बहुत-बहुत धन्यवाद।,3,2
i need a boarding pass, मुझे बोर्डिंग पास चाहिए,1,0
Amazing! Could you help me with the number of passengers as well?, अद्भुत! क्या आप यात्रियों की संख्या में भी मेरी मदद कर सकते हैं?,3,2
"Perfect! Thank you Mr. Chaplin. Please allow me for a minute or two, while I get this done for you."," उत्तम! धन्यवाद श्री चैपलिन। कृपया मुझे एक या दो मिनट के लिए अनुमति दें, जबकि मैं आपके लिए यह कर रहा हूं।",3,2
my email id is hgreeb@gmail.com, मेरी ईमेल आईडी hgreeb@gmail.com है,2,0
"Anything else I may help you out with today?
", कुछ और मैं आज आपकी मदद कर सकता हूं?,2,0
Oops. Actually my confirmation number is 435567, उफ़। दरअसल मेरा कन्फर्मेशन नंबर 435567 . है,2,0
Perfect! Could you also help me out with your email address or phone number for the boarding pass to be sent to you?, उत्तम! क्या आप मुझे अपना बोर्डिंग पास भेजने के लिए अपना ईमेल पता या फोन नंबर देने में भी मदद कर सकते हैं?,3,2
A very good morning! You've reached the Moon Airways customer service. How may I help you today?, एक बहुत अच्छी सुबह! आप मून एयरवेज ग्राहक सेवा तक पहुँच चुके हैं। आज मैं आपकी कैसे मदद कर सकता हूँ?,3,2
"And, your booking confirmation number would be?"," और, आपकी बुकिंग पुष्टिकरण संख्या होगी?",2,0
-98465165363, +91-98465165454,0,0
my name is bala, मेरा नाम बाला है,1,0
Booking confirmation number C2RT62, बुकिंग पुष्टिकरण संख्या C2RT62,2,0
Are we connected?, क्या हम जुड़े हुए हैं?,0,0
"Thank you for staying on hold. I don't understand what you mean by the the front seat but, I see there is a window seat available in the third row and the seat number is C3. Are you fine with that?","रुके रहने के लिए धन्यवाद। मुझे समझ में नहीं आता कि आप आगे की सीट से क्या मतलब रखते हैं, लेकिन, मैं देख रहा हूँ कि तीसरी पंक्ति में एक विंडो सीट उपलब्ध है और सीट संख्या C3 है। क्या आप इससे ठीक हैं?",3,0
Awesome! May I know at which date would you like to travel?, बहुत बढ़िया! क्या मैं जान सकता हूँ कि आप किस तारीख को यात्रा करना चाहेंगे?,3,2
"Perfect! Thanks a ton for baring with me, I've checked here our team has allotted you window seat, and I'd also like to inform you that your seat number is N1. you can also check your seat number on the boarding pass as well."," उत्तम! मुझे रोकने के लिए बहुत-बहुत धन्यवाद, मैंने यहां जांच की है कि हमारी टीम ने आपको विंडो सीट आवंटित की है, और मैं आपको यह भी बताना चाहता हूं कि आपकी सीट संख्या N1 है। आप बोर्डिंग पास पर भी अपना सीट नंबर चेक कर सकते हैं।",3,2
"The name is Anthony Hopkins, the email hopkins@user.com"," नाम है एंथनी हॉपकिंस, ईमेल hopkins@user.com",2,0
Great! You'll soon be receiving a mail with a link through which you'll be able to make the payment and then confirm your flight tickets. Anything else I may help you in?, महान! आपको जल्द ही एक लिंक के साथ एक मेल प्राप्त होगा जिसके माध्यम से आप भुगतान कर सकेंगे और फिर अपनी उड़ान टिकटों की पुष्टि कर सकेंगे। कुछ और मैं आपकी मदद कर सकता हूँ?,3,2
Thanks for the information., सूचना के लिए धन्यवाद।,3,2
anu j98f56, अनु j98f56,0,0
"I'm sorry, repeated changes cannot be made. Kindly accept the seat no. 13A, window. Anything else?"," मुझे खेद है, बार-बार परिवर्तन नहीं किए जा सकते। कृपया सीट नं. 13 ए, खिड़की। और कुछ?",3,1
hai, हाय,2,0
Hello! Good morning. You've reached LMT Airways. How may I assist you today?, नमस्ते! सुबह बख़ैर। आप एलएमटी एयरवेज पहुंच गए हैं। आज मैं आपकी मदद किस तरह कर सकता हूँ?,3,0
Good morning! You've reached Flamingo customers service. How may I help you today?, सुबह बख़ैर! आप फ्लेमिंगो ग्राहक सेवा तक पहुँच चुके हैं। आज मैं आपकी कैसे मदद कर सकता हूँ?,3,1
I need to my  seat assignment, मुझे अपने सीट असाइनमेंट की आवश्यकता है,2,0
Wonderful! Please feel free to reach out to us for further queries. Have an amazing journey. Bye., अद्भुत! कृपया आगे के प्रश्नों के लिए हमसे बेझिझक संपर्क करें। एक अद्भुत यात्रा करें। अलविदा।,3,2
ok thanks, ठीक है धन्यवाद,3,0
"Awesome! Thanks for choosing us, hope you have a great trip!"," बहुत बढ़िया! हमें चुनने के लिए धन्यवाद, आशा है कि आपकी यात्रा शानदार रही होगी!",3,2
Perfect! Please allow me a moment to check the details and get back to you., उत्तम! कृपया मुझे विवरणों की जांच करने और आपसे संपर्क करने के लिए कुछ समय दें।,3,2
"I'm glad that was helpful, thank you for reaching out to us. Have a great day ahead and happy traveling! "," मुझे खुशी है कि यह मददगार था, हमसे संपर्क करने के लिए धन्यवाद। आगे का दिन अच्छा हो और यात्रा सुखद हो!",3,2
Surely. Which one would you like to have - an Aisle or a middle?, निश्चित रूप से। आप कौन सा एक रखना चाहेंगे - एक गलियारा या एक मध्य?,2,0
I'm Riley, मैं रिले हूँ,1,0
can i change my seat assignment, क्या मैं अपना सीट असाइनमेंट बदल सकता हूँ,0,0
confirmation number kuj569, पुष्टिकरण संख्या kuj569,2,0
sure james,ज़रूर जेम्स,2,0
OK FINE, अच्छी बात है,2,0
hi, नमस्ते,3,0
typo error: Sharma23@gmail.com.send to this email address, टाइपो त्रुटि: शर्मा23@gmail.com.इस ईमेल पते पर भेजें,2,0
Nothing else, और कुछ नहीं,2,0
no thanks," जी नहीं, धन्यवाद",3,1
OK THANKS, ठीक है धन्यवाद,3,2
"Good morning! You've reached Alliance Indian Airlines, how may I help you today?"," सुबह बख़ैर! आप एलायंस इंडियन एयरलाइंस पहुंच गए हैं, मैं आज आपकी कैसे मदद कर सकता हूं?",3,0
OKEY THANK YOU VERY MUCH," ठीक है, बहुत-बहुत धन्यवाद",3,2
"Great! Thank you for visiting us, wish to serve you again. Have a safe flight!"," महान! हमारे पास आने के लिए धन्यवाद, मैं फिर से आपकी सेवा करना चाहता हूं। एक सुरक्षित उड़ान की कामना करते हैं!",3,2
Sure! I'd be glad to help you with that. May I know your last name please?, ज़रूर! मुझे इसमें आपकी मदद करने में खुशी होगी। क्या मैं आपका अंतिम नाम जान सकता हूँ?,3,0
You're welcome! Would there be anything else I may assist you with?,आपका स्वागत है! क्या कुछ और होगा जिसमें मैं आपकी सहायता कर सकूं?,3,2
"I hope you have a great day ahead. Goodbye!
", मुझे आशा है कि आपके लिए आगे एक अच्छा दिन होगा। अलविदा!,3,2
Good morning! You've reached Flamingo customers service. How may I help you today?, सुबह बख़ैर! आप फ्लेमिंगो ग्राहक सेवा तक पहुँच चुके हैं। आज मैं आपकी कैसे मदद कर सकता हूँ?,3,1
Great! May I please know the date of travel preferred?, महान! क्या मैं कृपया पसंदीदा यात्रा की तारीख जान सकता हूँ?,3,2
dheepan@gmail.com, dheepan@gmail.com,0,0
James Martin, जेम्स मार्टिन,0,0
It would be great if you could allocate aisle seat for me. Would that be possible ?, यह बहुत अच्छा होगा यदि आप मेरे लिए गलियारे की सीट आवंटित कर सकें। क्या यह संभव होगा?,2,1
Great! May I know the preferred date of your travel?, महान! क्या मैं आपकी यात्रा की पसंदीदा तारीख जान सकता हूँ?,3,2
Fantastic! I've sent your boarding pass to your given email address. May I confirm if all your questions have been answered for the day?, ज़बरदस्त! मैंने आपका बोर्डिंग पास आपके दिए गए ईमेल पते पर भेज दिया है। क्या मैं पुष्टि कर सकता हूँ कि क्या उस दिन के लिए आपके सभी प्रश्नों का उत्तर दे दिया गया है?,3,2
Awesome! May I know the your mail id or phone number?, बहुत बढ़िया! क्या मैं आपकी मेल आईडी या फोन नंबर जान सकता हूं?,3,2
"That's great! I'll now message you a link to complete the payment process. I hope you have a great trip. Goodbye!
", एक दम बढ़िया! अब मैं आपको भुगतान प्रक्रिया को पूरा करने के लिए एक लिंक संदेश भेजूंगा। मुझे आशा है कि आपके पास एक महान यात्रा है। अलविदा!,3,2
"Good morning! You've reached vistara Indian Airlines, how may I help you today?"," सुबह बख़ैर! आप विस्तारा इंडियन एयरलाइंस पहुँच चुके हैं, मैं आज आपकी कैसे मदद कर सकता हूँ?",3,0
thailand and bangkok, थाईलैंड और बैंकॉक,2,0
"Awesome! May I know your on which date you would prefer to travel and, if you want the with a morning flight or an afternoon flight?", बहुत बढ़िया! क्या मुझे पता है कि आप किस तारीख को यात्रा करना पसंद करेंगे और यदि आप सुबह की उड़ान या दोपहर की उड़ान के साथ यात्रा करना चाहते हैं?,3,2
it may be between Sept' 10 and Sept' 13, यह 10 सितंबर और 13 सितंबर के बीच हो सकता है,0,0
"Awesome! Here's what I've done as per your request, I changed your seat to middle and your new seat number will be A4. Hope that will be comfortable for you.","बहुत बढ़िया! यहाँ मैंने आपके अनुरोध के अनुसार क्या किया है, मैंने आपकी सीट को बीच में बदल दिया है और आपकी नई सीट संख्या A4 होगी। आशा है कि यह आपके लिए सुविधाजनक होगा।",3,2
Thank Arun! Could you please let me know your booking confirmation number?, धन्यवाद अरुण! क्या आप कृपया मुझे अपनी बुकिंग पुष्टिकरण संख्या बता सकते हैं?,3,2
thank you so much, आपका बहुत-बहुत धन्यवाद,3,2
Great! May I know the preferred date of your travel?, महान! क्या मैं आपकी यात्रा की पसंदीदा तारीख जान सकता हूँ?,3,2
"Good morning! You've reached Alliance Airways Customer service, how may I help you?  "," सुबह बख़ैर! आप एलायंस एयरवेज ग्राहक सेवा तक पहुँच चुके हैं, मैं आपकी कैसे मदद कर सकता हूँ?",3,0
okay., ठीक है।,2,0
Awesome! Here's your seat number D12 which is a aisle seat. Is that okay with you?, बहुत बढ़िया! यहां आपकी सीट संख्या D12 है जो एक गलियारा सीट है। क्या आपके आपके लिए सही है?,3,2
"You're welcome, is there anything else I could assist you with?"," आपका स्वागत है, क्या कुछ और है जिसमें मैं आपकी सहायता कर सकता हूँ?",2,2
Great! Would there be anything else that I may help you with?, महान! क्या कुछ और होगा जिसमें मैं आपकी मदद कर सकूं?,3,2
OK, ठीक है,2,0
Hello! You've been connected to StarAirways customer service! How may I assist you today?, नमस्ते! आप StarAirways ग्राहक सेवा से जुड़ चुके हैं! आज मैं आपकी मदद किस तरह कर सकता हूँ?,3,0
divya@gmail.com, दिव्या@gmail.com,2,0
Crystal clear! Hope you have a wonderful day, शीशे की तरह साफ! उम्मीद है आपके लिए अद्भुत दिन हो,3,2
Alright! Is there anything else I may help you with?, ठीक है! क्या कुछ और है जिसमें मैं आपकी मदद कर सकता हूं?,2,0
"Always a pleasure! Thank you for reaching out to us, it's a pleasure assisting you. Have a great day and happy traveling!"," हमेशा एक खुशी की बात है! हमसे संपर्क करने के लिए धन्यवाद, आपकी सहायता करना खुशी की बात है। आपका दिन शुभ हो और यात्रा सुखद हो!",3,2
I'm sorry I didn't get you. Do you want me to send the boarding pass to your phone number too?, मुझे खेद है कि मैं तुम्हें नहीं मिला। क्या आप चाहते हैं कि मैं आपके फोन नंबर पर भी बोर्डिंग पास भेजूं?,3,1
Perfect! Will there be anything else I may help you in?, उत्तम! क्या कुछ और होगा जिसमें मैं आपकी मदद कर सकूं?,3,2
May I also know if you'd prefer the morning flight or an afternoon flight?, क्या मैं यह भी जान सकता हूँ कि आप सुबह की उड़ान पसंद करेंगे या दोपहर की उड़ान?,3,0
I apologize., मैं क्षमाप्रार्थी हूं।,3,0
I see that Jet Airways is serving the cheapest flight from Delhi to Dubai. It departs at 7:30AM and arrives at 11:30AM>, मैं देख रहा हूं कि जेट एयरवेज दिल्ली से दुबई के लिए सबसे सस्ती फ्लाइट परोस रहा है। यह सुबह 7:30 बजे निकलती है और 11:30 बजे आती है>,2,0
Perfect! Please allow me a moment while I check the details in this regard., उत्तम! कृपया मुझे इस संबंध में विवरण की जांच करने के लिए कुछ समय दें।,3,2
Glad to help you. You can go through this website: www.pilotairlines.com in case any query and help us help you. Good day!,आपकी मदद करके प्रसन्नता हुई। आप इस वेबसाइट के माध्यम से जा सकते हैं: www.pilotairlines.com किसी भी प्रश्न के मामले में और आपकी सहायता करने में हमारी सहायता करें। अच्छा दिन!,3,2
Thank you for staying connected. We've got Ryan Air flying in the morning and the estimated arrival is 10AM and the ticket fare is $275. Would you want to fly with Ryan Air?, जुड़े रहने के लिए धन्यवाद। हमने सुबह रयान एयर की उड़ान भरी है और अनुमानित आगमन सुबह 10 बजे है और टिकट का किराया $ 275 है। क्या आप रयान एयर के साथ उड़ान भरना चाहेंगे?,3,0
hank You Johnson! I'll now need the booking confirmation number., हांक यू जॉनसन! अब मुझे बुकिंग कन्फर्मेशन नंबर की आवश्यकता होगी।,2,0
Ok, ठीक,2,0
Thank you for waiting. Your patience is greatly appreciated. Your seat number is B3 and it is an aisle. Is there anything else I might help you with?, प्रतीक्षा के लिए धन्यवाद। आपके धैर्य की बहुत सराहना की जाती है। आपकी सीट संख्या B3 है और यह एक गलियारा है। क्या कुछ और है जिसमें मैं आपकी मदद कर सकता हूं?,3,2
"Thanks for staying connected, I've booked the tickets for you, soon you'll be receiving a mail with a link through which you will be able to make the payment and confirm your booking. Anything else I may assist you in?"," जुड़े रहने के लिए धन्यवाद, मैंने आपके लिए टिकट बुक कर लिए हैं, जल्द ही आपको एक लिंक के साथ एक मेल प्राप्त होगा जिसके माध्यम से आप भुगतान करने और अपनी बुकिंग की पुष्टि करने में सक्षम होंगे। कुछ और मैं आपकी सहायता कर सकता हूँ?",3,2
Wonderful! Please feel free to reach out to us for further queries. Have an amazing journey. Bye., अद्भुत! कृपया आगे के प्रश्नों के लिए हमसे बेझिझक संपर्क करें। एक अद्भुत यात्रा करें। अलविदा।,3,2
"Perfect! Thank you for that. Could you please allow me a moment, I'll get back to you with the resolution?"," उत्तम! उसके लिये आपका धन्यवाद। क्या आप कृपया मुझे एक क्षण की अनुमति दे सकते हैं, मैं संकल्प के साथ आपके पास वापस आऊंगा?",3,2
john, जॉन,1,0
"Hello there good morning! Sky high customer services, How may I help you today?"," नमस्ते वहाँ सुप्रभात! स्काई हाई कस्टमर सर्विसेज, मैं आज आपकी कैसे मदद कर सकता हूं?",3,0
"Thank you Raja, may I know the booking confirmation number as well?"," धन्यवाद राजा, क्या मैं बुकिंग पुष्टिकरण संख्या भी जान सकता हूँ?",3,0
im waiting, मैं इंतज़ार कर रहा हूँ,0,0
my name is inba., मेरा नाम इनबा है।,1,0
OKAY, ठीक है,2,0
my name is raja, मेरा नाम राज है,1,0
"Yes! I'll certainly help you out in this concern, May I know your full name please?"," हाँ! मैं निश्चित रूप से इस चिंता में आपकी मदद करूंगा, क्या मैं आपका पूरा नाम जान सकता हूं?",3,0
Awesome! I've sent you the boarding pass and you'll receive it within 2-3 minutes., बहुत बढ़िया! मैंने आपको बोर्डिंग पास भेज दिया है और आप इसे 2-3 मिनट में प्राप्त कर लेंगे।,3,2
"i want to check my seat assignment
", मैं अपने सीट असाइनमेंट की जांच करना चाहता हूं,2,0
Okay! Please allow me a moment while I go ahead and find the best deal for you.,ठीक! कृपया मुझे कुछ समय दें जब तक कि मैं आगे बढ़ूं और आपके लिए सबसे अच्छा सौदा ढूंढूं।,2,0
NN45N5, एनएन45एन5,0,0
Of course! I'll help you get that. May I know your last name and your booking confirmation number?,बेशक! मैं इसे पाने में आपकी मदद करूंगा। क्या मैं आपका अंतिम नाम और आपकी बुकिंग पुष्टिकरण संख्या जान सकता हूँ?,3,0
Hi. Welcome to Divehigh Airways. How may I help you?, नमस्ते। डाइवहाई एयरवेज में आपका स्वागत है। क्या मेरे द्वारा आपकी कोई सहायता हो सकती है?,3,0
"Good morning! You've reached Alliance Indian Airlines Customer service, how may I help you?  "," सुबह बख़ैर! आप एलायंस इंडियन एयरलाइंस ग्राहक सेवा तक पहुँच चुके हैं, मैं आपकी कैसे मदद कर सकता हूँ?",3,0
Could you also help me with the booking confirmation number?, क्या आप बुकिंग कन्फर्मेशन नंबर में भी मेरी मदद कर सकते हैं?,3,0
ok, ठीक है,2,0
ok, ठीक है,2,0
"Always a pleasure! Thank you for reaching out to us, it's a pleasure assisting you. Have a great day and happy traveling!"," हमेशा एक खुशी की बात है! हमसे संपर्क करने के लिए धन्यवाद, आपकी सहायता करना खुशी की बात है। आपका दिन शुभ हो और यात्रा सुखद हो!",3,2
THEN BOOK TICKET FROM NY TO PA, फिर NY से PA के लिए टिकट बुक करें,2,0
Awesome! Allow me a moment while I check the seat that has been allotted to you., बहुत बढ़िया! मुझे उस सीट की जांच करने के लिए एक क्षण की अनुमति दें जो आपको आवंटित की गई है।,3,2
EAMIL IS jamesmartin050@gmail.com, EAMIL is jamesmartin050@gmail.com,0,0
okay sir, ठीक है श्रीमान,2,0
Hello! You've been connected to StarAirwyas. How may I assist you?, नमस्ते! आप StarAirwyas से जुड़ चुके हैं। मैं आपकी कैसे सहायता कर सकता हूँ?,3,0
I hope you have a great day ahead. good bye!, मुझे आशा है कि आपके लिए आगे एक अच्छा दिन होगा। अलविदा!,3,2
ok, ठीक है,2,0
Would there be anything else I may assist you with?, क्या कुछ और होगा जिसमें मैं आपकी सहायता कर सकूं?,2,0
I check to my seat assignment, मैं अपने सीट असाइनमेंट की जांच करता हूं,2,0
"As I've checked with the resources, I see that the seat allotted to you is the middle seat which is P9."," जैसा कि मैंने संसाधनों के साथ जांच की है, मैं देखता हूं कि आपको आवंटित सीट बीच की सीट है जो P9 है।",2,0
It's jones, यह जोन्स है,0,0
Hello, नमस्ते,2,0
"I'll surely help you with that, kindly give me a minute while I check the available aisle seat for you. "," मैं निश्चित रूप से इसमें आपकी मदद करूंगा, कृपया मुझे आपके लिए उपलब्ध गलियारे की सीट की जांच करने के लिए एक मिनट दें।",3,0
"abraham, JH54G7"," अब्राहम, JH54G7",0,0
byee, अलविदा,2,0
OK, ठीक है,2,0
"Sure! I'll be glad to help you in booking the flight tickets, may I please know the departure and arrival city?
"," ज़रूर! मुझे फ़्लाइट टिकट बुक करने में आपकी मदद करने में खुशी होगी, क्या मैं कृपया प्रस्थान और आगमन शहर जान सकता हूँ?",3,0
HSG374, एचएसजी374,0,0
"Anything else I may help you out with today?
", कुछ और मैं आज आपकी मदद कर सकता हूं?,2,0
"I really appreciate for staying connected. As per the booking confirmation number, your seat number is L3 Aisle. "," मैं वास्तव में जुड़े रहने के लिए सराहना करता हूं। बुकिंग कन्फर्मेशन नंबर के अनुसार, आपका सीट नंबर L3 Aisle है।",3,2
"Sure! I'll help you with that, may I know your last name and the booking confirmation number?","ज़रूर! मैं इसमें आपकी मदद करूंगा, क्या मैं आपका अंतिम नाम और बुकिंग पुष्टिकरण संख्या जान सकता हूं?",3,0
6.00am, 6:00,0,0
"Done. Your new seat number is 23C. Which is an aisle seat.
", पूर्ण। आपका नया सीट नंबर 23C है। जो एक गलियारा सीट है।,2,0
"All right! I'll definitely check that for you. I'll require your details to access your account, May I know your full name please?"," ठीक है! मैं निश्चित रूप से आपके लिए इसकी जांच करूंगा। आपके खाते तक पहुँचने के लिए मुझे आपके विवरण की आवश्यकता होगी, क्या मैं आपका पूरा नाम जान सकता हूँ?",3,0
okay thank you so much sam you great, ठीक है बहुत बहुत धन्यवाद सैम आप महान,3,2
You're welcome! Would there be anything else I may assist you with?,आपका स्वागत है! क्या कुछ और होगा जिसमें मैं आपकी सहायता कर सकूं?,3,2
sure., ज़रूर।,2,0
Fantastic! Thank you for reaching out to us. Have a great journey. Bye., ज़बरदस्त! हमसे संपर्क की पहल के लिए आपका धन्यवाद। शानदार यात्रा करें। अलविदा।,3,2
okay, ठीक है,2,0
"Thank you Bala, please give me a minute to check the seats assigned to you."," धन्यवाद बाला, कृपया मुझे आपको सौंपी गई सीटों की जांच करने के लिए एक मिनट दें।",3,0
"Sure, could you also share the booking confirmation number?"," ज़रूर, क्या आप बुकिंग पुष्टिकरण संख्या भी साझा कर सकते हैं?",3,0
"""Book"" a plane ticket "," ""बुक"" एक हवाई जहाज का टिकट",2,0
"For sure! I'll help you with that, may I also know your email address or phone number?"," पक्का! मैं इसमें आपकी मदद करूंगा, क्या मैं आपका ईमेल पता या फोन नंबर भी जान सकता हूं?",3,0
Hello! You've been connected to StarAirwyas. How may I assist you?, नमस्ते! आप StarAirwyas से जुड़ चुके हैं। मैं आपकी कैसे सहायता कर सकता हूँ?,3,0
"Sure! For the boarding pass, I'd require your phone number or email address. Could you please help me with that?"," ज़रूर! बोर्डिंग पास के लिए, मुझे आपका फ़ोन नंबर या ईमेल पता चाहिए। क्या आप कृपया इसमें मेरी मदद कर सकते हैं?",3,0
okay., ठीक है।,2,0
jesse, जेसी,0,0
Perfect! Thank you a lot for sharing your details. Just allow me a moment!, उत्तम! अपना विवरण साझा करने के लिए बहुत-बहुत धन्यवाद। बस मुझे एक पल की अनुमति दें!,3,2
i need to my  plane ticket, मुझे अपने हवाई जहाज का टिकट चाहिए,2,0
Uyh768, उइह768,0,0
no, नहीं,1,1
hi, नमस्ते,2,0
hi, नमस्ते,2,0
"Yes! I'll certainly help you out in this regards, I'll require your details to access your account. May I know your full name please?"," हाँ! मैं निश्चित रूप से इस संबंध में आपकी सहायता करूंगा, मुझे आपके खाते तक पहुंचने के लिए आपके विवरण की आवश्यकता होगी। क्या मैं आपका पूरा नाम जान सकता हूँ?",3,0
okay thna, ठीक है,2,0
"Surely, please hold a minute."," ज़रूर, कृपया एक मिनट रुकें।",3,0
"Thanks for staying on hold, I've checked the details there is a seat 12A available according to your preference, is that okay?","होल्ड पर रहने के लिए धन्यवाद, मैंने विवरण की जांच की है कि आपकी पसंद के अनुसार सीट 12ए उपलब्ध है, क्या यह ठीक है?",3,2
"Done. Your new seat number is 23B. Which is a middle seat.
", पूर्ण। आपका नया सीट नंबर 23B है। जो बीच की सीट है।,2,0
bankok to nepal, बैंकोक से नेपाल,2,0
kutty, कुट्टी,2,0
COULD YOU PLEASE TELL ME THE AMOUNT ?, क्या आप कृपया मुझे राशि बता सकते हैं?,3,0
Great! Please allow me a moment to check and get back to you., महान! कृपया मुझे जांच करने और आपके पास वापस आने के लिए एक क्षण दें।,3,2
"Thank you for visiting us, wish to serve you again. Have a wonderful flight!"," हमारे पास आने के लिए धन्यवाद, मैं फिर से आपकी सेवा करना चाहता हूं। एक अद्भुत उड़ान लो!",3,2
Good morning! You've reached Flamingo customers service. How may I help you today?, सुबह बख़ैर! आप फ्लेमिंगो ग्राहक सेवा तक पहुँच चुके हैं। आज मैं आपकी कैसे मदद कर सकता हूँ?,3,1
"I need middle seat
", मुझे बीच की सीट चाहिए,1,0
I'm sorry? I'd request you to please read the question and then answer., मुझे माफ़ करें? मैं आपसे अनुरोध करता हूं कि कृपया प्रश्न को पढ़ें और फिर उत्तर दें।,3,0
i wint to seeat, मैं बैठना चाहता हूँ,1,0
i want to book flight ticket, मुझे फ्लाइट का टिकट बुक करना है,1,0
Perfect! You'd be receiving the boarding pass on the day before your journey. Is there anything else that I may help you with?, उत्तम! आपको अपनी यात्रा से एक दिन पहले बोर्डिंग पास प्राप्त होगा। क्या कुछ और है जिसमें मैं आपकी मदद कर सकता हूं?,3,2
"Sure! May I know your last name?
", ज़रूर! क्या मैं आपका अंतिम नाम जान सकता हूँ?,2,0
ok nice," ठीक है, अच्छा है",2,2
Can you send boarding pass to me, क्या आप मुझे बोर्डिंग पास भेज सकते हैं,2,0
ok, ठीक है,2,0
Okay., ठीक।,2,0
Glad to help you. Please go through this website: www.pilotairlines.com in case of any query and help us help you. Good day!, आपकी मदद करके प्रसन्नता हुई। कृपया इस वेबसाइट को देखें: www.pilotairlines.com किसी भी प्रश्न के मामले में और आपकी सहायता करने में हमारी सहायता करें। अच्छा दिन!,3,2
A4JUJ8, A4JUJ8,0,0
Thank you for providing this information. Please wait till I check., यह जानकारी प्रदान करने के लिए धन्यवाद। कृपया मेरे द्वारा जाँच किए जाने तक प्रतीक्षा करें।,3,0
hai, हाय,2,0
"Great! You'll receive a message on the given contact number, You'll find a link. Please click on it and follow the guidelines given. After you make the payment you'll receive a conformation message. I hope that is clear?"," महान! आपको दिए गए संपर्क नंबर पर एक संदेश प्राप्त होगा, आपको एक लिंक मिलेगा। कृपया उस पर क्लिक करें और दिए गए दिशानिर्देशों का पालन करें। भुगतान करने के बाद आपको एक संरचना संदेश प्राप्त होगा। मुझे उम्मीद है यह स्पष्ट है?",3,1
Superb! You'd be receiving the boarding pass in a couple of days. Is there anything else that I may help you with?,शानदार! आपको एक दो दिनों में बोर्डिंग पास प्राप्त हो जाएगा। क्या कुछ और है जिसमें मैं आपकी मदद कर सकता हूं?,3,2
ok, ठीक है,2,0
FDE445, FDE445,0,0
OK, ठीक है,2,0
"Thank you Elizabeth, please give me a minute to check the seats assigned to you."," धन्यवाद एलिजाबेथ, कृपया मुझे आपको सौंपी गई सीटों की जांच करने के लिए एक मिनट दें।",3,0
"Hello there, how may I assist you today?
"," नमस्ते, मैं आज आपकी कैसे सहायता कर सकता हूँ?",3,0
ok, ठीक है,2,0
"nope, that's it"," नहीं, बस",1,0
Thanks! I'd like to inform you that the boarding pass has been sent to your email address., धन्यवाद! मैं आपको सूचित करना चाहता हूं कि बोर्डिंग पास आपके ईमेल पते पर भेज दिया गया है।,3,0
Sure. Could you please help me with your Last name and booking confirmation number?, ज़रूर। क्या आप कृपया अपने अंतिम नाम और बुकिंग पुष्टिकरण संख्या के साथ मेरी मदद कर सकते हैं?,3,0
Nothing Else thank you, और कुछ नहीं धन्यवाद,3,0
sure yes, पक्का हां,2,0
Amazing! Thank you for reaching out to us. Have a great journey. Bye., अद्भुत! हमसे संपर्क की पहल के लिए आपका धन्यवाद। शानदार यात्रा करें। अलविदा।,3,2
BUT I WANT AISLE SEAT PLEASE, लेकिन मुझे कृपया गलियारे की सीट चाहिए,2,0
"Thank you Karthi for the details, kindly give me a minute."," विवरण के लिए धन्यवाद कार्थी, कृपया मुझे एक मिनट दें।",3,2
Sure thing! I'll help you change that. Could you please help me with your last name and your booking confirmation number?, अवश्य! मैं इसे बदलने में आपकी मदद करूंगा। क्या आप कृपया अपने अंतिम नाम और अपनी बुकिंग पुष्टिकरण संख्या के साथ मेरी मदद कर सकते हैं?,3,0
"Good news! There's window seat PH4 available for you, will that be fine for you? "," खुशखबरी! आपके लिए विंडो सीट PH4 उपलब्ध है, क्या यह आपके लिए ठीक रहेगा?",3,2
Perfect! I'd like to inform you that you've been assigned 9C which is a window seat., उत्तम! मैं आपको सूचित करना चाहता हूं कि आपको 9C दिया गया है जो एक विंडो सीट है।,3,2
Superb! Could you please give me a minute to check with the resources?, शानदार! क्या आप कृपया मुझे संसाधनों की जांच करने के लिए एक मिनट दे सकते हैं?,3,2
HI, नमस्ते,2,0
Hello! You've been connected to StarAirwyas. How may I assist you?, नमस्ते! आप StarAirwyas से जुड़ चुके हैं। मैं आपकी कैसे सहायता कर सकता हूँ?,3,0
Bravo!! As per your request I've checked your seat assignment. Your seat number is O2. It is a window seat., वाहवाही!! आपके अनुरोध के अनुसार मैंने आपके सीट असाइनमेंट की जांच कर ली है। आपका सीट नंबर O2 है। यह एक विंडो सीट है।,2,2
Yes that sounds great, हाँ यह बहुत अच्छा लगता है,2,2
"Great! Thank you for choosing us, wish to serve you again. Have a wonderful day!"," महान! हमें चुनने के लिए धन्यवाद, मैं फिर से आपकी सेवा करना चाहता हूं। शानदार दिन हो!",3,2
"AshlynStrong@rediffmail.com 
", AshlynStrong@rediffmail.com,0,0
"Hello, you've reached Sky Travels. How may I help you today?"," नमस्कार, आप स्काई ट्रेवल्स में पहुंच गए हैं। आज मैं आपकी कैसे मदद कर सकता हूँ?",3,0
SURE, ज़रूर,2,0
Ravi**, रवि**,0,0
Good to meet you. Could you please share the booking confirmation number?,आपसे मिलकर अच्छा लगा। क्या आप कृपया बुकिंग पुष्टिकरण संख्या साझा कर सकते हैं?,3,0
my seat assignment, मेरी सीट असाइनमेंट,1,0
"You're welcome! Thank you for choosing us, we are always help you out. Have a wonderful flight!"," आपका स्वागत है! हमें चुनने के लिए धन्यवाद, हम हमेशा आपकी मदद करते हैं। एक अद्भुत उड़ान लो!",3,2
hi, नमस्ते,2,0
Thank you very much, आपका बहुत बहुत धन्यवाद,3,2
Peter and LKJ876., पीटर और LKJ876।,0,0
Thank you for staying connected. As per the confirmation number you're assigned to the seat Y8 which is an aisle seat. Would you like that?, जुड़े रहने के लिए धन्यवाद। पुष्टिकरण संख्या के अनुसार आपको सीट Y8 को सौंपा गया है जो कि एक गलियारा सीट है। क्या तुम वह पसंद करोगी?,3,0
"Thank you Daniel, please give me a minute to proceed further."," धन्यवाद डेनियल, कृपया मुझे आगे बढ़ने के लिए एक मिनट दें।",3,2
Surely! I'll be happy to help you in this regard. May I know your last name and your booking confirmation number?, निश्चित रूप से! मुझे इस संबंध में आपकी मदद करने में खुशी होगी। क्या मैं आपका अंतिम नाम और आपकी बुकिंग पुष्टिकरण संख्या जान सकता हूँ?,3,2
"Good to hear from you, Andrea! Could you please tell me the departure city?"," आपसे सुनकर अच्छा लगा, एंड्रिया! क्या आप कृपया मुझे प्रस्थान शहर बता सकते हैं?",3,2
I NEED  A BOARDING PASS, मुझे एक बोर्डिंग पास चाहिए,1,0
my full name is prakssh, मेरा पूरा नाम प्रकाश है,1,0
hi, नमस्ते,2,0
202-555-0116 and johnmary2011@reddiffmail.com, 202-555-0116 और johnmary2011@reddiffmail.com,1,0
"Sure, we are here to assist you in the best possible way. May I know your last name please?"," निश्चित रूप से, हम यहां आपकी सर्वोत्तम संभव तरीके से सहायता करने के लिए हैं। क्या मैं आपका अंतिम नाम जान सकता हूँ?",3,0
no thank you, नहीं धन्यवाद,3,1
i want book plane ticket, मुझे हवाई जहाज का टिकट चाहिए,1,0
Awesome! I've sent you the boarding pass on your email. You'll receive it within 2-3 minutes. I hope this helps., बहुत बढ़िया! मैंने आपको आपके ईमेल पर बोर्डिंग पास भेज दिया है। आप इसे 2-3 मिनट के भीतर प्राप्त कर लेंगे। आशा है कि ये आपकी मदद करेगा।,3,2
check my seat assignment, मेरी सीट असाइनमेंट की जाँच करें,2,0
ok thanks, ठीक है धन्यवाद,3,0
BRITISH AIRWAYS, ब्रिटिश एयरवेज,0,0
"Hello, you've reached Sky Travels. How may I help you today?"," नमस्कार, आप स्काई ट्रेवल्स में पहुंच गए हैं। आज मैं आपकी कैसे मदद कर सकता हूँ?",3,0
"Hello there, how may I assist you today?
"," नमस्ते, मैं आज आपकी कैसे सहायता कर सकता हूँ?",3,0
"Sure, may I know your last name please?"," ज़रूर, क्या मैं आपका अंतिम नाम जान सकता हूँ?",3,0
I WANTS TO BOOK A TICKET FLIGHT, मैं एक टिकट उड़ान बुक करना चाहता हूँ,1,0
hey men, अरे दोस्त,3,0
"My pleasure! It was great assisting you, thanks for choosing our services. Have a safe flight, goodbye.","मेरा सौभाग्य! आपकी सहायता करके बहुत अच्छा लगा, हमारी सेवाओं को चुनने के लिए धन्यवाद। एक सुरक्षित उड़ान लो, अलविदा।",3,2
check my seat assignment, मेरी सीट असाइनमेंट की जाँच करें,2,0
hi good morning, हाय सुप्रभात,3,2
Awesome! I've reserved the ticket for you. Could you please help me out with your full name and email address for the confirmation link to be sent to you?, बहुत बढ़िया! मैंने आपके लिए टिकट आरक्षित कर दिया है। आपको भेजे जाने वाले पुष्टिकरण लिंक के लिए क्या आप कृपया अपने पूरे नाम और ईमेल पते के साथ मेरी मदद कर सकते हैं?,3,2
thats awesome.. thanks, बहुत बढ़िया.. धन्यवाद,3,2
"Appreciate your patience! Your seat is 15 A, aisle seat. Anything else I may help you with?"," अपने धैर्य की सराहना! आपकी सीट 15 ए, गलियारा सीट है। कुछ और मैं आपकी मदद कर सकता हूँ?",2,2
may i know my sheat number, क्या मैं अपना शीट नंबर जान सकता हूँ?,2,0
Thanks you William! Please share your booking confirmation number?, धन्यवाद विलियम! कृपया अपनी बुकिंग पुष्टिकरण संख्या साझा करें?,3,2
"You're welcome, You'll receive an email with the link on your given email address, Click on the link and follow the instructions, After the payment you'll receive a conformation email."," आपका स्वागत है, आपको अपने दिए गए ईमेल पते पर लिंक के साथ एक ईमेल प्राप्त होगा, लिंक पर क्लिक करें और निर्देशों का पालन करें, भुगतान के बाद आपको एक संरचना ईमेल प्राप्त होगा।",2,0
"Kylee Bautista
", काइली बॉतिस्ता,0,0
nothing else, और कुछ नहीं,1,0
"Sure! May I know your phone number or email address so that I can send you the boarding pass in anyone of them. 
", ज़रूर! क्या मैं आपका फोन नंबर या ईमेल पता जान सकता हूं ताकि मैं आपको उनमें से किसी में भी बोर्डिंग पास भेज सकूं।,3,0
I Want to check my seat., मुझे अपनी सीट चेक करनी है।,2,0
"Sure! I'll be glad to help you in this, may I please know your last name?"," ज़रूर! मुझे इसमें आपकी मदद करने में खुशी होगी, क्या मैं आपका उपनाम जान सकता हूँ?",3,0
Sure! I've changed your seat and your seat number is G15, ज़रूर! मैंने आपकी सीट बदल दी है और आपकी सीट का नंबर G15 है,2,0
Mani I'd like to inform you that you've been assigned 9C which is a window seat., मणि मैं आपको सूचित करना चाहता हूं कि आपको 9C सौंपा गया है जो एक विंडो सीट है।,2,0
Hi, नमस्ते,2,0
no thanks," जी नहीं, धन्यवाद",3,1
KA78G2, KA78G2,0,0
Superb! Could you please give me a minute to check with the resources?, शानदार! क्या आप कृपया मुझे संसाधनों की जांच करने के लिए एक मिनट दे सकते हैं?,3,2
NIVI56@GMAIL.COM, एनआईवीआई56@GMAIL.COM,0,0
ok thankyou, ठीक है धन्यवाद,3,0
Superb! Could you please give me a minute to check with the resources?, शानदार! क्या आप कृपया मुझे संसाधनों की जांच करने के लिए एक मिनट दे सकते हैं?,3,2
I am very happy sir., मैं बहुत खुश हूं सर।,2,2
hello good morning, हैलो सुप्रभात,3,2
Hello there! How may I help you today?,नमस्ते! आज मैं आपकी कैसे मदद कर सकता हूँ?,3,0
Good Morning! You've been connected to StarAirways customer service! How may I assist you today?, शुभ प्रभात! आप StarAirways ग्राहक सेवा से जुड़ चुके हैं! आज मैं आपकी मदद किस तरह कर सकता हूँ?,3,0
Am okay with window seat itself. Please change., मैं विंडो सीट के साथ ही ठीक हूं। कृपया बदलें।,2,0
"Thanks for being so cooperative, I've checked and there is an aisle available it is 12A, should I go ahead and confirm it for you?"," इतना सहयोगी होने के लिए धन्यवाद, मैंने जाँच की है और एक गलियारा उपलब्ध है जो 12A है, क्या मुझे आगे बढ़कर आपके लिए इसकी पुष्टि करनी चाहिए?",3,2
"Perfect! Soon you'll be receiving a mail with your boarding pass attached, you can download that from there and provide as proof at airport. Anything else I may help you in?"," उत्तम! जल्द ही आपको अपने बोर्डिंग पास के साथ एक मेल प्राप्त होगा, आप उसे वहां से डाउनलोड कर सकते हैं और हवाई अड्डे पर प्रमाण के रूप में प्रदान कर सकते हैं। कुछ और मैं आपकी मदद कर सकता हूँ?",3,2
nothing else, और कुछ नहीं,1,0
hi, नमस्ते,2,0
"Hello there! Sky high customer services, How may I help you today?"," नमस्ते! स्काई हाई कस्टमर सर्विसेज, मैं आज आपकी कैसे मदद कर सकता हूं?",3,0
w23r45, w23r45,0,0
NOTHING ELSE, और कुछ नहीं,2,0
I need a boarding pass, मुझे बोर्डिंग पास चाहिए,1,0
"Perfect! Thank you for that. Please allow me a moment, I'll be right with the resolution."," उत्तम! उसके लिये आपका धन्यवाद। कृपया मुझे एक क्षण दें, मैं संकल्प के साथ सही हो जाऊंगा।",3,2
NOTHING ELSE, और कुछ नहीं,2,0
For sure! I'll help you with that. Could you please let me know your last name and the booking confirmation number?, पक्का! मैं इसमें आपकी मदद करूंगा। क्या आप कृपया मुझे अपना अंतिम नाम और बुकिंग पुष्टिकरण संख्या बता सकते हैं?,3,0
Surely! I'll be happy to help you with it. Please may I know your full name?, निश्चित रूप से! मुझे इसमें आपकी मदद करने में खुशी होगी। कृपया क्या मैं आपका पूरा नाम जान सकता हूँ?,3,2
Hello! You've been connected to StarAirwyas. How may I assist you?, नमस्ते! आप StarAirwyas से जुड़ चुके हैं। मैं आपकी कैसे सहायता कर सकता हूँ?,3,0
vivek my name, विवेक मेरा नाम,2,0
hello!, नमस्ते!,3,0
"Always a pleasure! Thank you for reaching out to us, it's a pleasure assisting you. Have a great day and happy traveling!"," हमेशा एक खुशी की बात है! हमसे संपर्क करने के लिए धन्यवाद, आपकी सहायता करना खुशी की बात है। आपका दिन शुभ हो और यात्रा सुखद हो!",3,2
"Hello there, how may I assist you today?
"," नमस्ते, मैं आज आपकी कैसे सहायता कर सकता हूँ?",3,0
booking confirmation number jgh 369, बुकिंग पुष्टिकरण संख्या jgh 369,2,0
Thank you so much. Please allow me a minute to check the seat assignment., बहुत-बहुत धन्यवाद। कृपया मुझे सीट असाइनमेंट की जांच करने के लिए एक मिनट का समय दें।,3,0
ok, ठीक है,2,0
My email address is thmarai@gmail.com, मेरा ईमेल पता thmarai@gmail.com है,1,0
"Oh sure, would you like to travel in a Economy, Business or first class and may I also know the number of passengers travelling?"," बिल्कुल, क्या आप अर्थव्यवस्था, व्यवसाय या प्रथम श्रेणी में यात्रा करना चाहेंगे और क्या मैं यह भी जान सकता हूँ कि यात्रा करने वाले यात्रियों की संख्या कितनी है?",3,0
i need my boarding pass, मुझे अपना बोर्डिंग पास चाहिए,2,0
my full name is arun, मेरा पूरा नाम अरुण है,1,0
"Sure! I'll be glad to help you in this aspect, could you please let me know your last name?"," ज़रूर! मुझे इस पहलू में आपकी मदद करने में खुशी होगी, क्या आप कृपया मुझे अपना अंतिम नाम बता सकते हैं?",3,0
thank you, धन्यवाद,2,2
Great! Please allow me a moment to check the details and get back to you., महान! कृपया मुझे विवरणों की जांच करने और आपसे संपर्क करने के लिए कुछ समय दें।,3,2
And your booking confirmation number would be?, और आपका बुकिंग कन्फर्मेशन नंबर होगा?,2,0
"Kharkiv to Foshan
", खार्किव से Foshan,2,0
"Good morning! You've reached Alliance Airways Customer service, how may I help you?  "," सुबह बख़ैर! आप एलायंस एयरवेज ग्राहक सेवा तक पहुँच चुके हैं, मैं आपकी कैसे मदद कर सकता हूँ?",3,0
nothing sir no problem, कुछ नहीं सर कोई बात नहीं,2,0
"Thank you! As I've checked here on 23rd Oct, we have British airways and Delta airways operating on that day. May I know which one you would prefer?","आपको धन्यवाद! जैसा कि मैंने 23 अक्टूबर को यहां चेक किया था, उस दिन हमारे पास ब्रिटिश एयरवेज और डेल्टा एयरवेज चल रहे थे। क्या मैं जान सकता हूँ कि आप किसे पसंद करेंगे?",3,0
"Thank you for your patience, Mr. Kapoor you're assigned to the window seat that is J8. "," आपके धैर्य के लिए धन्यवाद, मिस्टर कपूर, आपको विंडो सीट दी गई है जो कि J8 है।",3,0
I'm Jennifer, मैं जेनिफर हूँ,1,0
my booking confirmation number edw639, मेरी बुकिंग पुष्टिकरण संख्या edw639,1,0
ok, ठीक है,2,0
I want to check on my seat assignment. Thx, मैं अपने सीट असाइनमेंट की जांच करना चाहता हूं। धन्यवाद,2,0
Good morning! You've reached Flamingo customers service. How may I help you today?, सुबह बख़ैर! आप फ्लेमिंगो ग्राहक सेवा तक पहुँच चुके हैं। आज मैं आपकी कैसे मदद कर सकता हूँ?,3,1
"Oh Really, I need to change that to M14 could you check any availability ?"," ओह सच में, मुझे इसे M14 में बदलने की जरूरत है क्या आप किसी उपलब्धता की जांच कर सकते हैं?",1,0
WILLIAM, विलियम,0,0
L9M8J5, L9M8J5,0,0
"Thank you for visiting us, wish to serve you again. Have a nice time!"," हमारे पास आने के लिए धन्यवाद, मैं फिर से आपकी सेवा करना चाहता हूं। आशा है आपका समय अच्छा बीते!",3,2
jacker, जैकर,2,0
"You're most welcome, Thanks a lot. Is there anything else I may help you with?"," आपका बहुत-बहुत स्वागत है, बहुत-बहुत धन्यवाद। क्या कुछ और है जिसमें मैं आपकी मदद कर सकता हूं?",3,2
karthick, कार्तिक,2,0
Fantastic! Thank you for reaching out to us. Have a great journey. Bye., ज़बरदस्त! हमसे संपर्क की पहल के लिए आपका धन्यवाद। शानदार यात्रा करें। अलविदा।,3,2
OK, ठीक है,2,0
You're welcome! Would there be anything else I may assist you with?,आपका स्वागत है! क्या कुछ और होगा जिसमें मैं आपकी सहायता कर सकूं?,3,2
Sure! I'll do my best to help. Please may I know your name?, ज़रूर! मैं मदद करने की पूरी कोशिश करूंगा। कृपया क्या मैं आपका नाम जान सकता हूँ?,3,0
Thank you so much. Please allow me a minute to check the system., बहुत-बहुत धन्यवाद। कृपया मुझे सिस्टम की जांच करने के लिए एक मिनट का समय दें।,3,0
i would like to check the seat assignment, मैं सीट असाइनमेंट की जांच करना चाहता हूं,2,0
Great! Is there anything else that  I may help you with?, महान! क्या कुछ और है जिसमें मैं आपकी मदद कर सकता हूं?,3,2
Thank you for choosing Divehigh Airways. We look forward to host you. Have a great day., डाइवहाई एयरवेज चुनने के लिए धन्यवाद। हम आपकी मेजबानी के लिए तत्पर हैं। आपका दिन अच्छा रहे।,3,2
"Awesome! Thank you for reaching out to us, please feel free to reach out for further concerns. Have an awesome day and happy traveling!"," बहुत बढ़िया! हमसे संपर्क करने के लिए धन्यवाद, कृपया आगे की चिंताओं के लिए बेझिझक संपर्क करें। आपका दिन शुभ हो और यात्रा सुखद हो!",3,2
I NEED TO CHECK MY SEAT ASSIGNMENT, मुझे अपने सीट असाइनमेंट की जांच करने की आवश्यकता है,2,0
Hello Valentina! I'm glad to assist you today. Could you please share your booking confirmation number?,हैलो वेलेंटीना! मुझे आज आपकी सहायता करने में खुशी हो रही है। क्या आप कृपया अपनी बुकिंग पुष्टिकरण संख्या साझा कर सकते हैं?,3,2
"Good news!  I've gone ahead with your request and here is your new seat  number i.e A10 which is a window seat, hope that will be comfortable."," खुशखबरी! मैं आपके अनुरोध के साथ आगे बढ़ गया हूं और यहां आपका नया सीट नंबर है यानी A10 जो एक विंडो सीट है, आशा है कि यह आरामदायक होगा।",3,2
booking confirmation number bhg412, बुकिंग पुष्टिकरण संख्या bhg412,2,0
Sure! Please allow me a moment to check if that is available., ज़रूर! कृपया मुझे यह जांचने के लिए एक क्षण दें कि क्या यह उपलब्ध है।,2,0
jkui12, jkui12,2,0
window, खिड़की,0,0
Perfect! Could you please share your booking confirmation number?, उत्तम! क्या आप कृपया अपनी बुकिंग पुष्टिकरण संख्या साझा कर सकते हैं?,3,2
AGUSTINA@GMAIL.COM, AGUSTINA@GMAIL.COM,0,0
meha, महो,0,0
r45s32, r45s32,0,0
ok thank you, ठीक है धन्यवाद,3,0
hi, नमस्ते,2,0
i want aisle seat, मुझे गलियारा सीट चाहिए,1,0
"Thank you for that. I see that the seat number K17 is a window seat, Is that okay for you?"," उसके लिये आपका धन्यवाद। मैं देख रहा हूं कि सीट नंबर K17 एक विंडो सीट है, क्या यह आपके लिए ठीक है?",3,0
"I really appreciate for staying connected. As per the booking confirmation number, your seat number is L3 Aisle. "," मैं वास्तव में जुड़े रहने के लिए सराहना करता हूं। बुकिंग कन्फर्मेशन नंबर के अनुसार, आपका सीट नंबर L3 Aisle है।",3,2
BYE, अलविदा,2,0
delta airlines is ok, डेल्टा एयरलाइंस ठीक है,2,2
okay good bye, अच्छा चलते हैं,2,0
Thank you for staying connected. You're assigned to seat number T5 which is an aisle seat. Would you need anything else?, जुड़े रहने के लिए धन्यवाद। आपको सीट नंबर T5 सौंपा गया है जो एक गलियारा सीट है। क्या आपको कुछ और चाहिए होगा?,3,2
Perfect! Please give me a minute to check the seat assigned to you., उत्तम! कृपया मुझे आपको सौंपी गई सीट की जांच करने के लिए एक मिनट दें।,3,2
"Okay, great! I'll try getting flights for you under $300. How many tickets would you want to book?", ठीक है बढ़िया! मैं आपके लिए $300 से कम की फ़्लाइट लेने की कोशिश करूँगा। आप कितने टिकट बुक करना चाहेंगे?,3,2
" Thank you for visiting us, wish to serve you again. Have an amazing flight!"," हमारे पास आने के लिए धन्यवाद, मैं फिर से आपकी सेवा करना चाहता हूं। एक अद्भुत उड़ान लो!",3,2
Superb! It was my pleasure assisting you! Thank you so much for reaching out to us! I hope I've resolved all your queries! Happy journey! Just enjoy our services! Have a great day! Bubye! :), शानदार! आपकी सहायता करना मेरी खुशी थी! हमसे संपर्क करने के लिए आपका बहुत-बहुत धन्यवाद! मुझे आशा है कि मैंने आपके सभी प्रश्नों का समाधान कर दिया है! शुभ यात्रा! बस हमारी सेवाओं का आनंद लें! आपका दिन अच्छा रहे! बूबी! :),3,2
"Alright! Thanks for choosing us, have a great day. Have a safe flight, goodbye."," ठीक है! हमें चुनने के लिए धन्यवाद, आपका दिन शुभ हो। एक सुरक्षित उड़ान लो, अलविदा।",3,2
"I really appreciate for your patience, there's L3 (Middle) seat assigned to you. "," मैं वास्तव में आपके धैर्य की सराहना करता हूं, आपको एल3 (मध्य) सीट सौंपी गई है।",3,2
Fantastic! Thank you for reaching out to us. Have a great journey. Bye., ज़बरदस्त! हमसे संपर्क की पहल के लिए आपका धन्यवाद। शानदार यात्रा करें। अलविदा।,3,2
"Thank you! I have sent your boarding pass to your given email address. May I confirm if all your questions have been answered for the day?
",आपको धन्यवाद! मैंने आपका बोर्डिंग पास आपके दिए गए ईमेल पते पर भेज दिया है। क्या मैं पुष्टि कर सकता हूँ कि क्या उस दिन के लिए आपके सभी प्रश्नों का उत्तर दे दिया गया है?,3,0
"That's so amazing! I'd be glad to book your flight ticket. however, I'll need a lot of details from you so, kindly be patient. May I know your full name please and could you also help me with your email address?"," यह बहुत अद्भुत है! मुझे आपकी फ़्लाइट टिकट बुक करने में खुशी होगी। हालांकि, मुझे आपसे बहुत सारे विवरणों की आवश्यकता होगी, कृपया धैर्य रखें। क्या मैं आपका पूरा नाम जान सकता हूँ और क्या आप अपने ईमेल पते में भी मेरी मदद कर सकते हैं?",3,2
please ignore the previous mail as there is a typo in it.., कृपया पिछले मेल पर ध्यान न दें क्योंकि इसमें एक टाइपो है..,2,0
Sure. I can help you make your reservation. Please let me know the destination., ज़रूर। मैं आपका आरक्षण करने में आपकी मदद कर सकता हूं। कृपया मुझे गंतव्य बताएं।,2,0
hi, नमस्ते,2,0
Alright! Could you also share your booking confirmation number?, ठीक है! क्या आप अपनी बुकिंग पुष्टिकरण संख्या भी साझा कर सकते हैं?,3,0
Thank you so much., बहुत-बहुत धन्यवाद।,3,2
Good bye, अलविदा,3,0
"Hello there! Good morning, Sky high customer services, How may I help you today?"," नमस्ते! सुप्रभात, स्काई हाई कस्टमर सर्विसेज, मैं आज आपकी कैसे मदद कर सकता हूं?",3,0
Alright! The seat Z0 has been allotted to you which is an window seat., ठीक है! आपको सीट Z0 अलॉट की गई है जो एक विंडो सीट है।,2,0
no thanks," जी नहीं, धन्यवाद",3,1
I'd like to have my boarding pass sent to my email., मैं चाहता हूं कि मेरा बोर्डिंग पास मेरे ईमेल पर भेजा जाए।,3,0
OK, ठीक है,2,0
yeah.Confirm the same, हाँ।उसी की पुष्टि करें,2,0
"September 12, or September 13", 12 सितंबर या 13 सितंबर,0,0
IT IS A 6 CHARACTER CODE WITH BOTH NUMBERS AND LETTERS., यह संख्या और अक्षरों दोनों के साथ एक 6 कैरेक्टर कोड है।,0,0
Hello! You've been connected to StarAirwyas. How may I assist you?, नमस्ते! आप StarAirwyas से जुड़ चुके हैं। मैं आपकी कैसे सहायता कर सकता हूँ?,3,0
hi, नमस्ते,2,0
seat assignment, बैठने की जगह का आवंटन,0,0
I've checked with the seat availability and the seat B9 window seat is available. Would you want be to move you to this seat?,मैंने सीट की उपलब्धता की जाँच की है और सीट B9 विंडो सीट उपलब्ध है। क्या आप चाहते हैं कि आपको इस सीट पर ले जाया जाए?,3,0
Superb! Is there anything else I may help you with?, शानदार! क्या कुछ और है जिसमें मैं आपकी मदद कर सकता हूं?,3,2
Great! Could you please let me know the booking confirmation number?, महान! क्या आप कृपया मुझे बुकिंग पुष्टिकरण संख्या बता सकते हैं?,3,2
hi, नमस्ते,2,0
booking confirmation number - vc54mn, बुकिंग पुष्टिकरण संख्या - vc54mn,2,0
hi, नमस्ते,2,0
"Wonderful! Well Mr. Setha, your booking as been confirmed and your seat number is K12 which is a window seat, Is that okay for you?"," अद्भुत! खैर मिस्टर सेठा, आपकी बुकिंग कन्फर्म हो गई है और आपका सीट नंबर K12 है जो एक विंडो सीट है, क्या यह आपके लिए ठीक है?",3,2
"Rj sri,"," आरजे श्री,",0,0
hello, नमस्ते,2,0
"Pleasure's mine. You can go through the website: www.pilotairlines.com in case of any query and help us help you. Good day!
", आनंद मेरा है। आप किसी भी प्रश्न के मामले में वेबसाइट: www.pilotairlines.com पर जा सकते हैं और आपकी सहायता करने में हमारी सहायता कर सकते हैं। अच्छा दिन!,3,2
goodbye,अलविदा,2,0
"Awesome! Thank you for reaching out to us, please feel free to reach out for further concerns. Have an awesome day and happy traveling!"," बहुत बढ़िया! हमसे संपर्क करने के लिए धन्यवाद, कृपया आगे की चिंताओं के लिए बेझिझक संपर्क करें। आपका दिन शुभ हो और यात्रा सुखद हो!",3,2
"Sure! I'll be glad to help you in this regard, may I please know your last name?"," ज़रूर! मुझे इस संबंध में आपकी मदद करने में खुशी होगी, क्या मैं आपका अंतिम नाम जान सकता हूं?",3,0
"Awesome! Jose, Now would you please help me with your booking confirmation number?"," बहुत बढ़िया! जोस, अब क्या आप कृपया अपनी बुकिंग पुष्टिकरण संख्या के साथ मेरी मदद करेंगे?",3,2
"Thank you MAry, please give me a minute to check the assigned seat for you. "," धन्यवाद मैरी, कृपया मुझे आपके लिए निर्धारित सीट की जांच करने के लिए एक मिनट दें।",3,0
Wonderful! Please feel free to reach out to us for further queries. Have an amazing journey. Bye., अद्भुत! कृपया आगे के प्रश्नों के लिए हमसे बेझिझक संपर्क करें। एक अद्भुत यात्रा करें। अलविदा।,3,2
Good morning! You've reached Flamingo customers service. How may I help you today?, सुबह बख़ैर! आप फ्लेमिंगो ग्राहक सेवा तक पहुँच चुके हैं। आज मैं आपकी कैसे मदद कर सकता हूँ?,3,1
Wonderful! Please feel free to reach out to us for further queries. Have an amazing journey. Bye., अद्भुत! कृपया आगे के प्रश्नों के लिए हमसे बेझिझक संपर्क करें। एक अद्भुत यात्रा करें। अलविदा।,3,2
Sure! Please allow me a moment to check and find the best flight according to your preferences., ज़रूर! कृपया मुझे अपनी पसंद के अनुसार सबसे अच्छी उड़ान की जाँच करने और खोजने के लिए एक क्षण का समय दें।,3,0
"Thank you Green, The confirmation link has been sent to the email address, please ensure to do the payment as soon as possible. ","धन्यवाद ग्रीन, पुष्टिकरण लिंक ईमेल पते पर भेज दिया गया है, कृपया जल्द से जल्द भुगतान करना सुनिश्चित करें।",3,0
"Good morning! You've reached Emirates Airlines customer service, how may I help you today?"," सुबह बख़ैर! आप अमीरात एयरलाइंस ग्राहक सेवा तक पहुँच चुके हैं, मैं आज आपकी कैसे मदद कर सकता हूँ?",3,0
You're always welcome! Have a great day ahead and a safe journey! It was a pleasure assisting you., आपका हमेशा स्वागत है! आगे का दिन अच्छा हो और सुरक्षित यात्रा हो! आपकी सहायता करना खुशी की बात थी।,3,2
369ab00, 369ab00,0,0
I want check my seat assignment, मुझे अपना सीट असाइनमेंट चेक करना है,2,0
Ok sir., जी महोदय।,2,0
"Alright! Will do that, anything else I may assist you in?"," ठीक है! क्या मैं वह करूँगा, और कुछ भी जिसमें मैं आपकी सहायता कर सकता हूँ?",2,0
A12, ए12,0,0
Hey there! Good morning! you've reached Jet airlines customer service! You're connected to Sam! How may I help you today?, सुनो! सुबह बख़ैर! आप जेट एयरलाइंस ग्राहक सेवा तक पहुँच चुके हैं! आप सैम से जुड़े हुए हैं! आज मैं आपकी कैसे मदद कर सकता हूँ?,3,0
OK, ठीक है,2,0
Hello Good evening!, हैलो गुड इवनिंग!,3,0
Sure! Would you please help me with the number of passengers? and also on whose name the booking has to be done?, ज़रूर! क्या आप कृपया यात्रियों की संख्या के बारे में मेरी मदद करेंगे? और साथ ही किसके नाम से बुकिंग करवानी है?,3,0
Good morning! You've reached Flamingo customer services. How may I help you today?, सुबह बख़ैर! आप फ्लेमिंगो ग्राहक सेवा तक पहुँच चुके हैं। आज मैं आपकी कैसे मदद कर सकता हूँ?,3,0
"Awesome! Well Mr.William  your seat number is C12 which is a window seat, Is that okay?"," बहुत बढ़िया! खैर मिस्टर विलियम आपकी सीट का नंबर C12 है जो एक विंडो सीट है, क्या यह ठीक है?",3,2
hi, नमस्ते,2,0
Here's what I've found for you- Skyline with $523 and Greatlakes with $592. Please tell me your choice, यहाँ मैंने आपके लिए जो पाया है- $ 523 के साथ स्काईलाइन और $ 592 के साथ ग्रेटलेक्स। कृपया मुझे अपनी पसंद बताएं,2,0
Great! And your email address would be?, महान! और आपका ईमेल पता होगा?,3,2
booking confirmation number KLM586., बुकिंग पुष्टिकरण संख्या KLM586।,2,0
okay, ठीक है,2,0
"Sure, it is 23KH87"," ज़रूर, यह 23KH87 . है",2,0
"I'm sorry, could you please recheck? There are 7 characters in the confirmation number you have provided?","मुझे खेद है, क्या आप कृपया दोबारा जांच कर सकते हैं? आपके द्वारा प्रदान की गई पुष्टिकरण संख्या में 7 वर्ण हैं?",3,0
PREMJI07@GMAIL.COM, PREMJI07@GMAIL.COM,0,0
May I please know your email address?, क्या मैं आपका ईमेल पता जान सकता हूँ?,3,0
"Hi, Good Morning. I wants to book a flight", हाय सुप्रभात। मैं एक उड़ान बुक करना चाहता हूँ,3,0
"Perfect! Thank you Joseph. Please allow me for a moment, while I get this done for you."," उत्तम! धन्यवाद जोसेफ। कृपया मुझे एक पल के लिए अनुमति दें, जबकि मैं आपके लिए यह कर रहा हूं।",3,2
OKAY THANKS, ठीक है शुक्रिया,3,2
Surely! Could you please help me with your Last name and booking confirmation number?, निश्चित रूप से! क्या आप कृपया अपने अंतिम नाम और बुकिंग पुष्टिकरण संख्या के साथ मेरी मदद कर सकते हैं?,3,0
Good morning! You've reached Flamingo customers service. How may I help you today?, सुबह बख़ैर! आप फ्लेमिंगो ग्राहक सेवा तक पहुँच चुके हैं। आज मैं आपकी कैसे मदद कर सकता हूँ?,3,1
Could you please elaborate on your query?, क्या आप कृपया अपनी क्वेरी के बारे में विस्तार से बता सकते हैं?,3,0
thank you, धन्यवाद,2,2
DELHI TO CHENNAI, दिल्ली से चेन्नई,2,0
I would like to change my seat asignment kindly guide me., मैं अपना सीट असाइनमेंट बदलना चाहता हूं कृपया मेरा मार्गदर्शन करें।,3,1
"Sure, it is Smith and the booking number is K2MEW5"," ज़रूर, यह स्मिथ है और बुकिंग नंबर K2MEW5 . है",2,0
no thanks," जी नहीं, धन्यवाद",3,1
You, आप,0,0
"My pleasure! It was great assisting you, thanks for choosing our services. Have a safe flight, goodbye.","मेरा सौभाग्य! आपकी सहायता करके बहुत अच्छा लगा, हमारी सेवाओं को चुनने के लिए धन्यवाद। एक सुरक्षित उड़ान लो, अलविदा।",3,2
i want to know my seat no, मुझे अपना सीट नंबर जानना है,2,0
Would this deal be okay for you?, क्या यह सौदा आपके लिए ठीक रहेगा?,2,0
"Sure, Richard! Could you please help me with the booking confirmation number?"," ज़रूर, रिचर्ड! क्या आप कृपया बुकिंग पुष्टिकरण संख्या के बारे में मेरी सहायता कर सकते हैं?",3,0
yes, हां,2,0
Definitely! I'd be glad to help you with that. Could you please help me with your last name and your booking confirmation number?, निश्चित रूप से! मुझे इसमें आपकी मदद करने में खुशी होगी। क्या आप कृपया अपने अंतिम नाम और अपनी बुकिंग पुष्टिकरण संख्या के साथ मेरी मदद कर सकते हैं?,3,2
Perfect! Please stay on hold while I check the details and get back to you.," उत्तम! जब तक मैं विवरणों की जांच करता हूं और आपसे संपर्क करता हूं, कृपया होल्ड पर रहें।",3,2
Middle, मध्यम,0,0
OK THANKS, ठीक है धन्यवाद,3,2
I want check my seat assignment, मुझे अपना सीट असाइनमेंट चेक करना है,2,0
Yes, हाँ,2,0
"I'm glad that was helpful, thank you for reaching out to us. Have a great day ahead!"," मुझे खुशी है कि यह मददगार था, हमसे संपर्क करने के लिए धन्यवाद। आगे एक महान दिन हो!",3,2
Can you help me for my seat assignment,क्या आप मेरी सीट असाइनमेंट के लिए मेरी मदद कर सकते हैं,3,0
"Hello, you've reached Sky Travels. How may I help you today?"," नमस्कार, आप स्काई ट्रेवल्स में पहुंच गए हैं। आज मैं आपकी कैसे मदद कर सकता हूँ?",3,0
Welcome to PilotAirlines! You're talking to the Customer Executive! How may I help you today?, पायलट एयरलाइंस में आपका स्वागत है! आप ग्राहक कार्यकारी से बात कर रहे हैं! आज मैं आपकी कैसे मदद कर सकता हूँ?,3,0
That's all thank you, बस आपका धन्यवाद,3,0
k98j67, k98j67,2,0
Thank you for staying on hold. I appreciate your patience. Your seat number is A9 and it is a window seat. Is there anything else that I may help you with?,रुके रहने के लिए धन्यवाद। मैं आपके धैर्य की सराहना करता हूँ। आपकी सीट का नंबर A9 है और यह विंडो सीट है। क्या कुछ और है जिसमें मैं आपकी मदद कर सकता हूं?,3,2
i need a boarding pass, मुझे बोर्डिंग पास चाहिए,1,0
Fantastic! The boarding pass will be sent to the email address or phone number shortly., ज़बरदस्त! बोर्डिंग पास शीघ्र ही ईमेल पते या फोन नंबर पर भेज दिया जाएगा।,2,2
ok thanks, ठीक है धन्यवाद,3,0
SHRI55@GMAIL.COM AND 845 251 7480, SHRI55@GMAIL.COM और 845 251 7480,0,0
"Amazing! I've checked with my resources, your seat number is B5 and it is a window seat. Is there anything else I may help you with?"," अद्भुत! मैंने अपने संसाधनों से जाँच की है, आपकी सीट संख्या B5 है और यह एक विंडो सीट है। क्या कुछ और है जिसमें मैं आपकी मदद कर सकता हूं?",3,2
Would there be anything else I may assist you with?, क्या कुछ और होगा जिसमें मैं आपकी सहायता कर सकूं?,2,0
DEF589, डीईएफ589,0,0
prakashrajacccvvg@gmail.com, prakashrajacccvvg@gmail.com,2,0
Alright! Please allow me a moment while I allot a middle seat for you.," ठीक है! कृपया मुझे एक क्षण की अनुमति दें, जबकि मैं आपके लिए बीच की सीट आवंटित करता हूं।",2,0
no thanks," जी नहीं, धन्यवाद",3,1
"Good morning! You've reached Vistara Indian Airlines, how may I help you today?"," सुबह बख़ैर! आप विस्तारा इंडियन एयरलाइंस पहुंच गए हैं, मैं आज आपकी कैसे मदद कर सकता हूं?",3,0
Sure thing! May I know your last name and your booking confirmation number?, अवश्य! क्या मैं आपका अंतिम नाम और आपकी बुकिंग पुष्टिकरण संख्या जान सकता हूँ?,2,0
thanks thats all, धन्यवाद बस इतना ही,3,2
I would like to air Asia, मैं एशिया को प्रसारित करना चाहूंगा,2,0
"You're welcome, I see that there's only one Aisle seat that is A7. Will that be fine with you?"," आपका स्वागत है, मैं देख रहा हूँ कि यहाँ केवल एक Aisle सीट है जो A7 है। क्या यह आपके साथ ठीक रहेगा?",2,2
last name is kumar, अंतिम नाम कुमारी है,2,0
"Thank you for staying connected. As per the confirmation number, you're assigned a window seat T7. Would you need anything else?"," जुड़े रहने के लिए धन्यवाद। कन्फर्मेशन नंबर के अनुसार, आपको विंडो सीट T7 दी गई है। क्या आपको कुछ और चाहिए होगा?",3,2
Great! Could you please specify the seat you'd prefer to have?, महान! क्या आप कृपया वह सीट निर्दिष्ट कर सकते हैं जिसे आप लेना पसंद करेंगे?,3,2
hi, नमस्ते,2,0
u78y45, u78y45,0,0
I NEED TO BOOK TICKETS, मुझे टिकट बुक करने की आवश्यकता है,1,0
"Fantastic! Here's your seat number K17 which is a window seat, Is that okay for you?"," ज़बरदस्त! ये रहा आपकी सीट नंबर K17 जो कि विंडो सीट है, क्या यह आपके लिए ठीक है?",3,2
"thanks, Bella Adam"," धन्यवाद, बेला एडम",3,0
Hello! Good morning. You've reached LMT Airways. How may I assist you today?, नमस्ते! सुबह बख़ैर। आप एलएमटी एयरवेज पहुंच गए हैं। आज मैं आपकी मदद किस तरह कर सकता हूँ?,3,0
hi, नमस्ते,2,0
Hello there! You're talking to the Customer Executive from VS Airlines! How may I help you today?,नमस्ते! आप वीएस एयरलाइंस के ग्राहक कार्यकारी से बात कर रहे हैं! आज मैं आपकी कैसे मदद कर सकता हूँ?,3,0
Yes! I'll surely check that for you. I'll require your details to access your account. May I know your full name please?,हाँ! मैं निश्चित रूप से आपके लिए इसकी जांच करूंगा। आपके खाते तक पहुंचने के लिए मुझे आपके विवरण की आवश्यकता होगी। क्या मैं आपका पूरा नाम जान सकता हूँ?,3,0
yes cleared, हाँ साफ़ हो गया,2,0
"thank you so much, nothing more, bye  "," बहुत बहुत धन्यवाद, और कुछ नहीं, अलविदा",3,0
"Nothing else, Thank you for your information. Have a nice day to chat with you. "," और कुछ नहीं, आपकी जानकारी के लिए धन्यवाद। आपके साथ चैट करने के लिए एक अच्छा दिन है।",3,0
Sep' 08 2018, सितम्बर '08 2018,0,0
want to check my seat assignment, मेरी सीट असाइनमेंट जांचना चाहते हैं,2,0
yes sure my name is james and  the booking confirmation number is qzwj59, हाँ यकीन है कि मेरा नाम जेम्स है और बुकिंग पुष्टिकरण संख्या qzwj59 . है,2,0
ok, ठीक है,2,0
Okay, ठीक,2,2
Awesome! Could you please help me with your seat number?, बहुत बढ़िया! क्या आप कृपया मुझे अपने सीट नंबर के साथ मदद कर सकते हैं?,3,2
Sure! I'll just check if there is any window seat available on the flight! Please allow me a moment., ज़रूर! मैं अभी जाँच करूँगा कि क्या फ़्लाइट में कोई विंडो सीट उपलब्ध है! कृपया मुझे एक क्षण की अनुमति दें।,3,0
ok, ठीक है,2,0
Definitely! I'd be glad to help you with that. Could you please share your last name and your booking confirmation number?, निश्चित रूप से! मुझे इसमें आपकी मदद करने में खुशी होगी। क्या आप कृपया अपना अंतिम नाम और अपनी बुकिंग पुष्टिकरण संख्या साझा कर सकते हैं?,3,2
2,2,0,0
Hi I booked a plane ticket few weeks back. I wanted to check the seat assignment for it can you help ?," नमस्ते मैंने कुछ हफ्ते पहले हवाई जहाज का टिकट बुक किया था। मैं सीट असाइनमेंट की जांच करना चाहता था, क्या आप मदद कर सकते हैं?",3,0
no thanks," जी नहीं, धन्यवाद",3,1
DCR480, डीसीआर480,0,0
I'll provide you with the boarding pass. Could you help me out with your full name and the booking confirmation number?, मैं आपको बोर्डिंग पास प्रदान करूंगा। क्या आप अपना पूरा नाम और बुकिंग पुष्टिकरण नंबर के साथ मेरी मदद कर सकते हैं?,3,0
hi, नमस्ते,2,0
"As I've checked with the resources, I see that the seat allotted to you is the aisle seat which is F1."," जैसा कि मैंने संसाधनों के साथ जाँच की है, मैं देखता हूँ कि आपको आवंटित सीट गलियारे की सीट है जो F1 है।",2,0
My pleasure! Will there be anything else I may help you in?, मेरा सौभाग्य! क्या कुछ और होगा जिसमें मैं आपकी मदद कर सकूं?,3,2
FROM KOLKATA TO CHANDIGARH, कोलकाता से चंडीगढ़ तक,0,0
"Great! Thank you so much for being patient and baring with me. I hope you have a safe journey, Have a amazing time on the fight. I hope you have a great day ahead! Goodbye.]","महान! सब्र रखने और मेरे साथ बने रहने के लिए आपका बहुत-बहुत धन्यवाद। मुझे आशा है कि आपके पास एक सुरक्षित यात्रा है, लड़ाई पर एक अद्भुत समय है। मुझे आशा है कि आपके आगे एक अच्छा दिन होगा! अलविदा।]",3,2
yes, हां,2,0
Also sent it to my phone also 8769876786, इसे मेरे फोन पर भी भेजा 8769876786,0,0
Yeah I am okay., हाँ मैं ठीक हूँ।,2,0
"Good news! There's window seat PH4 available for you, will that be fine for you? "," खुशखबरी! आपके लिए विंडो सीट PH4 उपलब्ध है, क्या यह आपके लिए ठीक रहेगा?",3,2
ok, ठीक है,2,0
Wonderful! Please feel free to reach out to us for further queries. Have an amazing journey. Bye., अद्भुत! कृपया आगे के प्रश्नों के लिए हमसे बेझिझक संपर्क करें। एक अद्भुत यात्रा करें। अलविदा।,3,2
I, मैं,1,0
"Hello there good morning! Sky high customer services, How may I help you today?"," नमस्ते वहाँ सुप्रभात! स्काई हाई कस्टमर सर्विसेज, मैं आज आपकी कैसे मदद कर सकता हूं?",3,0
"Thanks for being patient, I'd like to inform you that the best deal I found for you is with American airways which is at 11:00 A.M to 1:25 P.M for $230 per person. Would you like to take that? "," धैर्य रखने के लिए धन्यवाद, मैं आपको सूचित करना चाहता हूं कि मुझे आपके लिए सबसे अच्छा सौदा अमेरिकी एयरवेज के साथ मिला है जो प्रति व्यक्ति $230 के लिए सुबह 11:00 बजे से दोपहर 1:25 बजे तक है। क्या आप इसे लेना चाहेंगे?",3,2
ok, ठीक है,2,0
arun pandi@gmail.com, अरुण पंडी@gmail.com,0,0
check my seat assignment, मेरी सीट असाइनमेंट की जाँच करें,2,0
check my seat  assignment, मेरी सीट असाइनमेंट की जाँच करें,2,0
I Want my boarding pass will you provide to me., मुझे मेरा बोर्डिंग पास चाहिए क्या आप मुझे प्रदान करेंगे।,3,0
"Hello there! Sky high customer services, How may I help you today?"," नमस्ते! स्काई हाई कस्टमर सर्विसेज, मैं आज आपकी कैसे मदद कर सकता हूं?",3,0
johnwest454@gmail.com, johnwest454@gmail.com,1,0
"Sure, we are here to assist you always! May I know your last name please?"," ज़रूर, हम यहाँ हमेशा आपकी सहायता के लिए हैं! क्या मैं आपका अंतिम नाम जान सकता हूँ?",3,0
check my seat assignment, मेरी सीट असाइनमेंट की जाँच करें,2,0
"As I see, the seat allotted to you is D2 which is an aisle seat."," जैसा कि मैं देख रहा हूं, आपको आवंटित सीट D2 है जो एक गलियारे वाली सीट है।",1,0
Hello! You've been connected to StarAirwyas. How may I assist you?, नमस्ते! आप StarAirwyas से जुड़ चुके हैं। मैं आपकी कैसे सहायता कर सकता हूँ?,3,0
i need to my seat assignment, मुझे अपने सीट असाइनमेंट की आवश्यकता है,2,0
DEER, हिरन,0,0
ok, ठीक है,2,0
Could you also help me with the booking confirmation number?, क्या आप बुकिंग कन्फर्मेशन नंबर में भी मेरी मदद कर सकते हैं?,3,0
"Ok I am very happy, i like it seat"," ठीक है मैं बहुत खुश हूँ, मुझे यह सीट पसंद है",2,2
Sure. I'll check the seat assignment and will get back to you in a while., ज़रूर। मैं सीट असाइनमेंट की जाँच करूँगा और थोड़ी देर में आपसे संपर्क करूँगा।,2,0
My last name is Mary and No. is 6HCF56, मेरा अंतिम नाम मैरी है और नंबर 6HCF56 है,1,0
OK BYEE, ठीक अलविदा,2,0
Thanks! I'd like to inform you that the confirmation link has been sent to your email address., धन्यवाद! मैं आपको सूचित करना चाहता हूं कि पुष्टिकरण लिंक आपके ईमेल पते पर भेज दिया गया है।,3,0
RVT458, आरवीटी458,0,0
MIDDLE SEAT, मध्य सीट,0,0
Hello! You've been connected to StarAirwyas. How may I assist you?, नमस्ते! आप StarAirwyas से जुड़ चुके हैं। मैं आपकी कैसे सहायता कर सकता हूँ?,3,0
"Sure, sounds good"," ज़रूर, अच्छा लगता है",2,2
"Good morning! You've reached Alliance Airways Customer service, how may I help you?  "," सुबह बख़ैर! आप एलायंस एयरवेज ग्राहक सेवा तक पहुँच चुके हैं, मैं आपकी कैसे मदद कर सकता हूँ?",3,0
"sure, my phone number is 845943231"," ज़रूर, मेरा फ़ोन नंबर 845943231 है",2,0
no thanks," जी नहीं, धन्यवाद",3,1
You're welcome! Is there anything else that I may help you with?,आपका स्वागत है! क्या कुछ और है जिसमें मैं आपकी मदद कर सकता हूं?,2,2
"Awesome, Thank you for waiting. As I've checked with my system, you have been assigned a window seat and your seat number is S12. Is that okay?","बहुत बढ़िया, प्रतीक्षा करने के लिए धन्यवाद। जैसा कि मैंने अपने सिस्टम से जाँच की है, आपको एक विंडो सीट दी गई है और आपकी सीट संख्या S12 है। क्या ये ठीक है?",3,2
Awesome! The boarding pass will be sent to the updated email address shortly., बहुत बढ़िया! बोर्डिंग पास जल्द ही अपडेट किए गए ईमेल पते पर भेजा जाएगा।,3,2
My pleasure! Thank you for reaching out to us. Good day!, मेरा सौभाग्य! हमसे संपर्क की पहल के लिए आपका धन्यवाद। अच्छा दिन!,3,2
"Appreciate your patience! Your seat is 15F, Aisle seat. Anything else I may help you with?"," अपने धैर्य की सराहना! आपकी सीट 15F, आइल सीट है। कुछ और मैं आपकी मदद कर सकता हूँ?",2,2
"Thank you Meenakshi, please give me a minute to proceed further. "," धन्यवाद मीनाक्षी, कृपया मुझे आगे बढ़ने के लिए एक मिनट दें।",3,0
"Awesome! Thanks for reaching out to us, hope you have a wonderful trip ahead. "," बहुत बढ़िया! हमसे संपर्क करने के लिए धन्यवाद, आशा है कि आपकी आगे की यात्रा शानदार रही होगी।",3,2
Fantastic! Your tickets have been confirmed and you'll be receiving a confirmation mail with the link to make the payment. Is there anything else I might help you with?, ज़बरदस्त! आपके टिकटों की पुष्टि हो गई है और आपको भुगतान करने के लिए लिंक के साथ एक पुष्टिकरण मेल प्राप्त होगा। क्या कुछ और है जिसमें मैं आपकी मदद कर सकता हूं?,3,2
hello, नमस्ते,2,0
Perfect! Please allow me a moment to check the details and get back to you., उत्तम! कृपया मुझे विवरणों की जांच करने और आपसे संपर्क करने के लिए कुछ समय दें।,3,2
"Wonderful! Well Mr.Ram , your booking as been confirmed and your seat number is K12 which is a window seat, Is that okay for you?"," अद्भुत! ठीक है श्रीमान, आपकी बुकिंग की पुष्टि हो गई है और आपकी सीट संख्या K12 है जो एक विंडो सीट है, क्या यह आपके लिए ठीक है?",3,2
Welcome to PilotAirlines! You're talking to the Customer Executive! How may I help you today?, पायलट एयरलाइंस में आपका स्वागत है! आप ग्राहक कार्यकारी से बात कर रहे हैं! आज मैं आपकी कैसे मदद कर सकता हूँ?,3,0
HI, नमस्ते,2,0
No problem at all. Thank you for the confirmation. I've made the necessary changes. Would that be all?, बिल्कुल भी परेशानी नहीं है। पुष्टिकरण के लिए धन्यवाद। मैंने आवश्यक परिवर्तन किए हैं। क्या वह सब होगा?,3,2
That is all I needed., मुझे बस इतना ही चाहिए था।,1,0
sorry. arrange me?, माफ़ करना। मुझे व्यवस्थित करो?,2,0
and it's an one-way only, और यह केवल एकतरफा है,0,0
"Perfect! Thank you for that Me.Salini. Please allow me a moment, while I get this done for you.","उत्तम! उसके लिए धन्यवाद मैं।सालिनी। कृपया मुझे एक क्षण की अनुमति दें, जबकि मैं यह आपके लिए करवाता हूं।",3,2
OK, ठीक है,2,0
OK, ठीक है,2,0
i'am fine, मैं ठीक हूं,1,2
Could you please specify the query?, क्या आप कृपया क्वेरी निर्दिष्ट कर सकते हैं?,3,0
its okay, कोई बात नहीं,2,0
I'll help you out with that. May I know your full name and the booking confirmation number?, मैं इसमें आपकी मदद करूंगा। क्या मैं आपका पूरा नाम और बुकिंग पुष्टिकरण संख्या जान सकता हूँ?,3,0
That's great! What's your preferred date of travelling?, एक दम बढ़िया! यात्रा की आपकी पसंदीदा तारीख क्या है?,2,2
Great! Please specify the type of seat you'd like to have as well., महान! कृपया यह भी निर्दिष्ट करें कि आप किस प्रकार की सीट लेना चाहते हैं।,3,2
That's perfect! Please give me a minute to check the seat number., यह बिल्कुल सही है! कृपया मुझे सीट संख्या जांचने के लिए एक मिनट दें।,3,2
I'll send you the boarding pass right away. May I know your full name and the booking confirmation number?, मैं आपको तुरंत बोर्डिंग पास भेजूंगा। क्या मैं आपका पूरा नाम और बुकिंग पुष्टिकरण संख्या जान सकता हूँ?,3,0
no thanks," जी नहीं, धन्यवाद",3,1
Awesome! Thank you for reaching out to us. Have a memorable journey. Bye., बहुत बढ़िया! हमसे संपर्क की पहल के लिए आपका धन्यवाद। यादगार यात्रा हो। अलविदा।,3,2
thudgf5, थडगफ5,0,0
hjk456, एचजेके456,2,0
"Fantastic! Thanks a lot for reaching to us, It was really nice talking to you. I hope you enjoy the journey. Have a great day ahead! Buhbye! :)"," ज़बरदस्त! हम तक पहुंचने के लिए बहुत-बहुत धन्यवाद, आपसे बात करके बहुत अच्छा लगा। मुझे आशा है कि आप यात्रा का आनंद लेंगे। आगे एक महान दिन हो! टाटा! :)",3,2
"Sure! I'll change that for you right away!
",ज़रूर! मैं इसे आपके लिए तुरंत बदल दूँगा!,3,0
Superb! Could you please give me a minute to check with the resources., शानदार! क्या आप कृपया मुझे संसाधनों की जांच करने के लिए एक मिनट दे सकते हैं।,3,2
Thank you for waiting. Your patience is greatly appreciated. Your seat number is B3 and it is an aisle. Is there anything else I might help you with?, प्रतीक्षा के लिए धन्यवाद। आपके धैर्य की बहुत सराहना की जाती है। आपकी सीट संख्या B3 है और यह एक गलियारा है। क्या कुछ और है जिसमें मैं आपकी मदद कर सकता हूं?,3,2
HII, HII,2,0
You're always welcome! Please do reach out to us in case of any queries. Have a great day and a safe journey!, आपका हमेशा स्वागत है! कृपया किसी भी प्रश्न के मामले में हमसे संपर्क करें। आपका दिन शुभ हो और सुरक्षित यात्रा हो!,3,2
"Nothing else, Thank you for your Booking. Have a nice day to chat with you. "," और कुछ नहीं, आपकी बुकिंग के लिए धन्यवाद। आपके साथ चैट करने के लिए एक अच्छा दिन है।",3,0
"yes, confirm it. thanks"," हाँ, इसकी पुष्टि करें। धन्यवाद",3,0
NAME: KAVI, नाम: कवि,0,0
"Alright! I've booked your flight on 08/25/2018 at 4:00 PM from Owings Mills, MD to Crystal Lake, IL through Delta Airways and It is going to cost you $250 for one passenger. Would you please help me with the number of passengers?","ठीक है! मैंने आपकी उड़ान 08/25/2018 को शाम 4:00 बजे ओविंग्स मिल्स, एमडी से क्रिस्टल लेक, आईएल के लिए डेल्टा एयरवेज के माध्यम से बुक की है और एक यात्री के लिए इसकी कीमत 250 डॉलर है। क्या आप कृपया यात्रियों की संख्या के बारे में मेरी मदद करेंगे?",3,1
OK NO THANKS, ठीक है नहीं धन्यवाद,3,1
I prefer aisle seat can you book the same, मुझे गलियारा सीट पसंद है क्या आप इसे बुक कर सकते हैं,3,0
Hey there! Good morning. You're connected to LMT Airways. How may I help you?, सुनो! सुबह बख़ैर। आप एलएमटी एयरवेज से जुड़े हैं। क्या मेरे द्वारा आपकी कोई सहायता हो सकती है?,3,0
OKAY, ठीक है,2,0
You're welcome! Thank you for reaching out to us. Good day!, आपका स्वागत है! हमसे संपर्क की पहल के लिए आपका धन्यवाद। अच्छा दिन!,3,2
My number is 565656, मेरा नंबर है 565656,1,0
Good evening!, सुसंध्या!,3,2
Thanks for being patient. I'd like to inform you that the best deal I've found for you is with Jet Airways on 07 September 2018 at 8:25 a.m to 11:20 a.m for $120 per ticket. Would you want me to book that?, धैर्य रखने के लिए धन्यवाद। मैं आपको सूचित करना चाहता हूं कि मैंने आपके लिए सबसे अच्छी डील 07 सितंबर 2018 को जेट एयरवेज के साथ सुबह 8:25 बजे से 11:20 बजे तक 120 डॉलर प्रति टिकट पर की है। क्या आप चाहते हैं कि मैं इसे बुक कर दूं?,3,1
Thank you very much, आपका बहुत बहुत धन्यवाद,3,2
"I would like to find out my seat assignment also, please.", कृपया मुझे अपना सीट असाइनमेंट भी पता करना है।,3,0
"As I've checked with the resources, I see that the seat allotted to you is the aisle seat which is G4."," जैसा कि मैंने संसाधनों के साथ जांच की है, मैं देखता हूं कि आपको आवंटित सीट गलियारा सीट है जो जी 4 है।",2,0
"Thanks for been connected! I highly appreciate your patience! I've checked with my system, You are assigned middle seat and the number is B1. "," जुड़े रहने के लिए धन्यवाद! मैं आपके धैर्य की अत्यधिक सराहना करता हूँ! मैंने अपने सिस्टम से जाँच की है, आपको बीच की सीट दी गई है और संख्या B1 है।",3,2
You're most welcome. thank you for reaching out to us. Good day!, आपका स्वागत है। हमसे संपर्क की पहल के लिए आपका धन्यवाद। अच्छा दिन!,3,2
RAM, टक्कर मारना,0,0
Hello Jacks! Its my pleasure assisting you. Could you please share your booking confirmation number?,हैलो जैक्स! यह मेरी खुशी है कि आपकी सहायता कर रहा हूं। क्या आप कृपया अपनी बुकिंग पुष्टिकरण संख्या साझा कर सकते हैं?,3,2
Sure! I'll just check if there is any middle seat available on the flight! Please allow me a moment.,ज़रूर! मैं अभी जाँच करूँगा कि क्या उड़ान में कोई बीच की सीट उपलब्ध है! कृपया मुझे एक क्षण की अनुमति दें।,3,0
I'm glad to assist you Tina! Could you please share the booking confirmation number?, मुझे आपकी सहायता करने में खुशी हो रही है टीना! क्या आप कृपया बुकिंग पुष्टिकरण संख्या साझा कर सकते हैं?,3,2
"Great! Thank you for visiting us, wish to serve you again. Have a wonderful journey!"," महान! हमारे पास आने के लिए धन्यवाद, मैं फिर से आपकी सेवा करना चाहता हूं। एक अद्भुत यात्रा लो!",3,2
"Fantastic! I've sent your boarding pass to your given email address. Would there be anything else that I may help you with?
", ज़बरदस्त! मैंने आपका बोर्डिंग पास आपके दिए गए ईमेल पते पर भेज दिया है। क्या कुछ और होगा जिसमें मैं आपकी मदद कर सकूं?,3,2
my seat assignment, मेरी सीट असाइनमेंट,1,0
hi, नमस्ते,2,0
"PLEASE, CAN YOU CHANGE MY BOARDING PASS"," कृपया, क्या आप मेरा बोर्डिंग पास बदल सकते हैं",2,0
"Thanks for been connected! I highly appreciate your patience! I've checked with my system, You are assigned middle seat and the number is H1. "," जुड़े रहने के लिए धन्यवाद! मैं आपके धैर्य की अत्यधिक सराहना करता हूँ! मैंने अपने सिस्टम से जाँच की है, आपको बीच की सीट दी गई है और संख्या H1 है।",3,2
"Thank you Raj, may I know the email address or phone number please?"," धन्यवाद राज, क्या मुझे ईमेल पता या फोन नंबर पता हो सकता है?",3,0
Chennai to Delhi, चेन्नई से दिल्ली,2,0
Sarabia, सरबिया,0,0
i want to need to check my seat arrangment, मुझे अपनी सीट व्यवस्था की जांच करनी है,2,0
Hi, नमस्ते,2,0
Alright! On which name would you like to book the tickets? And also please provide the email address?, ठीक है! आप किस नाम से टिकट बुक करना चाहेंगे? और कृपया ईमेल पता भी प्रदान करें?,3,0
You're always welcome! Please do reach out to us in case of any queries. Have a great day and a safe journey!, आपका हमेशा स्वागत है! कृपया किसी भी प्रश्न के मामले में हमसे संपर्क करें। आपका दिन शुभ हो और सुरक्षित यात्रा हो!,3,2
FIRST CLASS AND 5 TICKET, प्रथम श्रेणी और 5 टिकट,0,2
no thanks," जी नहीं, धन्यवाद",3,1
william@mail.com, विलियम@mail.com,0,0
"Anything else I may help you out with today?
", कुछ और मैं आज आपकी मदद कर सकता हूं?,2,0
hi, नमस्ते,2,0
"Marely Mccann
", मरेली मैककैन,0,0
"Amazing! Good news! I've sent an email, please check your inbox. However, if you didn't receive the email. let me know I'll resend it. I hope that is useful?","अद्भुत! खुशखबरी! मैंने एक ईमेल भेजा है, कृपया अपना इनबॉक्स देखें। हालांकि, अगर आपको ईमेल प्राप्त नहीं हुआ है। मुझे बताएं कि मैं इसे फिर से भेजूंगा। मुझे आशा है कि यह उपयोगी है?",3,2
I need to book a one way flight please, कृपया मुझे एकतरफा उड़ान बुक करने की आवश्यकता है,3,0
from new york to san franscisco, न्यूयॉर्क से सैन फ्रांसिस्को तक,2,0
"I need to Check my Seat assignment, can you help me on that ?"," मुझे अपना सीट असाइनमेंट चेक करना है, क्या आप इसमें मेरी मदद कर सकते हैं?",3,0
Nothing else, और कुछ नहीं,2,0
Booking number A3CT56., बुकिंग नंबर A3CT56।,2,0
THANK YOU, धन्यवाद,3,2
Ok thanks bye, ठीक है धन्यवाद अलविदा,3,0
hi jesse, हाय जेसी,3,0
Could you also help me with the booking confirmation number?, क्या आप बुकिंग कन्फर्मेशन नंबर में भी मेरी मदद कर सकते हैं?,3,0
city is Oklahoma City my destination  city is Los Angeles, शहर ओक्लाहोमा सिटी है मेरा गंतव्य शहर लॉस एंजिल्स है,2,0
OK, ठीक है,2,0
sure, ज़रूर,2,0
okay sure, पक्का निश्चित,2,0
"I'm glad that was helpful, thank you for reaching out to us. Have a great day ahead and happy traveling! "," मुझे खुशी है कि यह मददगार था, हमसे संपर्क करने के लिए धन्यवाद। आगे का दिन अच्छा हो और यात्रा सुखद हो!",3,2
no thanks," जी नहीं, धन्यवाद",3,1
hi, नमस्ते,2,0
I need to know about my seat assignment, मुझे अपने सीट असाइनमेंट के बारे में जानने की जरूरत है,2,0
ok, ठीक है,2,0
my booking confirmation number mju865, मेरी बुकिंग पुष्टिकरण संख्या mju865,1,0
"Good morning! You've reached Alliance Airways Customer service, how may I help you?  "," सुबह बख़ैर! आप एलायंस एयरवेज ग्राहक सेवा तक पहुँच चुके हैं, मैं आपकी कैसे मदद कर सकता हूँ?",3,0
"Good morning! You've reached Alliance Airways Customer service, how may I help you?  "," सुबह बख़ैर! आप एलायंस एयरवेज ग्राहक सेवा तक पहुँच चुके हैं, मैं आपकी कैसे मदद कर सकता हूँ?",3,0
"Thank You! May I also know the 6 chartered booking confirmation number?
", धन्यवाद! क्या मैं 6 चार्टर्ड बुकिंग पुष्टिकरण संख्या भी जान सकता हूँ?,3,0
"Nothing else, Thank you for your Booking. Have a nice day to chat with you. "," और कुछ नहीं, आपकी बुकिंग के लिए धन्यवाद। आपके साथ चैट करने के लिए एक अच्छा दिन है।",3,0
stephengeorge2011@reddiffmail.com, stephengeorge2011@reddiffmail.com,0,0
Thank you so much, बहुत-बहुत धन्यवाद,3,2
"Beatrice Brooks
", बीट्राइस ब्रूक्स,2,0
"Perfect! Thank you for that. Could you please allow me for a minute or two, while I check for the availability?"," उत्तम! उसके लिये आपका धन्यवाद। क्या आप कृपया मुझे एक या दो मिनट के लिए अनुमति दे सकते हैं, जबकि मैं उपलब्धता की जांच कर रहा हूं?",3,2
"Sure! I'll be able to help you in this, may I please know your last name?"," ज़रूर! मैं इसमें आपकी मदद कर सकूंगा, क्या मैं आपका उपनाम जान सकता हूं?",3,0
Awesome! Would you like to travel in a economy class or a business class?, बहुत बढ़िया! क्या आप इकोनॉमी क्लास या बिजनेस क्लास में यात्रा करना चाहेंगे?,3,2
Would there be anything else I may assist you with?, क्या कुछ और होगा जिसमें मैं आपकी सहायता कर सकूं?,2,0
I NEED TO CHECK MY SEAT, मुझे अपनी सीट की जांच करने की आवश्यकता है,2,0
"I appreciate your patience! As I've checked, the seat allotted to you is a window seat which is I2."," मैं आपके धैर्य की सराहना करता हूँ! जैसा कि मैंने जाँच की है, आपको आवंटित सीट एक विंडो सीट है जो I2 है।",3,2
hello, नमस्ते,2,0
I NEED A BOARDING PASS, मुझे एक बोर्डिंग पास चाहिए,1,0
Should I confirm that as your booking confirmation number?, क्या मुझे आपकी बुकिंग पुष्टिकरण संख्या के रूप में इसकी पुष्टि करनी चाहिए?,1,0
Thanks for being patient. I'd like to inform you that the best deal I found is with Delta Airways on 9 September 2018 which is at 6:25 A.M to 2:25 P.M for $140 per ticket. Would you want me to book that for you?,"धैर्य रखने के लिए धन्यवाद। मैं आपको सूचित करना चाहता हूं कि मुझे सबसे अच्छा सौदा 9 सितंबर 2018 को डेल्टा एयरवेज के साथ मिला, जो प्रति टिकट $140 के लिए सुबह 6:25 बजे से दोपहर 2:25 बजे तक है। क्या आप चाहते हैं कि मैं इसे आपके लिए बुक कर दूं?",3,0
I am waiting for your replay., मैं आपके रीप्ले का इंतजार कर रहा हूं।,1,0
bye, अलविदा,2,0
"You're welcome, is tehre anything else I may help you with?"," आपका स्वागत है, क्या मैं आपकी कुछ और मदद कर सकता हूँ?",2,2
"Thanks for waiting, I've checked the details and found one aisle seat 12C available should I confirm it for you?"," प्रतीक्षा करने के लिए धन्यवाद, मैंने विवरण की जाँच की है और पाया है कि एक गलियारा सीट 12C उपलब्ध है क्या मुझे आपके लिए इसकी पुष्टि करनी चाहिए?",3,2
yeah, हां,2,0
good morning, शुभ प्रभात,2,2
ok, ठीक है,2,0
"I'll do that for you, may I know your last name and the booking confirmation number? "," मैं आपके लिए यह करूँगा, क्या मैं आपका अंतिम नाम और बुकिंग पुष्टिकरण संख्या जान सकता हूँ?",3,0
Alright! Could you also share your booking confirmation number?, ठीक है! क्या आप अपनी बुकिंग पुष्टिकरण संख्या भी साझा कर सकते हैं?,3,0
Thank you for staying connected. We've got Ryan Air flying in the Morning the estimated arrival is at 9AM. The ticket price is $275. Would you like to fly with Ryan Air?," जुड़े रहने के लिए धन्यवाद। हमने रायन एयर को सुबह उड़ान भरी है, अनुमानित आगमन सुबह 9 बजे है। टिकट की कीमत $ 275 है। क्या आप रयान एयर के साथ उड़ान भरना चाहेंगे?",3,0
Okay very fine., ठीक है बहुत अच्छा।,2,2
"Thank you! Just allow me a moment, I'll go ahead and check your seating assignment and let you know."," आपको धन्यवाद! बस मुझे एक क्षण का समय दें, मैं आगे जाकर आपके बैठने के कार्य की जाँच करूँगा और आपको बता दूँगा।",3,0
oh ok G9 ok, ओह ओके जी9 ओके,2,0
ok, ठीक है,2,0
Sure thing! I'd be glad to help you with that. Could you please help me with your last name and your booking confirmation number?,अवश्य! मुझे इसमें आपकी मदद करने में खुशी होगी। क्या आप कृपया अपने अंतिम नाम और अपनी बुकिंग पुष्टिकरण संख्या के साथ मेरी मदद कर सकते हैं?,3,0
Good morning! You've reached Flamingo customers service. How may I help you today?, सुबह बख़ैर! आप फ्लेमिंगो ग्राहक सेवा तक पहुँच चुके हैं। आज मैं आपकी कैसे मदद कर सकता हूँ?,3,1
"Hello there! Sky high customer services, How may I help you today?
"," नमस्ते! स्काई हाई कस्टमर सर्विसेज, मैं आज आपकी कैसे मदद कर सकता हूं?",3,0
hello good morning, हैलो सुप्रभात,3,2
ok, ठीक है,2,0
hai, हाय,2,0
Alright David! Could you please share the booking confirmation number?, ठीक है डेविड! क्या आप कृपया बुकिंग पुष्टिकरण संख्या साझा कर सकते हैं?,3,0
devi, देवी,0,0
HI, नमस्ते,2,0
"Sure! May I know your last name?
", ज़रूर! क्या मैं आपका अंतिम नाम जान सकता हूँ?,2,0
ok, ठीक है,2,0
All right! Would there be anything else I may help you with?, ठीक है! क्या कुछ और होगा जिसमें मैं आपकी मदद कर सकूं?,3,0
hello jesse, नमस्ते जेसी,3,0
"Perfect! Thank you for the details. Could you please allow me for a moment, while I get this done for you?","उत्तम! विवरण के लिए धन्यवाद। क्या आप कृपया मुझे एक पल के लिए अनुमति दे सकते हैं, जबकि मैं यह आपके लिए करवाता हूं?",3,2
" There's also another window seat, it's k78. "," एक और विंडो सीट भी है, यह k78 है।",2,0
Thank you for you patience. There is an aisle seat available on the third row and I've successfully moved you to that seat. The seat number is C3. Would you like that?, आपके धैर्य के लिए धन्यवाद। तीसरी पंक्ति में एक गलियारा सीट उपलब्ध है और मैंने आपको सफलतापूर्वक उस सीट पर पहुँचा दिया है। सीट नंबर C3 है। क्या तुम वह पसंद करोगी?,3,2
Thanks, धन्यवाद,3,2
"Perfect! Thank you for that. Could you please allow me a moment, I'll get back to you with the resolution?"," उत्तम! उसके लिये आपका धन्यवाद। क्या आप कृपया मुझे एक क्षण की अनुमति दे सकते हैं, मैं संकल्प के साथ आपके पास वापस आऊंगा?",3,2
NOTHING ELSE, और कुछ नहीं,2,0
Perfect! That's really helpful. Thank you. Could you please stay connected for a minute?, उत्तम! यह वास्तव में मददगार है। शुक्रिया। क्या आप कृपया एक मिनट के लिए जुड़े रह सकते हैं?,3,2
"Awesome! Thanks for reaching out to us, hope you have a wonderful trip ahead. "," बहुत बढ़िया! हमसे संपर्क करने के लिए धन्यवाद, आशा है कि आपकी आगे की यात्रा शानदार रही होगी।",3,2
Have a great fay, बहुत अच्छा है,2,2
No problem at all. Your tickets have been confirmed and you'll be receiving a confirmation mail with the link to make the payment. Is there anything else I might help you with?, बिल्कुल भी परेशानी नहीं है। आपके टिकटों की पुष्टि हो गई है और आपको भुगतान करने के लिए लिंक के साथ एक पुष्टिकरण मेल प्राप्त होगा। क्या कुछ और है जिसमें मैं आपकी मदद कर सकता हूं?,3,2
"Perfect! Soon you'll be receiving a mail with your boarding pass attached, you can download that from there and provide as proof at airport. Anything else I may help you in?
"," उत्तम! जल्द ही आपको अपने बोर्डिंग पास के साथ एक मेल प्राप्त होगा, आप उसे वहां से डाउनलोड कर सकते हैं और हवाई अड्डे पर प्रमाण के रूप में प्रदान कर सकते हैं। कुछ और मैं आपकी मदद कर सकता हूँ?",3,2
Good morning! You've reached Flamingo customers service. How may I help you today?, सुबह बख़ैर! आप फ्लेमिंगो ग्राहक सेवा तक पहुँच चुके हैं। आज मैं आपकी कैसे मदद कर सकता हूँ?,3,1
2 persons, 2 आदमी,0,0
Yes sure! My name is manikandan and my booking confirmation number is M4O6P9, हाँ यकीनन! मेरा नाम मणिकंदन है और मेरी बुकिंग पुष्टिकरण संख्या M4O6P9 है,3,0
hi, नमस्ते,2,0
NO ITS OK, नहीं सब ठीक है,2,1
Hello! How may I assist you today?, नमस्ते! आज मैं आपकी मदद किस तरह कर सकता हूँ?,3,0
Perfect! Please allow me a moment to process your request., उत्तम! कृपया मुझे आपके अनुरोध को संसाधित करने के लिए कुछ समय दें।,3,2
okay thanks for your informations, ठीक है आपकी जानकारी के लिए धन्यवाद,3,2
Thank you for staying on hold. I appreciate your patience. Your seat number is A9 and it is a window seat. Is there anything else that I may help you with?,रुके रहने के लिए धन्यवाद। मैं आपके धैर्य की सराहना करता हूँ। आपकी सीट का नंबर A9 है और यह विंडो सीट है। क्या कुछ और है जिसमें मैं आपकी मदद कर सकता हूं?,3,2
adhithyaa and sunnyleoneadithyaa7@gmail.com, अधित्या और सनीलेओनिदित्या7@gmail.com,2,0
"Sure, may I know your last name please?"," ज़रूर, क्या मैं आपका अंतिम नाम जान सकता हूँ?",3,0
ok thanks, ठीक है धन्यवाद,3,0
"Done! Which class would you prefer economy, premium economy, business class or first class? "," पूर्ण! आप किस वर्ग को इकनॉमी, प्रीमियम इकोनॉमी, बिजनेस क्लास या प्रथम श्रेणी पसंद करेंगे?",3,0
i wants to book a flight, मैं एक उड़ान बुक करना चाहता हूँ,1,0
seat assignment and decide to change it, सीट असाइनमेंट और इसे बदलने का फैसला करें,0,0
i need a boarding pass, मुझे बोर्डिंग पास चाहिए,1,0
Hi, नमस्ते,2,0
hi good morning, हाय सुप्रभात,3,2
bankok to chennai,बैंकोक से चेन्नई,2,0
I'm here to help you out. May I know your name and the booking confirmation number?, मैं यहां आपकी मदद करने के लिए हूं। क्या मैं आपका नाम और बुकिंग पुष्टिकरण संख्या जान सकता हूँ?,3,0
"Hi, Good Morning.", हाय सुप्रभात।,3,0
"I really appreciate for your patience, there's L3 (Window) seat assigned to you. "," मैं वास्तव में आपके धैर्य की सराहना करता हूं, आपको एल3 (विंडो) सीट सौंपी गई है।",3,2
Of course! I'd be glad to help you get that. Could you please help me with your last name and your booking confirmation number?, बेशक! मुझे इसे प्राप्त करने में आपकी सहायता करने में खुशी होगी। क्या आप कृपया अपने अंतिम नाम और अपनी बुकिंग पुष्टिकरण संख्या के साथ मेरी मदद कर सकते हैं?,3,0
Alright! Please allow me a moment to check if that is available., ठीक है! कृपया मुझे यह जांचने के लिए एक क्षण दें कि क्या यह उपलब्ध है।,2,0
"Sure! I'll change that for you right away!
",ज़रूर! मैं इसे आपके लिए तुरंत बदल दूँगा!,3,0
"Hello there good morning! Sky high customer services, How may I help you today?"," नमस्ते वहाँ सुप्रभात! स्काई हाई कस्टमर सर्विसेज, मैं आज आपकी कैसे मदद कर सकता हूं?",3,0
I changed my mind. Can I get an aisle seat?, मैंने अपना मन बदल लिया है। क्या मुझे गलियारे की सीट मिल सकती है?,2,0
I'm sorry?, मुझे माफ़ करें?,3,0
Are we connected, क्या हम जुड़े हुए हैं,0,0
HI GOOD MORNING, हाय सुप्रभात,3,0
Yes.Please confirm the seat for me., हाँ।कृपया मेरे लिए सीट पक्की करें।,2,0
"I completely understand your situation sir, But I apologies. There are no seats vacant right now. However,there are last minute cancellation,  we will definitely connect back to you if I find the seat for you."," मैं आपकी स्थिति को पूरी तरह से समझता हूं सर, लेकिन मैं क्षमा चाहता हूं। अभी कोई सीट खाली नहीं है। हालाँकि, अंतिम समय में रद्दीकरण है, अगर मुझे आपके लिए सीट मिल जाती है तो हम निश्चित रूप से आपसे संपर्क करेंगे।",3,1
i need to  boarding pass, मुझे बोर्डिंग पास चाहिए,1,0
Great! Please allow me a minute., महान! कृपया मुझे एक मिनट का समय दें।,3,2
"Thank you Ram, please give me a minute to check the seat assigned to you."," धन्यवाद राम, आपको दी गई सीट की जांच करने के लिए कृपया मुझे एक मिनट दें।",3,0
And i Need to change seat, और मुझे सीट बदलनी है,1,1
Absolutely! I'd be glad to help you with that. May I know your last name and your booking confirmation number?, बिल्कुल! मुझे इसमें आपकी मदद करने में खुशी होगी। क्या मैं आपका अंतिम नाम और आपकी बुकिंग पुष्टिकरण संख्या जान सकता हूँ?,3,2
"Great! You'll receive a message on the given contact number, You'll find a link. Please click on it and follow the guidelines given. After you make the payment you'll receive a conformation message. I hope that is clear?"," महान! आपको दिए गए संपर्क नंबर पर एक संदेश प्राप्त होगा, आपको एक लिंक मिलेगा। कृपया उस पर क्लिक करें और दिए गए दिशानिर्देशों का पालन करें। भुगतान करने के बाद आपको एक संरचना संदेश प्राप्त होगा। मुझे उम्मीद है यह स्पष्ट है?",3,1
Great! Soon you'll be receiving a mail with your boarding pass attached. Anything else I may help you in?, महान! जल्द ही आपको एक मेल प्राप्त होगा जिसमें आपका बोर्डिंग पास संलग्न होगा। कुछ और मैं आपकी मदद कर सकता हूँ?,3,2
NUMBER - PWK529, संख्या - PWK529,0,0
ok, ठीक है,2,0
"Oh sure! Would you like to travel in a Economy, Business or first class and may I know the number of passengers travelling?","ओह यकीनन! क्या आप अर्थव्यवस्था, व्यवसाय या प्रथम श्रेणी में यात्रा करना चाहेंगे और क्या मैं यात्रा करने वाले यात्रियों की संख्या जान सकता हूं?",3,0
done sir, किया सर,1,0
I need my boarding pass, मुझे अपना बोर्डिंग पास चाहिए,2,0
asd852, asd852,0,0
Absolutely. Could you please help me with your Last name and booking confirmation number?, बिल्कुल। क्या आप कृपया अपने अंतिम नाम और बुकिंग पुष्टिकरण संख्या के साथ मेरी मदद कर सकते हैं?,3,0
So I have now confirmed a the middle seat that is 13A for your comfort., इसलिए मैंने अब आपके आराम के लिए बीच वाली सीट की पुष्टि कर दी है जो 13A है।,1,0
You're most welcome! Thank you for contacting us! Have a safe journey!, आपका स्वागत है! हमसे संपर्क करने के लिए धन्यवाद! आपकी यात्रा सुरक्षित हो!,3,2
hi, नमस्ते,2,0
i need a boarding pass, मुझे बोर्डिंग पास चाहिए,1,0
It's Maria Angelo and w3r5y7, यह मारिया एंजेलो है और w3r5y7,0,0
"Thank you for visiting us, wish to serve you again. Have a safe flight!"," हमारे पास आने के लिए धन्यवाद, मैं फिर से आपकी सेवा करना चाहता हूं। एक सुरक्षित उड़ान की कामना करते हैं!",3,2
A very good morning! You've reached the Moon Airways customer service. How may I help you today?, एक बहुत अच्छी सुबह! आप मून एयरवेज ग्राहक सेवा तक पहुँच चुके हैं। आज मैं आपकी कैसे मदद कर सकता हूँ?,3,2
Please help me in finding my seat number, कृपया मेरी सीट नंबर खोजने में मेरी मदद करें,3,0
Ok, ठीक,2,0
sent boarding pass to mail, मेल पर भेजा बोर्डिंग पास,0,0
Hi Spencer, हाय स्पेंसर,3,0
"Alright! It was great assisting you, thanks for choosing our services. Have a safe flight, goodbye.
"," ठीक है! आपकी सहायता करके बहुत अच्छा लगा, हमारी सेवाओं को चुनने के लिए धन्यवाद। एक सुरक्षित उड़ान लो, अलविदा।",3,2
Take your time.., पर्याप्त समय लो..,2,0
"Sure, we are here to assist you always! May I know your last name please?"," ज़रूर, हम यहाँ हमेशा आपकी सहायता के लिए हैं! क्या मैं आपका अंतिम नाम जान सकता हूँ?",3,0
"nope, not a thing"," नहीं, कोई बात नहीं",2,0
73ig93, 73ig93,0,0
Good morning! You've reached Flamingo customers service. How may I help you today?, सुबह बख़ैर! आप फ्लेमिंगो ग्राहक सेवा तक पहुँच चुके हैं। आज मैं आपकी कैसे मदद कर सकता हूँ?,3,1
885-995-8862, 885-995-8862,0,0
my last name is arun, मेरा अंतिम नाम अरुण है,1,0
Thanks for the information..KL56 seat comfortable for me., जानकारी के लिए धन्यवाद..केएल 56 सीट मेरे लिए आरामदायक है।,3,2
Is it that you want to know your seat allotment?, क्या आप अपना सीट आवंटन जानना चाहते हैं?,2,0
"Perfect! I see that there is an early morning flight operated by Air Sahara at a cost of $230. It departs at 7:AM and arrives at 8:30AM.
", उत्तम! मैं देख रहा हूं कि 230 डॉलर की लागत से एयर सहारा द्वारा संचालित एक सुबह की उड़ान है। यह सुबह 7 बजे छूटती है और 8:30 बजे आती है।,2,2
"I hope you have a great day ahead. Goodbye!
", मुझे आशा है कि आपके लिए आगे एक अच्छा दिन होगा। अलविदा!,3,2
May I know your last name please?, क्या मैं आपका अंतिम नाम जान सकता हूँ?,3,0
Sure... It is sfggs@yahoo.com, ज़रूर... यह sfggs@yahoo.com है,2,0
"In order to know your seat number, please visit LMTairways.com website. Is there anything I might help you with?",अपना सीट नंबर जानने के लिए कृपया LMTairways.com वेबसाइट पर जाएं। क्या कोई ऐसी चीज है जिसमें मैं आपकी मदद कर सकता हूं?,3,0
Okay! Please stay connected while I go and check whether we have aisle seat available on the flight.,ठीक! कृपया मेरे जाते समय जुड़े रहें और जांचें कि क्या हमारे पास उड़ान में गलियारे की सीट उपलब्ध है।,2,0
Okay! Please allow me a moment while I go ahead and search for the best flight deal., ठीक! कृपया मुझे एक क्षण दें जब तक कि मैं आगे बढ़ूं और सर्वोत्तम उड़ान सौदे की खोज करूं।,2,0
Hello, नमस्ते,2,0
ok sure,यकीनन ठीक,2,0
my name is arun, मेरा नाम अरुण है,1,0
i need help to check my seat assignment on your airways, मुझे आपके वायुमार्ग पर अपने सीट असाइनमेंट की जांच करने में सहायता चाहिए,3,0
My pleasure. Thank you fro reaching out to us. Good day!, मेरा सौभाग्य। हमसे संपर्क करने के लिए धन्यवाद। अच्छा दिन!,3,2
"Hello! Welcome to Sky Travel. How may I help you, today?", नमस्ते! स्काई ट्रैवल में आपका स्वागत है। मैं आज आपकी क्या मदद कर सकता हूँ?,3,0
"You're welcome, is there anything else I could help you with?"," आपका स्वागत है, क्या कुछ और है जिसमें मैं आपकी मदद कर सकता हूँ?",3,2
kumki, कुमकी,2,0
James could you also help me out with your email address or the phone number for the boarding pass to be sent to you?, जेम्स क्या आप मुझे अपने ईमेल पते या बोर्डिंग पास के लिए फोन नंबर भेजने में भी मदद कर सकते हैं?,3,0
no thanks," जी नहीं, धन्यवाद",3,1
hai, हाय,2,0
"Thank you for your patience. You're assigned to the seat number H2, which is an aisle seat. Would you need anything else?"," आपके धैर्य के लिए धन्यवाद। आपको सीट नंबर H2 को सौंपा गया है, जो एक गलियारा सीट है। क्या आपको कुछ और चाहिए होगा?",3,2
hi, नमस्ते,2,0
Great! When are you planning to travel?, महान! आप कब यात्रा करने की योजना बना रहे हैं?,3,2
Dhiya I'd like to inform you that you've been allotted 5B which is a middle seat. Would you like to change that?, ढिया मैं आपको बताना चाहता हूं कि आपको 5बी आवंटित किया गया है जो बीच की सीट है। क्या आप इसे बदलना चाहेंगे?,3,0
"Sure! I'll be able to help you, may I please know your last name and the booking confirmation number?"," ज़रूर! मैं आपकी मदद कर सकूंगा, क्या मैं आपका अंतिम नाम और बुकिंग पुष्टिकरण नंबर जान सकता हूं?",3,0
"Sure, could you please help me with your departure city and the destination?","ज़रूर, क्या आप कृपया अपने प्रस्थान शहर और गंतव्य के बारे में मेरी मदद कर सकते हैं?",3,0
"Alright! There are two flights flying on 9/18/2018, one is at 5:00 Pm and other is at 6:00 Am. which one would you choose?"," ठीक है! 9/18/2018 को दो उड़ानें उड़ान भर रही हैं, एक शाम 5:00 बजे और दूसरी सुबह 6:00 बजे। तुम कौन सा चुनोगे?",3,0
change middle seat sir, बीच की सीट बदलो सर,0,0
Sistersol, सिस्टरसोल,0,0
Alone, अकेला,0,0
hello, नमस्ते,2,0
"Perfect! Jessy, Now would you please help me with your booking confirmation number?"," उत्तम! जेसी, अब क्या आप कृपया अपनी बुकिंग पुष्टिकरण संख्या के साथ मेरी मदद करेंगे?",3,2
seat assignment and decide to change it., सीट असाइनमेंट और इसे बदलने का फैसला करें।,0,0
"Sure! I'll be glad to help you, may I please know your last name?"," ज़रूर! मुझे आपकी मदद करने में खुशी होगी, क्या मैं आपका उपनाम जान सकता हूँ?",3,0
Please change to Aisle seat as I am  not convenient with Window seat, कृपया आइल सीट में बदलें क्योंकि मैं विंडो सीट के साथ सुविधाजनक नहीं हूं,3,1
Good morning! You've reached Flamingo customers service. How may I help you today?, सुबह बख़ैर! आप फ्लेमिंगो ग्राहक सेवा तक पहुँच चुके हैं। आज मैं आपकी कैसे मदद कर सकता हूँ?,3,1
are you there?, क्या आप हैं?,1,0
May I please know how may people will be travelling?, क्या मैं कृपया जान सकता हूँ कि लोग कैसे यात्रा कर रहे होंगे?,2,0
business, व्यापार,0,0
"Thank you! The seat number allotted to you is 25A. It's a window seat.
", आपको धन्यवाद! आपको आवंटित सीट संख्या 25A है। यह एक विंडो सीट है।,3,0
"As there is no response, I'm forced to end the chat and cancel the confirmation. Have a great day ahead!"," जैसा कि कोई प्रतिक्रिया नहीं है, मुझे चैट समाप्त करने और पुष्टिकरण रद्द करने के लिए मजबूर किया गया है। आगे एक महान दिन हो!",2,1
"Good to meet you, Robin! Where are you travelling from?"," आपसे मिलकर अच्छा लगा, रॉबिन! आप कहां से यात्रा कर रहे हैं?",3,2
Perfect! I'd like to inform you that your seat has been changed successfully., उत्तम! मैं आपको सूचित करना चाहता हूं कि आपकी सीट सफलतापूर्वक बदल दी गई है।,3,2
Perfect! Hope I've answered all of your questions., उत्तम! आशा है कि मैंने आपके सभी प्रश्नों का उत्तर दे दिया है।,3,2
Thanks! I've sent you an the boarding pass on your phone. I hope this will be helpful.,धन्यवाद! मैंने आपको आपके फ़ोन पर एक बोर्डिंग पास भेजा है। मुझे उम्मीद है कि ये मददगार होगा।,3,2
IS THAT OK SAM?, क्या यह ठीक है सैम?,2,0
ok, ठीक है,2,0
"Awesome! Thanks for reaching out to us, hope you have a wonderful trip ahead. "," बहुत बढ़िया! हमसे संपर्क करने के लिए धन्यवाद, आशा है कि आपकी आगे की यात्रा शानदार रही होगी।",3,2
Lovely! Could you please share your email address or contact number?, प्यारा! क्या आप कृपया अपना ईमेल पता या संपर्क नंबर साझा कर सकते हैं?,3,2
no need, कोई ज़रुरत नहीं है,1,0
"And, your booking confirmation number would be?"," और, आपकी बुकिंग पुष्टिकरण संख्या होगी?",2,0
bye, अलविदा,2,0
thanks so much!, बहुत - बहुत धन्यवाद!,3,2
"Sam, I need to change my  seat assignment can you help me out ?"," सैम, मुझे अपना सीट असाइनमेंट बदलने की जरूरत है क्या आप मेरी मदद कर सकते हैं?",3,0
Perfect! Please allow me a moment to check the details and let you know., उत्तम! कृपया मुझे विवरणों की जांच करने और आपको बताने के लिए एक क्षण का समय दें।,3,2
CHECK MY SEAT, मेरी सीट जांचें,0,0
"As I've checked with the resources, I see that the seat allotted to you is the middle seat which is D8."," जैसा कि मैंने संसाधनों के साथ जांच की है, मैं देखता हूं कि आपको आवंटित सीट बीच की सीट है जो D8 है।",2,0
"Nothing else, Thank you for your Booking. Have a nice day to chat with you. "," और कुछ नहीं, आपकी बुकिंग के लिए धन्यवाद। आपके साथ चैट करने के लिए एक अच्छा दिन है।",3,0
hi, नमस्ते,2,0
Thank you! How may I help you today?, आपको धन्यवाद! आज मैं आपकी कैसे मदद कर सकता हूँ?,3,2
yes, हां,2,0
A very good morning! You've reached the Moon Airways customer service. How may I help you today?, एक बहुत अच्छी सुबह! आप मून एयरवेज ग्राहक सेवा तक पहुँच चुके हैं। आज मैं आपकी कैसे मदद कर सकता हूँ?,3,2
are you there my friend, क्या तुम वहाँ हो मेरे दोस्त,1,0
my name karanprabu and email address is karanprabu03@gmail.com, मेरा नाम करणप्रबू और ईमेल पता है karanprabu03@gmail.com,1,0
hai, हाय,2,0
HAI, हाई,2,0
hI, नमस्ते,3,0
I think there's a confusion. Please select a class and let me know., मुझे लगता है कि एक भ्रम है। कृपया एक कक्षा चुनें और मुझे बताएं।,2,0
Hello, नमस्ते,2,0
"Bravo! I've good news for you! As I can see here, Our team has assigned you a window seat, I hope you are comfortable with it! And your seat number is V1. "," वाहवाही! मेरे पास आपके लिए अच्छी खबर है! जैसा कि मैं यहां देख सकता हूं, हमारी टीम ने आपको एक विंडो सीट दी है, मुझे आशा है कि आप इसके साथ सहज होंगे! और आपका सीट नंबर V1 है।",3,2
Okay, ठीक,2,2
"Okay! I'd like to inform you that we have Indigo flying from Nepal to China at 8:20 A.M to 11:25 A.M for $95 per tickets, would you like to take that?","ठीक! मैं आपको सूचित करना चाहता हूं कि हमारे पास नेपाल से चीन के लिए इंडिगो की उड़ान सुबह 8:20 बजे से 11:25 बजे तक 95 डॉलर प्रति टिकट है, क्या आप इसे लेना चाहेंगे?",3,0
THERASA EMAIL: THERASA89@GMAIL.COM, थेरासा ईमेल: THERASA89@GMAIL.COM,0,0
Hello SIR., नमस्ते महोदय।,3,0
no thanks," जी नहीं, धन्यवाद",3,1
Hi, नमस्ते,2,0
Great! You'll soon be receiving a mail with a link through which you'll be able to make the payment and then confirm your flight tickets. Anything else I may help you in?, महान! आपको जल्द ही एक लिंक के साथ एक मेल प्राप्त होगा जिसके माध्यम से आप भुगतान कर सकेंगे और फिर अपनी उड़ान टिकटों की पुष्टि कर सकेंगे। कुछ और मैं आपकी मदद कर सकता हूँ?,3,2
"Wonderful! Thank you for choosing me, we are always here to  help you. Have a safe flight!"," अद्भुत! मुझे चुनने के लिए धन्यवाद, हम आपकी मदद के लिए हमेशा यहां हैं। एक सुरक्षित उड़ान की कामना करते हैं!",3,2
Okay I'll help you in changing the seat. May I know your full name and the booking confirmation number?, ठीक है मैं सीट बदलने में तुम्हारी मदद करूँगा। क्या मैं आपका पूरा नाम और बुकिंग पुष्टिकरण संख्या जान सकता हूँ?,2,0
"You're most welcome, It was really nice talking to you, Is there anything else I may help you with?"," आपका बहुत-बहुत स्वागत है, आपसे बात करके बहुत अच्छा लगा, क्या कुछ और है जिसमें मैं आपकी मदद कर सकता हूँ?",3,2
D984J6, D984J6,0,0
ok, ठीक है,2,0
"You're welcome, is there anything else I could help you with?"," आपका स्वागत है, क्या कुछ और है जिसमें मैं आपकी मदद कर सकता हूँ?",3,2
syndia, सिंधिया,0,0
"Sure!! That's awesome! I'd be glad to help you out, I'll require your details to book the tickets. May I know the departure and the destination city? "," ज़रूर!! वह तो कमाल है! मुझे आपकी मदद करने में खुशी होगी, टिकट बुक करने के लिए मुझे आपके विवरण की आवश्यकता होगी। क्या मैं प्रस्थान और गंतव्य शहर को जान सकता हूँ?",3,2
Great! And your email address would be?, महान! और आपका ईमेल पता होगा?,3,2
"Absolutely! I'll be glad to help you in this matter, may I please know your last name?"," बिल्कुल! मुझे इस मामले में आपकी मदद करने में खुशी होगी, क्या मैं आपका उपनाम जान सकता हूँ?",3,0
ok, ठीक है,2,0
No Thanks," जी नहीं, धन्यवाद",3,1
"Sure, I'll help you in this regard as well. May I know your email address please?"," ज़रूर, मैं इस संबंध में भी आपकी मदद करूँगा। क्या मैं आपका ईमेल पता कृपया जान सकता हूँ?",3,0
"I apologize, as you're already assigned to the window seat. We cannot change again to the window seats because all the window seats are occupied by some other passengers. ","मैं क्षमा चाहता हूँ, क्योंकि आपको पहले ही विंडो सीट दी जा चुकी है। हम फिर से विंडो सीटों में बदलाव नहीं कर सकते क्योंकि सभी विंडो सीटों पर कुछ अन्य यात्रियों का कब्जा है।",3,1
" Thank you for visiting us, we are always here to help you out. Have a safe flight!"," हमारे पास आने के लिए धन्यवाद, हम हमेशा आपकी मदद करने के लिए यहां हैं। एक सुरक्षित उड़ान की कामना करते हैं!",3,2
please help me check seat assignment, कृपया सीट असाइनमेंट की जांच करने में मेरी मदद करें,3,0
no thanks," जी नहीं, धन्यवाद",3,1
Hai., हाय।,2,0
Good morning! You've reached Flamingo customers service. How may I help you today?, सुबह बख़ैर! आप फ्लेमिंगो ग्राहक सेवा तक पहुँच चुके हैं। आज मैं आपकी कैसे मदद कर सकता हूँ?,3,1
gh87f5, gh87f5,0,0
"Cool! Good news! We have one aisle seat available and as per your request I've changed your seat, your seat number is H5 and it is a aisle seat. I hope your happy now?"," ठंडा! खुशखबरी! हमारे पास एक गलियारा सीट उपलब्ध है और आपके अनुरोध के अनुसार मैंने आपकी सीट बदल दी है, आपकी सीट संख्या H5 है और यह एक गलियारा सीट है। मुझे आशा है कि अब आप खुश हैं?",3,2
Sure. Could you please help me with your Last name and booking confirmation number?, ज़रूर। क्या आप कृपया अपने अंतिम नाम और बुकिंग पुष्टिकरण संख्या के साथ मेरी मदद कर सकते हैं?,3,0
jnd458, जेएनडी458,0,0
Window seat, विंडो सीट,0,0
I need to know about my seat assignment, मुझे अपने सीट असाइनमेंट के बारे में जानने की जरूरत है,2,0
EMAIL ID IS NORAH_JOHN5568@YAHOO.COM, ईमेल आईडी NORAH_JOHN5568@YAHOO.COM है,1,0
"Sure! I'll be glad to help you in this, may I please know your last name?"," ज़रूर! मुझे इसमें आपकी मदद करने में खुशी होगी, क्या मैं आपका उपनाम जान सकता हूँ?",3,0
It's Jameson., यह जेमिसन है।,0,0
Perfect! Please allow me a moment to check the flights available and get back to you., उत्तम! कृपया मुझे उपलब्ध उड़ानों की जांच करने और आपके पास वापस आने के लिए कुछ समय दें।,3,2
ya sure, हाँ यकीनन,2,0
Sure! May I know your last name and the booking confirmation number as well?, ज़रूर! क्या मैं आपका अंतिम नाम और बुकिंग पुष्टिकरण संख्या भी जान सकता हूँ?,3,0
"Last name is Smith, booking confirmation is UX234BM"," उपनाम स्मिथ है, बुकिंग पुष्टिकरण UX234BM . है",2,0
Hello! Welcome to Sky High Travels! How may I help you?, नमस्ते! स्काई हाई ट्रेवल्स में आपका स्वागत है! क्या मेरे द्वारा आपकी कोई सहायता हो सकती है?,3,0
"Nothing else, Thank you for your Booking. Have a nice day to chat with you. "," और कुछ नहीं, आपकी बुकिंग के लिए धन्यवाद। आपके साथ चैट करने के लिए एक अच्छा दिन है।",3,0
Economy is more affordable for me, अर्थव्यवस्था मेरे लिए अधिक किफायती है,1,2
are you there casey, क्या आप वहां हैं केसी,1,0
Lovely! May I also know your email address or contact number?, प्यारा! क्या मैं आपका ईमेल पता या संपर्क नंबर भी जान सकता हूं?,3,2
"And, your booking confirmation number?"," और, आपकी बुकिंग पुष्टिकरण संख्या?",2,0
Hello hope we connected here,हैलो आशा है कि हम यहाँ जुड़े हुए हैं,3,0
"Sure, thank you for reaching out to us. Have a great day!"," ज़रूर, हमसे संपर्क करने के लिए धन्यवाद। आपका दिन अच्छा रहे!",3,2
2 PERSONS, 2 आदमी,0,0
NOTHING ELSE, और कुछ नहीं,2,0
Thank you . nothing else., शुक्रिया । और कुछ नहीं।,3,2
All right! I hope you I've answered all your questions?, ठीक है! मुझे आशा है कि आपने अपने सभी प्रश्नों का उत्तर दे दिया है?,3,0
I'll help you out with that. Could you help me out with your full name and the booking confirmation number?, मैं इसमें आपकी मदद करूंगा। क्या आप अपना पूरा नाम और बुकिंग पुष्टिकरण नंबर के साथ मेरी मदद कर सकते हैं?,3,0
Perfect! Will there be anything else I may assist you with?, उत्तम! क्या कुछ और होगा जिसमें मैं आपकी सहायता कर सकूं?,3,2
Drew are you connected with me, ड्रू क्या आप मेरे साथ जुड़े हुए हैं,0,0
Perfect! I'd like to inform you that your seat has been changed., उत्तम! मैं आपको सूचित करना चाहता हूं कि आपकी सीट बदल दी गई है।,3,2
I87UY6, I87UY6,0,0
Nmae: Nivash.S..Booking confirmation number:FT1966, Nmae: Nivash.S.. बुकिंग पुष्टिकरण संख्या: FT1966,2,0
"Thank you very much, Robert. I see that there's A6 ( window )  seat available on the flight. "," बहुत बहुत धन्यवाद, रॉबर्ट। मैंने देखा कि फ्लाइट में A6 (विंडो) सीट उपलब्ध है।",3,2
"I hope you have a great day ahead. Goodbye!
", मुझे आशा है कि आपके लिए आगे एक अच्छा दिन होगा। अलविदा!,3,2
I'm glad I could assist you in this regard., मुझे खुशी है कि मैं इस संबंध में आपकी सहायता कर सका।,3,0
yes, हां,2,0
"Oliver Shelton
", ओलिवर शेल्टन,0,0
"Always a pleasure! Thank you for reaching out to us, it's a pleasure assisting you. Have a great day and happy traveling!
"," हमेशा एक खुशी की बात है! हमसे संपर्क करने के लिए धन्यवाद, आपकी सहायता करना खुशी की बात है। आपका दिन शुभ हो और यात्रा सुखद हो!",3,2
BYE, अलविदा,2,0
I'm sorry i mean 9015969622, मुझे क्षमा करें मेरा मतलब है 9015969622,3,0
d47t63, d47t63,0,0
well, कुंआ,1,2
murali67@gmail.com, murali67@gmail.com,0,0
"Sure! May I know your last name?
", ज़रूर! क्या मैं आपका अंतिम नाम जान सकता हूँ?,2,0
"its, F5AS91."," इसकी, F5AS91.",0,0
hi, नमस्ते,2,0
Hello! You've been connected to StarAirwyas. How may I assist you?, नमस्ते! आप StarAirwyas से जुड़ चुके हैं। मैं आपकी कैसे सहायता कर सकता हूँ?,3,0
nallu, नल्लू,0,0
"Awesome! Thanks for reaching out to us, hope you have a wonderful trip ahead. "," बहुत बढ़िया! हमसे संपर्क करने के लिए धन्यवाद, आशा है कि आपकी आगे की यात्रा शानदार रही होगी।",3,2
hi, नमस्ते,2,0
Sanjay, संजय,0,0
3 tickets, 3 टिकट,2,0
"I'm sorry, but currently there are no window seats available on your flight."," मुझे खेद है, लेकिन फ़िलहाल आपकी फ़्लाइट में कोई विंडो सीट उपलब्ध नहीं है।",3,1
OK, ठीक है,2,0
thank you thats all have a great day,धन्यवाद कि आप सभी का दिन मंगलमय हो,3,2
Welcome to PilotAirlines! You're talking to the Customer Executive! How may I help you today, पायलट एयरलाइंस में आपका स्वागत है! आप ग्राहक कार्यकारी से बात कर रहे हैं! मैं आज आपकी क्या मदद कर सकता हूँ,3,0
check my seat?, मेरी सीट चेक करो?,2,0
ok  book that, ठीक है किताब,2,0
Could you please sent my boarding pass, क्या आप कृपया मेरा बोर्डिंग पास भेज सकते हैं,3,0
A very good morning! You've reached the Moon Airways customer service. How may I help you today?, एक बहुत अच्छी सुबह! आप मून एयरवेज ग्राहक सेवा तक पहुँच चुके हैं। आज मैं आपकी कैसे मदद कर सकता हूँ?,3,2
Fantastic! Please give me a moment to check., ज़बरदस्त! कृपया मुझे जांचने के लिए एक क्षण दें।,3,2
raja, राजा,0,0
hi, नमस्ते,2,0
OK, ठीक है,2,0
"Thank you for that! Could you please allow me a moment, while I check for the availability?"," उसके लिये आपका धन्यवाद! क्या आप कृपया मुझे एक क्षण की अनुमति दे सकते हैं, जबकि मैं उपलब्धता की जांच कर रहा हूं?",3,2
sorry, माफ़ करना,2,0
ok, ठीक है,2,0
okay thank you so much," ठीक है, बहुत बहुत धन्यवाद",3,2
Have a nice day.. Bye, अच्छा दिन हो अलविदा,2,0
"Sorry to keep you waiting, I've checked the details and found that your seat number is 5D it is an aisle seat, is that okay?
"," आपको प्रतीक्षा करने के लिए क्षमा करें, मैंने विवरण की जाँच की है और पाया है कि आपकी सीट संख्या 5D है यह एक गलियारा सीट है, क्या यह ठीक है?",3,0
Of course! No problem at all. Could you please specify your preferred seat?, बेशक! बिल्कुल भी परेशानी नहीं है। क्या आप कृपया अपनी पसंदीदा सीट निर्दिष्ट कर सकते हैं?,3,0
"Appreciate your patience! Your seat is 15A, window seat. Anything else I may help you with?"," अपने धैर्य की सराहना! आपकी सीट 15A, विंडो सीट है। कुछ और मैं आपकी मदद कर सकता हूँ?",2,2
Hello! You've been connected to StarAirwyas. How may I assist you?, नमस्ते! आप StarAirwyas से जुड़ चुके हैं। मैं आपकी कैसे सहायता कर सकता हूँ?,3,0
ok, ठीक है,2,0
Thank you very much, आपका बहुत बहुत धन्यवाद,3,2
"Thank You! May I also know the 6 chartered booking confirmation number?
", धन्यवाद! क्या मैं 6 चार्टर्ड बुकिंग पुष्टिकरण संख्या भी जान सकता हूँ?,3,0
Fantastic! It was amazing talking to you! :) I'm glad I could resolve all your issues! Thanks for reaching out to us! for any other concerns please feel free to contact us anytime! Have a great day ahead! :), ज़बरदस्त! आपसे बात करना अद्भुत था! :) मुझे खुशी है कि मैं आपके सभी मुद्दों का समाधान कर सका! हमसे संपर्क करने के लिए धन्यवाद! किसी भी अन्य चिंताओं के लिए कृपया बेझिझक हमसे कभी भी संपर्क करें! आगे एक महान दिन हो! :),3,2
Alright Jason! Could you help me with the booking confirmation number please?, ठीक है जेसन! क्या आप कृपया बुकिंग पुष्टिकरण संख्या के साथ मेरी मदद कर सकते हैं?,3,0
OK, ठीक है,2,0
A very good morning! You've reached the Moon Airways customer service. How may I help you today?, एक बहुत अच्छी सुबह! आप मून एयरवेज ग्राहक सेवा तक पहुँच चुके हैं। आज मैं आपकी कैसे मदद कर सकता हूँ?,3,2
Is this complete?, क्या यह पूरा है?,2,0
harini@gmail.com, harini@gmail.com,0,0
"I'll do that for you, may I know your last name and the booking confirmation number?","मैं आपके लिए यह करूँगा, क्या मैं आपका अंतिम नाम और बुकिंग पुष्टिकरण संख्या जान सकता हूँ?",3,0
Fantastic! It was my pleasure assisting you! I hope you have a great time on the flight! happy travelling! Have a great day ahead! Buhbye! :), ज़बरदस्त! आपकी सहायता करना मेरी खुशी थी! मुझे आशा है कि आपके पास उड़ान पर एक अच्छा समय है! खुश यात्रा! आगे एक महान दिन हो! टाटा! :),3,2
i  want to know my seat assignment, मुझे अपना सीट असाइनमेंट जानना है,2,0
Hi, नमस्ते,2,0
"I hope you have a great day ahead. Goodbye!
", मुझे आशा है कि आपके लिए आगे एक अच्छा दिन होगा। अलविदा!,3,2
Sure! That'll be my absolute pleasure to do that for you. Please stay connected for a minute while I check the seat availability.," ज़रूर! आपके लिए ऐसा करना मेरे लिए परम खुशी होगी। जब तक मैं सीट की उपलब्धता की जांच करता हूं, कृपया एक मिनट के लिए जुड़े रहें।",3,2
OK, ठीक है,2,0
Good morning! I am trying to book a flight to Vegas, सुबह बख़ैर! मैं वेगास के लिए एक उड़ान बुक करने की कोशिश कर रहा हूँ,3,0
hi, नमस्ते,2,0
Angie and ud83k4, एंजी और ud83k4,2,0
ok thank you, ठीक है धन्यवाद,3,0
Bye, अलविदा,2,0
I prefer aisle seat can you arrange for it, मुझे गलियारा सीट पसंद है क्या आप इसकी व्यवस्था कर सकते हैं,3,0
Since there is no reply. This chat will get disconnected within 20 seconds. Thank you, चूंकि कोई जवाब नहीं है। यह चैट 20 सेकंड के भीतर डिस्कनेक्ट हो जाएगी। आपको धन्यवाद,3,1
Great! I'll be happy to do that for you. Could you mention your last name please?, महान! मुझे आपके लिए ऐसा करने में खुशी होगी। क्या आप कृपया अपना अंतिम नाम बता सकते हैं?,3,2
hello casey, हैलो केसी,3,0
"Hello there good morning! Sky high customer services, How may I help you today?
"," नमस्ते वहाँ सुप्रभात! स्काई हाई कस्टमर सर्विसेज, मैं आज आपकी कैसे मदद कर सकता हूं?",3,0
I would like to have my boarding pass to the email stephymary2011@reddiffmail.com, मैं अपना बोर्डिंग पास ईमेल stephymary2011@reddiffmail.com पर प्राप्त करना चाहता/चाहती हूं,3,0
anywhere between 15 sep and 22 sep, 15 सितंबर से 22 सितंबर के बीच कहीं भी,0,0
yes, हां,2,0
You're welcome! Would there be anything else I may assist you with?,आपका स्वागत है! क्या कुछ और होगा जिसमें मैं आपकी सहायता कर सकूं?,3,2
i went to know my sent, मुझे मेरे भेजे हुए का पता चला,2,0
Alright! May I know the preferred date you'd like to travel?,ठीक है! क्या मैं उस पसंदीदा तारीख को जान सकता हूँ जिस पर आप यात्रा करना चाहते हैं?,3,0
"Sure, we are here to assist you always! May I know your last name please?"," ज़रूर, हम यहाँ हमेशा आपकी सहायता के लिए हैं! क्या मैं आपका अंतिम नाम जान सकता हूँ?",3,0
hai, हाय,2,0
Okay! I'm so glad to help you out. May I assist you with anything further?, ठीक! मुझे आपकी मदद करने में बहुत खुशी हो रही है। क्या मैं आगे कुछ भी आपकी सहायता कर सकता हूँ?,3,2
"Perfect! Thank you for that. Could you please allow me a minute or two, while I get this done for you?"," उत्तम! उसके लिये आपका धन्यवाद। क्या आप कृपया मुझे एक या दो मिनट का समय दे सकते हैं, जबकि मैं आपके लिए यह कर रहा हूँ?",3,2
I apologize. How may I help you?, मैं क्षमाप्रार्थी हूं। क्या मेरे द्वारा आपकी कोई सहायता हो सकती है?,3,0
"I apologize the seat 5A is already occupied, do you like to have any other window or aisle seat?"," मुझे खेद है कि सीट 5ए पहले से ही भरी हुई है, क्या आपको कोई अन्य खिड़की या गलियारे वाली सीट पसंद है?",3,0
"Yes, Of course. I'll surely help you with your boarding pass. May I know your full name please?", हां बिल्कुल। मैं निश्चित रूप से आपके बोर्डिंग पास में आपकी मदद करूंगा। क्या मैं आपका पूरा नाम जान सकता हूँ?,3,0
908 678 6565, 908 678 6565,0,0
I need a boarding pass, मुझे बोर्डिंग पास चाहिए,1,0
09/20/2018, 09/20/2018,0,0
"Awesome! I've confirmed the tickets for you however, the confirmation link will be sent to the email address or phone number. Could you please help me with your last name and the email address or phone number?"," बहुत बढ़िया! मैंने आपके लिए टिकटों की पुष्टि कर दी है, हालांकि, पुष्टिकरण लिंक ईमेल पते या फोन नंबर पर भेजा जाएगा। क्या आप कृपया अपने अंतिम नाम और ईमेल पते या फोन नंबर के साथ मेरी मदद कर सकते हैं?",3,2
"Actually, I would prefer an aisle seat if that is okay."," वास्तव में, अगर यह ठीक है तो मैं गलियारे की सीट पसंद करूंगा।",2,0
My pleasure! Goodbye!, मेरा सौभाग्य! अलविदा!,3,0
DELTA AIRLINES, डेल्टा एयरलाइंस,0,0
YOSIKA, योसिका,0,0
Hi, नमस्ते,2,0
2 persons, 2 आदमी,0,0
"Hello, you've reached Sky Travels. How may I help you today?"," नमस्कार, आप स्काई ट्रेवल्स में पहुंच गए हैं। आज मैं आपकी कैसे मदद कर सकता हूँ?",3,0
name kelvin, केल्विन नाम,2,0
ok, ठीक है,2,0
i want to book ticket, मुझे टिकट बुक करना है,1,2
Awesome! Could you please help me out with your email address to which the confirmation link will be sent through which you can confirm the booking., बहुत बढ़िया! क्या आप कृपया अपने ईमेल पते के साथ मेरी मदद कर सकते हैं जिस पर पुष्टिकरण लिंक भेजा जाएगा जिसके माध्यम से आप बुकिंग की पुष्टि कर सकते हैं।,3,2
yuvi, युवी,0,0
hello, नमस्ते,2,0
YES OK FOR ME THANK YOU, हाँ मेरे लिए ठीक है धन्यवाद,3,2
ok thank you, ठीक है धन्यवाद,3,0
"Rubi,  I see that there's K6 and M90 aisle seats available for you. Please let me know what seat you'd prefer the most. "," रूबी, मैं देख रहा हूँ कि आपके लिए K6 और M90 गलियारे की सीटें उपलब्ध हैं। कृपया मुझे बताएं कि आप किस सीट को सबसे ज्यादा पसंद करेंगे।",2,0
"Thank you for visiting us, wish to serve you again. Have a safe journey!","हमारे पास आने के लिए धन्यवाद, मैं फिर से आपकी सेवा करना चाहता हूं। आपकी यात्रा सुरक्षित हो!",3,2
"Ok, I wait for your information. "," ठीक है, मैं आपकी जानकारी की प्रतीक्षा कर रहा हूँ।",2,0
no thanks," जी नहीं, धन्यवाद",3,1
vasukialagu45@gmail.com, वासुकियालगु45@gmail.com,2,0
Alright! Is there anything else I may help you out with?, ठीक है! क्या कुछ और है जिसमें मैं आपकी मदद कर सकता हूं?,2,0
robert@mail.com, Robert@mail.com,0,0
"Hello! Good morning. Welcome to ""Flyhigh Indian Airlines"". How may I help you?"," नमस्ते! सुबह बख़ैर। ""फ्लाईहाई इंडियन एयरलाइंस"" में आपका स्वागत है। क्या मेरे द्वारा आपकी कोई सहायता हो सकती है?",3,0
check my seat assignment, मेरी सीट असाइनमेंट की जाँच करें,2,0
"Thank you so much for reaching out to us! It was my pleasure assisting you. I hope you have a safe journey, Have a great time. have a great day ahead! Bubye! :)"," हमसे संपर्क करने के लिए आपका बहुत-बहुत धन्यवाद! आपकी सहायता करना मेरी खुशी थी। मुझे आशा है कि आपके पास एक सुरक्षित यात्रा है, एक अच्छा समय है। यही चाहता हूं, दिन अच्छा बीते! बूबी! :)",3,2
I'm glad I was of help! Would there be anything else I may assist you with?, मुझे खुशी है कि मैं मददगार था! क्या कुछ और होगा जिसमें मैं आपकी सहायता कर सकूं?,3,2
Im trying to check my seat assignment, मैं अपने सीट असाइनमेंट की जांच करने की कोशिश कर रहा हूं,2,0
"Alright! It was great assisting you, have a great day. Goodbye."," ठीक है! आपकी सहायता करके बहुत अच्छा लगा, आपका दिन शुभ हो। अलविदा।",3,2
"Surely, thank you so much! Please allow me a minute to get this done for you."," ज़रूर, बहुत-बहुत धन्यवाद! कृपया मुझे यह आपके लिए करने के लिए एक मिनट का समय दें।",3,0
"Hello there! Sky high customer services, How may I help you today?"," नमस्ते! स्काई हाई कस्टमर सर्विसेज, मैं आज आपकी कैसे मदद कर सकता हूं?",3,0
william@mail.com, विलियम@mail.com,0,0
no need, कोई ज़रुरत नहीं है,1,0
Yes surely! On which name would you like the tickets to be booked and could you please share your email address?, हाँ ज़रूर! आप किस नाम से टिकट बुक करना चाहेंगे और क्या आप अपना ईमेल पता साझा कर सकते हैं?,3,0
Hi, नमस्ते,2,0
OKAY.. CAN YOU PLEASE HELP ME TO GET BOARDING PASS TOO.., ठीक है.. क्या आप कृपया मुझे बोर्डिंग पास प्राप्त करने में मदद कर सकते हैं ..,3,0
"Sure, we are here to assist you. May I know your last name and your booking confirmation number?"," ज़रूर, हम आपकी सहायता के लिए यहाँ हैं। क्या मैं आपका अंतिम नाम और आपकी बुकिंग पुष्टिकरण संख्या जान सकता हूँ?",3,0
ok, ठीक है,2,0
Fantastic! It was amazing talking to you! :) I'm glad I could resolve all your issues! Thanks for reaching out to us! for any other concerns please feel free to contact us anytime! Have a great day ahead! :) ',ज़बरदस्त! आपसे बात करना अद्भुत था! :) मुझे खुशी है कि मैं आपके सभी मुद्दों का समाधान कर सका! हमसे संपर्क करने के लिए धन्यवाद! किसी भी अन्य चिंताओं के लिए कृपया बेझिझक हमसे कभी भी संपर्क करें! आगे एक महान दिन हो! :) ',3,2
Hello! Welcome to Air USA! How may I help you today?, नमस्ते! एयर यूएसए में आपका स्वागत है! आज मैं आपकी कैसे मदद कर सकता हूँ?,3,0
"Perfect! You'll soon receive a mail with your boarding pass attachment you can download that and provide it as proof, anything else I may assist you in?"," उत्तम! आपको जल्द ही अपने बोर्डिंग पास अटैचमेंट के साथ एक मेल प्राप्त होगा जिसे आप डाउनलोड कर सकते हैं और इसे प्रमाण के रूप में प्रदान कर सकते हैं, और क्या मैं आपकी सहायता कर सकता हूं?",2,2
OK THANK YOU CONFORM IT, ओके थैंक यू कंफर्म आईटी,3,2
Great! That's a beautiful place. What is your preferred day of travelling?, महान! वह एक खूबसूरत जगह है। यात्रा का आपका पसंदीदा दिन कौन सा है?,3,2
"Good morning! You've reached Alliance Indian Airlines Customer service, how may I help you? "," सुबह बख़ैर! आप एलायंस इंडियन एयरलाइंस ग्राहक सेवा तक पहुँच चुके हैं, मैं आपकी कैसे मदद कर सकता हूँ?",3,0
i want to know my seat no, मुझे अपना सीट नंबर जानना है,2,0
Definitely! I'll help you with that. Could you please help me with your last name and your booking confirmation number?, निश्चित रूप से! मैं इसमें आपकी मदद करूंगा। क्या आप कृपया अपने अंतिम नाम और अपनी बुकिंग पुष्टिकरण संख्या के साथ मेरी मदद कर सकते हैं?,3,2
A4G4F3, A4G4F3,0,0
hi, नमस्ते,2,0
hai, हाय,2,0
"You're welcome! Thank you for visiting us, wish to serve you again. Have a safe flight!"," आपका स्वागत है! हमारे पास आने के लिए धन्यवाद, मैं फिर से आपकी सेवा करना चाहता हूं। एक सुरक्षित उड़ान की कामना करते हैं!",3,2
I have booked domestic one-way fly ticket two days back., मैंने दो दिन पहले घरेलू वन-वे फ्लाई टिकट बुक किया है।,1,0
CHECK MY SEAT, मेरी सीट जांचें,0,0
i want to know my seat status, मैं अपनी सीट की स्थिति जानना चाहता हूँ,2,0
If there is no reply from your end I'll be forced to close the conversation., अगर आपकी तरफ से कोई जवाब नहीं आया तो मुझे बातचीत बंद करने के लिए मजबूर होना पड़ेगा।,1,1
I want to check my seat assignment., मैं अपने सीट असाइनमेंट की जांच करना चाहता हूं।,2,0
ASE785, एएसई785,0,0
I NEED TO CHECK MY SEAT ASSIGNMENT, मुझे अपने सीट असाइनमेंट की जांच करने की आवश्यकता है,2,0
"Hello there! Good morning, Sky high customer services, How may I help you today?"," नमस्ते! सुप्रभात, स्काई हाई कस्टमर सर्विसेज, मैं आज आपकी कैसे मदद कर सकता हूं?",3,0
HII, HII,2,0
Thanks! I'd like to inform you that the confirmation link has been sent to your email address you may make the payment and confirm your booking.,"धन्यवाद! मैं आपको सूचित करना चाहता हूं कि पुष्टिकरण लिंक आपके ईमेल पते पर भेज दिया गया है, आप भुगतान कर सकते हैं और अपनी बुकिंग की पुष्टि कर सकते हैं।",3,2
Sam please help me in my seating arrangement?, सैम कृपया मेरे बैठने की व्यवस्था में मेरी मदद करें?,3,0
its inba1315@gmail.com., इसकी inba1315@gmail.com।,0,0
hi, नमस्ते,2,0
Hello, नमस्ते,2,0
"Fantastic! Here's your seat number K17 which is a window seat, Is that okay for you?"," ज़बरदस्त! ये रहा आपकी सीट नंबर K17 जो कि विंडो सीट है, क्या यह आपके लिए ठीक है?",3,2
thanks, धन्यवाद,2,2
My Booking conformation Number: 85STRL, माई बुकिंग कंफर्मेशन नंबर: 85STRL,1,0
"Sure, we are here to assist you. May I know your last name and your booking confirmation number?"," ज़रूर, हम आपकी सहायता के लिए यहाँ हैं। क्या मैं आपका अंतिम नाम और आपकी बुकिंग पुष्टिकरण संख्या जान सकता हूँ?",3,0
Fantastic! I've sent your boarding pass to your given email address., ज़बरदस्त! मैंने आपका बोर्डिंग पास आपके दिए गए ईमेल पते पर भेज दिया है।,3,2
"Thank you for visiting us, wish to serve you again. Have a safe flight!"," हमारे पास आने के लिए धन्यवाद, मैं फिर से आपकी सेवा करना चाहता हूं। एक सुरक्षित उड़ान की कामना करते हैं!",3,2
tq, टीक्यू,0,0
"Awesome! Here's what I've done as per your request, I changed your seat to middle and your new seat number will be g1. Hope that will be comfortable for you."," बहुत बढ़िया! यहाँ मैंने आपके अनुरोध के अनुसार क्या किया है, मैंने आपकी सीट को बीच में बदल दिया है और आपकी नई सीट संख्या g1 होगी। आशा है कि यह आपके लिए सुविधाजनक होगा।",3,2
smithbibin10@hotmail.com, smithbibin10@hotmail.com,0,0
Glad to help you. You can go through this website: www.pilotairlines.com in case any query and help us help you. Good day!,आपकी मदद करके प्रसन्नता हुई। आप इस वेबसाइट के माध्यम से जा सकते हैं: www.pilotairlines.com किसी भी प्रश्न के मामले में और आपकी सहायता करने में हमारी सहायता करें। अच्छा दिन!,3,2
YES THANK YOU, हाँ धन्यवाद,3,2
"Sure! May I know your last name?
", ज़रूर! क्या मैं आपका अंतिम नाम जान सकता हूँ?,2,0
You're welcome! Would there be anything else I may assist you with?,आपका स्वागत है! क्या कुछ और होगा जिसमें मैं आपकी सहायता कर सकूं?,3,2
thats all thanks a lot, यह सब बहुत बहुत धन्यवाद,3,2
"Hi, I would like to check my seat assignment for an upcoming flight."," नमस्ते, मैं आगामी उड़ान के लिए अपने सीट असाइनमेंट की जांच करना चाहता/चाहती हूं।",3,0
Which seat would you like to go for. A middle or an aisle?, आप किस सीट के लिए जाना चाहेंगे। एक बीच या एक गलियारा?,3,0
siva, शिव,0,0
Sure! May I please know if you'd like window seat or middle row seat?, ज़रूर! क्या मैं कृपया जान सकता हूँ कि आपको विंडो सीट चाहिए या मध्य पंक्ति की सीट?,3,0
"Thank you! As I've checked here on 14/08/2018, we have British airways and Delta airways operating on that day. May I know which one you would prefer?"," आपको धन्यवाद! जैसा कि मैंने यहां 14/08/2018 को चेक किया है, उस दिन हमारे पास ब्रिटिश एयरवेज और डेल्टा एयरवेज चल रहे हैं। क्या मैं जान सकता हूँ कि आप किसे पसंद करेंगे?",3,0
29-08-2018,29-08-2018,0,0
"Hello! You've been connected to StarAirlines, how may I assist you? ","नमस्ते! आप StarAirlines से जुड़े हुए हैं, मैं आपकी कैसे सहायता कर सकता हूँ?",3,0
okay thanks for you, ठीक है आपके लिए धन्यवाद,3,2
Welcome to PilotAirlines! You're talking to the Customer Executive! How may I help you today?, पायलट एयरलाइंस में आपका स्वागत है! आप ग्राहक कार्यकारी से बात कर रहे हैं! आज मैं आपकी कैसे मदद कर सकता हूँ?,3,0
That's fine, कोई बात नहीं,1,2
I apologize. Booking confirmation number is a 6 character code consisting of both numbers and letters. Please verify that and provide a valid code., मैं क्षमाप्रार्थी हूं। बुकिंग कन्फर्मेशन नंबर एक 6 कैरेक्टर का कोड होता है जिसमें नंबर और अक्षर दोनों होते हैं। कृपया इसे सत्यापित करें और एक मान्य कोड प्रदान करें।,3,1
KRD323, केआरडी323,0,0
Sure. I'll help you with that. Could you please provide your full name and the booking confirmation number?, ज़रूर। मैं इसमें आपकी मदद करूंगा। क्या आप कृपया अपना पूरा नाम और बुकिंग पुष्टिकरण संख्या प्रदान कर सकते हैं?,3,0
NOTHING THANK YOU, कुछ नहीं धन्यवाद,3,1
"Sir, I need my boarding pass. Please help me sir."," सर, मुझे अपना बोर्डिंग पास चाहिए। कृपया मेरी मदद करें सर।",3,0
OH PERFECT, ओह बिल्कुल सही,2,2
"I need to know about my seat assignment 
", मुझे अपने सीट असाइनमेंट के बारे में जानने की जरूरत है,2,0
ok no problem," ठीक, कोई समस्या नहीं",2,0
"hi,good morning", हाय सुप्रभात,3,0
Good morning! You've reached Flamingo customer services. How may I help you today?, सुबह बख़ैर! आप फ्लेमिंगो ग्राहक सेवा तक पहुँच चुके हैं। आज मैं आपकी कैसे मदद कर सकता हूँ?,3,0
please confirm me my seat number, कृपया मुझे मेरी सीट संख्या की पुष्टि करें,3,0
"Thank You! May I also know the 6 chartered booking confirmation number?
", धन्यवाद! क्या मैं 6 चार्टर्ड बुकिंग पुष्टिकरण संख्या भी जान सकता हूँ?,3,0
Wonderful! Please feel free to reach out to us for further queries. Have an amazing journey. Bye., अद्भुत! कृपया आगे के प्रश्नों के लिए हमसे बेझिझक संपर्क करें। एक अद्भुत यात्रा करें। अलविदा।,3,2
Hello. Welcome to Divehigh Airways. How may I help you?, नमस्ते। डाइवहाई एयरवेज में आपका स्वागत है। क्या मेरे द्वारा आपकी कोई सहायता हो सकती है?,3,0
I need your help for finding a flight from New York to North Dakota .. Will you assist me SPencer?, न्यू यॉर्क से नॉर्थ डकोटा के लिए उड़ान खोजने के लिए मुझे आपकी मदद की ज़रूरत है .. क्या आप मुझे स्पेंसर की सहायता करेंगे?,3,0
Phil, फिल,2,0
Could you please help me with the date on which you'd like to travel?,"जिस तारीख को आप यात्रा करना चाहते हैं, क्या आप कृपया मेरी मदद कर सकते हैं?",3,0
I need a boarding pass, मुझे बोर्डिंग पास चाहिए,1,0
"Thank you for staying connected, bala. I've sent the boarding pass to your email address. "," जुड़े रहने के लिए धन्यवाद, बाला। मैंने आपके ईमेल पते पर बोर्डिंग पास भेज दिया है।",3,2
hi, नमस्ते,2,0
"Hello there! Sky high customer services, How may I help you today?
"," नमस्ते! स्काई हाई कस्टमर सर्विसेज, मैं आज आपकी कैसे मदद कर सकता हूं?",3,0
Could you also help me with the booking confirmation number?, क्या आप बुकिंग कन्फर्मेशन नंबर में भी मेरी मदद कर सकते हैं?,3,0
Alright! On whose name would you like to book the tickets?, ठीक है! आप किसके नाम पर टिकट बुक करना चाहेंगे?,3,0
I'll help you out with that. May I know the departure city and the arrival city?, मैं इसमें आपकी मदद करूंगा। क्या मैं प्रस्थान शहर और आगमन शहर को जान सकता हूँ?,3,0
no thanks," जी नहीं, धन्यवाद",3,1
Alright! I've confirmed the seat A2 for you. Would there be anything else I may help you with?, ठीक है! मैंने आपके लिए सीट A2 की पुष्टि कर दी है। क्या कुछ और होगा जिसमें मैं आपकी मदद कर सकूं?,3,0
SHI256, SHI256,2,0
"Hello! Welcome to StarAirways customer service, how may I assist you?"," नमस्ते! StarAirways ग्राहक सेवा में आपका स्वागत है, मैं आपकी कैसे सहायता कर सकता हूँ?",3,0
sam@gmail.com, sam@gmail.com,0,0
ok thank you, ठीक है धन्यवाद,3,0
no thanks," जी नहीं, धन्यवाद",3,1
Sure. Could you please help me with your Last name and booking confirmation number?, ज़रूर। क्या आप कृपया अपने अंतिम नाम और बुकिंग पुष्टिकरण संख्या के साथ मेरी मदद कर सकते हैं?,3,0
"Could you please help me with a preferred date?  
",क्या आप कृपया मुझे एक पसंदीदा तारीख के साथ मदद कर सकते हैं?,3,0
"You're most welcome, is there anything else I could help you with?"," आपका बहुत-बहुत स्वागत है, क्या कुछ और है जिसमें मैं आपकी मदद कर सकता हूँ?",3,2
HAI, हाई,2,0
Surely'! I'll be happy to help you get that. Could you please help me with your last name and your booking confirmation number?, निश्चित रूप से'! मुझे इसे हासिल करने में आपकी मदद करने में खुशी होगी। क्या आप कृपया अपने अंतिम नाम और अपनी बुकिंग पुष्टिकरण संख्या के साथ मेरी मदद कर सकते हैं?,3,0
Great news! A window seat is available and I've successfully changed your seat. The seat number is H6. Would you need anything else?, बढ़िया खबर! एक विंडो सीट उपलब्ध है और मैंने आपकी सीट सफलतापूर्वक बदल दी है। सीट नंबर H6 है। क्या आपको कुछ और चाहिए होगा?,3,2
"Awesome! Ms. Chandra, Could you please share your booking confirmation number?"," बहुत बढ़िया! सुश्री चंद्रा, क्या आप कृपया अपनी बुकिंग पुष्टिकरण संख्या साझा कर सकती हैं?",3,2
hi good morning, हाय सुप्रभात,3,2
no thanks," जी नहीं, धन्यवाद",3,1
"Tabitha Johnson
", तबीथा जॉनसन,1,0
Yeah sure, हां यकीनन,2,0
I'll send you the boarding pass right away. May I know your full name and the booking confirmation number?, मैं आपको तुरंत बोर्डिंग पास भेजूंगा। क्या मैं आपका पूरा नाम और बुकिंग पुष्टिकरण संख्या जान सकता हूँ?,3,0
Hi, नमस्ते,2,0
Okay! Please allow me a moment while I go ahead and find the best deal for you.,ठीक! कृपया मुझे कुछ समय दें जब तक कि मैं आगे बढ़ूं और आपके लिए सबसे अच्छा सौदा ढूंढूं।,2,0
POL125, पीओएल125,0,0
y76t65, y76t65,0,0
NOTHING ELSE, और कुछ नहीं,2,0
email address is sachet3366@gmail.com, ईमेल पता sachet3366@gmail.com है,1,0
Alright! I've sent you the boarding pass on your email address and you'll receive it within 2-3 minutes., ठीक है! मैंने आपको आपके ईमेल पते पर बोर्डिंग पास भेज दिया है और आप इसे 2-3 मिनट के भीतर प्राप्त कर लेंगे।,2,2
"As I've checked with the resources, I see that the seat allotted to you is the aisle seat which is P0."," जैसा कि मैंने संसाधनों के साथ जांच की है, मैं देखता हूं कि आपको आवंटित सीट गलियारा सीट है जो P0 है।",2,0
I WANTS TO BOOK A TICKET FLIGHT, मैं एक टिकट उड़ान बुक करना चाहता हूँ,1,0
ok, ठीक है,2,0
For sure! May I know your last name and the booking confirmation number?,पक्का! क्या मैं आपका अंतिम नाम और बुकिंग पुष्टिकरण संख्या जान सकता हूँ?,2,0
I NEED A BOARDING PASS, मुझे एक बोर्डिंग पास चाहिए,1,0
my boarding pass, मेरा बोर्डिंग पास,1,0
YEAH THAT'S IT, हाँ यह बात है,2,0
Hai., हाय।,2,0
For sure! I'll help you with that. Could you please let me know your last name and the booking confirmation number?, पक्का! मैं इसमें आपकी मदद करूंगा। क्या आप कृपया मुझे अपना अंतिम नाम और बुकिंग पुष्टिकरण संख्या बता सकते हैं?,3,0
ok thanks, ठीक है धन्यवाद,3,0
can we change it to a window seat?, क्या हम इसे विंडो सीट में बदल सकते हैं?,0,0
"Absolutely! I'll be glad to help you in this, may I please know your last name?"," बिल्कुल! मुझे इसमें आपकी मदद करने में खुशी होगी, क्या मैं आपका उपनाम जान सकता हूँ?",3,2
OK, ठीक है,2,0
"Thank you for the details, kindly give me a minute. ","विवरण के लिए धन्यवाद, कृपया मुझे एक मिनट दें।",3,0
"Thank you.  The boarding pass has been sent to the email address provided. If you have any other queries regarding the travel, please feel free to get back to us."," शुक्रिया। बोर्डिंग पास दिए गए ईमेल पते पर भेज दिया गया है। यदि आपके पास यात्रा के संबंध में कोई अन्य प्रश्न हैं, तो कृपया बेझिझक हमसे संपर्क करें।",3,0
Yeah, हाँ,0,0
"I hope you have a great day ahead. Goodbye!
", मुझे आशा है कि आपके लिए आगे एक अच्छा दिन होगा। अलविदा!,3,2
Lovely! May I know your email address or contact number please?, प्यारा! क्या मैं आपका ईमेल पता या संपर्क नंबर जान सकता हूँ?,3,2
"Thank you! The seat number allotted to you is 25A. It's a window seat.
", आपको धन्यवाद! आपको आवंटित सीट संख्या 25A है। यह एक विंडो सीट है।,3,0
Thank you for staying on hold. I appreciate your patience. Your seat number is A9 and it is a window seat. Is there anything else that I may help you with?,रुके रहने के लिए धन्यवाद। मैं आपके धैर्य की सराहना करता हूँ। आपकी सीट का नंबर A9 है और यह विंडो सीट है। क्या कुछ और है जिसमें मैं आपकी मदद कर सकता हूं?,3,2
ok, ठीक है,2,0
Hello! Good morning. You've reached LMT Airways. How may I assist you today?, नमस्ते! सुबह बख़ैर। आप एलएमटी एयरवेज पहुंच गए हैं। आज मैं आपकी मदद किस तरह कर सकता हूँ?,3,0
Hi, नमस्ते,2,0
"Thank You! May I also know the 6 chartered booking confirmation number?
", धन्यवाद! क्या मैं 6 चार्टर्ड बुकिंग पुष्टिकरण संख्या भी जान सकता हूँ?,3,0
Welcome to PilotAirlines! You're talking to the Customer Executive! How may I help you today?, पायलट एयरलाइंस में आपका स्वागत है! आप ग्राहक कार्यकारी से बात कर रहे हैं! आज मैं आपकी कैसे मदद कर सकता हूँ?,3,0
"Sure, may I know your last name please?"," ज़रूर, क्या मैं आपका अंतिम नाम जान सकता हूँ?",3,0
"Good news! I've emailed your boarding pass, you can download and document. Is there anything else I may help you with?"," खुशखबरी! मैंने आपका बोर्डिंग पास ईमेल कर दिया है, आप डाउनलोड कर सकते हैं और दस्तावेज़ बना सकते हैं। क्या कुछ और है जिसमें मैं आपकी मदद कर सकता हूं?",3,2
Pleasure is all mine! Would there be anything else I may assist you with?, यह तो मेरा सौभाग्य है! क्या कुछ और होगा जिसमें मैं आपकी सहायता कर सकूं?,3,2
Bye, अलविदा,2,0
"Thank you for your help, Drew."," आपकी मदद के लिए धन्यवाद, ड्रू।",3,2
Hello there! You're talking to the Customer Executive from VS Airlines! How may I help you today?,नमस्ते! आप वीएस एयरलाइंस के ग्राहक कार्यकारी से बात कर रहे हैं! आज मैं आपकी कैसे मदद कर सकता हूँ?,3,0
YES, हां,2,2
OK THANKS, ठीक है धन्यवाद,3,2
Superb! It was my pleasure assisting you! Thank you so much for reaching out to us! I hope I've resolved all your queries! Happy journey! Just enjoy our services! Have a great day! Bubye! :), शानदार! आपकी सहायता करना मेरी खुशी थी! हमसे संपर्क करने के लिए आपका बहुत-बहुत धन्यवाद! मुझे आशा है कि मैंने आपके सभी प्रश्नों का समाधान कर दिया है! शुभ यात्रा! बस हमारी सेवाओं का आनंद लें! आपका दिन अच्छा रहे! बूबी! :),3,2
Alright Lexi! Could you help me with the booking confirmation number please?, ठीक है लेक्सी! क्या आप कृपया बुकिंग पुष्टिकरण संख्या के साथ मेरी मदद कर सकते हैं?,3,0
yES sorry, हाँ क्षमा करें,2,0
"Yes i ned my boarding pass, send to my mail : Stuard741@gmail.com"," हां मैंने अपना बोर्डिंग पास दिया है, मेरे मेल पर भेजें: Stuard741@gmail.com",2,0
Perfect! Please allow me a moment to check the details., उत्तम! कृपया मुझे विवरण की जांच करने के लिए कुछ समय दें।,3,2
BUT I WOULD LIKE TO CHANGE MY SEAT RILEY.. CAN YOU PLEASE DO IT AISLE SEAT, लेकिन मैं अपनी सीट रिले को बदलना चाहूंगा .. क्या आप कृपया इसे ऐलिस सीट कर सकते हैं,3,0
"I really appreciate for your patience, there's L3 (Middle) seat assigned to you. "," मैं वास्तव में आपके धैर्य की सराहना करता हूं, आपको एल3 (मध्य) सीट सौंपी गई है।",3,2
"Good morning! You've reached Alliance Airways Customer service, how may I help you?  "," सुबह बख़ैर! आप एलायंस एयरवेज ग्राहक सेवा तक पहुँच चुके हैं, मैं आपकी कैसे मदद कर सकता हूँ?",3,0
ok, ठीक है,2,0
nt56g6, एनटी56जी6,0,0
Thank you drew, धन्यवाद आकर्षित,3,2
793 849 0748 and wallace@gmail.com, 793 849 0748 और Wallace@gmail.com,0,0
Thank you for contacting us! Have a safe journey!, हमसे संपर्क करने के लिए धन्यवाद! आपकी यात्रा सुरक्षित हो!,3,2
okay thanks i check the mail, ठीक है धन्यवाद मैं मेल चेक करता हूँ,3,0
sure no problem, ठीक है कोई दिक्कत नहीं,2,0
"Thank you for your patience. You're assigned to the seat number H2, which is an aisle seat. Would you need anything else?"," आपके धैर्य के लिए धन्यवाद। आपको सीट नंबर H2 को सौंपा गया है, जो एक गलियारा सीट है। क्या आपको कुछ और चाहिए होगा?",3,2
Thanks Peterson! Could you please share your booking confirmation number too?, धन्यवाद पीटरसन! क्या आप कृपया अपनी बुकिंग पुष्टिकरण संख्या भी साझा कर सकते हैं?,3,2
"Good to hear from you, May! Could you please share the booking confirmation number?","आपसे सुनकर अच्छा लगा, मई! क्या आप कृपया बुकिंग पुष्टिकरण संख्या साझा कर सकते हैं?",3,2
nila, नीला,0,0
"Nothing else, Thank you for your Booking. Have a nice day to chat with you."," और कुछ नहीं, आपकी बुकिंग के लिए धन्यवाद। आपके साथ चैट करने के लिए एक अच्छा दिन है।",3,0
David.H, डेविड.हो,0,0
Hi, नमस्ते,3,0
I'll send you the boarding pass right away. May I know your full name and the booking confirmation number?, मैं आपको तुरंत बोर्डिंग पास भेजूंगा। क्या मैं आपका पूरा नाम और बुकिंग पुष्टिकरण संख्या जान सकता हूँ?,3,0
good bye, अलविदा,3,0
A very good morning! You've reached the Moon Airways customer service. How may I help you today?, एक बहुत अच्छी सुबह! आप मून एयरवेज ग्राहक सेवा तक पहुँच चुके हैं। आज मैं आपकी कैसे मदद कर सकता हूँ?,3,2
OK, ठीक है,2,0
Wonderful! May I know your name and the email address please?, अद्भुत! क्या मैं आपका नाम और ईमेल पता कृपया जान सकता हूँ?,3,2
riley@gmail.com, रिले@gmail.com,0,0
yes, हां,2,0
I'll help you out with that! May I know your full name and the booking confirmation number?, मैं इसमें आपकी मदद करूंगा! क्या मैं आपका पूरा नाम और बुकिंग पुष्टिकरण संख्या जान सकता हूँ?,3,0
"Surely, could you please help me with the booking confirmation number?"," निश्चित रूप से, क्या आप कृपया बुकिंग पुष्टिकरण संख्या के बारे में मेरी सहायता कर सकते हैं?",3,0
It was a pleasure assisting you. Have a great flight!, आपकी सहायता करना खुशी की बात थी। एक अच्छी उड़ान लो!,3,2
Davis, डेविस,0,0
okay sir, ठीक है श्रीमान,2,0
Robert I'd like to inform you that you've been allotted 9C which is a window seat., रॉबर्ट मैं आपको सूचित करना चाहता हूं कि आपको 9सी आवंटित किया गया है जो एक विंडो सीट है।,2,0
Could you also help me with the booking confirmation number?, क्या आप बुकिंग कन्फर्मेशन नंबर में भी मेरी मदद कर सकते हैं?,3,0
"Thank you! The seat number allotted to you is 25A. It's a window seat.
", आपको धन्यवाद! आपको आवंटित सीट संख्या 25A है। यह एक विंडो सीट है।,3,0
You're welcome! Would there be anything else I may assist you with?,आपका स्वागत है! क्या कुछ और होगा जिसमें मैं आपकी सहायता कर सकूं?,3,2
"Dear user, please read the instructions provided to you and reply accordingly."," प्रिय उपयोगकर्ता, कृपया आपको दिए गए निर्देशों को पढ़ें और तदनुसार उत्तर दें।",2,0
Any date between September 10th to 15th would be fine, 10 सितंबर से 15 सितंबर के बीच कोई भी तारीख ठीक रहेगी,1,0
"Nice to meet you, Robb! Could you please help me with the booking confirmation number?"," आपसे मिलकर अच्छा लगा, रॉब! क्या आप कृपया बुकिंग पुष्टिकरण संख्या के बारे में मेरी सहायता कर सकते हैं?",3,2
"Thank you! As I've checked here on 14/08/2018, we have British airways and Delta airways operating on that day. May I know which one you would prefer?"," आपको धन्यवाद! जैसा कि मैंने यहां 14/08/2018 को चेक किया है, उस दिन हमारे पास ब्रिटिश एयरवेज और डेल्टा एयरवेज चल रहे हैं। क्या मैं जान सकता हूँ कि आप किसे पसंद करेंगे?",3,0
Thanks Tim! I highly appreciate your patience. Give me a moment I'll go ahead and help you with your query., धन्यवाद टिम! मैं आपके धैर्य की अत्यधिक सराहना करता हूं। मुझे एक क्षण दें मैं आगे बढ़ूंगा और आपके प्रश्न में आपकी सहायता करूंगा।,3,2
"Done. Your new seat number is 18D. Which is an aisle seat.
", पूर्ण। आपका नया सीट नंबर 18D है। जो एक गलियारा सीट है।,2,0
Thank you for waiting. Your patience is greatly appreciated. Your seat number is B3 and it is an aisle. Is there anything else I might help you with?, प्रतीक्षा के लिए धन्यवाद। आपके धैर्य की बहुत सराहना की जाती है। आपकी सीट संख्या B3 है और यह एक गलियारा है। क्या कुछ और है जिसमें मैं आपकी मदद कर सकता हूं?,3,2
seat assignment and decide to change it., सीट असाइनमेंट और इसे बदलने का फैसला करें।,0,0
"Okay, great! I'll try getting flights for you under $300. How many tickets would you want to book?", ठीक है बढ़िया! मैं आपके लिए $300 से कम की फ़्लाइट लेने की कोशिश करूँगा। आप कितने टिकट बुक करना चाहेंगे?,3,2
ok, ठीक है,2,0
I'll provide you with the boarding pass. Could you help me out with your full name and the booking confirmation number?, मैं आपको बोर्डिंग पास प्रदान करूंगा। क्या आप अपना पूरा नाम और बुकिंग पुष्टिकरण नंबर के साथ मेरी मदद कर सकते हैं?,3,0
ok, ठीक है,2,0
no thanks," जी नहीं, धन्यवाद",3,1
i want ask for my boarding pass, मुझे अपना बोर्डिंग पास मांगना है,2,0
Hello! You've been connected to StarAirwyas. How may I assist you?, नमस्ते! आप StarAirwyas से जुड़ चुके हैं। मैं आपकी कैसे सहायता कर सकता हूँ?,3,0
I'll send you the boarding pass right away. May I know your full name and the booking confirmation number?, मैं आपको तुरंत बोर्डिंग पास भेजूंगा। क्या मैं आपका पूरा नाम और बुकिंग पुष्टिकरण संख्या जान सकता हूँ?,3,0
i wants to book a flight, मैं एक उड़ान बुक करना चाहता हूँ,1,0
chennai to mumbi, चेन्नई से मुंबई,0,0
"Appreciate your patience! Your seat is 15 A, window seat. Anything else I may help you with?"," अपने धैर्य की सराहना! आपकी सीट 15 ए, विंडो सीट है। कुछ और मैं आपकी मदद कर सकता हूँ?",2,2
Thanks! I've sent you an the boarding pass on your email. I hope this will be helpful., धन्यवाद! मैंने आपको आपके ईमेल पर एक बोर्डिंग पास भेजा है। मुझे उम्मीद है कि ये मददगार होगा।,3,2
Hello, नमस्ते,2,0
HI GOOD MORNING, हाय सुप्रभात,3,0
I need a boarding pass, मुझे बोर्डिंग पास चाहिए,1,0
Amazing! Please allow me a moment to process your request.,अद्भुत! कृपया मुझे आपके अनुरोध को संसाधित करने के लिए कुछ समय दें।,2,2
chennai delhi, चेन्नई दिल्ली,2,0
I hope that all your queries are cleared?, मुझे आशा है कि आपके सभी प्रश्नों का समाधान हो गया होगा?,3,0
Martina could you also help me out with your email address for the boarding pass to be sent to you?, मार्टिना क्या आप मुझे बोर्डिंग पास भेजने के लिए अपने ईमेल पते के साथ मेरी मदद कर सकते हैं?,3,0
Hey there! Good morning. You're connected to LMT Airways. How may I help you?, सुनो! सुबह बख़ैर। आप एलएमटी एयरवेज से जुड़े हैं। क्या मेरे द्वारा आपकी कोई सहायता हो सकती है?,3,0
Oct 1 2018,Oct 1 2018,0,0
Great! Will there be anything else I may assist you in?, महान! क्या कुछ और होगा जिसमें मैं आपकी सहायता कर सकूं?,3,2
Nice! According to your preferences we have United Airways for $600 at 8:15 A.M to 2:10 P.M and Turkish Airways for $550 at 11:00 P.M to 4:35 A.M. May I know which one would you prefer?, अच्छा! आपकी प्राथमिकताओं के अनुसार हमारे पास युनाइटेड एयरवेज $600 में सुबह 8:15 बजे से दोपहर 2:10 बजे तक और टर्किश एयरवेज $550 में 11:00 बजे से 4:35 पूर्वाह्न तक है। क्या मैं जान सकता हूँ कि आप किसे पसंद करेंगे?,3,0
ok great, ठीक है अच्छा है,2,2
Hello! You've been connected to StarAirways customer service! How may I assist you today?, नमस्ते! आप StarAirways ग्राहक सेवा से जुड़ चुके हैं! आज मैं आपकी मदद किस तरह कर सकता हूँ?,3,0
hello, नमस्ते,2,0
"Okay, please may I know your name?"," ठीक है, क्या मैं आपका नाम जान सकता हूँ?",3,0
"Sorry to keep you waiting, your seat number is 2D and it is a middle row seat, is that okay?"," आपको प्रतीक्षा करने के लिए क्षमा करें, आपकी सीट संख्या 2D है और यह एक मध्य पंक्ति की सीट है, क्या यह ठीक है?",3,0
no thanks," जी नहीं, धन्यवाद",3,1
Sure! May I know your last name and the booking confirmation number?, ज़रूर! क्या मैं आपका अंतिम नाम और बुकिंग पुष्टिकरण संख्या जान सकता हूँ?,2,0
"You're welcome! Thank you for visiting us, wish to serve you again. Have a safe flight!"," आपका स्वागत है! हमारे पास आने के लिए धन्यवाद, मैं फिर से आपकी सेवा करना चाहता हूं। एक सुरक्षित उड़ान की कामना करते हैं!",3,2
Sure! let me look upon the window seats available for you., ज़रूर! मुझे आपके लिए उपलब्ध विंडो सीटों को देखने दें।,2,0
Alright Inba! Could you help me with the booking confirmation number please?, ठीक है इंबा! क्या आप कृपया बुकिंग पुष्टिकरण संख्या के साथ मेरी मदद कर सकते हैं?,3,0
hi, नमस्ते,2,0
i went to know my seat no, मैं अपनी सीट नंबर जानने के लिए गया था,2,0
Good news! A middle seat is available and I've successfully changed you to the seat. Now you're presently seated on B7. Is there anything else?, खुशखबरी! बीच की सीट उपलब्ध है और मैंने आपको सीट पर सफलतापूर्वक बदल दिया है। अब आप वर्तमान में B7 पर बैठे हैं। क्या कुछ और है?,3,2
okay, ठीक है,2,0
Pleasure's mine. Please go through this website: www.pilotairlines.com in case of any query and help us help you. Good day!,आनंद मेरा है। कृपया इस वेबसाइट को देखें: www.pilotairlines.com किसी भी प्रश्न के मामले में और आपकी सहायता करने में हमारी सहायता करें। अच्छा दिन!,3,2
I NEED A BOARDING PASS, मुझे एक बोर्डिंग पास चाहिए,1,0
Hello. I'd like to check my seat assignment., नमस्ते। मैं अपने सीट असाइनमेंट की जांच करना चाहता/चाहती हूं.,3,0
jessly, jessly,0,0
"Sure! I'll be glad to help you in this, may I please know the date and time you'd like to travel?"," ज़रूर! इसमें आपकी मदद करने में मुझे खुशी होगी, क्या मैं कृपया वह तारीख और समय जान सकता हूं, जिसमें आप यात्रा करना चाहते हैं?",3,0
my last name is pandi and my confirmation no asa400, मेरा अंतिम नाम पांडी है और मेरी पुष्टि संख्या asa400,2,0
"I need to Check my Seat assignment, can you help me on that ?"," मुझे अपना सीट असाइनमेंट चेक करना है, क्या आप इसमें मेरी मदद कर सकते हैं?",3,0
ok, ठीक है,2,0
i want to know my seat no, मुझे अपना सीट नंबर जानना है,2,0
Fantastic! The pass shall be sent to you shortly. Anything else I may help you with?, ज़बरदस्त! पास आपको शीघ्र ही भेजा जाएगा। कुछ और मैं आपकी मदद कर सकता हूँ?,3,2
"Great! Thank you so much for being patient and baring with me. I hope you have a safe journey, Have a amazing time on the fight. I hope you have a great day ahead! Goodbye."," महान! सब्र रखने और मेरे साथ बने रहने के लिए आपका बहुत-बहुत धन्यवाद। मुझे आशा है कि आपके पास एक सुरक्षित यात्रा है, लड़ाई पर एक अद्भुत समय है। मुझे आशा है कि आपके आगे एक अच्छा दिन होगा! अलविदा।",3,2
BYEE, अलविदा,2,0
"As there is no query, I am forced to end the chat."," जैसा कि कोई प्रश्न नहीं है, मुझे चैट समाप्त करने के लिए मजबूर किया गया है।",1,1
hi, नमस्ते,2,0
arul143@gmail.com, arul143@gmail.com,0,0
"I hope you have a great day ahead. Goodbye!
", मुझे आशा है कि आपके लिए आगे एक अच्छा दिन होगा। अलविदा!,3,2
Great Morning, बहुत अच्छी सुबह,3,2
Sure! We are here to assist you in the best possible way! Could you please help me with your departure city and the destination city?, ज़रूर! हम यहां आपकी सर्वोत्तम संभव तरीके से सहायता करने के लिए हैं! क्या आप कृपया मुझे अपने प्रस्थान शहर और गंतव्य शहर में मदद कर सकते हैं?,3,2
boarding pass to be sent to your email address or phone number., बोर्डिंग पास आपके ईमेल पते या फोन नंबर पर भेजा जाना है।,1,0
"Norcross, GA
 to Hanover, PA
"," नॉरक्रॉस, जीए से हनोवर, पीए",1,0
m09m78, एम09एम78,0,0
FROM ORLANDO TO NEW YORK, ऑरलैंडो से न्यूयॉर्क तक,0,0
I NEED 1 TICKET FOR DELHI, मुझे दिल्ली के लिए 1 टिकट चाहिए,2,0
Could you please elaborate your query?, क्या आप कृपया अपनी क्वेरी विस्तृत कर सकते हैं?,3,0
"Hey, As I can check here, you are assigned the window seat and the number is P5. I hope enjoy our services."," अरे, जैसा कि मैं यहां देख सकता हूं, आपको विंडो सीट दी गई है और नंबर P5 है। मुझे आशा है कि हमारी सेवाओं का आनंद लें।",3,0
For sure! I'll be glad to assist you with that. Could you please let me know your last name and the booking confirmation number?,पक्का! मुझे इसमें आपकी सहायता करने में खुशी होगी। क्या आप कृपया मुझे अपना अंतिम नाम और बुकिंग पुष्टिकरण संख्या बता सकते हैं?,3,0
"Hello there, how may I assist you today?
"," नमस्ते, मैं आज आपकी कैसे सहायता कर सकता हूँ?",3,0
Thank you for your help!, आपके सहयोग के लिए धन्यवाद!,3,2
9 Persons., 9 व्यक्ति।,0,0
You're welcome! Would there be anything else I may assist you with?,आपका स्वागत है! क्या कुछ और होगा जिसमें मैं आपकी सहायता कर सकूं?,3,2
"Surely, I'll require the booking confirmation number to help you further."," निश्चित रूप से, आगे आपकी सहायता करने के लिए मुझे बुकिंग पुष्टिकरण संख्या की आवश्यकता होगी।",2,0
I need a boarding pass, मुझे बोर्डिंग पास चाहिए,1,0
Goodbye! :), अलविदा! :),2,0
"All right, I hope I've answered all your questions, Would there be anything else I may help you with?"," ठीक है, मुझे आशा है कि मैंने आपके सभी प्रश्नों का उत्तर दे दिया है, क्या कुछ और होगा जिसमें मैं आपकी सहायता कर सकूं?",3,0
hai, हाय,2,0
I need to my  seat assignment, मुझे अपने सीट असाइनमेंट की आवश्यकता है,2,0
hi, नमस्ते,2,0
it's enough, बहुत हो गया,1,0
"Hello! You've reached StarAirways customer service, how may I assist you today?"," नमस्ते! आप StarAirways ग्राहक सेवा तक पहुँच चुके हैं, मैं आज आपकी कैसे सहायता कर सकता हूँ?",3,0
Thx a lot!, बहुत धन्यवाद!,2,0
MY NAME IS SARATH, मेरा नाम सारथी है,2,0
Thanks Janu! Could you please share your booking confirmation number?, धन्यवाद जानू! क्या आप कृपया अपनी बुकिंग पुष्टिकरण संख्या साझा कर सकते हैं?,3,2
ok prefer, ठीक है पसंद करें,2,0
Yes it is edwardjones@yahoo.com, हाँ यह edwardjones@yahoo.com है,2,0
Okay that's all. bye, ठीक है बस इतना ही। अलविदा,2,0
Sure! You're welcome! Would there be anything else I may assist you with?, ज़रूर! आपका स्वागत है! क्या कुछ और होगा जिसमें मैं आपकी सहायता कर सकूं?,3,2
"I've changed and confirmed the seat for you, is there anything else I could help you with?"," मैंने आपके लिए सीट बदल दी है और कन्फर्म कर दिया है, क्या कोई और चीज है जिसमें मैं आपकी मदद कर सकता हूं?",3,0
"Good morning! You've reached Alliance Airways Customer service, how may I help you?  "," सुबह बख़ैर! आप एलायंस एयरवेज ग्राहक सेवा तक पहुँच चुके हैं, मैं आपकी कैसे मदद कर सकता हूँ?",3,0
You're always welcome! Please do reach out to us in case of further queries. Have a great day ahead!, आपका हमेशा स्वागत है! कृपया आगे के प्रश्नों के मामले में हमसे संपर्क करें। आगे एक महान दिन हो!,3,2
"Good to hear from you, Muthuraja! Could you please share the booking confirmation number?","आपसे सुनकर अच्छा लगा, मुथुराजा! क्या आप कृपया बुकिंग पुष्टिकरण संख्या साझा कर सकते हैं?",3,2
Hello! Good morning! Welcome to Sky Airway Customer Service! How may I help you today?, नमस्ते! सुबह बख़ैर! स्काई एयरवे ग्राहक सेवा में आपका स्वागत है! आज मैं आपकी कैसे मदद कर सकता हूँ?,3,0
Absolutely! Could you please help me with your Departure and Arrival city?, बिल्कुल! क्या आप कृपया अपने प्रस्थान और आगमन शहर में मेरी मदद कर सकते हैं?,3,0
Alright Maten! Could you help me with the booking confirmation number please?, ठीक है मतेन! क्या आप कृपया बुकिंग पुष्टिकरण संख्या के साथ मेरी मदद कर सकते हैं?,3,0
"Okay, how many tickets would you like to book?"," ठीक है, आप कितने टिकट बुक करना चाहेंगे?",3,0
Would there be anything else I may assist you with?, क्या कुछ और होगा जिसमें मैं आपकी सहायता कर सकूं?,2,0
"Surely, could you please help me with the booking confirmation number?"," निश्चित रूप से, क्या आप कृपया बुकिंग पुष्टिकरण संख्या के बारे में मेरी सहायता कर सकते हैं?",3,0
"Hello there! Sky high customer services, How may I help you today?"," नमस्ते! स्काई हाई कस्टमर सर्विसेज, मैं आज आपकी कैसे मदद कर सकता हूं?",3,0
Alright! Could you please share your email address?, ठीक है! क्या आप कृपया अपना ईमेल पता साझा कर सकते हैं?,3,0
no thanks," जी नहीं, धन्यवाद",3,1
"You're welcome! Thank you for visiting us, wish to serve you again. Have a nice time!"," आपका स्वागत है! हमारे पास आने के लिए धन्यवाद, मैं फिर से आपकी सेवा करना चाहता हूं। आशा है आपका समय अच्छा बीते!",3,2
"Alright! In order to place your booking, I'll need to know your Full name and mail id. Kindly provide me the same."," ठीक है! आपकी बुकिंग करने के लिए, मुझे आपका पूरा नाम और मेल आईडी जानना होगा। कृपया मुझे वही प्रदान करें।",3,0
"Thank you! The seat number allotted to you is 25A. It's a window seat.
'", आपको धन्यवाद! आपको आवंटित सीट संख्या 25A है। यह एक विंडो सीट है। ',3,0
Thanks for being patient! I'd like to inform you that the best deal I found for you is with American airways on 5 September 2018 which is at 6:00 A.M to 1:25 P.M for $120 per person. Would you like to take that?," धैर्य रखने के लिए धन्यवाद! मैं आपको सूचित करना चाहता हूं कि मुझे आपके लिए सबसे अच्छा सौदा 5 सितंबर 2018 को अमेरिकन एयरवेज के साथ मिला, जो प्रति व्यक्ति $120 के लिए सुबह 6:00 बजे से दोपहर 1:25 बजे तक है। क्या आप इसे लेना चाहेंगे?",3,2
ok, ठीक है,2,0
Good morning! You've reached Flamingo customers service. How may I help you today?, सुबह बख़ैर! आप फ्लेमिंगो ग्राहक सेवा तक पहुँच चुके हैं। आज मैं आपकी कैसे मदद कर सकता हूँ?,3,1
Great news! A window seat is available on the second row and I've successfully changed your seat to B2. Is this okay?, बढ़िया खबर! दूसरी पंक्ति में एक विंडो सीट उपलब्ध है और मैंने आपकी सीट को सफलतापूर्वक B2 में बदल दिया है। यह ठीक है?,3,2
kavin, कविन,2,0
Do you want your seat to be changed?, क्या आप चाहते हैं कि आपकी सीट बदली जाए?,1,0
"I hope you have a great day ahead. Goodbye!
", मुझे आशा है कि आपके लिए आगे एक अच्छा दिन होगा। अलविदा!,3,2
"Nope, that's it!"," नहीं, बस!",2,0
Thanks Jamuna! Could you please let me know your booking confirmation nmber?, धन्यवाद जमुना! क्या आप कृपया मुझे अपनी बुकिंग पुष्टिकरण संख्या बता सकते हैं?,3,2
Thank you for your patience. As per the confirmation number. You're assigned a window seat which is T9. Would you like to make any changes to that?,आपके धैर्य के लिए धन्यवाद। पुष्टिकरण संख्या के अनुसार। आपको एक विंडो सीट दी गई है जो T9 है। क्या आप इसमें कोई बदलाव करना चाहेंगे?,3,2
i want to know my seat no, मुझे अपना सीट नंबर जानना है,2,0
yes, हां,2,0
"that's all, bye!"," बस इतना ही, अलविदा!",2,0
That's all thank you, बस आपका धन्यवाद,3,0
dd56t5, डीडी56t5,0,0
ok, ठीक है,2,0
"Perfect! Thank you for that! Could you please allow me a moment, while I get this done for you?"," उत्तम! उसके लिये आपका धन्यवाद! क्या आप कृपया मुझे एक क्षण की अनुमति दे सकते हैं, जबकि मैं यह आपके लिए करवाता हूं?",3,2
i need seat assignment, मुझे सीट असाइनमेंट चाहिए,1,0
Awesome! Would you like to travel in a economy class or a business class?, बहुत बढ़िया! क्या आप इकोनॉमी क्लास या बिजनेस क्लास में यात्रा करना चाहेंगे?,3,2
OK BYE, चलो बाय,2,0
number, संख्या,0,0
Superb! I've changed your seat from A9 to B2. Would that be all?, शानदार! मैंने आपकी सीट A9 से B2 में बदल दी है। क्या वह सब होगा?,3,2
name thaya, नाम थाया:,2,0
Sure! I'd be glad to help you with that. May I know your last name please?, ज़रूर! मुझे इसमें आपकी मदद करने में खुशी होगी। क्या मैं आपका अंतिम नाम जान सकता हूँ?,3,0
please check my seat assignment, कृपया मेरे सीट असाइनमेंट की जांच करें,3,0
I am Jackson Wales. Nice meeting you, मैं जैक्सन वेल्स हूं। आप से मिल कर अच्छा लगा,3,2
02-09-2018,02-09-2018,0,0
"Hello there, how may I assist you today?
"," नमस्ते, मैं आज आपकी कैसे सहायता कर सकता हूँ?",3,0
Awesome! The seat number allotted to you is H2 which is the aisle seat., बहुत बढ़िया! आपको आवंटित सीट संख्या H2 है जो कि गलियारे की सीट है।,3,2
Awesome! May I know the your mail id or phone number?, बहुत बढ़िया! क्या मैं आपकी मेल आईडी या फोन नंबर जान सकता हूं?,3,2
Hai., हाय।,2,0
Would there be anything else I may assist you with?, क्या कुछ और होगा जिसमें मैं आपकी सहायता कर सकूं?,2,0
Absolutely! I'll be glad to help you. Please may I know your name?, बिल्कुल! मुझे आपकी मदद करने में खुशी होगी। कृपया क्या मैं आपका नाम जान सकता हूँ?,3,2
Definitely! I'll help you get that as well. May I know your email address please?, निश्चित रूप से! मैं आपको इसे प्राप्त करने में भी मदद करूंगा। क्या मैं आपका ईमेल पता कृपया जान सकता हूँ?,3,2
D458X8, D458X8,0,0
"Awesome, Mr. Aaron you might have got the booking confirmation number, Could you please share that with me?"," बहुत बढ़िया, श्रीमान हारून आपको बुकिंग पुष्टिकरण नंबर मिल गया होगा, क्या आप कृपया इसे मेरे साथ साझा कर सकते हैं?",3,0
Thank you so much for your help today Spencer, आज आपकी मदद के लिए बहुत-बहुत धन्यवाद स्पेंसर,3,2
Okay, ठीक,2,2
hello Drew are you ther, हैलो ड्रू क्या आप वहां हैं,3,0
hhy787, हाय787,2,0
Thanks for your hlep., आपकी मदद के लिए धन्यवाद।,3,2
CHECK MY SEAT, मेरी सीट जांचें,0,0
ok, ठीक है,2,0
hi, नमस्ते,2,0
No you made a mistake I asked you to send boarding pass to my phone number but you asked my email id," नहीं, आपने गलती की है मैंने आपको अपने फोन नंबर पर बोर्डिंग पास भेजने के लिए कहा था लेकिन आपने मेरी ईमेल आईडी पूछी थी",2,1
no thank you, नहीं धन्यवाद,3,1
Thanks! I'd like to inform you that the confirmation link has been sent to your email address you may make the payment and confirm your booking.,"धन्यवाद! मैं आपको सूचित करना चाहता हूं कि पुष्टिकरण लिंक आपके ईमेल पते पर भेज दिया गया है, आप भुगतान कर सकते हैं और अपनी बुकिंग की पुष्टि कर सकते हैं।",3,2
Okay! Please allow me a moment while I go ahead and find the best deal for you.,ठीक! कृपया मुझे कुछ समय दें जब तक कि मैं आगे बढ़ूं और आपके लिए सबसे अच्छा सौदा ढूंढूं।,2,0
Alright! I've confirmed the seat I0 for you. Would there be anything else I may help you with?,ठीक है! मैंने आपके लिए सीट I0 की पुष्टि कर दी है। क्या कुछ और होगा जिसमें मैं आपकी मदद कर सकूं?,3,0
goa to chennai, गोवा से चेन्नई,0,0
Thank you for sharing the details. Please provide me your phone number or email address to send the boarding pass., विवरण साझा करने के लिए धन्यवाद। बोर्डिंग पास भेजने के लिए कृपया मुझे अपना फोन नंबर या ईमेल पता प्रदान करें।,3,0
You're welcome. Should I go ahead and confirm the seat for you?, आपका स्वागत है। क्या मुझे आगे बढ़कर आपके लिए सीट की पुष्टि करनी चाहिए?,3,0
STELLA RYA, स्टेला रिया,0,0
"Could you please help me with your email address, so that I can send you your boarding pass?"," क्या आप कृपया मुझे अपने ईमेल पते में मदद कर सकते हैं, ताकि मैं आपको अपना बोर्डिंग पास भेज सकूं?",3,0
"Thank you for staying connected, there's L3 (Middle) seat assigned to you. "," जुड़े रहने के लिए धन्यवाद, आपको एल3 (मध्य) सीट सौंपी गई है।",3,0
"Awesome! Thank you for the details, please give me a minute to proceed further. "," बहुत बढ़िया! विवरण के लिए धन्यवाद, कृपया मुझे आगे बढ़ने के लिए एक मिनट दें।",3,2
thans thats it, थैंक्स दैट इट,1,0
su76s9, सु76एस9,0,0
Glad to help you. You can go through this website: www.pilotairlines.com in case any query and help us help you. Good day!,आपकी मदद करके प्रसन्नता हुई। आप इस वेबसाइट के माध्यम से जा सकते हैं: www.pilotairlines.com किसी भी प्रश्न के मामले में और आपकी सहायता करने में हमारी सहायता करें। अच्छा दिन!,3,2
i wants to book a ticket flight, मैं एक टिकट उड़ान बुक करना चाहता हूँ,1,0
"Cristian Mckenzie
", क्रिस्टियन मैकेंज़ी,2,0
"Surely! I'll check the available and the best flights for you, please allow me a moment to proceed further."," निश्चित रूप से! मैं आपके लिए उपलब्ध और सर्वोत्तम उड़ानों की जाँच करूँगा, कृपया मुझे आगे बढ़ने के लिए कुछ समय दें।",2,0
Have a good day!, आपका दिन शुभ हो!,2,2
economy class, किफायती वर्ग,1,0
Could you also help me with the booking confirmation number?, क्या आप बुकिंग कन्फर्मेशन नंबर में भी मेरी मदद कर सकते हैं?,3,0
All right. Please do visit us again for further bookings or any other queries. Have a good day. Bye., ठीक है। कृपया आगे की बुकिंग या किसी अन्य प्रश्न के लिए हमें फिर से देखें। आपका दिन शुभ हो। अलविदा।,3,0
No.Thank you so much for your help., नहीं।आपकी मदद के लिए बहुत-बहुत धन्यवाद।,3,2
"Awesome! Thanks for reaching out to us, hope you have a wonderful trip ahead. "," बहुत बढ़िया! हमसे संपर्क करने के लिए धन्यवाद, आशा है कि आपकी आगे की यात्रा शानदार रही होगी।",3,2
i need a boarding pass, मुझे बोर्डिंग पास चाहिए,1,0
Sure I am Jane and my booking number is J1S8L3, निश्चित रूप से मैं जेन हूं और मेरा बुकिंग नंबर J1S8L3 है,2,0
Alright! Your boarding pass shall be sent to you in sometime. Anything else you'd like to know?,ठीक है! आपका बोर्डिंग पास कुछ ही समय में आपको भेज दिया जाएगा। कुछ और जो आप जानना चाहेंगे?,2,0
Thank you for staying connected. You're assigned to seat number T5 which is an aisle seat. Would you need anything else?, जुड़े रहने के लिए धन्यवाद। आपको सीट नंबर T5 सौंपा गया है जो एक गलियारा सीट है। क्या आपको कुछ और चाहिए होगा?,3,2
nd46j7, एनडी46जे7,0,0
NOTHING ELSE, और कुछ नहीं,2,0
OK, ठीक है,2,0
i want to know my seat, मैं अपनी सीट जानना चाहता हूँ,2,0
Thank you for sharing the details. I see that you have booked the middle seat in the Spicejet airways and the seat number is D3. Is there anything else I may help you with?, विवरण साझा करने के लिए धन्यवाद। मैंने देखा कि आपने स्पाइसजेट एयरवेज में बीच की सीट बुक कर ली है और सीट संख्या डी3 है। क्या कुछ और है जिसमें मैं आपकी मदद कर सकता हूं?,3,0
OK, ठीक है,2,0
ok, ठीक है,2,0
Kindly send the boarding pass to above number, कृपया उपरोक्त नंबर पर बोर्डिंग पास भेजें,3,0
NAME - PRATIK RAJ, नाम - प्रतीक राज,0,0
i need a boarting pass, मुझे बोटिंग पास चाहिए,1,0
hai, हाय,2,0
"Sure! May I know your last name?
", ज़रूर! क्या मैं आपका अंतिम नाम जान सकता हूँ?,2,0
Definitely! I'd be glad to help you with that. Could you please help me with the departure and arrival city?, निश्चित रूप से! मुझे इसमें आपकी मदद करने में खुशी होगी। क्या आप कृपया मुझे प्रस्थान और आगमन शहर में मदद कर सकते हैं?,3,2
"Wonderful! Well Mr.Henry. , your booking as been confirmed and your seat number is K12 which is a window seat, Is that okay for you?"," अद्भुत! खैर श्रीमान हेनरी। , आपकी बुकिंग की पुष्टि हो गई है और आपकी सीट संख्या K12 है जो एक विंडो सीट है, क्या यह आपके लिए ठीक है?",3,2
"And, could you also share your seat number please?"," और, क्या आप कृपया अपना सीट नंबर भी साझा कर सकते हैं?",3,0
NB78RE, NB78RE,0,0
Awesome! I've sent you the boarding pass on your email. You'll receive it within 2-3 minutes. I hope this helps., बहुत बढ़िया! मैंने आपको आपके ईमेल पर बोर्डिंग पास भेज दिया है। आप इसे 2-3 मिनट के भीतर प्राप्त कर लेंगे। आशा है कि ये आपकी मदद करेगा।,3,2
Could you also help me out with your full name?, क्या आप अपना पूरा नाम बताकर भी मेरी मदद कर सकते हैं?,3,0
Good morning! You've reached Flamingo customers service. How may I help you today?, सुबह बख़ैर! आप फ्लेमिंगो ग्राहक सेवा तक पहुँच चुके हैं। आज मैं आपकी कैसे मदद कर सकता हूँ?,3,1
"Sure, Allow me for a moment, while I check for the availability."," ज़रूर, मुझे एक पल के लिए अनुमति दें, जबकि मैं उपलब्धता की जाँच करूँ।",2,0
09/20/2018, 09/20/2018,0,0
my seat assignment, मेरी सीट असाइनमेंट,1,0
marlia, मार्लिया,0,0
ok thanks, ठीक है धन्यवाद,3,0
For sure! I'll help you with that. Could you please let me know your last name and the booking confirmation number?, पक्का! मैं इसमें आपकी मदद करूंगा। क्या आप कृपया मुझे अपना अंतिम नाम और बुकिंग पुष्टिकरण संख्या बता सकते हैं?,3,0
"Awesome! Thanks for reaching out to us, hope you have a wonderful trip ahead. "," बहुत बढ़िया! हमसे संपर्क करने के लिए धन्यवाद, आशा है कि आपकी आगे की यात्रा शानदार रही होगी।",3,2
Yes, हाँ,2,0
okey, शाबाशी,2,0
"Sure, I'll help you get that as well. May I know your email address please?"," ज़रूर, मैं उसे पाने में भी आपकी मदद करूँगा। क्या मैं आपका ईमेल पता कृपया जान सकता हूँ?",3,0
"yes ok for that, thank you"," हाँ उसके लिए ठीक है, धन्यवाद",3,2
hi, नमस्ते,2,0
08/30/2018,08/30/2018,0,0
Superb! May I know your name and the email address please?, शानदार! क्या मैं आपका नाम और ईमेल पता कृपया जान सकता हूँ?,3,2
my name is james, मेरा नाम जेम्स है,1,0
Perfect! May I please have a moment to check the details., उत्तम! क्या मुझे विवरण की जांच करने के लिए कुछ समय मिल सकता है।,3,2
A very good morning! You've reached the Moon Airways customer service. How may I help you today?, एक बहुत अच्छी सुबह! आप मून एयरवेज ग्राहक सेवा तक पहुँच चुके हैं। आज मैं आपकी कैसे मदद कर सकता हूँ?,3,2
Thanks, धन्यवाद,3,2
Thank you for reaching out to us. Have a memorable journey. Bye., हमसे संपर्क की पहल के लिए आपका धन्यवाद। यादगार यात्रा हो। अलविदा।,3,2
"Jeanni Erunte, jeannierunte56@yahoo.com"," जेनी एरुन्ते, jeannierunte56@yahoo.com",2,0
I preferred United Airways for $600 at 8:15 A.M to 2:10 P.M, मैंने युनाइटेड एयरवेज को $600 में सुबह 8:15 बजे से दोपहर 2:10 बजे तक पसंद किया,1,0
"Thank you very much, Thiya for the details. The confirmation link will be sent to the email address shortly. Is there anything else I could help you with?"," बहुत बहुत धन्यवाद, विवरण के लिए थिया। पुष्टिकरण लिंक शीघ्र ही ईमेल पते पर भेजा जाएगा। क्या कुछ और है जिसमें मैं आपकी मदद कर सकता हूं?",3,2
"Hello there! Sky high customer services, How may I help you today?"," नमस्ते! स्काई हाई कस्टमर सर्विसेज, मैं आज आपकी कैसे मदद कर सकता हूं?",3,0
that's all. thank you., बस इतना ही। शुक्रिया।,3,0
YES, हां,2,2
witte45@yahoo.com, witte45@yahoo.com,2,0
i want to know my seat assignment, मुझे अपना सीट असाइनमेंट जानना है,2,0
I'll help you out with that. Could you please help me out with your full name and the booking confirmation number?, मैं इसमें आपकी मदद करूंगा। क्या आप कृपया अपना पूरा नाम और बुकिंग पुष्टिकरण संख्या के साथ मेरी मदद कर सकते हैं?,3,0
I NEED A BOARDING PASS, मुझे एक बोर्डिंग पास चाहिए,1,0
thank you, धन्यवाद,2,2
Thank you Myithil! Could you please share your booking confirmation number?, धन्यवाद मैथिल! क्या आप कृपया अपनी बुकिंग पुष्टिकरण संख्या साझा कर सकते हैं?,3,0
"Thank You! May I also know the 6 chartered booking confirmation number?
", धन्यवाद! क्या मैं 6 चार्टर्ड बुकिंग पुष्टिकरण संख्या भी जान सकता हूँ?,3,0
"Nothing else, Thank you for your information. Have a nice day to chat with you. "," और कुछ नहीं, आपकी जानकारी के लिए धन्यवाद। आपके साथ चैट करने के लिए एक अच्छा दिन है।",3,0
"Anything else I may help you out with today?
", कुछ और मैं आज आपकी मदद कर सकता हूं?,2,0
hi, नमस्ते,2,0
NAME  - LALIT SEIT, नाम - ललित सीट,0,0
ok, ठीक है,2,0
Email address: simmavada91@gmail.com, ईमेल पता: simmavada91@gmail.com,1,0
"Sure! For the boarding pass, I'd require your phone number or email address. Could you please help me with that?"," ज़रूर! बोर्डिंग पास के लिए, मुझे आपका फ़ोन नंबर या ईमेल पता चाहिए। क्या आप कृपया इसमें मेरी मदद कर सकते हैं?",3,0
seat assignment, बैठने की जगह का आवंटन,0,0
my name is raja booking confirmation number nhg457, मेरा नाम राजा बुकिंग पुष्टिकरण संख्या nhg457 है,1,0
ok, ठीक है,2,0
Okay, ठीक,2,0
sure. it is pauljames200@gmail.com, ज़रूर। यह है pauljames200@gmail.com,2,0
Okay, ठीक,2,0
Thank you for staying on hold. I see that there is a aisle seat available in the second row and the seat number is D3. Are you comfortable with that?,रुके रहने के लिए धन्यवाद। मैं देख रहा हूँ कि दूसरी पंक्ति में एक गलियारा सीट उपलब्ध है और सीट संख्या D3 है। क्या आप इससे सहज हैं?,3,0
Hai, हाई,2,0
"Great! You'll soon be receiving a mail with a link through which you'll be able to make the payment and then confirm your flight tickets. Anything else I may help you in?
", महान! आपको जल्द ही एक लिंक के साथ एक मेल प्राप्त होगा जिसके माध्यम से आप भुगतान कर सकेंगे और फिर अपनी उड़ान टिकटों की पुष्टि कर सकेंगे। कुछ और मैं आपकी मदद कर सकता हूँ?,3,2
You're welcome! Would there be anything else I may assist you with?,आपका स्वागत है! क्या कुछ और होगा जिसमें मैं आपकी सहायता कर सकूं?,3,2
NICE IAM LUCKY WINDOW SEAT, नीस आईएएम लकी विंडो सीट,3,2
Awesome! Is there anything else I could help you with?, बहुत बढ़िया! क्या कुछ और है जिसमें मैं आपकी मदद कर सकता हूं?,3,2
How may I assist you today?, आज मैं आपकी मदद किस तरह कर सकता हूँ?,0,0
"Good news! I've sent you an email attaching your boarding pass, you can download it. I hope this is useful?"," खुशखबरी! मैंने आपको आपका बोर्डिंग पास संलग्न करते हुए एक ईमेल भेजा है, आप इसे डाउनलोड कर सकते हैं। मैं उम्मीद करता हूँ यह उपयोगी है?",3,2
yes, हां,2,0
Great! Would you please help me with the number of passengers and your email address?, महान! क्या आप कृपया यात्रियों की संख्या और अपने ईमेल पते के बारे में मेरी मदद करेंगे?,3,2
Great news! An aisle was available and I've successfully changed your seat to E4. Would you need anything else?, बढ़िया खबर! एक गलियारा उपलब्ध था और मैंने आपकी सीट को सफलतापूर्वक E4 में बदल दिया है। क्या आपको कुछ और चाहिए होगा?,3,2
C4RT90, C4RT90,0,0
9:45pm is better, 9:45 बजे बेहतर है,0,0
Fantastic! I have sent your boarding pass to your given email address. Would there be anything else that I may help you with?, ज़बरदस्त! मैंने आपका बोर्डिंग पास आपके दिए गए ईमेल पते पर भेज दिया है। क्या कुछ और होगा जिसमें मैं आपकी मदद कर सकूं?,3,2
"Sure! I'll be glad to help you in this, may I please know your last name and your booking confirmation number?"," ज़रूर! इसमें आपकी मदद करने में मुझे खुशी होगी, क्या मैं आपका अंतिम नाम और आपकी बुकिंग पुष्टिकरण संख्या जान सकता हूं?",3,0
"Sorry to keep you waiting, I have checked the details and found that there is 1 flight available of Emirates would that be alright?"," आपको प्रतीक्षा करने के लिए क्षमा करें, मैंने विवरणों की जांच की है और पाया है कि अमीरात की 1 उड़ान उपलब्ध है, क्या यह ठीक रहेगा?",3,0
"hi
", नमस्ते,3,0
Sure! Could you please mention the preferred dates for the journey?,ज़रूर! क्या आप कृपया यात्रा के लिए पसंदीदा तिथियों का उल्लेख कर सकते हैं?,3,0
No I need window seat, नहीं मुझे विंडो सीट चाहिए,1,0
"Here it is - Great lakes offering $283 for one ticket, economy class. Would you like me to book the same for you?"," यह रहा - एक टिकट के लिए $283 की पेशकश करने वाली महान झीलें, इकोनॉमी क्लास। क्या आप चाहते हैं कि मैं आपके लिए वही बुक करूँ?",3,0
hi, नमस्ते,2,0
hai, हाय,2,0
Thanks! I'd like to inform you that the confirmation link has been sent to your email address., धन्यवाद! मैं आपको सूचित करना चाहता हूं कि पुष्टिकरण लिंक आपके ईमेल पते पर भेज दिया गया है।,3,0
okay, ठीक है,2,0
jesse, जेसी,0,0
my name is ramsaran my  booking confirmation number is jrg 359, मेरा नाम रामसरन है मेरी बुकिंग पुष्टिकरण संख्या jrg 359 है,2,0
Sure! Could you please help me with the date on which you'd like to travel?," ज़रूर! जिस तारीख को आप यात्रा करना चाहते हैं, क्या आप कृपया मेरी मदद कर सकते हैं?",3,0
"You're welcome! Thank you for visiting us, wish to serve you again. Have a safe flight!"," आपका स्वागत है! हमारे पास आने के लिए धन्यवाद, मैं फिर से आपकी सेवा करना चाहता हूं। एक सुरक्षित उड़ान की कामना करते हैं!",3,2
Perfect! Please allow me a moment to check the seat details., उत्तम! कृपया मुझे सीट विवरण देखने के लिए कुछ समय दें।,2,2
yes, हां,2,0
"Sure, The confirmation link has been successfully sent. Would you need anything else?"," ज़रूर, पुष्टिकरण लिंक सफलतापूर्वक भेज दिया गया है। क्या आपको कुछ और चाहिए होगा?",3,2
"Hello there, how may I assist you today?
"," नमस्ते, मैं आज आपकी कैसे सहायता कर सकता हूँ?",3,0
"Good morning! You've reached Alliance Airways Customer service, how may I help you?  "," सुबह बख़ैर! आप एलायंस एयरवेज ग्राहक सेवा तक पहुँच चुके हैं, मैं आपकी कैसे मदद कर सकता हूँ?",3,0
Good morning! You've reached Flamingo customers service. How may I help you today?, सुबह बख़ैर! आप फ्लेमिंगो ग्राहक सेवा तक पहुँच चुके हैं। आज मैं आपकी कैसे मदद कर सकता हूँ?,3,1
I hope we are still connected?, मुझे आशा है कि हम अभी भी जुड़े हुए हैं?,2,0
Thank you very much, आपका बहुत बहुत धन्यवाद,3,2
MUNRO58@GMAIL.COM, MUNRO58@GMAIL.COM,0,0
I need my boarding pass, मुझे अपना बोर्डिंग पास चाहिए,2,0
Hey Vasuki! Nice meeting you! Could you please share your booking confirmation number with me?, अरे वासुकी! आप से मिल कर अच्छा लगा! क्या आप कृपया अपना बुकिंग पुष्टिकरण नंबर मेरे साथ साझा कर सकते हैं?,3,2
hai, हाय,2,0
3 DAYS, 3 दिन,0,0
hi, नमस्ते,2,0
Goodbye!, अलविदा!,2,0
A very good morning! You've reached the Moon Airways customer service. How may I help you today?, एक बहुत अच्छी सुबह! आप मून एयरवेज ग्राहक सेवा तक पहुँच चुके हैं। आज मैं आपकी कैसे मदद कर सकता हूँ?,3,2
Hello, नमस्ते,2,0
septemper 5 2018, सितम्बर 5 2018,0,0
booking confirmation number mnh231, बुकिंग पुष्टिकरण संख्या mnh231,2,0
A very good morning! You've reached the Moon Airways customer service. How may I help you today?, एक बहुत अच्छी सुबह! आप मून एयरवेज ग्राहक सेवा तक पहुँच चुके हैं। आज मैं आपकी कैसे मदद कर सकता हूँ?,3,2
"Perfect! Thank you for that. Could you please allow me a minute or two, while I get this done for you?"," उत्तम! उसके लिये आपका धन्यवाद। क्या आप कृपया मुझे एक या दो मिनट का समय दे सकते हैं, जबकि मैं आपके लिए यह कर रहा हूँ?",3,2
"Amazing! Thanks for baring with all my questions! I highly appreciate your patience! Give me a moment, I'll have a word with my team."," अद्भुत! मेरे सभी प्रश्नों को रोकने के लिए धन्यवाद! मैं आपके धैर्य की अत्यधिक सराहना करता हूँ! मुझे एक क्षण दो, मैं अपनी टीम के साथ बात करूंगा।",3,2
Alright! Please allow me a moment while I make the booking for you.," ठीक है! जब तक मैं आपके लिए बुकिंग करता हूं, कृपया मुझे एक क्षण दें।",3,0
ok, ठीक है,2,0
"That sounds amazing! I'd just love to that for you! I hope you have an awesome trip! I'll require your details so, kindly be patient and help me! May I know your full name and your email address?","यह तो बहुत मज़ेदार लगता है! मैं आपके लिए बस यही पसंद करूंगा! मुझे आशा है कि आपके पास एक शानदार यात्रा है! मुझे आपके विवरण की आवश्यकता होगी, कृपया धैर्य रखें और मेरी मदद करें! क्या मैं आपका पूरा नाम और आपका ईमेल पता जान सकता हूँ?",3,2
you have a good day, आपका दिन शुभ हो,2,2
I am already booked a flight, मैंने पहले ही एक फ्लाइट बुक कर ली है,1,0
let me know my seat number, मुझे मेरा सीट नंबर बताओ,2,0
Thank you very much. I like J9 Middle seat. Kindly allocate me J9., आपका बहुत बहुत धन्यवाद। मुझे J9 मिडिल सीट पसंद है। कृपया मुझे J9 आवंटित करें।,3,2
HI GOOD MORNING, हाय सुप्रभात,3,0
Would you want me to change your seat back to the old one?, क्या आप चाहते हैं कि मैं आपकी सीट को वापस पुरानी सीट पर बदल दूं?,3,0
ok, ठीक है,2,0
i am last window seat, मैं लास्ट विंडो सीट हूँ,1,0
NO THANKS," जी नहीं, धन्यवाद",3,1
29th agu2018, 29वीं अगस्त 2018,0,0
"Thank you! The seat number allotted to you is 25A. It's a window seat.
", आपको धन्यवाद! आपको आवंटित सीट संख्या 25A है। यह एक विंडो सीट है।,3,0
no ty thats all," नहीं, बस इतना ही",1,0
Yes! I'll surely check that for you. I'll require your details to access your account. May I know your full name please?,हाँ! मैं निश्चित रूप से आपके लिए इसकी जांच करूंगा। आपके खाते तक पहुंचने के लिए मुझे आपके विवरण की आवश्यकता होगी। क्या मैं आपका पूरा नाम जान सकता हूँ?,3,0
"Thank you for staying connected, as per the given details I see that you've been assigned to H7 window seat. "," जुड़े रहने के लिए धन्यवाद, दिए गए विवरण के अनुसार मैं देख रहा हूं कि आपको H7 विंडो सीट दी गई है।",3,2
Great news! A middle seat was available on the second row and I've successfully changed your seat to B2. Is that okay?, बढ़िया खबर! दूसरी पंक्ति में बीच की सीट उपलब्ध थी और मैंने आपकी सीट को सफलतापूर्वक B2 में बदल दिया है। क्या ये ठीक है?,3,2
meenakshi, मीनाक्षी,2,0
"As I see, the seat which has been allotted to you is C5 which is a window seat."," जैसा कि मैं देख रहा हूं, आपको जो सीट आवंटित की गई है वह C5 है जो एक विंडो सीट है।",2,0
Good morning! You've reached Flamingo customers service. How may I help you today?, सुबह बख़ैर! आप फ्लेमिंगो ग्राहक सेवा तक पहुँच चुके हैं। आज मैं आपकी कैसे मदद कर सकता हूँ?,3,1
Thank you, आपको धन्यवाद,2,2
re23e3, re23e3,0,0
"Appreciate your patience! Your seat is 25 G, middle seat. Anything else I may help you with?"," अपने धैर्य की सराहना! आपकी सीट 25 G, बीच की सीट है। कुछ और मैं आपकी मदद कर सकता हूँ?",2,2
no thanks," जी नहीं, धन्यवाद",3,1
NOTHING ELSE, और कुछ नहीं,2,0
hai, हाय,2,0
Yeah! Sure, हाँ! ज़रूर,2,0
Aah. then take xyz as my name, आह। तो मेरे नाम के रूप में xyz ले लो,2,0
okay, ठीक है,2,0
kumar@gmail.com,kumar@gmail.com,2,0
"Sure, we are here to assist you. May I know your last name and your booking confirmation number?"," ज़रूर, हम आपकी सहायता के लिए यहाँ हैं। क्या मैं आपका अंतिम नाम और आपकी बुकिंग पुष्टिकरण संख्या जान सकता हूँ?",3,0
"Fantastic! Here's your seat number K17 which is a window seat, Is that okay for you?"," ज़बरदस्त! ये रहा आपकी सीट नंबर K17 जो कि विंडो सीट है, क्या यह आपके लिए ठीक है?",3,2
it is 8urt56, यह 8urt56 . है,0,0
"Thanks a ton for waiting, I've checked with my system, you are allotted a window seat and you are seat number is L1. I hope that is okay?"," प्रतीक्षा करने के लिए एक टन धन्यवाद, मैंने अपने सिस्टम से जांच की है, आपको एक विंडो सीट आवंटित की गई है और आप सीट संख्या एल 1 हैं। मुझे आशा है कि यह ठीक है?",3,2
ok thanks, ठीक है धन्यवाद,3,0
hi, नमस्ते,2,0
Hello. Welcome to Divehigh Airways., नमस्ते। डाइवहाई एयरवेज में आपका स्वागत है।,3,0
ok thank you, ठीक है धन्यवाद,3,0
May I know your last name please?, क्या मैं आपका अंतिम नाम जान सकता हूँ?,3,0
my full name is arun pandi, मेरा पूरा नाम अरुण पांडी है,1,0
ok, ठीक है,2,0
Good morning! You've reached Flamingo customers service. How may I help you today?, सुबह बख़ैर! आप फ्लेमिंगो ग्राहक सेवा तक पहुँच चुके हैं। आज मैं आपकी कैसे मदद कर सकता हूँ?,3,1
HAI, हाई,2,0
"Thank you! As I have checked with my resources, There are two flights available, One is ""American airlines"" and the second is ""Delta airlines"" and the cost for both of them is same i.e $165. May I know which one you would prefer?"," आपको धन्यवाद! जैसा कि मैंने अपने संसाधनों के साथ जांच की है, दो उड़ानें उपलब्ध हैं, एक ""अमेरिकन एयरलाइंस"" है और दूसरी ""डेल्टा एयरलाइंस"" है और दोनों की लागत समान है यानी $ 165। क्या मैं जान सकता हूँ कि आप किसे पसंद करेंगे?",3,0
SUJI, सूजी,0,0
Pleasure's mine. You can go through the website: www.pilotairlines.com in case of any query and help us help you. Good day!, आनंद मेरा है। आप किसी भी प्रश्न के मामले में वेबसाइट: www.pilotairlines.com पर जा सकते हैं और आपकी सहायता करने में हमारी सहायता कर सकते हैं। अच्छा दिन!,3,2
okay..., ठीक है...,2,0
"I'm glad that was helpful, thank you for reaching out to us. Have a great day ahead and happy traveling! "," मुझे खुशी है कि यह मददगार था, हमसे संपर्क करने के लिए धन्यवाद। आगे का दिन अच्छा हो और यात्रा सुखद हो!",3,2
NAME: KANIKA, नाम: कनिका,0,0
"Thank you for that. Please allow me for a moment, I'll get back to you with the details."," उसके लिये आपका धन्यवाद। कृपया मुझे एक पल के लिए अनुमति दें, मैं विवरण के साथ आपके पास वापस आऊंगा।",3,0
GJ3214, जीजे3214,0,0
I need a boarding pass, मुझे बोर्डिंग पास चाहिए,1,0
No!, नहीं!,2,1
I need to my  plane ticket, मुझे अपने हवाई जहाज का टिकट चाहिए,2,0
GHF954, जीएचएफ954,0,0
Thank you. Please note that the link for booking has been sent to your mail id. Anything else I may help you with?, शुक्रिया। कृपया ध्यान दें कि बुकिंग के लिए लिंक आपकी मेल आईडी पर भेज दिया गया है। कुछ और मैं आपकी मदद कर सकता हूँ?,3,0
Sure! I'll look upon the best available middle seat for you., ज़रूर! मैं आपके लिए सबसे अच्छी उपलब्ध मध्य सीट देखूंगा।,3,0
ya okay no problem, हाँ ठीक है कोई बात नहीं,2,0
"Sioux City, IA
"," सिओक्स सिटी, आईए",0,0
HELLO, नमस्ते,2,0
ok, ठीक है,2,0
Awesome! Thank you for reaching out to us. Have a memorable journey. Bye., बहुत बढ़िया! हमसे संपर्क की पहल के लिए आपका धन्यवाद। यादगार यात्रा हो। अलविदा।,3,2
Anything else?, और कुछ?,2,0
Sure. Please allow me a moment so that I'll try my best to find a seat of your choice., ज़रूर। कृपया मुझे एक क्षण दें ताकि मैं आपकी पसंद की सीट खोजने की पूरी कोशिश करूँ।,2,0
45234,45234,0,0
asa500, आसा 500,0,0
Superb! It was my pleasure assisting you! Thank you so much for reaching out to us! I hope I've resolved all your queries! Happy journey! Just enjoy our services! Have a great day! Bubye! :), शानदार! आपकी सहायता करना मेरी खुशी थी! हमसे संपर्क करने के लिए आपका बहुत-बहुत धन्यवाद! मुझे आशा है कि मैंने आपके सभी प्रश्नों का समाधान कर दिया है! शुभ यात्रा! बस हमारी सेवाओं का आनंद लें! आपका दिन अच्छा रहे! बूबी! :),3,2
HI, नमस्ते,3,0
first, पहला,0,0
hi, नमस्ते,2,0
Sure thing! I'd be glad to help you with that. May I know your last name and your booking confirmation number?, अवश्य! मुझे इसमें आपकी मदद करने में खुशी होगी। क्या मैं आपका अंतिम नाम और आपकी बुकिंग पुष्टिकरण संख्या जान सकता हूँ?,3,0
"Nothing else, Thank you for your Booking. Have a nice day to chat with you. "," और कुछ नहीं, आपकी बुकिंग के लिए धन्यवाद। आपके साथ चैट करने के लिए एक अच्छा दिन है।",3,0
Awesome! Thank you for reaching out to us. Have a memorable journey. Bye., बहुत बढ़िया! हमसे संपर्क की पहल के लिए आपका धन्यवाद। यादगार यात्रा हो। अलविदा।,3,2
i'll be glad to help. I'll be needing the last name and the booking confirmation number to check the system.,मुझे मदद करने में खुशी होगी। सिस्टम की जांच करने के लिए मुझे अंतिम नाम और बुकिंग पुष्टिकरण संख्या की आवश्यकता होगी।,2,0
YES PLEASE HELP ME, हाँ कृपया मेरी मदद करें,3,2
ok, ठीक है,2,0
Perfect! I've changed your seat from A9 to E2 and you'd be receiving the boarding pass on the day before your journey. Would that be all?, उत्तम! मैंने आपकी सीट A9 से E2 में बदल दी है और आपको अपनी यात्रा से एक दिन पहले बोर्डिंग पास प्राप्त होगा। क्या वह सब होगा?,3,2
i need my seat assignment checking, मुझे अपनी सीट असाइनमेंट जाँच की आवश्यकता है,2,0
spencer, विग,0,0
Goodbye!, अलविदा!,2,0
"Sure! I'll certainly help you out in this regards, May I know your full name please?"," ज़रूर! मैं निश्चित रूप से इस संबंध में आपकी मदद करूंगा, क्या मैं आपका पूरा नाम जान सकता हूं?",3,0
Okay, ठीक,2,2
ok, ठीक है,2,0
UI3859, यूआई3859,0,0
"Will Patrick,BOOK: UY7J90"," विल पैट्रिक, पुस्तक: UY7J90",2,0
ok, ठीक है,2,0
Awesome! Could you please help me out with your email address to which the confirmation link will be sent through which you can confirm the booking., बहुत बढ़िया! क्या आप कृपया अपने ईमेल पते के साथ मेरी मदद कर सकते हैं जिस पर पुष्टिकरण लिंक भेजा जाएगा जिसके माध्यम से आप बुकिंग की पुष्टि कर सकते हैं।,3,2
Sure! We are here to assist you in the best possible way! Could you help me with your last name and the booking confirmation number please?, ज़रूर! हम यहां आपकी सर्वोत्तम संभव तरीके से सहायता करने के लिए हैं! क्या आप कृपया अपने अंतिम नाम और बुकिंग पुष्टिकरण संख्या के साथ मेरी मदद कर सकते हैं?,3,0
That's all for the day Taylor.. Thanks for your valuable assistance..Have a great day ahead..Bye.., टेलर के दिन के लिए बस इतना ही.. आपकी बहुमूल्य सहायता के लिए धन्यवाद..आगे का दिन शुभ हो..अलविदा..,3,2
"Ok, I wait for your information. "," ठीक है, मैं आपकी जानकारी की प्रतीक्षा कर रहा हूँ।",2,0
yes confirm my tickets, हाँ मेरे टिकट की पुष्टि करें,2,0
ABDUL RAHEEM, अब्दुल रहीम,0,0
Alright Lillie! Could you help me with the booking confirmation number please?, ठीक है लिली! क्या आप कृपया बुकिंग पुष्टिकरण संख्या के साथ मेरी मदद कर सकते हैं?,3,0
DEPARTURE - FLORIDA, प्रस्थान - फ्लोरिडा,0,0
OK SURE, यकीनन ठीक,2,2
Sure! I'll help you with that. May I know your last name please?, ज़रूर! मैं इसमें आपकी मदद करूंगा। क्या मैं आपका अंतिम नाम जान सकता हूँ?,3,0
"Good morning! You've reached Alliance Airways Customer service, how may I help you?  "," सुबह बख़ैर! आप एलायंस एयरवेज ग्राहक सेवा तक पहुँच चुके हैं, मैं आपकी कैसे मदद कर सकता हूँ?",3,0
james, जेम्स,0,0
No thanks," जी नहीं, धन्यवाद",3,1
Perfect! I'd like to inform you that your seat has been changed successfully., उत्तम! मैं आपको सूचित करना चाहता हूं कि आपकी सीट सफलतापूर्वक बदल दी गई है।,3,2
"Thank you Ravi, the confirmation link will be sent to the email address shortly. "," धन्यवाद रवि, पुष्टिकरण लिंक शीघ्र ही ईमेल पते पर भेज दिया जाएगा।",3,0
my phone number is 98745632146, मेरा फोन नंबर 98745632146 है,2,0
"I hope you have a great day ahead. Goodbye!
", मुझे आशा है कि आपके लिए आगे एक अच्छा दिन होगा। अलविदा!,3,2
"Sure! May I know your last name?
", ज़रूर! क्या मैं आपका अंतिम नाम जान सकता हूँ?,2,0
sure, ज़रूर,2,0
"My pleasure! It was great assisting you, have a safe flight. Goodbye."," मेरा सौभाग्य! आपकी सहायता करके बहुत अच्छा लगा, सुरक्षित उड़ान भरें। अलविदा।",3,2
"Hello there, You have reached Jet Customer Service! :) I hope your having an amazing day! How may I help you today","नमस्ते, आप जेट ग्राहक सेवा तक पहुँच चुके हैं! :) मुझे आशा है कि आपका दिन शानदार रहा! मैं आज आपकी क्या मदद कर सकता हूँ",3,2
I want check my seat assignment, मुझे अपना सीट असाइनमेंट चेक करना है,2,0
no need, कोई ज़रुरत नहीं है,1,0
Sure! Seat number B2 is a middle seat and it is available. Would you like to take that?, ज़रूर! सीट संख्या बी2 बीच की सीट है और यह उपलब्ध है। क्या आप इसे लेना चाहेंगे?,3,0
r.s.sclotzky@gmail.com, rssclotzky@gmail.com,2,0
Thank you for sharing. I'll also need your email address., साझा करने के लिए धन्यवाद। मुझे आपके ईमेल पते की भी आवश्यकता होगी।,3,0
9687415577,9687415577,0,0
Sure. I'd be glad to help you with that. May I know your last name please?, ज़रूर। मुझे इसमें आपकी मदद करने में खुशी होगी। क्या मैं आपका अंतिम नाम जान सकता हूँ?,3,0
"Ok Nice,..Thank you,.."," ओके नाइस,..धन्यवाद,..",3,2
"I'm glad that was helpful, thank you for reaching out to us. Have a great day ahead and happy traveling! "," मुझे खुशी है कि यह मददगार था, हमसे संपर्क करने के लिए धन्यवाद। आगे का दिन अच्छा हो और यात्रा सुखद हो!",3,2
Alright Jones! Could you please share the booking confirmation number?, ठीक है जोन्स! क्या आप कृपया बुकिंग पुष्टिकरण संख्या साझा कर सकते हैं?,3,0
Hi... I would like to check my seat assignment..., नमस्ते... मैं अपने सीट असाइनमेंट की जांच करना चाहता हूं...,3,0
"Thanks for waiting, I've checked your details and found that you have been assigned seat number 6A which is an aisle seat, is that fine?"," प्रतीक्षा करने के लिए धन्यवाद, मैंने आपके विवरण की जाँच की है और पाया है कि आपको सीट संख्या 6ए दी गई है जो एक गलियारे की सीट है, क्या यह ठीक है?",3,0
Thank you! I've sent your boarding pass to your given email address. Would there be anything else that I may help you with?, आपको धन्यवाद! मैंने आपका बोर्डिंग पास आपके दिए गए ईमेल पते पर भेज दिया है। क्या कुछ और होगा जिसमें मैं आपकी मदद कर सकूं?,3,0
Alright! Could you also share your booking confirmation number?, ठीक है! क्या आप अपनी बुकिंग पुष्टिकरण संख्या भी साझा कर सकते हैं?,3,0
Which flight should I be booking?, मुझे किस फ्लाइट की बुकिंग करनी चाहिए?,2,0
"Good morning! You've reached Alliance Airways Customer service, how may I help you?  "," सुबह बख़ैर! आप एलायंस एयरवेज ग्राहक सेवा तक पहुँच चुके हैं, मैं आपकी कैसे मदद कर सकता हूँ?",3,0
yes. please confirm., हां। कृपया पुष्टि करें।,2,0
"I apologize, Could you please elaborate your query?"," मुझे खेद है, क्या आप कृपया अपनी क्वेरी विस्तृत कर सकते हैं?",3,0
boarding pass to be sent to my email address or phone numbe, बोर्डिंग पास मेरे ईमेल पते या फोन नंबर पर भेजा जाएगा,1,0
Ask for my boarding pass to be sent to my email address or phone number, मेरा बोर्डिंग पास मेरे ईमेल पते या फोन नंबर पर भेजने के लिए कहें,2,0
"Mithiran according my sources you've been allotted 9A which is aisle seat, would you like to change that to 9C which is a window seat? ","मिथिरन मेरे सूत्रों के अनुसार आपको 9A आवंटित किया गया है जो कि गलियारे की सीट है, क्या आप इसे 9C में बदलना चाहेंगे जो एक विंडो सीट है?",3,0
A very good morning! You've reached the Moon Airways customer service. How may I help you today?, एक बहुत अच्छी सुबह! आप मून एयरवेज ग्राहक सेवा तक पहुँच चुके हैं। आज मैं आपकी कैसे मदद कर सकता हूँ?,3,2
IU76TY, IU76TY,0,0
thank you, धन्यवाद,2,2
Lovely! Could you also share your email address or contact number please?, प्यारा! क्या आप कृपया अपना ईमेल पता या संपर्क नंबर भी साझा कर सकते हैं?,3,2
Your last name please., आपका उपनाम कृपया।,2,0
yes okay that be okay, हाँ ठीक है ठीक है,2,0
I hope we are connected?, मुझे आशा है कि हम जुड़े हुए हैं?,2,0
GREAT DAY, भव्य दिवस,3,2
HI, नमस्ते,2,0
"Sure, Divya! Could you please share the booking confirmation number?"," ज़रूर, दिव्या! क्या आप कृपया बुकिंग पुष्टिकरण संख्या साझा कर सकते हैं?",3,0
Wonderful! May I know your name and the email address please?, अद्भुत! क्या मैं आपका नाम और ईमेल पता कृपया जान सकता हूँ?,3,2
Do you mean you want an Aisle seat?, क्या आपका मतलब है कि आप आइल सीट चाहते हैं?,1,0
"Alright! you might have got the booking confirmation number, Could you please share that with me?"," ठीक है! हो सकता है कि आपको बुकिंग पुष्टिकरण संख्या मिल गई हो, क्या आप कृपया इसे मेरे साथ साझा कर सकते हैं?",3,0
ok, ठीक है,2,0
"Yes, thank you", हाँ धन्यवाद,3,2
no thanks," जी नहीं, धन्यवाद",3,1
Could you please help me with your email address?, क्या आप कृपया मुझे अपने ईमेल पते में मदद कर सकते हैं?,3,0
ok thanks, ठीक है धन्यवाद,3,0
Would you want me to change your seat back to 9C?, क्या आप चाहते हैं कि मैं आपकी सीट को वापस 9C में बदल दूं?,3,0
Sure! It will be my pleasure to help. Please could you help me get your last name?, ज़रूर! मदद करना मेरी खुशी होगी। कृपया क्या आप मुझे अपना अंतिम नाम प्राप्त करने में मदद कर सकते हैं?,3,0
You're welcome! Would there be anything else I may assist you with?,आपका स्वागत है! क्या कुछ और होगा जिसमें मैं आपकी सहायता कर सकूं?,3,2
"Thank you! The seat number allotted to you is 25A. It's a window seat.
", आपको धन्यवाद! आपको आवंटित सीट संख्या 25A है। यह एक विंडो सीट है।,3,0
"Thank you for visiting us, wish to serve you again. Have an amazing time!"," हमारे पास आने के लिए धन्यवाद, मैं फिर से आपकी सेवा करना चाहता हूं। एक अद्भुत समय लो!",3,2
fg54f6, fg54f6,0,0
Okay, ठीक,2,2
Could you also help me with the booking confirmation number?, क्या आप बुकिंग कन्फर्मेशन नंबर में भी मेरी मदद कर सकते हैं?,3,0
ok, ठीक है,2,0
name divi, नाम दिव्य,0,0
"i need to check my seat assignment
", मुझे अपने सीट असाइनमेंट की जांच करनी है,2,0
"Perfect! Thank you for sharing that information, I'll quickly go ahead and check your seat number and get back to you."," उत्तम! उस जानकारी को साझा करने के लिए धन्यवाद, मैं जल्दी से आगे बढ़ूंगा और आपकी सीट संख्या की जांच करूंगा और आपसे संपर्क करूंगा।",3,2
FDE538, FDE538,0,0
Absolutely! I'll help you with it. May I please get your last name?,बिल्कुल! मैं इसमें आपकी मदद करूंगा। क्या मुझे आपका अंतिम नाम मिल सकता है?,3,0
Hey there! Good morning. You're connected to LMT Airways. How may I help you?, सुनो! सुबह बख़ैर। आप एलएमटी एयरवेज से जुड़े हैं। क्या मेरे द्वारा आपकी कोई सहायता हो सकती है?,3,0
"Hello there! Sky high customer services, How may I help you today?"," नमस्ते! स्काई हाई कस्टमर सर्विसेज, मैं आज आपकी कैसे मदद कर सकता हूं?",3,0
"Fantastic! Here's your seat number K17 which is a window seat, Is that okay for you?"," ज़बरदस्त! ये रहा आपकी सीट नंबर K17 जो कि विंडो सीट है, क्या यह आपके लिए ठीक है?",3,2
"Fantastic! Here's your seat number K17 which is a window seat, Is that okay for you?"," ज़बरदस्त! ये रहा आपकी सीट नंबर K17 जो कि विंडो सीट है, क्या यह आपके लिए ठीक है?",3,2
My number is 8975642586, मेरा नंबर 8975642586 . है,1,0
hi, नमस्ते,2,0
Great! please stay connected while I get the flight details for you?," महान! जब तक मैं आपके लिए उड़ान विवरण प्राप्त करता हूं, कृपया जुड़े रहें?",3,2
"Sure, Arun! Could you please help me with the booking confirmation number?"," ज़रूर, अरुण! क्या आप कृपया बुकिंग पुष्टिकरण संख्या के बारे में मेरी सहायता कर सकते हैं?",3,0
"I really appreciate for your patience, I see there's Air Asia at 8:30 AM. "," मैं आपके धैर्य की सराहना करता हूं, मैं देख रहा हूं कि सुबह 8:30 बजे एयर एशिया है।",3,2
Great! Please allow me a moment to check the details.,महान! कृपया मुझे विवरण की जांच करने के लिए कुछ समय दें।,3,2
I need a boarding pass, मुझे बोर्डिंग पास चाहिए,1,0
my name is ajay kumar, मेरा नाम अजय कुमार है,1,0
boarding pass to be sent to my email address or phone number., बोर्डिंग पास मेरे ईमेल पते या फोन नंबर पर भेजा जाना है।,1,0
NOTHING ELSE, और कुछ नहीं,2,0
Thanks! I'd like to inform you that the boarding pass has been sent to your email address., धन्यवाद! मैं आपको सूचित करना चाहता हूं कि बोर्डिंग पास आपके ईमेल पते पर भेज दिया गया है।,3,0
How may I help you?, क्या मेरे द्वारा आपकी कोई सहायता हो सकती है?,0,0
My prefer Aisle seat., मेरी पसंदीदा आइल सीट।,2,0
i want to know my aest no, मैं अपना सौंदर्य जानना चाहता हूँ,2,0
Dz@gmail.com, Dz@gmail.com,0,0
hai, हाय,2,0
Thank you. The boarding pass has been sent to the conatct number. Please feel free to reach out to us at anytime., शुक्रिया। बोर्डिंग पास को कॉन्टैक्ट नंबर पर भेज दिया गया है। कृपया बेझिझक हमसे किसी भी समय संपर्क करें।,3,0
"Thank you very much, please allow me a minute to proceed further."," बहुत-बहुत धन्यवाद, कृपया मुझे आगे बढ़ने के लिए एक मिनट का समय दें।",3,2
Alright! Please allow me a moment to process your request., ठीक है! कृपया मुझे आपके अनुरोध को संसाधित करने के लिए कुछ समय दें।,2,0
"Thank you for visiting us, wish to serve you again. Have a nice time!"," हमारे पास आने के लिए धन्यवाद, मैं फिर से आपकी सेवा करना चाहता हूं। आशा है आपका समय अच्छा बीते!",3,2
"Nothing else, Thank you for your Booking. Have a nice day to chat with you. "," और कुछ नहीं, आपकी बुकिंग के लिए धन्यवाद। आपके साथ चैट करने के लिए एक अच्छा दिन है।",3,0
Sure, ज़रूर,2,0
Sure! That's awesome. I'll certainly help you out with this. May I know your departure and arrival city?, ज़रूर! वह तो कमाल है। मैं निश्चित रूप से इसमें आपकी मदद करूंगा। क्या मैं आपके प्रस्थान और आगमन के शहर को जान सकता हूँ?,3,2
Could you also help me out with your full name?, क्या आप अपना पूरा नाम बताकर भी मेरी मदद कर सकते हैं?,3,0
"Hello there! Sky high customer services, How may I help you today?
"," नमस्ते! स्काई हाई कस्टमर सर्विसेज, मैं आज आपकी कैसे मदद कर सकता हूं?",3,0
"Perfect! Roshan, Could you please help me with your booking confirmation number?"," उत्तम! रोशन, क्या आप कृपया अपनी बुकिंग पुष्टिकरण संख्या के साथ मेरी मदद कर सकते हैं?",3,2
ok yes, हाँ ठीक है,2,0
Alright! Could you also share your booking confirmation number?, ठीक है! क्या आप अपनी बुकिंग पुष्टिकरण संख्या भी साझा कर सकते हैं?,3,0
"Awesome! Here's your seat number J12 which is a middle seat, Is that okay for you?","बहुत बढ़िया! ये रहा आपकी सीट नंबर J12 जो बीच वाली सीट है, क्या यह आपके लिए ठीक है?",3,2
"Thank you Blake, please allow me a moment to check the seats assigned to you. "," धन्यवाद ब्लेक, कृपया मुझे आपको सौंपी गई सीटों की जांच करने के लिए एक क्षण दें।",3,0
u85c28, u85c28,0,0
hi, नमस्ते,2,0
Good Morning, शुभ प्रभात,3,0
SENT ME BOARDING PASS TO MY MAIL OR PHONE NUMBER, मुझे मेरे मेल या फोन नंबर पर बोर्डिंग पास भेजा,0,0
I may need to travel from Texas to Canada, मुझे टेक्सास से कनाडा की यात्रा करने की आवश्यकता हो सकती है,1,0
I WANT CHANGE SEAT, मुझे सीट बदलना है,1,1
victor@gmail.com, victor@gmail.com,0,0
ranin, में भाग गया,0,0
hai, हाय,2,0
Thank you for staying connected. Your seat is confirmed to window seat A7. Would you need anything else?, जुड़े रहने के लिए धन्यवाद। आपकी सीट विंडो सीट A7 से कंफर्म है। क्या आपको कुछ और चाहिए होगा?,3,2
"My pleasure! It was great assisting you, thanks for choosing our services. Have a safe flight, goodbye.","मेरा सौभाग्य! आपकी सहायता करके बहुत अच्छा लगा, हमारी सेवाओं को चुनने के लिए धन्यवाद। एक सुरक्षित उड़ान लो, अलविदा।",3,2
thans thats it, थैंक्स दैट इट,1,0
"Hello, I'd like to book a plane ticket, plase."," हैलो, मैं एक हवाई जहाज का टिकट बुक करना चाहता हूँ, कृपया।",3,0
I want to book a ticket in your Airling, मैं आपके Airling में टिकट बुक करना चाहता हूं,1,0
Definitely! I'll be happy to help you in this regard. May I know your last name and your booking confirmation number?, निश्चित रूप से! मुझे इस संबंध में आपकी मदद करने में खुशी होगी। क्या मैं आपका अंतिम नाम और आपकी बुकिंग पुष्टिकरण संख्या जान सकता हूँ?,3,2
hi, नमस्ते,2,0
hai, हाय,2,0
i want to know my seat no, मुझे अपना सीट नंबर जानना है,2,0
jai8765@gmail.com, jai8765@gmail.com,0,0
Not really, ज़रुरी नहीं,1,0
"Sure, thing! May I know your last name and the booking confirmation number? ", अवश्य! क्या मैं आपका अंतिम नाम और बुकिंग पुष्टिकरण संख्या जान सकता हूँ?,2,0
HI, नमस्ते,2,0
is there any middle seat, क्या कोई बीच की सीट है,0,0
"Amazing! As I can check here, you are assigned a window seat and your seat number is K8. I hope you enjoy the view."," अद्भुत! जैसा कि मैं यहां देख सकता हूं, आपको एक विंडो सीट दी गई है और आपकी सीट संख्या K8 है। मुझे आशा है कि आप दृश्य का आनंद लेंगे।",3,2
Fantastic! May I know your name and the email address please?, ज़बरदस्त! क्या मैं आपका नाम और ईमेल पता कृपया जान सकता हूँ?,3,2
"We have 5B available as of now, would you like to occupy that? "," हमारे पास अभी तक 5B उपलब्ध है, क्या आप उस पर कब्जा करना चाहेंगे?",3,0
i want to know my seat no, मुझे अपना सीट नंबर जानना है,2,0
Thank you. I've found two airline according to your preferences. Union and American airlines. which one would you like to fly in?,शुक्रिया। मुझे आपकी पसंद के अनुसार दो एयरलाइनें मिली हैं। संघ और अमेरिकी एयरलाइंस। आप किसमें उड़ना चाहेंगे?,3,2
Perfect!!! thank you so much. Have a fantastic day.. Bye, उत्तम!!! आपका बहुत-बहुत धन्यवाद। आपका दिन शानदार रहे.. अलविदा,3,2
"Lisa,jrh747"," लिसा, jrh747",0,0
"I completely understand your situation sir, But I apologize. There are no seats vacant right now. However,there are last minute cancellation,  we will definitely connect back to you if I find the seat for you."," मैं आपकी स्थिति को पूरी तरह से समझता हूं सर, लेकिन मैं क्षमा चाहता हूं। अभी कोई सीट खाली नहीं है। हालाँकि, अंतिम समय में रद्दीकरण है, अगर मुझे आपके लिए सीट मिल जाती है तो हम निश्चित रूप से आपसे संपर्क करेंगे।",3,1
"Yes! Sure! I'll help you, May I know what details are you looking for?"," हाँ! ज़रूर! मैं आपकी मदद करूंगा, क्या मैं जान सकता हूं कि आप किस विवरण की तलाश कर रहे हैं?",2,0
"Nothing else, Thank you for your information. Have a nice day to chat with you. "," और कुछ नहीं, आपकी जानकारी के लिए धन्यवाद। आपके साथ चैट करने के लिए एक अच्छा दिन है।",3,0
A very good morning! You've reached the Moon Airways customer service. How may I help you today?, एक बहुत अच्छी सुबह! आप मून एयरवेज ग्राहक सेवा तक पहुँच चुके हैं। आज मैं आपकी कैसे मदद कर सकता हूँ?,3,2
juliegeorge2011@reddiffmail.com, juliegeorge2011@reddiffmail.com,0,0
i need  boarding pass, मुझे बोर्डिंग पास चाहिए,1,0
Sure! Could you please help me with the date on which you'd like to travel?," ज़रूर! जिस तारीख को आप यात्रा करना चाहते हैं, क्या आप कृपया मेरी मदद कर सकते हैं?",3,0
POOJA, पूजा,0,0
bye, अलविदा,2,0
Hello Drew, हैलो ड्रू,3,0
Wonderful! I've booked the tickets and you'll be receiving a confirmation mail with the link to make the payment. Is there anything else that I may help you with?, अद्भुत! मैंने टिकट बुक कर लिए हैं और आपको भुगतान करने के लिए लिंक के साथ एक पुष्टिकरण मेल प्राप्त होगा। क्या कुछ और है जिसमें मैं आपकी मदद कर सकता हूं?,3,2
Is there anything else I could help you with?, क्या कुछ और है जिसमें मैं आपकी मदद कर सकता हूं?,2,0
Sure! There is one aisle seat available D4. Would you like me to confirm that seat for you?, ज़रूर! एक गलियारा सीट उपलब्ध है D4. क्या आप चाहते हैं कि मैं आपके लिए उस सीट की पुष्टि कर दूं?,3,0
Are we still connected?, हम अभी भी जुड़े हैं?,1,0
Thank you, आपको धन्यवाद,2,2
"Thank you Jessly, kindly give me a minute."," धन्यवाद जेसी, कृपया मुझे एक मिनट दें।",3,2
"Sure, please help me with your email address?"," ज़रूर, कृपया अपने ईमेल पते में मेरी मदद करें?",2,0
Hope we're connected?, आशा है कि हम जुड़े हुए हैं?,2,0
"nothing else, thank you.","और कुछ नहीं, धन्यवाद।",3,0
Alright! I'll help you get that as well. May I know your email address please, ठीक है! मैं आपको इसे प्राप्त करने में भी मदद करूंगा। क्या मैं आपका ईमेल पता कृपया जान सकता हूँ,3,0
hi, नमस्ते,2,0
any*, कोई*,0,0
oh sorry, मुझे माफ करें,2,0
Singh, सिंह,0,0
seat assignment, बैठने की जगह का आवंटन,0,0
"sure, it is 3902732"," ज़रूर, यह 3902732 . है",2,0
BYE, अलविदा,2,0
Pleasure's mine. You can go through this website: www.pilotairlines.com in case of any query and help us help you. Good day!,आनंद मेरा है। किसी भी प्रश्न के मामले में आप इस वेबसाइट www.pilotairlines.com पर जा सकते हैं और आपकी सहायता करने में हमारी सहायता कर सकते हैं। अच्छा दिन!,3,2
Awesome! Nice to meet you Lalit! Could you please share your booking confirmation number, बहुत बढ़िया! ललित से मिलकर अच्छा लगा! क्या आप कृपया अपनी बुकिंग पुष्टिकरण संख्या साझा कर सकते हैं,3,2
Alright Hari! Could you please share the booking confirmation number?, ठीक है हरि! क्या आप कृपया बुकिंग पुष्टिकरण संख्या साझा कर सकते हैं?,3,0
Great! May I please know the date you'd like to travel?, महान! क्या मैं कृपया उस तारीख को जान सकता हूँ जिस पर आप यात्रा करना चाहते हैं?,3,2
i need a boarding pass, मुझे बोर्डिंग पास चाहिए,1,0
my name is jhone, मेरा नाम ज़ोन है,1,0
"My last name is Jameson,"," मेरा अंतिम नाम जेमिसन है,",1,0
okay., ठीक है।,2,0
Great! Is there anything else that I may help you with?, महान! क्या कुछ और है जिसमें मैं आपकी मदद कर सकता हूं?,3,2
"Sure! And, may I know if you'd like to travel in Economy, Business or First class and also could you please help me with the number of passengers traveling?"," ज़रूर! और, क्या मैं जान सकता हूँ कि क्या आप अर्थव्यवस्था, व्यवसाय या प्रथम श्रेणी में यात्रा करना चाहते हैं और क्या आप कृपया यात्रा करने वाले यात्रियों की संख्या में मेरी मदद कर सकते हैं?",3,0
ok, ठीक है,2,0
date is spe 15 th evening flight is fine for me and budget must under 300 $, तारीख विशेष है 15वीं शाम की उड़ान मेरे लिए ठीक है और बजट 300 डॉलर से कम होना चाहिए,2,0
"Awesome! Thank you for that. Please allow me for a  minute or two, I'll get back to you with the details."," बहुत बढ़िया! उसके लिये आपका धन्यवाद। कृपया मुझे एक या दो मिनट के लिए अनुमति दें, मैं विवरण के साथ आपके पास वापस आऊंगा।",3,2
Nice! May I know the preferred date of your travel?, अच्छा! क्या मैं आपकी यात्रा की पसंदीदा तारीख जान सकता हूँ?,3,0
KOKILA, कोकिला,2,0
thankyou so much sir, बहुत बहुत धन्यवाद सर,2,2
SELVA@gmail.com, SELVA@gmail.com,0,0
No problem at all!, बिल्कुल भी परेशानी नहीं है!,2,2
SURE, ज़रूर,2,0
Please help me change my seat assignment, कृपया मेरी सीट असाइनमेंट बदलने में मेरी मदद करें,3,0
"My pleasure! Thanks for choosing our services, have a great day. Goodbye."," मेरा सौभाग्य! हमारी सेवाओं को चुनने के लिए धन्यवाद, आपका दिन शुभ हो। अलविदा।",3,2
Sure thing! Could you please help me out with your email address or the phone number for the boarding pass to be sent to you?,अवश्य! क्या आप कृपया मुझे अपना ईमेल पता या बोर्डिंग पास भेजने के लिए फ़ोन नंबर देने में मेरी मदद कर सकते हैं?,3,0
NO THANKS," जी नहीं, धन्यवाद",3,1
All is fine now . Thank you so much Jesse, अब सब ठीक है। बहुत बहुत धन्यवाद जेसी,3,2
No thanks!," जी नहीं, धन्यवाद!",3,1
i want book a flight ticket, मुझे फ्लाइट टिकट बुक करना है,1,0
have  great day...., आप का दिन मंगलमय हो....,2,2
wiiliam, विलियाम,0,0
Always a pleasure! Is there anything else I could help you with?, हमेशा एक खुशी की बात है! क्या कुछ और है जिसमें मैं आपकी मदद कर सकता हूं?,2,2
I prefer window seat can you arrange for it, मुझे खिड़की वाली सीट पसंद है क्या आप इसकी व्यवस्था कर सकते हैं,3,0
Absolutely! I'll be glad to help you with it. Please may I know your full name?, बिल्कुल! मुझे इसमें आपकी मदद करने में खुशी होगी। कृपया क्या मैं आपका पूरा नाम जान सकता हूँ?,3,2
hi, नमस्ते,2,0
"Good morning! You've reached Alliance Airways Customer service, how may I help you?  "," सुबह बख़ैर! आप एलायंस एयरवेज ग्राहक सेवा तक पहुँच चुके हैं, मैं आपकी कैसे मदद कर सकता हूँ?",3,0
bye, अलविदा,2,0
Okay thank you very much, ठीक है बहुत बहुत धन्यवाद,3,0
Thank you so much Riley.. Thanks a ton for your service.. Have a nice day ..good bye., बहुत बहुत धन्यवाद रिले .. आपकी सेवा के लिए एक टन धन्यवाद .. आपका दिन शुभ हो ..अलविदा।,3,2
Hello? I think I found it, नमस्ते? मुझे लगता है मुझे यह मिल गया है,3,0
Wonderful! Please feel free to reach out to us for further queries. Have an amazing journey. Bye., अद्भुत! कृपया आगे के प्रश्नों के लिए हमसे बेझिझक संपर्क करें। एक अद्भुत यात्रा करें। अलविदा।,3,2
my name is kavitha, मेरा नाम कविता है,1,0
thanks, धन्यवाद,2,2
seat assignment and decide to change it., सीट असाइनमेंट और इसे बदलने का फैसला करें।,0,0
Hai, हाई,2,0
Thanks for being patient. I'd like to inform you that the best deal I've found for you is with Indigo Airways on 29 September 2018 at 8:25 a.m to 11:20 a.m for $120 per ticket. Would you want me to book that?, धैर्य रखने के लिए धन्यवाद। मैं आपको सूचित करना चाहता हूं कि मैंने आपके लिए सबसे अच्छी डील 29 सितंबर 2018 को इंडिगो एयरवेज के साथ सुबह 8:25 बजे से 11:20 बजे तक 120 डॉलर प्रति टिकट पर की है। क्या आप चाहते हैं कि मैं इसे बुक कर दूं?,3,1
Wonderful! Could you please share your name and the email address?, अद्भुत! क्या आप कृपया अपना नाम और ईमेल पता साझा कर सकते हैं?,3,2
Hope we're connected?, आशा है कि हम जुड़े हुए हैं?,2,0
hello!, नमस्ते!,3,0
"i need aisle seat. please try to change my seat assignment
", मुझे गलियारे की सीट चाहिए। कृपया मेरे सीट असाइनमेंट को बदलने का प्रयास करें,3,1
WHAT ? I'M NOT A RAM !!, क्या ? मैं राम नहीं हूँ !!,2,0
a4g4f3, a4g4f3,0,0
"I really appreciate for your patience, there's L3 (Middle) seat assigned to you. "," मैं वास्तव में आपके धैर्य की सराहना करता हूं, आपको एल3 (मध्य) सीट सौंपी गई है।",3,2
yes, हां,2,0
just me., सिर्फ मैं।,0,0
Great! It was a pleasure assisting you. Have a great day and please do reach out to us in case of any queries.,महान! आपकी सहायता करना खुशी की बात थी। आपका दिन शुभ हो और कृपया किसी भी प्रश्न के मामले में हमसे संपर्क करें।,3,2
"Sure, we are here to assist you. May I know your last name?"," ज़रूर, हम आपकी सहायता के लिए यहाँ हैं। क्या मैं आपका अंतिम नाम जान सकता हूँ?",2,0
I'll help you out with that. May I know the departure city and the arrival city?, मैं इसमें आपकी मदद करूंगा। क्या मैं प्रस्थान शहर और आगमन शहर को जान सकता हूँ?,3,0
Great! Could you help me out with your departure city and the arrival city?, महान! क्या आप अपने प्रस्थान शहर और आगमन शहर के बारे में मेरी मदद कर सकते हैं?,3,2
could you please tell me my position, क्या आप कृपया मुझे मेरी स्थिति बता सकते हैं,3,0
y76t65, y76t65,0,0
"Yes, We are connected?"," हाँ, हम जुड़े हुए हैं?",2,0
Hai, हाई,2,0
not okay, ठीक नहीं,2,1
MUMBAI TO GOA, मुंबई से गोवा,0,0
Just one person Riley, सिर्फ एक व्यक्ति रिले,0,0
I want to book a one way domestic flight ticket. Can you help me with that?, मैं एकतरफा घरेलू उड़ान टिकट बुक करना चाहता हूं। क्या उसके लिए आपके द्वारा मेरी मदद की जाएगी?,3,0
okay., ठीक है।,2,0
Okay, ठीक,2,2
I've a good news for you. There is just 1 window seat available on your flight which is the T9. Do you want me to confirm that seat for you?, मेरे पास आपके लिए एक अच्छी खबर है। आपकी फ्लाइट में सिर्फ 1 विंडो सीट उपलब्ध है जो कि T9 है। क्या आप चाहते हैं कि मैं आपके लिए उस सीट की पुष्टि कर दूं?,3,2
Hi I wanted to know about my seat assignment, नमस्ते मैं अपने सीट असाइनमेंट के बारे में जानना चाहता था,3,0
"If I'm not wrong, is it seat number you're referring to?"," अगर मैं गलत नहीं हूं, तो क्या यह सीट नंबर है जिसका आप जिक्र कर रहे हैं?",1,0
hai, हाय,2,0
tharani confirmation number y876ya, थारानी पुष्टिकरण संख्या y876ya,2,0
"I've send you the email on the given address, Is there anything else I may help you with?"," मैंने आपको दिए गए पते पर ईमेल भेज दिया है, क्या कुछ और है जिसमें मैं आपकी मदद कर सकता हूं?",3,0
check my seat assignment, मेरी सीट असाइनमेंट की जाँच करें,2,0
"Sure,Not a problem. Allow me a moment, while  I  check for the availability."," ज़रूर, कोई समस्या नहीं है। जब तक मैं उपलब्धता की जांच करता हूं, मुझे एक क्षण दें।",2,0
"Fantastic! Here's your seat number A2  which is a window seat, with extra leg space, hope that will make you feel comfortable.","ज़बरदस्त! यहाँ आपकी सीट संख्या A2 है जो एक विंडो सीट है, अतिरिक्त लेग स्पेस के साथ, आशा है कि यह आपको आरामदायक महसूस कराएगी।",3,2
ok thank you, ठीक है धन्यवाद,3,0
Goodbye!, अलविदा!,2,0
"Good morning! You've reached Alliance Indian Airlines, how may I help you today?"," सुबह बख़ैर! आप एलायंस इंडियन एयरलाइंस पहुंच गए हैं, मैं आज आपकी कैसे मदद कर सकता हूं?",3,0
drew, ड्रयू,0,0
ok, ठीक है,2,0
yes, हां,2,0
Than you very much, आप से बहुत,0,0
No thanks," जी नहीं, धन्यवाद",3,1
I NEED TO BOOK A TICKET FOR FLIGHT, मुझे उड़ान के लिए टिकट बुक करने की आवश्यकता है,1,0
ok, ठीक है,2,0
please change my seat assignment, कृपया मेरा सीट असाइनमेंट बदलें,3,1
john, जॉन,1,0
Hello! You've been connected to StarAirwyas. How may I assist you?, नमस्ते! आप StarAirwyas से जुड़ चुके हैं। मैं आपकी कैसे सहायता कर सकता हूँ?,3,0
Yeah sure, हां यकीनन,2,0
"Definitely, I'll help you get that as well. May I know your email address please?"," निश्चित रूप से, मैं इसे प्राप्त करने में भी आपकी सहायता करूँगा। क्या मैं आपका ईमेल पता कृपया जान सकता हूँ?",3,2
The seat that has been allotted to you is a window seat and the seat number is K9., आपको जो सीट अलॉट की गई है वह विंडो सीट है और सीट नंबर K9 है।,0,0
"Good news! There's only one middle seat that is F8, should I confirm the seat for you? "," खुशखबरी! बीच में केवल एक सीट है जो F8 है, क्या मुझे आपके लिए सीट की पुष्टि करनी चाहिए?",3,2
QJI908, QJI908,0,0
"Thank you! The seat number allotted to you is 25A. It's a window seat.
", आपको धन्यवाद! आपको आवंटित सीट संख्या 25A है। यह एक विंडो सीट है।,3,0
ok, ठीक है,2,0
Good morning! You've reached Flamingo customers service. How may I help you today?, सुबह बख़ैर! आप फ्लेमिंगो ग्राहक सेवा तक पहुँच चुके हैं। आज मैं आपकी कैसे मदद कर सकता हूँ?,3,1
Economic Class, आर्थिक वर्ग,1,0
All right. Please do visit us again for further queries. Have a good day. Bye now., ठीक है। कृपया आगे के प्रश्नों के लिए हमें फिर से देखें। आपका दिन शुभ हो। अलविदा।,2,0
"Perfect! For 2 people, on 4th Sep 2018, from Malaysia to Goa in business class, there is a flight at 6 AM and the fare would be $280. Would you like to proceed further and book the tickets?"," उत्तम! 2 लोगों के लिए, 4 सितंबर 2018 को, बिजनेस क्लास में मलेशिया से गोवा के लिए, सुबह 6 बजे उड़ान है और किराया $280 होगा। क्या आप आगे बढ़ना चाहते हैं और टिकट बुक करना चाहते हैं?",3,2
Okay!, ठीक!,2,0
OK, ठीक है,2,0
That's great! You already know your seat assignment then how may I help you?, एक दम बढ़िया! आप पहले से ही अपना सीट असाइनमेंट जानते हैं तो मैं आपकी कैसे मदद कर सकता हूं?,2,2
6:04 AM ok for me, 6:04 पूर्वाह्न मेरे लिए ठीक है,2,0
BOOKING NO:IJG896524, बुकिंग नंबर: IJG896524,2,0
"no, thank you for your help"," नहीं, आपकी मदद के लिए धन्यवाद",3,0
ok, ठीक है,2,0
Awesome! May I know the city of departure and the city of arrival please?,बहुत बढ़िया! क्या मैं कृपया प्रस्थान के शहर और आगमन के शहर को जान सकता हूँ?,3,2
ok thanks, ठीक है धन्यवाद,3,0
Would there be anything else I may assist you with?, क्या कुछ और होगा जिसमें मैं आपकी सहायता कर सकूं?,2,0
"Excellent! As I have checked with my system here, I can see that you've been allotted window seat and your seat number is B5. "," उत्कृष्ट! जैसा कि मैंने यहां अपने सिस्टम से जांच की है, मैं देख सकता हूं कि आपको विंडो सीट आवंटित की गई है और आपकी सीट संख्या बी 5 है।",3,2
A7382GN, A7382GN,0,0
"Perfect! Thank you for that. Please allow me for a moment, I'll be right back!"," उत्तम! उसके लिये आपका धन्यवाद। कृपया मुझे एक पल के लिए अनुमति दें, मैं अभी वापस आता हूँ!",3,2
It was a pleasure assisting you. Have a great flight!, आपकी सहायता करना खुशी की बात थी। एक अच्छी उड़ान लो!,3,2
VIJAY, विजय,0,0
Nice! I'd like to inform you that your seat has been changed successfully., अच्छा! मैं आपको सूचित करना चाहता हूं कि आपकी सीट सफलतापूर्वक बदल दी गई है।,3,2
Hi, नमस्ते,2,0
Perfect! I'd like to inform you that your seat has been changed successfully., उत्तम! मैं आपको सूचित करना चाहता हूं कि आपकी सीट सफलतापूर्वक बदल दी गई है।,3,2
ticson to sinols, ticson to sinols,1,0
Alright! May I know the dates when you'd like to travel?, ठीक है! क्या मैं उन तारीखों को जान सकता हूँ जब आप यात्रा करना चाहेंगे?,3,0
delhi to nepal, दिल्ली से नेपाल,2,0
my name casey and booking number lk3652, मेरा नाम केसी और बुकिंग नंबर lk3652,1,0
Great! May I know the preferred date of your travel?, महान! क्या मैं आपकी यात्रा की पसंदीदा तारीख जान सकता हूँ?,3,2
OK THANK YOU, ठीक है धन्यवाद,3,2
Hello! Good morning! Welcome to Sky Airway Customer Service! How may I help you today?, नमस्ते! सुबह बख़ैर! स्काई एयरवे ग्राहक सेवा में आपका स्वागत है! आज मैं आपकी कैसे मदद कर सकता हूँ?,3,0
"Thank you Cooper, may I know your email address or phone number?"," धन्यवाद कूपर, क्या मैं आपका ईमेल पता या फोन नंबर जान सकता हूं?",3,0
I'll send you the boarding pass right away. May I know your full name and the booking confirmation number?, मैं आपको तुरंत बोर्डिंग पास भेजूंगा। क्या मैं आपका पूरा नाम और बुकिंग पुष्टिकरण संख्या जान सकता हूँ?,3,0
Great! Would there be anything else that I may help you with?, महान! क्या कुछ और होगा जिसमें मैं आपकी मदद कर सकूं?,3,2
Perfect! May I please know the name on which I should book the tickets and also share the email address?, उत्तम! क्या मैं कृपया उस नाम को जान सकता हूँ जिस पर मुझे टिकट बुक करना चाहिए और ईमेल पता भी साझा करना चाहिए?,3,2
my boarding pass details, मेरा बोर्डिंग पास विवरण,1,0
hai, हाय,2,0
"I appreciate your patience for staying up, Your boarding pass will be sent on your contact number very soon."," मैं आपके धैर्य की सराहना करता हूं, आपका बोर्डिंग पास बहुत जल्द आपके संपर्क नंबर पर भेज दिया जाएगा।",3,2
Perfect! May I know the preferred date you'd like to travel?, उत्तम! क्या मैं उस पसंदीदा तारीख को जान सकता हूँ जिस पर आप यात्रा करना चाहते हैं?,3,2
"Thank you Perumal, could you please allow me a moment to check the seat assigned to you.","धन्यवाद पेरुमल, क्या आप कृपया मुझे आपको सौंपी गई सीट की जांच करने के लिए एक क्षण की अनुमति दे सकते हैं।",3,0
Hey there! Good morning. You're connected to LMT airways. How may I assist you?, सुनो! सुबह बख़ैर। आप एलएमटी एयरवेज से जुड़े हैं। मैं आपकी कैसे सहायता कर सकता हूँ?,3,0
okay alright. thanks for your help, ठीक है। आपकी सहायता के लिए धन्यवाद,3,0
Sure. Could you also please share the booking confirmation number?, ज़रूर। क्या आप कृपया बुकिंग पुष्टिकरण संख्या भी साझा कर सकते हैं?,3,0
Awesome! The boarding pass will be sent to the email address or phone number shortly., बहुत बढ़िया! बोर्डिंग पास शीघ्र ही ईमेल पते या फोन नंबर पर भेज दिया जाएगा।,3,2
Hello! Good morning! Welcome to Sky Airway Customer Service! How may I help you today?, नमस्ते! सुबह बख़ैर! स्काई एयरवे ग्राहक सेवा में आपका स्वागत है! आज मैं आपकी कैसे मदद कर सकता हूँ?,3,0
ok, ठीक है,2,0
okay, ठीक है,2,0
SURE, ज़रूर,2,0
ok thanks, ठीक है धन्यवाद,3,0
Nila could you also help me out with your email address for the boarding pass to be sent to your mail address?, नीला क्या आप अपने ईमेल पते में भी मेरी मदद कर सकते हैं ताकि बोर्डिंग पास आपके मेल पते पर भेजा जा सके?,3,0
"its, 9600252546."," इसकी, 9600252546।",0,0
Thanks! I'd like to inform you that the boarding pass has been successfully messaged to your phone number., धन्यवाद! मैं आपको सूचित करना चाहता हूं कि बोर्डिंग पास आपके फोन नंबर पर सफलतापूर्वक भेज दिया गया है।,3,2
"Yeah, Thank  you", हां धन्यवाद,3,2
DIVYA, दिव्या,0,0
Jack King, जैक किंग,2,0
oh sorry 2ehs2, ओह क्षमा करें 2ehs2,2,0
I want middle seat, मुझे बीच की सीट चाहिए,1,0
"Done. Your new seat number is 23B. Which is a middle seat.
", पूर्ण। आपका नया सीट नंबर 23B है। जो बीच की सीट है।,2,0
HI, नमस्ते,2,0
Awesome! Please give me a minute to check if there's any middle seat available on the flight., बहुत बढ़िया! कृपया मुझे यह जांचने के लिए एक मिनट दें कि क्या उड़ान में कोई बीच की सीट उपलब्ध है।,3,2
"NO THANKS, HAVE A GREAT DAY, THANK YOU SO MUCH "," नहीं धन्यवाद, आपका दिन शुभ हो, बहुत बहुत धन्यवाद",3,2
ok, ठीक है,2,0
hi, नमस्ते,2,0
i want to need a airline seat assignment., मुझे एयरलाइन सीट असाइनमेंट की आवश्यकता है।,1,0
"HI,GOOD MORNING", हाय सुप्रभात,3,0
"Thank you John, may I also know your email address or phone number? "," धन्यवाद जॉन, क्या मैं आपका ईमेल पता या फोन नंबर भी जान सकता हूं?",3,0
From WAS to NYC, WAS से NYC . तक,0,0
Great! Please allow me a moment to process your request., महान! कृपया मुझे आपके अनुरोध को संसाधित करने के लिए कुछ समय दें।,3,2
"Great! Thank you for visiting us, wish to serve you again. Have an amazing day!","महान! हमारे पास आने के लिए धन्यवाद, मैं फिर से आपकी सेवा करना चाहता हूं। आपका दिन सुखद हो!",3,2
ok, ठीक है,2,0
Okay we have 6C available which is a window seat. Would you like to take that?," ठीक है, हमारे पास 6C उपलब्ध है जो एक विंडो सीट है। क्या आप इसे लेना चाहेंगे?",3,0
Alright! Please allow me a moment to check if that is available., ठीक है! कृपया मुझे यह जांचने के लिए एक क्षण दें कि क्या यह उपलब्ध है।,2,0
Hey there! Good morning. You're connected to LMT Airways. How may I help you?, सुनो! सुबह बख़ैर। आप एलएमटी एयरवेज से जुड़े हैं। क्या मेरे द्वारा आपकी कोई सहायता हो सकती है?,3,0
Perfect! I'd like to inform you that your seat has been changed successfully., उत्तम! मैं आपको सूचित करना चाहता हूं कि आपकी सीट सफलतापूर्वक बदल दी गई है।,3,2
YES, हां,2,2
Perfect! Is there anything else I may help you with?, उत्तम! क्या कुछ और है जिसमें मैं आपकी मदद कर सकता हूं?,3,2
no, नहीं,1,1
YES, हां,2,2
BRITISH AIRWAYS, ब्रिटिश एयरवेज,0,0
Thank you for providing this information. Please wait till I check., यह जानकारी प्रदान करने के लिए धन्यवाद। कृपया मेरे द्वारा जाँच किए जाने तक प्रतीक्षा करें।,3,0
Alright! Please allow me a moment while I make the booking for you.," ठीक है! जब तक मैं आपके लिए बुकिंग करता हूं, कृपया मुझे एक क्षण दें।",3,0
"You'll be needing a new one. If you could share your email address, we'll send that to you."," आपको एक नए की आवश्यकता होगी। यदि आप अपना ईमेल पता साझा कर सकते हैं, तो हम आपको वह भेज देंगे।",1,0
BYE, अलविदा,2,0
"Anything else I may help you out with today?
", कुछ और मैं आज आपकी मदद कर सकता हूं?,2,0
Hello! You've been connected to StarAirwyas. How may I assist you?, नमस्ते! आप StarAirwyas से जुड़ चुके हैं। मैं आपकी कैसे सहायता कर सकता हूँ?,3,0
Thank you for contacting us! Have a safe journey!, हमसे संपर्क करने के लिए धन्यवाद! आपकी यात्रा सुरक्षित हो!,3,2
prathik, प्रतीक,2,0
"Ok, I wait for your information. "," ठीक है, मैं आपकी जानकारी की प्रतीक्षा कर रहा हूँ।",2,0
HII, HII,2,0
HI, नमस्ते,2,0
"Perfect! As my sources you've been allotted 9C which is a window seat, would you like to change it? "," उत्तम! मेरे सूत्रों के रूप में आपको 9C आवंटित किया गया है जो एक विंडो सीट है, क्या आप इसे बदलना चाहेंगे?",3,2
HI, नमस्ते,2,0
Could you please help me out with your email address?, क्या आप कृपया अपने ईमेल पते के साथ मेरी मदद कर सकते हैं?,3,0
19,19,0,0
yes, हां,2,0
thank you drew, धन्यवाद आकर्षित,3,2
Sure! I'll be able to do that for you. May I know your name?, ज़रूर! मैं तुम्हारे लिए यह कर पाऊंगा। मैं आपका नाम जान सकता हुँ?,3,0
I hope we are connected?, मुझे आशा है कि हम जुड़े हुए हैं?,2,0
"Okay we have 9B available, would you like to take that?"," ठीक है हमारे पास 9B उपलब्ध है, क्या आप इसे लेना चाहेंगे?",3,0
"You're most welcome, I'm glad that I could help you with your concern. Thank you so much for reaching out to Sky Airway Service! I hope you have a great day ahead! have a safe and happy journey. I hope you have a great time on the flight. Bubye :)"," आपका बहुत-बहुत स्वागत है, मुझे खुशी है कि मैं आपकी चिंता में आपकी मदद कर सका। स्काई एयरवे सर्विस तक पहुंचने के लिए आपका बहुत-बहुत धन्यवाद! मुझे आशा है कि आपके आगे एक अच्छा दिन होगा! एक सुरक्षित और सुखी यात्रा हो। मुझे आशा है कि आपके पास उड़ान पर एक अच्छा समय होगा। बुबाई :)",3,2
Great! Please specify the seat you'd prefer to have as well., महान! कृपया वह सीट भी निर्दिष्ट करें जिसे आप पसंद करेंगे।,3,2
"Fantastic! Here's your seat number K17 which is a window seat, Is that okay for you?"," ज़बरदस्त! ये रहा आपकी सीट नंबर K17 जो कि विंडो सीट है, क्या यह आपके लिए ठीक है?",3,2
hi jesse, हाय जेसी,3,0
"I dont believe so, thank you very much!","मुझे ऐसा विश्वास नहीं है, बहुत-बहुत धन्यवाद!",3,0
THANK YOU SO MUCH,आपका बहुत-बहुत धन्यवाद,3,2
768 456 5656, 768 456 5656,0,0
american airlines, अमेरिकन एयरलाइंस,0,0
Goodbyt, अलविदा,2,0
Alright Vijay! Could you please share the booking confirmation number?, ठीक है विजय! क्या आप कृपया बुकिंग पुष्टिकरण संख्या साझा कर सकते हैं?,3,0
tamilnadu, तमिलनाडु,0,0
William Dallingar, विलियम डालिंगारी,0,0
NICE THANK YOU, अच्छा आपका धन्यवाद,3,2
Dubai to Chennai, दुबई से चेन्नई,0,0
You're always welcome! Have a great day ahead and a safe journey! It was a pleasure assisting you., आपका हमेशा स्वागत है! आगे का दिन अच्छा हो और सुरक्षित यात्रा हो! आपकी सहायता करना खुशी की बात थी।,3,2
"Reuben Ford
", रूबेन फोर्ड,0,0
"Sure! I'll be able to help you in changing your seat, may I please know your last name?"," ज़रूर! मैं आपकी सीट बदलने में आपकी मदद कर सकता हूँ, क्या मैं आपका उपनाम जान सकता हूँ?",3,0
Thank you for your help., आपके सहयोग के लिए धन्यवाद।,3,2
ok, ठीक है,2,0
Amazing! Please stay connected while I check your seat details.," अद्भुत! जब तक मैं आपकी सीट के विवरण की जांच कर रहा हूं, कृपया जुड़े रहें।",3,2
united, संयुक्त,0,0
BYE, अलविदा,2,0
Thanks! I've sent you an the boarding pass on your email. I hope this will be helpful., धन्यवाद! मैंने आपको आपके ईमेल पर एक बोर्डिंग पास भेजा है। मुझे उम्मीद है कि ये मददगार होगा।,3,2
Sure! I'll help you with that. May I know your last name please?, ज़रूर! मैं इसमें आपकी मदद करूंगा। क्या मैं आपका अंतिम नाम जान सकता हूँ?,3,0
Any dates from Sep 4th to Sep 7th, 4 सितंबर से 7 सितंबर तक की कोई भी तारीख,0,0
"Hello there! Sky high customer services, How may I help you today?"," नमस्ते! स्काई हाई कस्टमर सर्विसेज, मैं आज आपकी कैसे मदद कर सकता हूं?",3,0
Thank you for sharing the details. I see that you have booked the middle seat in the Spicejet airways and the seat number is D3. Please let me know the preferred seat so that I can try my best to find a one., विवरण साझा करने के लिए धन्यवाद। मैंने देखा कि आपने स्पाइसजेट एयरवेज में बीच की सीट बुक कर ली है और सीट संख्या डी3 है। कृपया मुझे पसंदीदा सीट के बारे में बताएं ताकि मैं एक खोजने की पूरी कोशिश कर सकूं।,3,0
NILA, नीला,0,0
nothing madam, कुछ नहीं महोदया,2,0
"Thank you! The seat number allotted to you is 25A. It's a window seat.
", आपको धन्यवाद! आपको आवंटित सीट संख्या 25A है। यह एक विंडो सीट है।,3,0
ok, ठीक है,2,0
Thank you very much, आपका बहुत बहुत धन्यवाद,3,2
hi, नमस्ते,2,0
Glad to help you. You can go through this website: www.pilotairlines.com in case any query and help us help you. Good day!,आपकी मदद करके प्रसन्नता हुई। आप इस वेबसाइट के माध्यम से जा सकते हैं: www.pilotairlines.com किसी भी प्रश्न के मामले में और आपकी सहायता करने में हमारी सहायता करें। अच्छा दिन!,3,2
hello spencer, हैलो स्पेंसर,3,0
And the booking confirmation number please?, और बुकिंग पुष्टिकरण संख्या कृपया?,2,0
My last name is George and no. is 7FBH36, मेरा अंतिम नाम जॉर्ज है और नहीं। 7FBH36 . है,1,0
hai, हाय,2,0
Awesome! Will there be anything else I could help you with?, बहुत बढ़िया! क्या कुछ और होगा जिसमें मैं आपकी मदद कर सकूं?,3,2
CHENNAI, चेन्नई,0,0
Perfect! May I please have a moment to check the details., उत्तम! क्या मुझे विवरण की जांच करने के लिए कुछ समय मिल सकता है।,3,2
Nothing, कुछ भी तो नहीं,2,0
ok, ठीक है,2,0
okay, ठीक है,2,0
Perfect! Is there naything else I may help you with?,उत्तम! क्या कुछ और नहीं है जिसमें मैं आपकी मदद कर सकूं?,3,2
Perfect! I'd like to inform you that your seat has been changed successfully., उत्तम! मैं आपको सूचित करना चाहता हूं कि आपकी सीट सफलतापूर्वक बदल दी गई है।,3,2
A very good morning! You've reached the Moon Airways customer service. How may I help you today?, एक बहुत अच्छी सुबह! आप मून एयरवेज ग्राहक सेवा तक पहुँच चुके हैं। आज मैं आपकी कैसे मदद कर सकता हूँ?,3,2
Sky line, आकाश रेखा,2,0
Thank for reaching out to us! I hope you have an amazing day ahead. Enjoy the flight. :), हमसे संपर्क करने के लिए धन्यवाद! मुझे आशा है कि आपके पास आगे एक अद्भुत दिन होगा। फ्लाइट का मज़ा लीजिये। :),3,2
NO THANKS," जी नहीं, धन्यवाद",3,1
A very good morning! You've reached the Moon Airways customer service. How may I help you today?, एक बहुत अच्छी सुबह! आप मून एयरवेज ग्राहक सेवा तक पहुँच चुके हैं। आज मैं आपकी कैसे मदद कर सकता हूँ?,3,2
Ok, ठीक,2,0
"Sure! May I know your last name?
", ज़रूर! क्या मैं आपका अंतिम नाम जान सकता हूँ?,2,0
Fantastic! The boarding pass will be sent to the email address or phone number shortly., ज़बरदस्त! बोर्डिंग पास शीघ्र ही ईमेल पते या फोन नंबर पर भेज दिया जाएगा।,2,2
I'm happy that you're happy with your seat assignment., मुझे खुशी है कि आप अपने सीट असाइनमेंट से खुश हैं।,3,2
Siva, शिव,0,0
Booking number is SH679B..Name is Anandkumar, बुकिंग नंबर है SH679B..नाम है आनंदकुमार,2,0
my full name is arun pandi  and my confirmation  no  asi452, मेरा पूरा नाम अरुण पंडी है और मेरी पुष्टि संख्या asi452,2,0
i want to check my seats?, मैं अपनी सीटों की जांच करना चाहता हूं?,2,0
hi, नमस्ते,2,0
"Thanks for waiting, I've checked the details and found one middle row seat 12C available should I confirm it for you?"," प्रतीक्षा करने के लिए धन्यवाद, मैंने विवरण की जांच की है और एक मध्य पंक्ति सीट 12सी उपलब्ध है क्या मुझे आपके लिए इसकी पुष्टि करनी चाहिए?",3,2
confirmation number hyj569, पुष्टिकरण संख्या hyj569,2,0
Good Evening!, नमस्ते!,3,2
"Thank You! May I also know the 6 chartered booking confirmation number?
", धन्यवाद! क्या मैं 6 चार्टर्ड बुकिंग पुष्टिकरण संख्या भी जान सकता हूँ?,3,0
"Thank you! As I have checked with my resources, There are two flights available, One is ""American airlines"" and the second is ""Delta airlines"" and the cost for both of them is same i.e $165. May I know which one you would prefer?"," आपको धन्यवाद! जैसा कि मैंने अपने संसाधनों के साथ जांच की है, दो उड़ानें उपलब्ध हैं, एक ""अमेरिकन एयरलाइंस"" है और दूसरी ""डेल्टा एयरलाइंस"" है और दोनों की लागत समान है यानी $ 165। क्या मैं जान सकता हूँ कि आप किसे पसंद करेंगे?",3,0
Awesome! I'd be glad to help you. May I know the departure and the arrival cities please?, बहुत बढ़िया! मुझे आपकी मदद करने में खुशी होगी। क्या मैं कृपया प्रस्थान और आगमन शहरों को जान सकता हूँ?,3,2
"Hello there, how may I assist you today?
"," नमस्ते, मैं आज आपकी कैसे सहायता कर सकता हूँ?",3,0
i need aboarding pass, मुझे बोर्डिंग पास चाहिए,1,0
You are travelling from Washington to which place?, आप वाशिंगटन से किस स्थान की यात्रा कर रहे हैं?,2,0
Superb! May I know the number of people to book the tickets for?, शानदार! क्या मुझे पता चल सकता है कि कितने लोगों के लिए टिकट बुक करना है?,2,2
"Sorry to keep you waiting, I have checked the details and found that there is 1 flight available of  Indian airways which will be departing from Goa at 4:30 am, on 29th September costing you $150, would that be alright?"," आपको प्रतीक्षा करने के लिए क्षमा करें, मैंने विवरण की जांच की है और पाया है कि भारतीय वायुमार्ग की 1 उड़ान उपलब्ध है जो 29 सितंबर को सुबह 4:30 बजे गोवा से प्रस्थान करेगी, जिसकी कीमत आपको $150 है, क्या यह ठीक रहेगा?",3,0
JOSEPH, यूसुफ,0,0
Beatriz Porter, बीट्रिज़ पोर्टर,0,0
hi, नमस्ते,2,0
Okay, ठीक,2,2
hi, नमस्ते,2,0
"Awesome! Thanks a ton for giving me those details, Just allow me a moment I'll quickly go ahead check that for you.","बहुत बढ़िया! मुझे वह विवरण देने के लिए बहुत-बहुत धन्यवाद, बस मुझे एक क्षण की अनुमति दें, मैं जल्दी से आगे बढ़ूंगा और आपके लिए इसकी जांच करूंगा।",3,2
NOTHIG ELSE, और कुछ नहीं,2,0
"Alright! Thank you for choosing us, wish to serve you again. Have a safe flight!","ठीक है! हमें चुनने के लिए धन्यवाद, मैं फिर से आपकी सेवा करना चाहता हूं। एक सुरक्षित उड़ान की कामना करते हैं!",3,2
"Yes! I'm here, I'm wondering why you want to change the seat, without knowing which seat is assigned to you."," हाँ! मैं यहां हूं, मैं सोच रहा हूं कि आप सीट क्यों बदलना चाहते हैं, बिना यह जाने कि आपको कौन सी सीट सौंपी गई है।",3,1
i want to book for you plane ticket, मैं आपके लिए हवाई जहाज का टिकट बुक करना चाहता हूँ,1,0
"Ok, I wait for your information. "," ठीक है, मैं आपकी जानकारी की प्रतीक्षा कर रहा हूँ।",2,0
Thank you so much Sam..., बहुत बहुत धन्यवाद सैम...,3,2
"Thank you very much for the details, the boarding pass will be sent to the email address or phone number shortly. "," विवरण के लिए बहुत-बहुत धन्यवाद, बोर्डिंग पास शीघ्र ही ईमेल पते या फोन नंबर पर भेज दिया जाएगा।",3,0
BABU@GMAIL.COM, बाबू@GMAIL.COM,0,0
i want to know my seat no, मुझे अपना सीट नंबर जानना है,2,0
"Alright! Allow me for a moment, while I check for the availability."," ठीक है! मुझे एक पल के लिए अनुमति दें, जबकि मैं उपलब्धता की जांच कर रहा हूं।",2,0
"Hello there, how may I assist you today?
"," नमस्ते, मैं आज आपकी कैसे सहायता कर सकता हूँ?",3,0
Yes. Thanks., हाँ। धन्यवाद।,3,2
I like to book that flight., मुझे वह फ्लाइट बुक करना पसंद है।,2,2
Thank you Riley! Could you please let me know your booking confirmation number?, धन्यवाद रिले! क्या आप कृपया मुझे अपनी बुकिंग पुष्टिकरण संख्या बता सकते हैं?,3,0
08/25/2018, 08/25/2018,0,0
Perfect! Is there anything else I may help you with?, उत्तम! क्या कुछ और है जिसमें मैं आपकी मदद कर सकता हूं?,3,2
okay thank you, ठीक है धन्यवाद,3,2
"Sure, thing! Could you please help me with your last name and the booking confirmation number?", अवश्य! क्या आप कृपया अपने अंतिम नाम और बुकिंग पुष्टिकरण संख्या के साथ मेरी मदद कर सकते हैं?,3,0
Great! Could you pleas give me a minute to check with the resources?, महान! क्या आप कृपया मुझे संसाधनों की जांच करने के लिए एक मिनट दे सकते हैं?,3,2
"Yes! I'll certainly help you out in this regards, I'll require your details to access your account. May I know your full name please?"," हाँ! मैं निश्चित रूप से इस संबंध में आपकी सहायता करूंगा, मुझे आपके खाते तक पहुंचने के लिए आपके विवरण की आवश्यकता होगी। क्या मैं आपका पूरा नाम जान सकता हूँ?",3,0
NAME - VARUN SOOD, नाम - वरुण सूद,0,0
I'll help you out with that. May I know the departure city and the arrival city?, मैं इसमें आपकी मदद करूंगा। क्या मैं प्रस्थान शहर और आगमन शहर को जान सकता हूँ?,3,0
Thank you for staying connected. We've got Ryan Air flying in the morning and the estimated arrival is at 11AM. The flight fare is $290. Would you like to take that?,जुड़े रहने के लिए धन्यवाद। हमने रयान एयर को सुबह उड़ान भरी है और अनुमानित आगमन सुबह 11 बजे है। उड़ान का किराया $290 है। क्या आप इसे लेना चाहेंगे?,3,0
"Sure! I'll be able to help you in this regard, could you please let me know your last name?"," ज़रूर! मैं इस संबंध में आपकी सहायता कर सकूंगा, क्या आप कृपया मुझे अपना अंतिम नाम बता सकते हैं?",3,0
MARTIN565@GMAIL.COM, मार्टिन565@GMAIL.COM,0,0
okay bye, ठीक है अलविदा,2,0
You're welcome! Would there be anything else I may assist you with?,आपका स्वागत है! क्या कुछ और होगा जिसमें मैं आपकी सहायता कर सकूं?,3,2
ok, ठीक है,2,0
bye, अलविदा,2,0
HAI, हाई,2,0
Take your time, पर्याप्त समय लो,2,0
"Not a problem, I'll change that for you. Allow me for a moment, while I check for the availability."," कोई समस्या नहीं है, मैं इसे आपके लिए बदल दूँगा। मुझे एक पल के लिए अनुमति दें, जबकि मैं उपलब्धता की जांच कर रहा हूं।",2,0
check MY seat assignment, मेरी सीट असाइनमेंट की जाँच करें,2,0
"I apologize. For the boarding pass, I'd require your phone number or email address. Could you please help me with that?"," मैं क्षमाप्रार्थी हूं। बोर्डिंग पास के लिए, मुझे आपका फ़ोन नंबर या ईमेल पता चाहिए। क्या आप कृपया इसमें मेरी मदद कर सकते हैं?",3,0
Hello! Good morning. You've reached LMT Airways. How may I assist you today?, नमस्ते! सुबह बख़ैर। आप एलएमटी एयरवेज पहुंच गए हैं। आज मैं आपकी मदद किस तरह कर सकता हूँ?,3,0
Thank you Jesse!!! Have a good day..Bye," धन्यवाद जेसी !!! आपका दिन अच्छा रहे, अलविदा",3,2
Thanks! I'd like to inform you that the confirmation link has been sent to your email address through which you can make the payment and confirm the booking., धन्यवाद! मैं आपको सूचित करना चाहता हूं कि पुष्टिकरण लिंक आपके ईमेल पते पर भेज दिया गया है जिसके माध्यम से आप भुगतान कर सकते हैं और बुकिंग की पुष्टि कर सकते हैं।,3,0
hai, हाय,2,0
Thanks! I'd like to inform you that the confirmation link has been sent to your email address., धन्यवाद! मैं आपको सूचित करना चाहता हूं कि पुष्टिकरण लिंक आपके ईमेल पते पर भेज दिया गया है।,3,0
Good morning! You've reached Flamingo customers service. How may I help you today?, सुबह बख़ैर! आप फ्लेमिंगो ग्राहक सेवा तक पहुँच चुके हैं। आज मैं आपकी कैसे मदद कर सकता हूँ?,3,1
my name dharma, मेरा नाम धर्म,1,0
NO., ना।,1,1
A very good morning! You've reached the Moon Airways customer service. How may I help you today?, एक बहुत अच्छी सुबह! आप मून एयरवेज ग्राहक सेवा तक पहुँच चुके हैं। आज मैं आपकी कैसे मदद कर सकता हूँ?,3,2
kowsi, कौसी,2,0
A very good morning! You've reached the Moon Airways customer service. How may I help you today?, एक बहुत अच्छी सुबह! आप मून एयरवेज ग्राहक सेवा तक पहुँच चुके हैं। आज मैं आपकी कैसे मदद कर सकता हूँ?,3,2
"Perfect! Thank you for that. Please allow me for a minute or two, while I get this done for you."," उत्तम! उसके लिये आपका धन्यवाद। कृपया मुझे एक या दो मिनट के लिए अनुमति दें, जबकि मैं आपके लिए यह कर रहा हूं।",3,2
Great! I'd like to inform you that your seat has been changed.,महान! मैं आपको सूचित करना चाहता हूं कि आपकी सीट बदल दी गई है।,3,2
Good morning! You've reached Flamingo customers service. How may I help you today?, सुबह बख़ैर! आप फ्लेमिंगो ग्राहक सेवा तक पहुँच चुके हैं। आज मैं आपकी कैसे मदद कर सकता हूँ?,3,1
For sure! I'll look upon the window seats available on the flight for you. Please give me a moment., पक्का! मैं आपके लिए फ़्लाइट में उपलब्ध विंडो सीटों पर नज़र डालूंगा। कृपया मुझे एक क्षण दें।,2,0
ok, ठीक है,2,0
Andrew, एंड्रयू,0,0
ok, ठीक है,2,0
Sure! May I know your last name and the booking confirmation number?, ज़रूर! क्या मैं आपका अंतिम नाम और बुकिंग पुष्टिकरण संख्या जान सकता हूँ?,2,0
"Yes sir, I've confirmed your seat for middle. Would there be anything else that I may help you with?"," हां सर, मैंने आपकी सीट बीच के लिए पक्की कर ली है। क्या कुछ और होगा जिसमें मैं आपकी मदद कर सकूं?",3,0
"Absolutely! I'll be glad to help you in this matter, may I please know your last name?"," बिल्कुल! मुझे इस मामले में आपकी मदद करने में खुशी होगी, क्या मैं आपका उपनाम जान सकता हूँ?",3,0
Awesome! Could you also share your booking confirmation number?, बहुत बढ़िया! क्या आप अपनी बुकिंग पुष्टिकरण संख्या भी साझा कर सकते हैं?,3,2
"Thanks for staying connected, I've booked your tickets soon you'll be getting a mail with a link which will take you to the page where you can make the payment and confirm your booking. Anything else I may help you in?"," जुड़े रहने के लिए धन्यवाद, मैंने आपके टिकट बुक कर लिए हैं जल्द ही आपको एक लिंक के साथ एक मेल प्राप्त होगा जो आपको उस पेज पर ले जाएगा जहां आप भुगतान कर सकते हैं और अपनी बुकिंग की पुष्टि कर सकते हैं। कुछ और मैं आपकी मदद कर सकता हूँ?",3,2
"Hello there! Sky high customer services, How may I help you today?
"," नमस्ते! स्काई हाई कस्टमर सर्विसेज, मैं आज आपकी कैसे मदद कर सकता हूं?",3,0
i already book a ticket but change a seat, मैं पहले से ही टिकट बुक कर लेता हूं लेकिन सीट बदल लेता हूं,1,2
HAI, हाई,2,0
BYE, अलविदा,2,0
american airlines, अमेरिकन एयरलाइंस,0,0
"Sure, we are here to assist you always! May I know your last name please?"," ज़रूर, हम यहाँ हमेशा आपकी सहायता के लिए हैं! क्या मैं आपका अंतिम नाम जान सकता हूँ?",3,0
Great! May I please know the preferred date of travel?, महान! क्या मैं कृपया यात्रा की पसंदीदा तारीख जान सकता हूँ?,3,2
Oh no! We are connected don't worry!, धत्तेरे की! हम जुड़े हुए हैं चिंता मत करो!,2,0
Thank you so much. The boarding pass has been sent to the email address. Please fell free to reach out to us at anytime in case of any queries., बहुत-बहुत धन्यवाद। बोर्डिंग पास ईमेल पते पर भेज दिया गया है। कृपया किसी भी प्रश्न के मामले में किसी भी समय हमसे संपर्क करने के लिए स्वतंत्र रहें।,3,2
Goodbye!, अलविदा!,2,0
"As I've checked with the resources, I see that the seat allotted to you is the aisle seat which is G9."," जैसा कि मैंने संसाधनों के साथ जाँच की है, मैं देख रहा हूँ कि आपको आवंटित सीट गलियारे की सीट है जो G9 है।",2,0
Sure. please send me my boarding pass, ज़रूर। कृपया मुझे मेरा बोर्डिंग पास भेजें,3,0
would you not want to change the seat like you have said before?, क्या आप सीट नहीं बदलना चाहेंगे जैसा आपने पहले कहा है?,3,0
HAI, हाई,2,0
HI, नमस्ते,2,0
"Alright, I've requested my team to share the boarding pass with you. They'll email you if you help me with your email address?"," ठीक है, मैंने अपनी टीम से आपके साथ बोर्डिंग पास साझा करने का अनुरोध किया है। यदि आप अपने ईमेल पते में मेरी सहायता करते हैं तो वे आपको ईमेल करेंगे?",1,0
ok no thanks, ठीक है नहीं धन्यवाद,3,1
Alright! I've confirmed the booking and have sent you a confirmation email where you can pay for the tickets and get a copy of the tickets. I hope this helps.,ठीक है! मैंने बुकिंग की पुष्टि कर दी है और आपको एक पुष्टिकरण ईमेल भेजा है जहां आप टिकटों के लिए भुगतान कर सकते हैं और टिकटों की एक प्रति प्राप्त कर सकते हैं। आशा है कि ये आपकी मदद करेगा।,3,2
"Thank You! May I also know the 6 chartered booking confirmation number?
", धन्यवाद! क्या मैं 6 चार्टर्ड बुकिंग पुष्टिकरण संख्या भी जान सकता हूँ?,3,0
"Good morning! You've reached Jet Airlines, how may I help you today? "," सुबह बख़ैर! आप जेट एयरलाइंस पहुंच गए हैं, मैं आज आपकी कैसे मदद कर सकता हूं?",3,0
Fantastic! The pass shall be sent to you shortly. Anything else I may help you with?, ज़बरदस्त! पास आपको शीघ्र ही भेजा जाएगा। कुछ और मैं आपकी मदद कर सकता हूँ?,3,2
Alright! May I know your preference please? would you like a aisle/middle/window seat?, ठीक है! क्या मैं आपकी पसंद जान सकता हूँ? क्या आप गलियारा/मध्य/खिड़की वाली सीट चाहेंगे?,3,0
"policies@yahoo.ca
", नीतियां@yahoo.ca,2,0
Okay, ठीक,2,0
I would like to change my seat assignment., मैं अपना सीट असाइनमेंट बदलना चाहता/चाहती हूं.,3,1
hello sam, हैलो सैम,3,0
my seat assignment, मेरी सीट असाइनमेंट,1,0
My mobile number is : 8527419637, मेरा मोबाइल नंबर है : 8527419637,2,0
ok, ठीक है,2,0
Great! Please feel free to reach out to us for further queries. Have a great journey. Bye., महान! कृपया आगे के प्रश्नों के लिए हमसे बेझिझक संपर्क करें। शानदार यात्रा करें। अलविदा।,3,2
"Hello there! Sky high customer services, How may I help you today?"," नमस्ते! स्काई हाई कस्टमर सर्विसेज, मैं आज आपकी कैसे मदद कर सकता हूं?",3,0
Alright! I'd love to help you out buddy! I'll need some information. I hope you don't mind sharing the information. May I know your full name please?, ठीक है! मुझे आपकी मदद करना अच्छा लगेगा दोस्त! मुझे कुछ जानकारी की आवश्यकता होगी। मुझे आशा है कि आपको जानकारी साझा करने में कोई आपत्ति नहीं है। क्या मैं आपका पूरा नाम जान सकता हूँ?,3,2
ANAND & WDF584, आनंद और WDF584,0,0
Wonderful! Please feel free to reach out to us for further queries. Have an amazing journey. Bye., अद्भुत! कृपया आगे के प्रश्नों के लिए हमसे बेझिझक संपर्क करें। एक अद्भुत यात्रा करें। अलविदा।,3,2
Not really, ज़रुरी नहीं,1,0
Great! I'll book two tickets. Could you share your email address please?, महान! मैं दो टिकट बुक करूंगा। क्या आप कृपया अपना ईमेल पता साझा कर सकते हैं?,3,2
i select 5.00 pm, मैं शाम 5.00 बजे चुनता हूं,1,0
"Great! Thank you so much for being patient and baring with me. I hope you have a safe journey, Have a amazing time in the fight. I hope you have a great day ahead! Goodbye."," महान! सब्र रखने और मेरे साथ बने रहने के लिए आपका बहुत-बहुत धन्यवाद। मुझे आशा है कि आपके पास एक सुरक्षित यात्रा है, लड़ाई में एक अद्भुत समय है। मुझे आशा है कि आपके आगे एक अच्छा दिन होगा! अलविदा।",3,2
HI, नमस्ते,2,0
Your preferred date please?, कृपया अपनी पसंदीदा तिथि?,2,0
i want to know my send no, मैं अपना सेंड नंबर जानना चाहता हूँ,2,1
ok, ठीक है,2,0
"Oh no worries, I'll change your seat right away! Which seat would you prefer middle or aisle? "," अरे कोई बात नहीं, मैं तुरंत आपकी सीट बदल दूँगा! आप कौन सी सीट मध्य या गलियारा पसंद करेंगे?",3,2
You're welcome! Would there be anything else I may assist you with?,आपका स्वागत है! क्या कुछ और होगा जिसमें मैं आपकी सहायता कर सकूं?,3,2
no thank you, नहीं धन्यवाद,3,1
"Good morning! You've reached Alliance Airways Customer service, how may I help you?  "," सुबह बख़ैर! आप एलायंस एयरवेज ग्राहक सेवा तक पहुँच चुके हैं, मैं आपकी कैसे मदद कर सकता हूँ?",3,0
"Great! Would you want me to confirm the Jet Airways flight from Kerala to Chennai on 21 August'18 for 1 members in economy class, the time of the flight would be 06:30 A.M. which costs  Rs.3599 per ticket?","महान! क्या आप चाहते हैं कि मैं 21 अगस्त'18 को केरल से चेन्नई के लिए जेट एयरवेज की इकॉनोमी क्लास में 1 सदस्यों के लिए उड़ान की पुष्टि कर दूं, उड़ान का समय सुबह 06:30 बजे होगा, जिसकी कीमत 3599 रुपये प्रति टिकट है?",3,0
Sure!. prakme123@gmail.com, ज़रूर!। prakme123@gmail.com,2,0
No Thanks," जी नहीं, धन्यवाद",3,1
You're always welcome! Have a great day ahead and a safe journey! It was a pleasure assisting you., आपका हमेशा स्वागत है! आगे का दिन अच्छा हो और सुरक्षित यात्रा हो! आपकी सहायता करना खुशी की बात थी।,3,2
Perfect! May I know the preferred date you'd like to travel?, उत्तम! क्या मैं उस पसंदीदा तारीख को जान सकता हूँ जिस पर आप यात्रा करना चाहते हैं?,3,2
yes, हां,2,0
ok, ठीक है,2,0
jacob and js65h4, जैकब और js65h4,0,0
"Stella Adams
", स्टेला एडम्स,0,0
Great! Please allow me a moment to check with the resources., महान! कृपया मुझे संसाधनों के साथ जाँच करने के लिए एक क्षण दें।,3,2
UNITED, संयुक्त,0,2
yes, हां,2,0
"Fantastic! Thanks a lot for reaching to us, It was really nice talking to you. I hope you enjoy the journey. Have a great day ahead! Buhbye! :)"," ज़बरदस्त! हम तक पहुंचने के लिए बहुत-बहुत धन्यवाद, आपसे बात करके बहुत अच्छा लगा। मुझे आशा है कि आप यात्रा का आनंद लेंगे। आगे एक महान दिन हो! टाटा! :)",3,2
Fantastic! The pass shall be sent to you shortly. Anything else I may help you with?, ज़बरदस्त! पास आपको शीघ्र ही भेजा जाएगा। कुछ और मैं आपकी मदद कर सकता हूँ?,3,2
ok sure,यकीनन ठीक,2,0
HAI, हाई,2,0
Thanks! I'd like to inform you that the boarding pass has been successfully messaged to your phone number., धन्यवाद! मैं आपको सूचित करना चाहता हूं कि बोर्डिंग पास आपके फोन नंबर पर सफलतापूर्वक भेज दिया गया है।,3,2
Aisle*, गलियारा*,0,0
789 567 4545, 789 567 4545,0,0
"Wonderful! Thanks for choosing us, hope you have a great trip! "," अद्भुत! हमें चुनने के लिए धन्यवाद, आशा है कि आपकी यात्रा शानदार रही होगी!",3,2
I've a good news for you. There is just 1 window seat available on your flight which is the K9. Do you want me to confirm that seat for you?, मेरे पास आपके लिए एक अच्छी खबर है। आपकी फ्लाइट में सिर्फ 1 विंडो सीट उपलब्ध है जो K9 है। क्या आप चाहते हैं कि मैं आपके लिए उस सीट की पुष्टि कर दूं?,3,2
Should I confirm it as Chennai?, क्या मुझे इसकी पुष्टि चेन्नई के रूप में करनी चाहिए?,1,0
Check my seat assignment and decide to change it., मेरे सीट असाइनमेंट की जांच करें और इसे बदलने का फैसला करें।,2,0
Amazing! I've changed your seat from B3 to D9. Would that be all?, अद्भुत! मैंने आपकी सीट को B3 से D9 में बदल दिया है। क्या वह सब होगा?,3,0
GOODBYE, अलविदा,2,1
"Sure! May I know your last name?
", ज़रूर! क्या मैं आपका अंतिम नाम जान सकता हूँ?,2,0
OK, ठीक है,2,0
ok, ठीक है,2,0
hi, नमस्ते,2,0
Hi, नमस्ते,3,0
hello, नमस्ते,2,0
Clear*, साफ़*,0,0
HELLO DREW, हैलो ड्रू,3,0
Hello! Good morning! Welcome to Sky Airway Customer Service! How may I help you today?, नमस्ते! सुबह बख़ैर! स्काई एयरवे ग्राहक सेवा में आपका स्वागत है! आज मैं आपकी कैसे मदद कर सकता हूँ?,3,0
"Fantastic! Here's your seat number K17 which is a window seat, Is that okay for you?"," ज़बरदस्त! ये रहा आपकी सीट नंबर K17 जो कि विंडो सीट है, क्या यह आपके लिए ठीक है?",3,2
hello, नमस्ते,2,0
Of course! Seat number D1 is a window seat and it is available. Would you like to take that?, बेशक! सीट संख्या D1 एक विंडो सीट है और यह उपलब्ध है। क्या आप इसे लेना चाहेंगे?,3,0
Sure! I'll help you get that. Could you please help me with your last name and your booking confirmation number?, ज़रूर! मैं इसे पाने में आपकी मदद करूंगा। क्या आप कृपया अपने अंतिम नाम और अपनी बुकिंग पुष्टिकरण संख्या के साथ मेरी मदद कर सकते हैं?,3,0
"I need a boarding pass
", मुझे बोर्डिंग पास चाहिए,1,0
"You're welcome!! Thank you for choosing us, we are always here to help you. Have a safe flight!","आपका स्वागत है!! हमें चुनने के लिए धन्यवाद, हम हमेशा आपकी मदद के लिए यहां हैं। एक सुरक्षित उड़ान की कामना करते हैं!",3,2
may i change my seat assignment?, क्या मैं अपना सीट असाइनमेंट बदल सकता हूँ?,3,0
kumar, कुमार,2,0
I need a boarding pass, मुझे बोर्डिंग पास चाहिए,1,0
"May I know your phone number to process the request.
", क्या मैं अनुरोध को संसाधित करने के लिए आपका फ़ोन नंबर जान सकता हूँ।,2,0
Could you also help me with the booking confirmation number?, क्या आप बुकिंग कन्फर्मेशन नंबर में भी मेरी मदद कर सकते हैं?,3,0
I ALREADY BOOKED A TICKET BUT I CHANGE THIS SEAT, मैंने पहले ही टिकट बुक कर लिया है लेकिन मैं इस सीट को बदल देता हूं,2,0
yes ok, हाँ ठीक है,2,0
i need boarding pass, मुझे बोर्डिंग पास चाहिए,1,0
"Thank you Mani, could you please be more specific with the booking confirmation number as well?"," धन्यवाद मणि, क्या आप कृपया बुकिंग पुष्टिकरण संख्या के साथ और अधिक विशिष्ट हो सकते हैं?",3,0
Washington in America, अमेरिका में वाशिंगटन,2,0
Amazing! May I please know on which name should I book the tickets and also please share the email address?, अद्भुत! क्या मैं कृपया जान सकता हूं कि मुझे किस नाम से टिकट बुक करना चाहिए और कृपया ईमेल पता भी साझा करें?,3,2
no thanks," जी नहीं, धन्यवाद",3,1
Surely! I'll be happy to help you with it. Please may I know your full name?, निश्चित रूप से! मुझे इसमें आपकी मदद करने में खुशी होगी। कृपया क्या मैं आपका पूरा नाम जान सकता हूँ?,3,2
hi, नमस्ते,2,0
Awesome! I'm glad to assist you Joseph! Could you please share your booking confirmation number?, बहुत बढ़िया! मुझे जोसेफ की सहायता करने में खुशी हो रही है! क्या आप कृपया अपनी बुकिंग पुष्टिकरण संख्या साझा कर सकते हैं?,3,2
Alright! The flights from Indigo and JetAirways are available. Which one would you prefer?, ठीक है! इंडिगो और जेटएयरवेज से उड़ानें उपलब्ध हैं। आप कौन सा पसंद करेंगे?,3,0
Okay! I'd like to inform you that the best deal I found for you is with American airways which is at 6:00 A.M to 1:25 P.M for $120 per person. Would you like to take that?, ठीक! मैं आपको सूचित करना चाहता हूं कि मुझे आपके लिए सबसे अच्छा सौदा अमेरिकन एयरवेज के साथ मिला है जो प्रति व्यक्ति $120 के लिए सुबह 6:00 बजे से दोपहर 1:25 बजे तक है। क्या आप इसे लेना चाहेंगे?,3,2
Great news! A middle seat is available and I've successfully changed your seat. The seat number is H6. Would you need anything else?, बढ़िया खबर! बीच की सीट उपलब्ध है और मैंने आपकी सीट सफलतापूर्वक बदल दी है। सीट नंबर H6 है। क्या आपको कुछ और चाहिए होगा?,3,2
yeah sure take your time," हाँ, अपना समय अवश्य लें",2,0
For sure! I'll help you with that. Could you please let me know your last name and the booking confirmation number?, पक्का! मैं इसमें आपकी मदद करूंगा। क्या आप कृपया मुझे अपना अंतिम नाम और बुकिंग पुष्टिकरण संख्या बता सकते हैं?,3,0
ashok, अशोक,2,0
"Amazing! Thanks for being patient, I've check here you seat number is k2 and it is a window seat. I hope that would be okay?","अद्भुत! धैर्य रखने के लिए धन्यवाद, मैंने यहां जांच की है कि आपकी सीट संख्या k2 है और यह एक विंडो सीट है। मुझे आशा है कि यह ठीक होगा?",3,2
"Awesome! I've changed and confirmed the seat for you. For the boarding pass, I'd require your email address or phone number. Could you please help me with the details?"," बहुत बढ़िया! मैंने आपके लिए सीट बदल दी है और पुष्टि कर दी है। बोर्डिंग पास के लिए, मुझे आपका ईमेल पता या फ़ोन नंबर चाहिए। क्या आप कृपया मुझे विवरण के साथ मदद कर सकते हैं?",3,2
and my name is kavin, और मेरा नाम कविन है,2,0
please let me know my seat assignment, कृपया मुझे मेरे सीट असाइनमेंट के बारे में बताएं,2,0
boarding pass to be sent to your email address or phone number., बोर्डिंग पास आपके ईमेल पते या फोन नंबर पर भेजा जाना है।,1,0
Awesome! I've sent you the boarding pass and you'll receive it within 2-3 minutes., बहुत बढ़िया! मैंने आपको बोर्डिंग पास भेज दिया है और आप इसे 2-3 मिनट में प्राप्त कर लेंगे।,3,2
ok, ठीक है,2,0
Great! May I know the preferred date of your travel?, महान! क्या मैं आपकी यात्रा की पसंदीदा तारीख जान सकता हूँ?,3,2
"Destiney Montgomery
", डेस्टिनी मोंटगोमरी,0,0
nivi, निवि,0,0
"Thank you very much for the details, please give me a minute to proceed further."," विवरण के लिए बहुत-बहुत धन्यवाद, कृपया मुझे आगे बढ़ने के लिए एक मिनट दें।",3,2
NOTHING ELSE, और कुछ नहीं,2,0
Thank you Jesse! Could you please let me know you booking confirmation number?, धन्यवाद जेसी! क्या आप कृपया मुझे बता सकते हैं कि आपने बुकिंग पुष्टिकरण संख्या की है?,3,0
yes, हां,2,0
I got all information., मुझे सारी जानकारी मिली है।,1,0
confirmation number kjh4589, पुष्टिकरण संख्या kjh4589,2,0
robin, रोबिन,0,0
"You're welcome! Thank you for visiting us, wish to serve you again. Have a safe flight!"," आपका स्वागत है! हमारे पास आने के लिए धन्यवाद, मैं फिर से आपकी सेवा करना चाहता हूं। एक सुरक्षित उड़ान की कामना करते हैं!",3,2
"Hi, I would like to check my seat assignment for an upcoming flight."," नमस्ते, मैं आगामी उड़ान के लिए अपने सीट असाइनमेंट की जांच करना चाहता/चाहती हूं।",3,0
For sure! I'll help you with that. Could you please let me know your last name and the booking confirmation number?, पक्का! मैं इसमें आपकी मदद करूंगा। क्या आप कृपया मुझे अपना अंतिम नाम और बुकिंग पुष्टिकरण संख्या बता सकते हैं?,3,0
Awesome! The boarding pass will be sent to the phone number shortly., बहुत बढ़िया! बोर्डिंग पास शीघ्र ही फोन नंबर पर भेज दिया जाएगा।,3,2
Great! Is there anything else that I may help you with?, महान! क्या कुछ और है जिसमें मैं आपकी मदद कर सकता हूं?,3,2
Thank you very much, आपका बहुत बहुत धन्यवाद,3,2
"Surely, could you help me with the booking confirmation number?"," निश्चित रूप से, क्या आप बुकिंग पुष्टिकरण संख्या के बारे में मेरी मदद कर सकते हैं?",2,0
2 persons, 2 आदमी,0,0
amazing! three passenger as well, अद्भुत! तीन यात्री भी,2,2
raja@gmail.com  phone number 8940561915, raja@gmail.com फोन नंबर 8940561915,0,0
"You're welcome! Feel free to reach us when needed, have a safe flight. Goodbye."," आपका स्वागत है! जरूरत पड़ने पर बेझिझक हम तक पहुंचें, सुरक्षित उड़ान भरें। अलविदा।",2,2
"Good morning! You've reached Alliance Airways Customer service, how may I help you?  "," सुबह बख़ैर! आप एलायंस एयरवेज ग्राहक सेवा तक पहुँच चुके हैं, मैं आपकी कैसे मदद कर सकता हूँ?",3,0
"Awesome! Would you like to travel in a Economy class, Business class, first class or premium class?"," बहुत बढ़िया! क्या आप इकोनॉमी क्लास, बिजनेस क्लास, फर्स्ट क्लास या प्रीमियम क्लास में यात्रा करना चाहेंगे?",3,2
You're welcome! Would there be anything else I may assist you with?,आपका स्वागत है! क्या कुछ और होगा जिसमें मैं आपकी सहायता कर सकूं?,3,2
All right! Could you please help me with your full name and email addres?,ठीक है! क्या आप कृपया अपना पूरा नाम और ईमेल पते के साथ मेरी मदद कर सकते हैं?,3,0
Okay! Would there be anything else I may assist you with?, ठीक! क्या कुछ और होगा जिसमें मैं आपकी सहायता कर सकूं?,2,0
Great! It was a pleasure assisting you. Have a great day and please do reach out to us in case of any queries.,महान! आपकी सहायता करना खुशी की बात थी। आपका दिन शुभ हो और कृपया किसी भी प्रश्न के मामले में हमसे संपर्क करें।,3,2
Perfect! Could you please help me out with your email address so that I can send you the link through which you can book your ticket?, उत्तम! क्या आप कृपया अपने ईमेल पते के साथ मेरी मदद कर सकते हैं ताकि मैं आपको वह लिंक भेज सकूं जिसके माध्यम से आप अपना टिकट बुक कर सकते हैं?,3,2
But I prefer to have aisle seat. will you be able to change it now ?, लेकिन मैं गलियारे की सीट रखना पसंद करता हूं। क्या आप इसे अभी बदल पाएंगे ?,2,0
ok, ठीक है,2,0
OK THANKS, ठीक है धन्यवाद,3,2
"Sure! I'll be able to help you in knowing your seat arrangement, may I please know your last name?"," ज़रूर! मैं आपकी सीट की व्यवस्था जानने में आपकी मदद कर सकता हूँ, क्या मैं आपका अंतिम नाम जान सकता हूँ?",3,0
my name is rathi, मेरा नाम राठी है,2,0
OK, ठीक है,2,0
hello, नमस्ते,2,0
"Fantastic! Here's your seat number K17 which is a window seat, Is that okay for you?"," ज़बरदस्त! ये रहा आपकी सीट नंबर K17 जो कि विंडो सीट है, क्या यह आपके लिए ठीक है?",3,2
Sure! I'll help you with that. May I know your last name please?, ज़रूर! मैं इसमें आपकी मदद करूंगा। क्या मैं आपका अंतिम नाम जान सकता हूँ?,3,0
"Fantastic! Thanks a lot for reaching to us, It was really nice talking to you. I hope you enjoy the journey. Have a great day ahead! Buhbye! :) "," ज़बरदस्त! हम तक पहुंचने के लिए बहुत-बहुत धन्यवाद, आपसे बात करके बहुत अच्छा लगा। मुझे आशा है कि आप यात्रा का आनंद लेंगे। आगे एक महान दिन हो! टाटा! :)",3,2
id like to check my seat assignment, आईडी मेरे सीट असाइनमेंट की जांच करना पसंद करती है,3,0
098 456 3456, 098 456 3456,0,0
Sure! I'll help you get that as well. May I know your email address please?, ज़रूर! मैं आपको इसे प्राप्त करने में भी मदद करूंगा। क्या मैं आपका ईमेल पता कृपया जान सकता हूँ?,3,0
Sure! May I please know your email address so that I could mail your boarding passes?, ज़रूर! क्या मैं आपका ईमेल पता जान सकता हूँ ताकि मैं आपके बोर्डिंग पास मेल कर सकूं?,3,0
ok\, ठीक है\,2,0
Great! I've sent your boarding pass to your given email address. Is there anything else that I may help you with?, महान! मैंने आपका बोर्डिंग पास आपके दिए गए ईमेल पते पर भेज दिया है। क्या कुछ और है जिसमें मैं आपकी मदद कर सकता हूं?,3,2
Fantastic! I've sent your boarding pass to your given email address. Would there be anything else that I may help you with?, ज़बरदस्त! मैंने आपका बोर्डिंग पास आपके दिए गए ईमेल पते पर भेज दिया है। क्या कुछ और होगा जिसमें मैं आपकी मदद कर सकूं?,3,2
Sure! i am Vines, ज़रूर! मैं वाइन हूँ,2,0
taxes to colifornia, कोलिफ़ोर्निया के लिए कर,0,0
hhy667, hhy667,2,0
"Quinton Bird
",क्विंटन बर्ड,0,0
9C IS OK FORME, 9सी इज़ ओके फॉर्म,2,2
damore45@gmail.com, damore45@gmail.com,0,0
i want to book flight ticket, मुझे फ्लाइट का टिकट बुक करना है,1,0
wisozk67@gmail.com, wisozk67@gmail.com,2,0
Yes sure! My booking confirmation number is B7J9M0, हाँ यकीनन! मेरी बुकिंग पुष्टिकरण संख्या B7J9M0 है,2,0
"Surely, I check if there any middle seat available. Please allow me a moment."," निश्चित रूप से, मैं जांचता हूं कि कोई बीच की सीट उपलब्ध है या नहीं। कृपया मुझे एक क्षण की अनुमति दें।",2,0
"yes, please make changes and send boarding pass to my email please "," हां, कृपया बदलाव करें और मेरे ईमेल पर बोर्डिंग पास भेजें",3,0
"No worries, thanks for providing the information. I'd like to inform you that you've been assigned 9C which is a window seat. "," कोई चिंता नहीं, जानकारी प्रदान करने के लिए धन्यवाद। मैं आपको सूचित करना चाहता हूं कि आपको 9C दिया गया है जो एक विंडो सीट है।",3,0
kop@mail.com, kop@mail.com,2,0
"Thanks for reaching out to us, I hope you have safe journey and a great time on the flight! Have a great day ahead! Goodbye! :)"," हमसे संपर्क करने के लिए धन्यवाद, मुझे आशा है कि आपके पास सुरक्षित यात्रा और उड़ान में एक अच्छा समय है! आगे एक महान दिन हो! अलविदा! :)",3,2
Please do reach out to us in case of any queries. Have a great day and a safe journey!, कृपया किसी भी प्रश्न के मामले में हमसे संपर्क करें। आपका दिन शुभ हो और सुरक्षित यात्रा हो!,3,2
Ask for your boarding, अपने बोर्डिंग के लिए पूछें,2,0
i wants to book a ticket flight, मैं एक टिकट उड़ान बुक करना चाहता हूँ,1,0
no thanks," जी नहीं, धन्यवाद",3,1
A very good morning! You've reached the Moon Airways customer service. How may I help you today?, एक बहुत अच्छी सुबह! आप मून एयरवेज ग्राहक सेवा तक पहुँच चुके हैं। आज मैं आपकी कैसे मदद कर सकता हूँ?,3,2
DIVI67@GMAIL.COM, DIVI67@GMAIL.COM,0,0
ok, ठीक है,2,0
nothing else thank you, और कुछ नहीं धन्यवाद,3,0
no thanks.," जी नहीं, धन्यवाद।",3,1
"Amm, okay but be quick"," अम्म, ठीक है, लेकिन जल्दी करो",2,2
hai, हाय,2,0
m23c25, एम23सी25,0,0
Sorry for the inconvenience, असुविधा के लिए खेद है,2,1
Fantastic! Please give me a moment to check., ज़बरदस्त! कृपया मुझे जांचने के लिए एक क्षण दें।,3,2
CAn you please tell me what my seat number is ? my confirmation number is HHD542, क्या आप कृपया मुझे बता सकते हैं कि मेरी सीट संख्या क्या है? मेरी पुष्टिकरण संख्या HHD542 है,3,0
"Not a problem, I'll update the changes and send the boarding pass to the updated phone number. "," कोई बात नहीं, मैं बदलावों को अपडेट कर दूंगा और बोर्डिंग पास को अपडेट किए गए फ़ोन नंबर पर भेज दूंगा।",1,0
Alright! I've confirmed the seat F4 for you. Would there be anything else I may help you with?,ठीक है! मैंने आपके लिए सीट F4 की पुष्टि कर दी है। क्या कुछ और होगा जिसमें मैं आपकी मदद कर सकूं?,3,0
T7HHJ8, T7HHJ8,0,0
hai, हाय,2,0
nothing bye, कुछ नहीं अलविदा,2,0
"Good to hear from you, Raja! Could you please share the booking confirmation number?"," आपसे सुनकर अच्छा लगा, राजा! क्या आप कृपया बुकिंग पुष्टिकरण संख्या साझा कर सकते हैं?",3,2
"hi,good morning", हाय सुप्रभात,3,0
hello there, नमस्ते,2,0
may i know my seat assignment, क्या मैं अपना सीट असाइनमेंट जान सकता हूँ,3,0
ok thanks, ठीक है धन्यवाद,3,0
good morning, शुभ प्रभात,2,2
OK BYE, चलो बाय,2,0
Sure Vincent! Could you please help me with the booking confirmation number?, ज़रूर विंसेंट! क्या आप कृपया बुकिंग पुष्टिकरण संख्या के बारे में मेरी सहायता कर सकते हैं?,3,0
hai, हाय,2,0
nothing, कुछ नहीं,1,0
ok, ठीक है,2,0
my name is suresh kumar, मेरा नाम सुरेश कुमार है,2,0
ok, ठीक है,2,0
hello, नमस्ते,2,0
"Awesome! Thanks for reaching out to us, hope you have a wonderful trip ahead. "," बहुत बढ़िया! हमसे संपर्क करने के लिए धन्यवाद, आशा है कि आपकी आगे की यात्रा शानदार रही होगी।",3,2
Ok, ठीक,2,0
"Oh, great, thank you so much, bye bye "," ओह, बढ़िया, बहुत-बहुत धन्यवाद, अलविदा",3,2
My email address Williyars07@gmail.com, मेरा ईमेल पता Williyars07@gmail.com,2,0
name divya, नाम दिव्या,2,0
"Yes, "," हाँ,",2,0
"Fantastic! Here's your seat number K17 which is a window seat, Is that okay for you?"," ज़बरदस्त! ये रहा आपकी सीट नंबर K17 जो कि विंडो सीट है, क्या यह आपके लिए ठीक है?",3,2
It was a pleasure to assist you today. Thank you for reaching out to us. Good day!, आज आपकी सहायता करके खुशी हुई। हमसे संपर्क की पहल के लिए आपका धन्यवाद। अच्छा दिन!,3,2
"Hello, can you please send me a copy of my boarding pass?"," नमस्कार, क्या आप कृपया मुझे मेरे बोर्डिंग पास की एक प्रति भेज सकते हैं?",3,0
name raja, नाम राजः,0,0
I'll send you the boarding pass right now. May I know your full name and the booking confirmation number?, मैं आपको अभी बोर्डिंग पास भेजूंगा। क्या मैं आपका पूरा नाम और बुकिंग पुष्टिकरण संख्या जान सकता हूँ?,3,0
Sure! Could you please let me know the departure and arrival city?, ज़रूर! क्या आप कृपया मुझे प्रस्थान और आगमन शहर के बारे में बता सकते हैं?,3,0
ok, ठीक है,2,0
Highly appreciate your patience. You're assigned to a window seat which is Y7. Would you like to change the seat?, आपके धैर्य की अत्यधिक सराहना करते हैं। आपको एक विंडो सीट दी गई है जो Y7 है। क्या आप सीट बदलना चाहेंगे?,3,2
Goodbye!, अलविदा!,2,0
hinton453264, हिंटन453264,2,0
Great thanks so much, बहुत बहुत धन्यवाद,3,2
arun@gmail.com, arun@gmail.com,0,0
mybooking confirmation numberpok245, mybooking पुष्टिकरण संख्याpok245,2,0
I want aisle seat instead of window,मुझे खिड़की की जगह गलियारे वाली सीट चाहिए,1,0
Good morning! You've reached Flamingo customers service. How may I help you today?, सुबह बख़ैर! आप फ्लेमिंगो ग्राहक सेवा तक पहुँच चुके हैं। आज मैं आपकी कैसे मदद कर सकता हूँ?,3,1
Please do reach out to us in case of any queries. Have a great day and a safe journey!, कृपया किसी भी प्रश्न के मामले में हमसे संपर्क करें। आपका दिन शुभ हो और सुरक्षित यात्रा हो!,3,2
my name is hari., मेरा नाम हरि है।,1,0
OKAY, ठीक है,2,0
Thanks Suhas! Could you please let me know your booking confirmation number?, धन्यवाद सुहास! क्या आप कृपया मुझे अपनी बुकिंग पुष्टिकरण संख्या बता सकते हैं?,3,2
Thank you for staying on hold. You're assigned to seat number H87 which is a window seat. Would you need anything else?, रुके रहने के लिए धन्यवाद। आपको सीट नंबर H87 सौंपा गया है जो एक विंडो सीट है। क्या आपको कुछ और चाहिए होगा?,3,0
Thank you so much. The confirmation link has been sent to the email address. Would you need anything else?,बहुत-बहुत धन्यवाद। पुष्टिकरण लिंक ईमेल पते पर भेज दिया गया है। क्या आपको कुछ और चाहिए होगा?,3,2
thanks, धन्यवाद,2,2
bg92s0, bg92s0,0,0
yes. thank you., हां। शुक्रिया।,3,2
I NEED CHANGE MY SEAT ASSIGNMENT, मुझे अपना सीट असाइनमेंट बदलने की आवश्यकता है,1,1
"Not a problem, I'll change that for you. Allow me a moment, while I check for the availability in A category."," कोई समस्या नहीं है, मैं इसे आपके लिए बदल दूँगा। मुझे एक क्षण की अनुमति दें, जबकि मैं ए श्रेणी में उपलब्धता की जांच करता हूं।",2,0
"Thank you Jenelia, please proceed with the link for payment. You're tickets have been confirmed and you'll receive the mail of confirmation only after the payment is done. "," धन्यवाद जेनेलिया, कृपया भुगतान के लिए लिंक के साथ आगे बढ़ें। आपका टिकट कन्फर्म हो गया है और भुगतान हो जाने के बाद ही आपको कन्फर्मेशन का मेल प्राप्त होगा।",3,1
OKEY THANK YOU VERY MUCH," ठीक है, बहुत-बहुत धन्यवाद",3,2
Great! Would there be anything else I may assist you with?, महान! क्या कुछ और होगा जिसमें मैं आपकी सहायता कर सकूं?,3,2
"Thank you Buck, please give me a minute to check the assigned seat for you. "," धन्यवाद बक, कृपया मुझे आपके लिए निर्धारित सीट की जांच करने के लिए एक मिनट दें।",3,2
"Of course, I'll help you get that as well. Could you please share your email address?"," बेशक, मैं इसे हासिल करने में भी आपकी मदद करूंगा। क्या आप कृपया अपना ईमेल पता साझा कर सकते हैं?",3,0
okay i am waiting," ठीक है, मैं इंतज़ार कर रहा हूँ",2,0
Glad to help you today. Please go through this website: www.pilotairlines.com in case of any query and help us help you. Good day!, आज आपकी मदद करके खुशी हुई। कृपया इस वेबसाइट को देखें: www.pilotairlines.com किसी भी प्रश्न के मामले में और आपकी सहायता करने में हमारी सहायता करें। अच्छा दिन!,3,2
"Sure! May I know your last name?
", ज़रूर! क्या मैं आपका अंतिम नाम जान सकता हूँ?,2,0
"My pleasure! It's a pleasure assisting you, have a great day ahead!"," मेरा सौभाग्य! आपकी सहायता करना खुशी की बात है, आपका दिन शुभ हो!",3,2
"Perfect! As my sources you've been allotted 9C which is a window seat, would you like to change it? "," उत्तम! मेरे सूत्रों के रूप में आपको 9C आवंटित किया गया है जो एक विंडो सीट है, क्या आप इसे बदलना चाहेंगे?",3,2
I wants to book a flight,मैं एक उड़ान बुक करना चाहता हूँ,1,0
no thans ok.," नहीं, ठीक है।",2,0
"Good morning! You've reached Alliance Indian Airlines, how may I help you today?"," सुबह बख़ैर! आप एलायंस इंडियन एयरलाइंस पहुंच गए हैं, मैं आज आपकी कैसे मदद कर सकता हूं?",3,0
Alright Rock! Could you help me with the booking confirmation number please?, ठीक है रॉक! क्या आप कृपया बुकिंग पुष्टिकरण संख्या के साथ मेरी मदद कर सकते हैं?,3,0
I'll help you out with that. May I know the departure city and the arrival city?, मैं इसमें आपकी मदद करूंगा। क्या मैं प्रस्थान शहर और आगमन शहर को जान सकता हूँ?,3,0
"Hello there, how may I assist you today?
"," नमस्ते, मैं आज आपकी कैसे सहायता कर सकता हूँ?",3,0
"I completely understand your situation sir, But I apologies. There are no seats vacant right now. However,there are last minute cancellation, we will definitely connect back to you if I find the seat for you.
"," मैं आपकी स्थिति को पूरी तरह से समझता हूं सर, लेकिन मैं क्षमा चाहता हूं। अभी कोई सीट खाली नहीं है। हालाँकि, अंतिम समय में रद्दीकरण है, अगर मुझे आपके लिए सीट मिल जाती है तो हम निश्चित रूप से आपसे संपर्क करेंगे।",3,1
no, नहीं,1,1
"Thank you! The seat number allotted to you is 25A. It's a window seat.
", आपको धन्यवाद! आपको आवंटित सीट संख्या 25A है। यह एक विंडो सीट है।,3,0
"Oh, Yes! I'd be glad to help you out. I'll need your details to pull up your profile. May I know your full name please?", ओह हां! मुझे आपकी मदद करने में खुशी होगी। आपकी प्रोफ़ाइल को ऊपर खींचने के लिए मुझे आपके विवरण की आवश्यकता होगी। क्या मैं आपका पूरा नाम जान सकता हूँ?,3,0
My name is Murali & Confirmationno is FRD456, मेरा नाम मुरली है और कन्फर्मेशननो FRD456 है,2,0
D1S5F3, D1S5F3,0,0
Perfect! I'd like to inform you that the boarding pass has been mailed to your email address successfully., उत्तम! मैं आपको सूचित करना चाहता हूं कि बोर्डिंग पास आपके ईमेल पते पर सफलतापूर्वक भेज दिया गया है।,3,2
Have a great day, आपका दिन अच्छा रहे,2,2
I FORGET MY BOOKING SEAT NUMBER, मैं अपना बुकिंग सीट नंबर भूल जाता हूं,1,0
Have you time Robin..No issues, क्या आपके पास समय है रॉबिन..कोई बात नहीं,1,2
hai, हाय,2,0
I'll help you out with that. May I know your full name and the booking confirmation number?, मैं इसमें आपकी मदद करूंगा। क्या मैं आपका पूरा नाम और बुकिंग पुष्टिकरण संख्या जान सकता हूँ?,3,0
divya@gmail.com, दिव्या@gmail.com,2,0
wrs254, wrs254,0,0
confirmation number:azx256, पुष्टिकरण संख्या: azx256,0,0
BYEE, अलविदा,2,0
Sure! I'll help you with that. May I know your last name please?, ज़रूर! मैं इसमें आपकी मदद करूंगा। क्या मैं आपका अंतिम नाम जान सकता हूँ?,3,0
va58t9, va58t9,0,0
OK, ठीक है,2,0
"Awesome! Thanks for choosing us, hope you have a wonderful trip!"," बहुत बढ़िया! हमें चुनने के लिए धन्यवाद, आशा है कि आपकी यात्रा शानदार रही होगी!",3,2
"Nice to hear from you, Bala! Could you please share the booking confirmation number?"," आपसे सुनकर अच्छा लगा, बाला! क्या आप कृपया बुकिंग पुष्टिकरण संख्या साझा कर सकते हैं?",3,2
458271,458271,0,0
"Hello there! Sky high customer services, How may I help you today?"," नमस्ते! स्काई हाई कस्टमर सर्विसेज, मैं आज आपकी कैसे मदद कर सकता हूं?",3,0
check my seat assignment, मेरी सीट असाइनमेंट की जाँच करें,2,0
ok, ठीक है,2,0
"Thanks for staying on hold, I've checked the details and your seat number is 5D it is a middle row seat. Will that be fine?","होल्ड पर बने रहने के लिए धन्यवाद, मैंने विवरण की जांच की है और आपकी सीट संख्या 5D है, यह एक मध्य पंक्ति की सीट है। क्या यह ठीक रहेगा?",3,0
"Wonderful! Here's your seat number K17 which is a window seat, Is that okay for you?"," अद्भुत! ये रहा आपकी सीट नंबर K17 जो कि विंडो सीट है, क्या यह आपके लिए ठीक है?",2,2
KHAN, KHAN,0,0
Fantastic! Please hold a moment till I check for the best rates for you., ज़बरदस्त! कृपया कुछ समय रुकें जब तक कि मैं आपके लिए सर्वोत्तम दरों की जांच न कर लूं।,2,2
hi sir, नमस्कार श्री मान जी,3,0
rohit@gmail.com, rohit@gmail.com,2,0
Great! Is there anything else that I may help you with?, महान! क्या कुछ और है जिसमें मैं आपकी मदद कर सकता हूं?,3,2
check my seat assignment, मेरी सीट असाइनमेंट की जाँच करें,2,0
"Good morning! You've reached Alliance Airways Customer service, how may I help you?  "," सुबह बख़ैर! आप एलायंस एयरवेज ग्राहक सेवा तक पहुँच चुके हैं, मैं आपकी कैसे मदद कर सकता हूँ?",3,0
"Hello! Surely, I'll do my best to help. Please may I know your ful name?"," नमस्ते! ज़रूर, मैं मदद करने की पूरी कोशिश करूँगा। कृपया क्या मैं आपका पूरा नाम जान सकता हूँ?",3,0
Sure! I'll help you with that. May I know your last name please?, ज़रूर! मैं इसमें आपकी मदद करूंगा। क्या मैं आपका अंतिम नाम जान सकता हूँ?,3,0
james@gmail.com, James@gmail.com,0,0
a4g4f3, a4g4f3,0,0
"Anything else I may help you out with today?
", कुछ और मैं आज आपकी मदद कर सकता हूं?,2,0
OK, ठीक है,2,0
Thanks. bye, धन्यवाद। अलविदा,3,2
Welcome to PilotAirlines! You're talking to the Customer Executive! Could you please provide me with your last name and booking confirmation number?, पायलट एयरलाइंस में आपका स्वागत है! आप ग्राहक कार्यकारी से बात कर रहे हैं! क्या आप कृपया मुझे अपना अंतिम नाम और बुकिंग पुष्टिकरण संख्या प्रदान कर सकते हैं?,3,0
"Good news! There's M16 aisle seat available for you, should I go ahead and confirm the seat for you?"," खुशखबरी! आपके लिए M16 गलियारा सीट उपलब्ध है, क्या मुझे आगे जाकर आपके लिए सीट की पुष्टि करनी चाहिए?",3,2
EMAIL ID - ujwalprasad678@yahoo.in, ईमेल आईडी - ujwalprasad678@yahoo.in,2,0
lila, लीला,0,0
Sure thing! I'll be happy to help you with that. Could you please help me with your last name and your booking confirmation number?, अवश्य! मुझे इसमें आपकी मदद करने में खुशी होगी। क्या आप कृपया अपने अंतिम नाम और अपनी बुकिंग पुष्टिकरण संख्या के साथ मेरी मदद कर सकते हैं?,3,0
"Departure city is CA, arrival city is NY"," प्रस्थान शहर CA है, आगमन शहर NY है",0,0
Please mention the booking confirmation number as well., कृपया बुकिंग पुष्टिकरण संख्या का भी उल्लेख करें।,2,0
Hope we're connected?, आशा है कि हम जुड़े हुए हैं?,2,0
ok, ठीक है,2,0
Hey there! Good morning! you've reached Jet airlines customer service! You're connected to Sam! How may I help you today?, सुनो! सुबह बख़ैर! आप जेट एयरलाइंस ग्राहक सेवा तक पहुँच चुके हैं! आप सैम से जुड़े हुए हैं! आज मैं आपकी कैसे मदद कर सकता हूँ?,3,0
OKAY, ठीक है,2,0
MDU1234@GMAIL.COM, एमडीयू1234@GMAIL.COM,0,0
etheria76@gmail.com, etheria76@gmail.com,0,0
"I hope you have a great day ahead. Goodbye!
", मुझे आशा है कि आपके लिए आगे एक अच्छा दिन होगा। अलविदा!,3,2
i want to check my seat assignment, मैं अपने सीट असाइनमेंट की जांच करना चाहता हूं,2,0
"Perfect! Thank you for that. Please allow me for a moment, while I get this done for you.","उत्तम! उसके लिये आपका धन्यवाद। कृपया मुझे एक पल के लिए अनुमति दें, जबकि मैं आपके लिए यह कर रहा हूं।",3,2
"Good morning! You've reached Alliance Airways Customer service, how may I help you?  "," सुबह बख़ैर! आप एलायंस एयरवेज ग्राहक सेवा तक पहुँच चुके हैं, मैं आपकी कैसे मदद कर सकता हूँ?",3,0
Perfect! I see that the seat number 19A which is a window seat is already  booked in the name of Vengatha R.," उत्तम! मैं देखता हूं कि सीट नंबर 19ए, जो कि एक विंडो सीट है, पहले से ही वेंगाथा आर के नाम से बुक है।",2,2
You're always welcome! Have a great day ahead and a safe journey! It was a pleasure assisting you., आपका हमेशा स्वागत है! आगे का दिन अच्छा हो और सुरक्षित यात्रा हो! आपकी सहायता करना खुशी की बात थी।,3,2
"Thank you for being so patient and cooperative! It was really nice assisting you! I hope you have a great time, Happy travelling! Have a great day ahead! See ya! :)"," इतने धैर्यवान और सहयोगी होने के लिए धन्यवाद! आपकी सहायता करना वाकई अच्छा लगा! मुझे आशा है कि आपके पास एक अच्छा समय है, हैप्पी ट्रैवलिंग! आगे एक महान दिन हो! फिर मिलेंगे! :)",3,2
"Thank you! As I've checked here on 24/08/2018, we have British airways and Delta airways operating on that day. May I know which one you would prefer?"," आपको धन्यवाद! जैसा कि मैंने यहां 24/08/2018 को चेक किया है, उस दिन हमारे पास ब्रिटिश एयरवेज और डेल्टा एयरवेज चल रहे हैं। क्या मैं जान सकता हूँ कि आप किसे पसंद करेंगे?",3,0
Nice! May I know the preferred date of your travel?, अच्छा! क्या मैं आपकी यात्रा की पसंदीदा तारीख जान सकता हूँ?,3,0
Alright Banu! Could you help me with the booking confirmation number please?, ठीक है बानो! क्या आप कृपया बुकिंग पुष्टिकरण संख्या के साथ मेरी मदद कर सकते हैं?,3,0
"Hello there! Sky high customer services, How may I help you today?
"," नमस्ते! स्काई हाई कस्टमर सर्विसेज, मैं आज आपकी कैसे मदद कर सकता हूं?",3,0
A very good morning! You've reached the Moon Airways customer service. How may I help you today?, एक बहुत अच्छी सुबह! आप मून एयरवेज ग्राहक सेवा तक पहुँच चुके हैं। आज मैं आपकी कैसे मदद कर सकता हूँ?,3,2
bala, बाला,0,0
Good morning! You've reached Alliance Airways Customer service., सुबह बख़ैर! आप एलायंस एयरवेज ग्राहक सेवा तक पहुँच चुके हैं।,3,0
Amazing! Thank you for reaching out to us. Have a great journey. Bye., अद्भुत! हमसे संपर्क की पहल के लिए आपका धन्यवाद। शानदार यात्रा करें। अलविदा।,3,2
Thank you for staying connected. We've got Go Air flying in the morning and the estimated arrival is 10AM. The ticket fare is $300. Would you like that?, जुड़े रहने के लिए धन्यवाद। हमारे पास गो एयर सुबह उड़ान भर रही है और अनुमानित आगमन सुबह 10 बजे है। टिकट का किराया 300 डॉलर है। क्या तुम वह पसंद करोगी?,3,0
hai, हाय,2,0
"Good morning! You've reached Alliance Indian Airlines Customer service, how may I help you?  "," सुबह बख़ैर! आप एलायंस इंडियन एयरलाइंस ग्राहक सेवा तक पहुँच चुके हैं, मैं आपकी कैसे मदद कर सकता हूँ?",3,0
Good morning! You've reached Flamingo Customer Service. How may I help you today?, सुबह बख़ैर! आप फ्लेमिंगो ग्राहक सेवा तक पहुँच चुके हैं। आज मैं आपकी कैसे मदद कर सकता हूँ?,3,0
sure, ज़रूर,2,0
"I'll do that for you, could you please help me with the departure city and the arrival city?"," मैं आपके लिए यह करूँगा, क्या आप कृपया प्रस्थान शहर और आगमन शहर के बारे में मेरी मदद कर सकते हैं?",3,0
confirmation number is kiu985, पुष्टिकरण संख्या kiu985 है,2,0
surgna, सुरगना,0,0
I NEED TO CHECK MY SEAT, मुझे अपनी सीट की जांच करने की आवश्यकता है,2,0
ok, ठीक है,2,0
"Hello there! Sky high customer services, How may I help you today?
"," नमस्ते! स्काई हाई कस्टमर सर्विसेज, मैं आज आपकी कैसे मदद कर सकता हूं?",3,0
"Yes! I'll certainly help you out in this regards, I'll require your details to access your account. May I know your full name please?"," हाँ! मैं निश्चित रूप से इस संबंध में आपकी सहायता करूंगा, मुझे आपके खाते तक पहुंचने के लिए आपके विवरण की आवश्यकता होगी। क्या मैं आपका पूरा नाम जान सकता हूँ?",3,0
"Thank you for visiting us, wish to serve you again. Have a nice time!"," हमारे पास आने के लिए धन्यवाद, मैं फिर से आपकी सेवा करना चाहता हूं। आशा है आपका समय अच्छा बीते!",3,2
my booking number hj3516,मेरा बुकिंग नंबर hj3516,1,0
i need a boaring pass, मुझे एक बोरिंग पास चाहिए,1,0
no thanks," जी नहीं, धन्यवाद",3,1
bala\, बाला\,0,0
Sure I will take care of it Charlie. Thanks for your Valuable service Charlie. Have a wonderful day ahead. Good bye," ज़रूर, मैं इसका ख्याल रखूँगा चार्ली। आपकी मूल्यवान सेवा चार्ली के लिए धन्यवाद। आगे का दिन शानदार हो। अलविदा",3,2
Check my seat assignment and decide to change it, मेरे सीट असाइनमेंट की जांच करें और इसे बदलने का फैसला करें,2,0
NO THANKS," जी नहीं, धन्यवाद",3,1
I Need aisle seat., मुझे गलियारे की सीट चाहिए।,1,0
"I want to book a flight ticket, can you help m e?"," मुझे फ्लाइट का टिकट बुक करना है, क्या आप मेरी मदद कर सकते हैं?",3,0
NIRMALA DEVI, निर्मला देवी,0,0
"Hello! Welcome to StarAirways customer service, how may I assist you?"," नमस्ते! StarAirways ग्राहक सेवा में आपका स्वागत है, मैं आपकी कैसे सहायता कर सकता हूँ?",3,0
ANGEL AND JAMES, परी और जेम्स,0,0
Name: Subbiah.N, नाम: सुब्बैया.एन,0,0
good bye, अलविदा,3,0
"Sure! I'll be able to do that for you, could you please let me know your last name and booking confirmation number?"," ज़रूर! मैं आपके लिए यह कर पाऊंगा, क्या आप कृपया मुझे अपना अंतिम नाम और बुकिंग पुष्टिकरण संख्या बता सकते हैं?",3,0
prnitha, प्रणिता:,0,0
Thank you so much! Please allow me a minute to get details for you., बहुत-बहुत धन्यवाद! कृपया मुझे आपके लिए विवरण प्राप्त करने के लिए एक मिनट का समय दें।,3,2
"Sir, I want boarding pass. Please help me sir.", सर मुझे बोर्डिंग पास चाहिए। कृपया मेरी मदद करें सर।,3,0
"I'm glad that was helpful, thank you for reaching out to us. Have a great day ahead and happy traveling! "," मुझे खुशी है कि यह मददगार था, हमसे संपर्क करने के लिए धन्यवाद। आगे का दिन अच्छा हो और यात्रा सुखद हो!",3,2
"I'm glad that was helpful, thank you for reaching out to us. Have a great day ahead and happy traveling! "," मुझे खुशी है कि यह मददगार था, हमसे संपर्क करने के लिए धन्यवाद। आगे का दिन अच्छा हो और यात्रा सुखद हो!",3,2
"Absolutely! I'll be able to help you in this, may I please know your last name?"," बिल्कुल! मैं इसमें आपकी मदद कर सकूंगा, क्या मैं आपका उपनाम जान सकता हूं?",3,0
I WANTS TO CHANGE MY SEAT, मैं अपनी सीट बदलना चाहता हूँ,2,1
HI, नमस्ते,2,0
"i want a booked plain ticket
", मुझे बुक किया हुआ सादा टिकट चाहिए,1,0
Amazing! May I please know the preferred date of travel?, अद्भुत! क्या मैं कृपया यात्रा की पसंदीदा तारीख जान सकता हूँ?,3,2
Hey there! Good morning. You're connected to LMT Airways. How may I help you?, सुनो! सुबह बख़ैर। आप एलएमटी एयरवेज से जुड़े हैं। क्या मेरे द्वारा आपकी कोई सहायता हो सकती है?,3,0
"Perfect! I've emailed you the boarding pass, Kindly check your Inbox. However, If you have not received the email let me know I'll send you again. ","उत्तम! मैंने आपको बोर्डिंग पास ईमेल कर दिया है, कृपया अपना इनबॉक्स देखें। हालांकि, अगर आपको ईमेल नहीं मिला है तो मुझे बताएं कि मैं आपको फिर से भेजूंगा।",3,2
okay., ठीक है।,2,0
Ok, ठीक,2,0
OK..THANKS ALOT.., ठिक हैँ बहुत बहुत शुक्रिया..,3,2
a4g4f3, a4g4f3,0,0
JKY783., जेकेवाई783.,0,0
i like middle seat could you arrange me to change?, मुझे बीच की सीट पसंद है क्या आप मुझे बदलने की व्यवस्था कर सकते हैं?,3,0
I'm sorry. Please could you recheck? The number is incorrect., मुझे माफ़ करें। क्या आप कृपया दोबारा जांच कर सकते हैं? नंबर गलत है।,3,1
bye, अलविदा,2,0
"Not a problem, I'll change that for you. Allow me a moment, while I check for the availability."," कोई समस्या नहीं है, मैं इसे आपके लिए बदल दूँगा। जब तक मैं उपलब्धता की जांच करता हूं, मुझे एक क्षण दें।",3,0
"YES, BOOK THE TICKETS"," हाँ, टिकट बुक करें",2,2
"Good morning! You've reached Alliance Airways Customer service, how may I help you?  "," सुबह बख़ैर! आप एलायंस एयरवेज ग्राहक सेवा तक पहुँच चुके हैं, मैं आपकी कैसे मदद कर सकता हूँ?",3,0
yes sure that's my pleasure, हाँ यकीन है कि यह मेरी खुशी है,2,2
SURE, ज़रूर,2,0
1,1,0,0
nopes.. thanks a lot for your help, नहींं.. आपकी मदद के लिए बहुत बहुत धन्यवाद,3,2
"Not a problem, I'll change that for you. Allow me a minute or two, while I check for the availability."," कोई समस्या नहीं है, मैं इसे आपके लिए बदल दूँगा। जब तक मैं उपलब्धता की जांच करता हूं, मुझे एक या दो मिनट का समय दें।",2,0
"Sure! I'll look upon that, please give me a minute to check the available flights? "," ज़रूर! मैं उस पर गौर करूंगा, कृपया मुझे उपलब्ध उड़ानों की जांच करने के लिए एक मिनट दें?",3,0
ok, ठीक है,2,0
i want to know my seat no, मुझे अपना सीट नंबर जानना है,2,0
Great!  Is there anything else that  I may help you with?, महान! क्या कुछ और है जिसमें मैं आपकी मदद कर सकता हूं?,3,2
4875124854,4875124854,0,0
" Thank you for choosing us, we are always here to help you. Have an amazing day!"," हमें चुनने के लिए धन्यवाद, हम हमेशा आपकी मदद के लिए यहां हैं। आपका दिन सुखद हो!",3,2
Superb! May I have your email address please?, शानदार! क्या मुझे आपका ईमेल पता मिल सकता है?,3,2
Sure!Could you please let me know the departure and arrival city?, ज़रूर!क्या आप कृपया मुझे प्रस्थान और आगमन के शहर के बारे में बता सकते हैं?,3,0
OK SURE, यकीनन ठीक,2,2
confirmation number is dfr489,पुष्टिकरण संख्या dfr489 . है,0,0
"I'll help you with that, may I know your last name and the booking confirmation number?"," मैं इसमें आपकी मदद करूंगा, क्या मैं आपका अंतिम नाम और बुकिंग पुष्टिकरण संख्या जान सकता हूं?",3,0
My pleasure! Goodbye!, मेरा सौभाग्य! अलविदा!,3,0
"Ashlee Shepherd
", एशली शेफर्ड,0,0
could you please change my seat to a window seat, क्या आप कृपया मेरी सीट को विंडो सीट में बदल सकते हैं,3,0
"Hello! Welcome to StarAirways customer service, how may I assist you? "," नमस्ते! StarAirways ग्राहक सेवा में आपका स्वागत है, मैं आपकी कैसे सहायता कर सकता हूँ?",3,0
t6de34, t6de34,0,0
Great! And your email address would be?, महान! और आपका ईमेल पता होगा?,3,2
american airlines, अमेरिकन एयरलाइंस,0,0
Hello! Welcome to Air USA! How may I help you today?, नमस्ते! एयर यूएसए में आपका स्वागत है! आज मैं आपकी कैसे मदद कर सकता हूँ?,3,0
"Perfect! I'll be sending you the boarding pass at your email Id, is that okay?"," उत्तम! मैं आपको आपकी ईमेल आईडी पर बोर्डिंग पास भेजूंगा, क्या यह ठीक है?",3,0
I WANTS TO BOOK A TICKET IN FLIGHT, मैं फ्लाइट में टिकट बुक करना चाहता हूं,1,0
Can you email me my new boarding pass? My email is smichaels@gmail.com, क्या आप मुझे मेरा नया बोर्डिंग पास ईमेल कर सकते हैं? मेरा ईमेल है smichaels@gmail.com,3,0
ok, ठीक है,2,0
Great! Thank you. The boarding pass has been sent to the mail address. Please feel free to reach out to us at anytime., महान! शुक्रिया। बोर्डिंग पास डाक पते पर भेज दिया गया है। कृपया बेझिझक हमसे किसी भी समय संपर्क करें।,3,2
"ARRIVAL - KOLKATTA , DEPARTURE - BANGLORE "," आगमन - कोलकाता, प्रस्थान - बंगलौर",0,0
I hope we are still connected?, मुझे आशा है कि हम अभी भी जुड़े हुए हैं?,2,0
If there is no reply from your end I'll be forced to close the chat., अगर आपकी तरफ से कोई जवाब नहीं आया तो मुझे चैट बंद करने के लिए मजबूर किया जाएगा।,1,1
OK, ठीक है,2,0
Could you also help me with the booking confirmation number?., क्या आप बुकिंग कन्फर्मेशन नंबर के बारे में भी मेरी मदद कर सकते हैं?,3,0
"Perfect! Thank you so much for answering all my question so patiently, Just allow me a moment I'll book your flight tickets and get back to you."," उत्तम! इतने धैर्य से मेरे सभी प्रश्नों का उत्तर देने के लिए आपका बहुत-बहुत धन्यवाद, बस मुझे एक क्षण की अनुमति दें, मैं आपकी उड़ान टिकट बुक कर दूंगा और आपसे संपर्क करूंगा।",3,2
I'm christine, मैं क्रिस्टीन हूँ,1,0
"Wonderful! Thank you for visiting us, wish to serve you again. Have a safe flight!"," अद्भुत! हमारे पास आने के लिए धन्यवाद, मैं फिर से आपकी सेवा करना चाहता हूं। एक सुरक्षित उड़ान की कामना करते हैं!",3,2
Okay thank you, ठीक है धन्यवाद,3,2
nothing else, और कुछ नहीं,1,0
no, नहीं,1,1
please tell the seat no, कृपया सीट नंबर बताएं,2,0
OK, ठीक है,2,0
my booking confirmation number qwe478, मेरी बुकिंग पुष्टिकरण संख्या qwe478,1,0
"Great, My Email id tharur@gmail.com"," बढ़िया, मेरी ईमेल आईडी thaurur@gmail.com",3,2
i want to know about the arrival time.,मैं आगमन समय के बारे में जानना चाहता हूँ।,1,0
Hello, नमस्ते,2,0
"Hello! Welcome to StarAirways customer service, how may I assist you?"," नमस्ते! StarAirways ग्राहक सेवा में आपका स्वागत है, मैं आपकी कैसे सहायता कर सकता हूँ?",3,0
patel, पटेल,0,0
Good Evening!, नमस्ते!,3,2
Would there be anything else I may assist you with?, क्या कुछ और होगा जिसमें मैं आपकी सहायता कर सकूं?,2,0
"hi,good morning", हाय सुप्रभात,3,0
"Would you prefer Window seat, Aisle seat or Middle seat?"," क्या आप विंडो सीट, आइल सीट या मिडिल सीट पसंद करेंगे?",3,0
"Good news! Here's what I've done as per your request, I changed your seat to window and your new seat number will be A41. Hope that will be comfortable for you."," खुशखबरी! यहाँ मैंने आपके अनुरोध के अनुसार क्या किया है, मैंने आपकी सीट को विंडो में बदल दिया है और आपकी नई सीट संख्या A41 होगी। आशा है कि यह आपके लिए सुविधाजनक होगा।",3,2
Hello! Good morning. You've reached LMT Airways. How may I assist you today?, नमस्ते! सुबह बख़ैर। आप एलएमटी एयरवेज पहुंच गए हैं। आज मैं आपकी मदद किस तरह कर सकता हूँ?,3,0
No thanks," जी नहीं, धन्यवाद",3,1
Sure! May I know your last name and the booking confirmation number?, ज़रूर! क्या मैं आपका अंतिम नाम और बुकिंग पुष्टिकरण संख्या जान सकता हूँ?,2,0
"Sure, we are here to assist you always! May I know your last name please?"," ज़रूर, हम यहाँ हमेशा आपकी सहायता के लिए हैं! क्या मैं आपका अंतिम नाम जान सकता हूँ?",3,0
Great! Soon you'll be receiving a mail with your boarding pass attached you can download it through that and provide it as proof in airport. Anything else I may help you in?," महान! जल्द ही आपको अपने बोर्डिंग पास के साथ एक मेल प्राप्त होगा, जिसे आप इसके माध्यम से डाउनलोड कर सकते हैं और इसे हवाई अड्डे पर प्रमाण के रूप में प्रदान कर सकते हैं। कुछ और मैं आपकी मदद कर सकता हूँ?",3,2
"I'm glad that was helpful, thank you for reaching out to us. Have a great day ahead and happy traveling! "," मुझे खुशी है कि यह मददगार था, हमसे संपर्क करने के लिए धन्यवाद। आगे का दिन अच्छा हो और यात्रा सुखद हो!",3,2
chennai to goa, चेन्नई से गोवा,0,0
Hello, नमस्ते,2,0
Sure!, ज़रूर!,2,0
Amazing! Your boarding pass will be reaching you within 2 days. Is there anything else I might help you with?, अद्भुत! आपका बोर्डिंग पास 2 दिनों के भीतर आप तक पहुंच जाएगा। क्या कुछ और है जिसमें मैं आपकी मदद कर सकता हूं?,3,2
"Sure, I'll look for fare under $300. Please stay connected."," ज़रूर, मैं $300 से कम का किराया ढूँढ़ूँगी। कृपया जुड़े रहें।",2,0
no, नहीं,1,1
check your seat addignment, अपनी सीट की जांच करें,2,0
"Noted! I'll take the price range into consideration, As I have checked here, there are two flights operating on Sept 10th, We have American airlines and British airlines. May I know which one you would prefer?"," विख्यात! मैं मूल्य सीमा को ध्यान में रखूंगा, जैसा कि मैंने यहां जांच की है, 10 सितंबर को दो उड़ानें चल रही हैं, हमारे पास अमेरिकी एयरलाइंस और ब्रिटिश एयरलाइंस हैं। क्या मैं जान सकता हूँ कि आप किसे पसंद करेंगे?",3,0
delhi and mumbai, दिल्ली और मुंबई,2,0
ok good bye, ठीक हे अलविदा,2,0
Hello! Good morning! Welcome to Sky Airway Customer Service! How may I help you today?, नमस्ते! सुबह बख़ैर! स्काई एयरवे ग्राहक सेवा में आपका स्वागत है! आज मैं आपकी कैसे मदद कर सकता हूँ?,3,0
hyu778, hyu778,2,0
Great! Please feel free to reach out to us for further queries. Have a great journey. Bye., महान! कृपया आगे के प्रश्नों के लिए हमसे बेझिझक संपर्क करें। शानदार यात्रा करें। अलविदा।,3,2
JHANANI..DSH345, JHANANI..DSH345,0,0
ok thanks, ठीक है धन्यवाद,3,0
"Alright! Could you please hold on for a minute, while I check for the availability?"," ठीक है! क्या आप कृपया एक मिनट के लिए रुक सकते हैं, जबकि मैं उपलब्धता की जांच कर रहा हूं?",3,0
Thank you Rohit! May I please know your booking confirmation number, धन्यवाद रोहित! क्या मैं कृपया आपकी बुकिंग पुष्टिकरण संख्या जान सकता हूँ,3,0
ok thankyou, ठीक है धन्यवाद,3,0
Alright! Seat number F5 is a middle seat and it is available. Would you like to have that?, ठीक है! सीट संख्या F5 बीच की सीट है और यह उपलब्ध है। क्या आप इसे लेना चाहेंगे?,3,0
A very good morning! You've reached the Moon Airways customer service. How may I help you today?, एक बहुत अच्छी सुबह! आप मून एयरवेज ग्राहक सेवा तक पहुँच चुके हैं। आज मैं आपकी कैसे मदद कर सकता हूँ?,3,2
ok thanks, ठीक है धन्यवाद,3,0
"Sure! I'd happy to check that for you. I'll require your details. Firstly, May I know your full name please?","ज़रूर! मुझे आपके लिए इसकी जांच करने में खुशी होगी। मुझे आपके विवरण की आवश्यकता होगी। सबसे पहले, क्या मैं आपका पूरा नाम जान सकता हूँ?",3,0
Perfect! Bharat could you please help me out with your email address for the boarding pass to be sent to you?, उत्तम! आपको भेजे जाने वाले बोर्डिंग पास के लिए क्या आप अपने ईमेल पते के साथ मेरी मदद कर सकते हैं?,3,2
Glad to help you. You can go through this website: www.pilotairlines.com in case any query and help us help you. Good day!,आपकी मदद करके प्रसन्नता हुई। आप इस वेबसाइट के माध्यम से जा सकते हैं: www.pilotairlines.com किसी भी प्रश्न के मामले में और आपकी सहायता करने में हमारी सहायता करें। अच्छा दिन!,3,2
Sorry my mistake. I clearly understand., माफ कीजिएगा यह मेरी गलती है। मैं स्पष्ट रूप से समझता हूं।,3,0
Wonderful! Please feel free to reach out to us for further queries. Have an amazing journey. Bye., अद्भुत! कृपया आगे के प्रश्नों के लिए हमसे बेझिझक संपर्क करें। एक अद्भुत यात्रा करें। अलविदा।,3,2
RAM AND KA57E3, राम और KA57E3,0,0
Done! Thanks harishini for helping me with all your details! Give me a minute I'll book your tickets and inform you!, पूर्ण! अपने सभी विवरणों के साथ मेरी मदद करने के लिए धन्यवाद हरिशिनी! मुझे एक मिनट दें मैं आपके टिकट बुक कर दूंगा और आपको सूचित कर दूंगा!,3,2
My Name is John Peter, मेरा नाम जॉन पीटर है,2,0
Alright Robert! Could you help me with the booking confirmation number please?, ठीक है रॉबर्ट! क्या आप कृपया बुकिंग पुष्टिकरण संख्या के साथ मेरी मदद कर सकते हैं?,3,0
LONDON AND JAPAN, लंदन और जापान,0,0
Fantastic! The link shall be sent to you in sometime. Anything else?, ज़बरदस्त! कुछ देर में आपको लिंक भेज दिया जाएगा। और कुछ?,2,2
yes, हां,2,0
hello there, नमस्ते,2,0
I WANT TO CHANGE MY SEAT ASSIGNMENT, मैं अपना सीट असाइनमेंट बदलना चाहता हूं,1,1
Email address: stevemercy90@gmail.com, ईमेल पता: stevemercy90@gmail.com,1,0
"And, your booking confirmation number would be"," और, आपकी बुकिंग पुष्टिकरण संख्या होगी",2,0
"Great! Thank you for visiting us, wish to serve you again. Have a wonderful journey!"," महान! हमारे पास आने के लिए धन्यवाद, मैं फिर से आपकी सेवा करना चाहता हूं। एक अद्भुत यात्रा लो!",3,2
Awesome. May I know your email address please?, बहुत बढ़िया। क्या मैं आपका ईमेल पता कृपया जान सकता हूँ?,3,2
September 3 2018,September 3 2018,0,0
Hi, नमस्ते,2,0
"Fantastic! I've confirmed the flight for you however, the confirmation link will be sent to the email address or phone number. Could you please provide me your last name and the email address or phone number?","ज़बरदस्त! मैंने आपके लिए उड़ान की पुष्टि कर दी है, हालांकि, पुष्टिकरण लिंक ईमेल पते या फोन नंबर पर भेजा जाएगा। क्या आप कृपया मुझे अपना अंतिम नाम और ईमेल पता या फोन नंबर प्रदान कर सकते हैं?",3,2
Great! Anything else I may assist you in?, महान! कुछ और मैं आपकी सहायता कर सकता हूँ?,3,2
"Perfect! Thank you for that. Could you please allow me for a minute or two, while I get this done for you?"," उत्तम! उसके लिये आपका धन्यवाद। क्या आप कृपया मुझे एक या दो मिनट के लिए अनुमति दे सकते हैं, जबकि मैं आपके लिए यह कर रहा हूँ?",3,2
Are we connected?, क्या हम जुड़े हुए हैं?,0,0
Ask for my boarding pass to be sent to my email address or phone number., मेरा बोर्डिंग पास मेरे ईमेल पते या फोन नंबर पर भेजने के लिए कहें।,2,0
"Thank you for visiting us, wish to serve you again. Have a nice time!"," हमारे पास आने के लिए धन्यवाद, मैं फिर से आपकी सेवा करना चाहता हूं। आशा है आपका समय अच्छा बीते!",3,2
sure., ज़रूर।,2,0
Thanks! I'd like to inform you that the boarding pass has been sent to your phone number., धन्यवाद! मैं आपको सूचित करना चाहता हूं कि बोर्डिंग पास आपके फोन नंबर पर भेज दिया गया है।,3,0
"Perfect! Thank you for that Mr.Arun. Could you please allow me a moment, while I get this done for you?"," उत्तम! इसके लिए धन्यवाद श्रीमान अरुण। क्या आप कृपया मुझे एक क्षण की अनुमति दे सकते हैं, जबकि मैं यह आपके लिए करवाता हूं?",3,2
Would there be anything else I may assist you with?, क्या कुछ और होगा जिसमें मैं आपकी सहायता कर सकूं?,2,0
Surely! I'd be glad to help you get that. Could you please help me with your last name and you booking confirmation number?, निश्चित रूप से! मुझे इसे प्राप्त करने में आपकी सहायता करने में खुशी होगी। क्या आप कृपया अपने अंतिम नाम और पुष्टिकरण संख्या बुक करने में मेरी सहायता कर सकते हैं?,3,0
HI, नमस्ते,2,0
"Perfect! Thank you for that. Could you please allow me a minute or two, while I get this done for you?"," उत्तम! उसके लिये आपका धन्यवाद। क्या आप कृपया मुझे एक या दो मिनट का समय दे सकते हैं, जबकि मैं आपके लिए यह कर रहा हूँ?",3,2
oh!.. sorry.. the B3 seat aisle is okay for me. could you confirm that?, ओह!.. क्षमा करें.. मेरे लिए B3 सीट का गलियारा ठीक है। क्या आप इसकी पुष्टि कर सकते हैं?,3,2
"Fantastic! Here's your seat number K17 which is a window seat, Is that okay for you?"," ज़बरदस्त! ये रहा आपकी सीट नंबर K17 जो कि विंडो सीट है, क्या यह आपके लिए ठीक है?",3,2
hi, नमस्ते,2,0
"Awesome! Thank you for reaching out to us, please feel free to reach out for further concerns. Have an awesome day and happy traveling!"," बहुत बढ़िया! हमसे संपर्क करने के लिए धन्यवाद, कृपया आगे की चिंताओं के लिए बेझिझक संपर्क करें। आपका दिन शुभ हो और यात्रा सुखद हो!",3,2
NO THANKS," जी नहीं, धन्यवाद",3,1
yes okay thanks for your help, हाँ ठीक है आपकी मदद के लिए धन्यवाद,3,2
Bibin Smith, बिबिन स्मिथ,0,0
"Chicago to Nanjing

", शिकागो से नानजिंग,2,0
i need boarding pass, मुझे बोर्डिंग पास चाहिए,1,0
ok, ठीक है,2,0
I hope we are still connected?, मुझे आशा है कि हम अभी भी जुड़े हुए हैं?,2,0
bye, अलविदा,2,0
nothing, कुछ नहीं,1,0
morning flight, सुबह की उड़ान,2,0
NOTHING ELSE, और कुछ नहीं,2,0
"You're most welcome, will there be anything else I could help you with? "," आपका बहुत-बहुत स्वागत है, क्या कुछ और होगा जिसमें मैं आपकी मदद कर सकूं?",3,2
I hope you have a great day ahead. Goodbye!, मुझे आशा है कि आपके लिए आगे एक अच्छा दिन होगा। अलविदा!,3,2
"yes! I got that, you have already help me with your email address? "," हां! मुझे वह मिल गया, आपने पहले ही मुझे अपने ईमेल पते में मदद कर दी है?",2,0
Good morning, सुबह बख़ैर,3,2
"Thank you william, kindly give me a minute.","धन्यवाद विलियम, कृपया मुझे एक मिनट दें।",3,0
PAPGO220@GMAIL.COM, PAPGO220@GMAIL.COM,0,0
hello casey, हैलो केसी,3,0
Sure. I'd be glad to help you with that. May I know your last name please?, ज़रूर। मुझे इसमें आपकी मदद करने में खुशी होगी। क्या मैं आपका अंतिम नाम जान सकता हूँ?,3,0
908 567 5656, 908 567 5656,0,0
ROBIN, रोबिन,0,0
Could you also help me with the booking confirmation number?, क्या आप बुकिंग कन्फर्मेशन नंबर में भी मेरी मदद कर सकते हैं?,3,0
"Awesome! Thanks for choosing us, hope you'll have a wonderful trip ahead friend!"," बहुत बढ़िया! हमें चुनने के लिए धन्यवाद, आशा है कि आपके पास एक शानदार यात्रा होगी मित्र!",3,2
no thanks," जी नहीं, धन्यवाद",3,1
ok, ठीक है,2,0
robert, रॉबर्ट,0,0
Hello.., नमस्ते..,3,0
Fantastic! I've sent your boarding pass to your given email address. Would there be anything else that I may help you with?, ज़बरदस्त! मैंने आपका बोर्डिंग पास आपके दिए गए ईमेल पते पर भेज दिया है। क्या कुछ और होगा जिसमें मैं आपकी मदद कर सकूं?,3,2
Hi, नमस्ते,2,0
hai, हाय,2,0
Perfect! I'd like to inform you that you've been assigned 9C which is a window seat., उत्तम! मैं आपको सूचित करना चाहता हूं कि आपको 9C दिया गया है जो एक विंडो सीट है।,3,2
"There is a flight available on the 20th of September for $123 per ticket. The flight is JetBlue and the take off timing would be 9-00 A.M. The duration of the flight is 5 hours, would that be okay?"," 20 सितंबर को प्रति टिकट $123 के लिए एक उड़ान उपलब्ध है। उड़ान जेटब्लू है और उड़ान का समय सुबह 9-00 बजे होगा उड़ान की अवधि 5 घंटे है, क्या यह ठीक रहेगा?",2,0
"Good to hear from you, David! Would you want the boarding pass to be sent to both your phone and email address?"," डेविड, आपसे सुनकर अच्छा लगा! क्या आप चाहते हैं कि बोर्डिंग पास आपके फोन और ईमेल पते दोनों पर भेजा जाए?",3,0
i need to departure  arrival in chennai to mumbai, मुझे चेन्नई से मुंबई के लिए प्रस्थान आगमन की आवश्यकता है,1,0
"Perfect! Well Mr.James  your seat number is C12 which is a window seat, Is that okay?"," उत्तम! ठीक है मिस्टर जेम्स आपकी सीट का नंबर C12 है जो एक विंडो सीट है, क्या यह ठीक है?",3,2
h45f88, h45f88,0,0
Welcome to PilotAirlines! You're talking to the Customer Executive! How may I help you today?, पायलट एयरलाइंस में आपका स्वागत है! आप ग्राहक कार्यकारी से बात कर रहे हैं! आज मैं आपकी कैसे मदद कर सकता हूँ?,3,0
Superb! Could you help me with your email address please?, शानदार! क्या आप कृपया मुझे अपने ईमेल पते में मदद कर सकते हैं?,3,2
"Sure, we are here to assist you always! May I know your last name please?"," ज़रूर, हम यहाँ हमेशा आपकी सहायता के लिए हैं! क्या मैं आपका अंतिम नाम जान सकता हूँ?",3,0
okay, ठीक है,2,0
beatriz@mail.com, Beatriz@mail.com,0,0
Wonderful! I've booked the tickets and you'll be receiving a confirmation mail with the link to make the payment. Is there anything else that I may help you with?, अद्भुत! मैंने टिकट बुक कर लिए हैं और आपको भुगतान करने के लिए लिंक के साथ एक पुष्टिकरण मेल प्राप्त होगा। क्या कुछ और है जिसमें मैं आपकी मदद कर सकता हूं?,3,2
"Wonderful! Thank you so much for being patient and baring with me. I hope you have a safe journey, Have a amazing time on the fight. I hope you have a great day ahead! Goodbye."," अद्भुत! सब्र रखने और मेरे साथ बने रहने के लिए आपका बहुत-बहुत धन्यवाद। मुझे आशा है कि आपके पास एक सुरक्षित यात्रा है, लड़ाई पर एक अद्भुत समय है। मुझे आशा है कि आपके आगे एक अच्छा दिन होगा! अलविदा।",3,2
Thank you., शुक्रिया।,3,2
hello good morning riley, हैलो गुड मॉर्निंग रिले,3,0
Alright! Could you also share your booking confirmation number?, ठीक है! क्या आप अपनी बुकिंग पुष्टिकरण संख्या भी साझा कर सकते हैं?,3,0
OK HAVE A NICE DAY,ठीक है आपका दिन अछा हो,2,2
I need to book 2 passengers., मुझे 2 यात्रियों को बुक करने की आवश्यकता है।,1,0
"Sure, we are here to assist you always! May I know your last name please?"," ज़रूर, हम यहाँ हमेशा आपकी सहायता के लिए हैं! क्या मैं आपका अंतिम नाम जान सकता हूँ?",3,0
meenaksi, मीनाक्षी,2,0
I am Williams, मैं विलियम्स हूँ,1,0
"Sure! Would you like to travel in a Economy, Business or a first class?"," ज़रूर! क्या आप अर्थव्यवस्था, व्यवसाय या प्रथम श्रेणी में यात्रा करना चाहेंगे?",3,0
MNT607., एमएनटी607.,0,0
Great choice! On which name would you like to make the booking?, बहुत बढ़िया पसंद! आप किस नाम से बुकिंग करना चाहेंगे?,3,2
HI, नमस्ते,2,0
NAME KAVIN, नाम कविन,0,0
mumbai to goa, मुंबई से गोवा,0,0
"Awesome! Thanks for choosing us, hope you'll have a wonderful trip ahead friend!"," बहुत बढ़िया! हमें चुनने के लिए धन्यवाद, आशा है कि आपके पास एक शानदार यात्रा होगी मित्र!",3,2
my  last name  is  arun, मेरा अंतिम नाम अरुण है,1,0
ok, ठीक है,2,0
ok, ठीक है,2,0
It's saws200@gmail.com, यह saws200@gmail.com है,0,0
Mumbai to ga, मुंबई से गा,0,0
"Thank you for staying connected, there's L3 (Middle) seat assigned to you. "," जुड़े रहने के लिए धन्यवाद, आपको एल3 (मध्य) सीट सौंपी गई है।",3,0
Thank you. The boarding pass has been sent to the contact number provided. Please feel free to reach out to us at anytime., शुक्रिया। बोर्डिंग पास दिए गए संपर्क नंबर पर भेज दिया गया है। कृपया बेझिझक हमसे किसी भी समय संपर्क करें।,3,0
Hello Jennifer! It's my pleasure meeting you! Could you please share your booking confirmation number?, हैलो जेनिफर! मुझे आपसे मिल कर बहुत ख़ुशी मिली! क्या आप कृपया अपनी बुकिंग पुष्टिकरण संख्या साझा कर सकते हैं?,3,2
My last name is William and booking confirmation number is YUR152., मेरा अंतिम नाम विलियम है और बुकिंग पुष्टिकरण संख्या YUR152 है।,1,0
last name raj, उपनाम राजू,0,0
OK, ठीक है,2,0
yes, हां,2,0
Great! Would there be anything else that I may help you with?, महान! क्या कुछ और होगा जिसमें मैं आपकी मदद कर सकूं?,3,2
hi my name karan, हाय मेरा नाम करण,3,0
"Sure, I'll help get that as well. May I know your email address please?"," ज़रूर, मैं उसे पाने में भी मदद करूँगा। क्या मैं आपका ईमेल पता कृपया जान सकता हूँ?",3,0
Thank you for reaching out to us. I wish you have a memorable journey. Bye., हमसे संपर्क की पहल के लिए आपका धन्यवाद। काश आपके पास एक यादगार यात्रा होती। अलविदा।,3,2
ok, ठीक है,2,0
RD95NJ, आरडी95एनजे,0,0
"I apologize, Is that you want to know your seat number? "," मुझे खेद है, क्या आप अपनी सीट संख्या जानना चाहते हैं?",3,0
HFG564, एचएफजी564,0,0
"Anything else I may help you out with today?
", कुछ और मैं आज आपकी मदद कर सकता हूं?,2,0
Hello! Good morning! Welcome to Sky Airway Customer Service! How may I help you today?, नमस्ते! सुबह बख़ैर! स्काई एयरवे ग्राहक सेवा में आपका स्वागत है! आज मैं आपकी कैसे मदद कर सकता हूँ?,3,0
02-09-2018,02-09-2018,0,0
THAYA@GMAIL.COM, थाया@GMAIL.COM,0,0
i want to book a flight ticket,मुझे फ्लाइट का टिकट बुक करना है,1,0
"William,"," विलियम,",0,0
Fantastic! The boarding pass will be sent to the mail or phone number shortly., ज़बरदस्त! बोर्डिंग पास शीघ्र ही मेल या फोन नंबर पर भेज दिया जाएगा।,2,2
"Well that, Should I understand that you want to check for your seat assignment for the booked tickets?"," ठीक है, क्या मुझे यह समझना चाहिए कि आप बुक किए गए टिकटों के लिए अपने सीट असाइनमेंट की जांच करना चाहते हैं?",3,0
"Thank you John, could you please help me with your email address or phone number?"," धन्यवाद जॉन, क्या आप कृपया अपने ईमेल पते या फोन नंबर के साथ मेरी मदद कर सकते हैं?",3,0
Welcome to PilotAirlines! You're talking to the Customer Executive! How may I help you today?, पायलट एयरलाइंस में आपका स्वागत है! आप ग्राहक कार्यकारी से बात कर रहे हैं! आज मैं आपकी कैसे मदद कर सकता हूँ?,3,0
Amazing! How many tickets would you like to book?, अद्भुत! आप कितने टिकट बुक करना चाहेंगे?,3,2
"I'll surely help you with that, could you please help me with the departure city and the arrival city?"," मैं निश्चित रूप से इसमें आपकी मदद करूंगा, क्या आप कृपया मुझे प्रस्थान शहर और आगमन शहर में मदद कर सकते हैं?",3,0
Mani S, मणि सो,0,0
Anthonywinner@yahoo.com, एंथनीविनर@yahoo.com,2,0
"You're welcome! Thank you for visiting us, wish to serve you again. Have a safe flight!"," आपका स्वागत है! हमारे पास आने के लिए धन्यवाद, मैं फिर से आपकी सेवा करना चाहता हूं। एक सुरक्षित उड़ान की कामना करते हैं!",3,2
"Good news! I've emailed your boarding pass, you can download and document. Is there anything else I may help you with?"," खुशखबरी! मैंने आपका बोर्डिंग पास ईमेल कर दिया है, आप डाउनलोड कर सकते हैं और दस्तावेज़ बना सकते हैं। क्या कुछ और है जिसमें मैं आपकी मदद कर सकता हूं?",3,2
ok thanks, ठीक है धन्यवाद,3,0
suresh 9443002258, सुरेश 9443002258,2,0
i want check my seat assignment, मुझे अपना सीट असाइनमेंट चेक करना है,2,0
"Appreciate your patience! Your seat is 5A, middle seat. Anything else I may help you with?"," अपने धैर्य की सराहना! आपकी सीट 5ए, बीच की सीट है। कुछ और मैं आपकी मदद कर सकता हूँ?",3,2
Good bye!, अलविदा!,3,0
OK, ठीक है,2,0
"Alright! It was a pleasure assisting you, have a safe journey. Goodbye."," ठीक है! आपकी सहायता करने में खुशी हुई, एक सुरक्षित यात्रा करें। अलविदा।",3,2
All my needs are fulfilled Drew.. No more assistance needed now.. Thank you so much for all your service., मेरी सभी जरूरतें पूरी हुई ड्रू.. अब और सहायता की जरूरत नहीं है.. आप सभी की सेवा के लिए बहुत-बहुत धन्यवाद।,3,2
"And, may I also know your email address?"," और, क्या मैं आपका ईमेल पता भी जान सकता हूँ?",2,0
Nope, नहीं,1,0
ACTUALLY I WANT WINDOW ITSELF, असल में मुझे खुद खिड़की चाहिए,2,0
OK THNX, ठीक है THNX,2,0
6789054678,6789054678,0,0
"Good morning! You've reached Alliance Airways Customer service, how may I help you?  "," सुबह बख़ैर! आप एलायंस एयरवेज ग्राहक सेवा तक पहुँच चुके हैं, मैं आपकी कैसे मदद कर सकता हूँ?",3,0
Thank you for staying connected. As per the confirmation number you're assigned to the seat Y8 which is an aisle seat. Would you like that?, जुड़े रहने के लिए धन्यवाद। पुष्टिकरण संख्या के अनुसार आपको सीट Y8 को सौंपा गया है जो कि एक गलियारा सीट है। क्या तुम वह पसंद करोगी?,3,0
maruthupandi, मारुथुपंडी,0,0
hi good morning., हाय सुप्रभात।,3,0
YES SURE, हाँ यकीनन,2,2
"Awesome! I'm glad I was of help! Do feel free to reach out to us for your future queries, also I hope you'll have a wonderful trip ahead. ","बहुत बढ़िया! मुझे खुशी है कि मैं मददगार था! अपने भविष्य के प्रश्नों के लिए हमसे बेझिझक संपर्क करें, मुझे आशा है कि आपकी आगे की यात्रा शानदार होगी।",3,2
Good morning! You've reached Flamingo customers service. How may I help you today?, सुबह बख़ैर! आप फ्लेमिंगो ग्राहक सेवा तक पहुँच चुके हैं। आज मैं आपकी कैसे मदद कर सकता हूँ?,3,1
Sky line, आकाश रेखा,2,0
no, नहीं,1,1
"I apologize, I haven't got your last response. May I know which seat would you prefer?"," मुझे खेद है, मुझे आपका अंतिम उत्तर नहीं मिला। क्या मैं जान सकता हूँ कि आप कौन सी सीट पसंद करेंगे?",3,0
sandiyar, सांडियारी,2,0
Because I do have a budget I need to stay under, क्योंकि मेरे पास एक बजट है जिसके तहत मुझे रहने की आवश्यकता है,1,0
Hi, नमस्ते,2,0
Yes please confirm it Drew.. I would be much happy if I get that seat," हाँ, कृपया इसकी पुष्टि करें ड्रू.. अगर मुझे वह सीट मिल जाती है तो मुझे बहुत खुशी होगी",3,2
Pleasure is mine. I hope that all your queries are cleared?, मेरा सौभाग्य है। मुझे आशा है कि आपके सभी प्रश्नों का समाधान हो गया होगा?,3,2
CHECK IT MY SEAT?, इसे मेरी सीट जांचें?,0,0
Superb! Please give me a moment to check with the resources., शानदार! कृपया मुझे संसाधनों के साथ जाँच करने के लिए एक क्षण दें।,3,2
yes, हां,2,0
"And, may I know your last name?"," और, क्या मैं आपका अंतिम नाम जान सकता हूँ?",2,0
"Thank you Adub, please give me a minute to check the assigned seat for you. "," धन्यवाद अदब, कृपया मुझे आपके लिए निर्धारित सीट की जांच करने के लिए एक मिनट दें।",3,2
hi, नमस्ते,2,0
ok, ठीक है,2,0
"Wonderful! Thank you for visiting us, wish to serve you again. Have a nice day!"," अद्भुत! हमारे पास आने के लिए धन्यवाद, मैं फिर से आपकी सेवा करना चाहता हूं। आपका दिन शुभ हो!",3,2
hi, नमस्ते,2,0
Hello! Good morning. You've reached LMT Airways. How may I assist you today?, नमस्ते! सुबह बख़ैर। आप एलएमटी एयरवेज पहुंच गए हैं। आज मैं आपकी मदद किस तरह कर सकता हूँ?,3,0
hello, नमस्ते,2,0
Awesome! Nice to meet you buddy! May I know your booking confirmation number as well?, बहुत बढ़िया! आपसे मिलकर अच्छा लगा दोस्त! क्या मैं आपकी बुकिंग पुष्टिकरण संख्या भी जान सकता हूँ?,3,2
ok i want also book my flight., ठीक है मुझे अपनी फ्लाइट भी बुक करनी है।,2,0
Alright! Please allow me a moment to check the details and get back to you., ठीक है! कृपया मुझे विवरणों की जांच करने और आपसे संपर्क करने के लिए कुछ समय दें।,2,0
no thanks," जी नहीं, धन्यवाद",3,1
"For sure! I've confirmed the flight for you. For the confirmation link, could you please help me with your last name and the email address or phone number? "," पक्का! मैंने आपके लिए उड़ान की पुष्टि कर दी है। पुष्टिकरण लिंक के लिए, क्या आप कृपया अपने अंतिम नाम और ईमेल पते या फोन नंबर के साथ मेरी मदद कर सकते हैं?",3,0
Good morning Cameron,सुप्रभात कैमरून,3,0
petertom741@yahoo.com, petertom741@yahoo.com,2,0
NAME SURAJ, नाम सूरज:,0,0
It was great assisting you. Thank you for reaching out to us. Have a great day!, आपकी मदद करके बहुत अच्छा लगा। हमसे संपर्क की पहल के लिए आपका धन्यवाद। आपका दिन अच्छा रहे!,3,2
Appreciate your patience. Here's what I've found for you- Skyline with $623 and Heavensake with $692. Please tell me your choice., अपने धैर्य की सराहना। यहाँ मैंने आपके लिए जो पाया है- $623 के साथ स्काईलाइन और $692 के साथ हेवनसेक। कृपया मुझे अपनी पसंद बताएं।,2,0
"Garrett Reese
", गैरेट रीज़,0,0
Okay. Thank you for reaching out to us. Good day!, ठीक। हमसे संपर्क की पहल के लिए आपका धन्यवाद। अच्छा दिन!,3,2
"Sure! I'll be glad to help you in this, may I please know your last name?"," ज़रूर! मुझे इसमें आपकी मदद करने में खुशी होगी, क्या मैं आपका उपनाम जान सकता हूँ?",3,0
"And we know that you are intentionally doing this, You are repeatedly sending us hello, though we are replying you at the correct time."," और हम जानते हैं कि आप जानबूझकर ऐसा कर रहे हैं, आप हमें बार-बार नमस्ते भेज रहे हैं, हालांकि हम आपको सही समय पर जवाब दे रहे हैं।",3,1
You're most welcome! Thank you for contacting us! Have a safe journey!, आपका स्वागत है! हमसे संपर्क करने के लिए धन्यवाद! आपकी यात्रा सुरक्षित हो!,3,2
A very good morning! You've reached the Moon Airways customer service. How may I help you today?, एक बहुत अच्छी सुबह! आप मून एयरवेज ग्राहक सेवा तक पहुँच चुके हैं। आज मैं आपकी कैसे मदद कर सकता हूँ?,3,2
"Hello there, You have reached Jet Customer Service! :) I hope your having an amazing day! How may I help you today?"," नमस्ते, आप जेट ग्राहक सेवा तक पहुँच चुके हैं! :) मुझे आशा है कि आपका दिन शानदार रहा! आज मैं आपकी कैसे मदद कर सकता हूँ?",3,2
no, नहीं,1,1
"I hope you have a great day ahead. Goodbye!
", मुझे आशा है कि आपके लिए आगे एक अच्छा दिन होगा। अलविदा!,3,2
"Awesome, Mr. Sursen you might have got the booking confirmation number, Could you please share that with me?"," बहुत बढ़िया, मिस्टर सुरसेन आपको बुकिंग पुष्टिकरण नंबर मिल गया होगा, क्या आप कृपया इसे मेरे साथ साझा कर सकते हैं?",3,0
"Sorry to keep you waiting, I've checked the details and found that your seat number is 5D it is a window seat, is that okay?"," आपको प्रतीक्षा करने के लिए क्षमा करें, मैंने विवरण की जाँच की है और पाया है कि आपकी सीट संख्या 5D है यह एक विंडो सीट है, क्या यह ठीक है?",3,0
yes thank you bye, हाँ धन्यवाद अलविदा,3,2
Thanks Jilly! Could you please let me know your booking confirmation number?, धन्यवाद जीली! क्या आप कृपया मुझे अपनी बुकिंग पुष्टिकरण संख्या बता सकते हैं?,3,2
Please do reach out to us in case of any queries. Have a great day and a safe journey!, कृपया किसी भी प्रश्न के मामले में हमसे संपर्क करें। आपका दिन शुभ हो और सुरक्षित यात्रा हो!,3,2
Yes!, हाँ!,2,2
You're always welcome! Have a great day ahead and a safe journey! It was a pleasure assisting you., आपका हमेशा स्वागत है! आगे का दिन अच्छा हो और सुरक्षित यात्रा हो! आपकी सहायता करना खुशी की बात थी।,3,2
For sure! I'll help you with that. Could you please let me know your last name and the booking confirmation number?, पक्का! मैं इसमें आपकी मदद करूंगा। क्या आप कृपया मुझे अपना अंतिम नाम और बुकिंग पुष्टिकरण संख्या बता सकते हैं?,3,0
If there is no reply from your end I'll be forced to close the chat., अगर आपकी तरफ से कोई जवाब नहीं आया तो मुझे चैट बंद करने के लिए मजबूर किया जाएगा।,1,1
i want to  know,मैं जानना चाहता हूँ,1,0
Could you help me out with your email address?, क्या आप अपने ईमेल पते में मेरी मदद कर सकते हैं?,3,0
hi, नमस्ते,2,0
"Perfect! Soon you'll be receiving a mail with your boarding pass attached, you can download that from there and provide as proof at airport. Anything else I may help you in?
"," उत्तम! जल्द ही आपको अपने बोर्डिंग पास के साथ एक मेल प्राप्त होगा, आप उसे वहां से डाउनलोड कर सकते हैं और हवाई अड्डे पर प्रमाण के रूप में प्रदान कर सकते हैं। कुछ और मैं आपकी मदद कर सकता हूँ?",3,2
no thanks," जी नहीं, धन्यवाद",3,1
Hello! Good morning! Welcome to Sky Airway Customer Service! How may I help you today?, नमस्ते! सुबह बख़ैर! स्काई एयरवे ग्राहक सेवा में आपका स्वागत है! आज मैं आपकी कैसे मदद कर सकता हूँ?,3,0
"Thanks a ton Rosa, You're the best customer I've ever assisted! You were so patient. Thanks Buddy! I'll go ahead and check your seating assignment and let you know the details."," बहुत बहुत धन्यवाद रोजा, आप सबसे अच्छे ग्राहक हैं जिनकी मैंने कभी मदद की है! आप इतने धैर्यवान थे। धन्यवाद दोस्त! मैं आगे जाकर आपके बैठने के कार्य की जाँच करूँगा और आपको विवरण के बारे में बताऊँगा।",3,2
salim@gmail.com, सलीम@gmail.com,0,0
AJ26P1, AJ26P1,0,0
i wand to go to canada, मुझे कनाडा जाना है,1,0
"fantastic! Thank you for reaching out to us! I hope you are satisfied with my service! Hope you have a great time on the flight, Have a great day ahead! Goodbye :)"," ज़बरदस्त! हमसे संपर्क की पहल के लिए आपका धन्यवाद! मुझे आशा है कि आप मेरी सेवा से संतुष्ट हैं! आशा है कि आपके पास उड़ान पर एक अच्छा समय है, आगे एक अच्छा दिन है! अलविदा :)",3,2
"I'm glad that was helpful, thank you for reaching out to us. Have a great day ahead and happy traveling! "," मुझे खुशी है कि यह मददगार था, हमसे संपर्क करने के लिए धन्यवाद। आगे का दिन अच्छा हो और यात्रा सुखद हो!",3,2
"Appreciate your patience! Your seat is 5A, window seat. Anything else I may help you with?"," अपने धैर्य की सराहना! आपकी सीट 5ए, विंडो सीट है। कुछ और मैं आपकी मदद कर सकता हूँ?",2,2
03-09-2018,03-09-2018,0,0
"Amazing! Thanks for being patient, I've check here you seat number is W1 and it is a window seat. If you want to change your seat, I'll do that for you as well. I hope that would be okay?"," अद्भुत! धैर्य रखने के लिए धन्यवाद, मैंने यहां जांच की है कि आपकी सीट संख्या W1 है और यह एक विंडो सीट है। अगर आप अपनी सीट बदलना चाहते हैं, तो मैं आपके लिए भी ऐसा करूंगा। मुझे आशा है कि यह ठीक होगा?",3,2
You're welcome Arun! Would there be anything else I may assist you with?, आपका स्वागत है अरुण! क्या कुछ और होगा जिसमें मैं आपकी सहायता कर सकूं?,2,2
I am Siva K, मैं शिव कृष्ण हूँ,1,0
Emirates, अमीरात,0,0
THANK YOU, धन्यवाद,3,2
my name is arivu, मेरा नाम अरिवु है,1,0
Okay, ठीक,2,2
HI, नमस्ते,2,0
"Alright! Thank you for visiting us, we are always here to help you. Have a wonderful flight!","ठीक है! हमारे पास आने के लिए धन्यवाद, हम आपकी मदद के लिए हमेशा यहां हैं। एक अद्भुत उड़ान लो!",3,2
Are we connected?, क्या हम जुड़े हुए हैं?,0,0
Awesome! Would you please let me the date on which you would like to travel and also what time you will prefer?, बहुत बढ़िया! क्या आप कृपया मुझे वह तारीख बताएं जिस दिन आप यात्रा करना चाहते हैं और यह भी बताएं कि आप किस समय को पसंद करेंगे?,3,2
Good morning! You've reached Flamingo customers service. How may I help you today?, सुबह बख़ैर! आप फ्लेमिंगो ग्राहक सेवा तक पहुँच चुके हैं। आज मैं आपकी कैसे मदद कर सकता हूँ?,3,1
"That's great, but is there anyway I can move further up in the plane?  Change my seat to closer to the door?"," यह बहुत अच्छा है, लेकिन क्या वैसे भी मैं विमान में और ऊपर जा सकता हूं? मेरी सीट को दरवाजे के करीब बदलें?",3,0
Awesome Murali! Its my pleasure to meet you! Could you please help me with your booking confirmation number?, बहुत बढ़िया मुरली! यह हमारी खुशनसीबी है कि हम आपसे मिले! क्या आप कृपया अपनी बुकिंग पुष्टिकरण संख्या के बारे में मेरी सहायता कर सकते हैं?,3,2
I am Watson, मैं वाटसन हूँ,1,0
"Thank you for visiting us, wish to serve you again. Have a nice time!"," हमारे पास आने के लिए धन्यवाद, मैं फिर से आपकी सेवा करना चाहता हूं। आशा है आपका समय अच्छा बीते!",3,2
Are we still connected?, हम अभी भी जुड़े हैं?,1,0
I wanted boarding pass for my upcoming flight, मुझे अपनी आने वाली फ़्लाइट के लिए बोर्डिंग पास चाहिए था,2,0
K1H9E5, K1H9E5,0,0
"I really appreciate for staying connected, I see there's E6 window seat assigned to you."," मैं वास्तव में जुड़े रहने के लिए सराहना करता हूं, मुझे लगता है कि आपको E6 विंडो सीट सौंपी गई है।",3,2
"I really appreciate for staying connected, you've been assigned to K9 which is window seat."," मैं वास्तव में जुड़े रहने के लिए सराहना करता हूं, आपको K9 को सौंपा गया है जो कि विंडो सीट है।",3,2
NO, ना,1,1
3 PERSONS, 3 व्यक्ति,0,0
"Hello there, how may I assist you today?
"," नमस्ते, मैं आज आपकी कैसे सहायता कर सकता हूँ?",3,0
my last name is kumar, मेरा अंतिम नाम कुमार है,1,0
"Aydin Joseph
", आयडिन जोसेफ,0,0
sorry for the inconvenience.I will keep my original seat.Really sorry., असुविधा के लिए खेद है।मैं अपनी मूल सीट रखूंगा।सचमुच क्षमा करें।,3,1
hai, हाय,2,0
"yes, the name is John Kissinger and the email is kissinger@user.com"," हाँ, नाम जॉन किसिंजर है और ईमेल है kissinger@user.com",2,0
You're welcome! Would there be anything else I may assist you with?,आपका स्वागत है! क्या कुछ और होगा जिसमें मैं आपकी सहायता कर सकूं?,3,2
sure, ज़रूर,2,0
my name is sam my booking confirmation number is MMO801, मेरा नाम सैम है मेरी बुकिंग पुष्टिकरण संख्या MMO801 है,2,0
Thanks, धन्यवाद,3,2
i need book a plane ticket,मुझे हवाई जहाज का टिकट चाहिए,1,0
no thanks," जी नहीं, धन्यवाद",3,1
Thanks! I've sent you an the boarding pass on your phone. I hope this will be helpful.,धन्यवाद! मैंने आपको आपके फ़ोन पर एक बोर्डिंग पास भेजा है। मुझे उम्मीद है कि ये मददगार होगा।,3,2
All right. Would you rather fly in the morning or later in the day?,ठीक है। क्या आप सुबह या बाद में दिन में उड़ना चाहेंगे?,3,0
yes...change E2 SEAT SIR, हाँ... E2 सीट बदलें सर,2,0
G4D8W8, G4D8W8,0,0
nothing thank you, कुछ भी नहीं धन्यवाद,3,1
Hey Quinton! I'm so glad to assist you! Could you please share your booking confirmation number with me?, हे क्विंटन! मुझे आपकी सहायता करने में बहुत खुशी हो रही है! क्या आप कृपया अपना बुकिंग पुष्टिकरण नंबर मेरे साथ साझा कर सकते हैं?,3,2
KAVISHRI, कविश्री,0,0
yes friend, हाँ दोस्त,2,2
You're welcome! Would there be anything else that I may help you with?, आपका स्वागत है! क्या कुछ और होगा जिसमें मैं आपकी मदद कर सकूं?,3,2
"As there is no query, I am forced to end the chat. Have a great day!"," जैसा कि कोई प्रश्न नहीं है, मुझे चैट समाप्त करने के लिए मजबूर किया गया है। आपका दिन अच्छा रहे!",2,1
I am waiting for your replay., मैं आपके रीप्ले का इंतजार कर रहा हूं।,1,0
yes. My last name is Johnson and my email address is johnson.jack@user.com, हां। मेरा उपनाम जॉनसन है और मेरा ईमेल पता है johnson.jack@user.com,2,0
i need a  boarding pass, मुझे बोर्डिंग पास चाहिए,1,0
Amazing! Your boarding pass will be reaching you on the day of your journey. Is there anything else I might help you with?, अद्भुत! आपकी यात्रा के दिन आपका बोर्डिंग पास आप तक पहुंच जाएगा। क्या कुछ और है जिसमें मैं आपकी मदद कर सकता हूं?,3,2
OK, ठीक है,2,0
OK, ठीक है,2,0
Perfect! Please allow me a moment while I go ahead and find the best deal for you., उत्तम! कृपया मुझे कुछ समय दें जब तक कि मैं आगे बढ़ूं और आपके लिए सबसे अच्छा सौदा ढूंढूं।,2,2
please send my boarding pass, कृपया मेरा बोर्डिंग पास भेजें,3,0
BYE, अलविदा,2,0
For sure! I'll look for the best middle seats for you., पक्का! मैं आपके लिए सबसे अच्छी मध्य सीटों की तलाश करूंगा।,3,0
"Perfect! Lastly, please share the email address to which you'd like me to send you the boarding pass? "," उत्तम! अंत में, कृपया वह ईमेल पता साझा करें जिस पर आप चाहते हैं कि मैं आपको बोर्डिंग पास भेजूं?",3,0
OK, ठीक है,2,0
I WANT TO GET A BOARDING PASS..VERY VERY THANK U MAM, मैं एक बोर्डिंग पास प्राप्त करना चाहता हूँ..बहुत बहुत धन्यवाद माँ,3,2
"I'm glad I was of help! Thanks for choosing us, hope you have a great trip!"," मुझे खुशी है कि मैं मददगार था! हमें चुनने के लिए धन्यवाद, आशा है कि आपकी यात्रा शानदार रही होगी!",3,2
ok, ठीक है,2,0
bye, अलविदा,2,0
"Thank You! May I also know the 6 chartered booking confirmation number?
", धन्यवाद! क्या मैं 6 चार्टर्ड बुकिंग पुष्टिकरण संख्या भी जान सकता हूँ?,3,0
Thank you for staying on hold. I appreciate your patience. Your seat number is A9 and it is a window seat. Is there anything else that I may help you with?,रुके रहने के लिए धन्यवाद। मैं आपके धैर्य की सराहना करता हूँ। आपकी सीट का नंबर A9 है और यह विंडो सीट है। क्या कुछ और है जिसमें मैं आपकी मदद कर सकता हूं?,3,2
Great news! A front row seat was available and I've successfully changed your seat. The seat number is H7., बढ़िया खबर! आगे की पंक्ति की सीट उपलब्ध थी और मैंने आपकी सीट सफलतापूर्वक बदल दी है। सीट नंबर H7 है।,3,2
"Great! I'll go ahead and book them for you, please share your name and email address?","महान! मैं आगे बढ़ूंगा और उन्हें आपके लिए बुक करूंगा, कृपया अपना नाम और ईमेल पता साझा करें?",3,2
"Hello there! Sky high customer services, I'll be glad to help you in this, may I please know your last name?
"," नमस्ते! स्काई हाई कस्टमर सर्विसेज, मुझे इसमें आपकी मदद करने में खुशी होगी, क्या मैं आपका अंतिम नाम जान सकता हूं?",3,0
Thanks! I'd like to inform you that the boarding pass has been sent to your phone number 8205346930., धन्यवाद! मैं आपको सूचित करना चाहता हूं कि बोर्डिंग पास आपके फोन नंबर 8205346930 पर भेज दिया गया है।,3,0
"Perfect! I've emailed you the boarding pass, Kindly check your Inbox. However, If you have not received the email let me know I'll send you again."," उत्तम! मैंने आपको बोर्डिंग पास ईमेल कर दिया है, कृपया अपना इनबॉक्स देखें। हालांकि, अगर आपको ईमेल नहीं मिला है तो मुझे बताएं कि मैं आपको फिर से भेजूंगा।",3,2
"ok, thank you for the booking"," ठीक है, बुकिंग के लिए धन्यवाद",3,2
May I know your last name as well?, क्या मैं आपका अंतिम नाम भी जान सकता हूँ?,3,0
check seat assignment decide., चेक सीट असाइनमेंट तय करें।,2,0
"I'm sorry to say that without that I won't be able to help you in that, please could you check the number you received at the time of booking the tickets it is a mixture of number and letter with only 6 character. Please do let me know that."," मुझे यह कहते हुए खेद है कि इसके बिना मैं आपकी मदद नहीं कर पाऊंगा, कृपया आप टिकट बुक करते समय प्राप्त संख्या की जांच कर सकते हैं यह केवल 6 वर्णों के साथ संख्या और अक्षर का मिश्रण है। कृपया मुझे यह बताएं।",3,0
ok, ठीक है,2,0
"That's Okay, fix it can u send boarding pass"," कोई बात नहीं, इसे ठीक करें क्या आप बोर्डिंग पास भेज सकते हैं",2,0
"You're most welcome, is there anything else I could help you with?"," आपका बहुत-बहुत स्वागत है, क्या कुछ और है जिसमें मैं आपकी मदद कर सकता हूँ?",3,2
Hello. Welcome to Divehigh Airways., नमस्ते। डाइवहाई एयरवेज में आपका स्वागत है।,3,0
Could you also help me out with your booking confirmation number?, क्या आप अपनी बुकिंग पुष्टिकरण संख्या के बारे में भी मेरी मदद कर सकते हैं?,3,0
Awesome! May I know the your mail id or phone number?, बहुत बढ़िया! क्या मैं आपकी मेल आईडी या फोन नंबर जान सकता हूं?,3,2
check my seat assignment, मेरी सीट असाइनमेंट की जाँच करें,2,0
i really very thank toyou, मैं वास्तव में आपका बहुत-बहुत धन्यवाद करता हूँ,3,2
Thank you so much. Please allow me a minute to get this done for you.,बहुत-बहुत धन्यवाद। कृपया मुझे यह आपके लिए करने के लिए एक मिनट का समय दें।,3,2
"Sure, may I know your last name please?"," ज़रूर, क्या मैं आपका अंतिम नाम जान सकता हूँ?",3,0
I hope we're connected?, मुझे आशा है कि हम जुड़े हुए हैं?,2,0
"Sorry to keep you waiting, I've checked the details your seat number is 4A it is an window seat, is that okay?"," आपको प्रतीक्षा करने के लिए क्षमा करें, मैंने विवरण की जाँच की है कि आपकी सीट संख्या 4A है, यह एक विंडो सीट है, क्या यह ठीक है?",3,0
"Sure, that's great! What is your preferred date of travelling?"," ज़रूर, यह बहुत अच्छा है! यात्रा की आपकी पसंदीदा तारीख क्या है?",2,2
"Sure, we are here to assist you always! May I know your last name please?"," ज़रूर, हम यहाँ हमेशा आपकी सहायता के लिए हैं! क्या मैं आपका अंतिम नाम जान सकता हूँ?",3,0
BAD582, बीएडी582,0,0
My  passenger travelling number is E42, मेरा यात्री यात्रा संख्या E42 . है,1,0
A very good morning! You've reached the Moon Airways customer service. How may I help you today?, एक बहुत अच्छी सुबह! आप मून एयरवेज ग्राहक सेवा तक पहुँच चुके हैं। आज मैं आपकी कैसे मदद कर सकता हूँ?,3,2
Sure thing! Could you help me out with your email address?, अवश्य! क्या आप अपने ईमेल पते में मेरी मदद कर सकते हैं?,3,0
"bigmauler@aol.com
", bigmauler@aol.com,0,0
Hello, नमस्ते,2,0
Sure!I'll be glad to help you book the tickets May I please know the departure and arrival city?, ज़रूर!मुझे टिकट बुक करने में आपकी मदद करने में खुशी होगी क्या मैं कृपया प्रस्थान और आगमन के शहर को जान सकता हूँ?,3,0
Thank you very much, आपका बहुत बहुत धन्यवाद,3,2
Thank you Hitler! Could you please let me know your booking confirmation number?, धन्यवाद हिटलर! क्या आप कृपया मुझे अपनी बुकिंग पुष्टिकरण संख्या बता सकते हैं?,3,0
hai, हाय,2,0
Of course! Seat number B2 is a middle seat and it is available. Would you like to take that?, बेशक! सीट संख्या बी2 बीच की सीट है और यह उपलब्ध है। क्या आप इसे लेना चाहेंगे?,3,0
root@tgf.com, root@tgf.com,0,0
I am booked ony-way domestic flight. So help me sir., मैं एक तरह से घरेलू उड़ान बुक कर रहा हूं। तो मेरी मदद करो सर।,2,0
"Thank you William, please give me a minute to check the seats assigned to you."," धन्यवाद विलियम, कृपया मुझे आपको सौंपी गई सीटों की जांच करने के लिए एक मिनट दें।",3,0
okay thank you so much," ठीक है, बहुत बहुत धन्यवाद",3,2
"Sure, may I know your last name please?"," ज़रूर, क्या मैं आपका अंतिम नाम जान सकता हूँ?",3,0
"Thank you for staying connected, there's KL 56 (Middle) seat assigned to you. "," जुड़े रहने के लिए धन्यवाद, आपको केएल 56 (मध्य) सीट सौंपी गई है।",3,0
sorry my booking confirmation number is uio887. please correct it!," क्षमा करें, मेरी बुकिंग पुष्टिकरण संख्या uio887 है। कृपया इसे ठीक करें!",3,0
Perfect! I'd like to inform you that you've been allotted 6C which is a window seat.,उत्तम! मैं आपको सूचित करना चाहता हूं कि आपको 6सी आवंटित किया गया है जो एक विंडो सीट है।,3,2
need to know for seat assignment., सीट असाइनमेंट के लिए जानने की जरूरत है।,2,0
HYM125, एचवाईएम125,0,0
Awesome! May I also know your email address please?, बहुत बढ़िया! क्या मैं आपका ईमेल पता भी जान सकता हूँ?,3,2
Good morning! You've reached Flamingo customers service. How may I help you today?, सुबह बख़ैर! आप फ्लेमिंगो ग्राहक सेवा तक पहुँच चुके हैं। आज मैं आपकी कैसे मदद कर सकता हूँ?,3,1
"We have aisle and middle seat available, You've currently allotted aisle seat, What would you prefer?"," हमारे पास गलियारे और बीच की सीट उपलब्ध है, आपने वर्तमान में गलियारे की सीट आवंटित की है, आप क्या पसंद करेंगे?",3,0
my last name siva  booking confirmation fsg 384, मेरा अंतिम नाम शिव बुकिंग पुष्टिकरण fsg 384,1,0
"Thank you Johnston, kindly give me a minute to check the seats assigned to you. "," धन्यवाद जॉनस्टन, कृपया मुझे आपको सौंपी गई सीटों की जांच करने के लिए एक मिनट दें।",3,2
"No, please change to window seat."," नहीं, कृपया विंडो सीट में बदलाव करें।",3,0
hai, हाय,2,0
"Wonderful! Thank you for choosing us, we are always here to help you. Have an amazing flight!"," अद्भुत! हमें चुनने के लिए धन्यवाद, हम हमेशा आपकी मदद के लिए यहां हैं। एक अद्भुत उड़ान लो!",3,2
SOFIA, सोफिया,0,0
Thank you! Just allow me a moment I'll go ahead and check that for you.," आपको धन्यवाद! बस मुझे एक क्षण की अनुमति दें, मैं आगे बढ़ूंगा और आपके लिए इसकी जांच करूंगा।",3,0
Perfect! Please allow me a moment while I check the best flight deals for you., उत्तम! कृपया मुझे एक क्षण दें जब तक मैं आपके लिए सर्वोत्तम उड़ान सौदों की जांच करता हूं।,2,2
5,5,0,0
"Thank you! The seat number allotted to you is 25A. It's a window seat.
", आपको धन्यवाद! आपको आवंटित सीट संख्या 25A है। यह एक विंडो सीट है।,3,0
ok thank you!, ठीक है धन्यवाद!,3,2
You're welcome. Could you please share the email address?, आपका स्वागत है। क्या आप कृपया ईमेल पता साझा कर सकते हैं?,3,2
I need help in plane ticket, मुझे हवाई जहाज के टिकट में मदद चाहिए,1,0
I'll help you out with that. May I know your full name and the booking confirmation number?, मैं इसमें आपकी मदद करूंगा। क्या मैं आपका पूरा नाम और बुकिंग पुष्टिकरण संख्या जान सकता हूँ?,3,0
okay, ठीक है,2,0
i want to know my seat, मैं अपनी सीट जानना चाहता हूँ,2,0
HY85KI, HY85KI,0,0
Great! Could you share your email address?, महान! क्या आप अपना ईमेल पता साझा कर सकते हैं?,3,2
"Awesome! Thanks for choosing us, hope you'll have a wonderful trip ahead. ","बहुत बढ़िया! हमें चुनने के लिए धन्यवाद, आशा है कि आपकी आगे की यात्रा शानदार होगी।",3,2
"Sure! May I know your last name?
", ज़रूर! क्या मैं आपका अंतिम नाम जान सकता हूँ?,2,0
ok, ठीक है,2,0
Awesome! Thank you for giving me all that details! Just give me a moment I'll go ahead and direct my team to help you with your query!, बहुत बढ़िया! मुझे वह सब विवरण देने के लिए धन्यवाद! बस मुझे एक क्षण दें मैं आगे बढ़ूंगा और अपनी टीम को आपकी क्वेरी में मदद करने के लिए निर्देशित करूंगा!,3,2
"Superb! Which class would you prefer among the economy, business and first?"," शानदार! आप अर्थव्यवस्था, व्यापार और प्रथम श्रेणी में से किस वर्ग को पसंद करेंगे?",3,2
HAI, हाई,2,0
james martin, जेम्स मार्टिन,0,0
"I appreciate your patience! As I've checked, the seat allotted to you is a window seat which is G4. "," मैं आपके धैर्य की सराहना करता हूँ! जैसा कि मैंने जाँच की है, आपको आवंटित सीट एक विंडो सीट है जो G4 है।",3,2
I need the boarding pass. Can you send it to me?, मुझे बोर्डिंग पास चाहिए। क्या आप इसको मुझे भेज सकते हैं?,3,0
Thank you for choosing us. Good day!, हमें चुनने के लिए धन्यवाद। अच्छा दिन!,3,2
C4RT40, C4RT40,0,0
iku205, iku205,2,0
yes, हां,2,0
KKE443, केकेई443,0,0
"i already booked a ticket, i need to change seat"," मैंने पहले ही टिकट बुक कर लिया है, मुझे सीट बदलनी है",2,1
"Thank you Eunice, may I know your phone number or email address?"," धन्यवाद यूनिस, क्या मैं आपका फोन नंबर या ईमेल पता जान सकता हूं?",3,0
OK, ठीक है,2,0
"You're welcome!Thank you for visiting us, wish to serve you again. Have a safe flight!"," आपका स्वागत है!हमारे पास आने के लिए धन्यवाद, मैं फिर से आपकी सेवा करना चाहता हूं। एक सुरक्षित उड़ान की कामना करते हैं!",3,2
i wand book a boarding pass to be sent on email address, मैं ईमेल पते पर भेजने के लिए एक बोर्डिंग पास बुक करना चाहता हूं,1,0
Great! Would there be anything else that I may help you with?, महान! क्या कुछ और होगा जिसमें मैं आपकी मदद कर सकूं?,3,2
"Hello there! Sky high customer services, How may I help you today?"," नमस्ते! स्काई हाई कस्टमर सर्विसेज, मैं आज आपकी कैसे मदद कर सकता हूं?",3,0
Pleasure's mine. You can go through this website: www.pilotairlines.com in case of any query and help us help you. Good day!,आनंद मेरा है। किसी भी प्रश्न के मामले में आप इस वेबसाइट www.pilotairlines.com पर जा सकते हैं और आपकी सहायता करने में हमारी सहायता कर सकते हैं। अच्छा दिन!,3,2
Amanda Johnson, अमांडा जॉनसन,1,0
Thank you! Your boarding pass will be sent to your email address very soon. Is there anything else that I may help you with?, आपको धन्यवाद! आपका बोर्डिंग पास बहुत जल्द आपके ईमेल पते पर भेज दिया जाएगा। क्या कुछ और है जिसमें मैं आपकी मदद कर सकता हूं?,3,0
Hello! Good morning. You've reached LMT airways. How may I help you?, नमस्ते! सुबह बख़ैर। आप एलएमटी एयरवेज पर पहुंच गए हैं। क्या मेरे द्वारा आपकी कोई सहायता हो सकती है?,3,0
hi, नमस्ते,2,0
Hi, नमस्ते,2,0
Fantastic! Thank you for reaching out to us. Have a great journey. Bye., ज़बरदस्त! हमसे संपर्क की पहल के लिए आपका धन्यवाद। शानदार यात्रा करें। अलविदा।,3,2
i already book a sead but chNGE A SEAT, मैं पहले से ही एक सीड बुक करता हूं लेकिन एक सीट चुनता हूं,1,0
Awesome! I've sent you the boarding pass on your email. You'll receive it within 2-3 minutes. I hope this helps., बहुत बढ़िया! मैंने आपको आपके ईमेल पर बोर्डिंग पास भेज दिया है। आप इसे 2-3 मिनट के भीतर प्राप्त कर लेंगे। आशा है कि ये आपकी मदद करेगा।,3,2
ok thanks, ठीक है धन्यवाद,3,0
I NEED CHECK MY SEAT ASSIGNMENT, मुझे अपने सीट असाइनमेंट की जांच करने की आवश्यकता है,2,0
Thank you for staying connected. We've got Go Air flying in the morning of 4 October and the estimated arrival is 10AM. The ticket fare is $265. Would you like that?,जुड़े रहने के लिए धन्यवाद। हमारे पास 4 अक्टूबर की सुबह गो एयर की उड़ान है और अनुमानित आगमन सुबह 10 बजे है। टिकट का किराया 265 डॉलर है। क्या तुम वह पसंद करोगी?,3,0
okay fine sir...very very thank you sir.., ठीक है सर...बहुत बहुत धन्यवाद सर..,3,2
ok thanks, ठीक है धन्यवाद,3,0
william, विलियम,0,0
hi, नमस्ते,2,0
"I need to make a booking one way from New York to Washington, can you check the availability ? "," मुझे न्यूयॉर्क से वाशिंगटन के लिए एक तरफ बुकिंग करने की आवश्यकता है, क्या आप उपलब्धता की जांच कर सकते हैं?",3,0
RAVI, रवि,0,0
"Sure! I'll change that for you right away! which seat would you like to fly with?
", ज़रूर! मैं इसे आपके लिए तुरंत बदल दूँगा! आप किस सीट से उड़ान भरना चाहेंगे?,3,0
"Thank you for that. I've booked  1 First class ticket by the name Raknas from California to Florida by the Delta airways on 07/04/2019 at 7 PM. And, I've also sent you a link on your email address, please click on that link and do the payment, your booking will be confirmed."," उसके लिये आपका धन्यवाद। मैंने 07/04/2019 को शाम 7 बजे डेल्टा एयरवेज द्वारा कैलिफोर्निया से फ़्लोरिडा के लिए राकनास नाम से 1 प्रथम श्रेणी का टिकट बुक किया है। और, मैंने आपको आपके ईमेल पते पर एक लिंक भी भेजा है, कृपया उस लिंक पर क्लिक करें और भुगतान करें, आपकी बुकिंग की पुष्टि हो जाएगी।",3,0
"Sure! For the boarding pass, I'd require your phone number or email address. Could you please help me with that?"," ज़रूर! बोर्डिंग पास के लिए, मुझे आपका फ़ोन नंबर या ईमेल पता चाहिए। क्या आप कृपया इसमें मेरी मदद कर सकते हैं?",3,0
thanks for your information, आपकी जानकारी के लिए धन्यवाद,3,2
"Great! As per your request, I've checked with my resources. You've been allotted window seat and the number is C2."," महान! आपके अनुरोध के अनुसार, मैंने अपने संसाधनों से जांच की है। आपको विंडो सीट आवंटित की गई है और संख्या C2 है।",3,2
"Thank you! The seat number allotted to you is 25A. It's a window seat.
", आपको धन्यवाद! आपको आवंटित सीट संख्या 25A है। यह एक विंडो सीट है।,3,0
"Awesome! Thank you for that. Please allow me for a minute or two, I'll be right back with the details."," बहुत बढ़िया! उसके लिये आपका धन्यवाद। कृपया मुझे एक या दो मिनट के लिए अनुमति दें, मैं विवरण के साथ वापस आऊंगा।",3,2
"Perfect! I see that there are two flights operating from Chennai to Delhi  by Indigo and Spice jet at 3 AM on 18/09/18, which one would you prefer?","उत्तम! मैंने देखा कि 18/09/18 को सुबह 3 बजे इंडिगो और स्पाइस जेट द्वारा चेन्नई से दिल्ली के लिए दो उड़ानें संचालित हो रही हैं, आप किसे पसंद करेंगे?",3,2
h54g78, h54g78,0,0
priya, प्रिया,2,0
alvin maten, एल्विन माटेन,0,0
middle seat, बीच की सीट,0,0
Hello! You've been connected to StarAirwyas. How may I assist you?, नमस्ते! आप StarAirwyas से जुड़ चुके हैं। मैं आपकी कैसे सहायता कर सकता हूँ?,3,0
No thanks bye, नो थैंक्स बाय,3,1
"Yes, Of course. I'll surely help you with your boarding pass. May I know your full name please?", हां बिल्कुल। मैं निश्चित रूप से आपके बोर्डिंग पास में आपकी मदद करूंगा। क्या मैं आपका पूरा नाम जान सकता हूँ?,3,0
"to Brookline, MA
"," ब्रुकलाइन, MA . के लिए",2,0
my last name marthu, मेरा अंतिम नाम मार्थु,1,0
"You're welcome! Thank you for visiting us, wish to serve you again. Have a nice time!"," आपका स्वागत है! हमारे पास आने के लिए धन्यवाद, मैं फिर से आपकी सेवा करना चाहता हूं। आशा है आपका समय अच्छा बीते!",3,2
OK, ठीक है,2,0
good morning, शुभ प्रभात,2,2
can you help me with something?, क्या मेरी कुछ सहायता कर सकते हो?,2,0
"Sure, tell me."," ज़रूर, बताओ।",2,0
lkj458, एलकेजे458,2,0
"I need to Check my Seat assignment, can you help me on that ?"," मुझे अपना सीट असाइनमेंट चेक करना है, क्या आप इसमें मेरी मदद कर सकते हैं?",3,0
yes it is w2mn85, हाँ यह w2mn85 . है,2,0
Great! I've confirmed the booking and have sent you a confirmation email where you can pay for the tickets and get a copy of the tickets. I hope this is helpful., महान! मैंने बुकिंग की पुष्टि कर दी है और आपको एक पुष्टिकरण ईमेल भेजा है जहां आप टिकटों के लिए भुगतान कर सकते हैं और टिकटों की एक प्रति प्राप्त कर सकते हैं। मुझे आशा है कि यह मददगार है।,3,2
Alycia Gordan and my booking number is H1S7C2, एलिसिया गॉर्डन और मेरा बुकिंग नंबर H1S7C2 . है,2,0
"Surely, I'll be happy to help you with it. Please may I know your full name?"," निःसंदेह, मुझे इसमें आपकी सहायता करने में प्रसन्नता होगी। कृपया क्या मैं आपका पूरा नाम जान सकता हूँ?",2,0
"I'm glad that was helpful, thank you for reaching out to us. Have a great day ahead and happy traveling! "," मुझे खुशी है कि यह मददगार था, हमसे संपर्क करने के लिए धन्यवाद। आगे का दिन अच्छा हो और यात्रा सुखद हो!",3,2
September 28 2018,September 28 2018,0,0
Perfect! I'd like to inform you that you have been allotted 9 C which is a window seat., उत्तम! मैं आपको सूचित करना चाहता हूं कि आपको 9 सी आवंटित किया गया है जो एक विंडो सीट है।,3,2
Here's what I've found for you- Skyline with $823 and Greatlakes with $892. Please tell me your choice., यहाँ मैंने आपके लिए जो पाया है- $823 के साथ स्काईलाइन और $892 के साथ ग्रेटलेक्स। कृपया मुझे अपनी पसंद बताएं।,2,0
ok sir have a minute please, ठीक है सर कृपया एक मिनट का समय दें,2,0
Hi, नमस्ते,3,0
Hello! Welcome to Air USA and we'll surely help you with it! Please could you provide your last name?,नमस्ते! एयर यूएसए में आपका स्वागत है और हम निश्चित रूप से इसमें आपकी मदद करेंगे! कृपया क्या आप अपना अंतिम नाम प्रदान कर सकते हैं?,3,2
I'll help you out with that. May I know your full name and the booking confirmation number?, मैं इसमें आपकी मदद करूंगा। क्या मैं आपका पूरा नाम और बुकिंग पुष्टिकरण संख्या जान सकता हूँ?,3,0
"Thank You! May I also know the 6 chartered booking confirmation number?
", धन्यवाद! क्या मैं 6 चार्टर्ड बुकिंग पुष्टिकरण संख्या भी जान सकता हूँ?,3,0
"Great! You'll soon be receiving a mail with a link through which you'll be able to make the payment and then confirm your flight tickets. Anything else I may help you in?
", महान! आपको जल्द ही एक लिंक के साथ एक मेल प्राप्त होगा जिसके माध्यम से आप भुगतान कर सकेंगे और फिर अपनी उड़ान टिकटों की पुष्टि कर सकेंगे। कुछ और मैं आपकी मदद कर सकता हूँ?,3,2
ok, ठीक है,2,0
Awesome! May I know your email address for your boarding pass to be sent?, बहुत बढ़िया! क्या मैं आपके बोर्डिंग पास को भेजने के लिए आपका ईमेल पता जान सकता हूँ?,3,2
seat assignment and decide to change it., सीट असाइनमेंट और इसे बदलने का फैसला करें।,0,0
Hey there! Good morning. You're connected to LMT Airways. How may I help you?, सुनो! सुबह बख़ैर। आप एलएमटी एयरवेज से जुड़े हैं। क्या मेरे द्वारा आपकी कोई सहायता हो सकती है?,3,0
"Good morning! You've reached Alliance Airways Customer service, how may I help you?  "," सुबह बख़ैर! आप एलायंस एयरवेज ग्राहक सेवा तक पहुँच चुके हैं, मैं आपकी कैसे मदद कर सकता हूँ?",3,0
"Sure, we are here to assist you always! May I know your last name please?"," ज़रूर, हम यहाँ हमेशा आपकी सहायता के लिए हैं! क्या मैं आपका अंतिम नाम जान सकता हूँ?",3,0
no need, कोई ज़रुरत नहीं है,1,0
Amazing! B3 is an aisle seat and it is available. Would you like to take that?, अद्भुत! B3 एक गलियारा सीट है और यह उपलब्ध है। क्या आप इसे लेना चाहेंगे?,3,2
ulla kol, उल्ला कोली,2,0
"Thanks for waiting, I've checked there is an aisle available which is 12A should I go ahead and confirm it for you?"," प्रतीक्षा करने के लिए धन्यवाद, मैंने जाँच की है कि वहाँ एक गलियारा उपलब्ध है जो 12A है क्या मुझे आगे बढ़कर आपके लिए इसकी पुष्टि करनी चाहिए?",3,0
?*, ?*,0,0
"Thanks for waiting, your seat is 17B which is a window seat. Anything else I may help you in?"," प्रतीक्षा के लिए धन्यवाद, आपकी सीट 17B है जो एक विंडो सीट है। कुछ और मैं आपकी मदद कर सकता हूँ?",3,2
ok, ठीक है,2,0
hi, नमस्ते,2,0
Awesome! I'll help you with that. May I know your last name please?, बहुत बढ़िया! मैं इसमें आपकी मदद करूंगा। क्या मैं आपका अंतिम नाम जान सकता हूँ?,3,2
email is juliegeorge2010@reddiffmail.com, ईमेल है juliegeorge2010@reddiffmail.com,0,0
DG432H, डीजी432एच,0,0
Hello! Good morning. You've reached LMT Airways. How may I assist you today?, नमस्ते! सुबह बख़ैर। आप एलएमटी एयरवेज पहुंच गए हैं। आज मैं आपकी मदद किस तरह कर सकता हूँ?,3,0
Thank you so much. The boarding pass has been sent. Please feel free to reach out to us in case of any queries., बहुत-बहुत धन्यवाद। बोर्डिंग पास भेज दिया गया है। कृपया किसी भी प्रश्न के मामले में हमसे बेझिझक संपर्क करें।,3,2
I'm sorry! I'm unable to understand your query. Could you please elaborate?, मुझे माफ़ करें! मैं आपकी क्वेरी को समझने में असमर्थ हूं। क्या आप कृपया विस्तार से बता सकते हैं?,3,1
can you please help me with seat assignment?, क्या आप कृपया मुझे सीट असाइनमेंट में मदद कर सकते हैं?,3,0
"Nope, I dont think so.  Thanks again!"," नहीं, मुझे ऐसा नहीं लगता। एक बार फिर धन्यवाद!",3,1
"Hello there! Sky high customer services, How may I help you today?"," नमस्ते! स्काई हाई कस्टमर सर्विसेज, मैं आज आपकी कैसे मदद कर सकता हूं?",3,0
"Lorenzo Beck
", लोरेंजो बेक,2,0
"Thank you for visiting us, we are always here whenever you need us. Have a safe flight!","हमारे पास आने के लिए धन्यवाद, जब भी आपको हमारी आवश्यकता होती है हम हमेशा यहां होते हैं। एक सुरक्षित उड़ान की कामना करते हैं!",3,2
Your boarding pass will be reaching you on the day of your journey. Is there anything else I might help you with?, आपकी यात्रा के दिन आपका बोर्डिंग पास आप तक पहुंच जाएगा। क्या कुछ और है जिसमें मैं आपकी मदद कर सकता हूं?,2,0
okay., ठीक है।,2,0
"Okay, then that will be all."," ठीक है, तो बस इतना ही होगा।",2,0
"That's all, thanks"," बस इतना ही, धन्यवाद",3,0
Not really, ज़रुरी नहीं,1,0
no thanks ok good bye, नहीं धन्यवाद ठीक है अलविदा,3,1
Sure! Please give me a minute to look upon the available flights in the Morning., ज़रूर! कृपया मुझे सुबह में उपलब्ध उड़ानों को देखने के लिए एक मिनट दें।,2,0
"Amazing! Thanks a ton for waiting! Hurrah!! I've booked your flight tickets in American airlines on 9/23/2018, Departure time- 5:00 AM and arrival time- 8:00 PM, for 3 passengers and your total is $180."," अद्भुत! प्रतीक्षा के लिए एक टन धन्यवाद! हुर्रे !! मैंने 9/23/2018 को अमेरिकी एयरलाइनों में आपकी उड़ान के टिकट बुक किए हैं, प्रस्थान का समय- सुबह 5:00 बजे और आगमन का समय- 8:00 बजे, 3 यात्रियों के लिए और आपका कुल $180 है।",3,2
"Wonderful! Thanks for choosing us, hope you have a great trip!"," अद्भुत! हमें चुनने के लिए धन्यवाद, आशा है कि आपकी यात्रा शानदार रही होगी!",3,2
"yew okay, thanks four wonderful help"," यू ठीक है, धन्यवाद चार अद्भुत मदद",3,2
MY BOOKING NUMBERS:785964, मेरे बुकिंग नंबर:785964,1,0
robert@mail.com, Robert@mail.com,0,0
"Sure, I am waiting."," ज़रूर, मैं इंतज़ार कर रहा हूँ।",2,0
i want a windows seat, मुझे विंडोज़ सीट चाहिए,1,0
:), :),0,2
Simbu, simbu,0,0
I want my boarding pass., मुझे अपना बोर्डिंग पास चाहिए।,2,0
hi, नमस्ते,2,0
"Awesome! Thanks for reaching out to us, hope you have a wonderful trip ahead. "," बहुत बढ़िया! हमसे संपर्क करने के लिए धन्यवाद, आशा है कि आपकी आगे की यात्रा शानदार रही होगी।",3,2
okay, ठीक है,2,0
I NEED TO CHEAT MY SEAT ASSIGNMENT, मुझे अपना सीट असाइनमेंट धोखा देने की आवश्यकता है,1,0
Are we connected, क्या हम जुड़े हुए हैं,0,0
Would there be anything else I may assist you with?, क्या कुछ और होगा जिसमें मैं आपकी सहायता कर सकूं?,2,0
I wanted to book a one way flight to San Jose, मैं सैन जोस के लिए एकतरफा उड़ान बुक करना चाहता था,1,0
"NAME- FRANKLIN , EMAIL- FRANKLIN123@HOTMAIL.COM"," नाम- फ्रेंकलिन, ईमेल- FRANKLIN123@HOTMAIL.COM",0,0
siva@gmail.com, siva@gmail.com,0,0
"Wonderful! Thank you for visiting us, wish to serve you again. Have a safe flight!"," अद्भुत! हमारे पास आने के लिए धन्यवाद, मैं फिर से आपकी सेवा करना चाहता हूं। एक सुरक्षित उड़ान की कामना करते हैं!",3,2
prabhud@gmail.com,prabhud@gmail.com,0,0
my name is arun, मेरा नाम अरुण है,1,0
ok thank you, ठीक है धन्यवाद,3,0
Nmae: Nivash.S..Booking confirmation number:FT1966, Nmae: Nivash.S.. बुकिंग पुष्टिकरण संख्या: FT1966,2,0
02-09-2018,02-09-2018,0,0
Perfect! Please allow me a moment to check the details., उत्तम! कृपया मुझे विवरण की जांच करने के लिए कुछ समय दें।,3,2
"That's great! Thanks a lot for answering all my questions so patiently, I'll go ahead and check your seating assignment and let you know."," एक दम बढ़िया! मेरे सभी प्रश्नों का इतने धैर्यपूर्वक उत्तर देने के लिए बहुत-बहुत धन्यवाद, मैं आगे बढ़ूंगा और आपके बैठने के कार्य की जांच करूंगा और आपको बता दूंगा।",3,2
I'll help you out with that. May I know the departure city and the arrival city?, मैं इसमें आपकी मदद करूंगा। क्या मैं प्रस्थान शहर और आगमन शहर को जान सकता हूँ?,3,0
OK, ठीक है,2,0
sorry i need aisle, क्षमा करें मुझे गलियारे की आवश्यकता है,3,0
"My pleasure! Will confirm that for you, anything else I may help you in/"," मेरा सौभाग्य! पुष्टि करेंगे कि आपके लिए, किसी और चीज में मैं आपकी मदद कर सकता/सकती हूं/",3,2
Thank you fro reaching out to us. Good day!, हमसे संपर्क करने के लिए धन्यवाद। अच्छा दिन!,3,2
Perfect! Please stay on hold while I check the details and get back to you.," उत्तम! जब तक मैं विवरणों की जांच करता हूं और आपसे संपर्क करता हूं, कृपया होल्ड पर रहें।",3,2
"Good morning! You've reached Alliance Airways Customer service, how may I help you?  "," सुबह बख़ैर! आप एलायंस एयरवेज ग्राहक सेवा तक पहुँच चुके हैं, मैं आपकी कैसे मदद कर सकता हूँ?",3,0
Absolutely! Could you please help me with your last name and the confirmation number?, बिल्कुल! क्या आप कृपया अपने अंतिम नाम और पुष्टिकरण संख्या के साथ मेरी मदद कर सकते हैं?,3,0
Welcome to PilotAirlines! You're talking to the Customer Executive! How may I help you today?, पायलट एयरलाइंस में आपका स्वागत है! आप ग्राहक कार्यकारी से बात कर रहे हैं! आज मैं आपकी कैसे मदद कर सकता हूँ?,3,0
"Also i need Boarding pass, please me to mohanbabu@yamil.com"," इसके अलावा मुझे बोर्डिंग पास चाहिए, कृपया मुझे mohanbabu@yamil.com पर संपर्क करें",2,0
All right! Sure! I'll definitely help you out and share your boarding pass with you. I'll require your details to pull up your profile. May I know your full name please?, ठीक है! ज़रूर! मैं निश्चित रूप से आपकी मदद करूंगा और आपके साथ आपका बोर्डिंग पास साझा करूंगा। मुझे आपकी प्रोफ़ाइल खींचने के लिए आपके विवरण की आवश्यकता होगी। क्या मैं आपका पूरा नाम जान सकता हूँ?,3,0
"Absolutely! I'll be glad to help you in this, could you please let me know your last name?"," बिल्कुल! मुझे इसमें आपकी मदद करने में खुशी होगी, क्या आप कृपया मुझे अपना अंतिम नाम बता सकते हैं?",3,2
Tami, तमी,0,0
"Fantastic! Here's your seat number K17 which is a window seat, Is that okay for you?"," ज़बरदस्त! ये रहा आपकी सीट नंबर K17 जो कि विंडो सीट है, क्या यह आपके लिए ठीक है?",3,2
"Awesome! Here's what I've done as per your request, I changed your seat to middle and your new seat number will be A41. Hope that will be comfortable for you.","बहुत बढ़िया! यहाँ मैंने आपके अनुरोध के अनुसार क्या किया है, मैंने आपकी सीट को बीच में बदल दिया है और आपकी नई सीट संख्या A41 होगी। आशा है कि यह आपके लिए सुविधाजनक होगा।",3,2
I want change seat assignment for upcoming journey.Can you help me?, मैं आगामी यात्रा के लिए सीट असाइनमेंट बदलना चाहता हूँ।क्या आप मेरी मदद कर सकते हैं?,3,0
"Are we still connected? 
", हम अभी भी जुड़े हैं?,1,0
Superb! Could you help me with your email address please?, शानदार! क्या आप कृपया मुझे अपने ईमेल पते में मदद कर सकते हैं?,3,2
"Alright! In order to place your booking, I'll need to know your Full name and mail id. Kindly provide me the same."," ठीक है! आपकी बुकिंग करने के लिए, मुझे आपका पूरा नाम और मेल आईडी जानना होगा। कृपया मुझे वही प्रदान करें।",3,0
"Thank you! The seat number allotted to you is 25A. It's a window seat.
", आपको धन्यवाद! आपको आवंटित सीट संख्या 25A है। यह एक विंडो सीट है।,3,0
yes okay alright\, हाँ ठीक है ठीक है\,2,0
4561237895,4561237895,0,0
no need, कोई ज़रुरत नहीं है,1,0
I apologize. Seat number F2 is a middle seat. Would you like to take that?, मैं क्षमाप्रार्थी हूं। सीट संख्या F2 बीच की सीट है। क्या आप इसे लेना चाहेंगे?,3,0
"Fantastic! Here's your seat number K17 which is a window seat, Is that okay for you?"," ज़बरदस्त! ये रहा आपकी सीट नंबर K17 जो कि विंडो सीट है, क्या यह आपके लिए ठीक है?",3,2
Would there be anything else I may assist you with?, क्या कुछ और होगा जिसमें मैं आपकी सहायता कर सकूं?,2,0
FS35T6, FS35T6,0,0
i need to check my seat assignment,मुझे अपने सीट असाइनमेंट की जांच करनी है,2,0
"I'm glad that was helpful, thank you for reaching out to us. Have a great day ahead and happy traveling! "," मुझे खुशी है कि यह मददगार था, हमसे संपर्क करने के लिए धन्यवाद। आगे का दिन अच्छा हो और यात्रा सुखद हो!",3,2
hello good morning, हैलो सुप्रभात,3,2
Hi., नमस्ते।,3,0
septemper 6 2018, सितम्बर 6 2018,0,0
ok, ठीक है,2,0
ashok@gmail.com, अशोक@gmail.com,2,0
i check my boarding pass, मैं अपना बोर्डिंग पास चेक करता हूं,2,0
booking confirmation number is 8PITY5, बुकिंग पुष्टिकरण संख्या 8PITY5 . है,2,0
my name is siva, मेरा नाम शिव है,1,0
now you can find it, अब आप इसे पा सकते हैं,1,0
MICKEY MILLER 456 786 9876, मिकी मिलर 456 786 9876,0,0
Good morning! You've reached Flamingo customers service. How may I help you today?, सुबह बख़ैर! आप फ्लेमिंगो ग्राहक सेवा तक पहुँच चुके हैं। आज मैं आपकी कैसे मदद कर सकता हूँ?,3,1
"Wow! That's amazing! I'll surely book your flight tickets, May I know the departure and the arrival city please?"," बहुत खूब! वह आश्चर्यजनक है! मैं निश्चित रूप से आपकी उड़ान के टिकट बुक करूंगा, क्या मैं प्रस्थान और आगमन के शहर को जान सकता हूं?",3,2
For sure! I'll help you with that. Could you please let me know your last name and the booking confirmation number?, पक्का! मैं इसमें आपकी मदद करूंगा। क्या आप कृपया मुझे अपना अंतिम नाम और बुकिंग पुष्टिकरण संख्या बता सकते हैं?,3,0
HAI, हाई,2,0
Palembang to Chennai, पालेमबांग से चेन्नई,0,0
I hope we are connected?, मुझे आशा है कि हम जुड़े हुए हैं?,2,0
I need aisle seat, मुझे गलियारे की सीट चाहिए,1,0
Alright! Could you also share your email address?, ठीक है! क्या आप अपना ईमेल पता भी साझा कर सकते हैं?,3,0
okay, ठीक है,2,0
i want to check my seat assignment, मैं अपने सीट असाइनमेंट की जांच करना चाहता हूं,2,0
Hello! Good morning. You've reached LMT Airways. How may I assist you today?, नमस्ते! सुबह बख़ैर। आप एलएमटी एयरवेज पहुंच गए हैं। आज मैं आपकी मदद किस तरह कर सकता हूँ?,3,0
Thank you for sharing the details. You would be receiving the boarding pass shortly. Is there anything else I may help you with?, विवरण साझा करने के लिए धन्यवाद। आपको शीघ्र ही बोर्डिंग पास प्राप्त होगा। क्या कुछ और है जिसमें मैं आपकी मदद कर सकता हूं?,3,0
asa524, आसा524,0,0
tickets*, टिकट*,2,0
R6H8B3, R6H8B3,0,0
I would like to check my seat assignment for my upcoming flight, मैं अपनी आगामी उड़ान के लिए अपने सीट असाइनमेंट की जांच करना चाहता/चाहती हूं,3,0
1 TICKET ONLY, केवल 1 टिकट,0,0
9/17/2018, 9/17/2018,0,0
no thAnks," जी नहीं, धन्यवाद",3,0
Amazing! How many tickets would you like to book?, अद्भुत! आप कितने टिकट बुक करना चाहेंगे?,3,2
Pleasure is all mine! Would there be anything else I may assist you with?, यह तो मेरा सौभाग्य है! क्या कुछ और होगा जिसमें मैं आपकी सहायता कर सकूं?,3,2
"I need to change my Seating Assignment, can you help me to change it ? I need Window Seat "," मुझे अपना सीटिंग असाइनमेंट बदलना है, क्या आप इसे बदलने में मेरी मदद कर सकते हैं? मुझे विंडो सीट चाहिए",3,0
Leomathew266@gmail.com, Leomathew266@gmail.com,0,0
Could you please send boarding pass details?, क्या आप कृपया बोर्डिंग पास विवरण भेज सकते हैं?,3,0
"Thank you Balakrishna, kindly give me a minute to proceed further."," धन्यवाद बालकृष्ण, कृपया मुझे आगे बढ़ने के लिए एक मिनट दें।",3,2
KOKI,कोकि,2,0
Sure. Could you please help me with your Last name and booking confirmation number?, ज़रूर। क्या आप कृपया अपने अंतिम नाम और बुकिंग पुष्टिकरण संख्या के साथ मेरी मदद कर सकते हैं?,3,0
"That's alright, I'll confirm it for window. Is there anything else that I may help you with?"," यह ठीक है, मैं इसे window. क्या कुछ और है जिसमें मैं आपकी मदद कर सकता हूं?",2,0
Hope we're connected?, आशा है कि हम जुड़े हुए हैं?,2,0
i want ask for my boarding pass, मुझे अपना बोर्डिंग पास मांगना है,2,0
I've a good news for you. There is just 1 window seat available on your flight which is the F4. Do you want me to confirm that seat for you?, मेरे पास आपके लिए एक अच्छी खबर है। आपकी फ्लाइट में सिर्फ 1 विंडो सीट उपलब्ध है जो F4 है। क्या आप चाहते हैं कि मैं आपके लिए उस सीट की पुष्टि कर दूं?,3,2
"I'll do that for you, may I know the departure city and the arrival city?"," मैं तुम्हारे लिए यह करूँगा, क्या मैं प्रस्थान शहर और आगमन शहर को जान सकता हूँ?",3,0
"Sure, I am waiting for your replay."," ज़रूर, मैं आपके रीप्ले का इंतज़ार कर रहा हूँ।",2,0
Thank you for providing the details. I see that you have booked the window seat on spicejet airways and the seat number is A1 . Is there anything else I can help you with?, विवरण प्रदान करने के लिए धन्यवाद। मैंने देखा कि आपने स्पाइसजेट एयरवेज पर विंडो सीट बुक कर ली है और सीट नंबर A1 है। क्या कुछ और है जिसमें मैं आपकी मदद कर सकता हूं?,3,0
Great! Would you like to take a morning flight or an evening one?, महान! क्या आप सुबह की उड़ान लेना चाहेंगे या शाम की उड़ान?,3,2
OK, ठीक है,2,0
"Thank you Kavi, please give me a minute to check the assigned seats to you. "," धन्यवाद कवि, कृपया मुझे आपको निर्धारित सीटों की जांच करने के लिए एक मिनट दें।",3,0
"Okay! We have 12A available, would you like to take that? "," ठीक! हमारे पास 12A उपलब्ध है, क्या आप इसे लेना चाहेंगे?",3,0
Good morning Charlie, गुड मॉर्निंग चार्ली,3,0
Great! Please allow me a moment to check with the resources., महान! कृपया मुझे संसाधनों के साथ जाँच करने के लिए एक क्षण दें।,3,2
marurhu@gmail.com, marurhu@gmail.com,0,0
I'd like to inform you that your boarding pass has been sent to your phone number 9600225512., मैं आपको सूचित करना चाहता हूं कि आपका बोर्डिंग पास आपके फोन नंबर 9600225512 पर भेज दिया गया है।,3,0
Alright Kolambas! Could you please share the booking confirmation number?, ठीक है कोलंबस! क्या आप कृपया बुकिंग पुष्टिकरण संख्या साझा कर सकते हैं?,3,0
989776690,989776690,0,0
"Fantastic! Thanks a lot for reaching to us, It was really nice talking to you. I hope you enjoy the journey. Have a great day ahead! Buhbye! :)"," ज़बरदस्त! हम तक पहुंचने के लिए बहुत-बहुत धन्यवाद, आपसे बात करके बहुत अच्छा लगा। मुझे आशा है कि आप यात्रा का आनंद लेंगे। आगे एक महान दिन हो! टाटा! :)",3,2
"Thank you John, could you please help me with your email address or phone number?"," धन्यवाद जॉन, क्या आप कृपया अपने ईमेल पते या फोन नंबर के साथ मेरी मदद कर सकते हैं?",3,0
Great! Could you pleas give me a minute to check with the resources?, महान! क्या आप कृपया मुझे संसाधनों की जांच करने के लिए एक मिनट दे सकते हैं?,3,2
That's great! Please allow me a minute to check the system.,एक दम बढ़िया! कृपया मुझे सिस्टम की जांच करने के लिए एक मिनट का समय दें।,3,2
jayanthi, जयंती,2,0
"Hello! Good Morning. Welcome to ""Flyhigh Indian Airlines"". How may I help you?"," नमस्ते! शुभ प्रभात। ""फ्लाईहाई इंडियन एयरलाइंस"" में आपका स्वागत है। क्या मेरे द्वारा आपकी कोई सहायता हो सकती है?",3,0
Hello! Good morning. You've reached LMT Airways. How may I assist you today?, नमस्ते! सुबह बख़ैर। आप एलएमटी एयरवेज पहुंच गए हैं। आज मैं आपकी मदद किस तरह कर सकता हूँ?,3,0
b64h98, b64h98,0,0
"Thank you Balan, may I know the email address or phone number?"," धन्यवाद बालन, क्या मुझे ईमेल पता या फोन नंबर पता हो सकता है?",3,0
lt862e, lt862e,0,0
"Thank you for reaching out to us, it's a pleasure assisting you. Have a great day and happy traveling!"," हमसे संपर्क करने के लिए धन्यवाद, आपकी सहायता करना खुशी की बात है। आपका दिन शुभ हो और यात्रा सुखद हो!",3,2
789 675 4545, 789 675 4545,0,0
"Thank you Harrish, could you please help me with the email address or phone number? "," धन्यवाद हरीश, क्या आप कृपया ईमेल पते या फोन नंबर के साथ मेरी मदद कर सकते हैं?",3,2
For sure! I'll help you with that. Could you please let me know your last name and the booking confirmation number?, पक्का! मैं इसमें आपकी मदद करूंगा। क्या आप कृपया मुझे अपना अंतिम नाम और बुकिंग पुष्टिकरण संख्या बता सकते हैं?,3,0
HI, नमस्ते,2,0
"Thank you Mr.Richardson. Could you please hold on for a moment, I'll get back to you with the details."," धन्यवाद श्री रिचर्डसन। क्या आप कृपया एक पल के लिए रुक सकते हैं, मैं विवरण के साथ आपके पास वापस आऊंगा।",3,0
I hope we're connected?, मुझे आशा है कि हम जुड़े हुए हैं?,2,0
"As I've checked with the resources, I see that the seat allotted to you is the aisle seat which is X4."," जैसा कि मैंने संसाधनों के साथ जांच की है, मैं देखता हूं कि आपको आवंटित सीट गलियारे की सीट है जो कि X4 है।",2,0
Could you help me out with my seat arrangement?, क्या आप मेरी सीट की व्यवस्था में मेरी मदद कर सकते हैं?,3,0
Thanks Bavi! Could you please let me know your booking confirmation number?, धन्यवाद बावी! क्या आप कृपया मुझे अपनी बुकिंग पुष्टिकरण संख्या बता सकते हैं?,3,2
i like to move D6, मुझे D6 स्थानांतरित करना पसंद है,2,0
Thank you! Would there be anything else I may assist you with?, आपको धन्यवाद! क्या कुछ और होगा जिसमें मैं आपकी सहायता कर सकूं?,3,2
JHG45F, जेएचजी45एफ,0,0
Awesome! Thank you so much for baring with my questions. Just allow me a moment I'll quickly go ahead and book your flight tickets., बहुत बढ़िया! मेरे सवालों को टालने के लिए आपका बहुत-बहुत धन्यवाद। बस मुझे एक पल दें मैं जल्दी से आगे बढ़कर आपकी फ्लाइट की टिकट बुक कर देता हूँ।,3,2
okay thank you, ठीक है धन्यवाद,3,2
"As I've checked with the resources, I see that the seat allotted to you is the window seat which is T5.","जैसा कि मैंने संसाधनों के साथ जांच की है, मैं देखता हूं कि आपको आवंटित सीट विंडो सीट है जो T5 है।",2,0
I have a booking confirmation number., मेरे पास बुकिंग कन्फर्मेशन नंबर है।,1,0
Perfect! Vino could you please help me out with your email address for the boarding pass to be sent to you?, उत्तम! आपको भेजे जाने वाले बोर्डिंग पास के लिए क्या आप कृपया अपने ईमेल पते के साथ मेरी मदद कर सकते हैं?,3,2
"Sure, I'll help you get that as well. Could you please share your email address?"," ज़रूर, मैं उसे पाने में भी आपकी मदद करूँगा। क्या आप कृपया अपना ईमेल पता साझा कर सकते हैं?",3,0
can you helpme?, क्या आप मेरी मदद कर सकते हैं?,2,0
"Please take your time , No issues.."," कृपया अपना समय लें, कोई समस्या नहीं ..",2,2
"Avon, IN
"," एवन, आईएन",0,0
"Awesome! Thanks for choosing us, hope you'll have a wonderful trip ahead friend! ","बहुत बढ़िया! हमें चुनने के लिए धन्यवाद, आशा है कि आपके पास एक शानदार यात्रा होगी मित्र!",3,2
Great! Could you also share the email address?, महान! क्या आप ईमेल पता भी साझा कर सकते हैं?,3,2
I am really happy sir., मैं सच में खुश हूं सर।,3,2
I like to change my seat?, मुझे अपनी सीट बदलना पसंद है?,3,0
JAGAN & AXU480, जगन और AXU480,0,0
Thank you for waiting. Your patience is greatly appreciated. Your seat number is D1 and it is a window seat. Is there anything else I might help you with?, प्रतीक्षा के लिए धन्यवाद। आपके धैर्य की बहुत सराहना की जाती है। आपकी सीट संख्या D1 है और यह एक विंडो सीट है। क्या कुछ और है जिसमें मैं आपकी मदद कर सकता हूं?,3,2
seat assignment, बैठने की जगह का आवंटन,0,0
. Check my seat assignment and decide to change it, . मेरे सीट असाइनमेंट की जांच करें और इसे बदलने का फैसला करें,2,1
Awesome! I'd be glad to help you with that. May I know your last name please?, बहुत बढ़िया! मुझे इसमें आपकी मदद करने में खुशी होगी। क्या मैं आपका अंतिम नाम जान सकता हूँ?,3,2
e, इ,0,0
OK, ठीक है,2,0
Please do reach out to us in case of any queries. Have a great day and a safe journey!, कृपया किसी भी प्रश्न के मामले में हमसे संपर्क करें। आपका दिन शुभ हो और सुरक्षित यात्रा हो!,3,2
"Nothing more, Thank you so much for your help"," और कुछ नहीं, आपकी मदद के लिए बहुत-बहुत धन्यवाद",3,2
"Wonderful! Thank you for choosing us, we are always here to help you. Have an amazing flight!"," अद्भुत! हमें चुनने के लिए धन्यवाद, हम हमेशा आपकी मदद के लिए यहां हैं। एक अद्भुत उड़ान लो!",3,2
hello drew, हैलो आकर्षित,3,0
"Surely, thank you. The confirmation link has been sent, please click on the link to confirm the booking.","ज़रूर, धन्यवाद। पुष्टिकरण लिंक भेज दिया गया है, कृपया बुकिंग की पुष्टि करने के लिए लिंक पर क्लिक करें।",3,0
Awesome! May I have your email address as well?, बहुत बढ़िया! क्या मुझे आपका ईमेल पता भी मिल सकता है?,3,2
Hello! Good morning. You've reached LMT Airways. How may I assist you today?, नमस्ते! सुबह बख़ैर। आप एलएमटी एयरवेज पहुंच गए हैं। आज मैं आपकी मदद किस तरह कर सकता हूँ?,3,0
"Awesome! Thank you for reaching out to us, it's a pleasure assisting you. Have a great day and happy traveling!"," बहुत बढ़िया! हमसे संपर्क करने के लिए धन्यवाद, आपकी सहायता करना खुशी की बात है। आपका दिन शुभ हो और यात्रा सुखद हो!",3,2
NICE THANK YOU, अच्छा आपका धन्यवाद,3,2
Hi, नमस्ते,2,0
"Thank you for visiting us, wish to serve you again. Have a safe flight!"," हमारे पास आने के लिए धन्यवाद, मैं फिर से आपकी सेवा करना चाहता हूं। एक सुरक्षित उड़ान की कामना करते हैं!",3,2
vasu@gmail.com, वासु@gmail.com,0,0
hai, हाय,2,0
KARTHIK, कार्तिक,2,0
"Oh, I am sorry. I need window seat, could be able to help me?"," मुझे माफ़ करें। मुझे विंडो सीट चाहिए, क्या आप मेरी मदद कर सकते हैं?",3,0
"Perfect! I see that there is an early morning flight operated by Emirates EA112 at a cost of $230. It departs at 7:AM and arrives at 11:30AM.
", उत्तम! मैं देखता हूं कि एमिरेट्स ईए112 द्वारा $230 की लागत से संचालित एक सुबह की उड़ान है। यह सुबह 7 बजे छूटती है और 11:30 बजे आती है।,2,2
Sure thing! Could you send me your email address?, अवश्य! क्या आप मुझे अपना ईमेल पता भेज सकते हैं?,3,0
hai good morning jesse, है गुड मॉर्निंग जेसी,3,2
Perfect! I'd like to inform you that your seat has been changed successfully., उत्तम! मैं आपको सूचित करना चाहता हूं कि आपकी सीट सफलतापूर्वक बदल दी गई है।,3,2
I appreciate if you clearly mention your query. So that I can help you in a better way., यदि आप स्पष्ट रूप से अपनी क्वेरी का उल्लेख करते हैं तो मैं सराहना करता हूं। ताकि मैं आपकी बेहतर तरीके से मदद कर सकूं।,3,0
ok, ठीक है,2,0
Good morning!, सुबह बख़ैर!,3,2
Great news! There's L4 (Aisle) available right now. Will this change be fine with you?, बढ़िया खबर! अभी L4 (Aisle) उपलब्ध है। क्या यह बदलाव आपके साथ ठीक रहेगा?,3,2
Hello! Welcome to Air USA! How may I help you today?, नमस्ते! एयर यूएसए में आपका स्वागत है! आज मैं आपकी कैसे मदद कर सकता हूँ?,3,0
Hope we are connected?, आशा है कि हम जुड़े हुए हैं?,2,0
"I'll be glad to help you know that, may I please know your last name and booking confirmation  number?"," मुझे यह जानने में आपकी सहायता करने में खुशी होगी, क्या मैं आपका अंतिम नाम और बुकिंग पुष्टिकरण संख्या जान सकता हूं?",3,0
Great! Please allow me a moment to check the seat details and get back to you., महान! कृपया मुझे सीट के विवरण की जांच करने और आपसे संपर्क करने के लिए कुछ समय दें।,3,2
"I'm glad that was helpful, thank you for reaching out to us. Have a great day ahead and happy traveling! "," मुझे खुशी है कि यह मददगार था, हमसे संपर्क करने के लिए धन्यवाद। आगे का दिन अच्छा हो और यात्रा सुखद हो!",3,2
"i need to check my seat assignment
", मुझे अपने सीट असाइनमेंट की जांच करनी है,2,0
i want ti my seat no, मुझे मेरी सीट नहीं चाहिए,2,1
my full name is siva kumar, मेरा पूरा नाम शिव कुमार है,1,0
my booking confirmation number is 8t4j3s, मेरी बुकिंग पुष्टिकरण संख्या 8t4j3s है,1,0
Jillian Wyatt and booking number is D3J5X1, जिलियन वायट और बुकिंग नंबर है D3J5X1,2,0
HJ89IO,HJ89IO,0,0
my seat assignment, मेरी सीट असाइनमेंट,1,0
Hello. I was wondering if you could let me know my seat assignment on an upcoming flight, नमस्ते। मैं सोच रहा था कि क्या आप मुझे आगामी उड़ान में मेरे सीट असाइनमेंट के बारे में बता सकते हैं,3,0
Hello! You've been connected to StarAirwyas. I'll book the ticket for you. May I know the departure city and the arrival city?, नमस्ते! आप StarAirwyas से जुड़ चुके हैं। मैं आपके लिए टिकट बुक कर दूंगा। क्या मैं प्रस्थान शहर और आगमन शहर को जान सकता हूँ?,3,0
Sure! I'd be glad to help you with that. May I know your last name and your booking confirmation number?, ज़रूर! मुझे इसमें आपकी मदद करने में खुशी होगी। क्या मैं आपका अंतिम नाम और आपकी बुकिंग पुष्टिकरण संख्या जान सकता हूँ?,3,0
LET ME KNOW THE AMOUNT, मुझे राशि के बारे में बताएं,1,0
"I Like to change my Seat Assignment, can you assist me to change ?"," मुझे अपना सीट असाइनमेंट बदलना पसंद है, क्या आप मुझे बदलने में मदद कर सकते हैं?",3,0
Hey there! Good morning. You're connected to LMT Airways. How may I help you?, सुनो! सुबह बख़ैर। आप एलएमटी एयरवेज से जुड़े हैं। क्या मेरे द्वारा आपकी कोई सहायता हो सकती है?,3,0
"Awesome! We have three flights operating in American airlines, at 5:00 AM, 2:00 PM, 6:00 PM. which one you would prefer?"," बहुत बढ़िया! अमेरिकी एयरलाइंस में हमारी तीन उड़ानें हैं, सुबह 5:00 बजे, दोपहर 2:00 बजे, शाम 6:00 बजे। आप किसे पसंद करेंगे?",3,2
You're welcome. Please do contact us for further queries. Have a good day. Bye., आपका स्वागत है। कृपया अधिक प्रश्नों के लिए हमसे संपर्क करें। आपका दिन शुभ हो। अलविदा।,2,2
"Hey there, Good morning! You'v reached Jet fly customer service! You're connected to Sam! I'd be glad to assist you today!"," अरे वहाँ, सुप्रभात! आप जेट फ्लाई ग्राहक सेवा तक पहुँच चुके हैं! आप सैम से जुड़े हुए हैं! मुझे आज आपकी सहायता करने में खुशी होगी!",3,2
"Thank You! May I also know the 6 chartered booking confirmation number?
", धन्यवाद! क्या मैं 6 चार्टर्ड बुकिंग पुष्टिकरण संख्या भी जान सकता हूँ?,3,0
"Hello there! Sky high customer services, How may I help you today?"," नमस्ते! स्काई हाई कस्टमर सर्विसेज, मैं आज आपकी कैसे मदद कर सकता हूं?",3,0
Hello what is my seat?, नमस्ते मेरी सीट क्या है?,3,0
"All right! I'll definitely check that for you. I'll require your details to access your account, May I know your full name please?"," ठीक है! मैं निश्चित रूप से आपके लिए इसकी जांच करूंगा। आपके खाते तक पहुँचने के लिए मुझे आपके विवरण की आवश्यकता होगी, क्या मैं आपका पूरा नाम जान सकता हूँ?",3,0
I'm so sorry I see that James is registered properly. please give me a minute to proceed further., मुझे खेद है कि मैं देख रहा हूँ कि James ठीक से पंजीकृत है। कृपया मुझे आगे बढ़ने के लिए एक मिनट दें।,3,1
"Perfect! May I please know if you'd prefer aisle, window or middle row seat?"," उत्तम! क्या मैं कृपया जान सकता हूँ कि क्या आप गलियारे, खिड़की या मध्य पंक्ति की सीट पसंद करेंगे?",3,2
UIU786, यूआईयू786,0,0
balaji, बालाजी,0,0
I already booked one-way domestic fly next month., मैंने अगले महीने वन-वे डोमेस्टिक फ्लाई बुक कर ली है।,1,0
A4G4F3, A4G4F3,0,0
OK, ठीक है,2,0
Please help me in my seating arrangement,कृपया मेरे बैठने की व्यवस्था में मेरी मदद करें,3,0
"Thanks for your help, please send my boarding pass to beatriz.porter@comcast.net"," आपकी मदद के लिए धन्यवाद, कृपया मेरे बोर्डिंग पास को Beatriz.porter@comcast.net . पर भेजें",3,0
Booking confirmation no is RED457, बुकिंग पुष्टिकरण संख्या RED457 . है,2,0
"Hello, you've reached Sky Travels. How may I help you today?"," नमस्कार, आप स्काई ट्रेवल्स में पहुंच गए हैं। आज मैं आपकी कैसे मदद कर सकता हूँ?",3,0
Awesome! I'd like to inform you that the confirmation email has been sent to you through which you can make the payment and confirm the booking., बहुत बढ़िया! मैं आपको सूचित करना चाहता हूं कि आपको पुष्टिकरण ईमेल भेज दिया गया है जिसके माध्यम से आप भुगतान कर सकते हैं और बुकिंग की पुष्टि कर सकते हैं।,3,2
"That's all, thanks!"," बस इतना ही, धन्यवाद!",3,0
nothing myside, मेरे पास कुछ भी नहीं,2,1
8547854124,8547854124,0,0
For sure! I'll help you with that. Could you please let me know your last name and the booking confirmation number?, पक्का! मैं इसमें आपकी मदद करूंगा। क्या आप कृपया मुझे अपना अंतिम नाम और बुकिंग पुष्टिकरण संख्या बता सकते हैं?,3,0
"Sure,  I'll change the seat for you. Allow me for a moment, while I check for the availability."," ज़रूर, मैं आपके लिए सीट बदल दूँगी। मुझे एक पल के लिए अनुमति दें, जबकि मैं उपलब्धता की जांच कर रहा हूं।",3,0
"Awesome! Thanks for reaching out to us, hope you have a wonderful trip ahead. "," बहुत बढ़िया! हमसे संपर्क करने के लिए धन्यवाद, आशा है कि आपकी आगे की यात्रा शानदार रही होगी।",3,2
ok, ठीक है,2,0
Sure, ज़रूर,2,0
i want to  boarding pass, मुझे बोर्डिंग पास चाहिए,1,0
"Fantastic! I've changed and confirmed the seat for you, is there anything else I may assist you with?"," ज़बरदस्त! मैंने आपके लिए सीट बदल दी है और पुष्टि कर दी है, क्या मैं आपकी सहायता के लिए कुछ और कर सकता हूँ?",3,2
i wand a plain tiket, मुझे सादा टिकट चाहिए,1,0
Thanks! I'd like to inform you that the boarding pass has been sent to your email address., धन्यवाद! मैं आपको सूचित करना चाहता हूं कि बोर्डिंग पास आपके ईमेल पते पर भेज दिया गया है।,3,0
are you there?, क्या आप हैं?,1,0
"Hello there good morning! Sky high customer services, How may I help you today?"," नमस्ते वहाँ सुप्रभात! स्काई हाई कस्टमर सर्विसेज, मैं आज आपकी कैसे मदद कर सकता हूं?",3,0
ko, कोस,2,0
OK, ठीक है,2,0
ok, ठीक है,2,0
keisha.smith@yahoo.com, keisha.smith@yahoo.com,2,0
I NEED CHANGE MY SEAT, मुझे अपनी सीट बदलने की जरूरत है,2,1
Hello there! A very Good morning! Welcome to Moon way airline service! How may I help you with?, नमस्ते! एक बहुत ही शुभ प्रभात! मून वे एयरलाइन सेवा में आपका स्वागत है! मैं आपकी कैसे मदद कर सकता हूँ?,3,2
Perfect! I'd like to inform you that the seat assigned to you is 10 B which is a middle seat., उत्तम! मैं आपको सूचित करना चाहता हूं कि आपको जो सीट दी गई है वह 10 बी है जो बीच की सीट है।,3,2
Thanks Johnson! Please allow me a moment to check your seat details., धन्यवाद जॉनसन! कृपया मुझे अपनी सीट के विवरण की जांच करने के लिए कुछ समय दें।,3,2
I NEED BOARDING PASS, मुझे बोर्डिंग पास चाहिए,1,0
"Thank you, a confirmation link will sent to the email address shortly. Is there anything else I could assist you with?"," धन्यवाद, शीघ्र ही ईमेल पते पर एक पुष्टिकरण लिंक भेजा जाएगा। क्या कुछ और है जिसमें मैं आपकी सहायता कर सकता हूं?",3,0
"I'm sorry, I haven't got your last response. Could you please help me with your query?","क्षमा करें, मुझे आपका अंतिम उत्तर नहीं मिला। क्या आप कृपया अपनी क्वेरी में मेरी मदद कर सकते हैं?",3,0
Sure. May I have your email address please?, ज़रूर। क्या मुझे आपका ईमेल पता मिल सकता है?,3,0
"Hello, you've reached Sky Travels. How may I help you today?"," नमस्कार, आप स्काई ट्रेवल्स में पहुंच गए हैं। आज मैं आपकी कैसे मदद कर सकता हूँ?",3,0
I booked just one ticket only Sam.. I am in need to know that.. No more details required, मैंने सिर्फ एक टिकट बुक किया था सैम.. मुझे यह जानने की जरूरत है.. अधिक विवरण की आवश्यकता नहीं है,1,0
"Sure, may I know your full name please?"," ज़रूर, क्या मैं आपका पूरा नाम जान सकता हूँ?",3,0
Great! Which seat would you want? Middle or aisle?, महान! आप कौन सी सीट चाहेंगे? मध्य या गलियारा?,3,2
Hi, नमस्ते,2,0
Great! I'll be glad to help you with it. Please may I get your last name?, महान! मुझे इसमें आपकी मदद करने में खुशी होगी। कृपया क्या मुझे आपका अंतिम नाम मिल सकता है?,3,2
"No worries, thanks for the information. I'd like to inform you that the seat allotted to you is 8B which is a middle seat. I hope you are fine with it? "," कोई चिंता नहीं, जानकारी के लिए धन्यवाद। मैं आपको सूचित करना चाहता हूं कि आपको आवंटित सीट 8बी है जो बीच की सीट है। मुझे आशा है कि आप इसके साथ ठीक हैं?",3,0
"Thank You! May I also know the 6 chartered booking confirmation number?
", धन्यवाद! क्या मैं 6 चार्टर्ड बुकिंग पुष्टिकरण संख्या भी जान सकता हूँ?,3,0
Thank you for staying connected. Your seat is confirmed to window seat A7. Would you need anything else?, जुड़े रहने के लिए धन्यवाद। आपकी सीट विंडो सीट A7 से कंफर्म है। क्या आपको कुछ और चाहिए होगा?,3,2
Matthew.A, मैथ्यू.ए,0,0
"Sorry, I didn't get your last response?"," क्षमा करें, मुझे आपका अंतिम उत्तर नहीं मिला?",3,0
THANK YOU, धन्यवाद,3,2
"Thank you for staying connected, I see that you're assigned to M8 window seat. "," जुड़े रहने के लिए धन्यवाद, मैं देख रहा हूं कि आपको M8 विंडो सीट दी गई है।",3,2
THANKING YOU VERY MUCH, आपको बहुत-बहुत धन्यवाद,2,2
OH NO.. WAIT A MINUTE.. I WILL HAVE MIDDLE SEAT, अरे नहीं.. एक मिनट रुकिए.. मेरे पास बीच की सीट होगी,2,0
"I need to change my Seating Assignment, can you help me to change it ? I need Window Seat "," मुझे अपना सीटिंग असाइनमेंट बदलना है, क्या आप इसे बदलने में मेरी मदद कर सकते हैं? मुझे विंडो सीट चाहिए",3,0
Sorry i need a window seat, सॉरी मुझे विंडो सीट चाहिए,3,0
JOSHY MJU145, जोशी MJU145,0,0
"Thank you,  I see that Mr. Ram you've been assigned to the A6 Middle seat. "," धन्यवाद, मैं देख रहा हूं कि श्रीमान राम आपको ए6 मिडिल सीट पर नियुक्त किया गया है।",3,0
"Alright! It was great assisting you, thanks for choosing our services. Have a safe flight, goodbye.
"," ठीक है! आपकी सहायता करके बहुत अच्छा लगा, हमारी सेवाओं को चुनने के लिए धन्यवाद। एक सुरक्षित उड़ान लो, अलविदा।",3,2
Robin, रोबिन,0,0
"Thank you! The seat number allotted to you is 25A. It's a window seat.
", आपको धन्यवाद! आपको आवंटित सीट संख्या 25A है। यह एक विंडो सीट है।,3,0
its k, इसके को,2,0
"Good morning! You've reached Alliance Airways Customer service, how may I help you?  "," सुबह बख़ैर! आप एलायंस एयरवेज ग्राहक सेवा तक पहुँच चुके हैं, मैं आपकी कैसे मदद कर सकता हूँ?",3,0
I want to check my seat assignment. Can you please help me with that?,मैं अपने सीट असाइनमेंट की जांच करना चाहता हूं। क्या आप कृपया इसमें मेरी मदद कर सकते हैं?,3,0
its enough, बहुत हो गया,1,0
nothing, कुछ नहीं,1,0
"Good to hear from you, Cooper! Could you please share the booking confirmation number?"," आपसे सुनकर अच्छा लगा, कूपर! क्या आप कृपया बुकिंग पुष्टिकरण संख्या साझा कर सकते हैं?",3,2
But there are no seats empty on your flight as of now., लेकिन अभी तक आपकी फ्लाइट में कोई सीट खाली नहीं है।,1,2
ok, ठीक है,2,0
sure .myself Adria alexi and my confirmation number is AL7845, निश्चित रूप से .myself Adria alexi और मेरी पुष्टिकरण संख्या AL7845 . है,2,0
check my seat assignment, मेरी सीट असाइनमेंट की जाँच करें,2,0
Awesome! May I know the preferred date?, बहुत बढ़िया! क्या मुझे पसंदीदा तारीख पता चल सकती है?,3,2
"My pleasure! It was great assisting you, thanks for choosing our services. Have a safe flight, goodbye.","मेरा सौभाग्य! आपकी सहायता करके बहुत अच्छा लगा, हमारी सेवाओं को चुनने के लिए धन्यवाद। एक सुरक्षित उड़ान लो, अलविदा।",3,2
hi, नमस्ते,2,0
robert, रॉबर्ट,0,0
Booking confirmation number: AN0089, बुकिंग पुष्टिकरण संख्या: AN0089,2,0
ss67d6, ss67d6,0,0
ok, ठीक है,2,0
"Hello there, how may I assist you today?
"," नमस्ते, मैं आज आपकी कैसे सहायता कर सकता हूँ?",3,0
"Okay! Thanks for reaching out to us, hope you have a wonderful trip ahead. "," ठीक! हमसे संपर्क करने के लिए धन्यवाद, आशा है कि आपकी आगे की यात्रा शानदार रही होगी।",3,2
I'm great! :) Thank you!, मैं महान हूँ! :) आपको धन्यवाद!,3,2
"I'd love to help you out, I'll definitely help you out, stay connected! I'll require your details to identify your profile, May I know your last name please?"," मुझे आपकी मदद करना अच्छा लगेगा, मैं निश्चित रूप से आपकी मदद करूंगा, जुड़े रहें! मुझे आपकी प्रोफ़ाइल की पहचान करने के लिए आपके विवरण की आवश्यकता होगी, क्या मैं आपका अंतिम नाम जान सकता हूँ?",3,2
"I'll surely help you with that, may I know your last name and the booking confirmation number?"," मैं निश्चित रूप से इसमें आपकी मदद करूंगा, क्या मैं आपका अंतिम नाम और बुकिंग पुष्टिकरण संख्या जान सकता हूं?",2,0
Thank you for staying on hold. I see there is a window seat available in the third row and the seat number is C3. Are you fine with that?,रुके रहने के लिए धन्यवाद। मैंने देखा कि तीसरी पंक्ति में एक विंडो सीट उपलब्ध है और सीट संख्या C3 है। क्या आप इससे ठीक हैं?,3,0
"Perfect! Well Mr.Jho  your seat number is C12 which is a window seat, Is that okay?"," उत्तम! खैर मिस्टर झो आपकी सीट का नंबर C12 है जो एक विंडो सीट है, क्या यह ठीक है?",2,2
Kindly send my boarding pass., कृपया मेरा बोर्डिंग पास भेजें।,3,0
1000,1000,0,0
"Nothing else, Thank you for your information. Have a nice day to chat with you. "," और कुछ नहीं, आपकी जानकारी के लिए धन्यवाद। आपके साथ चैट करने के लिए एक अच्छा दिन है।",3,0
nothing else, और कुछ नहीं,1,0
I've sent the pass on your email. Would there be anything else I may assist you with?, मैंने आपके ईमेल पर पास भेज दिया है। क्या कुछ और होगा जिसमें मैं आपकी सहायता कर सकूं?,3,0
"Nothing else, Thank you for your Booking. Have a nice day to chat with you. "," और कुछ नहीं, आपकी बुकिंग के लिए धन्यवाद। आपके साथ चैट करने के लिए एक अच्छा दिन है।",3,0
"Sure, it is Sam Smith, the booking bumber is 83JH74"," ज़रूर, यह सैम स्मिथ है, बुकिंग बमर 83JH74 . है",2,0
Good morning! You've reached Flamingo customers service. How may I help you today?, सुबह बख़ैर! आप फ्लेमिंगो ग्राहक सेवा तक पहुँच चुके हैं। आज मैं आपकी कैसे मदद कर सकता हूँ?,3,1
Absolutely! I'll help you with that as well. Could you please help me with your email address?,बिल्कुल! मैं इसमें भी आपकी मदद करूंगा। क्या आप कृपया मुझे अपने ईमेल पते में मदद कर सकते हैं?,3,0
Amazing! Seat number B9 is a window seat and it is available. Would you like to take that?, अद्भुत! सीट नंबर बी9 विंडो सीट है और यह उपलब्ध है। क्या आप इसे लेना चाहेंगे?,3,2
You're welcome! Is there anything else that I may help you with?,आपका स्वागत है! क्या कुछ और है जिसमें मैं आपकी मदद कर सकता हूं?,2,2
Glad to help you today. Please go through this website: www.pilotairlines.com in case of any query and help us help you. Good day!, आज आपकी मदद करके खुशी हुई। कृपया इस वेबसाइट को देखें: www.pilotairlines.com किसी भी प्रश्न के मामले में और आपकी सहायता करने में हमारी सहायता करें। अच्छा दिन!,3,2
"Anything else I may help you out with today?
", कुछ और मैं आज आपकी मदद कर सकता हूं?,2,0
I wanted to know about my seat assignment for the flight I booked recently my, मैं हाल ही में बुक की गई फ़्लाइट के लिए अपने सीट असाइनमेंट के बारे में जानना चाहता था my,2,0
"Cahill , 5gt88r"," काहिल , 5gt88r",2,0
Check my seat assignment, मेरी सीट असाइनमेंट जांचें,2,0
You're welcome! Would there be anything else I may assist you with?,आपका स्वागत है! क्या कुछ और होगा जिसमें मैं आपकी सहायता कर सकूं?,3,2
"Thank you! The seat number allotted to you is 25A. It's a window seat.
", आपको धन्यवाद! आपको आवंटित सीट संख्या 25A है। यह एक विंडो सीट है।,3,0
"Thank you for being so patient and cooperative! It was really nice assisting you! I hope you have a great time, Happy travelling! Have a great day ahead! See ya! :)"," इतने धैर्यवान और सहयोगी होने के लिए धन्यवाद! आपकी सहायता करना वाकई अच्छा लगा! मुझे आशा है कि आपके पास एक अच्छा समय है, हैप्पी ट्रैवलिंग! आगे एक महान दिन हो! फिर मिलेंगे! :)",3,2
You're welcome! Is there anything else that I may help you with?,आपका स्वागत है! क्या कुछ और है जिसमें मैं आपकी मदद कर सकता हूं?,2,2
I ALREADY BOOK A TICKET BUT I WANT TO CHANGE IT, मैं पहले से ही एक टिकट बुक करता हूं लेकिन मैं इसे बदलना चाहता हूं,2,0
" Thank you for visiting us, wish to serve you again. Have a safe flight!"," हमारे पास आने के लिए धन्यवाद, मैं फिर से आपकी सेवा करना चाहता हूं। एक सुरक्षित उड़ान की कामना करते हैं!",3,2
yes all guestions have answered to me, हाँ सभी मेहमानों ने मुझे उत्तर दिया है,2,2
ok!, ठीक है!,2,0
yes, हां,2,0
"Thank You! May I also know the 6 chartered booking confirmation number?
", धन्यवाद! क्या मैं 6 चार्टर्ड बुकिंग पुष्टिकरण संख्या भी जान सकता हूँ?,3,0
Sure! I'll be happy to help you in this regard. May I know your last name and your booking confirmation number?, ज़रूर! मुझे इस संबंध में आपकी मदद करने में खुशी होगी। क्या मैं आपका अंतिम नाम और आपकी बुकिंग पुष्टिकरण संख्या जान सकता हूँ?,3,2
Ramu according to my sources you've been allotted seat no 9C which is a window seat., मेरे सूत्रों के अनुसार रामू को आपको सीट नंबर 9सी आवंटित किया गया है जो एक विंडो सीट है।,2,0
26-08-2018,26-08-2018,0,0
Should I confirm you mail address as msloan@mac.com?, क्या मुझे आपके मेल पते की पुष्टि msloan@mac.com के रूप में करनी चाहिए?,1,0
Could you please send my boarding passes with my email address, क्या आप कृपया मेरे ईमेल पते के साथ मेरे बोर्डिंग पास भेज सकते हैं,3,0
Sankar I'd like to inform you that have been allotted 5C which is a window seat., शंकर मैं आपको सूचित करना चाहता हूं कि 5सी आवंटित किया गया है जो एक विंडो सीट है।,2,0
ok thank you, ठीक है धन्यवाद,3,0
camila@gmail.com, कैमिला@gmail.com,0,0
"Sure, could you please share the departure city?"," ज़रूर, क्या आप कृपया प्रस्थान शहर साझा कर सकते हैं?",3,0
ok thank you, ठीक है धन्यवाद,3,0
Thank you so much Drew.. Now I am happy.. Thanks a ton for your service. Have a wonderful day.. Bye,बहुत बहुत धन्यवाद ड्रू.. अब मैं खुश हूँ.. आपकी सेवा के लिए बहुत बहुत धन्यवाद। आपका दिन मंगलमय हो.. अलविदा,3,2
Hello! You've been connected to StarAirways customer service! How may I assist you today?, नमस्ते! आप StarAirways ग्राहक सेवा से जुड़ चुके हैं! आज मैं आपकी मदद किस तरह कर सकता हूँ?,3,0
IS IT OK?, ठीक है न?,2,0
my last name is Portland, मेरा अंतिम नाम पोर्टलैंड है,1,0
Glad to help you today. Please go through this website: www.pilotairlines.com in case of any query and help us help you. Good day!, आज आपकी मदद करके खुशी हुई। कृपया इस वेबसाइट को देखें: www.pilotairlines.com किसी भी प्रश्न के मामले में और आपकी सहायता करने में हमारी सहायता करें। अच्छा दिन!,3,2
smith 890uuy, स्मिथ 890uuy,0,0
jans, जानसो,0,0
ok, ठीक है,2,0
YES, हां,2,2
I want you to change my seat assignment, मैं चाहता हूं कि आप मेरा सीट असाइनमेंट बदल दें,3,1
ok, ठीक है,2,0
"Superb! Which class would you prefer among the economy, business and first?"," शानदार! आप अर्थव्यवस्था, व्यापार और प्रथम श्रेणी में से किस वर्ग को पसंद करेंगे?",3,2
Send boarding pass to mobile number, मोबाइल नंबर पर भेजें बोर्डिंग पास,0,0
Thank you for waiting. Your patience is greatly appreciated. Your seat number is D1 which is a window seat. Is there anything else that I might help you with?, प्रतीक्षा के लिए धन्यवाद। आपके धैर्य की बहुत सराहना की जाती है। आपका सीट नंबर D1 है जो एक विंडो सीट है। क्या कुछ और है जिसमें मैं आपकी मदद कर सकता हूं?,3,2
"Hello, you've reached Sky Travels. How may I help you today?"," नमस्कार, आप स्काई ट्रेवल्स में पहुंच गए हैं। आज मैं आपकी कैसे मदद कर सकता हूँ?",3,0
FGT256, FGT256,0,0
ok, ठीक है,2,0
Pleasure's mine. You can go through this website: www.pilotairlines.com in case any query and help us help you. Good day!, आनंद मेरा है। आप इस वेबसाइट के माध्यम से जा सकते हैं: www.pilotairlines.com किसी भी प्रश्न के मामले में और आपकी सहायता करने में हमारी सहायता करें। अच्छा दिन!,3,2
Sure! The boarding pass will be sent to the phone number and the email address., ज़रूर! बोर्डिंग पास फोन नंबर और ईमेल पते पर भेजा जाएगा।,2,0
good moring, गुड मार्निंग,3,2
"Sure, I am waiting."," ज़रूर, मैं इंतज़ार कर रहा हूँ।",2,0
trishika, त्रिशिका,2,1
Could you also help me with the booking confirmation number?, क्या आप बुकिंग कन्फर्मेशन नंबर में भी मेरी मदद कर सकते हैं?,3,0
Thanks! I've sent you an email which has an attachment of your boarding pass. I hope this is helpful., धन्यवाद! मैंने आपको एक ईमेल भेजा है जिसमें आपके बोर्डिंग पास का अटैचमेंट है। मुझे आशा है कि यह मददगार है।,3,0
"Yes, please", जी कहिये,3,0
kiran, किरण,2,0
j58p36, j58p36,0,0
Fantastic! Could you please share the number of passengers as well?, ज़बरदस्त! क्या आप कृपया यात्रियों की संख्या भी साझा कर सकते हैं?,3,2
OK THANKS, ठीक है धन्यवाद,3,2
my name is david, मेरा नाम डेविड है,1,0
"No worries! We have 9C available, which is a window seat. Would you like to take that? "," चिंता न करें! हमारे पास 9C उपलब्ध है, जो एक विंडो सीट है। क्या आप इसे लेना चाहेंगे?",3,2
my email is lenacharles123@yahoomail.com, मेरा ईमेल है lenacharles123@yahoomail.com,2,0
"Nothing else, Thank you for your information. Have a nice day to chat with you. "," और कुछ नहीं, आपकी जानकारी के लिए धन्यवाद। आपके साथ चैट करने के लिए एक अच्छा दिन है।",3,0
hai, हाय,2,0
OK IT IS GOOUD, ठीक है यह अच्छा है,2,1
"Thank you Sitapara, please allow me a minute to check the seats assigned to you."," धन्यवाद सीतापारा, कृपया मुझे आपको सौंपी गई सीटों की जांच करने के लिए एक मिनट का समय दें।",3,0
k thanks, के धन्यवाद,3,0
Fantastic! The pass shall be sent to you shortly. Anything else I may help you with?, ज़बरदस्त! पास आपको शीघ्र ही भेजा जाएगा। कुछ और मैं आपकी मदद कर सकता हूँ?,3,2
I'm sorry?, मुझे माफ़ करें?,3,0
"I'm glad that was helpful, thank you for reaching out to us. Have a great day ahead and happy traveling! "," मुझे खुशी है कि यह मददगार था, हमसे संपर्क करने के लिए धन्यवाद। आगे का दिन अच्छा हो और यात्रा सुखद हो!",3,2
hai, हाय,2,0
"Yes! of course, I'll definitely help you with this, I'll require your details to access your account. May I know your full name please?","हाँ! बेशक, मैं निश्चित रूप से इसमें आपकी मदद करूंगा, मुझे आपके खाते तक पहुंचने के लिए आपके विवरण की आवश्यकता होगी। क्या मैं आपका पूरा नाम जान सकता हूँ?",3,0
ok, ठीक है,2,0
It was a pleasure assisting you. Have a great flight!, आपकी सहायता करना खुशी की बात थी। एक अच्छी उड़ान लो!,3,2
"Sure! I'll help you in getting that done. May I know the departure and arrival cities?
", ज़रूर! इसे पूरा करने में मैं आपकी मदद करूंगा। क्या मैं प्रस्थान और आगमन शहरों को जान सकता हूँ?,3,0
Great! Please specify the seat you'd prefer to have., महान! कृपया वह सीट निर्दिष्ट करें जिसे आप पसंद करेंगे।,3,2
"Great! James, now could you please help me with your email address?"," महान! जेम्स, अब क्या आप कृपया मुझे अपने ईमेल पते में मदद कर सकते हैं?",3,2
Absolutely! I'd be glad to help you with that. Could you please help me with your last name and your booking confirmation number?, बिल्कुल! मुझे इसमें आपकी मदद करने में खुशी होगी। क्या आप कृपया अपने अंतिम नाम और अपनी बुकिंग पुष्टिकरण संख्या के साथ मेरी मदद कर सकते हैं?,3,2
hello, नमस्ते,2,0
Good morning!, सुबह बख़ैर!,3,2
"Thank you Mr.Johnson for the details. Could you please allow me a minute or two, while I get this done for you?"," विवरण के लिए धन्यवाद श्री जॉनसन। क्या आप कृपया मुझे एक या दो मिनट का समय दे सकते हैं, जबकि मैं आपके लिए यह कर रहा हूँ?",3,2
NOTHING ELSE, और कुछ नहीं,2,0
yes, हां,2,0
Aug 30 2018. Can you please list the timing., अगस्त 30 2018। क्या आप कृपया समय सूचीबद्ध कर सकते हैं।,3,0
u76h87, u76h87,0,0
"Hello there! Sky high customer services, How may I help you today?
"," नमस्ते! स्काई हाई कस्टमर सर्विसेज, मैं आज आपकी कैसे मदद कर सकता हूं?",3,0
With pleasure! Have a wonderful day!, क्यों नहीं! शानदार दिन हो!,3,2
Joseph1983@gmail.com, जोसफ1983@gmail.com,0,0
my confirmation no asw458, मेरी पुष्टि संख्या asw458,1,0
thank you, धन्यवाद,2,2
Thanks! I'd like to inform you that the boarding pass has been sent to you., धन्यवाद! मैं आपको सूचित करना चाहता हूं कि बोर्डिंग पास आपको भेज दिया गया है।,3,2
Sure thing! Could you please help me out with your email address for the boarding pass to be sent to you?, अवश्य! क्या आप कृपया मुझे अपना बोर्डिंग पास भेजने के लिए अपने ईमेल पते में मदद कर सकते हैं?,3,0
yes do it fast before someone else, हाँ इसे किसी और के सामने जल्दी करो,2,2
"hello..i need to check my seat assignment
", हैलो..मुझे अपना सीट असाइनमेंट चेक करना है,3,0
2 people, 2 लोग,0,0
Welcome to PilotAirlines! You're talking to the Customer Executive! Could you please help me with your Last name and booking confirmation number?,पायलट एयरलाइंस में आपका स्वागत है! आप ग्राहक कार्यकारी से बात कर रहे हैं! क्या आप कृपया अपने अंतिम नाम और बुकिंग पुष्टिकरण संख्या के साथ मेरी मदद कर सकते हैं?,3,0
Good Morning!,शुभ प्रभात!,3,2
That's great! May I have my boarding pass emailed to me?, एक दम बढ़िया! क्या मैं अपना बोर्डिंग पास मुझे ईमेल कर सकता हूँ?,2,2
Superb! Please allow me a minute to check with the resources., शानदार! कृपया मुझे संसाधनों की जांच करने के लिए एक मिनट का समय दें।,2,2
Awesome! May I know the your mail id or phone number?, बहुत बढ़िया! क्या मैं आपकी मेल आईडी या फोन नंबर जान सकता हूं?,3,2
seat assignment and decide to change, सीट असाइनमेंट और बदलने का फैसला,0,0
Thanks! I'd like to inform you that the boarding pass has been mailed to your email address. Would there be anything else I may assist you with?, धन्यवाद! मैं आपको सूचित करना चाहता हूं कि बोर्डिंग पास आपके ईमेल पते पर भेज दिया गया है। क्या कुछ और होगा जिसमें मैं आपकी सहायता कर सकूं?,3,2
Are we connected?, क्या हम जुड़े हुए हैं?,0,0
"Oh, that's the best! May I know the name and email address on which the booking has to be done?"," ओह, यह सबसे अच्छा है! क्या मैं वह नाम और ईमेल पता जान सकता हूँ जिस पर बुकिंग करनी है?",2,2
"Thank You! May I also know the 6 chartered booking confirmation number?
", धन्यवाद! क्या मैं 6 चार्टर्ड बुकिंग पुष्टिकरण संख्या भी जान सकता हूँ?,3,0
gunal junk, गुनल जंक,2,1
no thanks," जी नहीं, धन्यवाद",3,1
YES, हां,2,2
Wonderful! Please feel free to reach out to us for further queries. Have an amazing journey. Bye., अद्भुत! कृपया आगे के प्रश्नों के लिए हमसे बेझिझक संपर्क करें। एक अद्भुत यात्रा करें। अलविदा।,3,2
no thank you very much, नहीं बहुत बहुत धन्यवाद,3,1
Sure. I'll help you with that. Could you please provide your full name and the booking confirmation number?, ज़रूर। मैं इसमें आपकी मदद करूंगा। क्या आप कृपया अपना पूरा नाम और बुकिंग पुष्टिकरण संख्या प्रदान कर सकते हैं?,3,0
my name dharma, मेरा नाम धर्म,1,0
no thanks," जी नहीं, धन्यवाद",3,1
My Boarding confirmation no is GRD936, मेरी बोर्डिंग पुष्टिकरण संख्या GRD936 है,1,0
"I'll help you with that, could you please help me with your last name and the booking confirmation number? "," मैं इसमें आपकी मदद करूंगा, क्या आप कृपया अपने अंतिम नाम और बुकिंग पुष्टिकरण संख्या के साथ मेरी मदद कर सकते हैं?",3,0
Okay Seat is perfect.., ठीक है सीट एकदम सही है..,2,2
I NEED  A BOARDING PASS, मुझे एक बोर्डिंग पास चाहिए,1,0
nothing, कुछ नहीं,1,0
ok, ठीक है,2,0
NO THANKS," जी नहीं, धन्यवाद",3,1
Yes! Thanks!, हाँ! धन्यवाद!,3,2
"Hello there, how may I assist you today?
"," नमस्ते, मैं आज आपकी कैसे सहायता कर सकता हूँ?",3,0
yes, हां,2,0
"Sure! May I know your last name?
", ज़रूर! क्या मैं आपका अंतिम नाम जान सकता हूँ?,2,0
"Thank you for visiting us, wish to serve you again. Have a safe journey!","हमारे पास आने के लिए धन्यवाद, मैं फिर से आपकी सेवा करना चाहता हूं। आपकी यात्रा सुरक्षित हो!",3,2
"Sorry to keep you waiting, I've checked the information and there are 3 flights available. we have flight at 5:10 am and 6:45 pm and 9:00 pm flight which one would you prefer?"," आपको प्रतीक्षा करते रहने के लिए क्षमा करें, मैंने जानकारी की जाँच कर ली है और 3 उड़ानें उपलब्ध हैं। हमारे पास सुबह 5:10 बजे और शाम 6:45 बजे और रात 9:00 बजे की उड़ान है, आप किसे पसंद करेंगे?",3,0
"Thank you Ram, may I know the email address or phone number?"," धन्यवाद राम, क्या मैं ईमेल पता या फोन नंबर जान सकता हूं?",3,0
yes, हां,2,0
Nothing. Good Bye., कुछ भी तो नहीं। अलविदा।,3,0
business class, बिजनेस क्लास,0,0
Sure. The boarding pass has been sent. Please feel free to reach out to us in case of any queries.,ज़रूर। बोर्डिंग पास भेज दिया गया है। कृपया किसी भी प्रश्न के मामले में हमसे बेझिझक संपर्क करें।,3,0
Thank you for staying connected. As per the confirmation number you're assigned to the seat Y8 which is an aisle seat. Would you like that?, जुड़े रहने के लिए धन्यवाद। पुष्टिकरण संख्या के अनुसार आपको सीट Y8 को सौंपा गया है जो कि एक गलियारा सीट है। क्या तुम वह पसंद करोगी?,3,0
NN78U7, एनएन78यू7,0,0
jesus63@yahoo.com, jesus63@yahoo.com,2,0
Sure thing! I'd be glad to help you with that. Could you please help me with your last name and your booking confirmation number?,अवश्य! मुझे इसमें आपकी मदद करने में खुशी होगी। क्या आप कृपया अपने अंतिम नाम और अपनी बुकिंग पुष्टिकरण संख्या के साथ मेरी मदद कर सकते हैं?,3,0
OH WAIT A MINUTE.. THERE'S A TYPO IN BOOKING NUMBER," ओह, एक मिनट रुकिए.. बुकिंग नंबर में टाइपो है",2,0
No thanks. You've been a big help," जी नहीं, धन्यवाद। आप एक बड़ी मदद रहे हैं",3,1
Amazing! Seat number B2 is a middle seat and it is available. Would you like to take that?, अद्भुत! सीट संख्या बी2 बीच की सीट है और यह उपलब्ध है। क्या आप इसे लेना चाहेंगे?,3,2
Great! May I confirm if all your questions have been answered for the day?,महान! क्या मैं पुष्टि कर सकता हूँ कि क्या उस दिन के लिए आपके सभी प्रश्नों का उत्तर दे दिया गया है?,3,2
4we5rcia6, 4we5rcia6,0,0
hi, नमस्ते,2,0
May I know that is that a male or female?, क्या मैं जान सकता हूँ कि वह नर है या मादा?,2,0
ok, ठीक है,2,0
Awesome! Could you please help me out with your email address to which the confirmation link will be sent through which you can confirm the booking., बहुत बढ़िया! क्या आप कृपया अपने ईमेल पते के साथ मेरी मदद कर सकते हैं जिस पर पुष्टिकरण लिंक भेजा जाएगा जिसके माध्यम से आप बुकिंग की पुष्टि कर सकते हैं।,3,2
no thanks," जी नहीं, धन्यवाद",3,1
If there is no reply from your end I'll be forced to close the chat., अगर आपकी तरफ से कोई जवाब नहीं आया तो मुझे चैट बंद करने के लिए मजबूर किया जाएगा।,1,1
You're welcome! Is there anything else that may help you with?, आपका स्वागत है! क्या कुछ और है जो आपकी मदद कर सकता है?,2,2
"I apologize, I didn't understand the reply."," मुझे खेद है, मुझे जवाब समझ में नहीं आया।",3,1
"Yes, Of course. I'll surely help you with your boarding pass. May I know your full name please?", हां बिल्कुल। मैं निश्चित रूप से आपके बोर्डिंग पास में आपकी मदद करूंगा। क्या मैं आपका पूरा नाम जान सकता हूँ?,3,0
"Perfect! Gabriel, Now I could need your booking confirmation number and your email address?"," उत्तम! गेब्रियल, अब मुझे आपकी बुकिंग पुष्टिकरण संख्या और आपके ईमेल पते की आवश्यकता हो सकती है?",2,2
no thanks," जी नहीं, धन्यवाद",3,1
554-889-6632, 554-889-6632,0,0
OK, ठीक है,2,0
okay, ठीक है,2,0
hai, हाय,2,0
"Perfect! Thank you for that. Please allow me a minute or two, while I get this done for you."," उत्तम! उसके लिये आपका धन्यवाद। कृपया मुझे एक या दो मिनट का समय दें, जबकि मैं आपके लिए यह कर रहा हूं।",3,2
hi, नमस्ते,2,0
Thank you so much. Please allow me a minute to check the system., बहुत-बहुत धन्यवाद। कृपया मुझे सिस्टम की जांच करने के लिए एक मिनट का समय दें।,3,0
f5gh62, f5gh62,0,0
my boarding pass to be sent to your email address or phone number, मेरा बोर्डिंग पास आपके ईमेल पते या फोन नंबर पर भेजा जाएगा,1,0
hai, हाय,2,0
Name: Vijay.M, नाम: विजय.एम,0,0
If there's no response the chat will be ended in a minute., अगर कोई प्रतिक्रिया नहीं है तो चैट एक मिनट में समाप्त हो जाएगी।,1,0
"Oh no worries, I'll change your seat right away. Actually we have 12A available which is aisle seat and is close to the washroom, would you want me to change your seat to 12A?","अरे कोई बात नहीं, मैं तुरंत आपकी सीट बदल देता हूँ। वास्तव में हमारे पास 12A उपलब्ध है जो गलियारे की सीट है और वॉशरूम के करीब है, क्या आप चाहते हैं कि मैं आपकी सीट को 12A में बदल दूं?",3,2
Could you also help me with the booking confirmation number?, क्या आप बुकिंग कन्फर्मेशन नंबर में भी मेरी मदद कर सकते हैं?,3,0
"Yes! I'll certainly help you out in this regards, I'll require your details to access your account. May I know your full name please?"," हाँ! मैं निश्चित रूप से इस संबंध में आपकी सहायता करूंगा, मुझे आपके खाते तक पहुंचने के लिए आपके विवरण की आवश्यकता होगी। क्या मैं आपका पूरा नाम जान सकता हूँ?",3,0
ram, टक्कर मारना,0,0
"Good to hear from you, Brian! Where are your travelling from?"," आपसे सुनकर अच्छा लगा, ब्रायन! आप कहाँ से यात्रा कर रहे हैं?",3,2
OK, ठीक है,2,0
Perfect! I've sent your boarding pass to your given email address. Is there anything else that I may help you with?, उत्तम! मैंने आपका बोर्डिंग पास आपके दिए गए ईमेल पते पर भेज दिया है। क्या कुछ और है जिसमें मैं आपकी मदद कर सकता हूं?,3,2
are you there sam, क्या तुम वहाँ हो,1,0
hai, हाय,2,0
ok, ठीक है,2,0
italy and singapore, इटली और सिंगापुर,0,0
hai, हाय,2,0
09-09-2018,09-09-2018,0,0
Hello Suresh! I'm glad to assist you today. Could you please share your booking confirmation number?, नमस्कार सुरेश! मुझे आज आपकी सहायता करने में खुशी हो रही है। क्या आप कृपया अपनी बुकिंग पुष्टिकरण संख्या साझा कर सकते हैं?,3,0
Definitely! I'd be glad to help you with that. Could you please help me with the departure and arrival city?, निश्चित रूप से! मुझे इसमें आपकी मदद करने में खुशी होगी। क्या आप कृपया मुझे प्रस्थान और आगमन शहर में मदद कर सकते हैं?,3,2
Thanks! I'd like to inform you that the boarding pass has been sent to your email address., धन्यवाद! मैं आपको सूचित करना चाहता हूं कि बोर्डिंग पास आपके ईमेल पते पर भेज दिया गया है।,3,0
OKAY BUT I NEED AISLE SEAT PLEASE," ठीक है, लेकिन कृपया मुझे गलियारे की सीट चाहिए",3,0
Sam I'd like to inform you that you have been allotted 9 C which is a window seat., सैम मैं आपको सूचित करना चाहता हूं कि आपको 9 सी आवंटित किया गया है जो एक विंडो सीट है।,2,0
Hello! You've been connected to StarAirwyas. I'll book the ticket for you. May I know the departure city and the arrival city?, नमस्ते! आप StarAirwyas से जुड़ चुके हैं। मैं आपके लिए टिकट बुक कर दूंगा। क्या मैं प्रस्थान शहर और आगमन शहर को जान सकता हूँ?,3,0
Hello, नमस्ते,2,0
OK SURE, यकीनन ठीक,2,2
"Jackson, and the number is JEN556"," जैक्सन, और संख्या है JEN556",2,0
Thank you very much, आपका बहुत बहुत धन्यवाद,3,2
No doubt in it..You have answered all Jesse.. I am impressed.. Thanks and have a wonderful day ahead... Good bye., इसमें कोई शक नहीं..आपने सभी जेसी को जवाब दिया है.. मैं प्रभावित हूं.. धन्यवाद और आगे एक शानदार दिन है... अलविदा।,3,2
WER452, WER452,0,0
"Yes, thank you!", हाँ धन्यवाद!,3,2
"Good to hear from you, Arun! Could you also share the booking confrimation number?"," आपकी बात सुनकर अच्छा लगा, अरुण! क्या आप बुकिंग कन्फर्मेशन नंबर भी साझा कर सकते हैं?",3,2
Hi, नमस्ते,2,0
Hello! Good morning! Welcome to Sky Airway Customer Service! How may I help you today?, नमस्ते! सुबह बख़ैर! स्काई एयरवे ग्राहक सेवा में आपका स्वागत है! आज मैं आपकी कैसे मदद कर सकता हूँ?,3,0
Perfect! Could you please share your booking confirmation number?, उत्तम! क्या आप कृपया अपनी बुकिंग पुष्टिकरण संख्या साझा कर सकते हैं?,3,2
My pleasure! I'd like to inform you that the boarding has been sent to your phone number.,मेरा सौभाग्य! मैं आपको सूचित करना चाहता हूं कि बोर्डिंग आपके फोन नंबर पर भेज दी गई है।,3,2
dd89d2, डीडी89डी2,0,0
Amazing! Will there be anything else I may assist you in?, अद्भुत! क्या कुछ और होगा जिसमें मैं आपकी सहायता कर सकूं?,3,2
You're welcome! Would there be anything else I may assist you with?,आपका स्वागत है! क्या कुछ और होगा जिसमें मैं आपकी सहायता कर सकूं?,3,2
A457X8, ए457एक्स8,0,0
12-08-2018,12-08-2018,0,0
"i am flexible about the dates, anywhere after 15th September ", मैं 15 सितंबर के बाद कहीं भी तारीखों को लेकर लचीला हूं,2,0
okay take your own time., ठीक है अपना समय लो।,2,0
"Thank you for the clarification, please give me a minute. "," स्पष्टीकरण के लिए धन्यवाद, कृपया मुझे एक मिनट दें।",3,0
"Superb! Your the most awesome customer I've ever assisted, You have been waiting so patiently Thank you so much! I've contacted my team and they told your seat assignment. You are assigned window seat and the number is P1. "," शानदार! आपका सबसे बढ़िया ग्राहक जिसकी मैंने कभी सहायता की है, आप इतने धैर्य से प्रतीक्षा कर रहे हैं, बहुत-बहुत धन्यवाद! मैंने अपनी टीम से संपर्क किया है और उन्होंने आपके सीट असाइनमेंट के बारे में बताया है। आपको विंडो सीट दी गई है और नंबर P1 है।",3,2
Thank you for the details. Your boarding pass will be sent to your contact number very soon. Is there anything else that I  may help you with?, विवरण के लिए धन्यवाद। आपका बोर्डिंग पास बहुत जल्द आपके संपर्क नंबर पर भेज दिया जाएगा। क्या कुछ और है जिसमें मैं आपकी मदद कर सकता हूं?,3,0
"Thanks for staying on hold, I've checked the details your seat number is 11A it is a Middle row seat, is that okay?"," होल्ड पर बने रहने के लिए धन्यवाद, मैंने विवरण की जांच की है कि आपकी सीट संख्या 11A है, यह एक मध्य पंक्ति की सीट है, क्या यह ठीक है?",3,2
ok, ठीक है,2,0
my email address is karanprabu03@gmail.com, मेरा ईमेल पता karanprabu03@gmail.com है,1,0
ok, ठीक है,2,0
HI GOOD MORNING, हाय सुप्रभात,3,0
"Nothing else, Thank you for your information. Have a nice "," और कुछ नहीं, आपकी जानकारी के लिए धन्यवाद। अच्छा हो",3,0
ok thank you very much, ठीक बहुत - बहुत धन्यवाद,3,0
my last name is ram and booking confirmation number is fly867,मेरा अंतिम नाम राम है और बुकिंग पुष्टिकरण संख्या फ्लाई867 है,1,0
"I'm glad that was helpful, thank you for reaching out to us. Have a great day ahead and happy traveling! "," मुझे खुशी है कि यह मददगार था, हमसे संपर्क करने के लिए धन्यवाद। आगे का दिन अच्छा हो और यात्रा सुखद हो!",3,2
YES, हां,2,2
My pleasure! Anything else I may help you with?, मेरा सौभाग्य! कुछ और मैं आपकी मदद कर सकता हूँ?,3,2
i want boarding pass ..kindly send to this mail id..Anandkumartiruppur@gmail.com, मुझे बोर्डिंग पास चाहिए..कृपया इस मेल आईडी पर भेजें..Anandkumartiruppur@gmail.com,2,0
Thank you. The boarding pass has been sent. Please do not hesitate to reach out to us at anytime in case of any queries., शुक्रिया। बोर्डिंग पास भेज दिया गया है। कृपया किसी भी प्रश्न के मामले में किसी भी समय हमसे संपर्क करने में संकोच न करें।,3,2
You're welcome!  I'll be happy if I could be of any more help for you today., आपका स्वागत है! मुझे खुशी होगी अगर मैं आज आपकी और मदद कर सकूं।,3,2
Amazing! Thank you for reaching out to us. Have a great journey. Bye., अद्भुत! हमसे संपर्क की पहल के लिए आपका धन्यवाद। शानदार यात्रा करें। अलविदा।,3,2
kum897, कुम897,2,0
okay., ठीक है।,2,0
Thanks! I'd like to inform you that the confirmation link has been sent to your email address., धन्यवाद! मैं आपको सूचित करना चाहता हूं कि पुष्टिकरण लिंक आपके ईमेल पते पर भेज दिया गया है।,3,0
Perfect! I'd like to inform you that a confirmation link has been sent to your phone number through which your booking will be confirmed., उत्तम! मैं आपको सूचित करना चाहता हूं कि आपके फोन नंबर पर एक पुष्टिकरण लिंक भेजा गया है जिसके माध्यम से आपकी बुकिंग की पुष्टि की जाएगी।,3,2
It's bguest@gmail.com, यह bguest@gmail.com है,0,0
Thank you. I would you also need your email address., शुक्रिया। क्या मुझे आपके ईमेल पते की भी आवश्यकता होगी।,3,0
How may I help you today?, आज मैं आपकी कैसे मदद कर सकता हूँ?,2,0
"As per your confirmation number, I see that the seat number assigned to you is O9 which is a window seat."," आपकी पुष्टिकरण संख्या के अनुसार, मैं देख रहा हूँ कि आपको दी गई सीट संख्या O9 है जो एक विंडो सीट है।",2,0
i want to know my sent no, मैं अपना भेजा हुआ नंबर जानना चाहता हूँ,2,1
Thank you very much, आपका बहुत बहुत धन्यवाद,3,2
You're welcome! Let me know if there would be anything more I could be of help., आपका स्वागत है! मुझे बताएं कि क्या कुछ और होगा जो मैं मदद कर सकता हूं।,2,2
i need to check my seat assignment,मुझे अपने सीट असाइनमेंट की जांच करनी है,2,0
okay sure thank you, ठीक है ज़रूर धन्यवाद,3,2
"Not a problem, I'll change that for you. Allow me a moment, I'll check for the availability and get back to you.","कोई समस्या नहीं है, मैं इसे आपके लिए बदल दूँगा। मुझे एक क्षण दें, मैं उपलब्धता की जांच करूंगा और आपसे संपर्क करूंगा।",3,0
HI GOOD MORNING, हाय सुप्रभात,3,0
Thank you so much. The confirmation link has been sent. Please click on the link to confirm the tickets., बहुत-बहुत धन्यवाद। पुष्टिकरण लिंक भेज दिया गया है। टिकट की पुष्टि के लिए कृपया लिंक पर क्लिक करें।,3,0
That's all thank you, बस आपका धन्यवाद,3,0
"Surely, please hold on a moment."," ज़रूर, कृपया एक क्षण रुकें।",3,0
m58m23, एम58एम23,0,0
Thank you for staying connected. As per the confirmation number you're assigned to the seat Y8 which is an aisle seat. Would you like that?, जुड़े रहने के लिए धन्यवाद। पुष्टिकरण संख्या के अनुसार आपको सीट Y8 को सौंपा गया है जो कि एक गलियारा सीट है। क्या तुम वह पसंद करोगी?,3,0
"Good morning! You've reached Alliance Airways Customer service, how may I help you?  "," सुबह बख़ैर! आप एलायंस एयरवेज ग्राहक सेवा तक पहुँच चुके हैं, मैं आपकी कैसे मदद कर सकता हूँ?",3,0
"Fantastic! I've gone ahead with your request and here is your new seat  number i.e 3B which is a middle seat, hope that will be comfortable."," ज़बरदस्त! मैं आपके अनुरोध के साथ आगे बढ़ गया हूं और यहां आपकी नई सीट संख्या है अर्थात 3बी जो बीच की सीट है, आशा है कि यह आरामदायक होगी।",3,2
ok, ठीक है,2,0
NO THANKS," जी नहीं, धन्यवाद",3,1
"In order to book a ticket, please visit LMTAirwys.com website. Is there anything I might help you with?", टिकट बुक करने के लिए कृपया LMTAirwys.com वेबसाइट पर जाएं। क्या कोई ऐसी चीज है जिसमें मैं आपकी मदद कर सकता हूं?,3,0
gar4x7, गार4x7,0,0
Fantastic! It is available and I've changed your seat to F9. Would that be all?, ज़बरदस्त! यह उपलब्ध है और मैंने आपकी सीट को F9 में बदल दिया है। क्या वह सब होगा?,2,2
Good morning! You've reached Flamingo customers service. How may I help you today?, सुबह बख़ैर! आप फ्लेमिंगो ग्राहक सेवा तक पहुँच चुके हैं। आज मैं आपकी कैसे मदद कर सकता हूँ?,3,1
"The seat number allotted to you is 25A. It's a window seat.
", आपको आवंटित सीट संख्या 25A है। यह एक विंडो सीट है।,0,0
May I know your last name please?, क्या मैं आपका अंतिम नाम जान सकता हूँ?,3,0
"My pleasure! Thanks for choosing our services, it was great assisting you. Goodbye."," मेरा सौभाग्य! हमारी सेवाओं को चुनने के लिए धन्यवाद, आपकी सहायता करके बहुत अच्छा लगा। अलविदा।",3,2
Amazing! Could you help me with the email address as well?, अद्भुत! क्या आप ईमेल पते में भी मेरी मदद कर सकते हैं?,3,2
Hi! Cna you please send me my boarding pass to my email?, नमस्ते! Cna आप कृपया मुझे मेरा बोर्डिंग पास मेरे ईमेल पर भेजें?,3,0
yes please check my seat assighnment?, हाँ कृपया मेरी सीट की जाँच करें?,3,0
Thanks, धन्यवाद,3,2
A4G43F, A4G43F,0,0
OK, ठीक है,2,0
ND43S6, एनडी43एस6,0,0
I want to change my seat.,मैं अपनी सीट बदलना चाहता हूं।,2,1
OK, ठीक है,2,0
Alright! I'd love to help you out buddy! I'll need some information. I hope you don't mind sharing the information. May I know your full name please?, ठीक है! मुझे आपकी मदद करना अच्छा लगेगा दोस्त! मुझे कुछ जानकारी की आवश्यकता होगी। मुझे आशा है कि आपको जानकारी साझा करने में कोई आपत्ति नहीं है। क्या मैं आपका पूरा नाम जान सकता हूँ?,3,2
"Done! I've messaged you the boarding pass. Have a great trip. Goodbye!
", पूर्ण! मैंने आपको बोर्डिंग पास मैसेज कर दिया है। आपका यात्रा शुभ हो। अलविदा!,3,0
"Always a pleasure! Thank you for reaching out to us, it's a pleasure assisting you. Have a great day and happy traveling!"," हमेशा एक खुशी की बात है! हमसे संपर्क करने के लिए धन्यवाद, आपकी सहायता करना खुशी की बात है। आपका दिन शुभ हो और यात्रा सुखद हो!",3,2
"Awesome! Thank you for staying connected, the boarding pass will be sent to the phone number shortly. "," बहुत बढ़िया! जुड़े रहने के लिए धन्यवाद, बोर्डिंग पास शीघ्र ही फोन नंबर पर भेज दिया जाएगा।",3,2
Will you help me to know my seat assignment on your flight ?, क्या आप अपनी फ्लाइट में मेरे सीट असाइनमेंट को जानने में मेरी मदद करेंगे?,3,0
Alright Vasuki! Could you please share the booking confirmation number?, ठीक है वासुकी! क्या आप कृपया बुकिंग पुष्टिकरण संख्या साझा कर सकते हैं?,3,0
Lovely! Could you also please share your email address?, प्यारा! क्या आप कृपया अपना ईमेल पता भी साझा कर सकते हैं?,3,2
"Thanks for reaching out to us, I hope you have safe journey and a great time on the flight! Have a great day ahead! Goodbye! :)"," हमसे संपर्क करने के लिए धन्यवाद, मुझे आशा है कि आपके पास सुरक्षित यात्रा और उड़ान में एक अच्छा समय है! आगे एक महान दिन हो! अलविदा! :)",3,2
hi, नमस्ते,2,0
i need boarding pass, मुझे बोर्डिंग पास चाहिए,1,0
You're welcome! Anything else I may help you in?, आपका स्वागत है! कुछ और मैं आपकी मदद कर सकता हूँ?,2,2
Great! Please allow me a moment to check the availability of seat., महान! कृपया मुझे सीट की उपलब्धता की जांच करने के लिए कुछ समय दें।,3,2
Thank you very much, आपका बहुत बहुत धन्यवाद,3,2
Would you like to change the seat or keep the window seat?, क्या आप सीट बदलना चाहेंगे या विंडो सीट रखना चाहेंगे?,3,0
k76f29, k76f29,2,0
"Sorry to inform you that seat 4A is already occupied but , I've checked the details and I'm glad to tell you there is another aisle seat available which is 5D, should I go ahead and confirm it for you?"," आपको यह बताते हुए खेद है कि सीट 4ए पहले से ही भरी हुई है, लेकिन मैंने विवरण की जाँच की है और मुझे आपको यह बताते हुए खुशी हो रही है कि एक और गलियारा सीट उपलब्ध है जो 5डी है, क्या मुझे आगे बढ़कर आपके लिए इसकी पुष्टि करनी चाहिए?",3,2
ANAND & FHG458, आनंद और FHG458,0,0
2a, 2ए,0,0
"And, may I also know your email address?"," और, क्या मैं आपका ईमेल पता भी जान सकता हूँ?",2,0
ok, ठीक है,2,0
I NEED BOARDING PASS, मुझे बोर्डिंग पास चाहिए,1,0
NAME DIVI, नाम दिवि,0,0
Good morning! You've reached Flamingo customers service. How may I help you today?, सुबह बख़ैर! आप फ्लेमिंगो ग्राहक सेवा तक पहुँच चुके हैं। आज मैं आपकी कैसे मदद कर सकता हूँ?,3,1
I'd be glad to help you with your query., मुझे आपकी क्वेरी में मदद करने में खुशी होगी।,3,2
"Perfect! Thank you Kaliya. Please allow me for a moment, while I get this done for you."," उत्तम! धन्यवाद कालिया। कृपया मुझे एक पल के लिए अनुमति दें, जबकि मैं आपके लिए यह कर रहा हूं।",3,2
Hello! You've been connected to StarAirwyas. How may I assist you?, नमस्ते! आप StarAirwyas से जुड़ चुके हैं। मैं आपकी कैसे सहायता कर सकता हूँ?,3,0
"I'd be glad to help you, Would you please help me with your query?","मुझे आपकी मदद करने में खुशी होगी, क्या आप कृपया अपनी क्वेरी में मेरी मदद करेंगे?",3,2
HOW MUCH PRICE FOR THE TICKETS?, टिकट के लिए कितनी कीमत?,0,0
"Lovely! Thank you for visiting us, wish to serve you again. Have a safe flight!"," प्यारा! हमारे पास आने के लिए धन्यवाद, मैं फिर से आपकी सेवा करना चाहता हूं। एक सुरक्षित उड़ान की कामना करते हैं!",3,2
thanks for your information, आपकी जानकारी के लिए धन्यवाद,3,2
"And, may I know your last name please?"," और, क्या मैं आपका अंतिम नाम जान सकता हूँ?",2,0
Perfect! Please allow me a moment while I go ahead and find the best deal for you., उत्तम! कृपया मुझे कुछ समय दें जब तक कि मैं आगे बढ़ूं और आपके लिए सबसे अच्छा सौदा ढूंढूं।,2,2
juh545, जुह545,0,0
"May I know if it's window seat, middle seat or aisle seat?"," क्या मुझे पता चल सकता है कि यह खिड़की की सीट है, बीच की सीट है या गलियारे की सीट है?",2,0
Good Evening!, नमस्ते!,3,2
CHENNAI TO KUWAIT, चेन्नई से कुवैत,0,0
Hello, नमस्ते,2,0
Oh thank you Drew..., ओह धन्यवाद ड्रू ...,3,2
I WANT TO CHANGE., मैं बदलना चाहता हूँ।,1,1
Awesome! As I told you our team will send you the boarding pass to the email address given., बहुत बढ़िया! जैसा कि मैंने आपको बताया था कि हमारी टीम आपको दिए गए ईमेल पते पर बोर्डिंग पास भेज देगी।,3,2
"Sorry, could you help me out with your email address?"," क्षमा करें, क्या आप अपने ईमेल पते में मेरी सहायता कर सकते हैं?",3,0
Could you help me out with your email address or the phone number for the boarding pass to be sent to you?, क्या आप मुझे अपना ईमेल पता या बोर्डिंग पास भेजने के लिए फ़ोन नंबर देने में मेरी मदद कर सकते हैं?,3,0
"Thank you Mani, I apologize. The booking confirmation number consists of 6 characters ( Mixed with letters and numbers). "," धन्यवाद मणि, मैं क्षमा चाहता हूँ। बुकिंग पुष्टिकरण संख्या में 6 वर्ण होते हैं (अक्षरों और संख्याओं के साथ मिश्रित)।",3,0
Hello! You've been connected to StarAirwyas. How may I assist you?, नमस्ते! आप StarAirwyas से जुड़ चुके हैं। मैं आपकी कैसे सहायता कर सकता हूँ?,3,0
hai, हाय,2,0
Yes james! I got that. Kindly have patience. I'll book your tickets right away! May I know where you are travelling to? and the city your travelling from?, हाँ जेम्स! मैं समझ गया। कृप्या धैर्य रखें। मैं आपके टिकट तुरंत बुक कर दूंगा! क्या मैं जान सकता हूँ कि आप कहाँ की यात्रा कर रहे हैं? और जिस शहर से आप यात्रा कर रहे हैं?,3,1
"Awesome, that sounds great.  Thanks for all of your help Charlie!","बहुत बढ़िया, यह बहुत अच्छा लगता है। आपकी सभी मदद के लिए धन्यवाद चार्ली!",3,2
"Hey there, Good morning! You'v reached Jet fly customer service! You're connected to Sam! I'd be glad to assist you today!"," अरे वहाँ, सुप्रभात! आप जेट फ्लाई ग्राहक सेवा तक पहुँच चुके हैं! आप सैम से जुड़े हुए हैं! मुझे आज आपकी सहायता करने में खुशी होगी!",3,2
Fantastic! Thank you for reaching out to us. Have a great journey. Bye., ज़बरदस्त! हमसे संपर्क की पहल के लिए आपका धन्यवाद। शानदार यात्रा करें। अलविदा।,3,2
ok, ठीक है,2,0
"Thank you for visiting us, wish to serve you again. Have a nice time!"," हमारे पास आने के लिए धन्यवाद, मैं फिर से आपकी सेवा करना चाहता हूं। आशा है आपका समय अच्छा बीते!",3,2
Hope we're connected?, आशा है कि हम जुड़े हुए हैं?,2,0
Welcome to PilotAirlines! You're talking to the Customer Executive! How may I help you today?, पायलट एयरलाइंस में आपका स्वागत है! आप ग्राहक कार्यकारी से बात कर रहे हैं! आज मैं आपकी कैसे मदद कर सकता हूँ?,3,0
A very good morning! You've reached the Moon Airways customer service. How may I help you today?, एक बहुत अच्छी सुबह! आप मून एयरवेज ग्राहक सेवा तक पहुँच चुके हैं। आज मैं आपकी कैसे मदद कर सकता हूँ?,3,2
ram, टक्कर मारना,0,0
"thats fine... can you arrange window seat,"," यह ठीक है... क्या आप विंडो सीट की व्यवस्था कर सकते हैं,",3,0
i wants to book a ticket flight, मैं एक टिकट उड़ान बुक करना चाहता हूँ,1,0
HI GOOD MORNING, हाय सुप्रभात,3,0
any seat is ok for me, कोई भी सीट मेरे लिए ठीक है,2,2
A very good morning! You've reached the Moon Airways customer service. How may I help you today?, एक बहुत अच्छी सुबह! आप मून एयरवेज ग्राहक सेवा तक पहुँच चुके हैं। आज मैं आपकी कैसे मदद कर सकता हूँ?,3,2
sachet1352@gmail.com, sachet1352@gmail.com,0,0
ok, ठीक है,2,0
NO THANKS," जी नहीं, धन्यवाद",3,1
"Absolutely! I'll be glad to help you in this, may I please know your last name and your booking confirmation number?"," बिल्कुल! इसमें आपकी मदद करने में मुझे खुशी होगी, क्या मैं आपका अंतिम नाम और आपकी बुकिंग पुष्टिकरण संख्या जान सकता हूं?",3,2
I'll help you with the booking of the ticket. Could you please help me out with the departure city and the arrival city?, मैं टिकट की बुकिंग में आपकी मदद करूंगा। क्या आप कृपया प्रस्थान शहर और आगमन शहर के बारे में मेरी मदद कर सकते हैं?,3,0
i want to book a one way flight, मैं एकतरफा उड़ान बुक करना चाहता हूँ,1,0
Thank you for staying connected. You're assigned to seat number B5 which is an aisle seat. Would you need anything else?, जुड़े रहने के लिए धन्यवाद। आपको सीट नंबर B5 सौंपा गया है जो एक गलियारा सीट है। क्या आपको कुछ और चाहिए होगा?,3,2
Good morning! You've reached Flamingo customers service. How may I help you today?, सुबह बख़ैर! आप फ्लेमिंगो ग्राहक सेवा तक पहुँच चुके हैं। आज मैं आपकी कैसे मदद कर सकता हूँ?,3,1
and sent the boarding pass to mail, और बोर्डिंग पास मेल पर भेज दिया,0,0
I need to assignment my seat can you help, मुझे अपनी सीट असाइनमेंट की जरूरत है क्या आप मदद कर सकते हैं,3,0
4,4,0,0
goodbye!, अलविदा!,2,0
Washington TC to Texas, वाशिंगटन टीसी से टेक्सास,2,0
Great! Could you help me with the number of passengers as well?, महान! क्या आप यात्रियों की संख्या में भी मेरी मदद कर सकते हैं?,3,2
I WANTS TO CHANGE MY SEAT, मैं अपनी सीट बदलना चाहता हूँ,2,1
"Good morning! You've reached Alliance Airways Customer service, how may I help you?  "," सुबह बख़ैर! आप एलायंस एयरवेज ग्राहक सेवा तक पहुँच चुके हैं, मैं आपकी कैसे मदद कर सकता हूँ?",3,0
ok, ठीक है,2,0
908 678 5656, 908 678 5656,0,0
1 passenger only, केवल 1 यात्री,0,0
smith, लोहार,0,0
"Perfect! Thank you for that. Could you please allow me a moment, while I get this done for you?","उत्तम! उसके लिये आपका धन्यवाद। क्या आप कृपया मुझे एक क्षण की अनुमति दे सकते हैं, जबकि मैं यह आपके लिए करवाता हूं?",3,2
ok, ठीक है,2,0
You're welcome! Is there anything else that I may help you with?,आपका स्वागत है! क्या कुछ और है जिसमें मैं आपकी मदद कर सकता हूं?,2,2
i need change my sheet number, मुझे अपना शीट नंबर बदलना है,2,0
"Nothing else, Thank you for your Booking. Have a nice day to chat with you. "," और कुछ नहीं, आपकी बुकिंग के लिए धन्यवाद। आपके साथ चैट करने के लिए एक अच्छा दिन है।",3,0
Could you change it to window seat if possible ?, यदि संभव हो तो क्या आप इसे विंडो सीट में बदल सकते हैं?,3,0
"Surely, where are you travelling to?"," ज़रूर, आप कहाँ जा रहे हैं?",2,0
YEI392, YEI392,0,0
"Thank you, may I know your last name as well?"," धन्यवाद, क्या मैं आपका उपनाम भी जान सकता हूँ?",3,0
"You're most welcome, is there anything else I may assist you with?","आपका बहुत-बहुत स्वागत है, क्या कुछ और है जिसमें मैं आपकी सहायता कर सकता हूँ?",3,2
harini@gmail.com, harini@gmail.com,0,0
"Perfect! I see there's only one aisle seat that is D7, should I confirm the seat for you?"," उत्तम! मैं देख रहा हूँ कि वहाँ केवल एक गलियारा सीट है जो D7 है, क्या मुझे आपके लिए सीट की पुष्टि करनी चाहिए?",3,2
Great! Is there anything else that I may help you with?, महान! क्या कुछ और है जिसमें मैं आपकी मदद कर सकता हूं?,3,2
You're welcome! Would there be anything else I may assist you with?,आपका स्वागत है! क्या कुछ और होगा जिसमें मैं आपकी सहायता कर सकूं?,3,2
ok, ठीक है,2,0
"Great! Thank you so much for being patient and baring with me. I hope you have a safe journey, Have a amazing time in the fight. I hope you have a great day ahead! Goodbye."," महान! सब्र रखने और मेरे साथ बने रहने के लिए आपका बहुत-बहुत धन्यवाद। मुझे आशा है कि आपके पास एक सुरक्षित यात्रा है, लड़ाई में एक अद्भुत समय है। मुझे आशा है कि आपके आगे एक अच्छा दिन होगा! अलविदा।",3,2
i want book ticket from chennai to salem, मुझे चेन्नई से सेलम का टिकट बुक करना है,1,0
Hello there! A very Good morning! Welcome to Moon way airline service! How may I help you with?, नमस्ते! एक बहुत ही शुभ प्रभात! मून वे एयरलाइन सेवा में आपका स्वागत है! मैं आपकी कैसे मदद कर सकता हूँ?,3,2
"JACKBOND@GMAIL.COM , THIS IS MY MAIL ID"," जैकबॉन्ड@GMAIL.COM, यह मेरी मेल आईडी है",2,0
i need boarding pass, मुझे बोर्डिंग पास चाहिए,1,0
"Oh okay no worries, we have 4B available. Would you like to take that? "," ओह ठीक है कोई बात नहीं, हमारे पास 4B उपलब्ध है। क्या आप इसे लेना चाहेंगे?",3,0
"Perfect! Thank you for that. Please allow me a minute or two, I'll get back to you with the details."," उत्तम! उसके लिये आपका धन्यवाद। कृपया मुझे एक या दो मिनट का समय दें, मैं विवरण के साथ आपके पास वापस आऊंगा।",3,2
"my name is hari and booking confirmation number is A6FL71
", मेरा नाम हरि है और बुकिंग पुष्टिकरण संख्या A6FL71 है,1,0
"You're welcome! Anything else I may help you out with today?
", आपका स्वागत है! कुछ और मैं आज आपकी मदद कर सकता हूं?,2,2
It would be great if the price was under $300, यह बहुत अच्छा होगा यदि कीमत $300 . से कम हो,2,1
"Good morning! You've reached Alliance Indian Airlines Customer service, how may I help you?  "," सुबह बख़ैर! आप एलायंस इंडियन एयरलाइंस ग्राहक सेवा तक पहुँच चुके हैं, मैं आपकी कैसे मदद कर सकता हूँ?",3,0
jsmythe.gmail.com, jsmythe.gmail.com,0,0
robert, रॉबर्ट,0,0
"Thank you Projo, Please click on the link to proceed further for payment and the booking will be confirmed through an email or message that'll be sent to the phone number. "," धन्यवाद प्रोजो, कृपया भुगतान के लिए आगे बढ़ने के लिए लिंक पर क्लिक करें और बुकिंग की पुष्टि एक ईमेल या संदेश के माध्यम से की जाएगी जिसे फोन नंबर पर भेजा जाएगा।",3,0
Awesome! I've sent you the boarding pass on your email. You'll receive it within 2-3 minutes. I hope this helps., बहुत बढ़िया! मैंने आपको आपके ईमेल पर बोर्डिंग पास भेज दिया है। आप इसे 2-3 मिनट के भीतर प्राप्त कर लेंगे। आशा है कि ये आपकी मदद करेगा।,3,2
ok, ठीक है,2,0
vasukialagu45@gmail.com, वासुकियालगु45@gmail.com,2,0
Awesome! I've sent you the boarding pass on your email. You'll receive it within 2-3 minutes. I hope this helps., बहुत बढ़िया! मैंने आपको आपके ईमेल पर बोर्डिंग पास भेज दिया है। आप इसे 2-3 मिनट के भीतर प्राप्त कर लेंगे। आशा है कि ये आपकी मदद करेगा।,3,2
"That's perfect! I'll help you with that as well, may I know your email address as well?"," यह बिल्कुल सही है! मैं इसमें भी आपकी मदद करूंगा, क्या मैं आपका ईमेल पता भी जान सकता हूं?",3,2
Sure! I'd be glad to help you with that. Could you please help me with your last name and your booking confirmation number?, ज़रूर! मुझे इसमें आपकी मदद करने में खुशी होगी। क्या आप कृपया अपने अंतिम नाम और अपनी बुकिंग पुष्टिकरण संख्या के साथ मेरी मदद कर सकते हैं?,3,0
"As per your confirmation number, I see that the seat number assigned to you is M5 which is a window seat."," आपके कन्फर्मेशन नंबर के अनुसार, मैं देख रहा हूँ कि आपको जो सीट नंबर दिया गया है वह M5 है जो एक विंडो सीट है।",2,0
Could you please share your email address?,क्या आप कृपया अपना ईमेल पता साझा कर सकते हैं?,3,0
Sure. Could you please help me with your Last name and booking confirmation number?, ज़रूर। क्या आप कृपया अपने अंतिम नाम और बुकिंग पुष्टिकरण संख्या के साथ मेरी मदद कर सकते हैं?,3,0
Of course! I'd be glad to help you with that. May I know your last name please?, बेशक! मुझे इसमें आपकी मदद करने में खुशी होगी। क्या मैं आपका अंतिम नाम जान सकता हूँ?,3,0
"Amazing! Thank you for waiting! As I've checked with my resources, your seat number is J5 (it is a window seat). "," अद्भुत! प्रतीक्षा के लिए धन्यवाद! जैसा कि मैंने अपने संसाधनों से जाँच की है, आपकी सीट संख्या J5 है (यह एक विंडो सीट है)।",3,2
god bless u sir, भगवान आपका भला करे सर,0,2
"Thank You! May I also know the 6 chartered booking confirmation number?
", धन्यवाद! क्या मैं 6 चार्टर्ड बुकिंग पुष्टिकरण संख्या भी जान सकता हूँ?,3,0
Hey sam please check my assignment for seat know ? my confirmation number is SSS222 and surname is sharma, हे सैम कृपया सीट के लिए मेरे असाइनमेंट की जांच करें पता है? मेरा कन्फर्मेशन नंबर SSS222 है और सरनेम शर्मा है,3,0
Check my seat assignment and decide to change it., मेरे सीट असाइनमेंट की जांच करें और इसे बदलने का फैसला करें।,2,0
hai, हाय,2,0
ok fine, अच्छी बात है,2,2
I WANTS TO BOOK A TICKET FOR FLIGHT, मैं उड़ान के लिए टिकट बुक करना चाहता हूं,1,0
I am Flores, मैं फ्लोरेस हूँ,1,0
IT IS  john563kelvin@yahoo.in, आईटी है john563kelvin@yahoo.in,2,0
"Sure, may I know your last name please?"," ज़रूर, क्या मैं आपका अंतिम नाम जान सकता हूँ?",3,0
"Awesome! Thanks for choosing us, hope you have a great trip!"," बहुत बढ़िया! हमें चुनने के लिए धन्यवाद, आशा है कि आपकी यात्रा शानदार रही होगी!",3,2
Hello! You've reached SkyHigh Travels! How may I help you?, नमस्ते! आप स्काईहाई ट्रेवल्स में पहुंच गए हैं! क्या मेरे द्वारा आपकी कोई सहायता हो सकती है?,3,0
What is the date of travel?, यात्रा की तारीख क्या है?,0,0
Thanks David! Please allow me a moment while I go ahead and book you ticket Please stay connected., धन्यवाद डेविड! कृपया मुझे एक क्षण की अनुमति दें जब तक कि मैं आगे बढ़ूं और टिकट बुक करूं कृपया जुड़े रहें।,3,2
alvinsmm143@gmail.com, alvinsmm143@gmail.com,0,0
"I hope you have a great day ahead. Goodbye!
", मुझे आशा है कि आपके लिए आगे एक अच्छा दिन होगा। अलविदा!,3,2
Perfect! May I know how would you prefer the boarding pass to be sent through phone or email address?, उत्तम! क्या मैं जान सकता हूँ कि आप बोर्डिंग पास को फोन या ईमेल पते से कैसे भेजना पसंद करेंगे?,3,2
i want to know my seat no, मुझे अपना सीट नंबर जानना है,2,0
oh yes sure my name is daisy and confirmation number kingcompra004@e-mail.com, ओह हाँ यकीन है कि मेरा नाम डेज़ी है और पुष्टिकरण संख्या Kingcompra004@e-mail.com,2,0
sdhjafhjkfjk2@gmail.com, sdhjafhjkfjk2@gmail.com,2,0
"In order to book a ticket, please visit LMTairways.com website. Is there anything I might help you with?"," टिकट बुक करने के लिए, कृपया LMTairways.com वेबसाइट पर जाएं। क्या कोई ऐसी चीज है जिसमें मैं आपकी मदद कर सकता हूं?",3,0
WOw! that's wonderful..Thanks for the information Riley..., बहुत खूब! यह बढ़िया है..जानकारी के लिए धन्यवाद रिले...,3,2
thank you my friend, धन्यवाद मेरे दोस्त,3,2
Good morning! You've reached Flamingo customers service. How may I help you today?, सुबह बख़ैर! आप फ्लेमिंगो ग्राहक सेवा तक पहुँच चुके हैं। आज मैं आपकी कैसे मदद कर सकता हूँ?,3,1
"Good to hear from you,Jesse! Could you please share the booking confirmation number?","आपसे सुनकर अच्छा लगा, जेसी! क्या आप कृपया बुकिंग पुष्टिकरण संख्या साझा कर सकते हैं?",3,2
are u there?, क्या तुम वहां हो?,1,0
"Thank you spancer, please allow me a moment to proceed further. "," धन्यवाद स्पेंसर, कृपया मुझे आगे बढ़ने के लिए एक क्षण दें।",3,2
"Sure, Sekaran! Thank you for reaching out to us. Could you please share the booking confirmation number?"," ज़रूर, सेकरन! हमसे संपर्क की पहल के लिए आपका धन्यवाद। क्या आप कृपया बुकिंग पुष्टिकरण संख्या साझा कर सकते हैं?",3,0
Not really, ज़रुरी नहीं,1,0
Good morning! You've reached Flamingo customers service. How may I help you today?, सुबह बख़ैर! आप फ्लेमिंगो ग्राहक सेवा तक पहुँच चुके हैं। आज मैं आपकी कैसे मदद कर सकता हूँ?,3,1
Any Time Short time travel, किसी भी समय कम समय की यात्रा,0,0
bye, अलविदा,2,0
"I need to Check my Seat assignment, can you help me on that ?"," मुझे अपना सीट असाइनमेंट चेक करना है, क्या आप इसमें मेरी मदद कर सकते हैं?",3,0
yes sure my name is john, हाँ यकीन है मेरा नाम जॉन है,2,0
First, प्रथम,0,0
Thanks Sandy! Please allow me a moment to process your request., धन्यवाद सैंडी! कृपया मुझे आपके अनुरोध को संसाधित करने के लिए कुछ समय दें।,3,0
Fantastic! I've sent your boarding pass to your given email address kindly carry a copy of it at the Airport.," ज़बरदस्त! मैंने आपका बोर्डिंग पास आपके दिए गए ईमेल पते पर भेज दिया है, कृपया इसकी एक प्रति हवाई अड्डे पर ले जाएं।",3,2
my email address is kumar2012@outlook.com, मेरा ईमेल पता है kumar2012@outlook.com,1,0
I am waiting for your replay., मैं आपके रीप्ले का इंतजार कर रहा हूं।,1,0
edward@gmail.com, एडवर्ड@gmail.com,0,0
BVI458, बीवीआई458,0,0
I want check my seat assignment, मुझे अपना सीट असाइनमेंट चेक करना है,2,0
name: nivi, नाम: निविक,0,0
OK, ठीक है,2,0
"Superb! That's a smart choice, you also get a free meal!! In American Airlines, They have two flights flying on that day, 2:00 AM and 6:00 PM, Which one you would like to board?"," शानदार! यह एक स्मार्ट विकल्प है, आपको मुफ्त भोजन भी मिलता है !! अमेरिकन एयरलाइंस में, उस दिन उनकी दो उड़ानें उड़ती हैं, दोपहर 2:00 बजे और शाम 6:00 बजे, आप किसमें सवार होना चाहेंगे?",3,2
ok thanks, ठीक है धन्यवाद,3,0
thank you for helping me, मेरी मदद करने के लिए धन्यवाद,3,2
A very good morning! You've reached the Moon Airways customer service. How may I help you today?, एक बहुत अच्छी सुबह! आप मून एयरवेज ग्राहक सेवा तक पहुँच चुके हैं। आज मैं आपकी कैसे मदद कर सकता हूँ?,3,2
JAGAN & SDC458, जगन और एसडीसी458,0,0
I want to know MY seat assignment, मुझे अपना सीट असाइनमेंट जानना है,2,0
"Fantastic! Thanks a lot for reaching to us, It was really nice talking to you. I hope you enjoy the journey. Have a great day ahead! Buhbye! :)"," ज़बरदस्त! हम तक पहुंचने के लिए बहुत-बहुत धन्यवाद, आपसे बात करके बहुत अच्छा लगा। मुझे आशा है कि आप यात्रा का आनंद लेंगे। आगे एक महान दिन हो! टाटा! :)",3,2
Could you please specify the query?, क्या आप कृपया क्वेरी निर्दिष्ट कर सकते हैं?,3,0
Sure. I see Jet Airways provides the best deal for Rs 1500 on 09/12/2018 at 9AM. Would this offer suits you?,ज़रूर। मुझे लगता है कि जेट एयरवेज 09/12/2018 को सुबह 9 बजे 1500 रुपये में सबसे अच्छा सौदा प्रदान करता है। क्या यह ऑफर आपको सूट करेगा?,3,0
"Could you please help me with a preferred date?  
",क्या आप कृपया मुझे एक पसंदीदा तारीख के साथ मदद कर सकते हैं?,3,0
no need, कोई ज़रुरत नहीं है,1,0
01-09-2018,01-09-2018,0,0
Corwin Jaime gvf543, कॉर्विन जैमे gvf543,0,0
If there is no reply from your end I'll be forced to close the chat., अगर आपकी तरफ से कोई जवाब नहीं आया तो मुझे चैट बंद करने के लिए मजबूर किया जाएगा।,1,1
Sure! Please allow me a moment to process the details., ज़रूर! कृपया मुझे विवरण संसाधित करने के लिए कुछ समय दें।,2,0
I'd like to inform you that the confirmation link has been sent to ee.009@email.com., मैं आपको सूचित करना चाहता हूं कि पुष्टिकरण लिंक ee.009@email.com पर भेज दिया गया है।,3,0
please help me to check book plane ticket, कृपया मुझे हवाई जहाज का टिकट बुक करने में मदद करें,3,0
hi, नमस्ते,2,0
"Awesome! Thanks for reaching out to us, hope you'll have a wonderful trip ahead."," बहुत बढ़िया! हमसे संपर्क करने के लिए धन्यवाद, आशा है कि आपकी आगे की यात्रा शानदार होगी।",3,2
Great! Could you please let me know your email address to which you'd like me to send the pass., महान! क्या आप कृपया मुझे अपना ईमेल पता बता सकते हैं जिस पर आप मुझे पास भेजना चाहते हैं।,3,2
Thanks! I'd like to inform you that the boarding pass has been sent to your phone number., धन्यवाद! मैं आपको सूचित करना चाहता हूं कि बोर्डिंग पास आपके फोन नंबर पर भेज दिया गया है।,3,0
Hello! You've been connected to StarAirwyas. How may I assist you?, नमस्ते! आप StarAirwyas से जुड़ चुके हैं। मैं आपकी कैसे सहायता कर सकता हूँ?,3,0
Great! May I have your email address please?, महान! क्या मुझे आपका ईमेल पता मिल सकता है?,3,2
Name: Venkat.G..Confirmation number:4ES8R1, नाम: वेंकट.जी..पुष्टि संख्या: 4ES8R1,2,0
I'll provide you with the boarding pass. Could you help me out with your full name and the booking confirmation number?, मैं आपको बोर्डिंग पास प्रदान करूंगा। क्या आप अपना पूरा नाम और बुकिंग पुष्टिकरण नंबर के साथ मेरी मदद कर सकते हैं?,3,0
mathew_121@gmail.com, mathew_121@gmail.com,0,0
Would there be anything else I may assist you with?, क्या कुछ और होगा जिसमें मैं आपकी सहायता कर सकूं?,2,0
I am waiting for your replay., मैं आपके रीप्ले का इंतजार कर रहा हूं।,1,0
No. Thank you very much for your helping, नहीं। आपकी मदद के लिए बहुत-बहुत धन्यवाद,3,0
dd45d4, डीडी45डी4,0,0
TR48L4, TR48L4,0,0
ok, ठीक है,2,0
yes, हां,2,0
"Perfect! Thank you for that. Please allow me a moment, while I get this done for you."," उत्तम! उसके लिये आपका धन्यवाद। कृपया मुझे एक क्षण की अनुमति दें, जबकि मैं यह आपके लिए करवाता हूं।",3,2
Awesome! Please share your email address?, बहुत बढ़िया! कृपया अपना ईमेल पता साझा करें?,3,2
no, नहीं,1,1
ok sir ..no problem, ओके सर ..कोई बात नहीं,2,0
yes, हां,2,0
"I really appreciate for your patience, there's L3 (Middle) seat assigned to you. "," मैं वास्तव में आपके धैर्य की सराहना करता हूं, आपको एल3 (मध्य) सीट सौंपी गई है।",3,2
please note it as 456321, कृपया इसे 456321 के रूप में नोट करें,2,0
You're most welcome. It was a pleasure assisting you. Good day!, आपका स्वागत है। आपकी सहायता करना खुशी की बात थी। अच्छा दिन!,3,2
ok, ठीक है,2,0
Is there anything else I could help you with?, क्या कुछ और है जिसमें मैं आपकी मदद कर सकता हूं?,2,0
"Anything else I may help you out with today?
", कुछ और मैं आज आपकी मदद कर सकता हूं?,2,0
"Sure, I'll be able to help you with it. Please may I know your name?"," ज़रूर, मैं इसमें आपकी मदद कर पाऊंगा। कृपया क्या मैं आपका नाम जान सकता हूँ?",2,0
Thanks Akke! Could you please let me know the booking confirmation number?,धन्यवाद अक्के! क्या आप कृपया मुझे बुकिंग पुष्टिकरण संख्या बता सकते हैं?,3,2
rober@mail.com, rober@mail.com,0,0
"Awesome! I'll book that for you, A link to finish the booking process will be sent to your phone number or email address, could you please help me with your last name and the phone number or email address? "," बहुत बढ़िया! मैं आपके लिए इसे बुक कर दूंगा, बुकिंग प्रक्रिया समाप्त करने के लिए एक लिंक आपके फोन नंबर या ईमेल पते पर भेजा जाएगा, क्या आप कृपया अपने अंतिम नाम और फोन नंबर या ईमेल पते के साथ मेरी मदद कर सकते हैं?",3,2
"Nothing else, Thank you for your information. Have a nice day to chat with you. "," और कुछ नहीं, आपकी जानकारी के लिए धन्यवाद। आपके साथ चैट करने के लिए एक अच्छा दिन है।",3,0
that's great. bye, यह बहुत अच्छा है। अलविदा,2,2
CAMILA, कैमिला,0,0
Thank you for reaching out to us. Have a great day!, हमसे संपर्क की पहल के लिए आपका धन्यवाद। आपका दिन अच्छा रहे!,3,2
ok, ठीक है,2,0
" Thank you for visiting us, wish to serve you again. Have a safe flight!"," हमारे पास आने के लिए धन्यवाद, मैं फिर से आपकी सेवा करना चाहता हूं। एक सुरक्षित उड़ान की कामना करते हैं!",3,2
9S0R7G, 9S0R7G,0,0
no i want a window seat pls," नहीं, मुझे विंडो सीट चाहिए pls",1,0
YA SIR...IT IS COMFORTABLE...SO PLEASE CONFIRM MY SEAT, हां सर... यह आरामदायक है...तो कृपया मेरी सीट की पुष्टि करें,3,2
Hi, नमस्ते,2,0
Smith, लोहार,0,0
no thanks," जी नहीं, धन्यवाद",3,1
WANT TO CHECK MY SEAT NUMBER, मेरी सीट संख्या की जांच करना चाहते हैं,1,0
hgt458, एचजीटी458,0,0
william rober, विलियम रॉबर्ट,0,0
Sure! There is an availability of B2 which is an aisle. Would you like to take that?, ज़रूर! B2 की उपलब्धता है जो एक गलियारा है। क्या आप इसे लेना चाहेंगे?,3,0
hi good morning, हाय सुप्रभात,3,2
You're most welcome! Thank you for contacting us! Have a safe journey!, आपका स्वागत है! हमसे संपर्क करने के लिए धन्यवाद! आपकी यात्रा सुरक्षित हो!,3,2
Smith, लोहार,0,0
gtr675, जीटीआर675,0,0
k98j67, k98j67,2,0
"Thank you Rajesh, please give me a minute to check the assigned seat for you. "," धन्यवाद राजेश, कृपया मुझे आपके लिए निर्धारित सीट की जांच करने के लिए एक मिनट दें।",3,0
hi good morning, हाय सुप्रभात,3,2
awesome thats perfect thank you so very much for that, बहुत बढ़िया यह बिल्कुल सही है इसके लिए बहुत बहुत धन्यवाद,3,2
OK THANK YOU, ठीक है धन्यवाद,3,2
departure and arrival city in mind., मन में प्रस्थान और आगमन शहर।,0,0
ok, ठीक है,2,0
my name is arun  booking confirmation number is jfk 458, मेरा नाम अरुण है बुकिंग पुष्टिकरण संख्या jfk 458 है,1,0
i need a boarding pass, मुझे बोर्डिंग पास चाहिए,1,0
ok, ठीक है,2,0
"Thank you Yuvika, please give me a minute to proceed further."," धन्यवाद युविका, कृपया मुझे आगे बढ़ने के लिए एक मिनट दें।",3,2
Sure. Please allow me a moment while I search for something better according to your requirement., ज़रूर। कृपया मुझे एक पल दें जबकि मैं आपकी आवश्यकता के अनुसार कुछ बेहतर खोजता हूं।,3,0
"nope, thanks for all of your help!","नहीं, आपकी सभी मदद के लिए धन्यवाद!",3,2
"Thank you for visiting us, wish to serve you again. Have a nice time!"," हमारे पास आने के लिए धन्यवाद, मैं फिर से आपकी सेवा करना चाहता हूं। आशा है आपका समय अच्छा बीते!",3,2
Amazing! Would you mind sharing the number of passengers also?, अद्भुत! क्या आप यात्रियों की संख्या भी साझा करना चाहेंगे?,3,2
"Hello! You've been connected to StarAirlines, how may I assist you? ","नमस्ते! आप StarAirlines से जुड़े हुए हैं, मैं आपकी कैसे सहायता कर सकता हूँ?",3,0
OK, ठीक है,2,0
Alright! The flights from Jet Airways and Air India are available. Which one would you prefer?, ठीक है! जेट एयरवेज और एयर इंडिया की उड़ानें उपलब्ध हैं। आप कौन सा पसंद करेंगे?,3,0
Glad to help you today. Please go through this website: www.pilotairlines.com in case of any query and help us help you. Good day!, आज आपकी मदद करके खुशी हुई। कृपया इस वेबसाइट को देखें: www.pilotairlines.com किसी भी प्रश्न के मामले में और आपकी सहायता करने में हमारी सहायता करें। अच्छा दिन!,3,2
Hello! You've been connected to StarAirwyas. How may I assist you?, नमस्ते! आप StarAirwyas से जुड़ चुके हैं। मैं आपकी कैसे सहायता कर सकता हूँ?,3,0
ok, ठीक है,2,0
01-09-2018,01-09-2018,0,0
booking confirmation number is dk50ue, बुकिंग पुष्टिकरण संख्या dk50ue . है,2,0
aji m75f87, अजी m75f87,0,0
HGI760, एचजीआई760,0,0
NOTHING ELSE, और कुछ नहीं,2,0
"Nothing else, Thank you for your Booking. Have a nice day to chat with you. "," और कुछ नहीं, आपकी बुकिंग के लिए धन्यवाद। आपके साथ चैट करने के लिए एक अच्छा दिन है।",3,0
"Yes, I'll surely send you the boarding pass. Could you please share your email address? Just allow me a moment."," हां, मैं आपको बोर्डिंग पास जरूर भेजूंगा। क्या आप कृपया अपना ईमेल पता साझा कर सकते हैं? बस मुझे एक पल की अनुमति दें।",3,0
"Oh you meant the a window seat, Am I right?"," ओह आपका मतलब खिड़की वाली सीट से था, क्या मैं सही हूँ?",2,0
"I'm glad that was helpful, thank you for reaching out to us. Have a great day ahead and happy traveling! "," मुझे खुशी है कि यह मददगार था, हमसे संपर्क करने के लिए धन्यवाद। आगे का दिन अच्छा हो और यात्रा सुखद हो!",3,2
"Not a problem, I've confirmed the seat for you. Is there anything else I could help you with?"," कोई बात नहीं, मैंने आपके लिए सीट पक्की कर ली है। क्या कुछ और है जिसमें मैं आपकी मदद कर सकता हूं?",2,0
"Thank You! May I also know the 6 chartered booking confirmation number?
", धन्यवाद! क्या मैं 6 चार्टर्ड बुकिंग पुष्टिकरण संख्या भी जान सकता हूँ?,3,0
Hi Charlie, हाय चार्ली,3,0
For sure! I'll look upon the window seats available on the flight for you. Please give me a moment., पक्का! मैं आपके लिए फ़्लाइट में उपलब्ध विंडो सीटों पर नज़र डालूंगा। कृपया मुझे एक क्षण दें।,2,0
Awesome! Please confirm the date., बहुत बढ़िया! कृपया तिथि की पुष्टि करें।,3,2
Yeah thank you, हां धन्यवाद,3,2
A very good morning! You've reached the Moon Airways customer service. How may I help you today?, एक बहुत अच्छी सुबह! आप मून एयरवेज ग्राहक सेवा तक पहुँच चुके हैं। आज मैं आपकी कैसे मदद कर सकता हूँ?,3,2
Awesome! I'd like to inform you that your seat has been changed successfully., बहुत बढ़िया! मैं आपको सूचित करना चाहता हूं कि आपकी सीट सफलतापूर्वक बदल दी गई है।,3,2
sure it's 2f3g4h, यकीन है कि यह 2f3g4h . है,2,0
Alright! I've confirmed the seat O2 for you. Would there be anything else I may help you with?, ठीक है! मैंने आपके लिए सीट O2 की पुष्टि कर दी है। क्या कुछ और होगा जिसमें मैं आपकी मदद कर सकूं?,3,0
"msloan@mac.com
", msloan@mac.com,0,0
nothing else, और कुछ नहीं,1,0
"Great. I have booked the ticket for you. Could you please help me out with your email address, So that I can send you the confirmation link."," महान। मैंने आपके लिए टिकट बुक कर लिया है। क्या आप कृपया अपने ईमेल पते के साथ मेरी मदद कर सकते हैं, ताकि मैं आपको पुष्टिकरण लिंक भेज सकूं।",3,2
998-653-5532, 998-653-5532,0,0
Sure thing! I'd be glad to help you in this regard. May I know your last name and your booking confirmation number?,अवश्य! मुझे इस संबंध में आपकी मदद करने में खुशी होगी। क्या मैं आपका अंतिम नाम और आपकी बुकिंग पुष्टिकरण संख्या जान सकता हूँ?,3,2
ya ok... thats fine..., हाँ ठीक है... ठीक है...,2,0
Good morning! You've reached Flamingo customers service. How may I help you today?, सुबह बख़ैर! आप फ्लेमिंगो ग्राहक सेवा तक पहुँच चुके हैं। आज मैं आपकी कैसे मदद कर सकता हूँ?,3,1
Ya sure, हाँ यकीनन,2,0
I'm sorry? I'd request you to please read the question and answer., मुझे माफ़ करें? मैं आपसे अनुरोध करता हूं कि कृपया प्रश्न और उत्तर पढ़ें।,3,0
Good Morning!,शुभ प्रभात!,3,2
"Good to hear from you, Suryaji! Could you please share the booking confirmation number?"," आपसे सुनकर अच्छा लगा, सूर्यजी! क्या आप कृपया बुकिंग पुष्टिकरण संख्या साझा कर सकते हैं?",3,2
"Sure! I'll be glad to help you in this, may I please know your last name?"," ज़रूर! मुझे इसमें आपकी मदद करने में खुशी होगी, क्या मैं आपका उपनाम जान सकता हूँ?",3,0
no thanks," जी नहीं, धन्यवाद",3,1
ok thanks, ठीक है धन्यवाद,3,0
Would you want me to keep the 9C seat?, क्या आप चाहते हैं कि मैं 9सी सीट रखूं?,3,0
"Good to hear from you, Inba! Could you please help me with the booking confirmation number?"," आपसे सुनकर अच्छा लगा, इंबा! क्या आप कृपया बुकिंग पुष्टिकरण संख्या के बारे में मेरी सहायता कर सकते हैं?",3,2
Drew help me to check seat assignment, ड्रू सीट असाइनमेंट की जांच करने में मेरी मदद करें,2,0
Check my seat assignment, मेरी सीट असाइनमेंट जांचें,2,0
youtoo, आप भी,0,0
ok thanks, ठीक है धन्यवाद,3,0
Robert, रॉबर्ट,0,0
"Thanks for waiting I've checked the details and found that you have been assigned a window seat which is 3D, is that okay?"," प्रतीक्षा करने के लिए धन्यवाद मैंने विवरण की जाँच की है और पाया है कि आपको एक विंडो सीट दी गई है जो कि 3D है, क्या यह ठीक है?",3,2
"Thank you Hema, please give me a minute to proceed further. "," धन्यवाद हेमा, कृपया मुझे आगे बढ़ने के लिए एक मिनट दें।",3,0
You're welcome! Would there be anything else I may assist you with?,आपका स्वागत है! क्या कुछ और होगा जिसमें मैं आपकी सहायता कर सकूं?,3,2
Sure! We are here to assist you in the best possible way! Could you please help me with your departure city and the destination city?, ज़रूर! हम यहां आपकी सर्वोत्तम संभव तरीके से सहायता करने के लिए हैं! क्या आप कृपया मुझे अपने प्रस्थान शहर और गंतव्य शहर में मदद कर सकते हैं?,3,2
Fantastic! I've sent your boarding pass to your given email address. Is there anything else that I may help you with?, ज़बरदस्त! मैंने आपका बोर्डिंग पास आपके दिए गए ईमेल पते पर भेज दिया है। क्या कुछ और है जिसमें मैं आपकी मदद कर सकता हूं?,3,2
SHI259, एसएचआई259,2,0
hi, नमस्ते,2,0
df56f5, df56f5,0,0
"Thank You! May I also know the 6 chartered booking confirmation number?
", धन्यवाद! क्या मैं 6 चार्टर्ड बुकिंग पुष्टिकरण संख्या भी जान सकता हूँ?,3,0
I have an upcoming flight, मेरी एक आगामी उड़ान है,1,0
ok sure thanks, ठीक है ज़रूर धन्यवाद,3,2
Please could you find a flight ticket from Texas to New York?, कृपया क्या आपको टेक्सस से न्यूयॉर्क के लिए फ्लाइट का टिकट मिल सकता है?,2,0
"May I know the name please, by which you want the tickets to be booked?", क्या मैं उस नाम को जान सकता हूँ जिससे आप टिकट बुक करना चाहते हैं?,3,0
thats it.., यह बात है..,1,0
"Alright! It was great assisting you, thanks for choosing our services. Have a safe flight, goodbye.
"," ठीक है! आपकी सहायता करके बहुत अच्छा लगा, हमारी सेवाओं को चुनने के लिए धन्यवाद। एक सुरक्षित उड़ान लो, अलविदा।",3,2
hai, हाय,2,0
YA I WANT TO HELP, हां मैं मदद करना चाहता हूं,1,0
Gleason Kyle,ग्लीसन काइल,0,0
Great! You have been allotted with a window seat only! Would there be anything else I may assist you with?, महान! आपको केवल विंडो सीट के साथ आवंटित किया गया है! क्या कुछ और होगा जिसमें मैं आपकी सहायता कर सकूं?,3,2
Hello! You've been connected to StarAirways customer service! How may I assist you today?, नमस्ते! आप StarAirways ग्राहक सेवा से जुड़ चुके हैं! आज मैं आपकी मदद किस तरह कर सकता हूँ?,3,0
please help me to check my seat assignment, कृपया मेरी सीट असाइनमेंट की जांच करने में मेरी मदद करें,3,0
09/20/2018, 09/20/2018,0,0
Okay! May I know what is the query about seat assignment?, ठीक! क्या मैं जान सकता हूँ कि सीट असाइनमेंट के बारे में क्या प्रश्न है?,2,0
"Hello there! Sky high customer services, How may I help you today?"," नमस्ते! स्काई हाई कस्टमर सर्विसेज, मैं आज आपकी कैसे मदद कर सकता हूं?",3,0
" Thank you for choosing us, we are always here to help you. Have an amazing day!"," हमें चुनने के लिए धन्यवाद, हम हमेशा आपकी मदद के लिए यहां हैं। आपका दिन सुखद हो!",3,2
Awesome! May I know your email address for your boarding pass to be sent?, बहुत बढ़िया! क्या मैं आपके बोर्डिंग पास को भेजने के लिए आपका ईमेल पता जान सकता हूँ?,3,2
number is ed4587, संख्या ed4587 . है,0,0
That's great to hear from you Ron! Could you please share your booking confirmation number?, रॉन आपसे सुनकर बहुत अच्छा लगा! क्या आप कृपया अपनी बुकिंग पुष्टिकरण संख्या साझा कर सकते हैं?,3,2
"Thank you for sharing the details. Could you please help me with the phone number or the email address so that I can send a copy of the boarding pass?
", विवरण साझा करने के लिए धन्यवाद। क्या आप कृपया मुझे फोन नंबर या ईमेल पते में मदद कर सकते हैं ताकि मैं बोर्डिंग पास की एक प्रति भेज सकूं?,3,0
"Alright! Mr. Inba you have booked for a aisle seat and the seat number is L12, Is that okay for you?"," ठीक है! मिस्टर इनबा आपने गलियारे की सीट के लिए बुकिंग की है और सीट संख्या L12 है, क्या यह आपके लिए ठीक है?",2,0
SURE.., ज़रूर..,2,0
i wamt to book a ticket, मुझे टिकट बुक करना है,1,0
"Thank you for your patience, I see there's only one middle seat A3 available. Should I confirm the seat for you?"," आपके धैर्य के लिए धन्यवाद, मुझे लगता है कि केवल एक मध्य सीट A3 उपलब्ध है। क्या मुझे आपके लिए सीट की पुष्टि करनी चाहिए?",3,2
"Am sorry, I haven't got  your last response. Could you please help me with your query?"," क्षमा करें, मुझे आपका अंतिम उत्तर नहीं मिला। क्या आप कृपया अपनी क्वेरी में मेरी मदद कर सकते हैं?",3,0
SURE, ज़रूर,2,0
Hello, नमस्ते,2,0
"yes,i want check my seat assignment"," हाँ, मुझे अपना सीट असाइनमेंट देखना है",2,0
"Amazing! As I can check here, you are assigned a window seat and your seat number is J2. I hope you enjoy the view. ","अद्भुत! जैसा कि मैं यहां देख सकता हूं, आपको एक विंडो सीट दी गई है और आपकी सीट संख्या J2 है। मुझे आशा है कि आप दृश्य का आनंद लेंगे।",3,2
Hey there! Good morning. You're connected to LMT Airways. How may I help you?, सुनो! सुबह बख़ैर। आप एलएमटी एयरवेज से जुड़े हैं। क्या मेरे द्वारा आपकी कोई सहायता हो सकती है?,3,0
thanks*, धन्यवाद*,3,2
"Hello, you've reached Sky Travels. How may I help you today?"," नमस्कार, आप स्काई ट्रेवल्स में पहुंच गए हैं। आज मैं आपकी कैसे मदद कर सकता हूँ?",3,0
my seat assignment, मेरी सीट असाइनमेंट,1,0
Perfect! You'd be receiving the boarding pass on the day before your journey. I hope that all your queries are cleared?, उत्तम! आपको अपनी यात्रा से एक दिन पहले बोर्डिंग पास प्राप्त होगा। मुझे आशा है कि आपके सभी प्रश्नों का समाधान हो गया होगा?,3,2
Ask for my boarding pass to be sent to my email address or phone number., मेरा बोर्डिंग पास मेरे ईमेल पते या फोन नंबर पर भेजने के लिए कहें।,2,0
CONFIRMATION NUMBER IS HI4567, पुष्टिकरण संख्या HI4567 . है,2,0
NO THANKS," जी नहीं, धन्यवाद",3,1
no thanks," जी नहीं, धन्यवाद",3,1
MY LAST NAME : TONY, मेरा अंतिम नाम: टोनी,1,0
A very good morning! You've reached the Moon Airways customer service. How may I help you today?, एक बहुत अच्छी सुबह! आप मून एयरवेज ग्राहक सेवा तक पहुँच चुके हैं। आज मैं आपकी कैसे मदद कर सकता हूँ?,3,2
"Thanks for being patient. According to my sources we have American airways flying at 6:10 A.M to 11:30 A.M for $170 per ticket, would you want to choose that? "," धैर्य रखने के लिए धन्यवाद। मेरे सूत्रों के अनुसार हमारे पास अमेरिकी एयरवेज है जो सुबह 6:10 बजे से 11:30 बजे तक 170 डॉलर प्रति टिकट पर उड़ान भरती है, क्या आप इसे चुनना चाहेंगे?",3,1
Great! Could you please help me with the city of departure and the city of arrival?,महान! क्या आप कृपया प्रस्थान के शहर और आगमन के शहर के बारे में मेरी मदद कर सकते हैं?,3,2
Hello, नमस्ते,2,0
"Thank you for visiting us, wish to serve you again. Have a safe flight!"," हमारे पास आने के लिए धन्यवाद, मैं फिर से आपकी सेवा करना चाहता हूं। एक सुरक्षित उड़ान की कामना करते हैं!",3,2
"Hello! You've reached Alliance Indian Airlines. Sure! I'll help you with that, may I know your last name and the booking confirmation number?"," नमस्ते! आप एलायंस इंडियन एयरलाइंस पहुंच गए हैं। ज़रूर! मैं इसमें आपकी मदद करूंगा, क्या मैं आपका अंतिम नाम और बुकिंग पुष्टिकरण संख्या जान सकता हूं?",3,0
Are we still connected!, हम अभी भी जुड़े हैं!,2,0
hello, नमस्ते,2,0
"Surely, please give me a minute."," ज़रूर, कृपया मुझे एक मिनट दें।",3,0
Thanks and May I also know the complete booking confirmation number?, धन्यवाद और क्या मैं पूरी बुकिंग पुष्टिकरण संख्या भी जान सकता हूँ?,3,0
Sure, ज़रूर,2,0
Ok Thanks for your support, ठीक है आपके समर्थन के लिए धन्यवाद,3,2
Sure. I'll help you with that. Could you please help me with your full name and the booking confirmation number?, ज़रूर। मैं इसमें आपकी मदद करूंगा। क्या आप कृपया अपना पूरा नाम और बुकिंग पुष्टिकरण संख्या के साथ मेरी मदद कर सकते हैं?,3,0
"Thank you James, please allow me a minute to proceed further. "," धन्यवाद जेम्स, कृपया मुझे आगे बढ़ने के लिए एक मिनट का समय दें।",3,0
no thanks," जी नहीं, धन्यवाद",3,1
Thank you. I'll also require your email address to share the boarding pass., शुक्रिया। बोर्डिंग पास साझा करने के लिए मुझे आपके ईमेल पते की भी आवश्यकता होगी।,3,0
909bnb, 909bnb,0,0
So sorry, बहुत अफसोस,2,1
hai spencer, है स्पेंसर,2,0
YES I NEED BOARDING PASS,हाँ मुझे बोर्डिंग पास चाहिए,2,0
Alright! Please allow me moment to check the best deals on the 10th of September from Chennai to Singapore., ठीक है! कृपया मुझे चेन्नई से सिंगापुर के लिए 10 सितंबर को सर्वोत्तम सौदों की जांच करने का समय दें।,2,0
ok, ठीक है,2,0
"Here it is - 24 C is your new seat number, Middle. Anything else I may help you with?"," ये रहा - 24 सी आपका नया सीट नंबर है, मिडिल। कुछ और मैं आपकी मदद कर सकता हूँ?",2,0
Take your time., पर्याप्त समय लो।,2,0
"Thank you Arun, kindly give me a minute to check the seats assigned to you."," धन्यवाद अरुण, कृपया मुझे आपको सौंपी गई सीटों की जांच करने के लिए एक मिनट दें।",3,0
ok, ठीक है,2,0
Sure! We are here to assist you in the best possible way! Could you please help me with your departure city and the destination city?, ज़रूर! हम यहां आपकी सर्वोत्तम संभव तरीके से सहायता करने के लिए हैं! क्या आप कृपया मुझे अपने प्रस्थान शहर और गंतव्य शहर में मदद कर सकते हैं?,3,2
Fantastic! Please give me a moment to check., ज़बरदस्त! कृपया मुझे जांचने के लिए एक क्षण दें।,3,2
NO THANKS," जी नहीं, धन्यवाद",3,1
"Not a problem, I'll change that for you. Allow me a  minute or two, while I check for the availability for your preferred seat."," कोई समस्या नहीं है, मैं इसे आपके लिए बदल दूँगा। मुझे एक या दो मिनट का समय दें, जबकि मैं आपकी पसंदीदा सीट के लिए उपलब्धता की जांच कर रहा हूं।",3,0
"Surely, I'll try my best to change you to the aisle seat. Please give me  a minute."," निश्चित रूप से, मैं आपको गलियारे की सीट पर बदलने की पूरी कोशिश करूंगा। कृपया मुझे एक मिनट दें।",3,0
Perfect! Please allow me a moment to check the details and let you know., उत्तम! कृपया मुझे विवरणों की जांच करने और आपको बताने के लिए एक क्षण का समय दें।,3,2
Could you please help me out with the name and the email address?, क्या आप कृपया नाम और ईमेल पते के साथ मेरी मदद कर सकते हैं?,3,0
oh super  i like window seat thanks, ओह सुपर मुझे विंडो सीट पसंद है धन्यवाद,3,2
i want my boarding pass, मुझे अपना बोर्डिंग पास चाहिए,2,0
Sure, ज़रूर,2,0
last name is Udhaya, उपनाम उदय है,2,0
Yes< Thank You, हाँ<धन्यवाद,3,2
"Awesome! Here's what I've done as per your request, I changed your seat to asile and your new seat number will be A41. Hope that will be comfortable for you."," बहुत बढ़िया! यहाँ मैंने आपके अनुरोध के अनुसार क्या किया है, मैंने आपकी सीट को एकाइल में बदल दिया है और आपकी नई सीट संख्या A41 होगी। आशा है कि यह आपके लिए सुविधाजनक होगा।",3,2
Alright Jessly! Could you help me with the booking confirmation number please?, ठीक है जेस्ली! क्या आप कृपया बुकिंग पुष्टिकरण संख्या के साथ मेरी मदद कर सकते हैं?,3,0
I want check my seat assignment, मुझे अपना सीट असाइनमेंट चेक करना है,2,0
I'll help you out with that. May I know the departure city and the arrival city?, मैं इसमें आपकी मदद करूंगा। क्या मैं प्रस्थान शहर और आगमन शहर को जान सकता हूँ?,3,0
Thanks Kumki! May I please know the booking confirmation number?,धन्यवाद कुमकी! क्या मैं कृपया बुकिंग पुष्टिकरण संख्या जान सकता हूँ?,3,2
"I've confirmed the booking, could you please help me out with your email address for the confirmation link to be sent?"," मैंने बुकिंग की पुष्टि कर दी है, क्या आप पुष्टिकरण लिंक भेजने के लिए अपने ईमेल पते में मेरी मदद कर सकते हैं?",3,0
Thank you for waiting. Your patience is greatly appreciated. Your seat number is B3 and it is an aisle. Is there anything else I might help you with?, प्रतीक्षा के लिए धन्यवाद। आपके धैर्य की बहुत सराहना की जाती है। आपकी सीट संख्या B3 है और यह एक गलियारा है। क्या कुछ और है जिसमें मैं आपकी मदद कर सकता हूं?,3,2
I NEED CHECK MY SEAT ASSIGNMENT, मुझे अपने सीट असाइनमेंट की जांच करने की आवश्यकता है,2,0
HARI, हरि,0,0
I am waiting for your replay., मैं आपके रीप्ले का इंतजार कर रहा हूं।,1,0
bh5e48, बीएच5ई48,0,0
Sure! May I please know the departure and arrival city?, ज़रूर! क्या मैं कृपया प्रस्थान और आगमन शहर जान सकता हूँ?,3,0
For how many passengers would you like to book the tickets?, आप कितने यात्रियों के लिए टिकट बुक करना चाहेंगे?,3,0
Amazing! May I know your name and the email address please?, अद्भुत! क्या मैं आपका नाम और ईमेल पता कृपया जान सकता हूँ?,3,2
"Sure, we are here to assist you. May I know your last name and your booking confirmation number?"," ज़रूर, हम आपकी सहायता के लिए यहाँ हैं। क्या मैं आपका अंतिम नाम और आपकी बुकिंग पुष्टिकरण संख्या जान सकता हूँ?",3,0
"Thank You! May I also know the 6 chartered booking confirmation number?
", धन्यवाद! क्या मैं 6 चार्टर्ड बुकिंग पुष्टिकरण संख्या भी जान सकता हूँ?,3,0
For sure! I'll help you with that. Could you please let me know your last name and the booking confirmation number?, पक्का! मैं इसमें आपकी मदद करूंगा। क्या आप कृपया मुझे अपना अंतिम नाम और बुकिंग पुष्टिकरण संख्या बता सकते हैं?,3,0
Wonderful! Please feel free to reach out to us for further queries. Have an amazing journey. Bye., अद्भुत! कृपया आगे के प्रश्नों के लिए हमसे बेझिझक संपर्क करें। एक अद्भुत यात्रा करें। अलविदा।,3,2
OK, ठीक है,2,0
my name is inba and booking confirmation number is F8EN27., मेरा नाम इनबा है और बुकिंग पुष्टिकरण संख्या F8EN27 है।,1,0
no thanks," जी नहीं, धन्यवाद",3,1
Thank you very much, आपका बहुत बहुत धन्यवाद,3,2
please help me sir, कृपया मेरी मदद करें सर,3,0
nopes, नहींं,1,1
"Fantastic! I've gone ahead with your request and here is your new seat  number i.e B4 which is a window seat, hope that will be comfortable."," ज़बरदस्त! मैं आपके अनुरोध के साथ आगे बढ़ गया हूं और यहां आपका नया सीट नंबर है यानी बी 4 जो एक विंडो सीट है, आशा है कि यह आरामदायक होगा।",3,2
"yes, i need my boarding pass. could you send me."," हां, मुझे अपना बोर्डिंग पास चाहिए। क्या तुम मुझे भेज सकते हो।",3,0
Good Morning!,शुभ प्रभात!,3,2
no thanks," जी नहीं, धन्यवाद",3,1
September 20 2018,September 20 2018,0,0
hai, हाय,2,0
A very good morning! You've reached the Moon Airways customer service. How may I help you today?, एक बहुत अच्छी सुबह! आप मून एयरवेज ग्राहक सेवा तक पहुँच चुके हैं। आज मैं आपकी कैसे मदद कर सकता हूँ?,3,2
"Fantastic! Here's your seat number K17 which is a window seat, Is that okay for you?"," ज़बरदस्त! ये रहा आपकी सीट नंबर K17 जो कि विंडो सीट है, क्या यह आपके लिए ठीक है?",3,2
hai, हाय,2,0
KK567L, केके567एल,0,0
"Sure, could you please share the email address?"," ज़रूर, क्या आप कृपया ईमेल पता साझा कर सकते हैं?",3,0
You're welcome! Thank you for reaching out to us. Good day, आपका स्वागत है! हमसे संपर्क की पहल के लिए आपका धन्यवाद। अच्छा दिन,3,2
Sure. I'll help you with that. Could you please provide your full name and the booking confirmation number?, ज़रूर। मैं इसमें आपकी मदद करूंगा। क्या आप कृपया अपना पूरा नाम और बुकिंग पुष्टिकरण संख्या प्रदान कर सकते हैं?,3,0
I need middle seat, मुझे बीच की सीट चाहिए,1,0
a4g4f3, a4g4f3,0,0
I NEED CHECK MY SEAT ASSIGNMENT, मुझे अपने सीट असाइनमेंट की जांच करने की आवश्यकता है,2,0
Perfect! Is there anything else I could help you with?, उत्तम! क्या कुछ और है जिसमें मैं आपकी मदद कर सकता हूं?,2,2
Deepthi, दीप्ति,2,0
Good news! There's only one middle seat available on the flight for you that is I8. Should I change and confirm the seat for you?,खुशखबरी! आपके लिए उड़ान में केवल एक मध्य सीट उपलब्ध है जो कि I8 है। क्या मुझे आपके लिए सीट बदलनी चाहिए और पुष्टि करनी चाहिए?,3,0
Awesome! I'd be glad to help you with that. May I know your last name please?, बहुत बढ़िया! मुझे इसमें आपकी मदद करने में खुशी होगी। क्या मैं आपका अंतिम नाम जान सकता हूँ?,3,2
"Good morning! You've reached Alliance Airways Customer service, how may I help you?  "," सुबह बख़ैर! आप एलायंस एयरवेज ग्राहक सेवा तक पहुँच चुके हैं, मैं आपकी कैसे मदद कर सकता हूँ?",3,0
THANKS SAM, धन्यवाद सामी,3,2
You're welcome! Would there be anything else I may assist you with?,आपका स्वागत है! क्या कुछ और होगा जिसमें मैं आपकी सहायता कर सकूं?,3,2
"My pleasure! It was great assisting you, thanks for choosing our services. Have a safe flight, goodbye.","मेरा सौभाग्य! आपकी सहायता करके बहुत अच्छा लगा, हमारी सेवाओं को चुनने के लिए धन्यवाद। एक सुरक्षित उड़ान लो, अलविदा।",3,2
22,22,0,0
"I really appreciate for you patience, as per the details given above I see that you've been assigned to UM9 window seat. "," मैं वास्तव में आपके धैर्य की सराहना करता हूं, ऊपर दिए गए विवरण के अनुसार मैं देख रहा हूं कि आपको UM9 विंडो सीट दी गई है।",3,2
do you arrange to me, क्या आप मेरे लिए व्यवस्था करते हैं?,0,0
TAKE CARE, देखभाल करना,0,0
Thanks! I'd like to inform you that the confirmation link has been sent to your email address., धन्यवाद! मैं आपको सूचित करना चाहता हूं कि पुष्टिकरण लिंक आपके ईमेल पते पर भेज दिया गया है।,3,0
"Absolutely!! I'll be happy to help you with this! However, I'll require your details. May I know your full name please?"," बिल्कुल!! मुझे इसमें आपकी मदद करने में खुशी होगी! हालांकि, मुझे आपके विवरण की आवश्यकता होगी। क्या मैं आपका पूरा नाम जान सकता हूँ?",3,2
"Hello there good evening! Sky high customer services, How may I help you today?"," नमस्ते वहाँ शुभ संध्या! स्काई हाई कस्टमर सर्विसेज, मैं आज आपकी कैसे मदद कर सकता हूं?",3,0
Perfect! Would you please help me with your email address?, उत्तम! क्या आप कृपया अपने ईमेल पते में मेरी मदद करेंगे?,3,2
ok, ठीक है,2,0
Good morning! You've reached Flamingo customers service. How may I help you today?, सुबह बख़ैर! आप फ्लेमिंगो ग्राहक सेवा तक पहुँच चुके हैं। आज मैं आपकी कैसे मदद कर सकता हूँ?,3,1
Thank you, आपको धन्यवाद,2,2
hello!, नमस्ते!,3,0
"I'm glad that was helpful, thank you for reaching out to us. Have a great day ahead and happy traveling! "," मुझे खुशी है कि यह मददगार था, हमसे संपर्क करने के लिए धन्यवाद। आगे का दिन अच्छा हो और यात्रा सुखद हो!",3,2
You're always welcome! Have a great day too. It was a pleasure assisting you. Take care and have a fun filled trip! :), आपका हमेशा स्वागत है! आपक दिन भी अच्छा हो। आपकी सहायता करना खुशी की बात थी। ध्यान रखें और एक मजेदार यात्रा का आनंद लें! :),3,2
I'm glad I could help. Thank you for reaching out to us. Have a great flight!, मैं खुश हूं कि मैं मदद कर सका। हमसे संपर्क की पहल के लिए आपका धन्यवाद। एक अच्छी उड़ान लो!,3,2
Okay, ठीक,2,2
"Awesome! Thanks for reaching out to us, hope you have a wonderful trip ahead. "," बहुत बढ़िया! हमसे संपर्क करने के लिए धन्यवाद, आशा है कि आपकी आगे की यात्रा शानदार रही होगी।",3,2
880nnj, 880nnj,0,0
OK SURE, यकीनन ठीक,2,2
Bye, अलविदा,2,0
Fantastic! Thank you for reaching out to us. Have a great journey. Bye., ज़बरदस्त! हमसे संपर्क की पहल के लिए आपका धन्यवाद। शानदार यात्रा करें। अलविदा।,3,2
a3dd34, a3dd34,0,0
thanks a lot have a good day, बहुत बहुत धन्यवाद आपका दिन शुभ हो,3,2
"Always a pleasure! Thank you for reaching out to us, have a great day ahead!"," हमेशा एक खुशी की बात है! हमसे संपर्क करने के लिए धन्यवाद, आपका दिन शुभ हो!",3,2
May I know what seat was assigned for me?, क्या मैं जान सकता हूँ कि मेरे लिए कौन सी सीट नियत की गई थी?,2,0
Ramya and david, राम्या और डेविड,2,0
my full name is thala ajith, मेरा पूरा नाम थाला अजितो है,1,0
Thank you for waiting. Your patience is greatly appreciated. Your seat number is B3 and it is an aisle. Is there anything else I might help you with?, प्रतीक्षा के लिए धन्यवाद। आपके धैर्य की बहुत सराहना की जाती है। आपकी सीट संख्या B3 है और यह एक गलियारा है। क्या कुछ और है जिसमें मैं आपकी मदद कर सकता हूं?,3,2
"Good morning! You've reached Alliance Airways Customer service, how may I help you?  "," सुबह बख़ैर! आप एलायंस एयरवेज ग्राहक सेवा तक पहुँच चुके हैं, मैं आपकी कैसे मदद कर सकता हूँ?",3,0
Sure. Please allow me a moment while I search for something better according to your requirement., ज़रूर। कृपया मुझे एक पल दें जबकि मैं आपकी आवश्यकता के अनुसार कुछ बेहतर खोजता हूं।,3,0
Can you please let me know my seat number,क्या आप कृपया मुझे मेरी सीट संख्या बता सकते हैं,3,0
no. that's all. thank you., ना। बस इतना ही। शुक्रिया।,3,0
hai, हाय,2,0
Wonderful! Please feel free to reach out to us for further queries. Have an amazing journey. Bye., अद्भुत! कृपया आगे के प्रश्नों के लिए हमसे बेझिझक संपर्क करें। एक अद्भुत यात्रा करें। अलविदा।,3,2
ok, ठीक है,2,0
thanks. Could you send my boarding pass?, धन्यवाद। क्या आप मेरा बोर्डिंग पास भेज सकते हैं?,3,0
Sure thing! May I know your full name and the booking confirmation number?, अवश्य! क्या मैं आपका पूरा नाम और बुकिंग पुष्टिकरण संख्या जान सकता हूँ?,2,0
"Appreciate your patience! Your seat is 15F, Aisle seat. Anything else I may help you with?"," अपने धैर्य की सराहना! आपकी सीट 15F, आइल सीट है। कुछ और मैं आपकी मदद कर सकता हूँ?",2,2
Superb! Would you mind sharing the number of passengers also?, शानदार! क्या आप यात्रियों की संख्या भी साझा करना चाहेंगे?,3,2
yes i would like a window seat, हाँ मुझे खिड़की वाली सीट चाहिए,2,0
"Awesome! Thanks for reaching out to us, hope you have a wonderful trip ahead. "," बहुत बढ़िया! हमसे संपर्क करने के लिए धन्यवाद, आशा है कि आपकी आगे की यात्रा शानदार रही होगी।",3,2
Okay may I know which seat would you prefer now aisle or window?," ठीक है, क्या मैं जान सकता हूँ कि अब आप कौन सी सीट पसंद करेंगे गलियारे या खिड़की?",3,0
Name: Senthil.M..Booking confirmation number: QU8067, नाम: सेंथिल.एम.. बुकिंग पुष्टिकरण संख्या: QU8067,2,0
Could you please specify the query?, क्या आप कृपया क्वेरी निर्दिष्ट कर सकते हैं?,3,0
Lovely! Could you also please share your email address or contact number?, प्यारा! क्या आप कृपया अपना ईमेल पता या संपर्क नंबर भी साझा कर सकते हैं?,3,2
"Yes, I am fine with that. Thank you. Godbye. "," हाँ, मैं इसके साथ ठीक हूँ। शुक्रिया। भगवान अलविदा।",3,0
"Sure, would you need anything else?"," ज़रूर, क्या आपको और कुछ चाहिए?",3,0
That's it., यही बात है।,0,0
Awesome! I'll surely look upon the best middle seat for you., बहुत बढ़िया! मैं निश्चित रूप से आपके लिए सबसे अच्छी मध्य सीट देखूंगा।,3,2
"Thank you Sekaran, may I know the booking confirmation number as well?"," धन्यवाद शेखरन, क्या मैं बुकिंग पुष्टिकरण संख्या भी जान सकता हूँ?",3,0
For sure! I'll help you with that. Could you please let me know your last name and the booking confirmation number?, पक्का! मैं इसमें आपकी मदद करूंगा। क्या आप कृपया मुझे अपना अंतिम नाम और बुकिंग पुष्टिकरण संख्या बता सकते हैं?,3,0
A very good morning! You've reached the Moon Airways customer service. How may I help you today?, एक बहुत अच्छी सुबह! आप मून एयरवेज ग्राहक सेवा तक पहुँच चुके हैं। आज मैं आपकी कैसे मदद कर सकता हूँ?,3,2
"Thank you Modana, please give me a minute to proceed further."," धन्यवाद मोदाना, कृपया मुझे आगे बढ़ने के लिए एक मिनट दें।",3,2
Devin.H, डेविन.हो,0,0
"Jonah Lowe
", योना लोवे,0,0
Sure! I'll help you with that. May I know your last name please?, ज़रूर! मैं इसमें आपकी मदद करूंगा। क्या मैं आपका अंतिम नाम जान सकता हूँ?,3,0
ok, ठीक है,2,0
You mean you want your boarding pass on an other phone?, आपका मतलब है कि आप दूसरे फोन पर अपना बोर्डिंग पास चाहते हैं?,1,0
ty4785, ty4785,0,0
Alright Kuvalis! Could you please share the booking confirmation number?,ठीक है कुवालिस! क्या आप कृपया बुकिंग पुष्टिकरण संख्या साझा कर सकते हैं?,3,0
hi, नमस्ते,2,0
Hi Robin, हाय रॉबिन,3,0
Thank you for staying on hold. I appreciate your patience. Your seat number is A9 and it is a window seat. Is there anything else that I may help you with?,रुके रहने के लिए धन्यवाद। मैं आपके धैर्य की सराहना करता हूँ। आपकी सीट का नंबर A9 है और यह विंडो सीट है। क्या कुछ और है जिसमें मैं आपकी मदद कर सकता हूं?,3,2
It seems you are away. If you still need my help. You can raise a chat., ऐसा लगता है कि आप दूर हैं। अगर आपको अभी भी मेरी मदद की ज़रूरत है। आप चैट बढ़ा सकते हैं।,2,0
"You're most welcome, It was really nice talking to you, Is there anything else I may help you with?"," आपका बहुत-बहुत स्वागत है, आपसे बात करके बहुत अच्छा लगा, क्या कुछ और है जिसमें मैं आपकी मदद कर सकता हूँ?",3,2
Hey there! Good morning. You're connected to LMT Airways. How may I help you?, सुनो! सुबह बख़ैर। आप एलएमटी एयरवेज से जुड़े हैं। क्या मेरे द्वारा आपकी कोई सहायता हो सकती है?,3,0
ok, ठीक है,2,0
Wonderful! May I know your name and the email address please?, अद्भुत! क्या मैं आपका नाम और ईमेल पता कृपया जान सकता हूँ?,3,2
"Thank you for visiting us, wish to serve you again. Have a nice time!"," हमारे पास आने के लिए धन्यवाद, मैं फिर से आपकी सेवा करना चाहता हूं। आशा है आपका समय अच्छा बीते!",3,2
"Amazing! I've checked with my resources, your seat number is O12 and it is a window seat. Is there anything else I may help you with?"," अद्भुत! मैंने अपने संसाधनों से जाँच की है, आपकी सीट संख्या O12 है और यह एक विंडो सीट है। क्या कुछ और है जिसमें मैं आपकी मदद कर सकता हूं?",3,2
john, जॉन,1,0
"All right! I'll definitely check that for you. I'll require your details to access your account, May I know your full name please?"," ठीक है! मैं निश्चित रूप से आपके लिए इसकी जांच करूंगा। आपके खाते तक पहुँचने के लिए मुझे आपके विवरण की आवश्यकता होगी, क्या मैं आपका पूरा नाम जान सकता हूँ?",3,0
"casey, i need my seat confirmation number"," केसी, मुझे अपनी सीट पुष्टिकरण संख्या चाहिए",1,0
Awesome! Is there anything else I may help you with?, बहुत बढ़िया! क्या कुछ और है जिसमें मैं आपकी मदद कर सकता हूं?,3,2
okay, ठीक है,2,0
Email address: vankatmahi@gmail.com, ईमेल पता: vankatmahi@gmail.com,2,0
First, प्रथम,0,0
"Thanks for being patient. According to my sources we have American airways flying at 6:10 A.M to 11:30 A.M for $170 per ticket, would you want to choose that? "," धैर्य रखने के लिए धन्यवाद। मेरे सूत्रों के अनुसार हमारे पास अमेरिकी एयरवेज है जो सुबह 6:10 बजे से 11:30 बजे तक 170 डॉलर प्रति टिकट पर उड़ान भरती है, क्या आप इसे चुनना चाहेंगे?",3,1
A very good morning! You've reached the Moon Airways customer service. How may I help you today?, एक बहुत अच्छी सुबह! आप मून एयरवेज ग्राहक सेवा तक पहुँच चुके हैं। आज मैं आपकी कैसे मदद कर सकता हूँ?,3,2
thanks!, धन्यवाद!,3,2
Good morning! You've reached Flamingo customers service. How may I help you today?, सुबह बख़ैर! आप फ्लेमिंगो ग्राहक सेवा तक पहुँच चुके हैं। आज मैं आपकी कैसे मदद कर सकता हूँ?,3,1
Awesome! I've reserved the ticket for you. Could you please help me out with your email address for the confirmation link to be sent to you?,बहुत बढ़िया! मैंने आपके लिए टिकट आरक्षित कर दिया है। क्या आप कृपया अपने ईमेल पते के साथ मेरी मदद कर सकते हैं ताकि आपको पुष्टिकरण लिंक भेजा जा सके?,3,2
Would there be anything else I may assist you with?, क्या कुछ और होगा जिसमें मैं आपकी सहायता कर सकूं?,2,0
Hello! You've been connected to StarAirwyas. How may I assist you?, नमस्ते! आप StarAirwyas से जुड़ चुके हैं। मैं आपकी कैसे सहायता कर सकता हूँ?,3,0
Hello! Welcome to Air USA and we'll surely help you with it! Please could you provide your last name?,नमस्ते! एयर यूएसए में आपका स्वागत है और हम निश्चित रूप से इसमें आपकी मदद करेंगे! कृपया क्या आप अपना अंतिम नाम प्रदान कर सकते हैं?,3,2
I hope you've a wonderful day ahead. Good bye!, मुझे आशा है कि आपका आने वाला दिन शानदार रहेगा। अलविदा!,3,2
"hi,good morning", हाय सुप्रभात,3,0
Michael, माइकल,0,0
"Perfect! Thank you for that. Could you please allow me for a minute or two, while I get this done for you?"," उत्तम! उसके लिये आपका धन्यवाद। क्या आप कृपया मुझे एक या दो मिनट के लिए अनुमति दे सकते हैं, जबकि मैं आपके लिए यह कर रहा हूँ?",3,2
"Awesome! Thanks for choosing us, hope you'll have a wonderful trip ahead."," बहुत बढ़िया! हमें चुनने के लिए धन्यवाद, आशा है कि आपकी आगे की यात्रा शानदार होगी।",3,2
You're welcome! Thank you for reaching out to us. Good day!, आपका स्वागत है! हमसे संपर्क की पहल के लिए आपका धन्यवाद। अच्छा दिन!,3,2
Sure! Could you please help me with the departure city and the arrival city?, ज़रूर! क्या आप कृपया प्रस्थान शहर और आगमन शहर के बारे में मेरी मदद कर सकते हैं?,3,0
WINDOW SEAT, विंडो सीट,0,0
"Okay we have 4A available, would you like to take that?"," ठीक है हमारे पास 4A उपलब्ध है, क्या आप इसे लेना चाहेंगे?",3,0
Surely. What would you prefer?, निश्चित रूप से। आप क्या पसंद करेंगे?,2,0
"raj shin, frn745"," राज शिन, frn745",2,0
Conaway, कोनावे,0,0
Good morning! You've reached Flamingo customers service. How may I help you today?, सुबह बख़ैर! आप फ्लेमिंगो ग्राहक सेवा तक पहुँच चुके हैं। आज मैं आपकी कैसे मदद कर सकता हूँ?,3,1
04-08-2018,04-08-2018,0,0
"Hello there, how may I assist you today?
"," नमस्ते, मैं आज आपकी कैसे सहायता कर सकता हूँ?",3,0
That's really helpful. Thank you. Would you like the boarding pass to be sent to your email address or contact number?, यह वास्तव में मददगार है। शुक्रिया। क्या आप चाहते हैं कि बोर्डिंग पास आपके ईमेल पते या संपर्क नंबर पर भेजा जाए?,3,2
"Hello, you've reached Sky Travels. Surely! I'll be happy to help you with it. Please may I know your full full name?"," नमस्कार, आप स्काई ट्रेवल्स में पहुंच गए हैं। निश्चित रूप से! मुझे इसमें आपकी मदद करने में खुशी होगी। कृपया क्या मैं आपका पूरा नाम जान सकता हूँ?",3,0
WATSON45@GMAIL.COM, वाटसन45@GMAIL.COM,0,0
"Thank you Browning, please allow me a minute while I check the seat assigned to you. ","धन्यवाद ब्राउनिंग, कृपया मुझे एक मिनट का समय दें जब तक कि मैं आपको सौंपी गई सीट की जांच कर लूं।",3,2
That's amazing! Would there be anything else I may help you with?, वह आश्चर्यजनक है! क्या कुछ और होगा जिसमें मैं आपकी मदद कर सकूं?,3,2
YES OK, हाँ ठीक है,2,2
"Perfect! I see that there is an early morning flight operated by Emirates EA112 at a cost of $230. It departs at 7:AM and arrives at 11:30AM.
", उत्तम! मैं देखता हूं कि एमिरेट्स ईए112 द्वारा $230 की लागत से संचालित एक सुबह की उड़ान है। यह सुबह 7 बजे छूटती है और 11:30 बजे आती है।,2,2
Amazing! May I know the class in which you'd like to travel?, अद्भुत! क्या मैं उस कक्षा को जान सकता हूँ जिसमें आप यात्रा करना चाहेंगे?,3,2
"Perfect! krish, Now would you please help me with your booking confirmation number?"," उत्तम! कृष, अब क्या आप कृपया अपनी बुकिंग पुष्टिकरण संख्या के साथ मेरी मदद करेंगे?",3,2
i want to know my sent no, मैं अपना भेजा हुआ नंबर जानना चाहता हूँ,2,1
Alright! Will send that to your phone number please allow me a moment., ठीक है! इसे आपके फ़ोन नंबर पर भेज देंगे कृपया मुझे एक क्षण दें।,2,0
Great! Would there be anything else that I may help you with?, महान! क्या कुछ और होगा जिसमें मैं आपकी मदद कर सकूं?,3,2
Alright Abdul! Could you please share the booking confirmation number?, ठीक है अब्दुल! क्या आप कृपया बुकिंग पुष्टिकरण संख्या साझा कर सकते हैं?,3,0
Thanks! I'd like to inform you that the confirmation link has been sent to your email address through which you can make the payment and confirm the booking., धन्यवाद! मैं आपको सूचित करना चाहता हूं कि पुष्टिकरण लिंक आपके ईमेल पते पर भेज दिया गया है जिसके माध्यम से आप भुगतान कर सकते हैं और बुकिंग की पुष्टि कर सकते हैं।,3,0
ok, ठीक है,2,0
Mani I'd like to inform you that you've been allotted 5C which is a window seat., मणि मैं आपको सूचित करना चाहता हूं कि आपको 5C आवंटित किया गया है जो एक विंडो सीट है।,2,0
"Sure, it is Johnson"," ज़रूर, यह जॉनसन है",2,0
Thibaut Miller, थिबॉट मिलर,2,0
"Thank you for visiting us, wish to serve you again. Have a safe flight!"," हमारे पास आने के लिए धन्यवाद, मैं फिर से आपकी सेवा करना चाहता हूं। एक सुरक्षित उड़ान की कामना करते हैं!",3,2
May I know your mail id plese?, क्या मैं आपकी मेल आईडी कृपया जान सकता हूँ?,2,0
David Copperfield, डेविड कॉपरफील्ड,0,0
Thanks! I'd like to inform you that the confirmation link has been sent to your email address through which you can make the payment and confirm the booking., धन्यवाद! मैं आपको सूचित करना चाहता हूं कि पुष्टिकरण लिंक आपके ईमेल पते पर भेज दिया गया है जिसके माध्यम से आप भुगतान कर सकते हैं और बुकिंग की पुष्टि कर सकते हैं।,3,2
Sure! May I have your email address please?, ज़रूर! क्या मुझे आपका ईमेल पता मिल सकता है?,3,0
"I apologize, could you please help me with your correct booking number which consists only 6 characters mix of letters and number?","मैं क्षमा चाहता हूं, क्या आप कृपया अपनी सही बुकिंग संख्या के साथ मेरी मदद कर सकते हैं जिसमें अक्षरों और संख्याओं का मिश्रण केवल 6 वर्ण है?",3,1
Hello! You've been connected to StarAirwyas. How may I assist you?, नमस्ते! आप StarAirwyas से जुड़ चुके हैं। मैं आपकी कैसे सहायता कर सकता हूँ?,3,0
"Thanks for staying connected, I've booked your tickets soon you'll be getting a mail with a link which will take you to the page where you can make the payment and confirm your booking. Anything else I may help you in?"," जुड़े रहने के लिए धन्यवाद, मैंने आपके टिकट बुक कर लिए हैं जल्द ही आपको एक लिंक के साथ एक मेल प्राप्त होगा जो आपको उस पेज पर ले जाएगा जहां आप भुगतान कर सकते हैं और अपनी बुकिंग की पुष्टि कर सकते हैं। कुछ और मैं आपकी मदद कर सकता हूँ?",3,2
HAI, हाई,2,0
"Sure, I'll help you with that as well. May I know your email address please?"," ज़रूर, मैं इसमें भी आपकी मदद करूँगा। क्या मैं आपका ईमेल पता कृपया जान सकता हूँ?",3,0
NO. THAT'S IT, ना। यह बात है,1,0
hi, नमस्ते,2,0
yes, हां,2,0
Hello! Good morning. You've reached LMT Airways. How may I assist you today?, नमस्ते! सुबह बख़ैर। आप एलएमटी एयरवेज पहुंच गए हैं। आज मैं आपकी मदद किस तरह कर सकता हूँ?,3,0
Fantastic! The boarding pass will be sent to the phone number shortly., ज़बरदस्त! बोर्डिंग पास शीघ्र ही फोन नंबर पर भेज दिया जाएगा।,2,2
Awesome! Thank you for reaching out to us. Have a memorable journey. Bye., बहुत बढ़िया! हमसे संपर्क की पहल के लिए आपका धन्यवाद। यादगार यात्रा हो। अलविदा।,3,2
OK, ठीक है,2,0
"You're welcome, I've confirmed the seat. Is there anything else I may help you with?"," आपका स्वागत है, मैंने सीट पक्की कर ली है। क्या कुछ और है जिसमें मैं आपकी मदद कर सकता हूं?",3,2
SER452, एसईआर452,0,0
"Hello there, how may I assist you today?
"," नमस्ते, मैं आज आपकी कैसे सहायता कर सकता हूँ?",3,0
I am wilson, मैं विल्सन हूँ,1,0
I ALREADY BOOK A TICKET BUT I CHANGE MY SEAT, मैं पहले से ही एक टिकट बुक करता हूं लेकिन मैं अपनी सीट बदल देता हूं,2,0
Please mention your booking confirmation number aswell., कृपया अपनी बुकिंग पुष्टिकरण संख्या का भी उल्लेख करें।,2,0
NOTHING ELSE, और कुछ नहीं,2,0
Nothing else, और कुछ नहीं,2,0
Great! May I know the preferred date of your travel?, महान! क्या मैं आपकी यात्रा की पसंदीदा तारीख जान सकता हूँ?,3,2
Thank you for reaching out to us. Have a great day!, हमसे संपर्क की पहल के लिए आपका धन्यवाद। आपका दिन अच्छा रहे!,3,2
Wonderful! Please feel free to reach out to us for further queries. Have an amazing journey. Bye., अद्भुत! कृपया आगे के प्रश्नों के लिए हमसे बेझिझक संपर्क करें। एक अद्भुत यात्रा करें। अलविदा।,3,2
kumar, कुमार,2,0
ok thank you, ठीक है धन्यवाद,3,0
My booking confirmation number is MMB120, मेरी बुकिंग पुष्टिकरण संख्या MMB120 . है,1,0
no, नहीं,1,1
NMG357,एनएमजी357,0,0
Absolutely! I'll be happy to help you in this regard. May I know your last name and your booking confirmation number?, बिल्कुल! मुझे इस संबंध में आपकी मदद करने में खुशी होगी। क्या मैं आपका अंतिम नाम और आपकी बुकिंग पुष्टिकरण संख्या जान सकता हूँ?,3,2
ok, ठीक है,2,0
Thank you for staying on hold. You're assigned to seat number H87 which is a window seat. Would you need anything else?, रुके रहने के लिए धन्यवाद। आपको सीट नंबर H87 सौंपा गया है जो एक विंडो सीट है। क्या आपको कुछ और चाहिए होगा?,3,0
"Nothing else, Thank you for your information. Have a nice day to chat with you. "," और कुछ नहीं, आपकी जानकारी के लिए धन्यवाद। आपके साथ चैट करने के लिए एक अच्छा दिन है।",3,0
"Fantastic! The ticket have been booked by the name Sophia Pierce from NY to Washington which is a American Express at 10 AM on 28/09. And, I've sent you a link kindly  proceed with the payment, follow the instructions and confirm your booking."," ज़बरदस्त! टिकट सोफिया पियर्स नाम से न्यूयॉर्क से वाशिंगटन के लिए बुक किया गया है जो 28/09 को सुबह 10 बजे एक अमेरिकन एक्सप्रेस है। और, मैंने आपको एक लिंक भेजा है कृपया भुगतान के साथ आगे बढ़ें, निर्देशों का पालन करें और अपनी बुकिंग की पुष्टि करें।",3,2
OK, ठीक है,2,0
no, नहीं,1,1
Thanks! I'd like to inform you that the confirmation link has been sent to your email address through which you can make the payment and confirm the booking., धन्यवाद! मैं आपको सूचित करना चाहता हूं कि पुष्टिकरण लिंक आपके ईमेल पते पर भेज दिया गया है जिसके माध्यम से आप भुगतान कर सकते हैं और बुकिंग की पुष्टि कर सकते हैं।,3,2
karthiga, कार्थिगा,2,0
"I'm glad that was helpful, thank you for reaching out to us. Have a great day ahead and happy traveling! "," मुझे खुशी है कि यह मददगार था, हमसे संपर्क करने के लिए धन्यवाद। आगे का दिन अच्छा हो और यात्रा सुखद हो!",3,2
Please do reach out to us in case of any queries. Have a great day and a safe journey!, कृपया किसी भी प्रश्न के मामले में हमसे संपर्क करें। आपका दिन शुभ हो और सुरक्षित यात्रा हो!,3,2
"I'll be glad to assist you with that, may I know the departure city and the arrival city?"," मुझे इसमें आपकी सहायता करने में खुशी होगी, क्या मैं प्रस्थान शहर और आगमन शहर को जान सकता हूं?",3,0
Sure! Please allow me a moment to check if there is any seat available., ज़रूर! कृपया मुझे यह जांचने के लिए एक क्षण दें कि क्या कोई सीट उपलब्ध है।,3,0
check my seat assignment, मेरी सीट असाइनमेंट की जाँच करें,2,0
"Yes, it's B.johnson@nextmail.com"," हाँ, यह B.johnson@nextmail.com है",2,0
yes iss 42069, हाँ आईएसएस 42069,2,0
hi, नमस्ते,2,0
Check my seat assignment and decide to change it., मेरे सीट असाइनमेंट की जांच करें और इसे बदलने का फैसला करें।,2,0
"Thank you for being so patient and cooperative! It was really nice assisting you! I hope you have a great time, Happy travelling! Have a great day ahead! See ya! :)"," इतने धैर्यवान और सहयोगी होने के लिए धन्यवाद! आपकी सहायता करना वाकई अच्छा लगा! मुझे आशा है कि आपके पास एक अच्छा समय है, हैप्पी ट्रैवलिंग! आगे एक महान दिन हो! फिर मिलेंगे! :)",3,2
my  booking confirmation number pkl428, मेरी बुकिंग पुष्टिकरण संख्या pkl428,1,0
I'll do that for you right away. May I know your full name and the booking confirmation number?, मैं आपके लिए यह तुरंत करूँगा। क्या मैं आपका पूरा नाम और बुकिंग पुष्टिकरण संख्या जान सकता हूँ?,3,0
NO, ना,1,1
sankar raknas, शंकर रकनासो,2,0
With pleasure! Have a amazing day!, क्यों नहीं! आपका दिन अद्भुत हो!,3,2
"Great! Thank you so much for being patient and baring with me. I hope you have a safe journey, Have a amazing time on the fight. I hope you have a great day ahead! Goodbye."," महान! सब्र रखने और मेरे साथ बने रहने के लिए आपका बहुत-बहुत धन्यवाद। मुझे आशा है कि आपके पास एक सुरक्षित यात्रा है, लड़ाई पर एक अद्भुत समय है। मुझे आशा है कि आपके आगे एक अच्छा दिन होगा! अलविदा।",3,2
A4G4F3, A4G4F3,0,0
ok, ठीक है,2,0
If it possible to change last seat., यदि संभव हो तो अंतिम सीट को बदलना।,1,0
"Superb, Thanks for baring with my questions. I highly appreciate your patience. Anything else I may help you with? "," शानदार, मेरे सवालों को रोकने के लिए धन्यवाद। मैं आपके धैर्य की अत्यधिक सराहना करता हूं। कुछ और मैं आपकी मदद कर सकता हूँ?",3,2
i think nothing Thank you so much, मुझे कुछ नहीं लगता बहुत बहुत धन्यवाद,3,0
Are we connected?, क्या हम जुड़े हुए हैं?,0,0
62659586,62659586,0,0
SA98IJ, SA98IJ,0,0
y67k67, y67k67,2,0
Perfect! Please allow me a moment to check the seat details and get back to you.,उत्तम! कृपया मुझे सीट के विवरण की जांच करने और आपसे संपर्क करने के लिए कुछ समय दें।,2,2
Surely! Could you please help me with your Last name and booking confirmation number?, निश्चित रूप से! क्या आप कृपया अपने अंतिम नाम और बुकिंग पुष्टिकरण संख्या के साथ मेरी मदद कर सकते हैं?,3,0
Thank you for staying on hold. I appreciate your patience. Your seat number is A9 and it is a window seat. Is there anything else that I may help you with?,रुके रहने के लिए धन्यवाद। मैं आपके धैर्य की सराहना करता हूँ। आपकी सीट का नंबर A9 है और यह विंडो सीट है। क्या कुछ और है जिसमें मैं आपकी मदद कर सकता हूं?,3,2
I've a good news for you. There is just 1 aisle seat available on your flight which is the O2. Do you want me to confirm that seat for you?, मेरे पास आपके लिए एक अच्छी खबर है। आपकी उड़ान में केवल 1 गलियारे की सीट उपलब्ध है जो कि O2 है। क्या आप चाहते हैं कि मैं आपके लिए उस सीट की पुष्टि कर दूं?,3,2
Window, खिड़की,0,0
"Awesome! I'll confirm that for you, will there be anything else I may help you with?"," बहुत बढ़िया! मैं पुष्टि करूँगा कि आपके लिए, क्या कुछ और होगा जिसमें मैं आपकी मदद कर सकता हूँ?",3,2
"Thank you. The boarding pass has been sent to the email address provided. If you have any other queries regarding the travel, please feel free to get back to us."," शुक्रिया। बोर्डिंग पास दिए गए ईमेल पते पर भेज दिया गया है। यदि आपके पास यात्रा के संबंध में कोई अन्य प्रश्न हैं, तो कृपया बेझिझक हमसे संपर्क करें।",3,0
Okay, ठीक,2,2
Wonderful! I've booked the tickets and you'll be receiving a confirmation mail with the link to make the payment. Is there anything else that I may help you with?, अद्भुत! मैंने टिकट बुक कर लिए हैं और आपको भुगतान करने के लिए लिंक के साथ एक पुष्टिकरण मेल प्राप्त होगा। क्या कुछ और है जिसमें मैं आपकी मदद कर सकता हूं?,3,2
ok bye, चलो बाय,2,0
no, नहीं,1,1
seat assignment, बैठने की जगह का आवंटन,0,0
"Thank You! May I also know the 6 chartered booking confirmation number?
", धन्यवाद! क्या मैं 6 चार्टर्ड बुकिंग पुष्टिकरण संख्या भी जान सकता हूँ?,3,0
Goodbye!, अलविदा!,2,0
no thanks," जी नहीं, धन्यवाद",3,1
yes please, हाँ कृपया,2,2
A very good morning! You've reached the Moon Airways customer service. How may I help you today?, एक बहुत अच्छी सुबह! आप मून एयरवेज ग्राहक सेवा तक पहुँच चुके हैं। आज मैं आपकी कैसे मदद कर सकता हूँ?,3,2
i said i need to change my seat.., मैंने कहा मुझे अपनी सीट बदलनी है..,2,0
"Alright! Thank you for visiting us, wish to serve you again. Have a safe journey!"," ठीक है! हमारे पास आने के लिए धन्यवाद, मैं फिर से आपकी सेवा करना चाहता हूं। आपकी यात्रा सुरक्षित हो!",3,2
g25d36, जी25डी36,0,0
Okay sure, पक्का निश्चित,2,0
Okay Great!, ठीक है बढ़िया!,2,2
Sure! I'd be glad to help you with that. Could you please help me with your last name and your booking confirmation number?, ज़रूर! मुझे इसमें आपकी मदद करने में खुशी होगी। क्या आप कृपया अपने अंतिम नाम और अपनी बुकिंग पुष्टिकरण संख्या के साथ मेरी मदद कर सकते हैं?,3,0
Sure thing! I'd be glad to help you with that. May I know your last name and your booking confirmation number please?, अवश्य! मुझे इसमें आपकी मदद करने में खुशी होगी। क्या मैं आपका अंतिम नाम और आपकी बुकिंग पुष्टिकरण संख्या जान सकता हूँ?,3,0
a3d5g6, a3d5g6,0,0
my name is rosy and confirmation number is ruyp75, मेरा नाम गुलाबी है और पुष्टिकरण संख्या ruyp75 है,2,0
Nice to meet you! It's f2h4d6, आप से मिलकर अच्छा लगा! यह f2h4d6 . है,3,2
OK, ठीक है,2,0
Wonderful! Please feel free to reach out to us for further queries. Have an amazing journey. Bye., अद्भुत! कृपया आगे के प्रश्नों के लिए हमसे बेझिझक संपर्क करें। एक अद्भुत यात्रा करें। अलविदा।,3,2
K7U7K0, K7U7K0,0,0
I'm glad to assist you Christine! Could you please share the booking confirmation number?,मुझे क्रिस्टीन की सहायता करने में खुशी हो रही है! क्या आप कृपया बुकिंग पुष्टिकरण संख्या साझा कर सकते हैं?,3,2
ok, ठीक है,2,0
Should I confirm it as 28 August 2018?, क्या मुझे 28 अगस्त 2018 के रूप में इसकी पुष्टि करनी चाहिए?,1,0
Name: Uma rajan. N..Booking confirmation number: 76FQY2, नाम उमा राजन. N..बुकिंग पुष्टिकरण संख्या: 76FQY2,2,0
"i am very happy for travelling, awesome"," मैं यात्रा के लिए बहुत खुश हूँ, बहुत बढ़िया",2,2
"Alright, thanks. But can you please send to my phone number?", ठीक धन्यवाद। लेकिन क्या आप कृपया मेरे फोन नंबर पर भेज सकते हैं?,3,0
A very good morning! You've reached the Moon Airways customer service. How may I help you today?, एक बहुत अच्छी सुबह! आप मून एयरवेज ग्राहक सेवा तक पहुँच चुके हैं। आज मैं आपकी कैसे मदद कर सकता हूँ?,3,2
Thanks for the help, सहायता के लिए धन्यवाद,3,2
I'll send you the boarding pass right away. May I know your full name and the booking confirmation number?, मैं आपको तुरंत बोर्डिंग पास भेजूंगा। क्या मैं आपका पूरा नाम और बुकिंग पुष्टिकरण संख्या जान सकता हूँ?,3,0
ok, ठीक है,2,0
Nothing Else Thank You Charlie, कुछ और नहीं धन्यवाद चार्ली,3,2
kelvin2@gmail.com, kelvin2@gmail.com,2,0
good morning, शुभ प्रभात,2,2
"Secondly, for the boarding pass would you please help me with your email address?"," दूसरे, बोर्डिंग पास के लिए क्या आप कृपया मुझे अपने ईमेल पते में मदद करेंगे?",3,0
Good Morning!,शुभ प्रभात!,3,2
my name is suresh, मेरा नाम सुरेश है,2,0
Hello! Good morning. You've reached LMT Airways. How may I assist you today?, नमस्ते! सुबह बख़ैर। आप एलएमटी एयरवेज पहुंच गए हैं। आज मैं आपकी मदद किस तरह कर सकता हूँ?,3,0
thats it..thanks alot.., बस इतना ही..धन्यवाद..,3,2
Alright Robinson! Could you please share the booking confirmation number?, ठीक है रॉबिन्सन! क्या आप कृपया बुकिंग पुष्टिकरण संख्या साझा कर सकते हैं?,3,0
"Thank you! The seat number allotted to you is 25A. It's a window seat.
", आपको धन्यवाद! आपको आवंटित सीट संख्या 25A है। यह एक विंडो सीट है।,3,0
Thanks for understanding! Would there be anything else I may assist you with?, समझने के लिए धन्यवाद! क्या कुछ और होगा जिसमें मैं आपकी सहायता कर सकूं?,3,0
Should I confirm your email address as vicky@gmail.com?, क्या मुझे vicky@gmail.com के रूप में आपके ईमेल पते की पुष्टि करनी चाहिए?,1,0
"Sure! May I know your last name?
", ज़रूर! क्या मैं आपका अंतिम नाम जान सकता हूँ?,2,0
"Done! Please stay connected, while I go ahead and find the best deal for you."," पूर्ण! कृपया जुड़े रहें, जबकि मैं आगे बढ़ता हूं और आपके लिए सबसे अच्छा सौदा ढूंढता हूं।",2,0
mdu2018@gmail.com, mdu2018@gmail.com,0,0
Have a Great Day!, आपका दिन शानदार गुजरे!,2,2
Business Class is OK, बिजनेस क्लास ठीक है,2,2
delta airlines, डेल्टा एयरलाइंस,0,0
ok thanks, ठीक है धन्यवाद,3,0
Awesome! John I've reserved the ticket for you. Could you please help me out with your email address for the confirmation link to be sent to you?,बहुत बढ़िया! जॉन मैंने आपके लिए टिकट आरक्षित कर दिया है। क्या आप कृपया अपने ईमेल पते के साथ मेरी मदद कर सकते हैं ताकि आपको पुष्टिकरण लिंक भेजा जा सके?,3,2
Good Morning Riley!!!, गुड मॉर्निंग रिले !!!,3,0
booking number eg5467, बुकिंग नंबर जैसे 5467,2,0
"Great! Thanks for choosing our services, have a great day, Goodbye."," महान! हमारी सेवाओं को चुनने के लिए धन्यवाद, आपका दिन शुभ हो, अलविदा।",3,2
NO THANKS," जी नहीं, धन्यवाद",3,1
great thanks for your help, आपकी मदद के लिए बहुत धन्यवाद,3,2
6399482013,6399482013,0,0
oh it was AF54333433, ओह यह AF54333433 था,1,0
"oh, 12:00 am"," ओह, 12:00 पूर्वाह्न",1,0
I'd prefer American airlines., मैं अमेरिकी एयरलाइंस को प्राथमिकता दूंगा।,2,0
YES OK FOR ME, हाँ मेरे लिए ठीक है,2,2
3 PERSONS EMAIL: HARIYU67@GMAIL.COM, 3 व्यक्ति ईमेल: HARIYU67@GMAIL.COM,0,0
Hello there, नमस्ते,2,0
"My pleasure! Thanks for choosing our services, have a great day. Goodbye."," मेरा सौभाग्य! हमारी सेवाओं को चुनने के लिए धन्यवाद, आपका दिन शुभ हो। अलविदा।",3,2
Good morning! You've reached Flamingo customers service. How may I assist you today?, सुबह बख़ैर! आप फ्लेमिंगो ग्राहक सेवा तक पहुँच चुके हैं। आज मैं आपकी मदद किस तरह कर सकता हूँ?,3,1
OK, ठीक है,2,0
"Great! Good news! There is only one aisle seat available and I've allotted that for you, Your seat number is 4fef5. I hope that would be okay?"," महान! खुशखबरी! केवल एक गलियारे वाली सीट उपलब्ध है और मैंने आपके लिए यह आवंटित किया है, आपकी सीट संख्या 4fef5 है। मुझे आशा है कि यह ठीक होगा?",3,2
"Thank you for visiting us, wish to serve you again. Have a wonderful flight!"," हमारे पास आने के लिए धन्यवाद, मैं फिर से आपकी सेवा करना चाहता हूं। एक अद्भुत उड़ान लो!",3,2
"Hello there! Sky high customer services, How may I help you today?
"," नमस्ते! स्काई हाई कस्टमर सर्विसेज, मैं आज आपकी कैसे मदद कर सकता हूं?",3,0
septemper 5 2018, सितम्बर 5 2018,0,0
Good Evening!, नमस्ते!,3,2
Definitely! I'd be glad to help you with that. Could you please help me with your last name and your booking confirmation number?, निश्चित रूप से! मुझे इसमें आपकी मदद करने में खुशी होगी। क्या आप कृपया अपने अंतिम नाम और अपनी बुकिंग पुष्टिकरण संख्या के साथ मेरी मदद कर सकते हैं?,3,2
i need boarding pass, मुझे बोर्डिंग पास चाहिए,1,0
nothing else, और कुछ नहीं,1,0
confirmation number  m78g34, पुष्टिकरण संख्या m78g34,0,0
Actually I'll just stay with my aisle seat.  Thanks anyway!, वास्तव में मैं बस अपनी गलियारे वाली सीट के साथ रहूंगा। फिर भी धन्यवाद!,3,0
nepal to china, नेपाल से चीन,2,0
"Sure, could you please help me with your departure city and the destination?","ज़रूर, क्या आप कृपया अपने प्रस्थान शहर और गंतव्य के बारे में मेरी मदद कर सकते हैं?",3,0
"Alina Mccarty
", अलीना मेकार्टी,0,0
thats all thank you, बस आपका धन्यवाद,3,2
i would like to know my seat assignment, मैं अपना सीट असाइनमेंट जानना चाहूंगा,3,0
Anything else I may help you with?, कुछ और मैं आपकी मदद कर सकता हूँ?,2,0
Thanks! I'd like to inform you that the boarding pass has been sent to your email address and phone number.,धन्यवाद! मैं आपको सूचित करना चाहता हूं कि बोर्डिंग पास आपके ईमेल पते और फोन नंबर पर भेज दिया गया है।,3,0
"There is a flight available from JetBlue, the cost of ticket is $128 and the take off time would be late night at 3-58 A.M. Would that be okay?"," जेटब्लू से एक उड़ान उपलब्ध है, टिकट की कीमत $ 128 है और उड़ान का समय देर रात 3-58 बजे होगा क्या यह ठीक रहेगा?",1,0
"I completely understand your situation sir, But I apologize. There are no seats vacant right now. However,there are last minute cancellation,  we will definitely connect back to you if I find the seat for you."," मैं आपकी स्थिति को पूरी तरह से समझता हूं सर, लेकिन मैं क्षमा चाहता हूं। अभी कोई सीट खाली नहीं है। हालाँकि, अंतिम समय में रद्दीकरण है, अगर मुझे आपके लिए सीट मिल जाती है तो हम निश्चित रूप से आपसे संपर्क करेंगे।",3,1
That's great! What is your preferred date of travelling?, एक दम बढ़िया! यात्रा की आपकी पसंदीदा तारीख क्या है?,2,2
yes sure booking confirmation number  is 587e3, हाँ सुनिश्चित करें कि बुकिंग पुष्टिकरण संख्या 587e3 है,2,0
I need a middle seat, मुझे बीच की सीट चाहिए,1,0
Here's what I've found for you- Skyline with $263 and Greatlakes with $302. Please tell me your choice., यहाँ मैंने आपके लिए क्या पाया है- $ 263 के साथ स्काईलाइन और $ 302 के साथ ग्रेटलेक। कृपया मुझे अपनी पसंद बताएं।,2,0
CHECK MY SEAT, मेरी सीट जांचें,0,0
DINESH48@GMAIL.COM, DINESH48@GMAIL.COM,0,0
ok thanks, ठीक है धन्यवाद,3,0
"Alright! Have a safe journey, goodbye."," ठीक है! सुरक्षित यात्रा करें, अलविदा।",2,0
Yes please go head Sam.. No issues.. I will wait for you.. No problem, हां प्लीज गो हेड सैम.. कोई बात नहीं.. मैं आपका इंतजार करूंगा.. कोई बात नहीं,3,2
NOTHING ELSE, और कुछ नहीं,2,0
"Thank you Jessy, please give me a minute to proceed further. "," धन्यवाद जेसी, कृपया मुझे आगे बढ़ने के लिए एक मिनट दें।",3,2
hello?, नमस्ते?,3,0
Alright! May I know your preference? we have a aisle and middle seat available?, ठीक है! क्या मैं आपकी पसंद जान सकता हूँ? हमारे पास गलियारा और बीच की सीट उपलब्ध है?,3,0
"I'll help you with that, may I know your last name and the booking confirmation number?"," मैं इसमें आपकी मदद करूंगा, क्या मैं आपका अंतिम नाम और बुकिंग पुष्टिकरण संख्या जान सकता हूं?",3,0
"Sure, we are here to assist you. May I know your last name?"," ज़रूर, हम आपकी सहायता के लिए यहाँ हैं। क्या मैं आपका अंतिम नाम जान सकता हूँ?",2,0
ok, ठीक है,2,0
Surely! I'd be glad to help you in this regard. May I know your last name and your booking confirmation number?, निश्चित रूप से! मुझे इस संबंध में आपकी मदद करने में खुशी होगी। क्या मैं आपका अंतिम नाम और आपकी बुकिंग पुष्टिकरण संख्या जान सकता हूँ?,3,0
Awesome! And the booking confirmation number would be?, बहुत बढ़िया! और बुकिंग कन्फर्मेशन नंबर होगा?,3,2
Have a good day..Good bye !!!,आपका दिन शुभ हो..अलविदा!!!,3,2
ok, ठीक है,2,0
I already book a ticket but i change my seat, मैं पहले ही टिकट बुक कर लेता हूं लेकिन मैं अपनी सीट बदल लेता हूं,2,0
"That's great! I'll now message you a link to complete the payment process. I hope you have a great trip. Goodbye!
", एक दम बढ़िया! अब मैं आपको भुगतान प्रक्रिया को पूरा करने के लिए एक लिंक संदेश भेजूंगा। मुझे आशा है कि आपके पास एक महान यात्रा है। अलविदा!,3,2
TOMMY, टॉमी,0,0
OK, ठीक है,2,0
james martin, जेम्स मार्टिन,0,0
ok, ठीक है,2,0
Perfect! I'd like to inform you that you've been assigned 8C which is a window seat., उत्तम! मैं आपको सूचित करना चाहता हूं कि आपको 8C दिया गया है जो एक विंडो सीट है।,3,2
HI, नमस्ते,2,0
"Nothing else, Thank you for your information. Have a nice day to chat with you. "," और कुछ नहीं, आपकी जानकारी के लिए धन्यवाद। आपके साथ चैट करने के लिए एक अच्छा दिन है।",3,0
I need to book flight ticket from tx to fl, मुझे tx से fl . के लिए फ़्लाइट टिकट बुक करने की आवश्यकता है,1,0
"Sure, but in that case, I will have to check if there is any middle seat available on your flight."," ज़रूर, लेकिन उस स्थिति में, मुझे यह देखना होगा कि क्या आपकी उड़ान में कोई बीच की सीट उपलब्ध है।",2,0
okay fine...nothing sir, ठीक है... कुछ नहीं सर,2,0
i want middle seat, मुझे बीच की सीट चाहिए,1,0
09-11-2018,09-11-2018,0,0
"Good morning! You've reached Alliance Airways Customer service, how may I help you?  "," सुबह बख़ैर! आप एलायंस एयरवेज ग्राहक सेवा तक पहुँच चुके हैं, मैं आपकी कैसे मदद कर सकता हूँ?",3,0
change my seat assignment, मेरी सीट असाइनमेंट बदलें,0,0
yes, हां,2,0
i want to travel between 23rd to 27th september, मैं 23 से 27 सितंबर के बीच यात्रा करना चाहता हूँ,1,0
" Anything else I may help you out with today?
", कुछ और मैं आज आपकी मदद कर सकता हूं?,2,0
mumbai, मुंबई,0,0
Thank you very much, आपका बहुत बहुत धन्यवाद,3,2
Hello! I'll let you know about that. May I know your full name and the booking confirmation number?, नमस्ते! मैं आपको इसके बारे में बता दूंगा। क्या मैं आपका पूरा नाम और बुकिंग पुष्टिकरण संख्या जान सकता हूँ?,3,0
nothing else, और कुछ नहीं,1,0
Hello! Good morning. You've reached LMT Airways. How may I assist you today?, नमस्ते! सुबह बख़ैर। आप एलएमटी एयरवेज पहुंच गए हैं। आज मैं आपकी मदद किस तरह कर सकता हूँ?,3,0
Good morning! You've reached Flamingo customers service. How may I help you today?, सुबह बख़ैर! आप फ्लेमिंगो ग्राहक सेवा तक पहुँच चुके हैं। आज मैं आपकी कैसे मदद कर सकता हूँ?,3,1
seat assignment, बैठने की जगह का आवंटन,0,0
kayla.oconner61@yahoo.com, kayla.oconner61@yahoo.com,2,0
TG34E2, टीजी34ई2,0,0
3 passengers as travel, यात्रा के रूप में 3 यात्री,0,0
Sure! I'd be glad to help you with that. May I know your last name please?, ज़रूर! मुझे इसमें आपकी मदद करने में खुशी होगी। क्या मैं आपका अंतिम नाम जान सकता हूँ?,3,0
"Hello there! Sky high customer services, How may I help you today?"," नमस्ते! स्काई हाई कस्टमर सर्विसेज, मैं आज आपकी कैसे मदद कर सकता हूं?",3,0
DG25Q4, DG25Q4,0,0
"Thank you Raj, please give me a minute to proceed further. "," धन्यवाद राज, कृपया मुझे आगे बढ़ने के लिए एक मिनट दें।",3,0
seat assignment, बैठने की जगह का आवंटन,0,0
Have a great day!, आपका दिन अच्छा रहे!,2,2
Alright Chandran! Could you please help me with the booking confirmation number?, ठीक है चंद्रन! क्या आप कृपया बुकिंग पुष्टिकरण संख्या के बारे में मेरी सहायता कर सकते हैं?,3,0
smith joseph, स्मिथ जोसेफ़,0,0
"Sure! I'll change that for you right away!
",ज़रूर! मैं इसे आपके लिए तुरंत बदल दूँगा!,3,0
Awesome! I've reserved the ticket for you. Could you please help me out with your email address for the confirmation link to be sent to you?,बहुत बढ़िया! मैंने आपके लिए टिकट आरक्षित कर दिया है। क्या आप कृपया अपने ईमेल पते के साथ मेरी मदद कर सकते हैं ताकि आपको पुष्टिकरण लिंक भेजा जा सके?,3,2
it's enough, बहुत हो गया,1,0
"Sure! May I know your last name?
", ज़रूर! क्या मैं आपका अंतिम नाम जान सकता हूँ?,2,0
ok, ठीक है,2,0
hi, नमस्ते,2,0
sk34s3, sk34s3,2,0
are you still there?, क्या आप अभी भी हैं?,1,0
I'd request you to please read the question and then answer?, मैं आपसे अनुरोध करता हूं कि कृपया प्रश्न को पढ़ें और फिर उत्तर दें?,3,0
Sarabia, सरबिया,0,0
A very good morning! You've reached the Moon Airways customer service. How may I help you today?, एक बहुत अच्छी सुबह! आप मून एयरवेज ग्राहक सेवा तक पहुँच चुके हैं। आज मैं आपकी कैसे मदद कर सकता हूँ?,3,2
"I apologize for the inconvenience, there's some technical glitch so the conversation has been disconnected. I hope you are still connected?","असुविधा के लिए मुझे खेद है, कुछ तकनीकी खराबी है इसलिए बातचीत काट दी गई है। मुझे आशा है कि आप अभी भी जुड़े हुए हैं?",3,1
cost $170, लागत $170,0,0
Robert321456@mail.com, रॉबर्ट321456@mail.com,0,0
"Good news! I've sent you an email attaching your boarding pass, you can download it. I hope this is useful?"," खुशखबरी! मैंने आपको आपका बोर्डिंग पास संलग्न करते हुए एक ईमेल भेजा है, आप इसे डाउनलोड कर सकते हैं। मैं उम्मीद करता हूँ यह उपयोगी है?",3,2
Hello Girija! It's my pleasure to assist you! May I know for how many passengers you've booked the tickets?, हैलो गिरिजा! आपकी सहायता करना मेरी खुशी है! क्या मैं जान सकता हूँ कि आपने कितने यात्रियों के लिए टिकट बुक किया है?,3,0
NOTHING ELSE, और कुछ नहीं,2,0
"Wonderful! Thank you so much for being patient and baring with me. I hope you have a safe journey, Have a amazing time on the fight. I hope you have a great day ahead! Goodbye."," अद्भुत! सब्र रखने और मेरे साथ बने रहने के लिए आपका बहुत-बहुत धन्यवाद। मुझे आशा है कि आपके पास एक सुरक्षित यात्रा है, लड़ाई पर एक अद्भुत समय है। मुझे आशा है कि आपके आगे एक अच्छा दिन होगा! अलविदा।",3,2
OK, ठीक है,2,0
NOTHING ELSE, और कुछ नहीं,2,0
i  want middle seat, मुझे बीच की सीट चाहिए,1,0
HARISH32@GMAIL.COM, HARISH32@GMAIL.COM,0,0
"Good morning! You've reached Alliance Airways Customer service, For sure! I'll help you with that. Could you please let me know your last name and the booking confirmation number?", सुबह बख़ैर! आप निश्चित रूप से एलायंस एयरवेज ग्राहक सेवा तक पहुँच चुके हैं! मैं इसमें आपकी मदद करूंगा। क्या आप कृपया मुझे अपना अंतिम नाम और बुकिंग पुष्टिकरण संख्या बता सकते हैं?,3,0
All right! I'll definitely check your seat assignment. I'll require your details to access your account. May I know your full name please?, ठीक है! मैं निश्चित रूप से आपके सीट असाइनमेंट की जांच करूंगा। आपके खाते तक पहुंचने के लिए मुझे आपके विवरण की आवश्यकता होगी। क्या मैं आपका पूरा नाम जान सकता हूँ?,3,0
no thanks," जी नहीं, धन्यवाद",3,1
"Hello! You've reached Alliance Indian Airlines, may I know what you'd like me to help you with?"," नमस्ते! आप एलायंस इंडियन एयरलाइंस पहुंच गए हैं, क्या मैं जान सकता हूं कि आप मुझसे क्या मदद चाहते हैं?",3,0
"Great! Thank you for visiting us, wish to serve you again. Have an amazing flight!"," महान! हमारे पास आने के लिए धन्यवाद, मैं फिर से आपकी सेवा करना चाहता हूं। एक अद्भुत उड़ान लो!",3,2
*sorry NFE970 make a change, *क्षमा करें NFE970 बदलाव करें,2,0
DIVYA, दिव्या,0,0
Oh great..Could you change it to middle seat. I don't want window seat, ओह बढ़िया..क्या आप इसे बीच की सीट पर बदल सकते हैं। मुझे विंडो सीट नहीं चाहिए,3,0
sorry.I Want to change my seat.,माफ़ करना।मैं अपनी सीट बदलना चाहता हूँ।,3,1
"yes, i need my boarding pass. please send me my phone number."," हाँ, मुझे अपना बोर्डिंग पास चाहिए। कृपया मुझे मेरा फोन नंबर भेजें।",2,0
a4g4f3, a4g4f3,0,0
RAMYA AND RAMYA157@GMAIL.COM, राम्या और RAMYA157@GMAIL.COM,0,0
"Thank You! May I also know the 6 chartered booking confirmation number?
", धन्यवाद! क्या मैं 6 चार्टर्ड बुकिंग पुष्टिकरण संख्या भी जान सकता हूँ?,3,0
"As I've checked with the resources, I see that the seat allotted to you is the window seat which is S3."," जैसा कि मैंने संसाधनों के साथ जाँच की है, मैंने देखा कि आपको आवंटित सीट विंडो सीट है जो S3 है।",2,0
That's perfect! Please give me a minute to check the seat number., यह बिल्कुल सही है! कृपया मुझे सीट संख्या जांचने के लिए एक मिनट दें।,3,2
"Sure! May I know your last name?
", ज़रूर! क्या मैं आपका अंतिम नाम जान सकता हूँ?,2,0
saman, समन,0,0
"Perfect! I'd like to inform you that the seat assigned to you is 7C which is a window seat, are you okay with it? "," उत्तम! मैं आपको सूचित करना चाहता हूं कि आपको जो सीट दी गई है वह 7C है जो एक विंडो सीट है, क्या आप इसके साथ ठीक हैं?",3,2
KANI, कनि,0,0
Can you please change to window seat?, क्या आप कृपया विंडो सीट में बदलाव कर सकते हैं?,3,0
yes, हां,2,0
"I'm glad that was helpful, thank you for reaching out to us. Have a great day ahead and happy traveling! "," मुझे खुशी है कि यह मददगार था, हमसे संपर्क करने के लिए धन्यवाद। आगे का दिन अच्छा हो और यात्रा सुखद हो!",3,2
I want check my seat assignment, मुझे अपना सीट असाइनमेंट चेक करना है,2,0
2,2,0,0
sorry for the wrong information, गलत जानकारी के लिए खेद है,2,0
"As I've checked with the resources, I see that the seat allotted to you is the window seat which is G3. "," जैसा कि मैंने संसाधनों की जांच की है, मैंने देखा है कि आपको आवंटित सीट विंडो सीट है जो G3 है।",2,0
Jilly Jacob, जीली जैकब,0,0
yes, हां,2,0
BYE, अलविदा,2,0
"Perfect! You'll soon be receiving a mail with your boarding pass attachment you can download it through that, anything else I may help you in?
"," उत्तम! आपको जल्द ही अपने बोर्डिंग पास अटैचमेंट के साथ एक मेल प्राप्त होगा जिसे आप उसके माध्यम से डाउनलोड कर सकते हैं, और क्या मैं आपकी मदद कर सकता हूँ?",2,2
"Okay we have 6A available, would you like to take that? "," ठीक है हमारे पास 6A उपलब्ध है, क्या आप इसे लेना चाहेंगे?",3,0
NAGAMITHRA, नागमित्र:,0,0
Great! Is there anything else that I may help you with?, महान! क्या कुछ और है जिसमें मैं आपकी मदद कर सकता हूं?,3,2
Hello, नमस्ते,2,0
Fantastic! Your tickets have been confirmed and you'll be receiving a confirmation mail with the link to make the payment. Is there anything else I might help you with?, ज़बरदस्त! आपके टिकटों की पुष्टि हो गई है और आपको भुगतान करने के लिए लिंक के साथ एक पुष्टिकरण मेल प्राप्त होगा। क्या कुछ और है जिसमें मैं आपकी मदद कर सकता हूं?,3,2
Fantastic! Please give me a moment to check., ज़बरदस्त! कृपया मुझे जांचने के लिए एक क्षण दें।,3,2
"Amazing! As I've checked with my resources, You've been assigned a window seat and your seat number is T16. I hope that is useful?"," अद्भुत! जैसा कि मैंने अपने संसाधनों के साथ जाँच की है, आपको एक विंडो सीट दी गई है और आपकी सीट संख्या T16 है। मुझे आशा है कि यह उपयोगी है?",3,1
Yes thanks, हाँ धन्यवाद,3,2
my name is mani,मेरा नाम मणि है,1,0
THANK YOU SO MUCH,आपका बहुत-बहुत धन्यवाद,3,2
Thank you for staying on hold. I appreciate your patience. Your seat number is D5 and it is a aisle. Is there anything else I might help you with?, रुके रहने के लिए धन्यवाद। मैं आपके धैर्य की सराहना करता हूँ। आपकी सीट संख्या D5 है और यह एक गलियारा है। क्या कुछ और है जिसमें मैं आपकी मदद कर सकता हूं?,3,2
Thanks Shri! May I please know your booking confirmation number?, धन्यवाद श्री! क्या मैं कृपया आपकी बुकिंग पुष्टिकरण संख्या जान सकता हूँ?,3,2
hi, नमस्ते,2,0
VC67SW, VC67SW,0,0
867530,867530,0,0
no thanks," जी नहीं, धन्यवाद",3,1
yaaa sure my name santhose and my confirmation num is 333rrr," हां, मेरा नाम संथोस है और मेरा कन्फर्मेशन नंबर 333rrrr है",2,0
ok, ठीक है,2,0
ok mam, ठीक है माँ,2,0
may i know my sheat number, क्या मैं अपना शीट नंबर जान सकता हूँ?,2,0
Great! Would there be anything else that I may help you with?, महान! क्या कुछ और होगा जिसमें मैं आपकी मदद कर सकूं?,3,2
"I appreciate your patience, Your boarding pass will be sent to your email address very soon. Is there anything else that I  may help you with?"," मैं आपके धैर्य की सराहना करता हूं, आपका बोर्डिंग पास बहुत जल्द आपके ईमेल पते पर भेज दिया जाएगा। क्या कुछ और है जिसमें मैं आपकी मदद कर सकता हूं?",3,2
rifaka67@gmail.com  876 345 6750, rifaka67@gmail.com 876 345 6750,2,0
"I need to change my Seating Assignment, can you help me how to change it ?"," मुझे अपना सीटिंग असाइनमेंट बदलना है, क्या आप इसे बदलने में मेरी मदद कर सकते हैं?",3,0
Superb! Thanks! It was my pleasure assisting a customer like you. Is there anything else I may help you with?, शानदार! धन्यवाद! आप जैसे ग्राहक की सहायता करना मेरे लिए खुशी की बात थी। क्या कुछ और है जिसमें मैं आपकी मदद कर सकता हूं?,3,2
Please do reach out to us in case of any queries. Have a great day and a safe journey!, कृपया किसी भी प्रश्न के मामले में हमसे संपर्क करें। आपका दिन शुभ हो और सुरक्षित यात्रा हो!,3,2
bye, अलविदा,2,0
ok, ठीक है,2,0
"Sure, we are here to help you. Please help me with your last name and the booking confirmation number."," ज़रूर, हम आपकी मदद करने के लिए यहाँ हैं। कृपया अपने अंतिम नाम और बुकिंग पुष्टिकरण संख्या के साथ मेरी मदद करें।",3,0
"Sure, give me a minute to check the flights"," ज़रूर, मुझे फ़्लाइट चेक करने के लिए एक मिनट का समय दें",2,0
Thanks Sam! Please allow me a moment to check the details and get back to you., धन्यवाद सैम! कृपया मुझे विवरणों की जांच करने और आपसे संपर्क करने के लिए कुछ समय दें।,3,2
My name is Sanjeev Ganesh, मेरा नाम संजीव गणेश है,2,0
Glad to help you today. Please go through this website: www.pilotairlines.com in case of any query and help us help you. Good day!, आज आपकी मदद करके खुशी हुई। कृपया इस वेबसाइट को देखें: www.pilotairlines.com किसी भी प्रश्न के मामले में और आपकी सहायता करने में हमारी सहायता करें। अच्छा दिन!,3,2
"And, your contact  number would be?","और, आपका संपर्क नंबर होगा?",1,0
"Nothing else, Thank you for your Booking. Have a nice day to chat with you. "," और कुछ नहीं, आपकी बुकिंग के लिए धन्यवाद। आपके साथ चैट करने के लिए एक अच्छा दिन है।",3,0
"I hope you have a great day ahead. Goodbye!
", मुझे आशा है कि आपके लिए आगे एक अच्छा दिन होगा। अलविदा!,3,2
hi, नमस्ते,2,0
Smith, लोहार,0,0
Hello! Good morning. You've reached LMT airways. How may I help you?, नमस्ते! सुबह बख़ैर। आप एलएमटी एयरवेज पर पहुंच गए हैं। क्या मेरे द्वारा आपकी कोई सहायता हो सकती है?,3,0
"Good morning! You've reached Alliance Indian Airlines, how may I help you today?"," सुबह बख़ैर! आप एलायंस इंडियन एयरलाइंस पहुंच गए हैं, मैं आज आपकी कैसे मदद कर सकता हूं?",3,0
thank you, धन्यवाद,2,2
Perfect! Could you please share your booking confirmation number?, उत्तम! क्या आप कृपया अपनी बुकिंग पुष्टिकरण संख्या साझा कर सकते हैं?,3,2
"Okay! Thanks for reaching out to us, hope you have a wonderful trip ahead. Goodbye!"," ठीक! हमसे संपर्क करने के लिए धन्यवाद, आशा है कि आपकी आगे की यात्रा शानदार रही होगी। अलविदा!",3,2
You're always welcome! Have a great day ahead and a safe journey! It was a pleasure assisting you., आपका हमेशा स्वागत है! आगे का दिन अच्छा हो और सुरक्षित यात्रा हो! आपकी सहायता करना खुशी की बात थी।,3,2
Thanks! I'd like to inform you that the boarding pass has been sent to your email address., धन्यवाद! मैं आपको सूचित करना चाहता हूं कि बोर्डिंग पास आपके ईमेल पते पर भेज दिया गया है।,3,0
It is YG8546, यह YG8546 . है,0,0
hmm.k., हम्म.के.,2,0
I WANTS TO CHANGE MY SEAT, मैं अपनी सीट बदलना चाहता हूँ,2,1
I'm glad I was of help! Hope you have a great trip ahead!, मुझे खुशी है कि मैं मददगार था! आशा है कि आपकी आगे की यात्रा अच्छी होगी!,3,2
Alright! The flights from Delta and Alaska are available. Which one would you prefer?, ठीक है! डेल्टा और अलास्का से उड़ानें उपलब्ध हैं। आप कौन सा पसंद करेंगे?,3,0
Great! May I know the preferred that date of your travel?, महान! क्या मैं आपकी यात्रा की पसंदीदा तारीख जान सकता हूँ?,3,2
seat assignment and decide to change it., सीट असाइनमेंट और इसे बदलने का फैसला करें।,0,0
"Fantastic! Here's your seat number K17 which is a middle seat, Is that okay for you?"," ज़बरदस्त! ये रहा आपकी सीट नंबर K17 जो बीच की सीट है, क्या यह आपके लिए ठीक है?",3,2
Moreno, मोरेनो,1,0
"Perfect! Lastly, may I please know your email address to which you'd like me to send the boarding pass?"," उत्तम! अंत में, क्या मैं आपका ईमेल पता जान सकता हूँ जिस पर आप मुझे बोर्डिंग पास भेजना चाहते हैं?",3,0
"Sure! I'll certainly help you out in this regards, May I know your full name please?"," ज़रूर! मैं निश्चित रूप से इस संबंध में आपकी मदद करूंगा, क्या मैं आपका पूरा नाम जान सकता हूं?",3,0
sorry khm765, क्षमा करें khm765,2,0
"And, your booking confirmation number would be?"," और, आपकी बुकिंग पुष्टिकरण संख्या होगी?",2,0
"Thank you! The seat number allotted to you is 25A. It's a window seat.
", आपको धन्यवाद! आपको आवंटित सीट संख्या 25A है। यह एक विंडो सीट है।,3,0
Could you also help me with your email address?, क्या आप अपने ईमेल पते में भी मेरी मदद कर सकते हैं?,3,0
Sure., ज़रूर।,2,0
"Perfect! I see that there is an early morning flight operated by Emirates EA112 at a cost of $230. It departs at 7:AM and arrives at 11:30AM.
", उत्तम! मैं देखता हूं कि एमिरेट्स ईए112 द्वारा $230 की लागत से संचालित एक सुबह की उड़ान है। यह सुबह 7 बजे छूटती है और 11:30 बजे आती है।,2,2
PLEASE SENT ME A BOARDING PASS TO MAIL OR MY PHONE NUMBER, कृपया मुझे मेल या मेरे फोन नंबर पर एक बोर्डिंग पास भेजें,3,0
sure, ज़रूर,2,0
"Hey there, Good morning! You'v reached Jet fly customer service! You're connected to Sam! I'd be glad to assist you today!"," अरे वहाँ, सुप्रभात! आप जेट फ्लाई ग्राहक सेवा तक पहुँच चुके हैं! आप सैम से जुड़े हुए हैं! मुझे आज आपकी सहायता करने में खुशी होगी!",3,2
Okay thank you, ठीक है धन्यवाद,3,2
123abc, 123abc,0,0
"Perfect! Thank you for the details. Could you please allow me for a moment, while I get this done for you?","उत्तम! विवरण के लिए धन्यवाद। क्या आप कृपया मुझे एक पल के लिए अनुमति दे सकते हैं, जबकि मैं यह आपके लिए करवाता हूं?",3,2
Great! When are you travelling?, महान! आप कब यात्रा कर रहे हैं?,3,2
stephen, स्टीफ़न,0,0
hi, नमस्ते,2,0
Great! You'll soon be receiving a mail with a link through which you'll be able to make the payment and then confirm your flight tickets. Anything else I may help you in?, महान! आपको जल्द ही एक लिंक के साथ एक मेल प्राप्त होगा जिसके माध्यम से आप भुगतान कर सकेंगे और फिर अपनी उड़ान टिकटों की पुष्टि कर सकेंगे। कुछ और मैं आपकी मदद कर सकता हूँ?,3,2
sure..amruth prabhu..FGU379, ज़रूर..अमृत प्रभु..FGU379,2,0
Great! May I confirm if all your questions have been answered for the day?,महान! क्या मैं पुष्टि कर सकता हूँ कि क्या उस दिन के लिए आपके सभी प्रश्नों का उत्तर दे दिया गया है?,3,2
"Good news! I've send you the boarding pass through message on the given contact number, I hope this is useful?"," खुशखबरी! मैंने आपको दिए गए संपर्क नंबर पर संदेश के माध्यम से बोर्डिंग पास भेज दिया है, मुझे आशा है कि यह उपयोगी है?",3,2
No problem at all. I've made the necessary changes and your seat number is A9. I hope that all your queries are cleared?, बिल्कुल भी परेशानी नहीं है। मैंने आवश्यक परिवर्तन कर दिए हैं और आपकी सीट संख्या A9 है। मुझे आशा है कि आपके सभी प्रश्नों का समाधान हो गया होगा?,3,2
Superb! It was my pleasure assisting you! Thank you so much for reaching out to us! I hope I've resolved all your queries! Happy journey! Just enjoy our services! Have a great day! Bubye! :), शानदार! आपकी सहायता करना मेरी खुशी थी! हमसे संपर्क करने के लिए आपका बहुत-बहुत धन्यवाद! मुझे आशा है कि मैंने आपके सभी प्रश्नों का समाधान कर दिया है! शुभ यात्रा! बस हमारी सेवाओं का आनंद लें! आपका दिन अच्छा रहे! बूबी! :),3,2
my seat assignment, मेरी सीट असाइनमेंट,1,0
I need your help to book a flight ticket in Air USA, एयर यूएसए में फ्लाइट टिकट बुक करने के लिए मुझे आपकी मदद चाहिए,1,0
ok bye, चलो बाय,2,0
thank you for your help,आपके सहयोग के लिए धन्यवाद,3,2
NO THANKS," जी नहीं, धन्यवाद",3,1
Good Morning Casey, गुड मॉर्निंग केसी,3,0
no, नहीं,1,1
NO THANKS," जी नहीं, धन्यवाद",3,1
"Good news! You must be the luckiest one, I've found the best middle seat for you and there's only one middle seat. That's 8LM, should I confirm the seat for you?"," खुशखबरी! आप सबसे भाग्यशाली होंगे, मैंने आपके लिए सबसे अच्छी बीच की सीट ढूंढी है और बीच में केवल एक सीट है। वह 8LM है, क्या मुझे आपके लिए सीट की पुष्टि करनी चाहिए?",3,2
Yes! Sure! I'll do that. No problem. Just give me a moment., हाँ! ज़रूर! मैं ऐसा करूंगा। कोई बात नहीं। बस मुझे एक पल दो।,2,0
I'll do that for you! Could you please help me out with your email address?, मैं तुम्हारे लिए यह करूँगा! क्या आप कृपया अपने ईमेल पते के साथ मेरी मदद कर सकते हैं?,3,0
septemper 5 2018, सितम्बर 5 2018,0,0
"Thanks a ton for waiting, I've checked with my system, you are allotted an aisle seat and you are seat number is U6. I hope that is okay?"," प्रतीक्षा करने के लिए एक टन धन्यवाद, मैंने अपने सिस्टम से जांच की है, आपको एक गलियारा सीट आवंटित की गई है और आप सीट संख्या यू 6 हैं। मुझे आशा है कि यह ठीक है?",3,2
Goodbye!, अलविदा!,2,0
"Hello there, how may I assist you today?
"," नमस्ते, मैं आज आपकी कैसे सहायता कर सकता हूँ?",3,0
bye, अलविदा,2,0
my name is mahesh, मेरा नाम महेश है,1,0
"temmink@optonline.net
", temmink@optonline.net,2,0
"Sure! I'll help you in getting that done. May I know the departure and arrival cities?
", ज़रूर! इसे पूरा करने में मैं आपकी मदद करूंगा। क्या मैं प्रस्थान और आगमन शहरों को जान सकता हूँ?,3,0
Thank you for waiting. Your patience is greatly appreciated. Your seat number is B3 and it is an aisle. Is there anything else I might help you with?, प्रतीक्षा के लिए धन्यवाद। आपके धैर्य की बहुत सराहना की जाती है। आपकी सीट संख्या B3 है और यह एक गलियारा है। क्या कुछ और है जिसमें मैं आपकी मदद कर सकता हूं?,3,2
hi drew, हाय आकर्षित,3,0
Perfect. Thanks for your help. Much appreciated., उत्तम। आपकी सहायता के लिए धन्यवाद. बहुत सराहना की।,3,2
Surely you can check the mail but I'd like to inform you that the email will reflect in your inbox within next 30 min., निश्चित रूप से आप मेल की जांच कर सकते हैं लेकिन मैं आपको सूचित करना चाहता हूं कि ईमेल अगले 30 मिनट के भीतर आपके इनबॉक्स में दिखाई देगा।,2,1
Sure! I'll help you with that. May I know your last name please?, ज़रूर! मैं इसमें आपकी मदद करूंगा। क्या मैं आपका अंतिम नाम जान सकता हूँ?,3,0
"Christine smith, KD9435"," क्रिस्टीन स्मिथ, KD9435",0,0
Thanks! I would like to inform you that the boarding pass has been successfully mailed to your email address., धन्यवाद! मैं आपको सूचित करना चाहता हूं कि बोर्डिंग पास सफलतापूर्वक आपके ईमेल पते पर भेज दिया गया है।,3,2
"Hello there good evening! Sky high customer services, How may I help you today?
"," नमस्ते वहाँ शुभ संध्या! स्काई हाई कस्टमर सर्विसेज, मैं आज आपकी कैसे मदद कर सकता हूं?",3,0
Perfect! Is there any specific class you'd like to travel along?, उत्तम! क्या कोई विशिष्ट वर्ग है जिसके साथ आप यात्रा करना चाहेंगे?,2,2
hai, हाय,2,0
yes, हां,2,0
tharun., थारुन,0,0
"Sure! I'll be glad to help you in knowing your seating arrangement, may I please know your last name?","ज़रूर! आपके बैठने की व्यवस्था को जानने में आपकी मदद करने में मुझे खुशी होगी, क्या मैं आपका अंतिम नाम जान सकता हूँ?",3,0
hai, हाय,2,0
"Perfect! Thank you for that. Could you please allow me for a minute or two, while I quickly get this done for you?"," उत्तम! उसके लिये आपका धन्यवाद। क्या आप कृपया मुझे एक या दो मिनट के लिए अनुमति दे सकते हैं, जबकि मैं आपके लिए यह जल्दी से कर देता हूँ?",3,2
check my seat arrangemewnt, मेरी सीट की व्यवस्था की जाँच करें,2,0
HELAN, हेलन,0,0
thank you, धन्यवाद,2,2
Fantastic! Thank you for reaching out to us. Have a great journey. Bye., ज़बरदस्त! हमसे संपर्क की पहल के लिए आपका धन्यवाद। शानदार यात्रा करें। अलविदा।,3,2
seat assignment and decide to change, सीट असाइनमेंट और बदलने का फैसला,0,0
stephengeorge2011@reddiffmail.com, stephengeorge2011@reddiffmail.com,0,0
"Sure!! I'll surely send your boarding pass, May I know your full name please?"," ज़रूर!! मैं आपका बोर्डिंग पास जरूर भेजूंगा, क्या मैं आपका पूरा नाम जान सकता हूं?",3,0
hi, नमस्ते,2,0
HAI, हाई,2,0
Hello! Welcome to Sky High Travels! How may I help you?, नमस्ते! स्काई हाई ट्रेवल्स में आपका स्वागत है! क्या मेरे द्वारा आपकी कोई सहायता हो सकती है?,3,0
check my seat assignment, मेरी सीट असाइनमेंट की जाँच करें,2,0
"That's great, sure."," यह बढ़िया है, ज़रूर।",2,2
Perfect! Please allow me a moment to check the details and process your request., उत्तम! कृपया मुझे विवरणों की जांच करने और आपके अनुरोध को संसाधित करने के लिए कुछ समय दें।,3,2
ok, ठीक है,2,0
"Awesome! Thanks for reaching out to us, hope you have a wonderful trip ahead. "," बहुत बढ़िया! हमसे संपर्क करने के लिए धन्यवाद, आशा है कि आपकी आगे की यात्रा शानदार रही होगी।",3,2
ok, ठीक है,2,0
Good morning! You've reached Flamingo customers service. How may I help you today?, सुबह बख़ैर! आप फ्लेमिंगो ग्राहक सेवा तक पहुँच चुके हैं। आज मैं आपकी कैसे मदद कर सकता हूँ?,3,1
"Good news! There's only one middle seat available for you, that's M14. Should I go ahead and confirm the seat for you?"," खुशखबरी! आपके लिए केवल एक बीच की सीट उपलब्ध है, वह है M14। क्या मुझे आगे बढ़कर आपके लिए सीट की पुष्टि करनी चाहिए?",3,2
Could you please help me with the date on which you'd like to travel? And also would you prefer a morning flight or an afternoon flight?," जिस तारीख को आप यात्रा करना चाहते हैं, क्या आप कृपया मेरी मदद कर सकते हैं? और क्या आप सुबह की उड़ान या दोपहर की उड़ान भी पसंद करेंगे?",3,0
Please do reach out to us in case of any queries. Have a great day and a safe journey., कृपया किसी भी प्रश्न के मामले में हमसे संपर्क करें। आपका दिन मंगलमय हो और सुरक्षित यात्रा हो।,3,2
"Thank you for choosing us, we are always here to help you. Have an amazing day!"," हमें चुनने के लिए धन्यवाद, हम हमेशा आपकी मदद के लिए यहां हैं। आपका दिन सुखद हो!",3,2
ok thanks, ठीक है धन्यवाद,3,0
Hello! Welcome to Air USA! How may I help you today?, नमस्ते! एयर यूएसए में आपका स्वागत है! आज मैं आपकी कैसे मदद कर सकता हूँ?,3,0
"A very good morning! Welcome to Alliance Air customer service, how may I help you today?"," एक बहुत अच्छी सुबह! एलायंस एयर ग्राहक सेवा में आपका स्वागत है, मैं आज आपकी कैसे मदद कर सकता हूं?",3,2
i want to know my seat no, मुझे अपना सीट नंबर जानना है,2,0
Sure! I'll help you with that. May I know your last name please?, ज़रूर! मैं इसमें आपकी मदद करूंगा। क्या मैं आपका अंतिम नाम जान सकता हूँ?,3,0
Fantastic! I see that Mr.Alvins your seat number for your flight is G12 and it is window seat. Would that be okay?,ज़बरदस्त! मैं देख रहा हूँ कि मिस्टर एल्विंस आपकी उड़ान के लिए आपकी सीट संख्या G12 है और यह विंडो सीट है। क्या यह ठीक रहेगा?,3,2
Yes. Please!, हाँ। कृप्या!,2,0
hai, हाय,2,0
"Nothing else, Thank you for your information. Have a nice day to chat with you. "," और कुछ नहीं, आपकी जानकारी के लिए धन्यवाद। आपके साथ चैट करने के लिए एक अच्छा दिन है।",3,0
I'll help you out with that. May I know the departure city and the arrival city?, मैं इसमें आपकी मदद करूंगा। क्या मैं प्रस्थान शहर और आगमन शहर को जान सकता हूँ?,3,0
7550318390,7550318390,0,0
"Sure! I'll be able to help you in knowing your seat arrangement, may I please know your last name and the booking confirmation number?"," ज़रूर! मैं आपकी सीट की व्यवस्था जानने में आपकी मदद कर सकता हूँ, क्या मैं आपका अंतिम नाम और बुकिंग पुष्टिकरण संख्या जान सकता हूँ?",3,0
ok, ठीक है,2,0
Thank you for staying connected. As per the confirmation number you're assigned to the seat Y8 which is an aisle seat. Would you like that?, जुड़े रहने के लिए धन्यवाद। पुष्टिकरण संख्या के अनुसार आपको सीट Y8 को सौंपा गया है जो कि एक गलियारा सीट है। क्या तुम वह पसंद करोगी?,3,0
Mumbai to chennai, मुंबई से चेन्नई,0,0
check my seat assignment, मेरी सीट असाइनमेंट की जाँच करें,2,0
Thank you so much.. Have a great day... Bye, बहुत बहुत धन्यवाद.. आपका दिन शुभ हो... अलविदा,3,2
no thanks," जी नहीं, धन्यवाद",3,1
HI, नमस्ते,2,0
On which name would you like to book the tickets? And also please provide the email address?, आप किस नाम से टिकट बुक करना चाहेंगे? और कृपया ईमेल पता भी प्रदान करें?,3,0
Great! Let me know if there be anything else that I may help you with., महान! मुझे बताएं कि क्या कुछ और है जिसमें मैं आपकी मदद कर सकता हूं।,3,2
"Thank you! The seat number allotted to you is 25A. It's a window seat.
", आपको धन्यवाद! आपको आवंटित सीट संख्या 25A है। यह एक विंडो सीट है।,3,0
"Nothing else, Thank you for your Booking. Have a nice day to chat with you. "," और कुछ नहीं, आपकी बुकिंग के लिए धन्यवाद। आपके साथ चैट करने के लिए एक अच्छा दिन है।",3,0
Pleasure is mine. Please feel free to reach out to us for further queries. Have a great journey. Bye., मेरा सौभाग्य है। कृपया आगे के प्रश्नों के लिए हमसे बेझिझक संपर्क करें। शानदार यात्रा करें। अलविदा।,3,2
Awesome! Let me check the best available middle seats for you., बहुत बढ़िया! मुझे आपके लिए उपलब्ध सर्वोत्तम मध्य सीटों की जाँच करने दें।,3,2
Which one would you like to travel along?, आप किसके साथ यात्रा करना चाहेंगे?,3,0
Absolutely! Could you please help me with your last name and your booking confirmation number?, बिल्कुल! क्या आप कृपया अपने अंतिम नाम और अपनी बुकिंग पुष्टिकरण संख्या के साथ मेरी मदद कर सकते हैं?,3,0
Superb! You'd be receiving the boarding pass in a couple of days. Is there anything else that I may help you with?,शानदार! आपको एक दो दिनों में बोर्डिंग पास प्राप्त हो जाएगा। क्या कुछ और है जिसमें मैं आपकी मदद कर सकता हूं?,3,2
joseph, जोसफ,0,0
"I'm glad that was helpful, thank you for reaching out to us. Have a great day ahead and happy traveling! "," मुझे खुशी है कि यह मददगार था, हमसे संपर्क करने के लिए धन्यवाद। आगे का दिन अच्छा हो और यात्रा सुखद हो!",3,2
"I'm glad that was helpful, thank you for reaching out to us. Have a great day ahead and happy traveling! "," मुझे खुशी है कि यह मददगार था, हमसे संपर्क करने के लिए धन्यवाद। आगे का दिन अच्छा हो और यात्रा सुखद हो!",3,2
hi, नमस्ते,2,0
okay, ठीक है,2,0
"Hello! Good Morning. Welcome to ""Flyhigh Airlines"". How may I help you?"," नमस्ते! शुभ प्रभात। ""फ्लाईहाई एयरलाइंस"" में आपका स्वागत है। क्या मेरे द्वारा आपकी कोई सहायता हो सकती है?",3,0
boarding pass to be sent to your email address or phone number., बोर्डिंग पास आपके ईमेल पते या फोन नंबर पर भेजा जाना है।,1,0
OK THANK YOU, ठीक है धन्यवाद,3,2
hello there, नमस्ते,2,0
I NEED CHECK MU SEAT ASSIGNMENT, मुझे एमयू सीट असाइनमेंट की जांच की आवश्यकता है,1,0
"Sure, I'll help you get that as well. Could you please hold on for a minute?"," ज़रूर, मैं उसे पाने में भी आपकी मदद करूँगा। क्या आप कृपया एक मिनट के लिए रुक सकते हैं?",3,0
hai, हाय,2,0
yes, हां,2,0
Great! Would there be anything else that I may help you with?, महान! क्या कुछ और होगा जिसमें मैं आपकी मदद कर सकूं?,3,2
ok sure,यकीनन ठीक,2,0
NOTHING ELSE, और कुछ नहीं,2,0
"Alright! I'll be glad to help, may I please know the last name and booking confirmation number?"," ठीक है! मुझे मदद करने में खुशी होगी, क्या मैं कृपया अंतिम नाम और बुकिंग पुष्टिकरण संख्या जान सकता हूं?",3,0
Alright Porter! Could you help me with the booking confirmation number please?, ठीक है पोर्टर! क्या आप कृपया बुकिंग पुष्टिकरण संख्या के साथ मेरी मदद कर सकते हैं?,3,0
Anyways to change seat?, वैसे भी सीट बदलने के लिए?,0,0
no thanks," जी नहीं, धन्यवाद",3,1
"Sorry to keep you waiting, I've checked the details and found that your seat number is 5D it is a middle row seat, is that okay?","आपको प्रतीक्षा करने के लिए क्षमा करें, मैंने विवरण की जाँच की है और पाया है कि आपकी सीट संख्या 5D है, यह एक मध्य पंक्ति की सीट है, क्या यह ठीक है?",3,0
thank you so much, आपका बहुत-बहुत धन्यवाद,3,2
Cool! Please allow me a moment while I check the seat that has been allotted to you., ठंडा! कृपया मुझे एक क्षण की अनुमति दें जब तक कि मैं आपको आवंटित सीट की जांच कर लूं।,3,0
HI, नमस्ते,2,0
rajan jk25c1, राजन jk25c1,2,0
"Alright! Allow me a moment, I'll check for that availability and get back to your."," ठीक है! मुझे एक क्षण दें, मैं उस उपलब्धता की जांच करूंगा और आपके पास वापस आऊंगा।",2,0
May I know your full name please?, क्या मैं आपका पूरा नाम जान सकता हूँ?,3,0
You're most welcome! Thank you for contacting us! Have a safe journey!, आपका स्वागत है! हमसे संपर्क करने के लिए धन्यवाद! आपकी यात्रा सुरक्षित हो!,3,2
Thank you for sharing the details. Could you please help me with your phone number or the email address to send a copy of the boarding pass?, विवरण साझा करने के लिए धन्यवाद। क्या आप बोर्डिंग पास की एक प्रति भेजने के लिए कृपया अपने फोन नंबर या ईमेल पते के साथ मेरी मदद कर सकते हैं?,3,0
"Yes it is, that sounds great!"," हाँ यह है, यह बहुत अच्छा लगता है!",2,2
ok, ठीक है,2,0
A very good morning! You've reached the Moon Airways customer service. How may I help you today?, एक बहुत अच्छी सुबह! आप मून एयरवेज ग्राहक सेवा तक पहुँच चुके हैं। आज मैं आपकी कैसे मदद कर सकता हूँ?,3,2
The first week in October. So anywhere from October 1 through October 7th, अक्टूबर का पहला सप्ताह। तो 1 अक्टूबर से 7 अक्टूबर तक कहीं भी,2,0
Thank you! Your boarding pass will be sent to your email address at the earliest. May I confirm if all your questions have been answered for the day?, आपको धन्यवाद! आपका बोर्डिंग पास जल्द से जल्द आपके ईमेल पते पर भेज दिया जाएगा। क्या मैं पुष्टि कर सकता हूँ कि क्या उस दिन के लिए आपके सभी प्रश्नों का उत्तर दे दिया गया है?,3,0
Thank you! Please allow me a moment to check the details and get back to you., आपको धन्यवाद! कृपया मुझे विवरणों की जांच करने और आपसे संपर्क करने के लिए कुछ समय दें।,3,0
lobasico01@gmail.com is the correct, lobasico01@gmail.com सही है,0,0
hi, नमस्ते,2,0
1,1,0,0
"Thanks for your patience, I've checked the details and you have been allotted seat 12A it is an aisle seat, is that okay?"," आपके धैर्य के लिए धन्यवाद, मैंने विवरण की जांच की है और आपको सीट 12ए आवंटित की गई है यह एक गलियारा सीट है, क्या यह ठीक है?",3,2
Thank you very much, आपका बहुत बहुत धन्यवाद,3,2
thank you, धन्यवाद,2,2
Okay, ठीक,2,2
Thank you for your patience. As per the confirmation number. You're assigned a window seat which is T9. Would you like to make any changes to that?,आपके धैर्य के लिए धन्यवाद। पुष्टिकरण संख्या के अनुसार। आपको एक विंडो सीट दी गई है जो T9 है। क्या आप इसमें कोई बदलाव करना चाहेंगे?,3,2
Absolutely! I'll be glad to help you with it. Please may I know your name?,बिल्कुल! मुझे इसमें आपकी मदद करने में खुशी होगी। कृपया क्या मैं आपका नाम जान सकता हूँ?,3,2
no need, कोई ज़रुरत नहीं है,1,0
That's great. May I know how may I help you?, एक दम बढ़िया। क्या मैं जान सकता हूँ कि मैं आपकी कैसे मदद कर सकता हूँ?,3,2
"Thank you Smith, Please give me a minute to check the seats assigned to you. "," धन्यवाद स्मिथ, आपको दी गई सीटों की जांच करने के लिए कृपया मुझे एक मिनट दें।",3,0
"yes,book tickets"," हाँ, टिकट बुक करें",2,0
"Good news! There's Aisle seat PH4 available for you, will that be fine for you? "," खुशखबरी! आपके लिए ऐज़ल सीट PH4 उपलब्ध है, क्या यह आपके लिए ठीक रहेगा?",3,2
Hello! Welcome to Air USA! How may I help you today?, नमस्ते! एयर यूएसए में आपका स्वागत है! आज मैं आपकी कैसे मदद कर सकता हूँ?,3,0
A very good morning! You've reached the Moon Airways customer service. How may I help you today?, एक बहुत अच्छी सुबह! आप मून एयरवेज ग्राहक सेवा तक पहुँच चुके हैं। आज मैं आपकी कैसे मदद कर सकता हूँ?,3,2
"May I know your phone number to process the request.
", क्या मैं अनुरोध को संसाधित करने के लिए आपका फ़ोन नंबर जान सकता हूँ।,2,0
"Thanks for waiting, Your seat number is 4D and it is a middle row seat, is that okay?"," प्रतीक्षा करने के लिए धन्यवाद, आपकी सीट संख्या 4D है और यह मध्य पंक्ति की सीट है, क्या यह ठीक है?",3,0
phanu g58j36, फानू जी58जे36,0,0
hai, हाय,2,0
"Hello Spencer, Good Morning, I need to Check my seat "," हैलो स्पेंसर, सुप्रभात, मुझे अपनी सीट जांचनी है",3,0
Thanks Meenakshi! Could you please let me know your booking confirmation number?, धन्यवाद मीनाक्षी! क्या आप कृपया मुझे अपनी बुकिंग पुष्टिकरण संख्या बता सकते हैं?,3,2
GFJ683, जीएफजे683,0,0
But you've mentioned in your message that you'd like to change your seat right?, लेकिन आपने अपने संदेश में उल्लेख किया है कि आप अपनी सीट बदलना चाहेंगे?,2,0
NO THANKS," जी नहीं, धन्यवाद",3,1
Alright! Would there be anything else I may help you with?, ठीक है! क्या कुछ और होगा जिसमें मैं आपकी मदद कर सकूं?,2,0
Hello! You've been connected to StarAirwyas. How may I assist you?, नमस्ते! आप StarAirwyas से जुड़ चुके हैं। मैं आपकी कैसे सहायता कर सकता हूँ?,3,0
Sure thing! I'll be happy to help you get that. May I know your last name and your booking confirmation number?, अवश्य! मुझे इसे हासिल करने में आपकी मदद करने में खुशी होगी। क्या मैं आपका अंतिम नाम और आपकी बुकिंग पुष्टिकरण संख्या जान सकता हूँ?,3,2
"I really appreciate for your patience, there's PH 6 (Middle) seat assigned to you. "," मैं वास्तव में आपके धैर्य की सराहना करता हूं, आपको पीएच 6 (मध्य) सीट सौंपी गई है।",3,2
Absolutely! May I know which seat would you prefer middle or aisle?,बिल्कुल! क्या मैं जान सकता हूँ कि आप कौन सी सीट मध्य या गलियारा पसंद करेंगे?,3,0
Hi Good Morning!, हाय सुप्रभात!,3,0
Welcome to PilotAirlines! You're talking to the Customer Executive! How may I help you today?, पायलट एयरलाइंस में आपका स्वागत है! आप ग्राहक कार्यकारी से बात कर रहे हैं! आज मैं आपकी कैसे मदद कर सकता हूँ?,3,0
Could*, सकता है*,0,0
mz52w9, mz52w9,0,0
Will there be anything else I could help you with?, क्या कुछ और होगा जिसमें मैं आपकी मदद कर सकूं?,2,0
"Hello there! Sky high customer services, How may I help you today?
"," नमस्ते! स्काई हाई कस्टमर सर्विसेज, मैं आज आपकी कैसे मदद कर सकता हूं?",3,0
I want to check my seat assignment. Can you help me with that?, मैं अपने सीट असाइनमेंट की जांच करना चाहता हूं। क्या उसके लिए आपके द्वारा मेरी मदद की जाएगी?,3,0
sorry 28th aug to 2nd sep, क्षमा करें 28 अगस्त से 2 सितम्बर तक,2,1
No problem at all. Thank you for the confirmation., बिल्कुल भी परेशानी नहीं है। पुष्टिकरण के लिए धन्यवाद।,3,2
Good morning! You've reached Flamingo customer services. How may I help you today?, सुबह बख़ैर! आप फ्लेमिंगो ग्राहक सेवा तक पहुँच चुके हैं। आज मैं आपकी कैसे मदद कर सकता हूँ?,3,0
Sure. I'll help you with that. Could you please provide me your full name and the booking confirmation number?, ज़रूर। मैं इसमें आपकी मदद करूंगा। क्या आप कृपया मुझे अपना पूरा नाम और बुकिंग पुष्टिकरण संख्या प्रदान कर सकते हैं?,3,0
Dexgram54@gmail.com, Dexgram54@gmail.com,0,0
"HI,GOOD MORNING", हाय सुप्रभात,3,0
Sure! Please allow me a moment to check if there is any seat vailable., ज़रूर! कृपया मुझे यह जांचने के लिए एक क्षण दें कि क्या कोई सीट उपलब्ध है।,2,0
You're welcome! Would there be anything else that I may help you with?, आपका स्वागत है! क्या कुछ और होगा जिसमें मैं आपकी मदद कर सकूं?,3,2
dd45d5, डीडी45डी5,0,0
AILSE, AILSE,0,0
Great! It was a pleasure assisting you. Have a great day and please do reach out to us in case of any queries.,महान! आपकी सहायता करना खुशी की बात थी। आपका दिन शुभ हो और कृपया किसी भी प्रश्न के मामले में हमसे संपर्क करें।,3,2
T8Y9I0, T8Y9I0,0,0
Fantastic! Please give me a moment to check., ज़बरदस्त! कृपया मुझे जांचने के लिए एक क्षण दें।,3,2
Fantastic! The boarding pass will be sent to the mail shortly., ज़बरदस्त! बोर्डिंग पास शीघ्र ही डाक से भेज दिया जाएगा।,2,2
can you please change it to window?, क्या आप कृपया इसे विंडो में बदल सकते हैं?,3,0
"Sure, we are here to assist you in the best possible way. May I know your last name please?"," निश्चित रूप से, हम यहां आपकी सर्वोत्तम संभव तरीके से सहायता करने के लिए हैं। क्या मैं आपका अंतिम नाम जान सकता हूँ?",3,0
"Alright! Have a safe flight, goodbye."," ठीक है! एक सुरक्षित उड़ान लो, अलविदा।",3,0
canada and singapore, कनाडा और सिंगापुर,0,0
"I hope you have a great day ahead. Goodbye!
", मुझे आशा है कि आपके लिए आगे एक अच्छा दिन होगा। अलविदा!,3,2
no, नहीं,1,1
mathan, मथाना,0,0
check your seat assignment, अपना सीट असाइनमेंट जांचें,2,0
please help me sir, कृपया मेरी मदद करें सर,3,0
"Wonderful! Thank you for choosing us, wish to serve you again. Have a safe flight!"," अद्भुत! हमें चुनने के लिए धन्यवाद, मैं फिर से आपकी सेवा करना चाहता हूं। एक सुरक्षित उड़ान की कामना करते हैं!",3,2
WOW. THNX, बहुत खूब। THNX,0,2
Please send my boarding pass to my mobile number., कृपया मेरा बोर्डिंग पास मेरे मोबाइल नंबर पर भेजें।,2,0
"Awesome! Thanks for reaching out to us, hope you have a wonderful trip ahead. "," बहुत बढ़िया! हमसे संपर्क करने के लिए धन्यवाद, आशा है कि आपकी आगे की यात्रा शानदार रही होगी।",3,2
Alright Jones! Could you help me with the booking confirmation number please?, ठीक है जोन्स! क्या आप कृपया बुकिंग पुष्टिकरण संख्या के साथ मेरी मदद कर सकते हैं?,3,0
I need my boarding pass, मुझे अपना बोर्डिंग पास चाहिए,2,0
"Or wait, nevermind. Window should be good. ","या रुको, कोई बात नहीं। खिड़की अच्छी होनी चाहिए।",0,1
"Yair Stafford
", यायर स्टैफ़ोर्ड,2,0
yes, हां,2,0
Alright! Could you also share your booking confirmation number?, ठीक है! क्या आप अपनी बुकिंग पुष्टिकरण संख्या भी साझा कर सकते हैं?,3,0
i want book flight ticket, मुझे बुक फ्लाइट टिकट चाहिए,1,0
"Fantastic! Thanks a lot for reaching to us, It was really nice talking to you. I hope you enjoy the journey. Have a great day ahead! Buhbye! :) "," ज़बरदस्त! हम तक पहुंचने के लिए बहुत-बहुत धन्यवाद, आपसे बात करके बहुत अच्छा लगा। मुझे आशा है कि आप यात्रा का आनंद लेंगे। आगे एक महान दिन हो! टाटा! :)",3,2
"Amazing! Lastly, I would require your email address? "," अद्भुत! अंत में, मुझे आपके ईमेल पते की आवश्यकता होगी?",2,2
I'm sorry but may I know what to send to your email address?," मुझे खेद है, लेकिन क्या मुझे पता है कि आपके ईमेल पते पर क्या भेजना है?",3,0
3 PASSENGERS, 3 यात्री,0,0
yes, हां,2,0
hmm, हम्म,0,0
"Hello, you've reached Sky Travels. How may I help you today?"," नमस्कार, आप स्काई ट्रेवल्स में पहुंच गए हैं। आज मैं आपकी कैसे मदद कर सकता हूँ?",3,0
"You're welcome! Thank you for choosing us, we are always here to help you. Have an amazing journey!"," आपका स्वागत है! हमें चुनने के लिए धन्यवाद, हम हमेशा आपकी मदद के लिए यहां हैं। एक अद्भुत यात्रा करें!",3,2
"Hello there! Sky high customer services, How may I help you today?"," नमस्ते! स्काई हाई कस्टमर सर्विसेज, मैं आज आपकी कैसे मदद कर सकता हूं?",3,0
Good morning! You've reached Flamingo customers service. How may I help you today?, सुबह बख़ैर! आप फ्लेमिंगो ग्राहक सेवा तक पहुँच चुके हैं। आज मैं आपकी कैसे मदद कर सकता हूँ?,3,1
i want to check seat assignment, मैं सीट असाइनमेंट की जांच करना चाहता हूं,1,0
i want to know my seat no, मुझे अपना सीट नंबर जानना है,2,0
okay! Thankyou!, ठीक है! आपको धन्यवाद!,2,2
Sure! Anything else I may help you with?, ज़रूर! कुछ और मैं आपकी मदद कर सकता हूँ?,2,0
"I'm glad that was helpful, thank you for reaching out to us. Have a great day ahead and happy traveling! "," मुझे खुशी है कि यह मददगार था, हमसे संपर्क करने के लिए धन्यवाद। आगे का दिन अच्छा हो और यात्रा सुखद हो!",3,2
yup, हां,0,0
A very good morning! You've reached the Moon Airways customer service. How may I help you today?, एक बहुत अच्छी सुबह! आप मून एयरवेज ग्राहक सेवा तक पहुँच चुके हैं। आज मैं आपकी कैसे मदद कर सकता हूँ?,3,2
i am john, मैं जॉन हूँ,1,0
"Ok, I wait for your information. "," ठीक है, मैं आपकी जानकारी की प्रतीक्षा कर रहा हूँ।",2,0
"Thank you for visiting us, wish to serve you again. Have an amazing day!"," हमारे पास आने के लिए धन्यवाद, मैं फिर से आपकी सेवा करना चाहता हूं। आपका दिन सुखद हो!",3,2
hai, हाय,2,0
ya ok thanks, हाँ ठीक है धन्यवाद,3,0
"Hello there, how may I assist you today?
"," नमस्ते, मैं आज आपकी कैसे सहायता कर सकता हूँ?",3,0
"Sure! May I know your phone number or email address so that I can send you the boarding pass in anyone of them. 
", ज़रूर! क्या मैं आपका फोन नंबर या ईमेल पता जान सकता हूं ताकि मैं आपको उनमें से किसी में भी बोर्डिंग पास भेज सकूं।,3,0
That's okay, वह ठीक है,2,0
Thank you for reaching out to us. Have a great day!, हमसे संपर्क की पहल के लिए आपका धन्यवाद। आपका दिन अच्छा रहे!,3,2
ok sir .fine sir, ओके सर .ठीक है सर,2,2
Nice! May I know your preferred date of journey and timings of the flight? (morning/evening), अच्छा! क्या मैं आपकी यात्रा की पसंदीदा तारीख और उड़ान का समय जान सकता हूँ? (सुबह शाम),3,0
3 persons and first class, 3 व्यक्ति और प्रथम श्रेणी,0,2
"That's 5,098. "," वह 5,098 है।",0,0
Superb! Would you mind sharing the number of passengers also?, शानदार! क्या आप यात्रियों की संख्या भी साझा करना चाहेंगे?,3,2
no, नहीं,1,1
I've not changed that. Anything else I may help you with?, मैंने इसे नहीं बदला है। कुछ और मैं आपकी मदद कर सकता हूँ?,3,0
08-08-2019,08-08-2019,0,0
i went to know my sent no, मुझे मेरे भेजे गए नंबर का पता चला,2,1
D4*, डी4*,0,0
okay and send me the boarding pass, ठीक है और मुझे बोर्डिंग पास भेजो,2,0
"Sure, we are here to assist you always! May I know your last name please?"," ज़रूर, हम यहाँ हमेशा आपकी सहायता के लिए हैं! क्या मैं आपका अंतिम नाम जान सकता हूँ?",3,0
no need, कोई ज़रुरत नहीं है,1,0
A4G4F3, A4G4F3,0,0
"I apologize, would you prefer middle seat, aisle seat or window seat?"," मैं क्षमा चाहता हूँ, क्या आप मध्य सीट, गलियारे वाली सीट या खिड़की वाली सीट पसंद करेंगे?",3,0
hi, नमस्ते,2,0
"Thank you very much, may I know your last name as well?","बहुत-बहुत धन्यवाद, क्या मैं आपका उपनाम भी जान सकता हूँ?",3,2
Fantastic! Your tickets have been confirmed and you'll be receiving a confirmation mail with the link to make the payment. Is there anything else I might help you with?, ज़बरदस्त! आपके टिकटों की पुष्टि हो गई है और आपको भुगतान करने के लिए लिंक के साथ एक पुष्टिकरण मेल प्राप्त होगा। क्या कुछ और है जिसमें मैं आपकी मदद कर सकता हूं?,3,2
"No problem, please let me know the correct number I'll be sending to that."," कोई बात नहीं, कृपया मुझे सही नंबर बताएं जो मैं उस पर भेजूंगा।",2,0
"I'm glad that was helpful, thank you for reaching out to us. Have a great day ahead and happy traveling! "," मुझे खुशी है कि यह मददगार था, हमसे संपर्क करने के लिए धन्यवाद। आगे का दिन अच्छा हो और यात्रा सुखद हो!",3,2
"Lovely! Thank you for visiting us, wish to serve you again. Have a safe journey!"," प्यारा! हमारे पास आने के लिए धन्यवाद, मैं फिर से आपकी सेवा करना चाहता हूं। आपकी यात्रा सुरक्षित हो!",3,2
Fantastic! It was amazing talking to you! :) I'm glad I could resolve all your issues! Thanks for reaching out to us! for any other concerns please feel free to contact us anytime! Have a great day ahead! :), ज़बरदस्त! आपसे बात करना अद्भुत था! :) मुझे खुशी है कि मैं आपके सभी मुद्दों का समाधान कर सका! हमसे संपर्क करने के लिए धन्यवाद! किसी भी अन्य चिंताओं के लिए कृपया बेझिझक हमसे कभी भी संपर्क करें! आगे एक महान दिन हो! :),3,2
I wants book a ticket flight, मुझे टिकट की फ्लाइट बुक करनी है,1,0
I'm sorry? Would you please help me with your preference?, मुझे माफ़ करें? क्या आप कृपया अपनी पसंद से मेरी मदद करेंगे?,3,0
I'll help you out with that. May I know your full name and the the booking confirmation number?, मैं इसमें आपकी मदद करूंगा। क्या मैं आपका पूरा नाम और बुकिंग पुष्टिकरण संख्या जान सकता हूँ?,3,0
THAT'S FINE, कोई बात नहीं,1,2
Smith BR5491, स्मिथ BR5491,0,0
Surely! I'll be happy to help you with it. Please may I know your full full name?, निश्चित रूप से! मुझे इसमें आपकी मदद करने में खुशी होगी। कृपया क्या मैं आपका पूरा नाम जान सकता हूँ?,3,2
"Could you please help me with a preferred date?  
",क्या आप कृपया मुझे एक पसंदीदा तारीख के साथ मदद कर सकते हैं?,3,0
Sure. Could you please help me with your Last name and booking confirmation number?, ज़रूर। क्या आप कृपया अपने अंतिम नाम और बुकिंग पुष्टिकरण संख्या के साथ मेरी मदद कर सकते हैं?,3,0
"I'm glad that was helpful, thank you for reaching out to us. Have a great day ahead and happy traveling! "," मुझे खुशी है कि यह मददगार था, हमसे संपर्क करने के लिए धन्यवाद। आगे का दिन अच्छा हो और यात्रा सुखद हो!",3,2
"Done. Your new seat number is 23C. Which is an asile seat.
", पूर्ण। आपका नया सीट नंबर 23C है। जो एक सुनसान सीट है।,2,0
My pleasure! Thank you so much for choosing us to make your travel comfortable! Have a great flight!, मेरा सौभाग्य! अपनी यात्रा को आरामदायक बनाने के लिए हमें चुनने के लिए आपका बहुत-बहुत धन्यवाद! एक अच्छी उड़ान लो!,3,2
"yes, confirmation number a7gt85"," हाँ, पुष्टिकरण संख्या a7gt85",2,0
Perfect! Is there anything else I could help you with?, उत्तम! क्या कुछ और है जिसमें मैं आपकी मदद कर सकता हूं?,2,2
Sorry.I am not comfortable with window seat., माफ़ करना।मैं खिड़की वाली सीट के साथ सहज नहीं हूँ।,3,1
thank you, धन्यवाद,2,2
Thank you for staying connected. We've got Ryan Air flying in the Morning the estimated arrival is at 9AM. The ticket price is $275. Would you like to fly with Ryan Air?," जुड़े रहने के लिए धन्यवाद। हमने रायन एयर को सुबह उड़ान भरी है, अनुमानित आगमन सुबह 9 बजे है। टिकट की कीमत $ 275 है। क्या आप रयान एयर के साथ उड़ान भरना चाहेंगे?",3,0
E9H0R6, E9H0R6,0,0
my went to know my sent no, मेरे भेजे गए नंबर के बारे में पता चला,2,1
ok, ठीक है,2,0
Hello! You've been connected to StarAirwyas. I'll help you out with that. May I know your full name and the booking confirmation number?,नमस्ते! आप StarAirwyas से जुड़ चुके हैं। मैं इसमें आपकी मदद करूंगा। क्या मैं आपका पूरा नाम और बुकिंग पुष्टिकरण संख्या जान सकता हूँ?,3,0
Fantastic! I've sent your boarding pass to your given email address. Would there be anything else that I may help you with?, ज़बरदस्त! मैंने आपका बोर्डिंग पास आपके दिए गए ईमेल पते पर भेज दिया है। क्या कुछ और होगा जिसमें मैं आपकी मदद कर सकूं?,3,2
Perfect! Could you please help me out with your email address to which a confirmation message will be sent?, उत्तम! क्या आप कृपया मुझे अपने ईमेल पते में मदद कर सकते हैं जिस पर एक पुष्टिकरण संदेश भेजा जाएगा?,3,2
hello, नमस्ते,2,0
No Thanks.," जी नहीं, धन्यवाद।",3,1
"And, your booking confirmation number would be?"," और, आपकी बुकिंग पुष्टिकरण संख्या होगी?",2,0
yes pleas send me my boarding pass, हाँ कृपया मुझे मेरा बोर्डिंग पास भेजें,2,0
arrival : DHUBAI, आगमन : DHUBAI,0,0
Good bye, अलविदा,3,0
STIVE45@EMAIL.COM, STIVE45@EMAIL.COM,0,0
Definitely! Thanks a ton!, निश्चित रूप से! अनेक अनेक धन्यवाद!,3,2
ok, ठीक है,2,0
I wants to book a flight,मैं एक उड़ान बुक करना चाहता हूँ,1,0
OK THANKYOU HAVE A NICE DAY, ठीक है धन्यवाद आपका दिन अच्छा हो,3,2
Perfect! Is there anything else I could help you with?, उत्तम! क्या कुछ और है जिसमें मैं आपकी मदद कर सकता हूं?,2,2
Booking confirmation number please?, बुकिंग पुष्टिकरण संख्या कृपया?,3,0
Alright! Could you please share your email address?, ठीक है! क्या आप कृपया अपना ईमेल पता साझा कर सकते हैं?,3,0
sorry this is right number B45S78, क्षमा करें यह सही संख्या है B45S78,3,0
I need my boarding pass, मुझे अपना बोर्डिंग पास चाहिए,2,0
Smith 1587469535, स्मिथ 1587469535,0,0
ok, ठीक है,2,0
Thank you so much .., बहुत-बहुत धन्यवाद ..,3,2
ok thanks, ठीक है धन्यवाद,3,0
"Hello there, how may I assist you today?
"," नमस्ते, मैं आज आपकी कैसे सहायता कर सकता हूँ?",3,0
Yeah I am okay., हाँ मैं ठीक हूँ।,2,0
I ALREADY BOOK A TICKET BUT I CHANGE MY SEAT, मैं पहले से ही एक टिकट बुक करता हूं लेकिन मैं अपनी सीट बदल देता हूं,2,0
"Sure, let me the check the seat availability before I could assure you."," ज़रूर, इससे पहले कि मैं आपको आश्वस्त कर सकूं, मुझे सीट की उपलब्धता की जांच करने दें।",3,0
ok thanks, ठीक है धन्यवाद,3,0
Thank you for staying connected. Your seat is confirmed to window seat A7. Would you need anything else?, जुड़े रहने के लिए धन्यवाद। आपकी सीट विंडो सीट A7 से कंफर्म है। क्या आपको कुछ और चाहिए होगा?,3,2
SURE SIR, जरूर मालिक,2,0
Great! Could you please mention the preferred dates for the journey?, महान! क्या आप कृपया यात्रा के लिए पसंदीदा तिथियों का उल्लेख कर सकते हैं?,3,2
"You're welcome, is there anything else I may assist you with?"," आपका स्वागत है, क्या कुछ और है जिसमें मैं आपकी सहायता कर सकता हूँ?",2,2
I'm sorry it's 5046753442., मुझे खेद है कि यह 5046753442 है।,3,0
i check my seat assignment, मैं अपने सीट असाइनमेंट की जांच करता हूं,2,0
Perfect! Is there anything else I could help you with?, उत्तम! क्या कुछ और है जिसमें मैं आपकी मदद कर सकता हूं?,2,2
"Thank you for visiting us, wish to serve you again. Have a safe flight!"," हमारे पास आने के लिए धन्यवाद, मैं फिर से आपकी सेवा करना चाहता हूं। एक सुरक्षित उड़ान की कामना करते हैं!",3,2
have a nice day, आपका दिन शुभ हो,2,2
Good morning! You've reached Flamingo customers service. How may I help you today?, सुबह बख़ैर! आप फ्लेमिंगो ग्राहक सेवा तक पहुँच चुके हैं। आज मैं आपकी कैसे मदद कर सकता हूँ?,3,1
HI, नमस्ते,2,0
hai, हाय,2,0
Amazing! Thank you for reaching out to us. Have a great journey. Bye., अद्भुत! हमसे संपर्क की पहल के लिए आपका धन्यवाद। शानदार यात्रा करें। अलविदा।,3,2
"Sure! May I know your phone number or email address so that I can send you the boarding pass in anyone of them. 
", ज़रूर! क्या मैं आपका फोन नंबर या ईमेल पता जान सकता हूं ताकि मैं आपको उनमें से किसी में भी बोर्डिंग पास भेज सकूं।,3,0
Alright! Could you also share your booking confirmation number?, ठीक है! क्या आप अपनी बुकिंग पुष्टिकरण संख्या भी साझा कर सकते हैं?,3,0
Hello Kismi! I'm glad to assist you today. Could you please share your booking confirmation number?, नमस्ते किस्मत! मुझे आज आपकी सहायता करने में खुशी हो रही है। क्या आप कृपया अपनी बुकिंग पुष्टिकरण संख्या साझा कर सकते हैं?,3,2
"Hello, you've reached Sky Travels. How may I help you today?"," नमस्कार, आप स्काई ट्रेवल्स में पहुंच गए हैं। आज मैं आपकी कैसे मदद कर सकता हूँ?",3,0
ok, ठीक है,2,0
"Thank you for staying connected. As per the confirmation number, you're assigned a window seat T7. Would you need anything else?"," जुड़े रहने के लिए धन्यवाद। कन्फर्मेशन नंबर के अनुसार, आपको विंडो सीट T7 दी गई है। क्या आपको कुछ और चाहिए होगा?",3,2
Hi, नमस्ते,2,0
"Thanks for waiting, I've checked the details and processed your request, you'll soon receive a mail with your boarding pass attachment. Anything else I may help you with?
","प्रतीक्षा करने के लिए धन्यवाद, मैंने विवरणों की जांच कर ली है और आपके अनुरोध को संसाधित कर दिया है, आपको जल्द ही अपने बोर्डिंग पास अटैचमेंट के साथ एक मेल प्राप्त होगा। कुछ और मैं आपकी मदद कर सकता हूँ?",3,2
"Wonderful! Thank you so much for being patient and baring with me. I hope you have a safe journey, Have a amazing time on the fight. I hope you have a great day ahead! Goodbye."," अद्भुत! सब्र रखने और मेरे साथ बने रहने के लिए आपका बहुत-बहुत धन्यवाद। मुझे आशा है कि आपके पास एक सुरक्षित यात्रा है, लड़ाई पर एक अद्भुत समय है। मुझे आशा है कि आपके आगे एक अच्छा दिन होगा! अलविदा।",3,2
BANKGOK TO SINGAPORE, बैंकगोक से सिंगापुर,2,0
Sure! In the name od Rabinsun, ज़रूर! ओड राबिनसुन के नाम पर,2,0
Nothing else, और कुछ नहीं,2,0
Could you also help me with the booking confirmation number?, क्या आप बुकिंग कन्फर्मेशन नंबर में भी मेरी मदद कर सकते हैं?,3,0
You're lucky! There was a cancellation made just 15 minutes back and the aisle seat number is T6. Do you want me to confirm that seat for you?,तुम भाग्यशाली हो! सिर्फ 15 मिनट पहले एक रद्दीकरण किया गया था और गलियारे की सीट संख्या T6 है। क्या आप चाहते हैं कि मैं आपके लिए उस सीट की पुष्टि कर दूं?,2,1
OKAY THANKS, ठीक है शुक्रिया,3,2
I hope you have a great date ahead. Goodbye!, मुझे आशा है कि आपके पास आगे एक अच्छी तारीख होगी। अलविदा!,3,2
Good Evening!, नमस्ते!,3,2
i need my flight ticket, मुझे मेरी फ्लाइट टिकट चाहिए,2,0
"Thank you for visiting us, wish to serve you again. Have a safe flight!"," हमारे पास आने के लिए धन्यवाद, मैं फिर से आपकी सेवा करना चाहता हूं। एक सुरक्षित उड़ान की कामना करते हैं!",3,2
"Perfect! I hope you enjoy the trip! As I've checked with my system here, there is one flight of Jet airways operating on 09/20/2018, The timings are, 6:00 Am to 8:00 Am and it is costing you $170 per head. "," उत्तम! मुझे आशा है कि आप यात्रा का आनंद लेंगे! जैसा कि मैंने यहां अपने सिस्टम से जांच की है, 09/20/2018 को जेट एयरवेज की एक उड़ान चल रही है, समय सुबह 6:00 बजे से 8:00 बजे तक है और इसकी कीमत आपको प्रति व्यक्ति $ 170 है।",3,2
I'll help you out with that. Could you help me out with your full name and the booking confirmation number?, मैं इसमें आपकी मदद करूंगा। क्या आप अपना पूरा नाम और बुकिंग पुष्टिकरण नंबर के साथ मेरी मदद कर सकते हैं?,3,0
nothing else., और कुछ नहीं।,2,0
As I see the seat which has been allotted to you is A6 which is a middle seat., जैसा कि मैं देख रहा हूं कि जो सीट आपको आवंटित की गई है वह A6 है जो बीच की सीट है।,2,0
"Alright! Thanks for choosing our services, have a great day. Goodbye."," ठीक है! हमारी सेवाओं को चुनने के लिए धन्यवाद, आपका दिन शुभ हो। अलविदा।",3,2
Thank you for staying on hold. I appreciate your patience. Your seat number is A9 and it is a window seat. Is there anything else that I may help you with?,रुके रहने के लिए धन्यवाद। मैं आपके धैर्य की सराहना करता हूँ। आपकी सीट का नंबर A9 है और यह विंडो सीट है। क्या कुछ और है जिसमें मैं आपकी मदद कर सकता हूं?,3,2
Thank you so much. Please allow me a minute and I'll get back to you with the details., बहुत-बहुत धन्यवाद। कृपया मुझे एक मिनट का समय दें और मैं विवरण के साथ आपसे संपर्क करूंगा।,3,2
"Always a pleasure! Thank you for reaching out to us, it's a pleasure assisting you. Have a great day and happy traveling!"," हमेशा एक खुशी की बात है! हमसे संपर्क करने के लिए धन्यवाद, आपकी सहायता करना खुशी की बात है। आपका दिन शुभ हो और यात्रा सुखद हो!",3,2
my booking confirmation number is rtd245, मेरी बुकिंग पुष्टिकरण संख्या rtd245 . है,1,0
Cameron could you also help me out with your phone number or email address for the boarding pass to be sent to you?, बोर्डिंग पास आपको भेजे जाने के लिए क्या आप अपने फोन नंबर या ईमेल पते में भी मेरी मदद कर सकते हैं?,3,0
my name is siva, मेरा नाम शिव है,1,0
"Thank you for choosing us, we are always here to help you. Have a wonderful day!"," हमें चुनने के लिए धन्यवाद, हम हमेशा आपकी मदद के लिए यहां हैं। शानदार दिन हो!",3,2
Have a great day!, आपका दिन अच्छा रहे!,2,2
Perfect! You'd be receiving the boarding pass on the day before your journey. Is there anything else that I may help you with?, उत्तम! आपको अपनी यात्रा से एक दिन पहले बोर्डिंग पास प्राप्त होगा। क्या कुछ और है जिसमें मैं आपकी मदद कर सकता हूं?,3,2
SAD589, एसएडी589,0,0
I am change my seat assignment. Please help me sir.,मैं अपना सीट असाइनमेंट बदल रहा हूं। कृपया मेरी मदद करें सर।,3,1
check my seat arrangement, मेरी सीट व्यवस्था की जाँच करें,2,0
BYEE, अलविदा,2,0
"Thanks for staying connected, I've booked the tickets for you, soon you'll get a mail with link through which you can make the payment and confirm your booking. Will there be anything else I may assist you in?"," जुड़े रहने के लिए धन्यवाद, मैंने आपके लिए टिकट बुक कर लिया है, जल्द ही आपको लिंक के साथ एक मेल मिलेगा जिसके माध्यम से आप भुगतान कर सकते हैं और अपनी बुकिंग की पुष्टि कर सकते हैं। क्या कुछ और होगा जिसमें मैं आपकी सहायता कर सकूं?",3,2
ok thanks, ठीक है धन्यवाद,3,0
ok thanks, ठीक है धन्यवाद,3,0
I Would like to travell on morning., मैं सुबह यात्रा करना चाहूंगा।,2,0
My pleasure! Goodbye!, मेरा सौभाग्य! अलविदा!,3,0
RYWE89, RYWE89,0,0
The seat number allotted to you is K3 which is the window seat. May I know which seat would you prefer? The middle one or the aisle seat?, आपको आवंटित सीट संख्या K3 है जो विंडो सीट है। क्या मैं जान सकता हूँ कि आप कौन सी सीट पसंद करेंगे? बीच वाली या गलियारे की सीट?,3,0
Pleasure's mine. You can go through this website: www.pilotairlines.com in case of any query and help us help you. Good day!,आनंद मेरा है। किसी भी प्रश्न के मामले में आप इस वेबसाइट www.pilotairlines.com पर जा सकते हैं और आपकी सहायता करने में हमारी सहायता कर सकते हैं। अच्छा दिन!,3,2
HI, नमस्ते,2,0
OK, ठीक है,2,0
Sure! Let me check the available middle seats on the flight for you., ज़रूर! मैं आपके लिए उड़ान में उपलब्ध बीच की सीटों की जाँच करता हूँ।,2,0
"You're welcome! Thank you for visiting us, wish to serve you again. Have a wonderful flight!"," आपका स्वागत है! हमारे पास आने के लिए धन्यवाद, मैं फिर से आपकी सेवा करना चाहता हूं। एक अद्भुत उड़ान लो!",3,2
u56t34, u56t34,0,0
Name: Vimalkashan.P, नाम: विमलकाशन.पी,2,0
okay, ठीक है,2,0
Would there be anything else I may assist you with?, क्या कुछ और होगा जिसमें मैं आपकी सहायता कर सकूं?,2,0
Hi, नमस्ते,2,0
Of course! I'll be happy to help you in this regard. May I know your last name and your booking confirmation number please?, बेशक! मुझे इस संबंध में आपकी मदद करने में खुशी होगी। क्या मैं आपका अंतिम नाम और आपकी बुकिंग पुष्टिकरण संख्या जान सकता हूँ?,3,0
economy, अर्थव्यवस्था,1,0
"Hi, Good Morning. I wants to book a flight. ", हाय सुप्रभात। मैं एक फ्लाइट बुक करना चाहता हूं।,3,0
Awesome! I'd be glad to help you with that. May I know your last name please?, बहुत बढ़िया! मुझे इसमें आपकी मदद करने में खुशी होगी। क्या मैं आपका अंतिम नाम जान सकता हूँ?,3,2
"jsbach@icloud.com
", jsbach@icloud.com,0,0
raja451@gmail.com, raja451@gmail.com,0,0
"Perfect! Robin, Now I could need your booking confirmation number and your email address?"," उत्तम! रॉबिन, अब मुझे आपकी बुकिंग पुष्टिकरण संख्या और आपके ईमेल पते की आवश्यकता हो सकती है?",2,2
william, विलियम,0,0
"Thank you for being so patient and cooperative! It was really nice assisting you! I hope you have a great time, Happy travelling! Have a great day ahead! See ya! :)"," इतने धैर्यवान और सहयोगी होने के लिए धन्यवाद! आपकी सहायता करना वाकई अच्छा लगा! मुझे आशा है कि आपके पास एक अच्छा समय है, हैप्पी ट्रैवलिंग! आगे एक महान दिन हो! फिर मिलेंगे! :)",3,2
yyn253, yyn253,0,0
Could you also help me with the booking confirmation number?, क्या आप बुकिंग कन्फर्मेशन नंबर में भी मेरी मदद कर सकते हैं?,3,0
yes hello 'd like to book a flight, हाँ हैलो 'उड़ान बुक करना चाहते हैं,2,0
Let me check if there a window seat available on your flight. Please allow me a moment., मुझे जाँचने दें कि क्या आपकी फ़्लाइट में विंडो सीट उपलब्ध है। कृपया मुझे एक क्षण की अनुमति दें।,2,0
ok, ठीक है,2,0
my confirmation no asa141, मेरी पुष्टि संख्या asa141,1,0
no thank you, नहीं धन्यवाद,3,1
"Awesome! Thanks for reaching out to us, hope you have a wonderful trip ahead. "," बहुत बढ़िया! हमसे संपर्क करने के लिए धन्यवाद, आशा है कि आपकी आगे की यात्रा शानदार रही होगी।",3,2
Fantastic! Thank you for reaching out to us. Have a memorable journey. Bye., ज़बरदस्त! हमसे संपर्क की पहल के लिए आपका धन्यवाद। यादगार यात्रा हो। अलविदा।,3,2
ikj789, ikj789,2,0
ok, ठीक है,2,0
N7, एन7,0,0
Thank you for staying connected. I'll be needing your email address to send you the boarding pass.,जुड़े रहने के लिए धन्यवाद। आपको बोर्डिंग पास भेजने के लिए मुझे आपके ईमेल पते की आवश्यकता होगी।,3,0
OKAY BUT I NEED A AISLE SEAT PLEASE," ठीक है, लेकिन कृपया मुझे गलियारे की सीट चाहिए",3,1
"May I know, Would you like to change your seating arrangement?"," क्या मैं जान सकता हूँ, क्या आप अपने बैठने की व्यवस्था को बदलना चाहेंगे?",3,0
Superb! Seat number D9 is a window seat and it is available. Would you like to take that?, शानदार! सीट नंबर डी9 विंडो सीट है और यह उपलब्ध है। क्या आप इसे लेना चाहेंगे?,3,2
"Okay, I'm glad I could resolve all your queries! Is there anything else I can do for you?"," ठीक है, मुझे खुशी है कि मैं आपके सभी प्रश्नों का समाधान कर सका! क्या मैं आपके लिए और कुछ कर सकता हूं?",3,2
Very true! No that will be it. Thanks a ton for your help!, सच सच! नहीं यही होगा। आपकी मदद के लिए धन्यवाद एक टन!,3,2
"I'm glad that was helpful, thank you for reaching out to us. Have a great day ahead and happy traveling! "," मुझे खुशी है कि यह मददगार था, हमसे संपर्क करने के लिए धन्यवाद। आगे का दिन अच्छा हो और यात्रा सुखद हो!",3,2
Good morning! You've reached Flamingo customers service. How may I help you today?, सुबह बख़ैर! आप फ्लेमिंगो ग्राहक सेवा तक पहुँच चुके हैं। आज मैं आपकी कैसे मदद कर सकता हूँ?,3,1
ok, ठीक है,2,0
Please let me know your booking confirmation number?, कृपया मुझे अपनी बुकिंग पुष्टिकरण संख्या बताएं?,2,0
Sure! Please allow me a moment to check if there is any seat available., ज़रूर! कृपया मुझे यह जांचने के लिए एक क्षण दें कि क्या कोई सीट उपलब्ध है।,3,0
"Great! Lastly, may I please know your email address to which you'd like me to send the boarding pass?"," महान! अंत में, क्या मैं आपका ईमेल पता जान सकता हूँ जिस पर आप मुझे बोर्डिंग पास भेजना चाहते हैं?",3,2
i wand  booking a plaine ticket, मैं एक प्लेन टिकट बुक करना चाहता हूँ,1,0
Great! Hope all your queries are clear?, महान! आशा है कि आपके सभी प्रश्न स्पष्ट हैं?,3,2
"Sorry to keep you waiting, your seat number is 15D and it is a middle seat. Anything else I may help you in?"," आपको प्रतीक्षा करने के लिए क्षमा करें, आपकी सीट संख्या 15D है और यह बीच की सीट है। कुछ और मैं आपकी मदद कर सकता हूँ?",3,0
check my seat assignment, मेरी सीट असाइनमेंट की जाँच करें,2,0
check my seat assignment, मेरी सीट असाइनमेंट की जाँच करें,2,0
"Thank you so much for reaching out to us! It was my pleasure assisting you. I hope you have a safe journey, Have a great time. have a great day ahead! Bubye! :)"," हमसे संपर्क करने के लिए आपका बहुत-बहुत धन्यवाद! आपकी सहायता करना मेरी खुशी थी। मुझे आशा है कि आपके पास एक सुरक्षित यात्रा है, एक अच्छा समय है। यही चाहता हूं, दिन अच्छा बीते! बूबी! :)",3,2
"Sure, I'll get you back on the T7. Is there anything else?"," ज़रूर, मैं आपको T7 पर वापस लाऊँगी। क्या कुछ और है?",2,0
Hello! Good morning. You've reached LMT Airways. How may I assist you today?, नमस्ते! सुबह बख़ैर। आप एलएमटी एयरवेज पहुंच गए हैं। आज मैं आपकी मदद किस तरह कर सकता हूँ?,3,0
hi, नमस्ते,2,0
"Sure! I'll be glad to assist you with that, could you please help me with your last name and the booking confirmation number?","ज़रूर! मुझे इसमें आपकी सहायता करने में खुशी होगी, क्या आप कृपया अपने अंतिम नाम और बुकिंग पुष्टिकरण संख्या के साथ मेरी सहायता कर सकते हैं?",3,0
YOU CAN GO AHEAD AND BOOK IT DREW., आप आगे बढ़ सकते हैं और इसे बुक कर सकते हैं।,2,0
Perfect! I've sent your boarding pass to your given email address. Is there anything else that I may help you with?, उत्तम! मैंने आपका बोर्डिंग पास आपके दिए गए ईमेल पते पर भेज दिया है। क्या कुछ और है जिसमें मैं आपकी मदद कर सकता हूं?,3,2
Hai, हाई,2,0
I want check my seat assignment, मुझे अपना सीट असाइनमेंट चेक करना है,2,0
(602) 729-0129, (602) 729-0129,0,0
"Nice to meet you, Jessica! Could you please provide the booking confirmation number?"," आपसे मिलकर अच्छा लगा, जेसिका! क्या आप कृपया बुकिंग पुष्टिकरण संख्या प्रदान कर सकते हैं?",3,2
confirm it please, कृपया इसकी पुष्टि करें,3,0
ok, ठीक है,2,0
NO THANKS," जी नहीं, धन्यवाद",3,1
"I'm glad that was helpful, thank you for reaching out to us. Have a great day ahead and happy traveling! "," मुझे खुशी है कि यह मददगार था, हमसे संपर्क करने के लिए धन्यवाद। आगे का दिन अच्छा हो और यात्रा सुखद हो!",3,2
"As I've checked with the resources, I see that the seat allotted to you is the window seat which is U6."," जैसा कि मैंने संसाधनों के साथ जांच की है, मैं देखता हूं कि आपको आवंटित सीट विंडो सीट है जो U6 है।",2,0
okay, ठीक है,2,0
I hope we are connected?, मुझे आशा है कि हम जुड़े हुए हैं?,2,0
NAME - NAMIT YADAV, नाम - नमित यादव,0,0
Good morning! You've reached Flamingo customers service. How may I help you today?, सुबह बख़ैर! आप फ्लेमिंगो ग्राहक सेवा तक पहुँच चुके हैं। आज मैं आपकी कैसे मदद कर सकता हूँ?,3,1
No problem at all. Thank you for the confirmation., बिल्कुल भी परेशानी नहीं है। पुष्टिकरण के लिए धन्यवाद।,3,2
is it available?, क्या यह उपलब्ध है?,1,0
Are we connected?, क्या हम जुड़े हुए हैं?,0,0
i already booked a ticket but i change this seat, मैंने पहले ही टिकट बुक कर लिया है लेकिन मैं इस सीट को बदल देता हूँ,2,1
Jhon, जॉन,0,0
"Always a pleasure! Thank you for reaching out to us, it's a pleasure assisting you. Have a great day and happy traveling!"," हमेशा एक खुशी की बात है! हमसे संपर्क करने के लिए धन्यवाद, आपकी सहायता करना खुशी की बात है। आपका दिन शुभ हो और यात्रा सुखद हो!",3,2
Okay, ठीक,2,0
"As I've checked with the resources, I see that the seat allotted to you is the aisle seat which is G5. "," जैसा कि मैंने संसाधनों के साथ जांच की है, मैं देखता हूं कि आपको आवंटित सीट गलियारे की सीट है जो कि G5 है।",2,0
It was a pleasure to assist you today. Thank you for reaching out to us. Good day!, आज आपकी सहायता करके खुशी हुई। हमसे संपर्क की पहल के लिए आपका धन्यवाद। अच्छा दिन!,3,2
JUR948, JUR948,0,0
Glad to help you today. Please go through this website: www.pilotairlines.com in case of any query and help us help you. Good day!, आज आपकी मदद करके खुशी हुई। कृपया इस वेबसाइट को देखें: www.pilotairlines.com किसी भी प्रश्न के मामले में और आपकी सहायता करने में हमारी सहायता करें। अच्छा दिन!,3,2
"You're welcome, Is there anything else I may help you with?"," आपका स्वागत है, क्या कुछ और है जिसमें मैं आपकी मदद कर सकता हूँ?",2,2
Hey there! Good morning. You're connected to LMT Airways. How may I help you?, सुनो! सुबह बख़ैर। आप एलएमटी एयरवेज से जुड़े हैं। क्या मेरे द्वारा आपकी कोई सहायता हो सकती है?,3,0
"Alright! Thank you for that. Could you please allow me for a moment, while I get this done for you?"," ठीक है! उसके लिये आपका धन्यवाद। क्या आप कृपया मुझे एक पल के लिए अनुमति दे सकते हैं, जबकि मैं यह आपके लिए करवाता हूं?",3,0
hello, नमस्ते,2,0
"Good morning! You've reached Alliance Airways Customer service, how may I help you?  "," सुबह बख़ैर! आप एलायंस एयरवेज ग्राहक सेवा तक पहुँच चुके हैं, मैं आपकी कैसे मदद कर सकता हूँ?",3,0
no thanks," जी नहीं, धन्यवाद",3,1
A very good morning! You've reached the Moon Airways customer service. How may I help you today?, एक बहुत अच्छी सुबह! आप मून एयरवेज ग्राहक सेवा तक पहुँच चुके हैं। आज मैं आपकी कैसे मदद कर सकता हूँ?,3,2
ok thanks, ठीक है धन्यवाद,3,0
Fantastic! Your tickets have been confirmed and you'll be receiving a confirmation mail with the link to make the payment. Is there anything else I might help you with?, ज़बरदस्त! आपके टिकटों की पुष्टि हो गई है और आपको भुगतान करने के लिए लिंक के साथ एक पुष्टिकरण मेल प्राप्त होगा। क्या कुछ और है जिसमें मैं आपकी मदद कर सकता हूं?,3,2
Wonderful! Please feel free to reach out to us for further queries. Have an amazing journey. Bye., अद्भुत! कृपया आगे के प्रश्नों के लिए हमसे बेझिझक संपर्क करें। एक अद्भुत यात्रा करें। अलविदा।,3,2
ok, ठीक है,2,0
"Sure, we are here to assist you. May I know your last name?"," ज़रूर, हम आपकी सहायता के लिए यहाँ हैं। क्या मैं आपका अंतिम नाम जान सकता हूँ?",2,0
this is excelent, यह उत्कृष्ट है,2,2
Absolutely! I'd be glad to help you get that. Could you please help me with your last name and you booking confirmation number?, बिल्कुल! मुझे इसे प्राप्त करने में आपकी सहायता करने में खुशी होगी। क्या आप कृपया अपने अंतिम नाम और पुष्टिकरण संख्या बुक करने में मेरी सहायता कर सकते हैं?,3,2
"Thank you James, please give me a minute to check the assigned seat for you. "," धन्यवाद जेम्स, कृपया मुझे आपके लिए नियत सीट की जांच करने के लिए एक मिनट दें।",3,0
Lovely! Would there be anything else that I may help you with?,प्यारा! क्या कुछ और होगा जिसमें मैं आपकी मदद कर सकूं?,3,2
WINDOW SEAT, विंडो सीट,0,0
HEMAJO00@GMAIL.COM, HEMAJO00@GMAIL.COM,0,0
sabarish, सबरीषी,0,1
"Hello there, how may I assist you today?

"," नमस्ते, मैं आज आपकी कैसे सहायता कर सकता हूँ?",3,0
can we change it, क्या हम इसे बदल सकते हैं,0,0
BYEE, अलविदा,2,0
4,4,0,0
hi, नमस्ते,2,0
Hey there! Good morning. You're connected to LMT Airways. How may I help you?, सुनो! सुबह बख़ैर। आप एलएमटी एयरवेज से जुड़े हैं। क्या मेरे द्वारा आपकी कोई सहायता हो सकती है?,3,0
You're welcome!, आपका स्वागत है!,2,2
Drew could you send my boarding pass?, ड्रू क्या आप मेरा बोर्डिंग पास भेज सकते हैं?,3,0
ramu d14f58, रामू d14f58,0,0
"You're welcome! Anything else I may help you out with today?
", आपका स्वागत है! कुछ और मैं आज आपकी मदद कर सकता हूं?,2,2
Great! Please allow me a moment to check with the resources., महान! कृपया मुझे संसाधनों के साथ जाँच करने के लिए एक क्षण दें।,3,2
"Hello there good evening! Sky high customer services, How may I help you today?
"," नमस्ते वहाँ शुभ संध्या! स्काई हाई कस्टमर सर्विसेज, मैं आज आपकी कैसे मदद कर सकता हूं?",3,0
"Thank you, as per the booking confirmation number I don't see that your last name is James. Could you please re-check the last name on which you've booked the seat?"," धन्यवाद, बुकिंग पुष्टिकरण संख्या के अनुसार मुझे नहीं लगता कि आपका अंतिम नाम जेम्स है। क्या आप कृपया उस अंतिम नाम की दोबारा जांच कर सकते हैं जिस पर आपने सीट बुक की है?",3,0
Perfect! Could you also help me out with your email address or phone number for the boarding pass to be sent to you?, उत्तम! क्या आप मुझे अपना बोर्डिंग पास भेजने के लिए अपना ईमेल पता या फोन नंबर देने में भी मदद कर सकते हैं?,3,2
"Surely, Ross"," निश्चित रूप से, रॉसो",2,0
booking number ef4587, बुकिंग नंबर ef4587,2,0
"Perfect! On 3rd Sep 2018, from Delhi to Chennai in first class for 3 people, there's a flight at 8 AM and the fare would be $60. Would you like to proceed and book the tickets?"," उत्तम! 3 सितंबर 2018 को, दिल्ली से चेन्नई के लिए प्रथम श्रेणी में 3 लोगों के लिए, सुबह 8 बजे एक उड़ान है और किराया $60 होगा। क्या आप आगे बढ़ना चाहते हैं और टिकट बुक करना चाहते हैं?",3,2
Christine Smith / K25W31, क्रिस्टीन स्मिथ / K25W31,0,0
yes okay that's alright\, हाँ ठीक है यह ठीक है\,2,0
Yes!, हाँ!,2,0
Check my seat assignment and decide to change it., मेरे सीट असाइनमेंट की जांच करें और इसे बदलने का फैसला करें।,2,0
America to singapore, अमेरिका से सिंगापुर,0,0
It's f5h6d3, यह f5h6d3 . है,0,0
jamesbilling@gmail.com, Jamesbilling@gmail.com,0,0
m13m43, एम13एम43,0,0
Superb! It was my pleasure assisting you! Thank you so much for reaching out to us! I hope I've resolved all your queries! Happy journey! Just enjoy our services! Have a great day! Bubye! :), शानदार! आपकी सहायता करना मेरी खुशी थी! हमसे संपर्क करने के लिए आपका बहुत-बहुत धन्यवाद! मुझे आशा है कि मैंने आपके सभी प्रश्नों का समाधान कर दिया है! शुभ यात्रा! बस हमारी सेवाओं का आनंद लें! आपका दिन अच्छा रहे! बूबी! :),3,2
HI, नमस्ते,2,0
"And, May I know your email address please?"," और, क्या मैं आपका ईमेल पता कृपया जान सकता हूँ?",2,0
change our seat assignment, हमारी सीट असाइनमेंट बदलें,0,0
Good morning! You've reached Flamingo customers service. How may I help you today?, सुबह बख़ैर! आप फ्लेमिंगो ग्राहक सेवा तक पहुँच चुके हैं। आज मैं आपकी कैसे मदद कर सकता हूँ?,3,1
Good Evening!, नमस्ते!,3,2
Hello! Good morning. You've reached LMT Airways. How may I assist you today?, नमस्ते! सुबह बख़ैर। आप एलएमटी एयरवेज पहुंच गए हैं। आज मैं आपकी मदद किस तरह कर सकता हूँ?,3,0
ok thankyou i wait for you information, ओके थैंक्यू मैं आपकी जानकारी का इंतजार कर रहा हूं,3,0
hi, नमस्ते,2,0
You're welcome! Would there be anything else that I may help you wit?,आपका स्वागत है! क्या कुछ और होगा जिससे मैं आपकी मदद कर सकूं?,2,2
"I apologize, I'll be unable to help you get your seat number. However, if you want me to check you seat assignment, I'd be glad to help you get that."," मैं क्षमा चाहता हूं, मैं आपकी सीट संख्या प्राप्त करने में आपकी सहायता नहीं कर पाऊंगा। हालांकि, अगर आप चाहते हैं कि मैं आपको सीट असाइनमेंट की जांच कराऊं, तो मुझे इसे प्राप्त करने में आपकी मदद करने में खुशी होगी।",3,1
"You're welcome! Thank you for visiting us, we are always here whenever you need us. Have a safe flight!"," आपका स्वागत है! हमारे पास आने के लिए धन्यवाद, जब भी आपको हमारी आवश्यकता होती है हम हमेशा यहां होते हैं। एक सुरक्षित उड़ान की कामना करते हैं!",3,2
"Fantastic! Here's your seat number K17 which is a middle seat, Is that okay for you?"," ज़बरदस्त! ये रहा आपकी सीट नंबर K17 जो बीच की सीट है, क्या यह आपके लिए ठीक है?",3,2
ok, ठीक है,2,0
"I NEED TO BOOK A TICKET FOR FLIGHT
", मुझे उड़ान के लिए टिकट बुक करने की आवश्यकता है,1,0
"Thank you for visiting us, wish to serve you again. Have a safe flight!"," हमारे पास आने के लिए धन्यवाद, मैं फिर से आपकी सेवा करना चाहता हूं। एक सुरक्षित उड़ान की कामना करते हैं!",3,2
i wants to book a flight, मैं एक उड़ान बुक करना चाहता हूँ,1,0
"Good news! You must be the luckiest one, I've found the best aisle seat for you and there's only one middle seat. That's 8LM, should I confirm the seat for you?"," खुशखबरी! आप सबसे भाग्यशाली होंगे, मैंने आपके लिए सबसे अच्छी गलियारा सीट ढूंढी है और केवल एक बीच की सीट है। वह 8LM है, क्या मुझे आपके लिए सीट की पुष्टि करनी चाहिए?",3,2
Sure! Please allow me a moment to check the details of the seat., ज़रूर! कृपया मुझे सीट के विवरण की जांच करने के लिए कुछ समय दें।,2,0
"Giovani Reed
", जियोवानी रीड,0,0
"Thank you Hari, would you prefer middle seat, aisle seat or window seat?"," धन्यवाद हरि, क्या आप बीच वाली सीट, गलियारे वाली सीट या खिड़की वाली सीट पसंद करेंगे?",3,0
You can search in any of these days... Any date is okay between September 3rd to September 7th.., आप इनमें से किसी भी दिन खोज सकते हैं... 3 सितंबर से 7 सितंबर के बीच कोई भी तारीख ठीक है..,2,0
SSG245, एसएसजी245,0,0
CAN YOU PLEASE SEND ME MY BOARDING PASS, क्या आप कृपया मुझे मेरा बोर्डिंग पास भेज सकते हैं,3,0
"Sorry, here is my correct booking number A548B1"," क्षमा करें, यहाँ मेरा सही बुकिंग नंबर A548B1 है",3,0
Thank you for choosing us to travel. Good day!, हमें यात्रा करने के लिए चुनने के लिए धन्यवाद। अच्छा दिन!,3,2
ok thanks, ठीक है धन्यवाद,3,0
okay., ठीक है।,2,0
Alright! May I know the dates when you'd like to travel?, ठीक है! क्या मैं उन तारीखों को जान सकता हूँ जब आप यात्रा करना चाहेंगे?,3,0
Awesome! Thank you so much for baring with my questions. Just allow me a moment I'll quickly go ahead and book your flight tickets., बहुत बढ़िया! मेरे सवालों को टालने के लिए आपका बहुत-बहुत धन्यवाद। बस मुझे एक पल दें मैं जल्दी से आगे बढ़कर आपकी फ्लाइट की टिकट बुक कर देता हूँ।,3,2
"Awesome! Thank you for reaching out to us, it's a pleasure assisting you. Have a great day and happy traveling!"," बहुत बढ़िया! हमसे संपर्क करने के लिए धन्यवाद, आपकी सहायता करना खुशी की बात है। आपका दिन शुभ हो और यात्रा सुखद हो!",3,2
"Sure, I'll send it on your phone number again."," ज़रूर, मैं इसे आपके फ़ोन नंबर पर फिर से भेजूँगी।",2,0
Ok. will do it later. Is that okay with you?,ठीक। बादमे करुँगी। क्या आपके आपके लिए सही है?,2,0
"Thank you for staying connected, there's Lm 56 (Middle) seat assigned to you. "," जुड़े रहने के लिए धन्यवाद, आपको एलएम 56 (मध्य) सीट सौंपी गई है।",3,0
OK, ठीक है,2,0
"Hello there, how may I assist you today?
"," नमस्ते, मैं आज आपकी कैसे सहायता कर सकता हूँ?",3,0
check my seat assignment, मेरी सीट असाइनमेंट की जाँच करें,2,0
hi, नमस्ते,2,0
MY boarding pass to be sent to your email address or phone number, मेरा बोर्डिंग पास आपके ईमेल पते या फोन नंबर पर भेजा जाएगा,1,0
"I really appreciate for your patience, there's PH 6 (Window) seat assigned to you. "," मैं वास्तव में आपके धैर्य की सराहना करता हूं, आपको PH 6 (विंडो) सीट सौंपी गई है।",3,2
Glad to help you today. Please go through this website: www.pilotairlines.com in case of any query and help us help you. Good day!, आज आपकी मदद करके खुशी हुई। कृपया इस वेबसाइट को देखें: www.pilotairlines.com किसी भी प्रश्न के मामले में और आपकी सहायता करने में हमारी सहायता करें। अच्छा दिन!,3,2
"Alright! Thanks for choosing our services, have a great day. Goodbye."," ठीक है! हमारी सेवाओं को चुनने के लिए धन्यवाद, आपका दिन शुभ हो। अलविदा।",3,2
"My pleasure! Have a great day, goodbye."," मेरा सौभाग्य! आपका दिन शुभ हो, अलविदा।",3,2
Thank you very much. Ifeel very happy now., आपका बहुत बहुत धन्यवाद। इफील अब बहुत खुश है।,3,2
I like Window seat., मुझे विंडो सीट पसंद है।,2,2
"You're welcome, is there anything else I may assist you with?"," आपका स्वागत है, क्या कुछ और है जिसमें मैं आपकी सहायता कर सकता हूँ?",2,2
"NO, I NEED MIDDLE SEAT"," नहीं, मुझे बीच की सीट चाहिए",1,0
I travel to Chennai to Mumbai, मैं चेन्नई से मुंबई की यात्रा करता हूं,1,0
Awesome! Could you also please share your email address or contact number?, बहुत बढ़िया! क्या आप कृपया अपना ईमेल पता या संपर्क नंबर भी साझा कर सकते हैं?,3,2
kerala to chennai, केरल से चेन्नई,2,0
Good morning, सुबह बख़ैर,3,2
"Thank you Ravi, please allow me a moment to check the seats assigned to you."," धन्यवाद रवि, कृपया मुझे आपको सौंपी गई सीटों की जाँच करने के लिए एक क्षण का समय दें।",3,0
This is David, यह डेविड है,2,0
d53h75, d53h75,0,0
7856546798,7856546798,0,0
My pleasure! Is there anything else I may help you with?, मेरा सौभाग्य! क्या कुछ और है जिसमें मैं आपकी मदद कर सकता हूं?,3,2
"Hello there, how may I assist you today?
"," नमस्ते, मैं आज आपकी कैसे सहायता कर सकता हूँ?",3,0
Thank you. Your seat is confirmed to window seat A7. Would you need anything else?, शुक्रिया। आपकी सीट विंडो सीट A7 से कंफर्म है। क्या आपको कुछ और चाहिए होगा?,3,0
Hey there! Good morning. You're connected to LMT Airways. How may I help you?, सुनो! सुबह बख़ैर। आप एलएमटी एयरवेज से जुड़े हैं। क्या मेरे द्वारा आपकी कोई सहायता हो सकती है?,3,0
bye, अलविदा,2,0
sure, ज़रूर,2,0
ok, ठीक है,2,0
i wants to book a ticket flight, मैं एक टिकट उड़ान बुक करना चाहता हूँ,1,0
No problem at all. Thank you for the confirmation., बिल्कुल भी परेशानी नहीं है। पुष्टिकरण के लिए धन्यवाद।,3,2
GOOD MORNING TO YOU ALSO, आपको भी सुप्रभात,3,2
Thanks for your great support on time..., समय पर आपके महान समर्थन के लिए धन्यवाद...,3,2
Yes that would be fine. Please confirm it, हाँ यह ठीक रहेगा। कृपया इसकी पुष्टि करें,2,0
Sure go ahead and how much is it. My budget is 300 max,ज़रूर आगे बढ़ें और यह कितना है। मेरा बजट अधिकतम 300 है,2,0
"Awesome! Thank you Mr.Jack. Please allow me a moment, I'll get back to your with the details."," बहुत बढ़िया! धन्यवाद श्रीमान जैक। कृपया मुझे एक क्षण दें, मैं विवरण के साथ आपके पास वापस आऊंगा।",3,2
no thanks," जी नहीं, धन्यवाद",3,1
"Sure, we are here to assist you always! May I know your last name please?"," ज़रूर, हम यहाँ हमेशा आपकी सहायता के लिए हैं! क्या मैं आपका अंतिम नाम जान सकता हूँ?",3,0
"Alright! It was great assisting you, thanks for choosing our services. Have a safe flight, goodbye."," ठीक है! आपकी सहायता करके बहुत अच्छा लगा, हमारी सेवाओं को चुनने के लिए धन्यवाद। एक सुरक्षित उड़ान लो, अलविदा।",3,2
Hi, नमस्ते,2,0
send to mobile number, मोबाइल नंबर पर भेजें,0,0
ok, ठीक है,2,0
"Sure, I'll be happy to do thaat for you. Please just give me a minute to check if there are any seats available."," ज़रूर, मुझे आपके लिए ऐसा करने में खुशी होगी। कृपया मुझे यह देखने के लिए एक मिनट का समय दें कि क्या कोई सीट उपलब्ध है।",3,0
" ""Book"" a plane ticket"," ""बुक"" एक हवाई जहाज का टिकट",2,0
OK, ठीक है,2,0
Great! Could you please help me with the city of departure and the city of arrival?,महान! क्या आप कृपया प्रस्थान के शहर और आगमन के शहर के बारे में मेरी मदद कर सकते हैं?,3,2
Beatriz@mail.com, बीट्रिज़@mail.com,0,0
"Hello there, how may I assist you today?
"," नमस्ते, मैं आज आपकी कैसे सहायता कर सकता हूँ?",3,0
ok, ठीक है,2,0
You're always welcome! Have a great day ahead and a safe journey! It was a pleasure assisting you., आपका हमेशा स्वागत है! आगे का दिन अच्छा हो और सुरक्षित यात्रा हो! आपकी सहायता करना खुशी की बात थी।,3,2
Fantastic! I have sent your boarding pass to your given contact number. Would there be anything else that I may help you with?, ज़बरदस्त! मैंने आपका बोर्डिंग पास आपके दिए गए संपर्क नंबर पर भेज दिया है। क्या कुछ और होगा जिसमें मैं आपकी मदद कर सकूं?,3,2
bye, अलविदा,2,0
ANAND.SR1307@GMAIL.COM, आनंद.SR1307@GMAIL.COM,0,0
my name is arun, मेरा नाम अरुण है,1,0
Awesome! May I know your preferred date as well?, बहुत बढ़िया! क्या मैं आपकी पसंदीदा तारीख भी जान सकता हूँ?,3,2
I WANTS TO BOOK A TICKET FLIGHT, मैं एक टिकट उड़ान बुक करना चाहता हूँ,1,0
m14m12, एम14एम12,0,0
Sure! I'd be glad to help you with that. May I know your last name please?, ज़रूर! मुझे इसमें आपकी मदद करने में खुशी होगी। क्या मैं आपका अंतिम नाम जान सकता हूँ?,3,0
jet airways, जेट एयरवेज,0,0
Good morning! You've reached Flamingo customers service. How may I help you today?, सुबह बख़ैर! आप फ्लेमिंगो ग्राहक सेवा तक पहुँच चुके हैं। आज मैं आपकी कैसे मदद कर सकता हूँ?,3,1
Hey Jese! Nice meeting you! Could you please share your booking confirmation number with me?, अरे जेसी! आप से मिल कर अच्छा लगा! क्या आप कृपया अपना बुकिंग पुष्टिकरण नंबर मेरे साथ साझा कर सकते हैं?,3,2
"Dear user, please read the instructions provided to you and reply accordingly."," प्रिय उपयोगकर्ता, कृपया आपको दिए गए निर्देशों को पढ़ें और तदनुसार उत्तर दें।",2,0
Please take you time and come up with happy news for me :), कृपया अपना समय लें और मेरे लिए खुशखबरी लेकर आएं :),2,2
ok, ठीक है,2,0
Okay Thank you, ठीक है धन्यवाद,3,2
bye, अलविदा,2,0
"Good news! I have processed your request of changing your seat and your new seat  number is 3b which is a middle seat, hope that will be comfortable.","खुशखबरी! मैंने आपकी सीट बदलने के आपके अनुरोध को संसाधित कर दिया है और आपकी नई सीट संख्या 3बी है जो कि बीच की सीट है, आशा है कि यह आरामदायक होगी।",3,2
"I really appreciate for staying connected. As per the booking confirmation number, your seat number is L3 Middle. "," मैं वास्तव में जुड़े रहने के लिए सराहना करता हूं। बुकिंग कन्फर्मेशन नंबर के अनुसार, आपका सीट नंबर L3 मिडिल है।",3,2
"Good news!! I've checked here, there is one middle seat available and I've assigned that to you. the number is o8. Is there anything else I may help you with?"," खुशखबरी!! मैंने यहाँ जाँच की है, वहाँ एक बीच की सीट उपलब्ध है और मैंने वह आपको सौंप दी है। संख्या o8 है। क्या कुछ और है जिसमें मैं आपकी मदद कर सकता हूं?",3,2
SURE. THANK YOU, ज़रूर। धन्यवाद,3,2
Great news! I've successfully changed you to an aisle seat which is K76. Is there anything else that you need?, बढ़िया खबर! मैंने आपको सफलतापूर्वक एक गलियारे की सीट में बदल दिया है जो कि K76 है। क्या कुछ और है जो आपको चाहिए?,3,2
"Always a pleasure! I've changed and confirmed the seat for you, is there anything else I may assist you with?"," हमेशा एक खुशी की बात है! मैंने आपके लिए सीट बदल दी है और पुष्टि कर दी है, क्या मैं आपकी सहायता के लिए कुछ और कर सकता हूँ?",3,2
Delhi to Kolkata, दिल्ली से कोलकाता,2,0
26 08 2018,26 08 2018,0,0
no thanks," जी नहीं, धन्यवाद",3,1
I need to know about my seat assignment, मुझे अपने सीट असाइनमेंट के बारे में जानने की जरूरत है,2,0
Sure thing! May I know your full name and the booking confirmation number?, अवश्य! क्या मैं आपका पूरा नाम और बुकिंग पुष्टिकरण संख्या जान सकता हूँ?,2,0
"Appreciate your patience! Your seat is 5A, middle seat. Anything else I may help you with?"," अपने धैर्य की सराहना! आपकी सीट 5ए, बीच की सीट है। कुछ और मैं आपकी मदद कर सकता हूँ?",3,2
Could you please be clear with your information provided?, क्या आप कृपया प्रदान की गई अपनी जानकारी के साथ स्पष्ट हो सकते हैं?,3,0
W345X4, W345X4,0,0
"hi,good morning", हाय सुप्रभात,3,0
I apologize however the last seat is now occupied by some other passenger., मैं क्षमा चाहता हूँ लेकिन अब अंतिम सीट पर किसी अन्य यात्री का कब्जा है।,3,1
"Hello there! Sky high customer services, How may I help you today?"," नमस्ते! स्काई हाई कस्टमर सर्विसेज, मैं आज आपकी कैसे मदद कर सकता हूं?",3,0
Great! Please allow me a moment to process your request., महान! कृपया मुझे आपके अनुरोध को संसाधित करने के लिए कुछ समय दें।,3,2
qvc001, क्यूवीसी001,0,0
YUH678, YUH678,0,0
"Great! Could you please confirm if its a non-stop flight, also please tell me how many on board for that day?","महान! क्या आप कृपया पुष्टि कर सकते हैं कि क्या यह एक नॉन-स्टॉप उड़ान है, कृपया मुझे यह भी बताएं कि उस दिन कितने लोग सवार थे?",3,2
I want to check my seat assignment, मैं अपने सीट असाइनमेंट की जांच करना चाहता हूं,2,0
ok, ठीक है,2,0
Perfect! Thank you for that. Your boarding pass will be sent to your email address very soon., उत्तम! उसके लिये आपका धन्यवाद। आपका बोर्डिंग पास बहुत जल्द आपके ईमेल पते पर भेज दिया जाएगा।,3,2
okay alright, ठीक है ठीक है,2,0
Hi, नमस्ते,2,0
Wonderful! I've booked the tickets and you'll be receiving a confirmation mail with the link to make the payment. Is there anything else that I may help you with?, अद्भुत! मैंने टिकट बुक कर लिए हैं और आपको भुगतान करने के लिए लिंक के साथ एक पुष्टिकरण मेल प्राप्त होगा। क्या कुछ और है जिसमें मैं आपकी मदद कर सकता हूं?,3,2
OK, ठीक है,2,0
"Hello there, how may I assist you today?
"," नमस्ते, मैं आज आपकी कैसे सहायता कर सकता हूँ?",3,0
"I'm sorry, If there was a delay in the reply. However, It would be great if you be little patient. "," मुझे खेद है, अगर उत्तर में देरी हुई हो। हालाँकि, यह बहुत अच्छा होगा यदि आप थोड़ा धैर्य रखें।",3,1
"I hope you have a great day ahead. Goodbye!
", मुझे आशा है कि आपके लिए आगे एक अच्छा दिन होगा। अलविदा!,3,2
"Great! May I know the number of passengers for the booking and also the would you prefer the booking for economic, business or the first class?"," महान! क्या मैं बुकिंग के लिए यात्रियों की संख्या जान सकता हूं और क्या आप आर्थिक, व्यावसायिक या प्रथम श्रेणी के लिए बुकिंग करना पसंद करेंगे?",3,2
Sure! I'll do that. Could you please hold on for a minute?, ज़रूर! मैं ऐसा करूंगा। क्या आप कृपया एक मिनट के लिए रुक सकते हैं?,3,0
I'm Jennifer, मैं जेनिफर हूँ,1,0
I've a good news for you. There is just 1 aisle seat available on your flight which is the V5. Do you want me to confirm that seat for you?, मेरे पास आपके लिए एक अच्छी खबर है। आपकी उड़ान में केवल 1 गलियारा सीट उपलब्ध है जो V5 है। क्या आप चाहते हैं कि मैं आपके लिए उस सीट की पुष्टि कर दूं?,3,2
ok, ठीक है,2,0
hai, हाय,2,0
Nothing!, कुछ भी तो नहीं!,2,0
For further details about the airlines please visit our website., एयरलाइंस के बारे में अधिक जानकारी के लिए कृपया हमारी वेबसाइट देखें।,2,0
I'll help you out with that. May I know your full name and the booking confirmation number?, मैं इसमें आपकी मदद करूंगा। क्या मैं आपका पूरा नाम और बुकिंग पुष्टिकरण संख्या जान सकता हूँ?,3,0
"You mean, the second flight right? whose departure time is 10:00 PM and arrival time is 12:00 PM?"," तुम्हारा मतलब है, दूसरी उड़ान है ना? जिसका प्रस्थान समय रात्रि 10:00 बजे है और आगमन का समय दोपहर 12:00 बजे है?",1,0
No Thanks," जी नहीं, धन्यवाद",3,1
"Awesome! In order to place your booking, I'll need to know your Full name and mail id. Kindly provide me the same.","बहुत बढ़िया! आपकी बुकिंग करने के लिए, मुझे आपका पूरा नाम और मेल आईडी जानना होगा। कृपया मुझे वही प्रदान करें।",3,2
AALISHA confirmation number TY653E, अलीशा पुष्टिकरण संख्या TY653E,0,0
sure its hhj876, यकीन है कि यह hhj876,2,0
"Surely, thank you. The boarding pass has been sent to the email address provided. If you have any other queries regarding the travel, please feel free to get back to us."," ज़रूर, धन्यवाद। बोर्डिंग पास दिए गए ईमेल पते पर भेज दिया गया है। यदि आपके पास यात्रा के संबंध में कोई अन्य प्रश्न हैं, तो कृपया बेझिझक हमसे संपर्क करें।",3,0
OK, ठीक है,2,0
YES MY SEAT NUMBER RKSIPL 4525, हाँ मेरी सीट संख्या आरकेएसआईपीएल 4525,2,0
Awesome! Your details have been verified. May I know the your mail id or phone number?, बहुत बढ़िया! आपके विवरण सत्यापित कर दिए गए हैं। क्या मैं आपकी मेल आईडी या फोन नंबर जान सकता हूं?,3,2
"Thank you for visiting us, wish to serve you again. Have a wonderful flight!"," हमारे पास आने के लिए धन्यवाद, मैं फिर से आपकी सेवा करना चाहता हूं। एक अद्भुत उड़ान लो!",3,2
check my seat assignment, मेरी सीट असाइनमेंट की जाँच करें,2,0
"Hi, Good Morning. I wants to book a flight.", हाय सुप्रभात। मैं एक फ्लाइट बुक करना चाहता हूं।,3,0
Awesome! Thank you for reaching out to us. Have a memorable journey. Bye., बहुत बढ़िया! हमसे संपर्क की पहल के लिए आपका धन्यवाद। यादगार यात्रा हो। अलविदा।,3,2
You're welcome and let me know if there is anything else I may help with today?, आपका स्वागत है और मुझे बताएं कि क्या आज मैं कुछ और मदद कर सकता हूं?,2,2
FIVE MEMBERS, पांच सदस्य,0,0
no thanks," जी नहीं, धन्यवाद",3,1
If any flight under $300., यदि कोई उड़ान $300 से कम है।,0,0
Awesome! Thanks a lot for sharing all that information. I'll go ahead and proceed as per your request! :), बहुत बढ़िया! वह सारी जानकारी साझा करने के लिए बहुत-बहुत धन्यवाद। मैं आगे बढ़ूंगा और आपके अनुरोध के अनुसार आगे बढ़ूंगा! :),3,2
"Absolutely! I'll be glad to help you in this, may I please know your last name?"," बिल्कुल! मुझे इसमें आपकी मदद करने में खुशी होगी, क्या मैं आपका उपनाम जान सकता हूँ?",3,2
Fantastic! Thank you for reaching out to us. Have a great journey. Bye., ज़बरदस्त! हमसे संपर्क की पहल के लिए आपका धन्यवाद। शानदार यात्रा करें। अलविदा।,3,2
i need a boarding pass, मुझे बोर्डिंग पास चाहिए,1,0
B234A6, बी234ए6,0,0
Morning, सुबह,2,0
thank you, धन्यवाद,2,2
You're always welcome! Have a great day ahead and a safe journey! It was a pleasure assisting you., आपका हमेशा स्वागत है! आगे का दिन अच्छा हो और सुरक्षित यात्रा हो! आपकी सहायता करना खुशी की बात थी।,3,2
my email address is cameron.brave@hotmail.com, मेरा ईमेल पता है camron.brave@hotmail.com,1,0
ok thanks, ठीक है धन्यवाद,3,0
My updated Phone number is 849-243-1388, मेरा अपडेट किया गया फ़ोन नंबर 849-243-1388 . है,1,0
"You're welcome, I've confirmed the flight for you. To send the confirmation link I'd require your email address or phone number. Could you please help me with the details?","आपका स्वागत है, मैंने आपके लिए उड़ान की पुष्टि कर दी है। पुष्टिकरण लिंक भेजने के लिए मुझे आपके ईमेल पते या फ़ोन नंबर की आवश्यकता होगी। क्या आप कृपया मुझे विवरण के साथ मदद कर सकते हैं?",3,0
Pleasure's mine. You can go through this website: www.pilotairlines.com in case of any query and help us help you. Good day!,आनंद मेरा है। किसी भी प्रश्न के मामले में आप इस वेबसाइट www.pilotairlines.com पर जा सकते हैं और आपकी सहायता करने में हमारी सहायता कर सकते हैं। अच्छा दिन!,3,2
i want to know seat no, मुझे सीट नंबर जानना है,1,0
Thanks for the information..K12 window seat ok for me., जानकारी के लिए धन्यवाद..K12 विंडो सीट मेरे लिए ठीक है।,3,2
Roberts could you also help me out with the booking confirmation number?, रॉबर्ट्स क्या आप बुकिंग पुष्टिकरण संख्या के बारे में भी मेरी मदद कर सकते हैं?,3,0
Ramkumar could you also help me out with your phone number or email address for the boarding pass to be sent to you?, रामकुमार क्या आप मुझे बोर्डिंग पास भेजने के लिए अपने फोन नंबर या ईमेल पते के साथ मेरी मदद कर सकते हैं?,3,0
My pleasure! goodbye!, मेरा सौभाग्य! अलविदा!,2,2
Alright! Could you also share your booking confirmation number?, ठीक है! क्या आप अपनी बुकिंग पुष्टिकरण संख्या भी साझा कर सकते हैं?,3,0
-10635, +1-256-695-9685,0,0
You're welcome! May I confirm if all your questions have been answered for the day?, आपका स्वागत है! क्या मैं पुष्टि कर सकता हूँ कि क्या उस दिन के लिए आपके सभी प्रश्नों का उत्तर दे दिया गया है?,3,2
Great! Where are you willing to travel to?, महान! आप कहाँ यात्रा करने को तैयार हैं?,3,2
Thank you staying on hold. I appreciate your patience. Your seat number is B6 and it is a window seat. Is there anything else that I may help you with?, होल्ड पर रहने के लिए धन्यवाद। मैं आपके धैर्य की सराहना करता हूँ। आपकी सीट का नंबर बी6 है और यह विंडो सीट है। क्या कुछ और है जिसमें मैं आपकी मदद कर सकता हूं?,3,2
Excellent! Thank you! Just give me a minute I'll go ahead and check that and get back to you., उत्कृष्ट! आपको धन्यवाद! बस मुझे एक मिनट दें मैं आगे बढ़ूंगा और इसकी जांच करूंगा और आपके पास वापस आऊंगा।,3,2
OKAY BUT I NEED A WINDOW SEAT PLEASE," ठीक है, लेकिन कृपया मुझे एक विंडो सीट चाहिए",3,1
Thank you. I've sent you the boarding pass on your email address. I hope this is helpful., शुक्रिया। मैंने आपको आपके ईमेल पते पर बोर्डिंग पास भेज दिया है। मुझे आशा है कि यह मददगार है।,3,0
hello, नमस्ते,2,0
Perfect! May I know how would you prefer your boarding pass to be sent to your email address or phone number?,उत्तम! क्या मैं जान सकता हूं कि आप अपने बोर्डिंग पास को अपने ईमेल पते या फोन नंबर पर कैसे भेजना पसंद करेंगे?,3,2
For sure! I'll help you with that. Could you please let me know your last name and the booking confirmation number?, पक्का! मैं इसमें आपकी मदद करूंगा। क्या आप कृपया मुझे अपना अंतिम नाम और बुकिंग पुष्टिकरण संख्या बता सकते हैं?,3,0
yes okay their is comfort, हाँ ठीक है उनका आराम है,2,2
I apologize. Booking confirmation number is a 6 character code consisting of both digits and letters. Please verify that and provide a valid code., मैं क्षमाप्रार्थी हूं। बुकिंग पुष्टिकरण संख्या एक 6 वर्ण का कोड है जिसमें अंक और अक्षर दोनों होते हैं। कृपया इसे सत्यापित करें और एक मान्य कोड प्रदान करें।,3,1
ok, ठीक है,2,0
Great! I'd like to inform you that your seat has been changed successfully., महान! मैं आपको सूचित करना चाहता हूं कि आपकी सीट सफलतापूर्वक बदल दी गई है।,3,2
Superb! Thank you for reaching out to us. Have a great journey. Bye., शानदार! हमसे संपर्क की पहल के लिए आपका धन्यवाद। शानदार यात्रा करें। अलविदा।,3,2
"Awesome! Thanks for reaching out to us, hope you have a wonderful trip ahead. "," बहुत बढ़िया! हमसे संपर्क करने के लिए धन्यवाद, आशा है कि आपकी आगे की यात्रा शानदार रही होगी।",3,2
Absolutely! I'd be glad to help you in this regard. Could you please help me with your last name and your booking confirmation number?, बिल्कुल! मुझे इस संबंध में आपकी मदद करने में खुशी होगी। क्या आप कृपया अपने अंतिम नाम और अपनी बुकिंग पुष्टिकरण संख्या के साथ मेरी मदद कर सकते हैं?,3,2
PLEASE SENT ME A BOARDING PASS TO MY MAIL, कृपया मुझे मेरे मेल पर एक बोर्डिंग पास भेजें,2,0
Sure! Please allow me a moment to check if that is available., ज़रूर! कृपया मुझे यह जांचने के लिए एक क्षण दें कि क्या यह उपलब्ध है।,2,0
You're welcome! Please do reach out to us in case of any queries. Have a great day and a safe journey!, आपका स्वागत है! कृपया किसी भी प्रश्न के मामले में हमसे संपर्क करें। आपका दिन शुभ हो और सुरक्षित यात्रा हो!,3,2
"Always a pleasure! Thank you for reaching out to us, it's a pleasure assisting you. Have a great day and happy traveling!"," हमेशा एक खुशी की बात है! हमसे संपर्क करने के लिए धन्यवाद, आपकी सहायता करना खुशी की बात है। आपका दिन शुभ हो और यात्रा सुखद हो!",3,2
james, जेम्स,0,0
Hi, नमस्ते,3,0
ok thank you  so much, ठीक है आपका बहुत धन्यवाद,3,2
Confirmation# U8HYH5, पुष्टि# U8HYH5,0,0
thanks your information's, धन्यवाद आपकी जानकारी,3,2
no, नहीं,1,1
You want to change the seat allotted or the tickets?, आप आवंटित सीट या टिकट बदलना चाहते हैं?,2,0
For sure! Could you please let me know your last  name and the booking confirmation number?, पक्का! क्या आप कृपया मुझे अपना अंतिम नाम और बुकिंग पुष्टिकरण संख्या बता सकते हैं?,3,0
"Hey there, Good morning! You've reached Jet fly customer service! You're connected to Sam! I'd be glad to assist you today!"," अरे वहाँ, सुप्रभात! आप जेट फ्लाई ग्राहक सेवा तक पहुँच चुके हैं! आप सैम से जुड़े हुए हैं! मुझे आज आपकी सहायता करने में खुशी होगी!",3,2
Thanks for the information. I feel seat number H87 very comfortable for me.,सूचना के लिए धन्यवाद। मुझे लगता है कि सीट नंबर H87 मेरे लिए बहुत आरामदायक है।,3,2
I'll help you out with that. May I know your full name and the booking confirmation number?, मैं इसमें आपकी मदद करूंगा। क्या मैं आपका पूरा नाम और बुकिंग पुष्टिकरण संख्या जान सकता हूँ?,3,0
"I'm glad that was helpful, thank you for reaching out to us. Have a great day ahead and happy traveling! "," मुझे खुशी है कि यह मददगार था, हमसे संपर्क करने के लिए धन्यवाद। आगे का दिन अच्छा हो और यात्रा सुखद हो!",3,2
Could you also help me out with your booking confirmation number?, क्या आप अपनी बुकिंग पुष्टिकरण संख्या के बारे में भी मेरी मदद कर सकते हैं?,3,0
mgr201213@gmail.com, mgr201213@gmail.com,0,0
no thanks," जी नहीं, धन्यवाद",3,1
hello Casey, हैलो केसी,3,0
Awesome! I'd be glad to help you with that. May I know your last name please?, बहुत बढ़िया! मुझे इसमें आपकी मदद करने में खुशी होगी। क्या मैं आपका अंतिम नाम जान सकता हूँ?,3,2
"Absolutely! I'll be glad to help you in this, may I please know your last name and booking confirmation number?"," बिल्कुल! मुझे इसमें आपकी मदद करने में खुशी होगी, क्या मैं आपका अंतिम नाम और बुकिंग पुष्टिकरण नंबर जान सकता हूं?",3,2
"Thank you for staying connected, as per the booking confirmation number you've been assigned to H7 window seat. "," जुड़े रहने के लिए धन्यवाद, बुकिंग पुष्टिकरण संख्या के अनुसार आपको H7 विंडो सीट पर असाइन किया गया है।",3,2
"That's it, thank you."," बस इतना ही, धन्यवाद।",3,0
ashok, अशोक,2,0
OKAY, ठीक है,2,0
ok mam, ठीक है माँ,2,0
Should I confirm it as 12 September 2018?, क्या मुझे इसकी पुष्टि 12 सितंबर 2018 के रूप में करनी चाहिए?,1,0
Wonderful! Please feel free to reach out to us for further queries. Have an amazing journey. Bye., अद्भुत! कृपया आगे के प्रश्नों के लिए हमसे बेझिझक संपर्क करें। एक अद्भुत यात्रा करें। अलविदा।,3,2
no.okay bye see you later," नहीं.ठीक है, बाद में मिलते हैं",2,0
"Perfect! Well Mr.James  your seat number is C12 which is a window seat, Is that okay?"," उत्तम! ठीक है मिस्टर जेम्स आपकी सीट का नंबर C12 है जो एक विंडो सीट है, क्या यह ठीक है?",3,2
OK, ठीक है,2,0
Great! May I have your email address please?, महान! क्या मुझे आपका ईमेल पता मिल सकता है?,3,2
Sure thing! May I know your last name and your booking confirmation number?, अवश्य! क्या मैं आपका अंतिम नाम और आपकी बुकिंग पुष्टिकरण संख्या जान सकता हूँ?,2,0
YES, हां,2,2
ok, ठीक है,2,0
yes connected, हाँ जुड़ा हुआ है,2,0
"Sure! I'll be glad to help you in this, may I please know your last name and booking confirmation number?"," ज़रूर! मुझे इसमें आपकी मदद करने में खुशी होगी, क्या मैं आपका अंतिम नाम और बुकिंग पुष्टिकरण नंबर जान सकता हूं?",3,0
"Nothing else, Thank you for your information. Have a nice day to chat with you. "," और कुछ नहीं, आपकी जानकारी के लिए धन्यवाद। आपके साथ चैट करने के लिए एक अच्छा दिन है।",3,0
Thank you for staying connected. We've got Go Air flying in the morning and the estimated arrival is 10AM. The ticket fare is $300. Would you like that?, जुड़े रहने के लिए धन्यवाद। हमारे पास गो एयर सुबह उड़ान भर रही है और अनुमानित आगमन सुबह 10 बजे है। टिकट का किराया 300 डॉलर है। क्या तुम वह पसंद करोगी?,3,0
Surely! I'll help you with that. Could you please help me with your last name and your booking confirmation number?, निश्चित रूप से! मैं इसमें आपकी मदद करूंगा। क्या आप कृपया अपने अंतिम नाम और अपनी बुकिंग पुष्टिकरण संख्या के साथ मेरी मदद कर सकते हैं?,3,0
want to check my seat assignment., मेरी सीट असाइनमेंट की जांच करना चाहते हैं।,2,0
"I'm glad that was helpful, thank you for reaching out to us. Have a great day ahead and happy traveling! "," मुझे खुशी है कि यह मददगार था, हमसे संपर्क करने के लिए धन्यवाद। आगे का दिन अच्छा हो और यात्रा सुखद हो!",3,2
i don't want window seat please change seat, मुझे विंडो सीट नहीं चाहिए कृपया सीट बदलें,3,1
I need a boarding pass, मुझे बोर्डिंग पास चाहिए,1,0
okat sure iam waitting, ठीक है मैं इंतज़ार कर रहा हूँ,2,0
Sure! Could you please let me know your last name and the booking confirmation number?, ज़रूर! क्या आप कृपया मुझे अपना अंतिम नाम और बुकिंग पुष्टिकरण संख्या बता सकते हैं?,3,0
"Nice to meet you, Sudha! Where are you travelling from?"," आपसे मिलकर अच्छा लगा, सुधा! आप कहां से यात्रा कर रहे हैं?",3,2
Thank you for your patience. As per the confirmation number. You're assigned a window seat which is T9. Would you like to make any changes to that?,आपके धैर्य के लिए धन्यवाद। पुष्टिकरण संख्या के अनुसार। आपको एक विंडो सीट दी गई है जो T9 है। क्या आप इसमें कोई बदलाव करना चाहेंगे?,3,2
Thanks Kumar! Could you please let me know the booking confirmation number?, धन्यवाद कुमार! क्या आप कृपया मुझे बुकिंग पुष्टिकरण संख्या बता सकते हैं?,3,2
"Awesome! Thanks for reaching out to us, hope you have a wonderful trip ahead. "," बहुत बढ़िया! हमसे संपर्क करने के लिए धन्यवाद, आशा है कि आपकी आगे की यात्रा शानदार रही होगी।",3,2
A very good morning! You've reached the Moon Airways customer service. How may I help you today?, एक बहुत अच्छी सुबह! आप मून एयरवेज ग्राहक सेवा तक पहुँच चुके हैं। आज मैं आपकी कैसे मदद कर सकता हूँ?,3,2
ZC78IO, ZC78IO,0,0
"I'm glad that was helpful, thank you for reaching out to us. Have a great day ahead and happy traveling! "," मुझे खुशी है कि यह मददगार था, हमसे संपर्क करने के लिए धन्यवाद। आगे का दिन अच्छा हो और यात्रा सुखद हो!",3,2
"That's a great choice, Their are two flights operating On 28/08/2018, One is at 4:00 PM and other at 6:00 PM, which one you would prefer?","यह एक बढ़िया विकल्प है, उनकी दो उड़ानें 28/08/2018 को चल रही हैं, एक शाम 4:00 बजे और दूसरी शाम 6:00 बजे, आप किसे पसंद करेंगे?",3,2
My last name is Smith., मेरा अंतिम नाम स्मिथ है।,1,0
"Awesome! Selva, I'm so glad to assist you! Could you please help me with your booking confirmation number?"," बहुत बढ़िया! सेल्वा, मुझे आपकी सहायता करने में बहुत खुशी हो रही है! क्या आप कृपया अपनी बुकिंग पुष्टिकरण संख्या के बारे में मेरी सहायता कर सकते हैं?",3,2
"Awesome! I've booked your flight ticket, Is there anything else I can do for you?"," बहुत बढ़िया! मैंने आपकी फ़्लाइट का टिकट बुक कर लिया है, क्या मैं आपके लिए और कुछ कर सकता हूँ?",3,2
Yes., हाँ।,2,0
WILL YOU CHECK?, क्या आप जांच करेंगे?,2,0
Hello there! A very Good morning! Welcome to Moon way airline service! How may I help you with?, नमस्ते! एक बहुत ही शुभ प्रभात! मून वे एयरलाइन सेवा में आपका स्वागत है! मैं आपकी कैसे मदद कर सकता हूँ?,3,2
hai, हाय,2,0
"Awesome! Thanks for reaching out to us, hope you have a wonderful trip ahead. "," बहुत बढ़िया! हमसे संपर्क करने के लिए धन्यवाद, आशा है कि आपकी आगे की यात्रा शानदार रही होगी।",3,2
Perfect! Ramesh could you also help me out with your phone number or email address for the boarding pass to be sent to you?, उत्तम! रमेश क्या आप मुझे अपना बोर्डिंग पास भेजने के लिए अपना फोन नंबर या ईमेल पता देने में भी मदद कर सकते हैं?,3,2
window seat, विंडो सीट,0,0
booking confirmation number bft236, बुकिंग पुष्टिकरण संख्या bft236,2,0
And the last name of yours would be?, और आपका अंतिम नाम होगा?,1,0
a booking confirmation number is kjh456, बुकिंग पुष्टिकरण संख्या kjh456 है,2,0
Yes.Thank you., हाँ धन्यवाद।,3,0
The booking confirmation number consists of 6 character (Mixed with letters and numbers)., बुकिंग पुष्टिकरण संख्या में 6 वर्ण होते हैं (अक्षरों और संख्याओं के साथ मिश्रित)।,2,0
Yeah I am Claire Divas and my number is L2X6E9," हाँ, मैं क्लेयर दिवस हूँ और मेरा नंबर L2X6E9 है",0,0
"Thanks for staying on hold, I've checked the details there is a seat 12A available according to your preference, is that okay?","होल्ड पर रहने के लिए धन्यवाद, मैंने विवरण की जांच की है कि आपकी पसंद के अनुसार सीट 12ए उपलब्ध है, क्या यह ठीक है?",3,2
Thank you, आपको धन्यवाद,2,2
Phone number: 972-087-6677, फोन नंबर: 972-087-6677,0,0
Could you let me know your query for me to help you out?, क्या आप मुझे अपनी सहायता के लिए अपनी क्वेरी बता सकते हैं?,3,0
"Yes, Okay! Thanks kavin! Just allow me a moment I'll proceed with the procedure and book your tickets! :) just few more minutes! ",हाँ ठीक है! धन्यवाद केविन! बस मुझे एक पल दें मैं प्रक्रिया के साथ आगे बढ़ूंगा और आपके टिकट बुक कर दूंगा! :) बस कुछ और मिनट!,3,2
You're most welcome! It was my pleasure assisting you! Would there be anything else I may help you with?, आपका स्वागत है! आपकी सहायता करना मेरी खुशी थी! क्या कुछ और होगा जिसमें मैं आपकी मदद कर सकूं?,3,2
Hey there! Good morning! I hope your having an amazing day! Welcome to Jet blue customer service! How may I help you today?, सुनो! सुबह बख़ैर! मुझे आशा है कि आपका दिन अद्भुत हो! जेट ब्लू ग्राहक सेवा में आपका स्वागत है! आज मैं आपकी कैसे मदद कर सकता हूँ?,3,2
Fantastic! I've booked the tickets for you and you'd be receiving a confirmation email with the link to make the payment. Is there anything else that I may help you with?,ज़बरदस्त! मैंने आपके लिए टिकट बुक कर लिए हैं और आपको भुगतान करने के लिंक के साथ एक पुष्टिकरण ईमेल प्राप्त होगा। क्या कुछ और है जिसमें मैं आपकी मदद कर सकता हूं?,3,2
REEMASAN, रीमासन,0,0
Okay, ठीक,2,0
"Surely, I'll help you get that as well. May I know your email address please?"," निश्चित रूप से, मैं इसे प्राप्त करने में भी आपकी सहायता करूँगा। क्या मैं आपका ईमेल पता कृपया जान सकता हूँ?",2,0
i want to know my confirmation number, मैं अपना पुष्टिकरण नंबर जानना चाहता हूं,2,0
Awesome! Could you please allow me a minute to check with the resources?, बहुत बढ़िया! क्या आप कृपया मुझे संसाधनों की जांच करने के लिए एक मिनट का समय दे सकते हैं?,3,2
yes, हां,2,0
economy class, किफायती वर्ग,1,0
Brian, ब्रायन,0,0
Good morning, सुबह बख़ैर,3,2
"Perfect! I've changed and confirm the seat for you, is there anything else I could help you with?"," उत्तम! मैंने आपके लिए सीट बदल दी है और पुष्टि कर दी है, क्या कुछ और है जिसमें मैं आपकी मदद कर सकता हूं?",3,2
Hey? There is some confusion? I didn't book your tickets yet. How did you get that booking confirmation number?, अरे? कुछ भ्रम है? मैंने अभी तक आपका टिकट बुक नहीं किया है। आपको वह बुकिंग पुष्टिकरण नंबर कैसे मिला?,3,1
"Sure, Not a problem. I'll help you change that. Allow me a moment, while I check for the availability."," ज़रूर, कोई समस्या नहीं है। मैं इसे बदलने में आपकी मदद करूंगा। जब तक मैं उपलब्धता की जांच करता हूं, मुझे एक क्षण दें।",2,0
Hello! Good morning. You've reached LMT Airways. How may I assist you today?, नमस्ते! सुबह बख़ैर। आप एलएमटी एयरवेज पहुंच गए हैं। आज मैं आपकी मदद किस तरह कर सकता हूँ?,3,0
Imagine you are contacting an airline you have an upcoming flight," कल्पना कीजिए कि आप एक एयरलाइन से संपर्क कर रहे हैं, आपके पास एक आगामी उड़ान है",0,0
"Sure, I am waiting for your replay."," ज़रूर, मैं आपके रीप्ले का इंतज़ार कर रहा हूँ।",2,0
Hi, नमस्ते,2,0
9:45pm is better, 9:45 बजे बेहतर है,0,0
perfect! can i get my boarding pass sent to me also please?, उत्तम! क्या मैं अपना बोर्डिंग पास मुझे भी भेज सकता हूँ?,3,2
i want to know my sent no, मैं अपना भेजा हुआ नंबर जानना चाहता हूँ,2,1
Glad to help you today. Please go through this website: www.pilotairlines.com in case of any query and help us help you. Good day!, आज आपकी मदद करके खुशी हुई। कृपया इस वेबसाइट को देखें: www.pilotairlines.com किसी भी प्रश्न के मामले में और आपकी सहायता करने में हमारी सहायता करें। अच्छा दिन!,3,2
I want middle seat, मुझे बीच की सीट चाहिए,1,0
"Fantastic! Here's your seat number K17 which is a window seat, Is that okay for you?"," ज़बरदस्त! ये रहा आपकी सीट नंबर K17 जो कि विंडो सीट है, क्या यह आपके लिए ठीक है?",3,2
"Welcome to High flying customer service! You're connected to our customer associate! Good morning! My name is Sam, How may I help you?"," उच्च उड़ान ग्राहक सेवा में आपका स्वागत है! आप हमारे ग्राहक सहयोगी से जुड़े हुए हैं! सुबह बख़ैर! मेरा नाम सैम है, मैं आपकी कैसे मदद कर सकता हूँ?",3,2
"I apologize, Could you please be more clear with your query?","मुझे खेद है, क्या आप कृपया अपनी क्वेरी के साथ और अधिक स्पष्ट हो सकते हैं?",3,0
Hello, नमस्ते,2,0
Great! Would there be anything else I may assist you with?, महान! क्या कुछ और होगा जिसमें मैं आपकी सहायता कर सकूं?,3,2
no thanks," जी नहीं, धन्यवाद",3,1
Surely! I'll be happy to help you in this regard. May I know your last name and your booking confirmation number?, निश्चित रूप से! मुझे इस संबंध में आपकी मदद करने में खुशी होगी। क्या मैं आपका अंतिम नाम और आपकी बुकिंग पुष्टिकरण संख्या जान सकता हूँ?,3,2
"Good morning! You've reached Alliance Indian Airlines, how may I help you today?"," सुबह बख़ैर! आप एलायंस इंडियन एयरलाइंस पहुंच गए हैं, मैं आज आपकी कैसे मदद कर सकता हूं?",3,0
no thanks," जी नहीं, धन्यवाद",3,1
i want to change to change my seat, मैं अपनी सीट बदलने के लिए बदलना चाहता हूँ,2,1
Sure! I'll help you in doing that., ज़रूर! मैं ऐसा करने में आपकी मदद करूंगा।,2,0
middle, मध्यम,0,0
ok thanks, ठीक है धन्यवाद,3,0
Not a problem. I'll change that for you. May I know your preferred seat? (aisle/middle/window), एक समस्या नहीं है। मैं इसे आपके लिए बदल दूंगा। क्या मैं आपकी पसंदीदा सीट जान सकता हूँ? (गलियारा/मध्य/खिड़की),2,0
my pandi@gmail.com, my pandi@gmail.com,1,0
Hey there! How may I help you?, सुनो! क्या मेरे द्वारा आपकी कोई सहायता हो सकती है?,3,0
"In order to book a ticket, please visit LMTairways.com website. Is there anything that I may help you with?"," टिकट बुक करने के लिए, कृपया LMTairways.com वेबसाइट पर जाएं। क्या ऐसा कुछ है जिसमें मैं आपकी मदद कर सकता हूं?",3,0
"Sorry to keep you waiting, you'll soon receive a mail with your boarding pass attachment and you can download them and use it. Anything else I may help you with?"," आपको प्रतीक्षा करते रहने के लिए क्षमा करें, आपको शीघ्र ही अपने बोर्डिंग पास अटैचमेंट के साथ एक मेल प्राप्त होगा और आप उन्हें डाउनलोड करके उसका उपयोग कर सकते हैं। कुछ और मैं आपकी मदद कर सकता हूँ?",3,2
"Awesome! Thanks a ton for giving me those details, Just allow me a moment I'll quickly go ahead check that for you.","बहुत बढ़िया! मुझे वह विवरण देने के लिए बहुत-बहुत धन्यवाद, बस मुझे एक क्षण की अनुमति दें, मैं जल्दी से आगे बढ़ूंगा और आपके लिए इसकी जांच करूंगा।",3,2
Superb! May I know your last name please?, शानदार! क्या मैं आपका अंतिम नाम जान सकता हूँ?,3,2
beatriz.porter@comcast.net, Beatriz.porter@comcast.net,0,0
That's alright!  I'll confirm your previous seat. Would there be anything else that I may help you with?, वह ठीक है! मैं आपकी पिछली सीट की पुष्टि कर दूंगा। क्या कुछ और होगा जिसमें मैं आपकी मदद कर सकूं?,3,0
vicky, विक्की,2,0
ok, ठीक है,2,0
"Nothing else, Thank you for your information. Have a nice day to chat with you. "," और कुछ नहीं, आपकी जानकारी के लिए धन्यवाद। आपके साथ चैट करने के लिए एक अच्छा दिन है।",3,0
Glad to help you today. Please go through this website: www.pilotairlines.com in case of any query and help us help you. Good day!, आज आपकी मदद करके खुशी हुई। कृपया इस वेबसाइट को देखें: www.pilotairlines.com किसी भी प्रश्न के मामले में और आपकी सहायता करने में हमारी सहायता करें। अच्छा दिन!,3,2
Hello! Good morning. You've reached LMT Airways. How may I assist you today?, नमस्ते! सुबह बख़ैर। आप एलएमटी एयरवेज पहुंच गए हैं। आज मैं आपकी मदद किस तरह कर सकता हूँ?,3,0
Hello! Good morning! Welcome to Sky Airway Customer Service! How may I help you today?, नमस्ते! सुबह बख़ैर! स्काई एयरवे ग्राहक सेवा में आपका स्वागत है! आज मैं आपकी कैसे मदद कर सकता हूँ?,3,0
548937,548937,0,0
9488105949,9488105949,0,0
morning flight, सुबह की उड़ान,2,0
A very good morning! You've reached the Moon Airways customer service. How may I help you today?, एक बहुत अच्छी सुबह! आप मून एयरवेज ग्राहक सेवा तक पहुँच चुके हैं। आज मैं आपकी कैसे मदद कर सकता हूँ?,3,2
yes, हां,2,0
hello, नमस्ते,2,0
Thank you for providing this information. Please wait till I check., यह जानकारी प्रदान करने के लिए धन्यवाद। कृपया मेरे द्वारा जाँच किए जाने तक प्रतीक्षा करें।,3,0
mano d14g52, मनो d14g52,1,0
no sir, नहीं साहब,1,0
Good morning! You've reached Flamingo customers service. How may I help you today?, सुबह बख़ैर! आप फ्लेमिंगो ग्राहक सेवा तक पहुँच चुके हैं। आज मैं आपकी कैसे मदद कर सकता हूँ?,3,1
Okay I'd like to inform you that the boarding pass has been sent to 999-555-66666 also and it might take up to 30 min for the boarding pass to reflect in your inbox.," ठीक है, मैं आपको सूचित करना चाहता हूं कि बोर्डिंग पास 999-555-66666 पर भी भेज दिया गया है और बोर्डिंग पास आपके इनबॉक्स में दिखाई देने में 30 मिनट तक का समय लग सकता है।",3,1
Thank you! I've sent your boarding pass to your given email address. Would there be anything else that I may help you with?, आपको धन्यवाद! मैंने आपका बोर्डिंग पास आपके दिए गए ईमेल पते पर भेज दिया है। क्या कुछ और होगा जिसमें मैं आपकी मदद कर सकूं?,3,0
I ALREADY BOOK A TICKET BUT I WANT TO CHANGE MY SEAT,मैं पहले से ही एक टिकट बुक कर चुका हूं लेकिन मैं अपनी सीट बदलना चाहता हूं,2,2
Thank you very much, आपका बहुत बहुत धन्यवाद,3,2
"Sure, we are here to assist you in the best possible way. May I know your last name please?"," निश्चित रूप से, हम यहां आपकी सर्वोत्तम संभव तरीके से सहायता करने के लिए हैं। क्या मैं आपका अंतिम नाम जान सकता हूँ?",3,0
no thanks," जी नहीं, धन्यवाद",3,1
S5V2B5, S5V2B5,0,0
I want a window seat. Could you check which is available?, मुझे विंडो सीट चाहिए। क्या आप जांच सकते हैं कि कौन सा उपलब्ध है?,3,0
"Nothing more, Thank you so much for your help"," और कुछ नहीं, आपकी मदद के लिए बहुत-बहुत धन्यवाद",3,2
For sure! I'll help you with that. Could you please let me know your last name and the booking confirmation number?, पक्का! मैं इसमें आपकी मदद करूंगा। क्या आप कृपया मुझे अपना अंतिम नाम और बुकिंग पुष्टिकरण संख्या बता सकते हैं?,3,0
I need a boarding pass, मुझे बोर्डिंग पास चाहिए,1,0
Of course! I'd be glad to help you with that. May I know your last name and your booking confirmation number?, बेशक! मुझे इसमें आपकी मदद करने में खुशी होगी। क्या मैं आपका अंतिम नाम और आपकी बुकिंग पुष्टिकरण संख्या जान सकता हूँ?,3,0
goa to chennai, गोवा से चेन्नई,0,0
Yes thanks for answering all my queries. I am satisfied with your assistance.. Thank you so much.., हाँ मेरे सभी प्रश्नों का उत्तर देने के लिए धन्यवाद। मैं आपकी सहायता से संतुष्ट हूँ .. बहुत बहुत धन्यवाद ..,3,2
Would you like the boarding pass to be sent to your email address?, क्या आप चाहते हैं कि बोर्डिंग पास आपके ईमेल पते पर भेजा जाए?,3,0
"Sure, may I know your last name please?"," ज़रूर, क्या मैं आपका अंतिम नाम जान सकता हूँ?",3,0
please send my boarding pass, कृपया मेरा बोर्डिंग पास भेजें,3,0
My prefer Aisle., मेरी पसंद का गलियारा।,2,0
Alright! May I know your mail id please?, ठीक है! क्या मैं आपकी मेल आईडी कृपया जान सकता हूँ?,3,0
Thomas I'd like to inform you that you've been allotted 9C which is a window seat., थॉमस मैं आपको सूचित करना चाहता हूं कि आपको 9सी आवंटित किया गया है जो एक विंडो सीट है।,2,0
gt85d5, gt85d5,0,0
dee3f7, डीई3एफ7,0,0
hi, नमस्ते,2,0
"Hello! You've reached Alliance Indian Airlines, may I know what you'd like me to help you with?"," नमस्ते! आप एलायंस इंडियन एयरलाइंस पहुंच गए हैं, क्या मैं जान सकता हूं कि आप मुझसे क्या मदद चाहते हैं?",3,0
ok, ठीक है,2,0
A very good morning! You've reached the Moon Airways customer service. How may I help you today?, एक बहुत अच्छी सुबह! आप मून एयरवेज ग्राहक सेवा तक पहुँच चुके हैं। आज मैं आपकी कैसे मदद कर सकता हूँ?,3,2
khj659, खजे659,2,0
Sorry.I Want change my seat., माफ़ करना।मुझे अपनी सीट बदलनी है।,3,1
Thanks, धन्यवाद,3,2
Thanks! I'd like to inform you that the boarding pass has been sent to your email address successfully., धन्यवाद! मैं आपको सूचित करना चाहता हूं कि बोर्डिंग पास आपके ईमेल पते पर सफलतापूर्वक भेज दिया गया है।,3,2
Fantastic! The boarding pass will be sent to the mail shortly., ज़बरदस्त! बोर्डिंग पास शीघ्र ही डाक से भेज दिया जाएगा।,2,2
Pauce, विराम,0,0
i would like t o book a ticket from new york to chicago, मैं न्यू यॉर्क से शिकागो का टिकट बुक करना चाहूँगा,2,0
A very good morning! You've reached the Moon Airways customer service. How may I help you today?, एक बहुत अच्छी सुबह! आप मून एयरवेज ग्राहक सेवा तक पहुँच चुके हैं। आज मैं आपकी कैसे मदद कर सकता हूँ?,3,2
HAI, हाई,2,0
ok thanks, ठीक है धन्यवाद,3,0
Hi, नमस्ते,2,0
I'm Riley, मैं रिले हूँ,1,0
"I'm glad that was helpful, thank you for reaching out to us. Have a great day ahead and happy traveling! "," मुझे खुशी है कि यह मददगार था, हमसे संपर्क करने के लिए धन्यवाद। आगे का दिन अच्छा हो और यात्रा सुखद हो!",3,2
"Sure! I'll be glad to help you, may I please know your last name?"," ज़रूर! मुझे आपकी मदद करने में खुशी होगी, क्या मैं आपका उपनाम जान सकता हूँ?",3,0
Hi, नमस्ते,3,0
"I'm glad that was helpful, thank you for reaching out to us. Have a great day ahead and happy traveling! "," मुझे खुशी है कि यह मददगार था, हमसे संपर्क करने के लिए धन्यवाद। आगे का दिन अच्छा हो और यात्रा सुखद हो!",3,2
Thank you for reaching out to us. Good day!, हमसे संपर्क की पहल के लिए आपका धन्यवाद। अच्छा दिन!,3,2
THANK YOU, धन्यवाद,3,2
Okay. Would you like a morning flight or an evening one?, ठीक। क्या आप सुबह की उड़ान चाहते हैं या शाम की उड़ान?,3,0
No i want to change, नहीं मैं बदलना चाहता हूँ,1,0
Have a great day ahead and a safe journey! It was a pleasure assisting you.,आगे का दिन अच्छा हो और सुरक्षित यात्रा हो! आपकी सहायता करना खुशी की बात थी।,3,2
Hi, नमस्ते,2,0
OK THNX BYE, ठीक है THNX अलविदा,3,0
HII, HII,2,0
Surely! I'd be glad to help you with that. May I know your last name and your booking confirmation number?, निश्चित रूप से! मुझे इसमें आपकी मदद करने में खुशी होगी। क्या मैं आपका अंतिम नाम और आपकी बुकिंग पुष्टिकरण संख्या जान सकता हूँ?,2,0
ok allocate me that one., ठीक है मुझे वह आवंटित करें।,2,0
check  seat assigment, सीट असाइनमेंट की जाँच करें,2,0
ok sure,यकीनन ठीक,2,0
The last one is now booked by another passenger however we have 30A which is a window seat avail.," आखिरी वाला अब किसी अन्य यात्री द्वारा बुक किया गया है, हालांकि हमारे पास 30A है जो एक विंडो सीट है।",2,0
"I'm sorry, the number you've provided is incorrect. Please could you recheck?"," मुझे खेद है, आपने जो नंबर दिया है वह गलत है। क्या आप कृपया दोबारा जांच कर सकते हैं?",3,0
"Thank you! Stella, now I'll require your booking confirmation number? and also your last name?"," आपको धन्यवाद! स्टेला, अब मुझे आपकी बुकिंग पुष्टिकरण संख्या की आवश्यकता होगी? और आपका अंतिम नाम भी?",3,0
"Sorry to keep you waiting, your seat number is 5D it is an aisle seat, is that okay?"," आपको प्रतीक्षा करने के लिए क्षमा करें, आपकी सीट संख्या 5D है यह एक गलियारा सीट है, क्या यह ठीक है?",3,0
yes, हां,2,0
I'll help you out with that. May I know your full name and the booking confirmation number?, मैं इसमें आपकी मदद करूंगा। क्या मैं आपका पूरा नाम और बुकिंग पुष्टिकरण संख्या जान सकता हूँ?,3,0
"Sure! May I know your last name?
", ज़रूर! क्या मैं आपका अंतिम नाम जान सकता हूँ?,2,0
Charlie could you check seat assignment for me ?, चार्ली क्या आप मेरे लिए सीट असाइनमेंट चेक कर सकते हैं?,3,0
"Yes! of course, I'll definitely help you and let you know your seat assigned to you. May I know your full name please?"," हाँ! बेशक, मैं निश्चित रूप से आपकी मदद करूंगा और आपको बताऊंगा कि आपकी सीट आपको दी गई है। क्या मैं आपका पूरा नाम जान सकता हूँ?",3,2
please change my seat assignment, कृपया मेरा सीट असाइनमेंट बदलें,3,1
jayan, जयन,2,0
You're welcome! Anything else I may help you with?, आपका स्वागत है! कुछ और मैं आपकी मदद कर सकता हूँ?,2,2
Thank you for staying on hold. I appreciate your patience. Your seat number is A9 and it is a window seat. Is there anything else that I may help you with?,रुके रहने के लिए धन्यवाद। मैं आपके धैर्य की सराहना करता हूँ। आपकी सीट का नंबर A9 है और यह विंडो सीट है। क्या कुछ और है जिसमें मैं आपकी मदद कर सकता हूं?,3,2
Thank you so much Riley... Have a nice day ...Bye, बहुत बहुत धन्यवाद रिले... आपका दिन शुभ हो...अलविदा,3,2
SKYLINE IS GOOD, स्काईलाइन अच्छी है,0,2
Franklin, फ्रेंकलिन,2,0
2 passengers, यात्री,0,0
hi, नमस्ते,2,0
my name is dhava  booking confirmation number ytg485, मेरा नाम धावा बुकिंग पुष्टिकरण संख्या ytg485 है,1,0
"Sure, there is an empty seat and the seat number is F9. Do you want me to confirm that seat for you?"," ज़रूर, एक खाली सीट है और सीट संख्या F9 है। क्या आप चाहते हैं कि मैं आपके लिए उस सीट की पुष्टि कर दूं?",2,0
check my seat assignment, मेरी सीट असाइनमेंट की जाँच करें,2,0
"Good news! I've emailed your boarding pass, you can download and document. Is there anything else I may help you with?"," खुशखबरी! मैंने आपका बोर्डिंग पास ईमेल कर दिया है, आप डाउनलोड कर सकते हैं और दस्तावेज़ बना सकते हैं। क्या कुछ और है जिसमें मैं आपकी मदद कर सकता हूं?",3,2
raju47@gmail.com, raju47@gmail.com,0,0
Oh perfect! Please allow me a moment while I go ahead and get the best deal for you.," ओह बिल्कुल सही! कृपया मुझे एक क्षण का समय दें, जब तक कि मैं आगे बढ़ूं और आपके लिए सर्वोत्तम डील प्राप्त करूं।",2,2
HI, नमस्ते,2,0
THANK YOU, धन्यवाद,3,2
hai, हाय,2,0
Thank you for staying on hold. I see there is a aisle seat available in the third row and the seat number is C3. Are you fine with that?, रुके रहने के लिए धन्यवाद। मैं देख रहा हूँ कि तीसरी पंक्ति में एक गलियारा सीट उपलब्ध है और सीट संख्या C3 है। क्या आप इससे ठीक हैं?,3,0
Cooper, कूपर,0,0
"I hope you have a great day ahead. Goodbye!
", मुझे आशा है कि आपके लिए आगे एक अच्छा दिन होगा। अलविदा!,3,2
For sure! I'll help you with that. Could you please let me know your last name and the booking confirmation number?, पक्का! मैं इसमें आपकी मदद करूंगा। क्या आप कृपया मुझे अपना अंतिम नाम और बुकिंग पुष्टिकरण संख्या बता सकते हैं?,3,0
I am wilson, मैं विल्सन हूँ,1,0
"Not a problem, I'll look upon the available aisle seats. "," कोई बात नहीं, मैं उपलब्ध गलियारे की सीटों को देखूंगा।",2,0
"Awesome! Thanks for choosing us, hope you have a great trip!"," बहुत बढ़िया! हमें चुनने के लिए धन्यवाद, आशा है कि आपकी यात्रा शानदार रही होगी!",3,2
I hope you've a great day ahead. Goodbye!, मुझे आशा है कि आपके लिए आगे एक अच्छा दिन है। अलविदा!,3,0
"Nothing else, Thank you for your Booking. Have a nice day to chat with you. "," और कुछ नहीं, आपकी बुकिंग के लिए धन्यवाद। आपके साथ चैट करने के लिए एक अच्छा दिन है।",3,0
"Surely,. could you please share the email address for confirming the booking?"," ज़रूर,. क्या आप कृपया बुकिंग की पुष्टि के लिए ईमेल पता साझा कर सकते हैं?",2,0
i want to know my sent no, मैं अपना भेजा हुआ नंबर जानना चाहता हूँ,2,1
ok thanks, ठीक है धन्यवाद,3,0
OK, ठीक है,2,0
"For sure! I'll be glad to assist you with that, could you please let me know your last name and the booking confirmation number?"," पक्का! मुझे इसमें आपकी सहायता करने में खुशी होगी, क्या आप कृपया मुझे अपना अंतिम नाम और बुकिंग पुष्टिकरण संख्या बता सकते हैं?",3,0
Great news! I've successfully changed you to an aisle seat which is K76. Is that okay?, बढ़िया खबर! मैंने आपको सफलतापूर्वक एक गलियारे की सीट में बदल दिया है जो कि K76 है। क्या ये ठीक है?,3,2
"Thank you for staying connected, there's KL 56 (window) seat assigned to you. "," जुड़े रहने के लिए धन्यवाद, आपको KL 56 (विंडो) सीट सौंपी गई है।",3,2
jeames maten@mail.com 9845763487, jeames maten@mail.com 9845763487,0,0
Business Class is OK, बिजनेस क्लास ठीक है,2,2
All right. Please do reach out to us for further queries. I had a great time assisting you. Have a good day. Bye.,ठीक है। कृपया आगे के प्रश्नों के लिए हमसे संपर्क करें। मुझे आपकी सहायता करने में बहुत अच्छा लगा। आपका दिन शुभ हो। अलविदा।,3,2
"You're welcome! Have a great day, goodbye."," आपका स्वागत है! आपका दिन शुभ हो, अलविदा।",3,2
1 ticket only., केवल 1 टिकट।,2,0
Would there be anything else I may assist you with?, क्या कुछ और होगा जिसमें मैं आपकी सहायता कर सकूं?,2,0
Alright! Could you also share your booking confirmation number?, ठीक है! क्या आप अपनी बुकिंग पुष्टिकरण संख्या भी साझा कर सकते हैं?,3,0
OK, ठीक है,2,0
Great thanks!, बहुत बहुत शुक्रिया!,3,2
Hi, नमस्ते,2,0
You're welcome! Would there be anything else that I may help you with?, आपका स्वागत है! क्या कुछ और होगा जिसमें मैं आपकी मदद कर सकूं?,3,2
"I'm glad that was helpful, thank you for reaching out to us. Have a great day ahead and happy traveling! "," मुझे खुशी है कि यह मददगार था, हमसे संपर्क करने के लिए धन्यवाद। आगे का दिन अच्छा हो और यात्रा सुखद हो!",3,2
i want to know my seat no, मुझे अपना सीट नंबर जानना है,2,0
968 856 7878, 968 856 7878,0,0
I want to know my seat position, मैं अपनी सीट की स्थिति जानना चाहता हूँ,2,0
Definitely! I'd be glad to help you in this regard. Could you please help me with your last name and your  booking confirmation number?, निश्चित रूप से! मुझे इस संबंध में आपकी मदद करने में खुशी होगी। क्या आप कृपया अपने अंतिम नाम और अपनी बुकिंग पुष्टिकरण संख्या के साथ मेरी मदद कर सकते हैं?,3,2
departure city kansas, प्रस्थान शहर कान्सासो,2,0
"Awesome! Here's your seat number H2 which is a window seat, Is that okay for you?"," बहुत बढ़िया! ये रहा आपकी सीट नंबर H2 जो एक विंडो सीट है, क्या यह आपके लिए ठीक है?",3,2
KRITHIKA KRITIYU67@GMAIL.COM, कृतिका कृतियू67@GMAIL.COM,2,0
NO, ना,1,1
Hello! You've been connected to StarAirways customer service! How may I assist you today?, नमस्ते! आप StarAirways ग्राहक सेवा से जुड़ चुके हैं! आज मैं आपकी मदद किस तरह कर सकता हूँ?,3,0
DONALD DON, डोनाल्ड डॉन,0,0
NO, ना,1,1
Lovely! May I also know your email address or contact number please?, प्यारा! क्या मुझे आपका ईमेल पता या संपर्क नंबर भी पता चल सकता है?,3,2
6,6,0,0
"Hello there! Sky high customer services, How may I help you today?
"," नमस्ते! स्काई हाई कस्टमर सर्विसेज, मैं आज आपकी कैसे मदद कर सकता हूं?",3,0
ok, ठीक है,2,0
For sure! May I know the date range you'd like to travel?, पक्का! क्या मुझे पता चल सकता है कि आप किस तारीख की सीमा में यात्रा करना चाहते हैं?,3,0
I NEED A BOARDING PASS, मुझे एक बोर्डिंग पास चाहिए,1,0
Would you like to change the seat?, क्या आप सीट बदलना चाहेंगे?,3,0
Alright Kavi! Could you please share the booking confirmation number?, ठीक है कवि! क्या आप कृपया बुकिंग पुष्टिकरण संख्या साझा कर सकते हैं?,3,0
thank you so much, आपका बहुत-बहुत धन्यवाद,3,2
JAGAN452yahoomail.com, जगन452yahoomail.com,2,0
Thank you. The link shall be sent to you in sometime., शुक्रिया। कुछ देर में आपको लिंक भेज दिया जाएगा।,3,0
Perfect! Could you please help me with your full name and phone number?, उत्तम! क्या आप कृपया अपना पूरा नाम और फोन नंबर देने में मेरी मदद कर सकते हैं?,3,2
my name is kavi booking confirmation number nhg425,मेरा नाम कवि बुकिंग पुष्टिकरण संख्या nhg425 है,1,0
Hi, नमस्ते,3,0
hello, नमस्ते,2,0
5498632514,5498632514,0,0
Good morning! You've reached Flamingo customer services. How may I help you today?, सुबह बख़ैर! आप फ्लेमिंगो ग्राहक सेवा तक पहुँच चुके हैं। आज मैं आपकी कैसे मदद कर सकता हूँ?,3,0
"Alright! It was great assisting you, thanks for choosing our services. Have a safe flight, goodbye.
"," ठीक है! आपकी सहायता करके बहुत अच्छा लगा, हमारी सेवाओं को चुनने के लिए धन्यवाद। एक सुरक्षित उड़ान लो, अलविदा।",3,2
"You're welcome! Thank you for choosing us, wish to serve you again. Have an amazing day!"," आपका स्वागत है! हमें चुनने के लिए धन्यवाद, मैं फिर से आपकी सेवा करना चाहता हूं। आपका दिन सुखद हो!",3,2
Thanks Anderson! May I please know your booking conformation number?, धन्यवाद एंडरसन! क्या मैं कृपया आपकी बुकिंग कन्फर्मेशन संख्या जान सकता हूँ?,3,0
Thanks for the information..P5 modt comfortable seat for me., जानकारी के लिए धन्यवाद..P5 मेरे लिए आरामदायक सीट।,3,2
Welcome to PilotAirlines! You're talking to the Customer Executive! How may I help you today?, पायलट एयरलाइंस में आपका स्वागत है! आप ग्राहक कार्यकारी से बात कर रहे हैं! आज मैं आपकी कैसे मदद कर सकता हूँ?,3,0
Thanks for being patient. I'd like to inform you that the best deal I've found for you is with American Airways on 12 September 2018 at 8:25 a.m to 11:20 a.m for $120 per ticket. Would you want me to book that?, धैर्य रखने के लिए धन्यवाद। मैं आपको सूचित करना चाहता हूं कि मैंने आपके लिए सबसे अच्छा सौदा 12 सितंबर 2018 को अमेरिकन एयरवेज के साथ सुबह 8:25 बजे से 11:20 बजे तक 120 डॉलर प्रति टिकट पर पाया है। क्या आप चाहते हैं कि मैं इसे बुक कर दूं?,3,1
Thank you very much, आपका बहुत बहुत धन्यवाद,3,2
ok', ठीक है',2,0
shri@gmail.com, श्री@gmail.com,0,0
NO THANKS," जी नहीं, धन्यवाद",3,1
"Hey there, Good morning! You'v reached Jet fly customer service! You're connected to Sam! I'd be glad to assist you today!"," अरे वहाँ, सुप्रभात! आप जेट फ्लाई ग्राहक सेवा तक पहुँच चुके हैं! आप सैम से जुड़े हुए हैं! मुझे आज आपकी सहायता करने में खुशी होगी!",3,2
Hi., नमस्ते।,3,0
HI, नमस्ते,3,0
NILA, नीला,0,0
"You're welcome, is there anything else I could help you with?"," आपका स्वागत है, क्या कुछ और है जिसमें मैं आपकी मदद कर सकता हूँ?",3,2
Could you also help me out with your phone number or email address for the boarding pass to be sent to you?, क्या आप मुझे बोर्डिंग पास भेजने के लिए अपने फोन नंबर या ईमेल पते के साथ मेरी मदद कर सकते हैं?,3,0
i ok to chennai, मैं चेन्नई के लिए ठीक हूँ,1,0
I need to know about my seat assignment, मुझे अपने सीट असाइनमेंट के बारे में जानने की जरूरत है,2,0
my booking number is mnh321, मेरा बुकिंग नंबर mnh321 है,1,0
"Thank you for visiting us, wish to serve you again. Have a safe flight!"," हमारे पास आने के लिए धन्यवाद, मैं फिर से आपकी सेवा करना चाहता हूं। एक सुरक्षित उड़ान की कामना करते हैं!",3,2
it is kj19m2, यह kj19m2 . है,2,0
"Awesome! Thank you for details, please allow me a moment to check the seats assigned to you. "," बहुत बढ़िया! विवरण के लिए धन्यवाद, कृपया मुझे आपको सौंपी गई सीटों की जांच करने के लिए कुछ समय दें।",3,2
ARRIVAL - CALIFORNIA, आगमन - कैलिफ़ोर्निया,0,0
ok, ठीक है,2,0
"Awesome! Thanks for choosing us, hope you have a wonderful trip!"," बहुत बढ़िया! हमें चुनने के लिए धन्यवाद, आशा है कि आपकी यात्रा शानदार रही होगी!",3,2
Goodbye!, अलविदा!,2,0
"Surely, I'll be glad to help you with it. Please may I know your full name?"," निश्चित रूप से, मुझे इसमें आपकी मदद करने में खुशी होगी। कृपया क्या मैं आपका पूरा नाम जान सकता हूँ?",3,0
thanks for your information, आपकी जानकारी के लिए धन्यवाद,3,2
I want check my seat assignment, मुझे अपना सीट असाइनमेंट चेक करना है,2,0
NAGAMITHRA, नागमित्र:,0,0
"Thanks for staying connected, I've checked the details the seat allotted to you is 5D it is a window seat. Is that okay?"," जुड़े रहने के लिए धन्यवाद, मैंने विवरण की जांच की है कि आपको आवंटित सीट 5D है, यह एक विंडो सीट है। क्या ये ठीक है?",3,0
yes ok, हाँ ठीक है,2,0
"Awesome! Thanks for reaching out to us, hope you'll have a wonderful trip ahead. ","बहुत बढ़िया! हमसे संपर्क करने के लिए धन्यवाद, आशा है कि आपकी आगे की यात्रा शानदार होगी।",3,2
"Sure! I'll be able to help you in this booking the tickets, could you please let me know the departure and arrival city?"," ज़रूर! मैं इस टिकट बुकिंग में आपकी मदद कर सकता हूँ, क्या आप कृपया मुझे प्रस्थान और आगमन शहर के बारे में बता सकते हैं?",3,0
ok, ठीक है,2,0
sure, ज़रूर,2,0
Perfect. I'd also like my boarding pass sent to me as well., उत्तम। मैं चाहता हूं कि मेरा बोर्डिंग पास भी मुझे भेजा जाए।,2,2
"Good morning! You've reached Alliance Airways Customer service, how may I help you?  "," सुबह बख़ैर! आप एलायंस एयरवेज ग्राहक सेवा तक पहुँच चुके हैं, मैं आपकी कैसे मदद कर सकता हूँ?",3,0
no thanks," जी नहीं, धन्यवाद",3,1
Nope, नहीं,1,0
"Perfect! Soon you'll be receiving a mail with your boarding pass attached, you can download that from there and provide as proof at airport. Anything else I may help you in?
"," उत्तम! जल्द ही आपको अपने बोर्डिंग पास के साथ एक मेल प्राप्त होगा, आप उसे वहां से डाउनलोड कर सकते हैं और हवाई अड्डे पर प्रमाण के रूप में प्रदान कर सकते हैं। कुछ और मैं आपकी मदद कर सकता हूँ?",3,2
MIDDLE SEAT, मध्य सीट,0,0
"Thank You! May I also know the 6 chartered booking confirmation number?
", धन्यवाद! क्या मैं 6 चार्टर्ड बुकिंग पुष्टिकरण संख्या भी जान सकता हूँ?,3,0
sorry! theres a typo. my email is example@example.com!, माफ़ करना! एक टाइपो है। मेरा ईमेल example@example.com है!,3,0
" Thank you for visiting us, wish to serve you again. Have an amazing flight!"," हमारे पास आने के लिए धन्यवाद, मैं फिर से आपकी सेवा करना चाहता हूं। एक अद्भुत उड़ान लो!",3,2
SAM & AWH879, सैम और AWH879,0,0
Nope that will be it. Thanks a ton!, नहीं यही होगा। अनेक अनेक धन्यवाद!,3,2
Definitely! I'll be happy to help you with that. May I know your last name and your booking confirmation number?, निश्चित रूप से! मुझे इसमें आपकी मदद करने में खुशी होगी। क्या मैं आपका अंतिम नाम और आपकी बुकिंग पुष्टिकरण संख्या जान सकता हूँ?,3,2
OK, ठीक है,2,0
I need my boarding pass, मुझे अपना बोर्डिंग पास चाहिए,2,0
09-12-2018,09-12-2018,0,0
all good thanks for helping me, मेरी मदद करने के लिए सभी अच्छे धन्यवाद,3,2
DFE523, DFE523,0,0
hai, हाय,2,0
"Okay, send my boarding pass"," ठीक है, मेरा बोर्डिंग पास भेजो",2,0
May I know your full name and the booking confirmation number?, क्या मैं आपका पूरा नाम और बुकिंग पुष्टिकरण संख्या जान सकता हूँ?,2,0
"As I've checked with the resources, I see that the seat allotted to you is the window seat which is K5."," जैसा कि मैंने संसाधनों के साथ जांच की है, मैं देखता हूं कि आपको आवंटित सीट विंडो सीट है जो K5 है।",2,0
ok, ठीक है,2,0
"Hello there! Sky high customer services, How may I help you today?"," नमस्ते! स्काई हाई कस्टमर सर्विसेज, मैं आज आपकी कैसे मदद कर सकता हूं?",3,0
Thank you for contacting us! Have a safe journey!, हमसे संपर्क करने के लिए धन्यवाद! आपकी यात्रा सुरक्षित हो!,3,2
"Sure, we are here to assist you always! May I know your last name please?"," ज़रूर, हम यहाँ हमेशा आपकी सहायता के लिए हैं! क्या मैं आपका अंतिम नाम जान सकता हूँ?",3,0
"Sure, may I know your last name please?"," ज़रूर, क्या मैं आपका अंतिम नाम जान सकता हूँ?",3,0
A very good morning! You've reached the Moon Airways customer service. How may I help you today?, एक बहुत अच्छी सुबह! आप मून एयरवेज ग्राहक सेवा तक पहुँच चुके हैं। आज मैं आपकी कैसे मदद कर सकता हूँ?,3,2
MY SWEET NAME IS SUDHA..., मेरा प्यारा नाम सुधा है...,2,0
9845368723 jemas martin@mail.com, 9845368723 jemas martin@mail.com,0,0
Great! I've confirmed the booking and have sent you a confirmation email where you can pay for the tickets and get a copy of the tickets. I hope this is helpful., महान! मैंने बुकिंग की पुष्टि कर दी है और आपको एक पुष्टिकरण ईमेल भेजा है जहां आप टिकटों के लिए भुगतान कर सकते हैं और टिकटों की एक प्रति प्राप्त कर सकते हैं। मुझे आशा है कि यह मददगार है।,3,2
no thanks," जी नहीं, धन्यवाद",3,1
I already book a ticket but I change my seat, मैं पहले ही टिकट बुक कर लेता हूं लेकिन मैं अपनी सीट बदल लेता हूं,2,0
Great! Could you please share the email address for me to confirm the tickets/, महान! क्या आप टिकटों की पुष्टि के लिए मेरे लिए ईमेल पता साझा कर सकते हैं/,3,2
SS45F5, SS45F5,0,0
jamesmath695@rediffmail.com,Jamesmath695@rediffmail.com,0,0
HI, नमस्ते,2,0
confirmation number hyu859, पुष्टिकरण संख्या hyu859,2,0
"My pleasure! It was great assisting you, have a safe flight. Goodbye."," मेरा सौभाग्य! आपकी सहायता करके बहुत अच्छा लगा, सुरक्षित उड़ान भरें। अलविदा।",3,2
OK THANKYOU, ठीक है धन्यवाद,3,2
Hey there! Good morning. You're connected to LMT Airways. How may I help you?, सुनो! सुबह बख़ैर। आप एलएमटी एयरवेज से जुड़े हैं। क्या मेरे द्वारा आपकी कोई सहायता हो सकती है?,3,0
Thank you so much for the details. I've sent you the boarding pass on your phone. I hope this will be helpful., विवरण के लिए आपका बहुत-बहुत धन्यवाद। मैंने आपको आपके फ़ोन पर बोर्डिंग पास भेज दिया है। मुझे उम्मीद है कि ये मददगार होगा।,3,2
okay bye thanks, ठीक है अलविदा धन्यवाद,3,0
i want to know my seat aggrangement number please., कृपया मुझे अपना सीट एग्रीमेंट नंबर जानना है।,3,0
"I need to know about my seat assignment 
", मुझे अपने सीट असाइनमेंट के बारे में जानने की जरूरत है,2,0
"Perfect! Soon you'll be receiving a mail with your boarding pass attached, you can download that from there and provide as proof at airport. Anything else I may help you in?"," उत्तम! जल्द ही आपको अपने बोर्डिंग पास के साथ एक मेल प्राप्त होगा, आप उसे वहां से डाउनलोड कर सकते हैं और हवाई अड्डे पर प्रमाण के रूप में प्रदान कर सकते हैं। कुछ और मैं आपकी मदद कर सकता हूँ?",3,2
"Sure! May I know your last name?
", ज़रूर! क्या मैं आपका अंतिम नाम जान सकता हूँ?,2,0
i need a boarding pass, मुझे बोर्डिंग पास चाहिए,1,0
Hello! Good morning. You've reached LMT Airways. How may I assist you today?, नमस्ते! सुबह बख़ैर। आप एलएमटी एयरवेज पहुंच गए हैं। आज मैं आपकी मदद किस तरह कर सकता हूँ?,3,0
Great news! The aisle seat is available which is X5 and I've successfully changed your seat. Is there anything else that I could help you with?, बढ़िया खबर! गलियारे की सीट उपलब्ध है जो कि X5 है और मैंने आपकी सीट को सफलतापूर्वक बदल दिया है। क्या कुछ और है जिसमें मैं आपकी मदद कर सकता हूं?,3,2
"Awesome! Here's what I've done as per your request, I changed your seat to window and your new seat number will be D13. Hope that will be comfortable for you."," बहुत बढ़िया! यहाँ मैंने आपके अनुरोध के अनुसार क्या किया है, मैंने आपकी सीट को विंडो में बदल दिया है और आपकी नई सीट संख्या D13 होगी। आशा है कि यह आपके लिए सुविधाजनक होगा।",3,2
Ok Sure.. Thanks for your timely support, ठीक है ज़रूर.. आपके समय पर समर्थन के लिए धन्यवाद,3,2
"Thank you Aaron, please give me a minute to check seats assigned to you."," धन्यवाद हारून, कृपया मुझे आपको सौंपी गई सीटों की जांच करने के लिए एक मिनट दें।",3,0
"That's awesome, thanks"," यह कमाल है, धन्यवाद",3,2
"Thank you! The seat number allotted to you is 25A. It's a window seat.
", आपको धन्यवाद! आपको आवंटित सीट संख्या 25A है। यह एक विंडो सीट है।,3,0
Fantastic! Your tickets have been confirmed and you'll be receiving a confirmation mail with the link to make the payment. Is there anything else I might help you with?, ज़बरदस्त! आपके टिकटों की पुष्टि हो गई है और आपको भुगतान करने के लिए लिंक के साथ एक पुष्टिकरण मेल प्राप्त होगा। क्या कुछ और है जिसमें मैं आपकी मदद कर सकता हूं?,3,2
ok, ठीक है,2,0
