ENG_utterances,HIN_utterances,politeness,sentiment
Sure thing! I'd be glad to help you with that. Could you please help me with your full name and the last 4 digits of your SSN number?, अवश्य! मुझे इसमें आपकी मदद करने में खुशी होगी। क्या आप कृपया अपना पूरा नाम और अपने एसएसएन नंबर के अंतिम 4 अंकों के साथ मेरी मदद कर सकते हैं?,3,0
OK THANK YOU, ठीक है धन्यवाद,3,2
"Sure, thank you! The payment has already been initiated. You'll be receiving the check within the next three days. Would you need anything else?"," पक्का, आपका धन्यवाद! भुगतान शुरू किया जा चुका है। आपको अगले तीन दिनों के भीतर चेक मिल जाएगा। क्या आपको कुछ और चाहिए होगा?",3,2
hi, नमस्ते,2,0
my screeen fixing, मेरी स्क्रीन फिक्सिंग,1,0
"hi,good morning", हाय सुप्रभात,3,0
Hello how are you," नमस्ते, आप कैसे हैं",3,0
yes, हां,2,0
oh thank you very much., बहुत बहुत धन्यवाद।,3,2
ok thanks, ठीक है धन्यवाद,3,0
Sure thing! I'll get that done for you. Could you please help me with your full name and the last 4 digits of your SSN number?, अवश्य! मैं तुम्हारे लिए यह कर दूंगा। क्या आप कृपया अपना पूरा नाम और अपने एसएसएन नंबर के अंतिम 4 अंकों के साथ मेरी मदद कर सकते हैं?,3,0
Great! Thanks for the information. Kindly allow me a moment while I check this for you., महान! सूचना के लिए धन्यवाद। कृपया मुझे एक क्षण दें जब तक मैं आपके लिए यह जांचता हूं।,3,2
selvaselva151@gmail.com, selvaselva151@gmail.com,0,0
"I really appreciate for your patience. Good news! The replacement takes place in 1-3 business days, please ensure to send the broken device through an envelope."," मैं वास्तव में आपके धैर्य की सराहना करता हूं। खुशखबरी! प्रतिस्थापन 1-3 व्यावसायिक दिनों में होता है, कृपया एक लिफाफे के माध्यम से टूटे हुए उपकरण को भेजना सुनिश्चित करें।",3,2
"I highly appreciate your patience, I'd like to inform you that the payment has been done and the check will reach you in the next 3 business days. ","मैं आपके धैर्य की अत्यधिक सराहना करता हूं, मैं आपको सूचित करना चाहता हूं कि भुगतान हो चुका है और चेक अगले 3 व्यावसायिक दिनों में आप तक पहुंच जाएगा।",3,2
I want you to fix the broken screen of my IPhone., मैं चाहता हूं कि आप मेरे आईफोन की टूटी स्क्रीन को ठीक करें।,2,0
"Thank for being patient in sharing the information. Please allow me a minute or two, while I get this done for you?"," जानकारी साझा करने में धैर्य रखने के लिए धन्यवाद। कृपया मुझे एक या दो मिनट का समय दें, जबकि मैं यह आपके लिए कर दूं?",3,0
SUDHA, सुधा,0,0
audi 145, ऑडी 145,0,0
OK, ठीक है,2,0
8847,8847,0,0
"This is martin, miller"," यह मार्टिन है, मिलर",2,0
"Thank you! I'd also need the last 4 digits of the SSN.
", आपको धन्यवाद! मुझे एसएसएन के अंतिम 4 अंक भी चाहिए।,3,0
2016,2016,0,0
SAROJINI NAIDU, सरोजिनी नायडू,0,0
"Thank you Latha, may I know the policy number and the claim number?"," धन्यवाद लता, क्या मैं पॉलिसी नंबर और दावा संख्या जान सकती हूं?",3,0
i need a car insurance proof, मुझे कार बीमा प्रमाण चाहिए,1,0
SSN-3561, एसएसएन-3561,0,0
"Thank you for reaching out to us, hope that was helpful. Have a nice day!"," हमसे संपर्क करने के लिए धन्यवाद, आशा है कि यह मददगार था। आपका दिन शुभ हो!",3,2
"Thank you for staying connected, Your documents are ready and will be mailed to your address at the earliest."," जुड़े रहने के लिए धन्यवाद, आपके दस्तावेज़ तैयार हैं और जल्द से जल्द आपके पते पर भेज दिए जाएंगे।",3,2
"I highly appreciate your patience, I'd like to inform you that the document of the proof will be delivered to your address at the earliest."," मैं आपके धैर्य की बहुत सराहना करता हूं, मैं आपको सूचित करना चाहता हूं कि सबूत का दस्तावेज जल्द से जल्द आपके पते पर पहुंचा दिया जाएगा।",3,2
TSR940128745, टीएसआर940128745,0,0
YES, हां,2,2
YET657, YET657,0,0
No thank you, नहीं धन्यवाद,3,1
FFJ258, FFJ258,0,0
nothing eles, और कुछ नहीं,2,0
HI, नमस्ते,2,0
my iphone screen was cracked. help me to fixing the problem., मेरे iPhone की स्क्रीन टूट गई थी। समस्या को ठीक करने में मेरी मदद करें।,2,1
dfd028413809 this is policy number, dfd028413809 यह पॉलिसी नंबर है,2,0
2018,2018,0,0
I wanted to know about status of my claim, मैं अपने दावे की स्थिति के बारे में जानना चाहता था,3,0
You're welcome! Let me know if there is anything more that I may assist you with?, आपका स्वागत है! मुझे बताएं कि क्या कुछ और है जिसमें मैं आपकी सहायता कर सकता हूं?,3,2
Thank you for your information Mr. Cameron, आपकी जानकारी के लिए धन्यवाद श्री कैमरून,3,2
lpu 912547321, एलपीयू 912547321,0,0
X1, X1,0,0
"Thank you Eduardo, may I know the make and model of the car? "," धन्यवाद एडुआर्डो, क्या मैं कार का मेक और मॉडल जान सकता हूं?",3,0
"Perfect! Thank you for being patient in sharing the information, Could you please allow me a moment, while I do the needful?"," उत्तम! जानकारी साझा करने में धैर्य रखने के लिए धन्यवाद, क्या आप कृपया मुझे एक क्षण की अनुमति दे सकते हैं, जबकि मैं आवश्यक कार्य करता हूं?",3,2
FHJ561234595, FHJ561234595,0,0
4789,4789,0,0
"Appreciate your patience! Please note that the documents of proof shall reach you within 48 working hours. Pleasure helping you. You can reach us at 673-735-073 for any queries. Good day!
", अपने धैर्य की सराहना! कृपया ध्यान दें कि सबूत के दस्तावेज 48 कार्य घंटों के भीतर आप तक पहुंच जाएंगे। आपकी मदद करने में खुशी। आप किसी भी प्रश्न के लिए 673-735-073 पर हमसे संपर्क कर सकते हैं। अच्छा दिन!,3,2
"Great! Please allow me a moment to do the needed, Please stay connected."," महान! कृपया मुझे आवश्यक कार्य करने के लिए एक क्षण दें, कृपया जुड़े रहें।",3,2
kavi shri, कवि श्री,0,0
Wonderful! Thank you for reaching out to us. Have a nice day. Bye., अद्भुत! हमसे संपर्क की पहल के लिए आपका धन्यवाद। आपका दिन शुभ हो। अलविदा।,3,2
583,583,0,0
thank you so much, आपका बहुत-बहुत धन्यवाद,3,2
For sure! It's a pleasure assisting you. Have a good day ahead!,पक्का! आपकी सहायता करना खुशी की बात है। आगे एक अच्छा दिन हो!,3,2
anu, अनु,0,0
"Is there anything else I may help you out with today?
", क्या आज मैं आपकी कुछ और मदद कर सकता हूँ?,2,0
"Alright! I've contacted the concerned team, they'll mail you the copy of your car insurance proof on the registered address. you'll receive it within 2 business days. however, if you fail to receive it, reach out to us immediately we are available here 24*7. "," ठीक है! मैंने संबंधित टीम से संपर्क किया है, वे आपको पंजीकृत पते पर आपके कार बीमा प्रमाण की प्रति मेल करेंगे। आप इसे 2 व्यावसायिक दिनों के भीतर प्राप्त कर लेंगे। हालांकि, अगर आप इसे प्राप्त करने में विफल रहते हैं, तो तुरंत हमसे संपर्क करें हम यहां 24*7 उपलब्ध हैं।",2,2
Sorry to hear that. I'll surely help you with that. Could you please help me with your full name?, ऐसा सुनने के लिए क्षमा करें। मैं इसमें आपकी जरूर मदद करूंगा। क्या आप कृपया अपने पूरे नाम के साथ मेरी मदद कर सकते हैं?,3,0
ANAND, आनन्द,0,0
Could you also help me out with the year the car was made?, क्या आप मुझे यह बताने में भी मदद कर सकते हैं कि कार किस वर्ष बनी थी?,3,0
"Thank you for staying connected with patience. Good news, as I can see here that the payment as already initiated and the amount will be credited in your account within 3 business days. However, if you don't received the amount, kindly fell free to get back to us."," धैर्य से जुड़े रहने के लिए धन्यवाद। खुशखबरी, जैसा कि मैं यहां देख सकता हूं कि भुगतान पहले ही शुरू हो चुका है और राशि 3 व्यावसायिक दिनों के भीतर आपके खाते में जमा कर दी जाएगी। हालांकि, अगर आपको राशि प्राप्त नहीं हुई है, तो कृपया हमसे संपर्क करने के लिए स्वतंत्र हो जाएं।",3,2
OK THNKS, ठीक है धन्यवाद,2,0
Great! Could you help me with the make and model of the car?, महान! क्या आप कार के मेक और मॉडल में मेरी मदद कर सकते हैं?,3,2
Surely! I'd be glad to help you with that. Could you please help me with your full name and the last 4 digits of your SSN number?,निश्चित रूप से! मुझे इसमें आपकी मदद करने में खुशी होगी। क्या आप कृपया अपना पूरा नाम और अपने एसएसएन नंबर के अंतिम 4 अंकों के साथ मेरी मदद कर सकते हैं?,3,0
NO THANK BYEE, नो थैंक्स बाय,3,1
"Perfect! Thank you for sharing the information, Could you please allow me a moment, I'll get back to you with the solution?"," उत्तम! जानकारी साझा करने के लिए धन्यवाद, क्या आप कृपया मुझे एक क्षण की अनुमति दे सकते हैं, मैं समाधान के साथ आपके पास वापस आऊंगा?",3,2
"Sure, thank you! Could you please help me with the car's make and model?"," पक्का, आपका धन्यवाद! क्या आप कृपया कार के मेक और मॉडल में मेरी मदद कर सकते हैं?",3,0
Yes sure! my name is blessy mathew, हाँ यकीनन! मेरा नाम ब्लैसी मैथ्यू है,2,0
"Hello there, Good morning! How may I help you today?"," नमस्ते वहाँ, सुप्रभात! आज मैं आपकी कैसे मदद कर सकता हूँ?",3,0
Perfect! Thanks a ton for being patient and cooperating with us! It was pleasure assisting you. I hope you've an amazing day ahead! Goodbye., उत्तम! धैर्य रखने और हमारे साथ सहयोग करने के लिए बहुत-बहुत धन्यवाद! आपकी सहायता करके खुशी हुई। मुझे आशा है कि आपके पास एक अद्भुत दिन है! अलविदा।,3,2
Hello there! Could you please elaborate your query?, नमस्ते! क्या आप कृपया अपनी क्वेरी विस्तृत कर सकते हैं?,3,0
Sure. I'll definitely help you with that. Could you please help me with your name and the last four digits of SSN?, ज़रूर। मैं इसमें आपकी जरूर मदद करूंगा। क्या आप कृपया मुझे अपने नाम और एसएसएन के अंतिम चार अंकों के साथ मदद कर सकते हैं?,3,0
That is awesome. Thanks for the update Jesse., यह बहुत अच्छा है। अद्यतन जेसी के लिए धन्यवाद।,3,2
Perfect! May I know your name please?, उत्तम! क्या मैं आपका नाम जान सकता हूँ?,3,2
"You're welcome. May I confirm if all your questions have been answered for today?  
", आपका स्वागत है। क्या मैं पुष्टि कर सकता हूँ कि क्या आज के लिए आपके सभी प्रश्नों का उत्तर दे दिया गया है?,3,2
"Awesome! I just spoke to the concerned team, you can visit our nearest store they'll help you in this regard. you'll have to show them your insurance copy proof give them the required details. they'll do the best possible for you. I hope that would be okay?","बहुत बढ़िया! मैंने अभी संबंधित टीम से बात की है, आप हमारे नजदीकी स्टोर पर जा सकते हैं, वे इस संबंध में आपकी मदद करेंगे। आपको उन्हें अपना बीमा प्रति प्रमाण दिखाना होगा और उन्हें आवश्यक विवरण देना होगा। वे आपके लिए हर संभव कोशिश करेंगे। मुझे आशा है कि यह ठीक होगा?",3,1
ACTUALLY MY IPHONE SCREEN GOT CRACKED.. AND I WANT TO CLAIM THE PHONE INSURANCE OF IT.., वास्तव में मेरे आईफोन की स्क्रीन खराब हो गई.. और मैं इसके फोन बीमा का दावा करना चाहता हूं..,1,1
ok, ठीक है,2,0
"My cell phone screen just now cracked,"," मेरे सेल फोन की स्क्रीन अभी-अभी टूटी है,",1,1
MAKE OF THE CAR - TOYOTA AND MODEL OF THE CAR - VERSO, कार का निर्माण - टोयोटा और कार का मॉडल - VERSO,0,0
NAME: MILAGROS, नाम: मिलाग्रोस,0,0
ok, ठीक है,2,0
Always a pleasure! Is there anything else I may assist you with?, हमेशा एक खुशी की बात है! क्या कुछ और है जिसमें मैं आपकी सहायता कर सकता हूं?,3,2
"Raj to go ahead and find your documents I'll be needing more details. Hence, could you please help me out with the make and the model of your car? "," राज आगे बढ़ो और अपने दस्तावेज़ ढूंढो मुझे और विवरण की आवश्यकता होगी। इसलिए, क्या आप कृपया अपनी कार के मेक और मॉडल के बारे में मेरी मदद कर सकते हैं?",3,0
Thank you for your valuable information, आपकी बहुमूल्य जानकारी के लिए धन्यवाद,3,2
gunalan, गुनालान,0,0
Perfect! Would you now help me with your car details? May I know the make and model of your car?, उत्तम! क्या अब आप अपनी कार के विवरण में मेरी मदद करेंगे? क्या मैं आपकी कार का मेक और मॉडल जान सकता हूँ?,3,2
i want status of my claim, मुझे अपने दावे की स्थिति चाहिए,3,0
Awesome! May I know the year car was made?, बहुत बढ़िया! क्या मैं जान सकता हूँ कि कार किस वर्ष बनी थी?,3,2
email address: nilaani@gmail.com, ईमेल पता: nilaani@gmail.com,1,0
Lilly Catteru,लिली कैटरू,0,0
Great! please allow me a moment to check the details., महान! कृपया मुझे विवरण जांचने के लिए एक क्षण दें।,3,2
Definitely! I'd be glad to help you with that. May I know your full name and the last 4 digits of your SSN number?, निश्चित रूप से! मुझे इसमें आपकी मदद करने में खुशी होगी। क्या मैं आपका पूरा नाम और आपके SSN नंबर के अंतिम 4 अंक जान सकता हूँ?,3,2
Perfect! Could you please hold on for a moment until I check with my team?, उत्तम! क्या आप कृपया एक पल के लिए रुक सकते हैं जब तक कि मैं अपनी टीम के साथ जांच नहीं कर लेता?,3,2
Superb! Please give me a moment to process the request., शानदार! कृपया मुझे अनुरोध संसाधित करने के लिए एक क्षण दें।,3,2
"Ok, I wait for your information. "," ठीक है, मैं आपकी जानकारी की प्रतीक्षा कर रहा हूँ।",0,0
HIF56@GMAIL.COM, HIF56@GMAIL.COM,2,0
Hi! How may I help you?, नमस्ते! क्या मेरे द्वारा आपकी कोई सहायता हो सकती है?,3,0
hi, नमस्ते,2,0
HI, नमस्ते,2,0
Thank you for staying on hold. I've processed your request. You'll be receiving the proof of insurance in 2 days. Is there anything else that I may help you with?, रुके रहने के लिए धन्यवाद। मैंने आपका अनुरोध संसाधित कर दिया है। आपको 2 दिनों में बीमा का प्रमाण मिल जाएगा। क्या कुछ और है जिसमें मैं आपकी मदद कर सकता हूं?,3,2
2016,2016,0,0
"Thank you for reaching out to us, I’m glad I could resolve this for you. Have a great day!"," हमसे संपर्क करने के लिए धन्यवाद, मुझे खुशी है कि मैं आपके लिए इसका समाधान कर सका। आपका दिन अच्छा रहे!",3,2
"I hope you have a great day ahead. Goodbye! 
", मुझे आशा है कि आपके लिए आगे एक अच्छा दिन होगा। अलविदा!,3,2
Hi, नमस्ते,3,0
Hi, नमस्ते,3,0
no thanks," जी नहीं, धन्यवाद",3,1
I apologize. May I know your email address please?, मैं क्षमाप्रार्थी हूं। क्या मैं आपका ईमेल पता कृपया जान सकता हूँ?,3,0
That's great! I appreciate your patience. Please just give me a minute to get this done!, एक दम बढ़िया! मैं आपके धैर्य की सराहना करता हूँ। कृपया मुझे इसे पूरा करने के लिए एक मिनट दें!,3,2
screen fixing, स्क्रीन फिक्सिंग,0,0
"I'm afraid that I might not be able to help you with that. If you want your screen to be fixed, please visit our nearest service center. I could help you with the replacement. Is there anything else that I may help you with?","मुझे डर है कि कहीं मैं इसमें आपकी मदद न कर सकूं। यदि आप चाहते हैं कि आपकी स्क्रीन ठीक हो जाए, तो कृपया हमारे नजदीकी सेवा केंद्र पर जाएँ। मैं प्रतिस्थापन के साथ आपकी मदद कर सकता हूं। क्या कुछ और है जिसमें मैं आपकी मदद कर सकता हूं?",3,0
Will there be anything else I may assist you in?, क्या कुछ और होगा जिसमें मैं आपकी सहायता कर सकूं?,2,0
"Sure, what can I do for you?", बिलकुल मैं आपके लिए क्या कर सकता हूँ?,2,0
Perfect! Allow me a moment to cross check the details and process the request., उत्तम! मुझे विवरणों की जांच करने और अनुरोध को संसाधित करने के लिए एक क्षण का समय दें।,3,2
hai, हाय,2,0
"Sure, thank you. Please could you share the car's make and model?"," पक्का, आपका धन्यवाद। कृपया क्या आप कार का मेक और मॉडल साझा कर सकते हैं?",3,0
oh I did a mistake whule telling claim number it is ASF236," ओह, मैंने दावा संख्या बताते हुए गलती की, यह ASF236 है",2,0
Hi, नमस्ते,2,0
"Oh no! That's so sad, I'll be glad to help you out. However, to proceed further I'll require your details. May I know your full name please?"," धत्तेरे की! यह बहुत दुख की बात है, मुझे आपकी मदद करने में खुशी होगी। हालांकि, आगे बढ़ने के लिए मुझे आपके विवरण की आवश्यकता होगी। क्या मैं आपका पूरा नाम जान सकता हूँ?",3,1
"Brenda Noble
", बे्रन्डा नोबल,1,0
"Could you please share your registered mail id? You shall receive it at your registered mailing address.
", क्या आप कृपया अपनी पंजीकृत मेल आईडी साझा कर सकते हैं? आप इसे अपने पंजीकृत डाक पते पर प्राप्त करेंगे।,3,0
thanga durai, थंगा दुरई,0,0
"For sure, may I know the policy number please?"," निश्चित रूप से, क्या मैं कृपया पॉलिसी नंबर जान सकता हूं?",2,0
You're welcome! Have a good day., आपका स्वागत है! आपका दिन शुभ हो।,2,2
"claim my insurance status
", मेरी बीमा स्थिति का दावा करें,0,0
"Hello there, A very Good morning! I hope your having an amazing day! How may I help you?","नमस्ते वहाँ, एक बहुत सुप्रभात! मुझे आशा है कि आपका दिन अद्भुत हो! क्या मेरे द्वारा आपकी कोई सहायता हो सकती है?",3,2
Ok, ठीक,0,0
Thank you. Could you please share the car details you'd require a proof of? I'll be asking you few questions in this regard., शुक्रिया। क्या आप कृपया कार विवरण साझा कर सकते हैं जिसके लिए आपको प्रमाण की आवश्यकता होगी? इस संबंध में मैं आपसे कुछ प्रश्न पूछूंगा।,3,0
YEAR - 2014, वर्ष - 2014,0,0
2015,2015,0,0
I appreciate your patience! I have made a request to mail the copy of insurance at your registered address. You'll receive it within 2-3 business days. I hope this will be helpful., मैं आपके धैर्य की सराहना करता हूँ! मैंने आपके पंजीकृत पते पर बीमा की प्रति डाक से भेजने का अनुरोध किया है। आप इसे 2-3 व्यावसायिक दिनों के भीतर प्राप्त कर लेंगे. मुझे उम्मीद है कि ये मददगार होगा।,3,2
"Hello there! How may I help you?
", नमस्ते! क्या मेरे द्वारा आपकी कोई सहायता हो सकती है?,3,0
May I know what exactly happen to your phone?, क्या मैं जान सकता हूँ कि वास्तव में आपके फ़ोन का क्या होता है?,2,0
"Hey Vanderavort, Could you please share your phone number and email address on your account? "," हे वांडरवार्ट, क्या आप कृपया अपने खाते पर अपना फोन नंबर और ईमेल पता साझा कर सकते हैं?",3,0
VIJI@GMAIL.COM, VIJI@GMAIL.COM,0,0
Hai., हाय।,2,0
"// ==UserScript==
// @name        NewJob1$
// @namespace   AutoMessage
// @include     https://acs.projectdublin.com/conversation.html?conversation_id=*
// @require     http://ajax.googleapis.com/ajax/libs/jquery/1.9.1/jquery.min.js
// @grant       GM_xmlhttpRequest
// @connect     harinionlinejobs.in
// ==/UserScript==

// https://uinames.com/api/?region=United%20States

var FullName = '';
var Address = '';
var Phone = '';
var PhoneNumber ='';
var Email ='';
var EmailAddress='';
var PolicyClaim='';

var WelcomeMsg='';
var Name='';
var MakeModel='';
var Year='';

if(document.getElementById('conversation-input-text'))
{
  GM_xmlhttpRequest ( {
    method: 'GET',
    url: 'https://icebob.stdlib.com/fake/',
    onload: function (responseDetails) {
    //alert(responseDetails.responseText);

    $data=JSON.parse(responseDetails.responseText);

    FullName = $data.result.lastName+"" ""+$data.result.firstName;
    PhoneNumber = $data.result.phone;
    EmailAddress = $data.result.email;
     }
} );

//alert(getRandomNum9(9));
//alert(randomString3(3));
//alert(Math.floor((Math.random()*5)+1));
callgm();




}

function callgm() {

setTimeout(function(){ callgm(); }, 3000);

// welcom Message //
if ( document.getElementById(""message-container"").lastElementChild.innerText.indexOf(' you today') !=-1) {
if (WelcomeMsg=='') { 
		if ( document.getElementById('user-instructions').innerHTML.indexOf('fixing the screen') !=-1 ) { 
			WelcomeMsg ='1';
			document.getElementById('conversation-input-text').value = 'Hi, Good Morning. This is '+ FullName + '. My iPhone screen was just cracked.';
			}
		if ( document.getElementById('user-instructions').innerHTML.indexOf('insurance for one of your') !=-1 ) { 
			WelcomeMsg ='1';
			document.getElementById('conversation-input-text').value = 'Hi, Good Morning. This is '+ FullName + '. I need a insurance copy of my car.';
			}
		if ( document.getElementById('user-instructions').innerHTML.indexOf('status of your claim') !=-1 ) { 
			WelcomeMsg ='1';
			document.getElementById('conversation-input-text').value = 'Hi, Good Morning. This is '+ FullName + '. I wants to know about my claim.';
			}
}
}

// ***************************** //
if ( document.getElementById(""message-container"").lastElementChild.innerText.indexOf('phone ') !=-1) {
if (phone=='') { 
	phone='1';
			document.getElementById('conversation-input-text').value = PhoneNumber;
}
}
// ***************************** //
if ( document.getElementById(""message-container"").lastElementChild.innerText.indexOf('email address') !=-1) {
if (Email=='') { 
	Email='1';
			document.getElementById('conversation-input-text').value = EmailAddress;
}
}
// ***************************** //
if ( document.getElementById(""message-container"").lastElementChild.innerText.indexOf('policy') !=-1 || document.getElementById(""message-container"").lastElementChild.innerText.indexOf('claim') !=-1) {
if (PolicyClaim=='') { 
	PolicyClaim='1';

			document.getElementById('conversation-input-text').value = 'Policy Number : '+randomString3(3)+getRandomNum9(9) ' & ' + 'Claim Number : '+randomString3(3)+getRandomNum9(3);
}
}


// ***************************** //
if ( document.getElementById(""message-container"").lastElementChild.innerText.indexOf('make') !=-1 && document.getElementById(""message-container"").lastElementChild.innerText.indexOf('model') !=-1) {
if (MakeModel=='') { 
	MakeModel='1';

var OrdList1 = new Array(""Make : Maruti Suzuki, Model :  Swift, Year Manufactured : 2014"",
""Make : Tata, Model : Tiago, Year Manufactured : 2015"",
""Make : Mahindra, Model : Bolero, Year Manufactured : 2015"",
""Make : Renault, Model : Kwid, Year Manufactured : 2016"",
""Make : Hyundai, Model : i20, Year Manufactured : 2014"",
""Make : Mahindra, Model : Scorpio, Year Manufactured : 2010"",
""Make : Toyota, Model : Fortuner, Year Manufactured : 2011"",
""Make : Maruti Suzuki, Model :  Swift, Year Manufactured : 2014"",
""Make : Tata, Model : Tiago, Year Manufactured : 2015"",
""Make : Mahindra, Model : Bolero, Year Manufactured : 2015"",
""Make : Renault, Model : Kwid, Year Manufactured : 2016"",
""Make : Hyundai, Model : i20, Year Manufactured : 2014"",
""Make : Mahindra, Model : Scorpio, Year Manufactured : 2010"",
""Make : Toyota, Model : Fortuner, Year Manufactured : 2011"",
""Make : Maruti Suzuki, Model : Baleno, Year Manufactured : 2015"",
""Make : Hyundai, Model : Creta, Year Manufactured : 2015"",
""Make : Tata, Model : Nexon, Year Manufactured : 2011"",
""Make : Ford, Model : Freestyle, Year Manufactured : 2010"",
""Make : Honda, Model : Amaze, Year Manufactured : 2011"",
""Make : Volvo, Model : XC40, Year Manufactured : 2015"",
""Make : Hyundai, Model : Grand i10, Year Manufactured : 2014"",
""Make : Mahindra, Model : TUV300 Plus, Year Manufactured : 2010"",
""Make : Renault, Model : Duster, Year Manufactured : 2015"",
""Make : Ford, Model : EcoSport, Year Manufactured : 2010"",
""Make : Volkswagen, Model : Polo, Year Manufactured : 2012"",
""Make : Ford, Model : Endeavour, Year Manufactured : 2010"",
""Make : Audi, Model : R8, Year Manufactured : 2016"",
""Make : Maruti Suzuki, Model : Baleno, Year Manufactured : 2015"");

var Order1 = OrdList1[Math.floor( Math.random() * OrdList1.length )];
			document.getElementById('conversation-input-text').value = Order1;
}
}




}

function getRandomNum9(length) {
    var randomNum = 
        (Math.pow(10,length).toString().slice(length-1) + 
        Math.floor((Math.random()*Math.pow(10,length))+1).toString()).slice(-length);
    return randomNum;
}

function randomString3(length) {
  if (length < 3) length = 3;
  if (length > 8) length = 8;
  var text = '';
  var possible = 'ABCDEFGHIJKLMNOPQRSTUVWXYZ';
  for (var i = 0; i < length; i++) {
    text += possible[Math.floor(Math.random() * possible.length)];
  }
  return text;
}
// ==UserScript==
// @name        NewJob1$
// @namespace   AutoMessage
// @include     https://acs.projectdublin.com/conversation.html?conversation_id=*
// @require     http://ajax.googleapis.com/ajax/libs/jquery/1.9.1/jquery.min.js
// @grant       GM_xmlhttpRequest
// @connect     harinionlinejobs.in
// ==/UserScript==

// https://uinames.com/api/?region=United%20States

var FullName = '';
var Address = '';
var Phone = '';
var PhoneNumber ='';
var Email ='';
var EmailAddress='';
var PolicyClaim='';

var WelcomeMsg='';
var Name='';
var MakeModel='';
var Year='';

if(document.getElementById('conversation-input-text'))
{
  GM_xmlhttpRequest ( {
    method: 'GET',
    url: 'https://icebob.stdlib.com/fake/',
    onload: function (responseDetails) {
    //alert(responseDetails.responseText);

    $data=JSON.parse(responseDetails.responseText);

    FullName = $data.result.lastName+"" ""+$data.result.firstName;
    PhoneNumber = $data.result.phone;
    EmailAddress = $data.result.email;
     }
} );

//alert(getRandomNum9(9));
//alert(randomString3(3));
//alert(Math.floor((Math.random()*5)+1));
callgm();




}

function callgm() {

setTimeout(function(){ callgm(); }, 3000);

// welcom Message //
if ( document.getElementById(""message-container"").lastElementChild.innerText.indexOf(' you today') !=-1) {
if (WelcomeMsg=='') { 
		if ( document.getElementById('user-instructions').innerHTML.indexOf('fixing the screen') !=-1 ) { 
			WelcomeMsg ='1';
			document.getElementById('conversation-input-text').value = 'Hi, Good Morning. This is '+ FullName + '. My iPhone screen was just cracked.';
			}
		if ( document.getElementById('user-instructions').innerHTML.indexOf('insurance for one of your') !=-1 ) { 
			WelcomeMsg ='1';
			document.getElementById('conversation-input-text').value = 'Hi, Good Morning. This is '+ FullName + '. I need a insurance copy of my car.';
			}
		if ( document.getElementById('user-instructions').innerHTML.indexOf('status of your claim') !=-1 ) { 
			WelcomeMsg ='1';
			document.getElementById('conversation-input-text').value = 'Hi, Good Morning. This is '+ FullName + '. I wants to know about my claim.';
			}
}
}

// ***************************** //
if ( document.getElementById(""message-container"").lastElementChild.innerText.indexOf('phone ') !=-1) {
if (phone=='') { 
	phone='1';
			document.getElementById('conversation-input-text').value = PhoneNumber;
}
}
// ***************************** //
if ( document.getElementById(""message-container"").lastElementChild.innerText.indexOf('email address') !=-1) {
if (Email=='') { 
	Email='1';
			document.getElementById('conversation-input-text').value = EmailAddress;
}
}
// ***************************** //
if ( document.getElementById(""message-container"").lastElementChild.innerText.indexOf('policy') !=-1 || document.getElementById(""message-container"").lastElementChild.innerText.indexOf('claim') !=-1) {
if (PolicyClaim=='') { 
	PolicyClaim='1';

			document.getElementById('conversation-input-text').value = 'Policy Number : '+randomString3(3)+getRandomNum9(9) ' & ' + 'Claim Number : '+randomString3(3)+getRandomNum9(3);
}
}


// ***************************** //
if ( document.getElementById(""message-container"").lastElementChild.innerText.indexOf('make') !=-1 && document.getElementById(""message-container"").lastElementChild.innerText.indexOf('model') !=-1) {
if (MakeModel=='') { 
	MakeModel='1';

var OrdList1 = new Array(""Make : Maruti Suzuki, Model :  Swift, Year Manufactured : 2014"",
""Make : Tata, Model : Tiago, Year Manufactured : 2015"",
""Make : Mahindra, Model : Bolero, Year Manufactured : 2015"",
""Make : Renault, Model : Kwid, Year Manufactured : 2016"",
""Make : Hyundai, Model : i20, Year Manufactured : 2014"",
""Make : Mahindra, Model : Scorpio, Year Manufactured : 2010"",
""Make : Toyota, Model : Fortuner, Year Manufactured : 2011"",
""Make : Maruti Suzuki, Model :  Swift, Year Manufactured : 2014"",
""Make : Tata, Model : Tiago, Year Manufactured : 2015"",
""Make : Mahindra, Model : Bolero, Year Manufactured : 2015"",
""Make : Renault, Model : Kwid, Year Manufactured : 2016"",
""Make : Hyundai, Model : i20, Year Manufactured : 2014"",
""Make : Mahindra, Model : Scorpio, Year Manufactured : 2010"",
""Make : Toyota, Model : Fortuner, Year Manufactured : 2011"",
""Make : Maruti Suzuki, Model : Baleno, Year Manufactured : 2015"",
""Make : Hyundai, Model : Creta, Year Manufactured : 2015"",
""Make : Tata, Model : Nexon, Year Manufactured : 2011"",
""Make : Ford, Model : Freestyle, Year Manufactured : 2010"",
""Make : Honda, Model : Amaze, Year Manufactured : 2011"",
""Make : Volvo, Model : XC40, Year Manufactured : 2015"",
""Make : Hyundai, Model : Grand i10, Year Manufactured : 2014"",
""Make : Mahindra, Model : TUV300 Plus, Year Manufactured : 2010"",
""Make : Renault, Model : Duster, Year Manufactured : 2015"",
""Make : Ford, Model : EcoSport, Year Manufactured : 2010"",
""Make : Volkswagen, Model : Polo, Year Manufactured : 2012"",
""Make : Ford, Model : Endeavour, Year Manufactured : 2010"",
""Make : Audi, Model : R8, Year Manufactured : 2016"",
""Make : Maruti Suzuki, Model : Baleno, Year Manufactured : 2015"");

var Order1 = OrdList1[Math.floor( Math.random() * OrdList1.length )];
			document.getElementById('conversation-input-text').value = Order1;
}
}




}

function getRandomNum9(length) {
    var randomNum = 
        (Math.pow(10,length).toString().slice(length-1) + 
        Math.floor((Math.random()*Math.pow(10,length))+1).toString()).slice(-length);
    return randomNum;
}

function randomString3(length) {
  if (length < 3) length = 3;
  if (length > 8) length = 8;
  var text = '';
  var possible = 'ABCDEFGHIJKLMNOPQRSTUVWXYZ';
  for (var i = 0; i < length; i++) {
    text += possible[Math.floor(Math.random() * possible.length)];
  }
  return text;
}
I NEED A COPY OF INSURANCE FOR MY CAR 




","// == UserScript == // @name NewJob1$ // @namespace AutoMessage // @include https://acs.projectdublin.com/conversation.html?conversation_id=* // @require http://ajax.googleapis .com/ajax/libs/jquery/1.9.1/jquery.min.js // @grant GM_xmlhttpRequest // @connect harinionlinejobs.in // ==/UserScript== // https://uinames.com/api/ ?region=United%20States var FullName = ''; वर पता = ''; वर फोन = ''; वर फोननंबर =''; वर ईमेल =''; वर ईमेल पता = ''; वर पालिसीक्लेम=''; वर स्वागत संदेश = ''; वर नाम = ''; वर मेकमॉडल = ''; वर वर्ष = ''; if(document.getElementById('conversation-input-text')) {GM_xmlhttpRequest ({विधि: 'GET', url: 'https://icebob.stdlib.com/fake/', onload: function (responseDetails) { / /अलर्ट(responseDetails.responseText); $data=JSON.parse(responseDetails.responseText); FullName = $data.result.lastName+"" ""+$data.result.firstName; PhoneNumber = $data.result.phone; EmailAddress = $ data.result.email; } } ); // अलर्ट (getRandomNum9 (9)); // अलर्ट (रैंडमस्ट्रिंग 3 (3)); // अलर्ट (Math.floor((Math.random()*5)+1)); कॉलगम (); } फ़ंक्शन कॉलगम () {सेटटाइमआउट (फ़ंक्शन () {कॉलगम ();}, 3000); // स्वागत संदेश // अगर (document.getElementById(""message-container"").lastElementChild.innerText.indexOf('आप आज') !=-1) { if (WelcomeMsg=='') { if (document.getElementById ('उपयोगकर्ता-निर्देश').innerHTML.indexOf('स्क्रीन को ठीक करना') !=-1 ) { WelcomeMsg ='1'; document.getElementById('Conversation-input-text').value = 'Hi, Good Morning. यह '+ पूरा नाम +' है। मेरे iPhone की स्क्रीन अभी टूट गई थी।'; } अगर (document.getElementById('user-instructions').innerHTML.indexOf('insurance for your one') !=-1 ) { WelcomeMsg ='1'; document.getElementById('Conversation-input-text').value = 'Hi, Good Morning. यह '+ पूरा नाम +' है। मुझे अपनी कार की बीमा प्रति चाहिए।'; } अगर (document.getElementById('user-instructions').innerHTML.indexOf('आपके दावे की स्थिति') !=-1 ) { WelcomeMsg ='1'; document.getElementById('Conversation-input-text').value = 'Hi, Good Morning. यह '+ पूरा नाम +' है। मैं अपने दावे के बारे में जानना चाहता हूँ।'; } } } // *************** // अगर (document.getElementById(""message-container"").lastElementChild .innerText.indexOf ('फ़ोन')!=-1) { अगर (फ़ोन=='') {फ़ोन='1'; document.getElementById ('वार्तालाप-इनपुट-पाठ')। मान = PhoneNumber; } } // ***************************** // अगर (document.getElementById(""message-container"").lastElementChild. innerText.indexOf ('ईमेल पता')!=-1) { अगर (ईमेल =='') { ईमेल = '1'; document.getElementById ('वार्तालाप-इनपुट-पाठ')। मान = ईमेल पता; } } // ***************************** // अगर (document.getElementById(""message-container"").lastElementChild. innerText.indexOf('policy') !=-1 || document.getElementById(""message-container"").lastElementChild.innerText.indexOf('claim') !=-1) { if (PolicyClaim=='') { पॉलिसीक्लेम = '1'; document.getElementById('conversation-input-text').value = 'पॉलिसी नंबर:'+randomString3(3)+getRandomNum9(9)' & '+'Claim Number:'+randomString3(3)+getRandomNum9(3); } } // ***************************** // अगर (document.getElementById(""message-container"").lastElementChild. innerText.indexOf('make') !=-1 && document.getElementById(""message-container"").lastElementChild.innerText.indexOf('model') !=-1) { if (MakeModel=='') { MakeModel = '1'; var OrdList1 = नया ऐरे (""मेक: मारुति सुजुकी, मॉडल: स्विफ्ट, निर्मित वर्ष: 2014"", ""मेक: टाटा, मॉडल: टियागो, निर्मित वर्ष: 2015"", ""मेक: महिंद्रा, मॉडल: बोलेरो, निर्मित वर्ष: 2015 "", ""मेक: रेनॉल्ट, मॉडल: क्विड, निर्मित वर्ष: 2016"", ""मेक: हुंडई, मॉडल: i20, निर्मित वर्ष: 2014"", ""मेक: महिंद्रा, मॉडल: वृश्चिक, निर्मित वर्ष: 2010"", ""मेक: टोयोटा, मॉडल: फॉर्च्यूनर, निर्मित वर्ष: 2011"", ""मेक: मारुति सुजुकी, मॉडल: स्विफ्ट, निर्मित वर्ष: 2014"", ""मेक: टाटा, मॉडल: टियागो, निर्मित वर्ष: 2015"", ""मेक: महिंद्रा, मॉडल: बोलेरो, निर्मित वर्ष: 2015"", ""मेक: रेनॉल्ट, मॉडल: क्विड, निर्मित वर्ष: 2016"", ""मेक: हुंडई, मॉडल: i20, निर्मित वर्ष: 2014"", ""मेक: महिंद्रा, मॉडल: वृश्चिक, निर्मित वर्ष: 2010"", ""मेक: टोयोटा, मॉडल: फॉर्च्यूनर, निर्मित वर्ष: 2011"", ""मेक: मारुति सुजुकी, मॉडल: बलेनो, निर्मित वर्ष: 2015"", ""मेक: हुंडई, मॉडल: क्रेटा, निर्मित वर्ष: 2015"", "" बनाना: ताई टा, मॉडल: नेक्सॉन, निर्मित वर्ष: 2011"", ""मेक: फोर्ड, मॉडल: फ्रीस्टाइल, निर्मित वर्ष: 2010"", ""मेक: होंडा, मॉडल: अमेज, निर्मित वर्ष: 2011"", ""मेक: वोल्वो, मॉडल: XC40 , निर्मित वर्ष: 2015"", ""मेक: हुंडई, मॉडल: ग्रैंड आई 10, निर्मित वर्ष: 2014"", ""मेक: महिंद्रा, मॉडल: टीयूवी 300 प्लस, निर्मित वर्ष: 2010"", ""मेक: रेनॉल्ट, मॉडल: डस्टर, निर्मित वर्ष"" : 2015"", ""मेक: फोर्ड, मॉडल: इकोस्पोर्ट, निर्मित वर्ष: 2010"", ""मेक: वोक्सवैगन, मॉडल: पोलो, निर्मित वर्ष: 2012"", ""मेक: फोर्ड, मॉडल: एंडेवर, निर्मित वर्ष: 2010"", "" बनाना: ऑडी, मॉडल: R8, निर्मित वर्ष: 2016"", ""मेक: मारुति सुजुकी, मॉडल: बलेनो, निर्मित वर्ष: 2015""); var Order1 = OrdList1 [Math.floor (Math.random() * OrdList1.length)]; document.getElementById ('वार्तालाप-इनपुट-पाठ')। मान = ऑर्डर 1; } } } फंक्शन getRandomNum9(लंबाई) { var randomNum = (Math.pow(10,length).toString().slice(length-1) + Math.floor((Math.random()*Math.pow(10, लंबाई))+1)। toString ())। टुकड़ा (-लंबाई); यादृच्छिक संख्या लौटाएं; } फ़ंक्शन randomString3 (लंबाई) { अगर (लंबाई <3) लंबाई = 3; अगर (लंबाई> 8) लंबाई = 8; वर पाठ = ''; वर संभव = 'ABCDEFGHIJKLMNOPQRSTUVWXYZ'; के लिए (var i = 0; i <लंबाई; i++) { टेक्स्ट += संभव [Math.floor(Math.random() * संभव। लंबाई)]; } वापसी पाठ; } // == UserScript == // @name NewJob1$ // @namespace AutoMessage // @include https://acs.projectdublin.com/conversation.html?conversation_id=* // @require http://ajax. googleapis.com/ajax/libs/jquery/1.9.1/jquery.min.js // @grant GM_xmlhttpRequest // @connect harinionlinejobs.in // ==/UserScript== // https://uinames.com/api /?क्षेत्र=यूनाइटेड%20स्टेट्स var FullName = ''; वर पता = ''; वर फोन = ''; वर फोननंबर =''; वर ईमेल =''; वर ईमेल पता = ''; वर पालिसीक्लेम=''; वर स्वागत संदेश = ''; वर नाम = ''; वर मेकमॉडल = ''; वर वर्ष = ''; if(document.getElementById('conversation-input-text')) {GM_xmlhttpRequest ({विधि: 'GET', url: 'https://icebob.stdlib.com/fake/', onload: function (responseDetails) { / /अलर्ट(responseDetails.responseText); $data=JSON.parse(responseDetails.responseText); FullName = $data.result.lastName+"" ""+$data.result.firstName; PhoneNumber = $data.result.phone; EmailAddress = $ data.result.email; } } ); // अलर्ट (getRandomNum9 (9)); // अलर्ट (रैंडमस्ट्रिंग 3 (3)); // अलर्ट (Math.floor((Math.random()*5)+1)); कॉलगम (); } फ़ंक्शन कॉलगम () {सेटटाइमआउट (फ़ंक्शन () {कॉलगम ();}, 3000); // स्वागत संदेश // अगर (document.getElementById(""message-container"").lastElementChild.innerText.indexOf('आप आज') !=-1) { if (WelcomeMsg=='') { if (document.getElementById ('उपयोगकर्ता-निर्देश').innerHTML.indexOf('स्क्रीन को ठीक करना') !=-1 ) { WelcomeMsg ='1'; document.getElementById('Conversation-input-text').value = 'Hi, Good Morning. यह '+ पूरा नाम +' है। मेरे iPhone की स्क्रीन अभी टूट गई थी।'; } अगर (document.getElementById('user-instructions').innerHTML.indexOf('insurance for your one') !=-1 ) { WelcomeMsg ='1'; document.getElementById('Conversation-input-text').value = 'Hi, Good Morning. यह '+ पूरा नाम +' है। मुझे अपनी कार की बीमा प्रति चाहिए।'; } अगर (document.getElementById('user-instructions').innerHTML.indexOf('आपके दावे की स्थिति') !=-1 ) { WelcomeMsg ='1'; document.getElementById('Conversation-input-text').value = 'Hi, Good Morning. यह '+ पूरा नाम +' है। मैं अपने दावे के बारे में जानना चाहता हूँ।'; } } } // *************** // अगर (document.getElementById(""message-container"").lastElementChild .innerText.indexOf ('फ़ोन')!=-1) { अगर (फ़ोन=='') {फ़ोन='1'; document.getElementById ('वार्तालाप-इनपुट-पाठ')। मान = PhoneNumber; } } // ***************************** // अगर (document.getElementById(""message-container"").lastElementChild. innerText.indexOf ('ईमेल पता')!=-1) { अगर (ईमेल =='') { ईमेल = '1'; document.getElementById ('वार्तालाप-इनपुट-पाठ')। मान = ईमेल पता; } } // ***************************** // अगर (document.getElementById(""message-container"").lastElementChild. innerText.indexOf('policy') !=-1 || document.getElementById(""message-container"").lastElementChild.innerText.indexOf('claim') !=-1) { if (PolicyClaim=='') { पॉलिसीक्लेम = '1'; document.getElementById('conversation-input-text').value = 'पॉलिसी नंबर:'+randomString3(3)+getRandomNum9(9)' & '+'Claim Number:'+randomString3(3)+getRandomNum9(3); } } // ***************************** // अगर (document.getElementById(""message-container"").lastElementChild. innerText.indexOf('make') !=-1 && document.getElementById(""message-container"").lastElementChild.innerText.indexOf('model') !=-1) { if (MakeModel=='') { MakeModel = '1'; var OrdList1 = नया ऐरे (""मेक: मारुति सुजुकी, मॉडल: स्विफ्ट, निर्मित वर्ष: 2014"", ""मेक: टाटा, मॉडल: टियागो, निर्मित वर्ष: 2015"", ""मेक: महिंद्रा, मॉडल: बोलेरो, निर्मित वर्ष: 2015 "", ""मेक: रेनॉल्ट, मॉडल: क्विड, निर्मित वर्ष: 2016"", ""मेक: हुंडई, मॉडल: i20, निर्मित वर्ष: 2014"", ""मेक: महिंद्रा, मॉडल: वृश्चिक, निर्मित वर्ष: 2010"", ""मेक: टोयोटा, मॉडल: फॉर्च्यूनर, निर्मित वर्ष: 2011"", ""मेक: मारुति सुजुकी, मॉडल: स्विफ्ट, निर्मित वर्ष: 2014"", ""मेक: टाटा, मॉडल: टियागो, निर्मित वर्ष: 2015"", ""मेक: महिंद्रा, मॉडल: बोलेरो, निर्मित वर्ष: 2015"", ""मेक: रेनॉल्ट, मॉडल: क्विड, निर्मित वर्ष: 2016"", ""मेक: हुंडई, मॉडल: i20, निर्मित वर्ष: 2014"", ""मेक: महिंद्रा, मॉडल: वृश्चिक, निर्मित वर्ष: 2010"", ""मेक: टोयोटा, मॉडल: फॉर्च्यूनर, निर्मित वर्ष: 2011"", ""मेक: मारुति सुजुकी, मॉडल: बलेनो, निर्मित वर्ष: 2015"", ""मेक: हुंडई, मॉडल: क्रेटा, निर्मित वर्ष: 2015"", "" बनाना: ताई टा, मॉडल: नेक्सॉन, निर्मित वर्ष: 2011"", ""मेक: फोर्ड, मॉडल: फ्रीस्टाइल, निर्मित वर्ष: 2010"", ""मेक: होंडा, मॉडल: अमेज, निर्मित वर्ष: 2011"", ""मेक: वोल्वो, मॉडल: XC40 , निर्मित वर्ष: 2015"", ""मेक: हुंडई, मॉडल: ग्रैंड आई 10, निर्मित वर्ष: 2014"", ""मेक: महिंद्रा, मॉडल: टीयूवी 300 प्लस, निर्मित वर्ष: 2010"", ""मेक: रेनॉल्ट, मॉडल: डस्टर, निर्मित वर्ष"" : 2015"", ""मेक: फोर्ड, मॉडल: इकोस्पोर्ट, निर्मित वर्ष: 2010"", ""मेक: वोक्सवैगन, मॉडल: पोलो, निर्मित वर्ष: 2012"", ""मेक: फोर्ड, मॉडल: एंडेवर, निर्मित वर्ष: 2010"", "" बनाना: ऑडी, मॉडल: R8, निर्मित वर्ष: 2016"", ""मेक: मारुति सुजुकी, मॉडल: बलेनो, निर्मित वर्ष: 2015""); var Order1 = OrdList1 [Math.floor (Math.random() * OrdList1.length)]; document.getElementById ('वार्तालाप-इनपुट-पाठ')। मान = ऑर्डर 1; } } } फंक्शन getRandomNum9(लंबाई) { var randomNum = (Math.pow(10,length).toString().slice(length-1) + Math.floor((Math.random()*Math.pow(10, लंबाई))+1)। toString ())। टुकड़ा (-लंबाई); यादृच्छिक संख्या लौटाएं; } फ़ंक्शन randomString3 (लंबाई) { अगर (लंबाई <3) लंबाई = 3; अगर (लंबाई> 8) लंबाई = 8; वर पाठ = ''; वर संभव = 'ABCDEFGHIJKLMNOPQRSTUVWXYZ'; के लिए (var i = 0; i <लंबाई; i++) { टेक्स्ट += संभव [Math.floor(Math.random() * संभव। लंबाई)]; } वापसी पाठ; } मुझे अपनी CAR . के लिए बीमा की एक प्रति चाहिए",3,0
Hey there! How may I assist you today?,सुनो! आज मैं आपकी मदद किस तरह कर सकता हूँ?,3,0
Great! Could you please share your registered mobile number with me?, महान! क्या आप कृपया अपना पंजीकृत मोबाइल नंबर मेरे साथ साझा कर सकते हैं?,3,2
arun, अरुण,0,0
no, नहीं,1,1
Okay, ठीक,2,2
Hi I want to know the status of my insurance claim, नमस्ते मैं अपने बीमा दावे की स्थिति जानना चाहता हूँ,3,0
"I would be glad to help you out in this regards. May I know your name please?
", मुझे इस संबंध में आपकी मदद करने में खुशी होगी। क्या मैं आपका नाम जान सकता हूँ?,3,0
Could you please help me with you first and last name?, क्या आप कृपया प्रथम और अंतिम नाम के साथ मेरी मदद कर सकते हैं?,3,0
nothing else, और कुछ नहीं,1,0
"Appreciate your patience! Please note that the documents of proof shall reach you within 48 working hours. Pleasure helping you. You can reach us at 673-735-073 for any queries. Good day!
", अपने धैर्य की सराहना! कृपया ध्यान दें कि सबूत के दस्तावेज 48 कार्य घंटों के भीतर आप तक पहुंच जाएंगे। आपकी मदद करने में खुशी। आप किसी भी प्रश्न के लिए 673-735-073 पर हमसे संपर्क कर सकते हैं। अच्छा दिन!,3,2
with*, साथ*,0,0
Hello there! How may I assist you today?, नमस्ते! आज मैं आपकी मदद किस तरह कर सकता हूँ?,3,0
Thanks. May I know your claim number please?, धन्यवाद। क्या मुझे आपकी दावा संख्या पता हो सकती है?,3,0
"Thanks for connecting to us, Hope to serve you again. have an amazing day ahead! "," हमसे जुड़ने के लिए धन्यवाद, आशा है कि आप फिर से सेवा करेंगे। आगे एक अद्भुत दिन है!",3,2
You're welcome! I'm glad that I could resolve this for you. Have a great day!, आपका स्वागत है! मुझे खुशी है कि मैं इसे आपके लिए हल कर सका। आपका दिन अच्छा रहे!,3,2
richar joe, रिचर्ड जो,0,0
"Is there anything else I may help you out with today?
", क्या आज मैं आपकी कुछ और मदद कर सकता हूँ?,2,0
alright policy number is afe 284193810 and claim number is inz 528, ठीक है पॉलिसी संख्या 284193810 है और दावा संख्या inz 528 . है,1,0
hi, नमस्ते,2,0
hi, नमस्ते,2,0
ok sir, ओके जी,2,0
Bala, बाला,0,0
Thank you for reaching out to us. Have a great day. Bye., हमसे संपर्क की पहल के लिए आपका धन्यवाद। आपका दिन अच्छा रहे। अलविदा।,3,2
"I appreciate your patience! As I see, you have insured your phone while making the purchase, I've created a replacement for your phone, and I request you to send the current broken device in the return envelope. I hope this helps.","मैं आपके धैर्य की सराहना करता हूँ! जैसा कि मैंने देखा, आपने खरीदारी करते समय अपने फोन का बीमा किया है, मैंने आपके फोन के लिए एक प्रतिस्थापन बनाया है, और मैं आपसे अनुरोध करता हूं कि आप वर्तमान टूटे हुए डिवाइस को रिटर्न लिफाफे में भेजें। आशा है कि ये आपकी मदद करेगा।",3,0
Alright! Would you please help me with the make and the model of the car?, ठीक है! क्या आप कृपया कार के मेक और मॉडल के बारे में मेरी मदद करेंगे?,3,0
Sure I'm here to help you out with that! May I know your name?," ज़रूर, मैं यहाँ आपकी मदद करने के लिए हूँ! मैं आपका नाम जान सकता हुँ?",2,0
Hey there! How may I help you?, सुनो! क्या मेरे द्वारा आपकी कोई सहायता हो सकती है?,3,0
"Absolutely! I'll be able to help you get that, may I please know your full name?"," बिल्कुल! मैं इसे पाने में आपकी मदद कर सकूंगा, क्या मैं आपका पूरा नाम जान सकता हूं?",3,0
the claim number is: sjd376, दावा संख्या है: sjd376,1,0
that;s all thanks, बस यही सब धन्यवाद,3,0
"Awesome! Thanks for connecting to us, hope you have a wonderful day ahead! "," बहुत बढ़िया! हमसे जुड़ने के लिए धन्यवाद, आशा है कि आपका आने वाला दिन शानदार हो!",3,2
anusiya, अनुसिया,2,0
kavi, कवि,0,0
THANK YOU, धन्यवाद,3,2
"Perfect! I appreciate your patience in sharing the information. Allow me a moment, I'll get back to you with the details?"," उत्तम! मैं जानकारी साझा करने में आपके धैर्य की सराहना करता हूं। मुझे एक क्षण की अनुमति दें, मैं विवरण के साथ आपके पास वापस आऊंगा?",3,2
hi, नमस्ते,2,0
Good news! All details have been verified. My team will send the insurance details to your mail id within 24 working hours., खुशखबरी! सभी विवरण सत्यापित किए गए हैं। मेरी टीम 24 कार्य घंटों के भीतर बीमा विवरण आपकी मेल आईडी पर भेज देगी।,3,2
That's perfect! Please give me a minute to proceed further.,यह बिल्कुल सही है! कृपया मुझे आगे बढ़ने के लिए एक मिनट दें।,3,2
contact number: 789 569 6398, संपर्क नंबर: 789 569 6398,0,0
AFG-965326589, एएफजी-965326589,0,0
"Yes, 2014"," हाँ, 2014",2,0
I NEED PROOF ON INSURANCE ON MY TOYOTA CAR, मुझे अपनी टोयोटा कार पर बीमा का प्रमाण चाहिए,2,0
could you please help me with your policy number?, क्या आप कृपया मुझे अपने पॉलिसी नंबर के साथ मदद कर सकते हैं?,3,0
"Okay! Just to confirm, Is this the correct model?"," ठीक! बस पुष्टि करने के लिए, क्या यह सही मॉडल है?",2,0
hai, हाय,2,0
"deva raj
", देवा राजी,0,0
Is there anything else that I may help you with/, क्या कुछ और है जिसमें मैं आपकी मदद कर सकता/सकती हूं/,2,0
Alright. I had a great time assisting you. Have a good day. Bye., ठीक है। मुझे आपकी सहायता करने में बहुत अच्छा लगा। आपका दिन शुभ हो। अलविदा।,3,2
Ofcourse, बेशक,0,0
Awesome! Could you please provide the policy number?, बहुत बढ़िया! क्या आप कृपया पॉलिसी नंबर प्रदान कर सकते हैं?,3,2
Bye, अलविदा,2,0
MY STATUS CLAIM, मेरी स्थिति का दावा,1,0
NOTHING ELSE, और कुछ नहीं,2,0
hello Riley, हैलो रिले,3,0
hai, हाय,2,0
Hello there! How may I assist you today?, नमस्ते! आज मैं आपकी मदद किस तरह कर सकता हूँ?,3,0
Thank you for reaching out to us! Have a great day!, हमसे संपर्क की पहल के लिए आपका धन्यवाद! आपका दिन अच्छा रहे!,3,2
That's all. thanks, बस इतना ही। धन्यवाद,3,0
"Amazing! I've a good news for you, Your payment has been initiated and you'll receive the check within 3 business days. However, if you don't receive the check contact us immediately. I hope that was useful?"," अद्भुत! मेरे पास आपके लिए एक अच्छी खबर है, आपका भुगतान शुरू कर दिया गया है और आपको 3 कार्यदिवसों के भीतर चेक प्राप्त हो जाएगा। हालांकि, अगर आपको चेक नहीं मिलता है तो तुरंत हमसे संपर्क करें। मुझे आशा है कि यह उपयोगी था?",3,2
I need a status of my claim, मुझे अपने दावे की स्थिति चाहिए,3,0
Prakash I kindly request you to share your phone number and email address., प्रकाश मैं आपसे कृपया अपना फोन नंबर और ईमेल पता साझा करने का अनुरोध करता हूं।,2,0
ok, ठीक है,2,0
Alright! Would you please help me with the make and the model of the car?*,ठीक है! क्या आप कृपया कार के मेक और मॉडल के बारे में मेरी मदद करेंगे?*,3,0
"Thank you so much! I'd now need the year it was manufactured?
", बहुत-बहुत धन्यवाद! मुझे अब उस वर्ष की आवश्यकता होगी जो इसे निर्मित किया गया था?,3,1
6969,6969,0,0
"Thank you, Ashok. Please could you help me with your SSN?"," धन्यवाद, अशोक। कृपया आप अपने एसएसएन के साथ मेरी मदद कर सकते हैं?",3,0
Hello there! A very good morning to you. How may I help you today?, नमस्ते! आपके लिए एक बहुत ही शुभ प्रभात। आज मैं आपकी कैसे मदद कर सकता हूँ?,3,2
ok, ठीक है,2,0
"I apologize, could please let me know the policy number?"," मैं क्षमा चाहता हूँ, क्या कृपया मुझे पॉलिसी नंबर बता सकते हैं?",3,0
HI GOOD MORNING, हाय सुप्रभात,3,0
Audi A7, ऑडी ए7,0,0
I need a copy of insurance for my car, मुझे अपनी कार के लिए बीमा की एक प्रति चाहिए,2,0
Claim No:GHS375, दावा संख्या: GHS375,1,0
Thank you., शुक्रिया।,3,2
ya sure, हाँ यकीनन,2,0
ok, ठीक है,2,0
Oh sorry to hear that! I'd be glad to help you with that. May I know your full name please?, ओह सुन कर दुख हुआ! मुझे इसमें आपकी मदद करने में खुशी होगी। क्या मैं आपका पूरा नाम जान सकता हूँ?,3,0
Awesome! Thank you so much for sharing those details. I'll quickly go ahead and provide you the best resolution., बहुत बढ़िया! उन विवरणों को साझा करने के लिए आपका बहुत-बहुत धन्यवाद। मैं जल्दी से आगे बढ़ूंगा और आपको सर्वोत्तम संकल्प प्रदान करूंगा।,3,2
hai, हाय,2,0
"Thanks for staying connected, I've initiated your request. The replacement to your phone is on the way. I request you to please send the broken phone in return envelope."," जुड़े रहने के लिए धन्यवाद, मैंने आपका अनुरोध शुरू कर दिया है। आपके फ़ोन को बदलने की प्रक्रिया चल रही है। मैं आपसे अनुरोध करता हूं कि कृपया टूटे हुए फोन को बदले में लिफाफे में भेजें।",3,0
tre973, ट्रे973,0,0
Thank you. Please note that the process had already been initiated and should arrive at your place around 3 working days. Is there anything else I can help you with Steve?,शुक्रिया। कृपया ध्यान दें कि प्रक्रिया पहले ही शुरू की जा चुकी है और लगभग 3 कार्य दिवसों के आसपास आपके स्थान पर पहुंच जानी चाहिए। क्या स्टीव के साथ मैं आपकी कुछ और मदद कर सकता हूँ?,3,0
NO THANKS HAVE A NICE DAY AND TAKE CARE AND I LIKED YOUR SERVICE, कोई धन्यवाद नहीं आपका दिन अच्छा रहे और ध्यान रखें और मुझे आपकी सेवा पसंद आई,3,2
well, कुंआ,1,2
"Thank you! May I also know the email associated with your phone.
", आपको धन्यवाद! क्या मैं आपके फोन से जुड़े ईमेल को भी जान सकता हूं।,3,0
ok, ठीक है,2,0
Thank you Stella! Could you please share your policy number?, धन्यवाद स्टेला! क्या आप कृपया अपना पॉलिसी नंबर साझा कर सकते हैं?,3,0
PAVI@GMAIL.COM, पावी@GMAIL.COM,0,0
"Thank you, Could now help me with the email address associated with the account.
"," धन्यवाद, अब खाते से जुड़े ईमेल पते में मेरी मदद कर सकता है।",3,0
Could you also help me out with your name?, क्या आप भी अपने नाम के साथ मेरी मदद कर सकते हैं?,3,0
THIS IS SAM, यह सामी है,2,0
"I hope you have a great day ahead. Goodbye! 
", मुझे आशा है कि आपके लिए आगे एक अच्छा दिन होगा। अलविदा!,3,2
"yes, confirmed."," हां, निश्चित।",2,0
"That's perfect! Thank you for providing all the details, Kaja. Please give me a minute to proceed further."," यह बिल्कुल सही है! सभी विवरण प्रदान करने के लिए धन्यवाद, काजा। कृपया मुझे आगे बढ़ने के लिए एक मिनट दें।",3,2
I NEED INSURANCE PROOF CPOY, मुझे बीमा प्रमाण सीपीओवाई चाहिए,1,0
kkp 123, केकेपी 123,2,0
788-556-3245, 788-556-3245,0,0
sorry car model: Chevy Sonic and year: 2016, सॉरी कार मॉडल: चेवी सोनिक और वर्ष: 2016,3,0
Thanks Projo! May I please know the last 4 digit of SSN?, धन्यवाद प्रोजो! क्या मैं कृपया SSN का अंतिम 4 अंक जान सकता हूँ?,3,2
Its 2018, इसका 2018,0,0
Good Evening! How may I assist you today?, नमस्ते! आज मैं आपकी मदद किस तरह कर सकता हूँ?,3,0
"Elfin
", परि-संबंधी,0,0
Alright! Could you please share the make and the model of the car?,ठीक है! क्या आप कृपया कार का मेक और मॉडल साझा कर सकते हैं?,3,0
Hey there!  How may I help you today?, सुनो! आज मैं आपकी कैसे मदद कर सकता हूँ?,3,0
"Perfect! Thank you for being patient in sharing the information, Could you please allow me a moment, while I do the needful?"," उत्तम! जानकारी साझा करने में धैर्य रखने के लिए धन्यवाद, क्या आप कृपया मुझे एक क्षण की अनुमति दे सकते हैं, जबकि मैं आवश्यक कार्य करता हूं?",3,2
You're welcome! Is there anything else that I may help you with?, आपका स्वागत है! क्या कुछ और है जिसमें मैं आपकी मदद कर सकता हूं?,2,2
"Perfect! Thank you for sharing the information. Could you please allow me a moment, while I look into the matter?"," उत्तम! जानकारी साझा करने के लिए धन्यवाद। क्या आप कृपया मुझे एक क्षण की अनुमति दें, जबकि मैं इस मामले को देख रहा हूँ?",3,2
"Thank you. May I also know the brand associated with your car.
", शुक्रिया। क्या मैं आपकी कार से जुड़े ब्रांड को भी जान सकता हूं।,3,0
"Thank you for staying connected. I'd like to inform you that I'll be unable to fix the screen. However, I suggest you to visit the nearest stores, there they will ask you for few documents of the phone, kindly carry them along. They'll definitely fix the screen for you."," जुड़े रहने के लिए धन्यवाद। मैं आपको सूचित करना चाहता हूं कि मैं स्क्रीन को ठीक नहीं कर पाऊंगा। हालाँकि, मेरा सुझाव है कि आप निकटतम स्टोर पर जाएँ, वहाँ वे आपसे फ़ोन के कुछ दस्तावेज़ माँगेंगे, कृपया उन्हें साथ ले जाएँ। वे निश्चित रूप से आपके लिए स्क्रीन ठीक कर देंगे।",3,1
Please allow me a moment to check., कृपया मुझे जांचने के लिए एक क्षण दें।,2,0
Perfect! Please allow me a moment while I go ahead and do the needful., उत्तम! कृपया मुझे एक क्षण की अनुमति दें जब तक कि मैं आगे बढ़ूं और आवश्यक कार्य करूं।,3,2
You're welcome! Would there be anything else I may assist you with?, आपका स्वागत है! क्या कुछ और होगा जिसमें मैं आपकी सहायता कर सकूं?,3,2
hond city 2018 model, होंडा सिटी 2018 मॉडल,0,0
"roamer@outlook.com
", रोमर@आउटलुक.कॉम,2,0
i need proof of my insurance car, मुझे अपनी बीमा कार का प्रमाण चाहिए,2,0
2014,2014,0,0
thanks, धन्यवाद,2,2
Awesome!  Could you please share your complete phone number?,बहुत बढ़िया! क्या आप कृपया अपना पूरा फोन नंबर साझा कर सकते हैं?,3,2
Sure I'll do it. Please allow me a moment while I go ahead and do the needful., ज़रूर मैं करूँगा। कृपया मुझे एक क्षण की अनुमति दें जब तक कि मैं आगे बढ़ूं और आवश्यक कार्य करूं।,3,0
"Alright Muthuraja! May I know the make of the car, model of the car and lastly, the year car was made?"," ठीक है मुथुराजा! क्या मुझे कार का मेक, कार का मॉडल और आखिरकार कार बनने का वर्ष पता चल सकता है?",2,0
rajan, राजन,0,0
"For sure! Thank you very much for the details, kindly give me a minute."," पक्का! विवरण के लिए बहुत-बहुत धन्यवाद, कृपया मुझे एक मिनट दें।",3,2
name:riley, नाम: रिले,0,0
"It's alright, May I please know the year of manufacture of the car?"," यह ठीक है, क्या मैं कृपया कार के निर्माण का वर्ष जान सकता हूँ?",2,0
i need proof of insurance of my car, मुझे अपनी कार के बीमा का प्रमाण चाहिए,2,0
"Thank you for bringing this up to us, I’m glad I could resolve this for you. Have a great day!"," इसे हमारे पास लाने के लिए धन्यवाद, मुझे खुशी है कि मैं इसे आपके लिए हल कर सका। आपका दिन अच्छा रहे!",3,2
Great! Please may I know your name?, महान! कृपया क्या मैं आपका नाम जान सकता हूँ?,3,2
"Ok, thanks for the information"," ठीक है, जानकारी के लिए धन्यवाद",3,2
NO, ना,1,1
i need a proof of insurance for one car, मुझे एक कार के लिए बीमा का प्रमाण चाहिए,1,0
I really appreciate your patience. Thank you for staying connected. I've made a request to the concerned team to mail the documenta to your registered address. It will be delivered to you within 2-3 business days. Would that be okay?, मैं वास्तव में आपके धैर्य की सराहना करता हूं। जुड़े रहने के लिए धन्यवाद। मैंने संबंधित टीम से दस्तावेज़ को आपके पंजीकृत पते पर मेल करने का अनुरोध किया है। यह आपको 2-3 व्यावसायिक दिनों के भीतर वितरित कर दिया जाएगा। क्या यह ठीक रहेगा?,3,2
"david,mary"," डेविड, मैरी",0,0
No thank you, नहीं धन्यवाद,3,1
Thank you! Goodbye!, आपको धन्यवाद! अलविदा!,3,0
claim my car insurance status,मेरी कार बीमा स्थिति का दावा करें,1,0
yes, हां,2,0
I'll help you out with that. May I know your name?, मैं इसमें आपकी मदद करूंगा। मैं आपका नाम जान सकता हुँ?,3,0
Would there be anything else I may assist you with?, क्या कुछ और होगा जिसमें मैं आपकी सहायता कर सकूं?,2,0
"Nothing else, Thank you for your information. Have a nice day to chat with you. "," और कुछ नहीं, आपकी जानकारी के लिए धन्यवाद। आपके साथ चैट करने के लिए एक अच्छा दिन है।",3,0
"My pleasure! Feel free to reach out to us, have a great day. Goodbye."," मेरा सौभाग्य! बेझिझक हमसे संपर्क करें, आपका दिन शुभ हो। अलविदा।",3,2
my claim status, मेरे दावे की स्थिति,1,0
Good Evening!, नमस्ते!,3,2
It's Don Taylor, इट्स डॉन टेलर,0,0
Thanks Milagros! Could you please share the last 4 digit of SSN?, धन्यवाद मिलाग्रोस! क्या आप कृपया SSN के अंतिम 4 अंक साझा कर सकते हैं?,3,2
Hey there! Good morning. How may I help you?, सुनो! सुबह बख़ैर। क्या मेरे द्वारा आपकी कोई सहायता हो सकती है?,3,0
S 8, एस 8,0,0
NAME: ISHA NILOPE, नाम: ईशा निलोपे,0,0
5263,5263,0,0
"claim my insurance status
", मेरी बीमा स्थिति का दावा करें,0,0
My full name is john, मेरा पूरा नाम जॉनी है,1,0
Sure. I'll help you with that. May I know your name and the last 4 digits of the SSN please?, ज़रूर। मैं इसमें आपकी मदद करूंगा। क्या मैं आपका नाम और SSN के अंतिम 4 अंक जान सकता हूँ?,3,0
Sure. I'll definitely help you with that. Could you please help me with your name and the last four digits of SSN?, ज़रूर। मैं इसमें आपकी जरूर मदद करूंगा। क्या आप कृपया मुझे अपने नाम और एसएसएन के अंतिम चार अंकों के साथ मदद कर सकते हैं?,3,0
You're welcome! Is there anything else that I may help you with?, आपका स्वागत है! क्या कुछ और है जिसमें मैं आपकी मदद कर सकता हूं?,2,2
Awesome! Could you please provide me with the year the car was made?, बहुत बढ़िया! क्या आप कृपया मुझे वह वर्ष प्रदान कर सकते हैं जिस वर्ष कार बनाई गई थी?,3,2
"In order to identify your car, I need to know the make of the car and model of the car. Please share the details."," आपकी कार की पहचान करने के लिए, मुझे कार की बनावट और कार के मॉडल को जानना होगा। कृपया विवरण साझा करें।",2,0
ok, ठीक है,2,0
POLICY - PNY579654128: CLAIM - SKL325, नीति - PNY579654128: दावा - SKL325,0,0
"Thank you for reaching out to us, hope that was helpful. Have a nice day!"," हमसे संपर्क करने के लिए धन्यवाद, आशा है कि यह मददगार था। आपका दिन शुभ हो!",3,2
Perfect! Could you please give me a minute to check with the resources?, उत्तम! क्या आप कृपया मुझे संसाधनों की जांच करने के लिए एक मिनट दे सकते हैं?,3,2
I'm sorry about that. I'll help you to get the proof which you can show in the car showroom to claim the insurance.,मैं इस बारे में माफी चाहता हूँ। मैं आपको वह प्रमाण प्राप्त करने में मदद करूंगा जिसे आप बीमा का दावा करने के लिए कार शोरूम में दिखा सकते हैं।,3,1
"I really appreciate for holding on, the payment was already sent and you'll receive the check with in 3 days. "," मैं वास्तव में रुकने के लिए सराहना करता हूं, भुगतान पहले ही भेजा जा चुका है और आपको 3 दिनों में चेक मिल जाएगा।",3,2
ok thank you, ठीक है धन्यवाद,3,0
May I know what exactly happen to your phone?, क्या मैं जान सकता हूँ कि वास्तव में आपके फ़ोन का क्या होता है?,2,0
My car was accident on few weeks ago., कुछ हफ्ते पहले मेरी कार का एक्सीडेंट हो गया था।,1,0
Awesome! Could you please share your contact number and email address?, बहुत बढ़िया! क्या आप कृपया अपना संपर्क नंबर और ईमेल पता साझा कर सकते हैं?,3,2
2256,2256,0,0
2017,2017,0,0
"i need a proof insurance of my car
", मुझे अपनी कार का प्रूफ इंश्योरेंस चाहिए,2,0
Great! Please allow me a moment to process your request., महान! कृपया मुझे आपके अनुरोध को संसाधित करने के लिए कुछ समय दें।,3,2
"Is there anything else I may help you out with today?
", क्या आज मैं आपकी कुछ और मदद कर सकता हूँ?,2,0
" Thank you for reaching out to us, have a great day ahead!"," हमसे संपर्क करने के लिए धन्यवाद, आपका दिन शुभ हो!",3,2
jhg 112255443, जेएचजी 112255443,0,0
Thanks for staying connected. The payment has already been initiated. You'll be receiving the check within the next three days. Would you need anything else?, जुड़े रहने के लिए धन्यवाद। भुगतान शुरू किया जा चुका है। आपको अगले तीन दिनों के भीतर चेक मिल जाएगा। क्या आपको कुछ और चाहिए होगा?,3,2
bye, अलविदा,2,0
I am Christine and my Policy number is TUC418526752, मैं क्रिस्टीन हूं और मेरी पॉलिसी नंबर टीयूसी418526752 है,2,0
That's a great car! Could you please let me know the year of manufacture?, यह एक बढ़िया कार है! क्या आप कृपया मुझे निर्माण का वर्ष बता सकते हैं?,3,2
I have raised a request. You would be receiving a copy of the insurance within a week. Let me know if you have any other queries.,मैंने एक अनुरोध उठाया है। आपको एक सप्ताह के भीतर बीमा की एक प्रति प्राप्त हो जाएगी। यदि आपके कोई अन्य प्रश्न हैं तो मुझे बताएं।,2,0
"Good to hear from you, Muthu! Please could you share the policy number?"," आपसे सुनकर अच्छा लगा, मुथु! क्या आप पॉलिसी नंबर साझा कर सकते हैं?",3,2
"Hello there! Absolutely, I'll guide you. May I know your full name please?"," नमस्ते! बिल्कुल, मैं आपका मार्गदर्शन करूंगा। क्या मैं आपका पूरा नाम जान सकता हूँ?",3,0
Thanks Londyn! Could you please let me know the last 4 digit of your SSN?, धन्यवाद लंदन! क्या आप कृपया मुझे अपने SSN के अंतिम 4 अंक बता सकते हैं?,3,0
Sure! thank you so much! Please give me a minute!, ज़रूर! आपका बहुत-बहुत धन्यवाद! कृपया मुझे एक मिनट दें!,3,2
"To help you in the best way, I'll require your full name, could you please help me with tha?"," आपकी सर्वोत्तम तरीके से मदद करने के लिए, मुझे आपके पूरे नाम की आवश्यकता होगी, क्या आप कृपया मेरी मदद कर सकते हैं?",3,0
7854,7854,0,0
I apologize the policy number provided by you is incorrect could you please check and give me the correct number?, मुझे खेद है कि आपके द्वारा प्रदान किया गया पॉलिसी नंबर गलत है क्या आप कृपया जांच कर मुझे सही नंबर दे सकते हैं?,3,1
That's all the help i need now. Thanks for the help, मुझे अब बस इतनी ही मदद चाहिए। सहायता के लिए धन्यवाद,3,2
Hello! How may I help you?, नमस्ते! क्या मेरे द्वारा आपकी कोई सहायता हो सकती है?,3,0
OKAY, ठीक है,2,0
ok thanks, ठीक है धन्यवाद,3,0
All right! Could you please share the policy number with me?, ठीक है! क्या आप कृपया मेरे साथ पॉलिसी नंबर साझा कर सकते हैं?,3,0
johnmoriarty@mmail.com, johnmoriarty@mmmail.com,1,0
Great! Please feel free to reach out to us for further queries. Have a wonderful day. Bye., महान! कृपया आगे के प्रश्नों के लिए हमसे बेझिझक संपर्क करें। शानदार दिन हो। अलविदा।,3,2
Hey there! Good morning. How may I help you?, सुनो! सुबह बख़ैर। क्या मेरे द्वारा आपकी कोई सहायता हो सकती है?,3,0
my policy number is ECR753126498, मेरा पॉलिसी नंबर ECR753126498 . है,1,0
2016,2016,0,0
"I appreciate your patience in staying connected. Here's a Good news to inform you that , I've checked with my team and prepared  the required documents, and that file will be soon mailed to your address. 
","मैं जुड़े रहने में आपके धैर्य की सराहना करता हूं। आपको यह सूचित करने के लिए एक अच्छी खबर है कि, मैंने अपनी टीम के साथ जांच की है और आवश्यक दस्तावेज तैयार किए हैं, और वह फाइल जल्द ही आपके पते पर भेज दी जाएगी।",3,2
ok thnx, ठीक है धन्यवाद,2,0
ok thanks, ठीक है धन्यवाद,3,0
"Hello good  morning! 
", हैलो सुप्रभात!,3,0
iou145214523, iou145214523,0,0
Nissan versa, निसान वर्सा,0,0
Pleasure helping you. You can reach us at 673-735-073 for any queries. Good day!, आपकी मदद करने में खुशी। आप किसी भी प्रश्न के लिए 673-735-073 पर हमसे संपर्क कर सकते हैं। अच्छा दिन!,3,2
"kevin.SSN 1945.car's model 2012 Chevrolet Equinox LT.
", केविन.एसएसएन 1945.कार का मॉडल 2012 शेवरले इक्विनॉक्स एलटी।,1,0
That's sad to hear! I'd be glad to help you with this. Could you please help me with your first and last name?, यह सुनकर दुख हुआ! मुझे इसमें आपकी मदद करने में खुशी होगी। क्या आप कृपया अपने पहले और अंतिम नाम के साथ मेरी मदद कर सकते हैं?,3,1
mathi, मठी,2,0
ok, ठीक है,2,0
no sir, नहीं साहब,1,0
Hey! A very good morning to you. How may I help you today?, अरे! आपके लिए एक बहुत ही शुभ प्रभात। आज मैं आपकी कैसे मदद कर सकता हूँ?,3,2
riley, रिले,0,0
"sure, Noah! Please could you share the last four digits of your SSN?"," ज़रूर, नूह! क्या आप अपने SSN के अंतिम चार अंक साझा कर सकते हैं?",3,0
ok thank you, ठीक है धन्यवाद,3,0
That's it! Thanks., इतना ही! धन्यवाद।,3,0
HONDA CITY, होंडा सिटी,0,0
Perfect! That's an amazing car you've got. Please stay connected., उत्तम! यह एक अद्भुत कार है जो आपके पास है। कृपया जुड़े रहें।,3,2
ok, ठीक है,2,0
Thanks Riley! Could you please share your policy number and your claim number?, धन्यवाद रिले! क्या आप कृपया अपना पॉलिसी नंबर और अपना दावा नंबर साझा कर सकते हैं?,3,0
ok, ठीक है,2,0
no thanks," जी नहीं, धन्यवाद",3,1
"Absolutely! I'll be happy to help you in this, could you please share the last 4 digit of the SSN?","बिल्कुल! इसमें आपकी मदद करने में मुझे खुशी होगी, क्या आप कृपया SSN के अंतिम 4 अंक साझा कर सकते हैं?",3,0
i need a proof of insurance of one of my cars, मुझे अपनी एक कार के बीमा का प्रमाण चाहिए,2,0
2016,2016,0,0
Please note that the payment has been already been sent to you and check must arrive within 3 working days. Is there anything else I may help you with?, कृपया ध्यान दें कि भुगतान आपको पहले ही भेजा जा चुका है और चेक 3 कार्य दिवसों के भीतर पहुंच जाना चाहिए। क्या कुछ और है जिसमें मैं आपकी मदद कर सकता हूं?,3,0
I hope we are connected?, मुझे आशा है कि हम जुड़े हुए हैं?,2,0
"It's a pleasure assisting you. Thank you for reaching out to us, have a great day ahead!"," आपकी सहायता करना खुशी की बात है। हमसे संपर्क करने के लिए धन्यवाद, आपका दिन शुभ हो!",3,2
You too :), आप भी :),0,2
YFX-56451610, वाईएफएक्स-56451610,0,0
"Thank you for providing all the information and we'll now go ahead and deliver the entire documents at your mailing address on a file soon.
", सभी जानकारी प्रदान करने के लिए धन्यवाद और अब हम आगे बढ़ेंगे और जल्द ही एक फ़ाइल पर आपके डाक पते पर संपूर्ण दस्तावेज़ वितरित करेंगे।,3,2
no thanks," जी नहीं, धन्यवाद",3,1
Amazing! Could you please help me with the claim number also?, अद्भुत! क्या आप कृपया मुझे दावा संख्या के साथ भी मदद कर सकते हैं?,3,2
maruthi 800cc, मारुति 800cc,2,0
"Awesome! Thanks for choosing us, hope you have a wonderful day ahead! "," बहुत बढ़िया! हमें चुनने के लिए धन्यवाद, आशा है कि आपका आने वाला दिन शानदार हो!",3,2
That's great! Please could you confirm the details?, एक दम बढ़िया! क्या आप कृपया विवरण की पुष्टि कर सकते हैं?,3,2
You're welcome! Is there anything else I may assist you with?, आपका स्वागत है! क्या कुछ और है जिसमें मैं आपकी सहायता कर सकता हूं?,2,2
Good morning, सुबह बख़ैर,3,2
Thank you for the details. Please give me a minute to process your request.,विवरण के लिए धन्यवाद। कृपया मुझे आपके अनुरोध को संसाधित करने के लिए एक मिनट दें।,3,0
Sure! Of course. I'll certainly help you in this concern. I'll require your details to pull up your profile. May I know your full name please?, ज़रूर! बेशक। मैं निश्चित रूप से इस मामले में आपकी मदद करूंगा। मुझे आपकी प्रोफ़ाइल खींचने के लिए आपके विवरण की आवश्यकता होगी। क्या मैं आपका पूरा नाम जान सकता हूँ?,3,0
I'll help you out with that. May I know your name and the last 4 digits of your SSN?, मैं इसमें आपकी मदद करूंगा। क्या मैं आपका नाम और आपके SSN के अंतिम 4 अंक जान सकता हूँ?,3,0
WHAT ABOUT MY CAR INSURANCE CLAIM STATUS RIGHT NOW?, मेरी कार बीमा दावा स्थिति के बारे में अभी क्या है?,1,0
"Yes, Robin. You've already shared the details. I'm requesting you to confirm the details so I can make sure the right details have been shared."," हाँ, रॉबिन। आप पहले ही विवरण साझा कर चुके हैं। मैं आपसे विवरण की पुष्टि करने का अनुरोध कर रहा हूं ताकि मैं सुनिश्चित कर सकूं कि सही विवरण साझा किया गया है।",2,0
7584,7584,0,0
I NEED MY CLAIM STATUS, मुझे अपने दावे की स्थिति चाहिए,3,0
"Perfect! I appreciate your patience in sharing the information. Please allow me a moment, I'll get back to you with the resolution."," उत्तम! मैं जानकारी साझा करने में आपके धैर्य की सराहना करता हूं। कृपया मुझे एक क्षण की अनुमति दें, मैं संकल्प के साथ आपके पास वापस आऊंगा।",3,2
yes, हां,2,0
sure, ज़रूर,2,0
"Thank you, may I know your name as well?"," धन्यवाद, क्या मैं आपका नाम भी जान सकता हूँ?",3,0
Great! May I have a moment to check with the resources?, महान! क्या मेरे पास संसाधनों की जांच करने के लिए कुछ समय हो सकता है?,3,2
Hello! Good morning!, नमस्ते! सुबह बख़ैर!,3,0
ok thanks, ठीक है धन्यवाद,3,0
"Sure, Renu. Please could you share your SSN?"," ज़रूर, रेणु। क्या आप अपना एसएसएन साझा कर सकते हैं?",2,0
My pleasure! Is there anything else I may assist you with?, मेरा सौभाग्य! क्या कुछ और है जिसमें मैं आपकी सहायता कर सकता हूं?,3,2
Could you please help me with the last 4 digits of your SSN?,क्या आप कृपया अपने एसएसएन के अंतिम 4 अंकों के साथ मेरी मदद कर सकते हैं?,3,0
Fantastic! Thank you so much for connecting to us. I'm glad to assist you today. have a great ahead! We are always available here 27*7 to help you out., ज़बरदस्त! हमसे जुड़ने के लिए आपका बहुत-बहुत धन्यवाद। मुझे आज आपकी सहायता करने में खुशी हो रही है। आगे बहुत अच्छा है! हम आपकी सहायता के लिए यहां हमेशा 27*7 उपलब्ध हैं।,3,2
no thanks," जी नहीं, धन्यवाद",3,1
Richard.S, रिचर्ड.एस,0,0
1413,1413,0,0
Perfect! Please stay connected while I go ahead and do the needful.," उत्तम! जब तक मैं आगे बढ़ूं, कृपया जुड़े रहें और आवश्यक कार्य करें।",3,2
EDD874747483, ईडीडी874747483,0,0
Great! Could you please help me with the email address?, महान! क्या आप कृपया मुझे ईमेल पते में मदद कर सकते हैं?,3,2
thanks alot..great pleasure on you.., बहुत बहुत धन्यवाद..आप पर बहुत खुशी..,3,2
GogginsDug@hotmail.com   phone 55433699997, GogginsDug@hotmail.com फोन 55433699997,0,0
Thank you! Please could you help me with the car's make and model. This will help me identify the car., आपको धन्यवाद! कृपया आप कार के मेक और मॉडल में मेरी मदद कर सकते हैं। इससे मुझे कार की पहचान करने में मदद मिलेगी।,3,0
Hey there! How you doing? How may I help you today?, सुनो! आप कैसे है? आज मैं आपकी कैसे मदद कर सकता हूँ?,3,0
"Surely, I'll help you with it. Please may I know your name?"," ज़रूर, मैं इसमें आपकी मदद करूँगा। कृपया क्या मैं आपका नाम जान सकता हूँ?",3,0
hi, नमस्ते,2,0
Thank you very much Riley., बहुत बहुत धन्यवाद रिले।,3,2
"Thank you for using our live chat service. I'm now closing this chat. If you have any other concerns in the future, please don’t hesitate to let us know. Have a great day!
"," हमारी लाइव चैट सेवा का उपयोग करने के लिए धन्यवाद। मैं अब इस चैट को बंद कर रहा हूं। यदि भविष्य में आपकी कोई अन्य चिंता है, तो कृपया हमें बताने में संकोच न करें। आपका दिन अच्छा रहे!",3,2
Are we connected?, क्या हम जुड़े हुए हैं?,0,0
Thank you for the valuable information. Please allow me a moment while I get the best possible solution for you.,बहुमूल्य जानकारी के लिए धन्यवाद। कृपया मुझे एक क्षण दें जब तक कि मुझे आपके लिए सर्वोत्तम संभव समाधान मिल जाए।,3,2
Perfect! Could you please share the Claim Number with me?, उत्तम! क्या आप कृपया मेरे साथ दावा संख्या साझा कर सकते हैं?,3,2
"Perfect! Thanks for waiting so patiently, I've contacted the concerned team and they'll mail you the copy of your car insurance proof on your registered address. However, I'd also like to inform you that you'll receive your documents within 48 hours. I hope that was helpful? "," उत्तम! इतने धैर्य से प्रतीक्षा करने के लिए धन्यवाद, मैंने संबंधित टीम से संपर्क किया है और वे आपके पंजीकृत पते पर आपके कार बीमा प्रमाण की प्रति आपको मेल करेंगे। हालांकि, मैं आपको यह भी सूचित करना चाहूंगा कि 48 घंटों के भीतर आपको अपने दस्तावेज़ प्राप्त हो जाएंगे। मुझे आशा है कि यह मददगार था?",3,2
"Thank you Muthupandi, could you please let me know the make and model of the car?"," धन्यवाद मुथुपंडी, क्या आप कृपया मुझे कार के मेक और मॉडल के बारे में बता सकते हैं?",3,0
It's Emily Watson. My claim number is art356, यह एमिली वॉटसन है। मेरा दावा नंबर art356 . है,1,0
2006 Acura TL ., 2006 एक्यूरा टीएल।,0,0
OK THANKS, ठीक है धन्यवाद,3,2
Is that okay?, क्या ये ठीक है?,2,0
How are you?, क्या हाल है?,2,0
Hi., नमस्ते।,3,0
"hi,good morning, I need a copy of insurance for my car"," नमस्ते, सुप्रभात, मुझे अपनी कार के लिए बीमा की एक प्रति चाहिए",3,0
7259,7259,0,0
Hello! Good morning! I hope you are having a great day! What can I do for you today?, नमस्ते! सुबह बख़ैर! मुझे आशा है कि आपका समय बहुत अच्छा बीत रहा है! मैं आज आपके लिये क्या कर सकता हूँ?,3,2
"Awesome! Mani, for me to find your documents I'd be requiring more information. Could you help me out with the make and model of the car?"," बहुत बढ़िया! मणि, मुझे आपके दस्तावेज़ खोजने के लिए मुझे और जानकारी की आवश्यकता होगी। क्या आप कार के मेक और मॉडल के बारे में मेरी मदद कर सकते हैं?",3,2
"That's awesome, I'd also require your claim number?","यह बढ़िया है, मुझे आपकी दावा संख्या की भी आवश्यकता होगी?",3,2
Goodbye, अलविदा,2,0
indiawala0811@gmail.com, indiawala0811@gmail.com,0,0
Sad to hear that. I'd be glad to assist you with your query. Could you please help me with your full name?, यह सुनकर दुख हुआ। मुझे आपके प्रश्न में आपकी सहायता करने में खुशी होगी। क्या आप कृपया अपने पूरे नाम के साथ मेरी मदद कर सकते हैं?,3,1
jhg 236, जेएचजी 236,0,0
"Thank you for reaching out to us, have a great day ahead!"," हमसे संपर्क करने के लिए धन्यवाद, आपका दिन शुभ हो!",3,2
I need to know about my status of my claim, मुझे अपने दावे की स्थिति के बारे में जानने की जरूरत है,3,0
Awesome! Would you please help me with your contact number and email address?, बहुत बढ़िया! क्या आप कृपया अपने संपर्क नंबर और ईमेल पते के साथ मेरी मदद करेंगे?,3,2
No thank you, नहीं धन्यवाद,3,1
"Sure, Anusiya. Please allow me a minute to get this done for you."," ज़रूर, अनुसिया। कृपया मुझे यह आपके लिए करने के लिए एक मिनट का समय दें।",3,0
"I'm good, thank you. How are you?"," मैं अच्छा हूँ, धन्यवाद। क्या हाल है?",3,2
hjt 998877442, एचजेटी 998877442,0,0
Good news! I've made a request for your duplicate copy of your car insurance proof that will be mailed to you on your registered address. I'd also like to inform you that you'll receive the mail within 48 hours., खुशखबरी! मैंने आपके कार बीमा प्रमाण की आपकी डुप्लीकेट प्रति के लिए अनुरोध किया है जो आपको आपके पंजीकृत पते पर भेज दी जाएगी। मैं आपको यह भी सूचित करना चाहता हूं कि आपको 48 घंटों के भीतर मेल प्राप्त हो जाएगा।,3,2
"My pleasure! Thank you for reaching out to us, please feel free to reach out for further concerns. Have a great day ahead! "," मेरा सौभाग्य! हमसे संपर्क करने के लिए धन्यवाद, कृपया आगे की चिंताओं के लिए बेझिझक संपर्क करें। आगे एक महान दिन हो!",3,2
Superb! That's an amazing car. Could you please share the year in which the car was manufactured?,शानदार! यह एक अद्भुत कार है। क्या आप कृपया उस वर्ष को साझा कर सकते हैं जिसमें कार का निर्माण किया गया था?,3,2
"Perfect! Thank you for being patient in sharing the information. Please allow  me a moment, while I get back to you with a solution."," उत्तम! जानकारी साझा करने में धैर्य रखने के लिए धन्यवाद। कृपया मुझे एक क्षण की अनुमति दें, जबकि मैं समाधान के साथ आपके पास वापस आऊंगा।",3,2
2016,2016,0,0
I'll provide you with the copy of insurance. May I know your name and the last 4 digits of your SSN?, मैं आपको बीमा की प्रति प्रदान करूंगा। क्या मैं आपका नाम और आपके SSN के अंतिम 4 अंक जान सकता हूँ?,3,0
Good day Jane!, शुभ दिन जेन!,3,2
yes, हां,2,0
Thank you for staying connected. I've initiated a request for a replacement. You'll be receiving it within three days. I request you to send the current broken device in the return envelope., जुड़े रहने के लिए धन्यवाद। मैंने एक प्रतिस्थापन के लिए एक अनुरोध शुरू किया है। आपको यह तीन दिनों के भीतर प्राप्त हो जाएगा। मैं आपसे अनुरोध करता हूं कि वर्तमान टूटे हुए उपकरण को रिटर्न लिफाफे में भेजें।,3,1
hello, नमस्ते,2,0
Hi., नमस्ते।,3,0
audi a3, ऑडी ए3,0,0
raja35@gmail, raja35@gmail,0,0
MY NAME IS ROHAN KESHAV, मेरा नाम रोहन केशव है,2,0
Yes thank you for asking me, हाँ मुझसे पूछने के लिए धन्यवाद,3,0
"Thank you Michael, may I know the email address associated with the account?"," धन्यवाद माइकल, क्या मैं खाते से संबद्ध ईमेल पता जान सकता हूँ?",3,0
"Good news! Thank you for staying connected. As I've checked, I find that the replaced phone is on it's way and shall be delivered to you within 2-3 business days. Kindly note that you will have to send the broken phone to us at our office address i.e., Washington DC, at Downstreet, Toronto.","खुशखबरी! जुड़े रहने के लिए धन्यवाद। जैसा कि मैंने जाँच की है, मैंने पाया कि बदला हुआ फ़ोन आने वाला है और 2-3 कार्यदिवसों के भीतर आपको वितरित कर दिया जाएगा। कृपया ध्यान दें कि आपको टूटा हुआ फोन हमें हमारे कार्यालय के पते यानी वाशिंगटन डीसी, डाउनस्ट्रीट, टोरंटो पर भेजना होगा।",3,2
Great! Could you please give me a minute to check with the resources?, महान! क्या आप कृपया मुझे संसाधनों की जांच करने के लिए एक मिनट दे सकते हैं?,3,2
Thank you! Please could you share the car's make and model too?, आपको धन्यवाद! कृपया क्या आप कार का मेक और मॉडल भी साझा कर सकते हैं?,3,0
have a great day., आपका दिन शानदार गुजरे।,2,2
my name is nila SSN: 2586, मेरा नाम नीला एसएसएन है: 2586,1,0
"Great! I appreciate your effort, please allow me a moment to check in the details."," महान! मैं आपके प्रयास की सराहना करता हूं, कृपया मुझे विवरण देखने के लिए कुछ समय दें।",3,2
ok, ठीक है,2,0
2009,2009,0,0
I'm glad I was able to make you happy. Would there be anything else I may help you with?, मुझे खुशी है कि मैं आपको खुश करने में सक्षम था। क्या कुछ और होगा जिसमें मैं आपकी मदद कर सकूं?,3,2
"bala murugan
", बाला मुरुगन,0,0
bmw x1, बीएमडब्ल्यू x1,0,0
789456123,789456123,0,0
Great! May I know the year car was made please?, महान! क्या मुझे पता चल सकता है कि कार किस वर्ष बनाई गई थी?,3,2
ok sir, ओके जी,2,0
"maruthi 1000cc, 2012"," मारुति 1000cc, 2012",2,0
BENA, बना,0,0
"Great! To proceed further withe your query, I'll require few details of the car like the make and model. Could you please share them?"," महान! आपकी क्वेरी को आगे बढ़ाने के लिए, मुझे कार के मेक और मॉडल जैसे कुछ विवरणों की आवश्यकता होगी। क्या आप कृपया उन्हें साझा कर सकते हैं?",3,2
Fantastic! Please feel free to reach out to us for further queries. Have a nice day. Bye.,ज़बरदस्त! कृपया आगे के प्रश्नों के लिए हमसे बेझिझक संपर्क करें। आपका दिन शुभ हो। अलविदा।,3,2
DHARUN AND 7045698530, धारुन और 7045698530,0,0
no.. thats it for now, नहीं.. अभी के लिए बस इतना ही,1,0
Amazing! Could you please give me a minute to check with the resources?, अद्भुत! क्या आप कृपया मुझे संसाधनों की जांच करने के लिए एक मिनट दे सकते हैं?,3,2
"I appreciate your patience! As I've checked with my resources, I see that the payment has already been initiated, and the good news is you will receive the check within 3 business days. I hope this is helpful."," मैं आपके धैर्य की सराहना करता हूँ! जैसा कि मैंने अपने संसाधनों के साथ जांच की है, मैंने देखा कि भुगतान पहले ही शुरू हो चुका है, और अच्छी खबर यह है कि आपको 3 व्यावसायिक दिनों के भीतर चेक प्राप्त हो जाएगा। मुझे आशा है कि यह मददगार है।",3,2
sure.., ज़रूर..,2,0
Could you help me out with the manufacturing year of the car?, क्या आप कार के निर्माण वर्ष में मेरी मदद कर सकते हैं?,3,0
869 425 7828, 869 425 7828,0,0
policy number is R5HA78239012, पॉलिसी नंबर R5HA78239012 . है,0,0
Karan to find your documents I'll be needing more details. Could you help me out with the make and the model of your car?, करण आपके दस्तावेज़ खोजने के लिए मुझे और विवरण की आवश्यकता होगी। क्या आप अपनी कार के मेक और मॉडल के बारे में मेरी मदद कर सकते हैं?,3,0
OK THANK YOU, ठीक है धन्यवाद,3,2
i need my car insurance proof, मुझे अपनी कार बीमा प्रमाण चाहिए,2,0
Great! Please hold on for a moment., महान! कृपया एक पल के लिए रुकें।,3,2
maruthi 1000cc, मारुति 1000cc,2,0
Hey! How may I help you today?, अरे! आज मैं आपकी कैसे मदद कर सकता हूँ?,3,0
I'll help you out with that. May I know your name?, मैं इसमें आपकी मदद करूंगा। मैं आपका नाम जान सकता हुँ?,3,0
"Hey Suresh, Could you please share your phone number and email address on your account? "," अरे सुरेश, क्या आप कृपया अपने खाते पर अपना फोन नंबर और ईमेल पता साझा कर सकते हैं?",3,0
hi, नमस्ते,2,0
need that insurance copy also., उस बीमा प्रति की भी आवश्यकता है।,1,0
Great! Please give me a moment to check with my team.,महान! कृपया मुझे मेरी टीम के साथ जांच करने के लिए एक क्षण दें।,3,2
Alright! May I please know your full name?, ठीक है! क्या मैं आपका पूरा नाम जान सकता हूँ?,3,0
"That's a nice car, may I also know the year the car was manufactured?"," यह एक अच्छी कार है, क्या मैं यह भी जान सकता हूँ कि कार का निर्माण किस वर्ष किया गया था?",2,2
"Thank you Martina, could you please let me know the make and model of the car?"," धन्यवाद मार्टिना, क्या आप कृपया मुझे कार के मेक और मॉडल के बारे में बता सकते हैं?",3,0
kumari@gmail.com, कुमारी@gmail.com,0,0
bye, अलविदा,2,0
YES, हां,2,2
Thanks Charlie, धन्यवाद चार्ली,3,2
"Thanks for waiting, I'd like to inform you that I'll be able to replace your broken phone with the brand new phone. And I request you to return the broken device in an envelope. We won't be able to provide you the new phone unless we recieve the broken phone. would that be okay? 
"," प्रतीक्षा करने के लिए धन्यवाद, मैं आपको सूचित करना चाहता हूं कि मैं आपके टूटे हुए फोन को एकदम नए फोन से बदल सकूंगा। और मैं आपसे अनुरोध करता हूं कि टूटे हुए उपकरण को एक लिफाफे में वापस कर दें। जब तक हमें टूटा हुआ फोन नहीं मिलता, हम आपको नया फोन नहीं दे पाएंगे। क्या यह ठीक रहेगा?",3,1
Great! I'd be glad to help you with that. May I know your name please?, महान! मुझे इसमें आपकी मदद करने में खुशी होगी। क्या मैं आपका नाम जान सकता हूँ?,3,2
YES, हां,2,2
ssn num-2976, एसएसएन नंबर-2976,0,0
hi, नमस्ते,2,0
Surely. Please could you share the make and model of your car?, निश्चित रूप से। क्या आप अपनी कार का मेक और मॉडल साझा कर सकते हैं?,3,0
"I really appreciate for staying connected, the documents will be mailed to the updated address shortly."," मैं वास्तव में जुड़े रहने के लिए सराहना करता हूं, दस्तावेजों को शीघ्र ही अद्यतन पते पर भेज दिया जाएगा।",3,2
"hi good morning
", हाय सुप्रभात,3,0
"Thank you for being patient, I'd like to inform you that the we'll replace your phone with a brand new phone and I kindly request you to return us back the damaged phone with the same delivery agent. ","धैर्य रखने के लिए धन्यवाद, मैं आपको सूचित करना चाहता हूं कि हम आपके फोन को एक नए फोन से बदल देंगे और मैं आपसे अनुरोध करता हूं कि आप हमें उसी डिलीवरी एजेंट के साथ क्षतिग्रस्त फोन वापस कर दें।",3,2
audi 543, ऑडी 543,0,0
GDE753951456, GDE753951456,0,0
Thanks Jenita! Could you please share the last 4 digit of your SSN?, धन्यवाद जेनिता! क्या आप कृपया अपने SSN के अंतिम 4 अंक साझा कर सकते हैं?,3,0
Toyota Camry - Model DX, टोयोटा कैमरी - मॉडल डीएक्स,0,0
Ok! very good job., ठीक! बहुत अच्छा काम।,3,2
I WANT TO FIX THE SCREEN THE PHONE., मैं फोन की स्क्रीन ठीक करना चाहता हूं।,1,1
hi, नमस्ते,2,0
"LJD 198711423, that should be 3 letters and then 9 numbers"," LJD 198711423, यानी 3 अक्षर और फिर 9 नंबर होने चाहिए",0,1
Awesome! Could you please help me with the make and model of the car?, बहुत बढ़िया! क्या आप कृपया कार के मेक और मॉडल के बारे में मेरी मदद कर सकते हैं?,3,2
"I apologize, could you please let me know could you please let me know what is the actual problem with your screen?"," मैं क्षमा चाहता हूं, क्या आप कृपया मुझे बता सकते हैं कि क्या आप कृपया मुझे बता सकते हैं कि आपकी स्क्रीन के साथ वास्तविक समस्या क्या है?",3,1
maruthi 200, मारुति 200,2,0
yes, हां,2,0
You're most welcome. Would there be anything else I may help you with?, आपका स्वागत है। क्या कुछ और होगा जिसमें मैं आपकी मदद कर सकूं?,3,2
THANKS, धन्यवाद,3,2
You're welcome! Is there anything else that I may help you with?, आपका स्वागत है! क्या कुछ और है जिसमें मैं आपकी मदद कर सकता हूं?,2,2
My name is Alessia joly. I'll have to look for my SSN please wait for a minute., मेरा नाम एलेसिया जोली है। मुझे अपने SSN की तलाश करनी होगी कृपया एक मिनट प्रतीक्षा करें।,3,0
Is there anything else I can help you with?, क्या कुछ और है जिसमें मैं आपकी मदद कर सकता हूं?,2,0
"Hey there, How may I help you today?"," अरे वहाँ, मैं आज आपकी कैसे मदद कर सकता हूँ?",3,0
nothing casey, कुछ भी नहीं केसी,2,0
hi, नमस्ते,2,0
Hello! Good morning! I hope you are having a great day! What can I do for you today?, नमस्ते! सुबह बख़ैर! मुझे आशा है कि आपका समय बहुत अच्छा बीत रहा है! मैं आज आपके लिये क्या कर सकता हूँ?,3,2
Perfect! Thank you so much for the information. please allow me a moment while I check this for you.,उत्तम! जानकारी के लिए बहुत - बहुत धन्यवाद। कृपया मुझे एक क्षण दें जब तक मैं आपके लिए यह जांचता हूं।,3,2
"Thanks for waiting, I'd like to inform you that I'll be able to replace your broken phone with the brand new phone. And I request you to return the broken device in an envelope. Will there be anything else I may help you in?"," प्रतीक्षा करने के लिए धन्यवाद, मैं आपको सूचित करना चाहता हूं कि मैं आपके टूटे हुए फोन को एकदम नए फोन से बदल सकूंगा। और मैं आपसे अनुरोध करता हूं कि टूटे हुए उपकरण को एक लिफाफे में वापस कर दें। क्या कुछ और होगा जिसमें मैं आपकी मदद कर सकूं?",3,1
"OK THANK YOU
", ठीक है धन्यवाद,3,2
"Alexis Hansen
", एलेक्सिस हैनसेन,0,0
Sure! Of course. I'll certainly help you in this concern. I'll require your details to pull up your profile. May I know your full name please?, ज़रूर! बेशक। मैं निश्चित रूप से इस मामले में आपकी मदद करूंगा। मुझे आपकी प्रोफ़ाइल खींचने के लिए आपके विवरण की आवश्यकता होगी। क्या मैं आपका पूरा नाम जान सकता हूँ?,3,0
That's nice! please allow me a moment to check in the details., यह अच्छा है! कृपया मुझे विवरण देखने के लिए कुछ समय दें।,3,2
"Perfect! Could you please help me with make and model of the car?
", उत्तम! क्या आप कृपया कार के मेक और मॉडल में मेरी मदद कर सकते हैं?,3,2
Good Morning!, शुभ प्रभात!,3,2
Okay! I'll help you out. May I know your first and last name?, ठीक! मैं आपकी मदद करूंगा। क्या मैं आपका पहला और अंतिम नाम जान सकता हूँ?,3,0
2589,2589,0,0
no thanks," जी नहीं, धन्यवाद",3,1
Awesome! Thank you so much for sharing that with me. Kindly allow me a minute while I go ahead and check your claim status.," बहुत बढ़िया! इसे मेरे साथ साझा करने के लिए आपका बहुत-बहुत धन्यवाद। कृपया मुझे एक मिनट का समय दें, जब तक मैं आगे बढ़ूं और आपके दावे की स्थिति की जांच करूं।",3,2
8520,8520,0,0
Hello there! How may I help you today?, नमस्ते! आज मैं आपकी कैसे मदद कर सकता हूँ?,3,0
OKAY SURE, पक्का निश्चित,2,0
"Thanks for waiting, I'd like to inform you that I'll be able to replace your broken phone with the brand new phone. And I request you to return the broken device in an envelope. Anything else I may help you in?","प्रतीक्षा करने के लिए धन्यवाद, मैं आपको सूचित करना चाहता हूं कि मैं आपके टूटे हुए फोन को एकदम नए फोन से बदल सकूंगा। और मैं आपसे अनुरोध करता हूं कि टूटे हुए उपकरण को एक लिफाफे में वापस कर दें। कुछ और मैं आपकी मदद कर सकता हूँ?",3,1
my policy number is ASD125634788, मेरा पॉलिसी नंबर ASD125634788 . है,1,0
"NO,THANKS BYE, WE WILL MEET SOON."," नहीं, धन्यवाद अलविदा, हम जल्द ही मिलेंगे।",3,0
"Thank you for being patient, I'd like to inform you that I've checked with your account and a brand new phone will be sent to you as a replacement and you can return the damaged phone with the same delivery agent. "," धैर्य रखने के लिए धन्यवाद, मैं आपको सूचित करना चाहता हूं कि मैंने आपके खाते की जांच की है और प्रतिस्थापन के रूप में आपको एक नया फोन भेजा जाएगा और आप क्षतिग्रस्त फोन को उसी डिलीवरी एजेंट के साथ वापस कर सकते हैं।",3,2
9786552971,9786552971,0,0
Cool! Could you share the car details please? I will need the make and model of the car?, ठंडा! क्या आप कृपया कार का विवरण साझा कर सकते हैं? मुझे कार के मेक और मॉडल की आवश्यकता होगी?,3,0
"My pleasure, is there anything else I may help you with? "," मेरी खुशी, क्या कुछ और है जिसमें मैं आपकी मदद कर सकता हूं?",3,0
Lovely! Could you please help me with your policy and claim number?, प्यारा! क्या आप कृपया मुझे अपनी पॉलिसी और दावा संख्या में मदद कर सकते हैं?,3,2
"Thank you for reaching out to us, hope that was helpful. Have a wonderful day!"," हमसे संपर्क करने के लिए धन्यवाद, आशा है कि यह मददगार था। शानदार दिन हो!",3,2
"no, thank you", नहीं धन्यवाद,3,0
"Perfect! Thank you for all the details, please give me a minute to proceed further."," उत्तम! सभी विवरणों के लिए धन्यवाद, कृपया मुझे आगे बढ़ने के लिए एक मिनट दें।",3,2
"Thank you for staying connected,  I'd like to inform you that I've found your documents which I will mail to your address and they'll reach you in the next 2 business days. ","जुड़े रहने के लिए धन्यवाद, मैं आपको सूचित करना चाहता हूं कि मुझे आपके दस्तावेज़ मिल गए हैं जिन्हें मैं आपके पते पर डाक से भेजूंगा और वे अगले 2 व्यावसायिक दिनों में आप तक पहुंच जाएंगे।",3,0
"Awesome! Thank you for reaching out to us, please feel free to reach out for further concerns. Have a great day ahead!"," बहुत बढ़िया! हमसे संपर्क करने के लिए धन्यवाद, कृपया आगे की चिंताओं के लिए बेझिझक संपर्क करें। आगे एक महान दिन हो!",3,2
"Thank you Nila, could you please let me know the make and model of the car?"," धन्यवाद नीला, क्या आप कृपया मुझे कार के मेक और मॉडल के बारे में बता सकते हैं?",3,0
Great! Could you please let me know your full name?, महान! क्या आप कृपया मुझे अपना पूरा नाम बता सकते हैं?,3,2
"I'll help you with that, could you please let me know your name and the phone number?"," मैं इसमें आपकी मदद करूंगा, क्या आप कृपया मुझे अपना नाम और फोन नंबर बता सकते हैं?",3,0
PDF556890566, पीडीएफ556890566,0,0
maruti, मारुति,0,0
i ask the fixing the iphone screen is just cracked, मैं पूछता हूँ कि iPhone स्क्रीन को ठीक करना अभी टूट गया है,0,0
"Hello there! How may I assist you today?
", नमस्ते! आज मैं आपकी मदद किस तरह कर सकता हूँ?,3,0
Alright Korea! Could you please help me with the make and the model of the car?, ठीक है कोरिया! क्या आप कृपया कार के मेक और मॉडल के बारे में मेरी मदद कर सकते हैं?,3,0
Hey there! How may I help you?, सुनो! क्या मेरे द्वारा आपकी कोई सहायता हो सकती है?,3,0
I need a status of my claim, मुझे अपने दावे की स्थिति चाहिए,3,0
THANKS AGAIN, एक बार फिर धन्यवाद,3,2
"Yes sir,  Could you please help me with your query?"," हाँ सर, क्या आप कृपया अपने प्रश्न में मेरी मदद कर सकते हैं?",3,0
THANK YOU, धन्यवाद,3,2
Thanks. Nothing more, धन्यवाद। और कुछ नहीं,3,0
OK, ठीक है,2,0
ok no thanks, ठीक है नहीं धन्यवाद,3,1
Perfect! May I please know the policy number and claim number also?, उत्तम! क्या मैं कृपया पॉलिसी नंबर और दावा संख्या भी जान सकता हूं?,3,0
Hi! How may I assist you today?, नमस्ते! आज मैं आपकी मदद किस तरह कर सकता हूँ?,3,0
Last week i met with accident.  My car bumper fully damaged.,पिछले हफ्ते मेरा एक्सीडेंट हो गया। मेरी कार का बंपर पूरी तरह क्षतिग्रस्त हो गया।,1,1
"Hi, Good Morning. I need a insurance copy of my car. ", हाय सुप्रभात। मुझे अपनी कार की बीमा प्रति चाहिए।,3,0
FDF552, एफडीएफ552,0,0
Thank you for staying connected. I've initiated a request for a replacement. You'll be receiving it within three days. I request you to send the current broken device in an envelope., जुड़े रहने के लिए धन्यवाद। मैंने एक प्रतिस्थापन के लिए एक अनुरोध शुरू किया है। आपको यह तीन दिनों के भीतर प्राप्त हो जाएगा। मैं आपसे अनुरोध करता हूं कि वर्तमान टूटे हुए उपकरण को एक लिफाफे में भेज दें।,3,0
Thank you for staying on hold. I appreciate your patience. I've processed the request for the proof of insurance and it will be delivered in a couple of days at the registered address. Is there anything else that I may help you with?, रुके रहने के लिए धन्यवाद। मैं आपके धैर्य की सराहना करता हूँ। मैंने बीमा के प्रमाण के अनुरोध को संसाधित कर दिया है और इसे कुछ दिनों में पंजीकृत पते पर वितरित कर दिया जाएगा। क्या कुछ और है जिसमें मैं आपकी मदद कर सकता हूं?,3,2
Hello there! How may I help you today?, नमस्ते! आज मैं आपकी कैसे मदद कर सकता हूँ?,3,0
Thank you for staying connected. I've initiated a request for a replacement. You'll be receiving it within the next three days. I request you to send the current broken device in the return envelope., जुड़े रहने के लिए धन्यवाद। मैंने एक प्रतिस्थापन के लिए एक अनुरोध शुरू किया है। आप इसे अगले तीन दिनों के भीतर प्राप्त कर लेंगे। मैं आपसे अनुरोध करता हूं कि वर्तमान टूटे हुए उपकरण को रिटर्न लिफाफे में भेजें।,3,1
Superb! That's a great car. Would you mind sharing the year in which the car was manufactured?, शानदार! यह एक बढ़िया कार है। क्या आप उस वर्ष को साझा करना चाहेंगे जिसमें कार का निर्माण किया गया था?,3,2
Amazing! Thanks for sharing your details. Just give me a minute while I go ahead and request for your duplicate copy of your car insurance.,अद्भुत! अपना विवरण साझा करने के लिए धन्यवाद। बस मुझे एक मिनट का समय दें और मैं आपके कार बीमा की डुप्लीकेट कॉपी के लिए अनुरोध करता हूं।,3,2
audi143, ऑडी143,0,0
i want to renew my insurance., मैं अपने बीमा का नवीनीकरण करना चाहता हूं।,2,0
sure 968877446, पक्का 968877446,2,0
"Hello there! I'll be glad to help you in this regard, may I please know your full name?
"," नमस्ते! मुझे इस संबंध में आपकी मदद करने में खुशी होगी, क्या मैं आपका पूरा नाम जान सकता हूं?",3,0
bgf258006586, बीजीएफ258006586,0,0
Thanks for apt response. Could you also please share the e-mail address on the account?, उपयुक्त प्रतिक्रिया के लिए धन्यवाद। क्या आप कृपया खाते पर ई-मेल पता भी साझा कर सकते हैं?,3,2
Thank you Deepthi! May I please know the policy and claim number?, धन्यवाद दीप्ति! क्या मैं कृपया पॉलिसी और दावा संख्या जान सकता हूं?,3,0
Thank you! Could you also share the email address associated with the account?, आपको धन्यवाद! क्या आप खाते से संबद्ध ईमेल पता भी साझा कर सकते हैं?,3,0
thanking you sir, धन्यवाद सर,2,2
Thank you so much for sharing all the information. I'd like to inform you that I've checked with your account and a brand new phone will be sent to you as a replacement and you can return the damaged phone with the same delivery agent., सारी जानकारी साझा करने के लिए आपका बहुत-बहुत धन्यवाद। मैं आपको सूचित करना चाहता हूं कि मैंने आपके खाते से जांच की है और एक नया फोन आपको प्रतिस्थापन के रूप में भेजा जाएगा और आप उसी डिलीवरी एजेंट के साथ क्षतिग्रस्त फोन वापस कर सकते हैं।,3,2
are you there robin, क्या आप वहां रॉबिन हैं?,1,0
Superb! Would you like to have a replacement device for your damaged phone?, शानदार! क्या आप अपने क्षतिग्रस्त फोन के लिए एक प्रतिस्थापन उपकरण लेना चाहेंगे?,2,2
"sure, I'll be happy to help! Please could you share the other car's details?","ज़रूर, मुझे मदद करने में खुशी होगी! क्या आप दूसरी कार का विवरण साझा कर सकते हैं?",3,0
I’m glad to be able to help. We aim to make your experience with our company a pleasant one. Have a wonderful day! Goodbye., मुझे खुशी है कि मैं मदद कर पा रहा हूं। हमारा उद्देश्य हमारी कंपनी के साथ आपके अनुभव को सुखद बनाना है। शानदार दिन हो! अलविदा।,3,2
Policy Number : QCZ111592913 and the Claim Number : TYB295, पॉलिसी नंबर: QCZ111592913 और दावा संख्या: TYB295,0,0
BWK291, बीडब्ल्यूके291,0,0
Perfect! Thank you. Please stay connected while I get this done for you.," उत्तम! शुक्रिया। जब तक मैं आपके लिए यह काम करवाता हूं, कृपया जुड़े रहें।",3,2
"Hi, Good Morning. I wants to know about my claim. ", हाय सुप्रभात। मैं अपने दावे के बारे में जानना चाहता हूं।,3,0
nothing else, और कुछ नहीं,1,0
"Amazing! As you're phone is broken, I've made a request to our team to provide a replacement. You're actually getting a brand new phone!! Provided that you'll have to send your damaged phone in return envelope. As soon as we receive your damaged device we'll dispatch your new phone which you'll probably receive in 2 business days after we get your envelope. I hope that was clear?"," अद्भुत! चूंकि आपका फोन टूट गया है, इसलिए मैंने अपनी टीम से एक प्रतिस्थापन प्रदान करने का अनुरोध किया है। आपको वास्तव में एक नया फ़ोन मिल रहा है !! बशर्ते कि आपको अपना क्षतिग्रस्त फोन बदले में लिफाफे में भेजना होगा। जैसे ही हम आपका क्षतिग्रस्त उपकरण प्राप्त करते हैं, हम आपका नया फ़ोन भेज देंगे, जो संभवतः हमें आपका लिफाफा मिलने के 2 कार्यदिवसों में प्राप्त हो जाएगा। मुझे आशा है कि यह स्पष्ट था?",2,2
"Alright! Have a great day, goodbye."," ठीक है! आपका दिन शुभ हो, अलविदा।",3,2
"Absolutely! I'll be glad to help, may I please know your name?"," बिल्कुल! मुझे आपकी मदद करने में खुशी होगी, क्या मैं आपका नाम जान सकता हूँ?",3,2
"Thank you bringing this up to us, hope that was useful. Have a great day ahead!","इसे हमारे सामने लाने के लिए धन्यवाद, आशा है कि यह उपयोगी था। आगे एक महान दिन हो!",3,2
Hello there! How may I help you today?, नमस्ते! आज मैं आपकी कैसे मदद कर सकता हूँ?,3,0
May I know the year please?, क्या मैं कृपया वर्ष जान सकता हूँ?,2,0
ohh thank you so much, ओह बहुत बहुत धन्यवाद,3,2
I hope that was helpful. Would you there be anything else I may help you with?, मुझे आशा है कि यह मददगार था। क्या आपके पास और कुछ होगा जिसमें मैं आपकी मदद कर सकूं?,3,0
audi 658, ऑडी 658,0,0
Hey there! How may I assist you?, सुनो! मैं आपकी कैसे सहायता कर सकता हूँ?,3,0
That sounds good. Thanks for the assistance, यह अच्छा रहेगा. सहायता के लिए धन्यवाद,3,2
hi good morning, हाय सुप्रभात,3,2
Thank you so much! I'l also need the email address to help you further., बहुत-बहुत धन्यवाद! आगे आपकी सहायता करने के लिए मुझे ईमेल पते की भी आवश्यकता होगी।,3,2
Cool! Could you share the car details please? I will need the make and model of the car?, ठंडा! क्या आप कृपया कार का विवरण साझा कर सकते हैं? मुझे कार के मेक और मॉडल की आवश्यकता होगी?,3,0
HEMA LATHA, हेमा लता,0,0
yes, हां,2,0
Ford Endeavour, फोर्ड एंडेवर,0,0
Thanks for staying connected. I've processed your request. You'll be receiving a mail to your registered address in the next 48 hours. Is there anything else that I might help you with?, जुड़े रहने के लिए धन्यवाद। मैंने आपका अनुरोध संसाधित कर दिया है। आपको अगले 48 घंटों में आपके पंजीकृत पते पर एक मेल प्राप्त होगा। क्या कुछ और है जिसमें मैं आपकी मदद कर सकता हूं?,3,2
"Perfect!! Secondly, Could you please help me with your car details. May I know the model and the make of your car?"," उत्तम!! दूसरे, क्या आप कृपया मुझे अपनी कार के विवरण में मदद कर सकते हैं। क्या मैं आपकी कार के मॉडल और बनावट के बारे में जान सकता हूँ?",3,2
k, क,0,0
NHT258975421, एनएचटी258975421,0,0
Awesome! Had a great time assisting you. Have an amazing day. Bye., बहुत बढ़िया! आपकी सहायता करने में बहुत अच्छा समय लगा। आपका दिन सुखद हो। अलविदा।,3,2
Hey there! Good morning. How may I help you?, सुनो! सुबह बख़ैर। क्या मेरे द्वारा आपकी कोई सहायता हो सकती है?,3,0
yes, हां,2,0
fine. Nothing., ठीक। कुछ भी तो नहीं।,2,1
"Sure! I'll be more than happy to help you in this regard, could you please help me with your full name?","ज़रूर! मुझे इस संबंध में आपकी मदद करने में बहुत खुशी होगी, क्या आप कृपया अपने पूरे नाम के साथ मेरी मदद कर सकते हैं?",3,0
Sure! Take your own time., ज़रूर! अपना समय लें।,2,0
hi, नमस्ते,2,0
okay, ठीक है,2,0
"Rudy Valencia
", रूडी वालेंसिया,0,0
NOTHING ELSE, और कुछ नहीं,2,0
rosy, गुलाबी,0,2
"Hello, I would like to request proof of insurance for my car. Can you help?"," हैलो, मैं अपनी कार के लिए बीमा के प्रमाण का अनुरोध करना चाहता हूं। क्या आप मदद कर सकते हैं?",3,0
yes its correct, हाँ यह सही है,2,0
no thanks," जी नहीं, धन्यवाद",3,1
yui987656678, yui987656678,0,0
To help you with the status of your claim I'll be needing few details. Could you help me out with your name?, आपके दावे की स्थिति में आपकी सहायता करने के लिए मुझे कुछ विवरणों की आवश्यकता होगी। क्या आप अपने नाम के साथ मेरी मदद कर सकते हैं?,3,0
Perfect! Please allow me a moment to process the request., उत्तम! कृपया मुझे अनुरोध को संसाधित करने के लिए एक क्षण दें।,2,2
"Thank you for sharing the required information, please stay connected while I go ahead and do the needful. "," आवश्यक जानकारी साझा करने के लिए धन्यवाद, जब तक मैं आगे बढ़ता हूं और आवश्यक कार्य करता हूं, कृपया जुड़े रहें।",3,2
may I know your name and the last 4 digits of SSN?, क्या मैं आपका नाम और SSN के अंतिम 4 अंक जान सकता हूँ?,2,0
"Hello, Hosky! Please could you help me with the policy number?"," हैलो, होस्की! क्या आप पॉलिसी नंबर के बारे में मेरी मदद कर सकते हैं?",3,0
THANKS, धन्यवाद,3,2
thank you for the information spencer, जानकारी स्पेंसर के लिए धन्यवाद,3,2
"no, thanks."," जी नहीं, धन्यवाद।",3,0
My policy number is HGF 485321985, मेरा पॉलिसी नंबर एचजीएफ 485321985 है,1,0
Hello! Good morning. How may I help you today?, नमस्ते! सुबह बख़ैर। आज मैं आपकी कैसे मदद कर सकता हूँ?,3,0
"OKAY,THANK YOU SO MUCH."," ठीक है, बहुत बहुत धन्यवाद।",3,2
"Hello, good morning! How may I help you today?", हैलो सुप्रभात! आज मैं आपकी कैसे मदद कर सकता हूँ?,3,0
Perfect! That's a great car. May I also know the year of manufacture of the car?,उत्तम! यह एक बढ़िया कार है। क्या मैं कार के निर्माण का वर्ष भी जान सकता हूँ?,3,2
"Hello good  morning! How may I help you?
", हैलो सुप्रभात! क्या मेरे द्वारा आपकी कोई सहायता हो सकती है?,3,0
Thanks for that! please allow me a moment while I check this for you., उसके लिए धन्यवाद! कृपया मुझे एक क्षण दें जब तक मैं आपके लिए यह जांचता हूं।,3,0
Wait, रुकना,0,0
Yes sure i will wait, हाँ ज़रूर इंतज़ार करूँगा,2,0
Hello there! A very good morning to you. How may I help you today?, नमस्ते! आपके लिए एक बहुत ही शुभ प्रभात। आज मैं आपकी कैसे मदद कर सकता हूँ?,3,2
Thanks for staying connected. I've processed your request and you'll be receiving the proof via mail to your registered address in the next 48 hours. Is there anything else that I might help you with?, जुड़े रहने के लिए धन्यवाद। मैंने आपके अनुरोध को संसाधित कर लिया है और आपको अगले 48 घंटों में आपके पंजीकृत पते पर मेल के माध्यम से प्रमाण प्राप्त हो जाएगा। क्या कुछ और है जिसमें मैं आपकी मदद कर सकता हूं?,3,2
hi, नमस्ते,2,0
I'm louis my policy number is asd236789145 my claim number is awe432, मैं लुइस हूं मेरी पॉलिसी संख्या asd236789145 है मेरा दावा संख्या awe432 है,1,0
HYUNDAI AZERA, हुंडई अज़ेरा,0,0
i need a status of my claim, मुझे अपने दावे की स्थिति चाहिए,3,0
Okay! Please could you get me the car's make and model?, ठीक! कृपया क्या आप मुझे कार का मेक और मॉडल दिला सकते हैं?,2,0
"Sure! I'll be able to help you know that, may I please know your full name?"," ज़रूर! मैं यह जानने में आपकी मदद कर सकूंगा, क्या मैं आपका पूरा नाम जान सकता हूं?",3,0
My claim number ends with 5, मेरी दावा संख्या 5 . के साथ समाप्त होती है,1,0
"My pleasure! Have a great day, goodbye."," मेरा सौभाग्य! आपका दिन शुभ हो, अलविदा।",3,2
Thank you so much. Please feel free to reach out to us for further queries. Have a great day. Bye., बहुत-बहुत धन्यवाद। कृपया आगे के प्रश्नों के लिए हमसे बेझिझक संपर्क करें। आपका दिन अच्छा रहे। अलविदा।,3,2
5424,5424,0,0
4586,4586,0,0
"Great, Thank you so much for your help"," बढ़िया, आपकी मदद के लिए बहुत-बहुत धन्यवाद",3,2
MY PHONE WAS CRACKED... SO INSURANCE APPLY FOR MY iPHONE,मेरा फोन खराब हो गया था... इसलिए मेरे आईफोन के लिए बीमा आवेदन करें,0,1
my flxing screen, मेरी फ्लक्सिंग स्क्रीन,1,0
"i need status of my claim
", मुझे अपने दावे की स्थिति चाहिए,3,0
Hello, नमस्ते,2,0
Awesome! Could you please help me with the make and model of the car?, बहुत बढ़िया! क्या आप कृपया कार के मेक और मॉडल के बारे में मेरी मदद कर सकते हैं?,3,2
You're welcome! Would there be anything else I may assist you with?, आपका स्वागत है! क्या कुछ और होगा जिसमें मैं आपकी सहायता कर सकूं?,3,2
hello, नमस्ते,2,0
"Hi there, how may I help you today?"," नमस्ते, मैं आज आपकी कैसे मदद कर सकता हूं?",3,0
"That's not at all a problem, I'll definitely help you out and do the best for you. May I know your first and last name please?"," यह कोई समस्या नहीं है, मैं निश्चित रूप से आपकी मदद करूंगा और आपके लिए सर्वोत्तम प्रयास करूंगा। क्या मैं आपका पहला और अंतिम नाम जान सकता हूँ?",3,2
i want to know my claim status, मैं अपने दावे की स्थिति जानना चाहता हूँ,3,0
hi good morning, हाय सुप्रभात,3,2
"Hey John, may I know the last 4 digits of SSN?"," हे जॉन, क्या मैं SSN के अंतिम 4 अंक जान सकता हूँ?",3,0
I’m glad to be able to help. We aim to make your experience with our company a pleasant one. Have a wonderful day! Goodbye., मुझे खुशी है कि मैं मदद कर पा रहा हूं। हमारा उद्देश्य हमारी कंपनी के साथ आपके अनुभव को सुखद बनाना है। शानदार दिन हो! अलविदा।,3,2
ram prabhu, राम प्रभु,0,0
AUDI A 2016, ऑडी ए 2016,0,0
yes, हां,2,0
Would there is anything more that I may help you with?, क्या और कुछ होगा जिससे मैं आपकी मदद कर सकूं?,2,0
Hello there! A very good evening to you. How may I help you today?, नमस्ते! आपके लिए एक बहुत ही शुभ संध्या। आज मैं आपकी कैसे मदद कर सकता हूँ?,3,2
Alas! That's so upsetting! I'll definitely help you out. I'll require your details to pull up your profile. May I know your full name please?, काश! यह बहुत परेशान करने वाला है! मैं निश्चित रूप से आपकी मदद करूंगा। मुझे आपकी प्रोफ़ाइल खींचने के लिए आपके विवरण की आवश्यकता होगी। क्या मैं आपका पूरा नाम जान सकता हूँ?,3,1
"Thank you John, to proceed further I'd require the make and model of the car. Could you please provide me the details?"," धन्यवाद जॉन, आगे बढ़ने के लिए मुझे कार के मेक और मॉडल की आवश्यकता होगी। क्या आप कृपया मुझे विवरण प्रदान कर सकते हैं?",3,0
5938,5938,0,0
You're welcome. May I confirm if all your questions have been answered for today?, आपका स्वागत है। क्या मैं पुष्टि कर सकता हूँ कि क्या आज के लिए आपके सभी प्रश्नों का उत्तर दे दिया गया है?,3,2
Let me know if there is anything else that I may help you with?, मुझे बताएं कि क्या कुछ और है जिसमें मैं आपकी मदद कर सकता हूं?,2,0
5874,5874,0,0
maruthi car 800 cc 2012,मारुति कार 800 सीसी 2012,2,0
"Surely, I'll be glad to help. Please may I know your name?"," निश्चित रूप से, मुझे मदद करने में खुशी होगी। कृपया क्या मैं आपका नाम जान सकता हूँ?",3,0
sure. I will send it back., ज़रूर। मैं इसे वापस भेज दूंगा।,2,1
"Hello there! A very good morning, how may I help you today?"," नमस्ते! बहुत सुप्रभात, आज मैं आपकी कैसे मदद कर सकता हूँ?",3,2
"Thanks for staying connected, I'd like to inform you that the payment has been sent and it'll reach you in the next 3 business days. "," जुड़े रहने के लिए धन्यवाद, मैं आपको सूचित करना चाहता हूं कि भुगतान भेज दिया गया है और यह अगले 3 व्यावसायिक दिनों में आप तक पहुंच जाएगा।",3,0
my iphone screen cracked so i need some insurance claimn, मेरे iPhone की स्क्रीन खराब हो गई है इसलिए मुझे कुछ बीमा दावे की आवश्यकता है,1,1
"Sure, I'm sorry about your phone. I'll not be able to get the device fixed. However, I'll be able to go ahead and get you a replacement. Would you want me to do that on your behalf?"," ज़रूर, मुझे आपके फ़ोन के लिए खेद है। मैं डिवाइस को ठीक नहीं कर पाऊंगा। हालांकि, मैं आगे बढ़कर आपको एक प्रतिस्थापन दिलाने में सक्षम होऊंगा। क्या आप चाहते हैं कि मैं आपकी ओर से ऐसा करूं?",3,0
help me to fix my screen, मेरी स्क्रीन को ठीक करने में मेरी मदद करें,1,0
"Make : Ford, Model : Endeavour, Year Manufactured : 2010"," बनाना: फोर्ड, मॉडल: एंडेवर, निर्मित वर्ष: 2010",0,0
Hello! How may I assist you today?, नमस्ते! आज मैं आपकी मदद किस तरह कर सकता हूँ?,3,0
"You're welcome, I hope that was helpful. Would you there be anything else I may help you with?"," आपका स्वागत है, मुझे आशा है कि यह मददगार था। क्या आपके पास और कुछ होगा जिसमें मैं आपकी मदद कर सकूं?",3,2
"Thank you so much for your information, please allow me a moment while I go ahead and do the needful."," आपकी जानकारी के लिए बहुत-बहुत धन्यवाद, कृपया मुझे एक क्षण का समय दें, जब तक कि मैं आगे बढ़ूं और आवश्यक कार्य करूं।",3,2
"I really appreciate for staying connected, the documents will be mailed to the updated address shortly."," मैं वास्तव में जुड़े रहने के लिए सराहना करता हूं, दस्तावेजों को शीघ्र ही अद्यतन पते पर भेज दिया जाएगा।",3,2
Ford Aspire and manufactured on 2012, फोर्ड एस्पायर और 2012 में निर्मित,0,0
bye, अलविदा,2,0
thank you.., धन्यवाद..,3,2
3356,3356,0,0
Great! May I know your Policy Number please?,महान! क्या मैं आपका पॉलिसी नंबर जान सकता हूं?,3,2
Are we connected?, क्या हम जुड़े हुए हैं?,0,0
EDISON JOHN, एडिसन जॉन,1,0
All right! Could you please share the policy number with me?, ठीक है! क्या आप कृपया मेरे साथ पॉलिसी नंबर साझा कर सकते हैं?,3,0
Alright! May I please know your full name?, ठीक है! क्या मैं आपका पूरा नाम जान सकता हूँ?,3,0
"Sure, I'll be glad to help you today. Please may I know your name?"," ज़रूर, मुझे आज आपकी मदद करने में खुशी होगी। कृपया क्या मैं आपका नाम जान सकता हूँ?",2,2
HI GOOD MORNING, हाय सुप्रभात,3,0
Perfect! Deolilope to find your documents I'll be needing more details. Could you help me out with the make and the model of your car?, उत्तम! डीओलीलोप आपके दस्तावेज़ खोजने के लिए मुझे और विवरण की आवश्यकता होगी। क्या आप अपनी कार के मेक और मॉडल के बारे में मेरी मदद कर सकते हैं?,3,2
okay, ठीक है,2,0
You're welcome! Would there be anything else I may assist you with?, आपका स्वागत है! क्या कुछ और होगा जिसमें मैं आपकी सहायता कर सकूं?,3,2
mani, मणि,0,0
OK, ठीक है,2,0
Hello there! Good morning! I hope you're having a great day. How may I help you today?, नमस्ते! सुबह बख़ैर! मुझे आशा है कि आपका दिन अच्छा बीतेगा। आज मैं आपकी कैसे मदद कर सकता हूँ?,3,2
Hey there! Good evening. How may I help you today?, सुनो! सुसंध्या। आज मैं आपकी कैसे मदद कर सकता हूँ?,3,0
Hey there! How may I help you today?, सुनो! आज मैं आपकी कैसे मदद कर सकता हूँ?,3,0
"Yeah ofcourse, I am William Patrick and the SSN number is 2710."," हाँ, मैं विलियम पैट्रिक हूँ और SSN संख्या 2710 है।",1,0
My cell phone screen cracked yesterday!, कल मेरे सेल फोन की स्क्रीन टूट गई!,2,1
hi, नमस्ते,2,0
2017,2017,0,0
CLAIM NUMBER - KXR846, दावा संख्या - KXR846,0,0
Fantastic! Thanks a ton for being so patient and cooperating with us. I'm glad that I could resole your query. We are always here to help you out. I hope you have an amazing day ahead!, ज़बरदस्त! इतने धैर्यवान होने और हमारे साथ सहयोग करने के लिए बहुत-बहुत धन्यवाद। मुझे खुशी है कि मैं आपके प्रश्न का समाधान कर सका। हम आपकी मदद के लिए हमेशा यहां हैं। मुझे आशा है कि आपके पास आगे एक अद्भुत दिन होगा!,3,2
Thanks for your information..I got enough information., आपकी जानकारी के लिए धन्यवाद..मुझे पर्याप्त जानकारी मिली है।,3,2
Go ahead!, आगे बढ़ो!,2,2
I want status for my claim, मुझे अपने दावे के लिए स्थिति चाहिए,3,0
Hey Rajat! Would you please share the last four digits of your SSN?, अरे रजत! क्या आप कृपया अपने SSN के अंतिम चार अंक साझा करेंगे?,3,0
HAWKIN12@GMAIL.COM,HAWKIN12@GMAIL.COM,0,0
Superb! Thanks for waiting! I've contacted the concerned team and requested them to mail your car insurance proof copy. They'll mail to your registered address and you'll receive the documents within 3 business days. I hope that would be okay?, शानदार! प्रतीक्षा करने के लिए धन्यवाद! मैंने संबंधित टीम से संपर्क किया है और उनसे आपकी कार बीमा प्रूफ कॉपी मेल करने का अनुरोध किया है। वे आपके पंजीकृत पते पर मेल करेंगे और आपको 3 व्यावसायिक दिनों के भीतर दस्तावेज़ प्राप्त हो जाएंगे। मुझे आशा है कि यह ठीक होगा?,3,2
Thank you. Please feel free to reach out to us for further queries. Have a great day. Bye., शुक्रिया। कृपया आगे के प्रश्नों के लिए हमसे बेझिझक संपर्क करें। आपका दिन अच्छा रहे। अलविदा।,3,2
OK, ठीक है,2,0
Alright! Could you please tell me your first and last name?, ठीक है! क्या आप कृपया मुझे अपना पहला और अंतिम नाम बता सकते हैं?,3,0
Ok, ठीक,0,0
ok sir thank you, ठीक है सर धन्यवाद,3,0
Thank you! May I please know your policy number and claim number?, आपको धन्यवाद! क्या मैं कृपया आपकी पॉलिसी संख्या और दावा संख्या जान सकता हूं?,3,0
Sure! Ill definitely help you with it., ज़रूर! मैं निश्चित रूप से इसमें आपकी मदद करूंगा।,2,2
My ssn# 8745, मेरा एसएसएन # 8745,1,0
no, नहीं,1,1
7845,7845,0,0
my name is inba. and the last digit of SSN number is 1212., मेरा नाम इनबा है। और SSN नंबर का अंतिम अंक 1212 होता है।,1,0
Thanks for being so patient and giving me all those details. I request you to wait for a minute while I process as per your request., इतना धैर्य रखने और मुझे वो सारी जानकारी देने के लिए धन्यवाद। मैं आपसे अनुरोध करता हूं कि आपके अनुरोध के अनुसार प्रक्रिया करते समय एक मिनट प्रतीक्षा करें।,3,2
"Thank you! I'd also need the last 4 digits of the SSN.
", आपको धन्यवाद! मुझे एसएसएन के अंतिम 4 अंक भी चाहिए।,3,0
"I have made a request for the replacement for your phone, it will be sent to you within 24-48 hours. And also, I request you to send the current phone in the return envelope. I hope this will be helpful."," मैंने आपके फोन को बदलने के लिए अनुरोध किया है, यह आपको 24-48 घंटों के भीतर भेज दिया जाएगा। और साथ ही, मैं आपसे वर्तमान फोन को रिटर्न लिफाफे में भेजने का अनुरोध करता हूं। मुझे उम्मीद है कि ये मददगार होगा।",2,0
Can I have a proof of insurance on my Toyota please?,क्या मुझे अपने टोयोटा पर बीमा का प्रमाण मिल सकता है?,3,0
Perfect! Could you also help me out with the manufacturing year of the car?, उत्तम! क्या आप कार के निर्माण वर्ष में भी मेरी मदद कर सकते हैं?,3,2
Please fix my sreen, कृपया मेरी स्रीन को ठीक करें,3,0
Hello good  morning! How may I help you?, हैलो सुप्रभात! क्या मेरे द्वारा आपकी कोई सहायता हो सकती है?,3,0
"Sure, thank you so much for your patience. Please could you check if the details shared are correct and confirm me?"," ज़रूर, आपके धैर्य के लिए बहुत-बहुत धन्यवाद। क्या आप जांच सकते हैं कि साझा किए गए विवरण सही हैं और मुझे पुष्टि करें?",3,2
fixing the screen, स्क्रीन को ठीक करना,0,0
2016 Honda Fit LX CVT, 2016 होंडा फ़िट एलएक्स सीवीटी,0,0
ok thank you have a nice day, ठीक है धन्यवाद आपका दिन शुभ हो,3,2
"Great! I'd like to inform you that, To proceed further documentation I'll require few details about the car like the make and the model of the car, could you please share them?"," महान! मैं आपको सूचित करना चाहता हूं कि, आगे के दस्तावेज़ीकरण को आगे बढ़ाने के लिए मुझे कार के बारे में कुछ विवरणों की आवश्यकता होगी जैसे कार का मेक और मॉडल, क्या आप कृपया उन्हें साझा कर सकते हैं?",3,2
I am Imran Khan here., मैं यहां इमरान खान हूं।,1,0
You're welcome. I'll be happy if I could be of any more help for you today., आपका स्वागत है। मुझे खुशी होगी अगर मैं आज आपकी और मदद कर सकूं।,3,2
NAME:KAVISHRI, नाम: कविश्री,0,0
I appreciate your patience! I have made a request to mail the copy of insurance at your registered address. You'll receive it within 2-3 business days. I hope this will be helpful., मैं आपके धैर्य की सराहना करता हूँ! मैंने आपके पंजीकृत पते पर बीमा की प्रति डाक से भेजने का अनुरोध किया है। आप इसे 2-3 व्यावसायिक दिनों के भीतर प्राप्त कर लेंगे. मुझे उम्मीद है कि ये मददगार होगा।,3,2
I wants to fix, मैं ठीक करना चाहता हूँ,1,0
POLICY NUMVER:PSJ874125639, पॉलिसी नंबर: PSJ874125639,0,0
Hello there! Good morning. How may I help you today?, नमस्ते! सुबह बख़ैर। आज मैं आपकी कैसे मदद कर सकता हूँ?,3,0
hai, हाय,2,0
Hey there! How may I help you?, सुनो! क्या मेरे द्वारा आपकी कोई सहायता हो सकती है?,3,0
HELLO, नमस्ते,2,0
"Thanks for waiting, I'd like to inform you that I'll be able to replace your broken phone with the brand new phone. And I request you to return the broken device in an envelope. We won't be able to provide you the new phone unless we recieve the broken phone. would that be okay? ","प्रतीक्षा करने के लिए धन्यवाद, मैं आपको सूचित करना चाहता हूं कि मैं आपके टूटे हुए फोन को एकदम नए फोन से बदल सकूंगा। और मैं आपसे अनुरोध करता हूं कि टूटे हुए उपकरण को एक लिफाफे में वापस कर दें। जब तक हमें टूटा हुआ फोन नहीं मिलता, हम आपको नया फोन नहीं दे पाएंगे। क्या यह ठीक रहेगा?",3,1
Amazing! Thanks for sharing your details. Just give me a minute I go ahead and do the best possible for you., अद्भुत! अपना विवरण साझा करने के लिए धन्यवाद। बस मुझे एक मिनट दें मैं आगे बढ़ता हूं और आपके लिए हर संभव कोशिश करता हूं।,3,2
UDAY778@YAHOO.COM, UDAY778@YAHOO.COM,0,0
"Sure, I'll definitely help you. May I know your full name please?"," ज़रूर, मैं आपकी मदद ज़रूर करूँगा। क्या मैं आपका पूरा नाम जान सकता हूँ?",3,0
"Absolutely! I'll help you in this regard, may I please know your name?"," बिल्कुल! मैं इस संबंध में आपकी मदद करूंगा, क्या मैं आपका नाम जान सकता हूं?",3,0
"Ok can you also get me the same document but for my other car, it is also a Toyota Corolla but the year is 2012"," ठीक है, क्या आप मुझे भी वही दस्तावेज़ दिला सकते हैं लेकिन मेरी दूसरी कार के लिए, यह भी टोयोटा कोरोला है लेकिन वर्ष 2012 है",3,0
"Thank you for the information, please allow me a moment while I go ahead and do the needful. "," जानकारी के लिए धन्यवाद, कृपया मुझे एक क्षण का समय दें, जब तक कि मैं आगे बढ़ूं और आवश्यक कार्य करूं।",3,2
Could you please help me with your name?, क्या आप कृपया अपने नाम के साथ मेरी मदद कर सकते हैं?,3,0
Thank you for waiting. I appreciate your patience. I see that your payment has been made and you'll receive it within 3 days. Is there anything else I might help you with?,प्रतीक्षा के लिए धन्यवाद। मैं आपके धैर्य की सराहना करता हूँ। मैंने देखा कि आपका भुगतान कर दिया गया है और आप इसे 3 दिनों के भीतर प्राप्त करेंगे। क्या कुछ और है जिसमें मैं आपकी मदद कर सकता हूं?,3,2
Hi I need to obtain proof of insurance for one of my cars, नमस्ते मुझे अपनी कारों में से एक के लिए बीमा का प्रमाण प्राप्त करने की आवश्यकता है,3,0
And my claim number KTV 258, और मेरा क्लेम नंबर KTV 258,0,0
audi a3, ऑडी ए3,0,0
PPN225, पीपीएन225,0,0
"Hello, Susan! Thanks for connecting with us today. Please could you help me with the policy number?"," हैलो, सुसान! आज हमारे साथ जुड़ने के लिए धन्यवाद। क्या आप पॉलिसी नंबर के बारे में मेरी मदद कर सकते हैं?",3,2
2584789656,2584789656,0,0
Thanks for staying connected. I've processed your request. You'll be receiving a mail to your registered address in the next 48 hours. Is there anything else that I might help you with?, जुड़े रहने के लिए धन्यवाद। मैंने आपका अनुरोध संसाधित कर दिया है। आपको अगले 48 घंटों में आपके पंजीकृत पते पर एक मेल प्राप्त होगा। क्या कुछ और है जिसमें मैं आपकी मदद कर सकता हूं?,3,2
and the claim number is AIM774, और दावा संख्या AIM774 है,1,0
My pleasure! Will there be anything else I may help you with?, मेरा सौभाग्य! क्या कुछ और होगा जिसमें मैं आपकी मदद कर सकूं?,3,2
Jeep, जीप,0,0
yes sir, जी श्रीमान,1,0
I want status for my claim, मुझे अपने दावे के लिए स्थिति चाहिए,3,0
"Make : Maruti Suzuki, Model :  Swift, Year Manufactured : 2014 "," बनाना: मारुति सुजुकी, मॉडल: स्विफ्ट, निर्मित वर्ष: 2014",0,0
arivu, अरिवु,0,0
"Awesome! Thanks for connecting with us, hope you have a wonderful day ahead! "," बहुत बढ़िया! हमारे साथ जुड़ने के लिए धन्यवाद, आशा है कि आपका आने वाला दिन शानदार हो!",3,2
hi', नमस्ते',3,0
Fantastic! Please feel free to reach out to us for further queries. Have a nice day. Bye.,ज़बरदस्त! कृपया आगे के प्रश्नों के लिए हमसे बेझिझक संपर्क करें। आपका दिन शुभ हो। अलविदा।,3,2
HAI, हाई,2,0
Thank you for the information. Kindly allow me a moment to check this for you. I hope you don't mind., जानकारी के लिए धन्यवाद। कृपया मुझे आपके लिए इसे जांचने के लिए एक क्षण दें। मुझे आशा है कि आपको कोई आपत्ति नहीं है।,3,2
Great! Thanks for the information. Kindly allow me a moment while I check this for you., महान! सूचना के लिए धन्यवाद। कृपया मुझे एक क्षण दें जब तक मैं आपके लिए यह जांचता हूं।,3,2
"I'll help you with that however, I'd require your name. Could you please let me know your name?"," मैं इसमें आपकी मदद करूंगा हालांकि, मुझे आपके नाम की आवश्यकता होगी। क्या आप कृपया मुझे अपना नाम बता सकते हैं?",3,0
RUTHRA, रुथरा,0,0
Definitely! I'd be glad to get that for you. Could you please help me with your first and last name?,निश्चित रूप से! मुझे यह आपके लिए प्राप्त करने में खुशी होगी। क्या आप कृपया अपने पहले और अंतिम नाम के साथ मेरी मदद कर सकते हैं?,3,2
My name is Arnold Clement., मेरा नाम अर्नोल्ड क्लेमेंट है।,2,0
Hey there! How may I help you?, सुनो! क्या मेरे द्वारा आपकी कोई सहायता हो सकती है?,3,0
Policy-LHT021548752 and Claim-NEJT5124, पॉलिसी-एलएचटी021548752 और दावा-एनईजेटी5124,0,0
hi good morning, हाय सुप्रभात,3,2
I'm glad that I could resolve this for you. Thanks for reaching out to us. I hope you have a great day ahead! We are always here to help you out in any regards. :), मुझे खुशी है कि मैं इसे आपके लिए हल कर सका। हमसे संपर्क करने के लिए धन्यवाद। मुझे आशा है कि आपके आगे एक अच्छा दिन होगा! हम हमेशा किसी भी मामले में आपकी मदद करने के लिए यहां हैं। :),3,2
Michal could you please help me out with the policy number and the claim number to check with the status of the claim?, मीकल क्या आप क्लेम की स्थिति जानने के लिए पॉलिसी नंबर और क्लेम नंबर के साथ मेरी मदद कर सकते हैं?,3,0
YES BYE," हां, नमस्ते",2,2
yes, हां,2,0
Thank you for the information. Please allow me a moment while I get the best solution for you., जानकारी के लिए धन्यवाद। कृपया मुझे एक क्षण दें जब तक कि मुझे आपके लिए सबसे अच्छा समाधान मिल जाए।,3,2
Great! Please allow me a moment to check the status of your claim., महान! कृपया मुझे अपने दावे की स्थिति की जांच करने के लिए कुछ समय दें।,3,2
Awesome Walter! Could you please let me know the last 4 digits of SSN?, बहुत बढ़िया वाल्टर! क्या आप कृपया मुझे SSN के अंतिम 4 अंक बता सकते हैं?,3,2
Good news! I've made a request for your duplicate copy of your car insurance proof that will be mailed to you on your registered address. I'd also like to inform you that you'll receive the mail within 48 hours., खुशखबरी! मैंने आपके कार बीमा प्रमाण की आपकी डुप्लीकेट प्रति के लिए अनुरोध किया है जो आपको आपके पंजीकृत पते पर भेज दी जाएगी। मैं आपको यह भी सूचित करना चाहता हूं कि आपको 48 घंटों के भीतर मेल प्राप्त हो जाएगा।,3,2
no thanks," जी नहीं, धन्यवाद",3,1
Sorry about the delay Nathen! Could you please share the policy number and claim number?, देरी के लिए खेद है नाथन! क्या आप कृपया पॉलिसी नंबर और दावा संख्या साझा कर सकते हैं?,3,1
Sure! I'll be glad to help you with it. Please may I know your name?, ज़रूर! मुझे इसमें आपकी मदद करने में खुशी होगी। कृपया क्या मैं आपका नाम जान सकता हूँ?,3,0
"Thank you for reaching out to us, please feel free to reach out for further concerns."," हमसे संपर्क करने के लिए धन्यवाद, कृपया आगे की चिंताओं के लिए बेझिझक संपर्क करें।",3,2
You're welcome. I had a great time assisting you. Have a good day. Bye.,आपका स्वागत है। मुझे आपकी सहायता करने में बहुत अच्छा लगा। आपका दिन शुभ हो। अलविदा।,2,2
ok bye thank you, ठीक है अलविदा धन्यवाद,3,2
YES, हां,2,2
"Good to hear from you, Clinton. Please could you share your SSN?"," क्लिंटन, आपसे सुनकर अच्छा लगा। क्या आप अपना एसएसएन साझा कर सकते हैं?",3,2
My phone number is 9874848944, मेरा फोन नंबर 9874848944 . है,2,0
ok, ठीक है,2,0
Thank you very much casey for helping me, मेरी मदद करने के लिए बहुत बहुत धन्यवाद केसी,3,2
"Awesome! Thank you for reaching out to us, please feel free to reach out for further concerns. Have a great day ahead!"," बहुत बढ़िया! हमसे संपर्क करने के लिए धन्यवाद, कृपया आगे की चिंताओं के लिए बेझिझक संपर्क करें। आगे एक महान दिन हो!",3,2
Hello! How may I help you today?, नमस्ते! आज मैं आपकी कैसे मदद कर सकता हूँ?,3,0
"Hello there, Good evening!  How may I help you today?"," नमस्ते वहाँ, शुभ संध्या! आज मैं आपकी कैसे मदद कर सकता हूँ?",3,0
"Hello there, Good evening!  How may I help you today?"," नमस्ते वहाँ, शुभ संध्या! आज मैं आपकी कैसे मदद कर सकता हूँ?",3,0
"Hey Kondranki, Would you please help me with your insurance policy number?"," हे कोंडरंकी, क्या आप कृपया अपनी बीमा पॉलिसी संख्या के साथ मेरी मदद करेंगे?",3,0
nothing else, और कुछ नहीं,1,0
May I confirm the shared information to be correct?, क्या मैं साझा की गई जानकारी के सही होने की पुष्टि कर सकता हूं?,2,0
I highly appreciate your patience. Thank you so much for connecting to us. I'm glad that I could resolve this for you. Have an amazing day ahead! We are always here contact us at anytime we will help you out! :), मैं आपके धैर्य की अत्यधिक सराहना करता हूं। हमसे जुड़ने के लिए आपका बहुत-बहुत धन्यवाद। मुझे खुशी है कि मैं इसे आपके लिए हल कर सका। आगे एक अद्भुत दिन हो! हम हमेशा यहां हैं किसी भी समय हमसे संपर्क करें हम आपकी मदद करेंगे! :),3,2
I NEED PROOF ON MY INSURANCE OF MY CAR., मुझे अपनी कार के बीमा पर प्रमाण चाहिए।,2,1
"Thank you for reaching out to us, hope that was helpful. Have an amazing day!"," हमसे संपर्क करने के लिए धन्यवाद, आशा है कि यह मददगार था। आपका दिन सुखद हो!",3,2
william, विलियम,0,0
I NEED A PROOF INSURANCE OF CAR, मुझे CAR . का प्रमाण चाहिए,1,0
I need help in status claim, मुझे स्टेटस क्लेम में मदद चाहिए,2,0
Alright Jumi! Could you please share your phone number?, ठीक है जुमी! क्या आप कृपया अपना फ़ोन नंबर साझा कर सकते हैं?,3,0
Hey there! How may I assist you?, सुनो! मैं आपकी कैसे सहायता कर सकता हूँ?,3,0
2017,2017,0,0
Hi. I need to obtain proof of insurance for one of my vehicles please,नमस्ते। कृपया मुझे अपने वाहनों में से एक के लिए बीमा का प्रमाण प्राप्त करने की आवश्यकता है,3,0
Alright! Is there anything else I may help you with?, ठीक है! क्या कुछ और है जिसमें मैं आपकी मदद कर सकता हूं?,2,0
I NEED TO FIX MY IPHONE SCREEN WHICH GOT CRACKED.., मुझे अपने IPhone स्क्रीन को ठीक करने की आवश्यकता है जो खराब हो गई है ..,2,1
ok, ठीक है,2,0
ARUNPANDI SSSN NUMBER 4569, अरुणपंडी एसएसएसएन नंबर 4569,0,0
i need a proof of insurance for my car, मुझे अपनी कार के लिए बीमा का प्रमाण चाहिए,2,0
ok, ठीक है,2,0
"Thank you for being Patient, I've processed the request made by you the proof documents will be reaching you in 2 days at your registered address. . Is there anything I may help you in?"," धैर्यवान होने के लिए धन्यवाद, मैंने आपके द्वारा किए गए अनुरोध को संसाधित कर दिया है प्रूफ दस्तावेज़ आपके पंजीकृत पते पर 2 दिनों में आप तक पहुंच जाएंगे। . क्या कोई ऐसी चीज है जिसमें मैं आपकी मदद कर सकता हूं?",3,2
"Thank you for staying connected, I'm glad to inform you that the check for your insurance claim  has been already sent it will be reaching you at  your registered address within 3 days. Hope that was useful?
"," जुड़े रहने के लिए धन्यवाद, मुझे आपको यह बताते हुए खुशी हो रही है कि आपके बीमा दावे का चेक पहले ही भेजा जा चुका है, यह 3 दिनों के भीतर आपके पंजीकृत पते पर आपके पास पहुंच जाएगा। आशा है कि यह उपयोगी था?",3,2
"Thank you Frances, may I know the make and model of the car?"," धन्यवाद फ्रांसिस, क्या मैं कार का मेक और मॉडल जान सकता हूं?",3,0
My name is Alex William., मेरा नाम एलेक्स विलियम है।,2,0
"Thank you for staying connected, I've processed the request made by you the proof documents will be reaching you in 2 days at your registered address. Anything I may help you in?"," जुड़े रहने के लिए धन्यवाद, मैंने आपके द्वारा किए गए अनुरोध को संसाधित कर दिया है, सबूत दस्तावेज आपके पंजीकृत पते पर 2 दिनों में आप तक पहुंच जाएंगे। क्या मैं आपकी कुछ मदद कर सकता हूँ?",3,2
Okay! I hope that was useful? Is there anything else I may help you with today?,ठीक! मुझे आशा है कि यह उपयोगी था? क्या आज मैं आपकी कुछ और मदद कर सकता हूँ?,3,0
jhg845, जेएचजी845,0,0
nothing casey, कुछ भी नहीं केसी,2,0
You're welcome. I'll be happy if I could be of any more help for you today., आपका स्वागत है। मुझे खुशी होगी अगर मैं आज आपकी और मदद कर सकूं।,3,2
My pleasure! I’m glad to be able to help. We aim to make your experience with our company a pleasant one. Have a wonderful day! Goodbye., मेरा सौभाग्य! मुझे खुशी है कि मैं मदद कर पा रहा हूं। हमारा उद्देश्य हमारी कंपनी के साथ आपके अनुभव को सुखद बनाना है। शानदार दिन हो! अलविदा।,3,2
"conversation when they finished help
", बातचीत जब उन्होंने मदद खत्म की,2,0
sorry policy details send me sir, क्षमा करें नीति विवरण मुझे भेजें सर,2,0
iPhone screen just cracked, iPhone स्क्रीन बस टूट गई,0,1
kuf698, कुफ698,0,0
7865,7865,0,0
Could you please help me with your phone number and the email address Mr.Fernandes?, क्या आप कृपया अपने फोन नंबर और ईमेल पते श्री फर्नांडीस के साथ मेरी मदद कर सकते हैं?,3,0
"Thanks for waiting, I'd like to inform you that I wouldn't be able to help you with this. However, I request you to visit our store the associates there will help you in getting your phone repaired, they'll also ask your for certain documents like insurance proof and other. please submit it to them. I hope this is helpful? "," प्रतीक्षा करने के लिए धन्यवाद, मैं आपको सूचित करना चाहता हूं कि मैं इसमें आपकी सहायता नहीं कर पाऊंगा। हालांकि, मैं आपसे अनुरोध करता हूं कि आप हमारे स्टोर पर जाएं, वहां के सहयोगी आपके फोन की मरम्मत में आपकी मदद करेंगे, वे आपसे बीमा प्रमाण और अन्य जैसे कुछ दस्तावेज भी मांगेंगे। कृपया इसे उन्हें जमा करें। मुझे आशा है कि यह मददगार है?",3,1
Could you specify the query please?, क्या आप कृपया क्वेरी निर्दिष्ट कर सकते हैं?,3,0
no, नहीं,1,1
claim my insurance status, मेरी बीमा स्थिति का दावा करें,0,0
Thank you very much, आपका बहुत बहुत धन्यवाद,3,2
Hey there! Good morning. How may I help you?, सुनो! सुबह बख़ैर। क्या मेरे द्वारा आपकी कोई सहायता हो सकती है?,3,0
KIMMY HORT, किम्मी हॉर्टो,0,0
made on : 2017, पर बनाया गया: 2017,0,0
"Sure, please could you also help me with the email address?"," ज़रूर, क्या आप ईमेल पते में भी मेरी मदद कर सकते हैं?",3,0
Perfect! Could you please let me know the model of Honda car?,उत्तम! क्या आप कृपया मुझे होंडा कार के मॉडल के बारे में बता सकते हैं?,3,2
BMWX1, बीएमडब्ल्यूएक्स1,0,0
My phone screen just got cracked is there anything you could do to help me with it?," मेरे फोन की स्क्रीन अभी-अभी खराब हुई है, क्या आप इसमें मेरी मदद करने के लिए कुछ कर सकते हैं?",2,0
OK THANK YOU, ठीक है धन्यवाद,3,2
maruthi car 750 cc 2012, मारुति कार 750 सीसी 2012,2,0
Sure thing! Could you please let me know your name and the last 4 digits of your SSN?, अवश्य! क्या आप कृपया मुझे अपना नाम और अपने SSN के अंतिम 4 अंक बता सकते हैं?,3,0
Thank you for your help, आपके सहयोग के लिए धन्यवाद,3,2
Hello! How may I help you today?, नमस्ते! आज मैं आपकी कैसे मदद कर सकता हूँ?,3,0
I've made the necessary changes and processed the request for a replacement device and you'll be receiving it in a couple of days. You need to send the damaged piece in the return envelope. Is there anything else I might help you with?, मैंने आवश्यक परिवर्तन कर दिए हैं और प्रतिस्थापन उपकरण के लिए अनुरोध संसाधित कर दिया है और आप इसे कुछ दिनों में प्राप्त कर लेंगे। आपको क्षतिग्रस्त टुकड़े को रिटर्न लिफाफे में भेजना होगा। क्या कुछ और है जिसमें मैं आपकी मदद कर सकता हूं?,2,0
You're always welcome! Thank you for contacting us! Have a great day ahead!, आपका हमेशा स्वागत है! हमसे संपर्क करने के लिए धन्यवाद! आगे एक महान दिन हो!,3,2
I WANT INSURANCE PROOF FOR MY CAR., मुझे अपनी कार के लिए बीमा प्रमाण चाहिए।,2,0
"Thank you for staying connected with patience. Good news, as I can see here that the payment as already initiated and the amount will be credited to your account within 3 business days. However, if you don't received the amount, kindly get back to us immediately. "," धैर्य से जुड़े रहने के लिए धन्यवाद। खुशखबरी, जैसा कि मैं यहां देख सकता हूं कि भुगतान पहले ही शुरू हो चुका है और राशि 3 व्यावसायिक दिनों के भीतर आपके खाते में जमा कर दी जाएगी। हालांकि, अगर आपको राशि प्राप्त नहीं हुई है, तो कृपया तुरंत हमसे संपर्क करें।",3,0
Hello there! How may I assist you today?, नमस्ते! आज मैं आपकी मदद किस तरह कर सकता हूँ?,3,0
Sorry for the delay Benjamin! May I please know the last 4 digit of your SSN?,देरी के लिए खेद है बेंजामिन! क्या मुझे आपके SSN का अंतिम 4 अंक पता चल सकता है?,3,0
Hello!, नमस्ते!,3,0
"As there is no reply from the other end, this chat is being disconnected. "," चूंकि दूसरे छोर से कोई जवाब नहीं आया, इस चैट को डिस्कनेक्ट किया जा रहा है।",2,1
Thank you so much for connecting to us. Have a great day ahead1, हमसे जुड़ने के लिए आपका बहुत-बहुत धन्यवाद। आगे का दिन शुभ हो1,3,2
ok, ठीक है,2,0
Thank you so much. And I'll also need the claim number to process your request., बहुत-बहुत धन्यवाद। और मुझे आपके अनुरोध को संसाधित करने के लिए दावा संख्या की भी आवश्यकता होगी।,3,0
policy no: nag972468345, पॉलिसी नंबर: नाग972468345,1,0
"James to go ahead and find your documents I'll be needing more details. Hence, could you please help me out with the make and the model of your car? "," जेम्स आगे बढ़ो और अपने दस्तावेज़ ढूंढो मुझे और विवरण की आवश्यकता होगी। इसलिए, क्या आप कृपया अपनी कार के मेक और मॉडल के बारे में मेरी मदद कर सकते हैं?",3,0
9087,9087,0,0
Thanks Blessy! Could you please share the last 4 digit of the SSN?, धन्यवाद आशीर्वाद! क्या आप कृपया SSN के अंतिम 4 अंक साझा कर सकते हैं?,3,0
bye, अलविदा,2,0
hi, नमस्ते,2,0
"i need a insurance proof for my car 
", मुझे अपनी कार के लिए बीमा प्रमाण चाहिए,2,0
OK THANK YOU, ठीक है धन्यवाद,3,2
You're always welcome! Thank you for contacting us! Have a great day ahead!, आपका हमेशा स्वागत है! हमसे संपर्क करने के लिए धन्यवाद! आगे एक महान दिन हो!,3,2
Hello! How may I help you?, नमस्ते! क्या मेरे द्वारा आपकी कोई सहायता हो सकती है?,3,0
Perfect! Please allow me a moment to check with the resources., उत्तम! कृपया मुझे संसाधनों के साथ जाँच करने के लिए एक क्षण दें।,3,2
Thank you so much for reaching out to us! Have a great day!, हमसे संपर्क करने के लिए आपका बहुत-बहुत धन्यवाद! आपका दिन अच्छा रहे!,3,2
Claim Number:OLX378, दावा संख्या: OLX378,0,0
Sure! Thanks!, ज़रूर! धन्यवाद!,3,2
Ok sir., जी महोदय।,0,0
Sure! I'll help you with that. May I know your name please?, ज़रूर! मैं इसमें आपकी मदद करूंगा। क्या मैं आपका नाम जान सकता हूँ?,3,0
hai, हाय,2,0
Hello!?, नमस्ते!?,3,0
ert453, ert453,0,0
5938,5938,0,0
"Perfect! Thank you for the details, please give me a minute to proceed further."," उत्तम! विवरण के लिए धन्यवाद, कृपया मुझे आगे बढ़ने के लिए एक मिनट दें।",3,2
8954,8954,0,0
My pleasure! Will there be anything else I could help you with?,मेरा सौभाग्य! क्या कुछ और होगा जिसमें मैं आपकी मदद कर सकूं?,3,2
2016,2016,0,0
nothing thank you, कुछ भी नहीं धन्यवाद,3,1
Thank you for waiting. I appreciate your patience. I see that your payment has already been made and you'll receive it within 3 days. Is there anything else I might help you with?, प्रतीक्षा के लिए धन्यवाद। मैं आपके धैर्य की सराहना करता हूँ। मैंने देखा कि आपका भुगतान पहले ही किया जा चुका है और आप इसे 3 दिनों के भीतर प्राप्त कर लेंगे। क्या कुछ और है जिसमें मैं आपकी मदद कर सकता हूं?,3,2
Sure! I'll help you with that. May I know your name please?, ज़रूर! मैं इसमें आपकी मदद करूंगा। क्या मैं आपका नाम जान सकता हूँ?,3,0
ok, ठीक है,2,0
thank you, धन्यवाद,2,2
Hello! Good morning! I hope you are having a great day! How may I help you today?, नमस्ते! सुबह बख़ैर! मुझे आशा है कि आपका समय बहुत अच्छा बीत रहा है! आज मैं आपकी कैसे मदद कर सकता हूँ?,3,2
no, नहीं,1,1
hai, हाय,2,0
"Perfect! Thank you for being patient in sharing the information. Please allow  me a moment, while I get back to you with a solution."," उत्तम! जानकारी साझा करने में धैर्य रखने के लिए धन्यवाद। कृपया मुझे एक क्षण की अनुमति दें, जबकि मैं समाधान के साथ आपके पास वापस आऊंगा।",3,2
Awesome! Could you please provide your phone number?, बहुत बढ़िया! क्या आप कृपया अपना फोन नंबर प्रदान कर सकते हैं?,3,2
OK, ठीक है,2,0
(541) 754-3010, (541) 754-3010,0,0
This car was manufactured in 2014., इस कार का निर्माण 2014 में किया गया था।,2,0
great with pleasure.., खुशी से बढ़िया..,3,2
"And, may I also know the manufacturing year of the car?"," और, क्या मैं कार का निर्माण वर्ष भी जान सकता हूँ?",1,0
Claim number is DKD587, दावा संख्या DKD587 . है,1,0
"Good to hear from you, Suresh! Please could you share your SSN?"," आपसे सुनकर अच्छा लगा, सुरेश! क्या आप अपना एसएसएन साझा कर सकते हैं?",3,2
Thank you. Could you please share the car details you'd require a proof of?, शुक्रिया। क्या आप कृपया कार विवरण साझा कर सकते हैं जिसके लिए आपको प्रमाण की आवश्यकता होगी?,3,0
"Hi, i want to know the status of my insurance claim"," नमस्ते, मैं अपने बीमा दावे की स्थिति जानना चाहता हूं",3,0
OK THANKS, ठीक है धन्यवाद,3,2
my mobile phone is damaged, मेरा मोबाइल फोन खराब हो गया है,1,1
Yes! I would love to help you out. but you have reached to wrong department., हाँ! मुझे आपकी मदद करना अच्छा लगेगा। लेकिन आप गलत विभाग में पहुंच गए हैं।,2,1
Surely. Could I know your SSN please?, निश्चित रूप से। क्या मैं आपका SSN कृपया जान सकता हूँ?,3,0
i need a copy of insurance for my car,मुझे अपनी कार के लिए बीमा की एक प्रति चाहिए,2,0
"Surely, I'll help you with it. Please may I know your name?"," ज़रूर, मैं इसमें आपकी मदद करूँगा। कृपया क्या मैं आपका नाम जान सकता हूँ?",3,0
THANK YOU SO MUCH, आपका बहुत-बहुत धन्यवाद,3,2
ok, ठीक है,2,0
Hey there!  How may I help you today?, सुनो! आज मैं आपकी कैसे मदद कर सकता हूँ?,3,0
hi, नमस्ते,2,0
Amazing! Please allow me a moment to process your request., अद्भुत! कृपया मुझे आपके अनुरोध को संसाधित करने के लिए कुछ समय दें।,2,2
hi, नमस्ते,2,0
Hello there! How may I help you today?, नमस्ते! आज मैं आपकी कैसे मदद कर सकता हूँ?,3,0
hai, हाय,2,0
no thanks," जी नहीं, धन्यवाद",3,1
Great! I'll also require your claim no.?, महान! मुझे आपके क्लेम नंबर की भी आवश्यकता होगी।,3,2
okay., ठीक है।,2,0
Perfect! Would you also share your insurance claim number?, उत्तम! क्या आप अपनी बीमा दावा संख्या भी साझा करेंगे?,3,0
ok, ठीक है,2,0
"If I'm not wrong, you'd like to know the status for one of your claims. Am I right?"," यदि मैं गलत नहीं हूँ, तो आप अपने किसी एक दावे की स्थिति जानना चाहेंगे। क्या मैं सही हूँ?",2,0
Sure! I'll surely help you. May I know your full name and the last 4 digits of your SSN?, ज़रूर! मैं आपकी मदद जरूर करूंगा। क्या मैं आपका पूरा नाम और आपके SSN के अंतिम 4 अंक जान सकता हूँ?,3,0
nitin gadkari, नितिन गडकरी,0,0
NAME: CAMILA, नाम: कैमिला,0,0
9875,9875,0,0
"Perfect! Thank you for sharing the information. Could you please allow me a minute or two, while I get this done for you?"," उत्तम! जानकारी साझा करने के लिए धन्यवाद। क्या आप कृपया मुझे एक या दो मिनट का समय दे सकते हैं, जबकि मैं आपके लिए यह कर रहा हूँ?",3,2
"Hey, I'd be delighted to assist yo today! "," अरे, मुझे आज आपकी सहायता करने में खुशी होगी!",3,2
Hi, नमस्ते,2,0
STIVE, स्टोव,0,0
hello, नमस्ते,2,0
"my iphone screen just cracked please fix my mobile screen
", मेरे iPhone की स्क्रीन अभी टूट गई है कृपया मेरे मोबाइल स्क्रीन को ठीक करें,3,1
I need a car insured, मुझे एक बीमाकृत कार चाहिए,2,0
Hello! How may I help you today?, नमस्ते! आज मैं आपकी कैसे मदद कर सकता हूँ?,3,0
"For sure! I'll help you with that, could you please let me know your name and the last 4 digits of SSN?"," पक्का! मैं इसमें आपकी मदद करूंगा, क्या आप कृपया मुझे अपना नाम और एसएसएन के अंतिम 4 अंक बता सकते हैं?",3,0
"Hello again, Bala! Please could you share the policy number?"," फिर से नमस्कार, बाला! क्या आप पॉलिसी नंबर साझा कर सकते हैं?",3,0
"Great! Could you please share the details of the car, like it's make and the model?","महान! क्या आप कृपया कार के बारे में विवरण साझा कर सकते हैं, जैसे कि यह मेक और मॉडल है?",3,0
Awesome! Would you please help me with your contact number and email address?, बहुत बढ़िया! क्या आप कृपया अपने संपर्क नंबर और ईमेल पते के साथ मेरी मदद करेंगे?,3,2
OK THANK YOU, ठीक है धन्यवाद,3,2
"Perfect! Thanks for waiting, I've contacted the concerned team and they'll mail you the copy of your insurance proof on your registered address However, I'd also like to inform you that you'll receive all your documents within 48 hours. would that be okay?"," उत्तम! प्रतीक्षा करने के लिए धन्यवाद, मैंने संबंधित टीम से संपर्क किया है और वे आपके पंजीकृत पते पर आपके बीमा प्रमाण की प्रति आपको मेल करेंगे, हालांकि, मैं आपको यह भी सूचित करना चाहूंगा कि आपको अपने सभी दस्तावेज़ 48 घंटों के भीतर प्राप्त हो जाएंगे। क्या यह ठीक रहेगा?",3,2
"i think no , this information will very helpful thank u"," मुझे लगता है कि नहीं, यह जानकारी बहुत मददगार होगी धन्यवाद",3,2
Is there anything else I could assist you with?, क्या कुछ और है जिसमें मैं आपकी सहायता कर सकता हूं?,2,0
bala, बाला,0,0
OK, ठीक है,2,0
Great! Please allow me a moment to check in the status., महान! कृपया मुझे स्थिति की जांच करने के लिए कुछ समय दें।,3,2
Thevaraj@gmail.com, Thevaraj@gmail.com,0,0
Go ahead!, आगे बढ़ो!,1,0
i ask for fixing the phone screen, मैं फोन स्क्रीन ठीक करने के लिए कहता हूँ,1,0
Awesome! Could you please allow me a moment to initiate the process?, बहुत बढ़िया! क्या आप कृपया मुझे प्रक्रिया शुरू करने के लिए एक क्षण की अनुमति दे सकते हैं?,3,2
"I HAVE INSURANCE OF MY IHONE , AND MY PHONE SCREEN IS BEEN BROKEN, CAN YOU FIX IT USING INSURANCE."," मेरे पास मेरे IHONE का बीमा है, और मेरे फ़ोन की स्क्रीन टूट गई है, क्या आप बीमा का उपयोग करके इसे ठीक कर सकते हैं।",3,1
Sure! I'll be glad to help you with that. Please may I know your name?, ज़रूर! मुझे इसमें आपकी मदद करने में खुशी होगी। कृपया क्या मैं आपका नाम जान सकता हूँ?,3,0
babu, बाबू,0,0
FGR457, FGR457,0,0
2541,2541,0,0
HII, HII,2,0
ok, ठीक है,2,0
Perfect! Please allow me a moment while I go ahead and do the needful., उत्तम! कृपया मुझे एक क्षण की अनुमति दें जब तक कि मैं आगे बढ़ूं और आवश्यक कार्य करूं।,3,2
Alright! May I please know your full name?, ठीक है! क्या मैं आपका पूरा नाम जान सकता हूँ?,3,0
"Sure! I'll help you with it, may I know your name and phone number?"," ज़रूर! मैं इसमें आपकी मदद करूंगा, क्या मैं आपका नाम और फोन नंबर जान सकता हूं?",3,0
maruthi 950cc 2015, मारुति 950cc 2015,2,0
annapoorani,अन्नपूर्णी,0,0
Superb! Please give me a moment to process the request., शानदार! कृपया मुझे अनुरोध संसाधित करने के लिए एक क्षण दें।,3,2
I'm Elizabeth Christine, मैं एलिजाबेथ क्रिस्टीन हूँ,1,0
Have a great day ahead. Hope to serve you soon again., आगे एक महान दिन हो। आशा है कि आप जल्द ही फिर से सेवा करेंगे।,3,2
"Thank you for staying connected, I'm glad to inform you that the check for your insurance claim  has been already sent it will be reaching you at  your registered address within 3 days. Hope that was useful?
"," जुड़े रहने के लिए धन्यवाद, मुझे आपको यह बताते हुए खुशी हो रही है कि आपके बीमा दावे का चेक पहले ही भेजा जा चुका है, यह 3 दिनों के भीतर आपके पंजीकृत पते पर आपके पास पहुंच जाएगा। आशा है कि यह उपयोगी था?",3,2
"Sure, I'll be glad to help you with it. Please may I know your name?"," ज़रूर, मुझे इसमें आपकी मदद करने में खुशी होगी। कृपया क्या मैं आपका नाम जान सकता हूँ?",3,0
Hello! Good morning! I hope you are having a great day! What can I do for you today?, नमस्ते! सुबह बख़ैर! मुझे आशा है कि आपका समय बहुत अच्छा बीत रहा है! मैं आज आपके लिये क्या कर सकता हूँ?,3,2
May I ask if you screen is broken or damaged?, क्या मैं पूछ सकता हूं कि क्या आपकी स्क्रीन टूट गई है या क्षतिग्रस्त है?,2,0
"Awesome! Thanks for choosing us, hope you have a wonderful day ahead!"," बहुत बढ़िया! हमें चुनने के लिए धन्यवाद, आशा है कि आपका आने वाला दिन शानदार हो!",3,2
Superb! That's a great car. Would you mind sharing the year in which the car was manufactured?, शानदार! यह एक बढ़िया कार है। क्या आप उस वर्ष को साझा करना चाहेंगे जिसमें कार का निर्माण किया गया था?,3,2
matthewmilton2020@mail.com, मैथ्यूमिल्टन2020@mail.com,0,0
Hi, नमस्ते,2,0
ok no thanks, ठीक है नहीं धन्यवाद,3,1
POLICY: FGY025896478, नीति: FGY025896478,0,0
2016,2016,0,0
damaged, क्षतिग्रस्त,0,1
2017,2017,0,0
nopes, नहींं,1,1
May I know your first and last name please?, क्या मैं आपका पहला और अंतिम नाम जान सकता हूँ?,3,0
You're welcome! Would there be anything else I may assist you with?, आपका स्वागत है! क्या कुछ और होगा जिसमें मैं आपकी सहायता कर सकूं?,3,2
YTR890765431, YTR890765431,0,0
ok thank you, ठीक है धन्यवाद,3,0
arun, अरुण,0,0
You're always welcome! Thank you for contacting us! Have a great day ahead!, आपका हमेशा स्वागत है! हमसे संपर्क करने के लिए धन्यवाद! आगे एक महान दिन हो!,3,2
Oh sorry to hear that. I'll definitely help you with that. Could you please help me with your full name?, ओह सुन कर दुख हुआ। मैं इसमें आपकी जरूर मदद करूंगा। क्या आप कृपया अपने पूरे नाम के साथ मेरी मदद कर सकते हैं?,3,0
NO, ना,1,1
Perfect! May I please have a moment to check the details., उत्तम! क्या मुझे विवरण की जांच करने के लिए कुछ समय मिल सकता है।,3,2
"You're welcome, Is there anything else I may help you with today? "," आपका स्वागत है, क्या आज मैं आपकी कुछ और मदद कर सकता हूँ?",2,2
"You're welcome! Thank you for reaching out to us, I'm glad to help you with your query. Have a nice day!"," आपका स्वागत है! हमसे संपर्क करने के लिए धन्यवाद, मुझे आपकी क्वेरी में मदद करने में खुशी हो रही है। आपका दिन शुभ हो!",3,2
"I appreciate your patience in staying connected. Here's a Good news to inform you that , I've checked with my team and prepared  the required documents, and that file will be soon mailed to your address. ","मैं जुड़े रहने में आपके धैर्य की सराहना करता हूं। आपको यह सूचित करने के लिए एक अच्छी खबर है कि, मैंने अपनी टीम के साथ जांच की है और आवश्यक दस्तावेज तैयार किए हैं, और वह फाइल जल्द ही आपके पते पर भेज दी जाएगी।",3,2
Hello there! How may I help you today?, नमस्ते! आज मैं आपकी कैसे मदद कर सकता हूँ?,3,0
no, नहीं,1,1
"Thank you David, may I know the make and model of the car?"," धन्यवाद डेविड, क्या मैं कार का मेक और मॉडल जान सकता हूं?",3,0
Perfect! May I know the year the car was made?, उत्तम! क्या मुझे पता चल सकता है कि कार किस वर्ष बनी थी?,2,2
I appreciate your patience! I have made a request to mail the copy of insurance at your registered address. You'll receive it within 2-3 business days. I hope this will be helpful., मैं आपके धैर्य की सराहना करता हूँ! मैंने आपके पंजीकृत पते पर बीमा की प्रति डाक से भेजने का अनुरोध किया है। आप इसे 2-3 व्यावसायिक दिनों के भीतर प्राप्त कर लेंगे. मुझे उम्मीद है कि ये मददगार होगा।,3,2
OK, ठीक है,2,0
ok, ठीक है,2,0
That's great! Please could you share the year of make?, एक दम बढ़िया! क्या आप बनाने का वर्ष साझा कर सकते हैं?,3,2
"Thanks for staying connected, I've processed your request. The insurance documents ,may reach at your address within a reasonable time."," जुड़े रहने के लिए धन्यवाद, मैंने आपका अनुरोध संसाधित कर दिया है। बीमा दस्तावेज उचित समय के भीतर आपके पते पर पहुंच सकते हैं।",3,2
Sure! I'll be glad to help you with that. Please may I know your name?, ज़रूर! मुझे इसमें आपकी मदद करने में खुशी होगी। कृपया क्या मैं आपका नाम जान सकता हूँ?,3,0
ok, ठीक है,2,0
Thank you, आपको धन्यवाद,2,2
Superb! May I have the claim number as well?, शानदार! क्या मेरे पास दावा संख्या भी हो सकती है?,3,2
Could you also help me out with the year the car was made?, क्या आप मुझे यह बताने में भी मदद कर सकते हैं कि कार किस वर्ष बनी थी?,3,0
Hello! A very Good morning! I hope you are having a good day! How may I help you today?, नमस्ते! एक बहुत ही शुभ प्रभात! मुझे आशा है कि आपका दिन अच्छा बीतेगा! आज मैं आपकी कैसे मदद कर सकता हूँ?,3,2
You're most welcome! Thanks for baring with us. It was a pleasure assisting you. Hope to serve you soon. Have a great day ahead!, आपका स्वागत है! हमसे रूबरू होने के लिए धन्यवाद। आपकी सहायता करना खुशी की बात थी। आशा है जल्द ही आपकी सेवा करेंगे। आगे एक महान दिन हो!,3,2
"Thank you! I'd also need the last 4 digits of the SSN.
", आपको धन्यवाद! मुझे एसएसएन के अंतिम 4 अंक भी चाहिए।,3,0
"I would be glad to help you out in this regards. May I know your name please?
", मुझे इस संबंध में आपकी मदद करने में खुशी होगी। क्या मैं आपका नाम जान सकता हूँ?,3,0
Is there anything else I could assist you with?, क्या कुछ और है जिसमें मैं आपकी सहायता कर सकता हूं?,2,0
"You're welcome. May I confirm if all your questions have been answered for today?  
", आपका स्वागत है। क्या मैं पुष्टि कर सकता हूँ कि क्या आज के लिए आपके सभी प्रश्नों का उत्तर दे दिया गया है?,3,2
Name:Robert, नाम: रॉबर्ट,0,0
Sure. I'll help you with that. May I know your name and the last 4 digits of the SSN please?, ज़रूर। मैं इसमें आपकी मदद करूंगा। क्या मैं आपका नाम और SSN के अंतिम 4 अंक जान सकता हूँ?,3,0
"Recently I have purchased iPhone, Actually the screen was broken now can you help me on that ?"," हाल ही में मैंने iPhone खरीदा है, वास्तव में स्क्रीन टूट गई थी अब क्या आप उस पर मेरी मदद कर सकते हैं?",2,1
MAKE: TOYOTA MODEL: BLIZZARD, बनाना: टोयोटा मॉडल: बर्फ़ीला तूफ़ान,0,0
Absolutely ! I'd be glad to help you with that .Could you please help me with your first and the last name?,बिल्कुल ! मुझे इसमें आपकी मदद करने में खुशी होगी। क्या आप कृपया अपने पहले और अंतिम नाम के साथ मेरी मदद कर सकते हैं?,3,2
"Sure thing! Email address noted as muniyappan@gmail.com. Also, I'd like to inform you that I'll send you a brand new phone as a replacement and I kindly request you to return the damaged phone. "," अवश्य! ईमेल पता muniyappan@gmail.com के रूप में नोट किया गया। साथ ही, मैं आपको सूचित करना चाहता हूं कि मैं आपको प्रतिस्थापन के रूप में एक नया फोन भेजूंगा और मैं आपसे क्षतिग्रस्त फोन को वापस करने का अनुरोध करता हूं।",2,2
"Thank you for staying connected, Your documents are ready and will be delivered to your address at the earliest."," जुड़े रहने के लिए धन्यवाद, आपके दस्तावेज तैयार हैं और जल्द से जल्द आपके पते पर पहुंचा दिए जाएंगे।",3,2
You're welcome! I'm glad that I could resolve this for you. Have a great day!, आपका स्वागत है! मुझे खुशी है कि मैं इसे आपके लिए हल कर सका। आपका दिन अच्छा रहे!,3,2
"I'd be glad to help you out in this regards. May I know your name please?
", मुझे इस संबंध में आपकी मदद करने में खुशी होगी। क्या मैं आपका नाम जान सकता हूँ?,3,0
Great! May I confirm if all your questions have been answered for today?, महान! क्या मैं पुष्टि कर सकता हूँ कि क्या आज के लिए आपके सभी प्रश्नों का उत्तर दे दिया गया है?,3,2
"Awesome! Thanks for connecting with us, hope you have a wonderful day ahead! "," बहुत बढ़िया! हमारे साथ जुड़ने के लिए धन्यवाद, आशा है कि आपका आने वाला दिन शानदार हो!",3,2
BYE, अलविदा,2,0
"HI,GOOD MORNING", हाय सुप्रभात,3,0
Okay thanks, ठीक है शुक्रिया,3,0
"That's perfect! Thank you for the details, please give me a minute to proceed further."," यह बिल्कुल सही है! विवरण के लिए धन्यवाद, कृपया मुझे आगे बढ़ने के लिए एक मिनट दें।",3,2
hi, नमस्ते,2,0
That is everything for now. Thanks a lot, अभी के लिए बस इतना ही। बहुत-बहुत धन्यवाद,3,2
Thanks, धन्यवाद,3,2
"Sure, we are here to help you. May I know your full name please?"," ज़रूर, हम आपकी मदद करने के लिए यहाँ हैं। क्या मैं आपका पूरा नाम जान सकता हूँ?",3,0
"Thank you for reaching out to us, we are always grateful serve customers like you. Have a wonderful day!"," हमसे संपर्क करने के लिए धन्यवाद, हम आप जैसे ग्राहकों की सेवा के लिए हमेशा आभारी हैं। शानदार दिन हो!",3,2
yes.. thank you so much, हाँ बहुत ध्न्यवाद,3,2
"ok, sure",यकीनन ठीक,2,0
"I apologize, could you please be more specific with the concern?"," मैं क्षमा चाहता हूं, क्या आप कृपया चिंता के बारे में अधिक विशिष्ट हो सकते हैं?",3,0
Maker is bmw and model is x2, निर्माता बीएमडब्ल्यू है और मॉडल x2 . है,0,0
Amazing! Thanks a ton for giving me all that details. Allow me a minute while I go ahead and check that for you., अद्भुत! मुझे वह सब विवरण देने के लिए एक टन धन्यवाद। मुझे आगे बढ़ने के लिए एक मिनट का समय दें और इसे आपके लिए जांचें।,3,2
Sure! Please take your time., ज़रूर! आराम से करे।,2,0
Okay! Noted! Would you please help me with your claim number as well?, ठीक! विख्यात! क्या आप कृपया मुझे अपनी दावा संख्या के साथ भी मदद करेंगे?,3,0
Hello! How may I assist you?, नमस्ते! मैं आपकी कैसे सहायता कर सकता हूँ?,3,0
" Absolutely, I'll guide you. May I know your full name please?"," बिल्कुल, मैं आपका मार्गदर्शन करूंगा। क्या मैं आपका पूरा नाम जान सकता हूँ?",3,0
ok, ठीक है,2,0
Thank you for staying connected. I've initiated a request for a replacement. You'll be receiving it within three days. I request you to send the current broken device in the return envelope., जुड़े रहने के लिए धन्यवाद। मैंने एक प्रतिस्थापन के लिए एक अनुरोध शुरू किया है। आपको यह तीन दिनों के भीतर प्राप्त हो जाएगा। मैं आपसे अनुरोध करता हूं कि वर्तमान टूटे हुए उपकरण को रिटर्न लिफाफे में भेजें।,3,1
"Thank you for reaching out to us, hope that was helpful. Have a wonderful day!"," हमसे संपर्क करने के लिए धन्यवाद, आशा है कि यह मददगार था। शानदार दिन हो!",3,2
OKAY, ठीक है,2,0
"Thank you so much for sharing the information, please allow me a moment while I go ahead and do the needful. "," जानकारी साझा करने के लिए आपका बहुत-बहुत धन्यवाद, कृपया मुझे एक क्षण दें, जब तक कि मैं आगे बढ़ूं और आवश्यक कार्य करूं।",3,2
You're welcome! Is there anything else that I may help you with?, आपका स्वागत है! क्या कुछ और है जिसमें मैं आपकी मदद कर सकता हूं?,2,2
Hey there! How may I assist you today today?, सुनो! आज मैं आपकी कैसे सहायता कर सकता हूँ?,3,0
hi, नमस्ते,2,0
"Hi, Good Morning. This is Waters Sheryl. I wants to know about my claims. ", हाय सुप्रभात। यह वाटर्स शेरिल है। मैं अपने दावों के बारे में जानना चाहता हूं।,3,0
Hello there! How may I assist you today?, नमस्ते! आज मैं आपकी मदद किस तरह कर सकता हूँ?,3,0
"Thank you! May I also know the email associated with your phone.
", आपको धन्यवाद! क्या मैं आपके फोन से जुड़े ईमेल को भी जान सकता हूं।,3,0
OK, ठीक है,2,0
I NEED A COPY OF INSURANCE FOR MY CAR, मुझे अपनी CAR . के लिए बीमा की एक प्रति चाहिए,2,0
5838,5838,0,0
"Thank you. Now I'd need the claim number as well to process the request.
", शुक्रिया। अब मुझे अनुरोध को संसाधित करने के लिए दावा संख्या की भी आवश्यकता होगी।,3,0
"You're welcome! Let me know, if there would be anything else that I may help you with?"," आपका स्वागत है! मुझे बताएं, अगर कुछ और होता है जिसमें मैं आपकी मदद कर सकता हूं?",3,2
4453,4453,0,0
2016,2016,0,0
I am Sandhya, मैं संध्या हूँ,2,0
Hai, हाई,2,0
Anything else I may help you in?, कुछ और मैं आपकी मदद कर सकता हूँ?,2,0
Rick Huggins, रिक हगिन्स,0,0
"Sure, that's really helpful. Thank you. Please could you stay connected for a minute?","ज़रूर, यह वास्तव में मददगार है। शुक्रिया। क्या आप एक मिनट के लिए जुड़े रह सकते हैं?",3,2
no, नहीं,1,1
OK THANKS, ठीक है धन्यवाद,3,2
ASHOK, अशोक,2,0
sorry, माफ़ करना,2,1
"Kian Ray
", कियान राय,0,0
thank you, धन्यवाद,2,2
"Great! Thank you so much for sharing all your details. I'll quickly look into this and get back to you. (I'd request you to please be conversational, do not share all the details at once. I hope you don't repeat it)."," महान! अपना सारा विवरण साझा करने के लिए बहुत-बहुत धन्यवाद। मैं जल्दी से इस पर गौर करूंगा और आपसे संपर्क करूंगा। (मैं आपसे अनुरोध करता हूं कि कृपया बातचीत करें, एक बार में सभी विवरण साझा न करें। मुझे आशा है कि आप इसे दोहराएंगे नहीं)।",3,2
Alright Mariyah! May I please know the last 4 digit of the SSN?, ठीक है मारिया! क्या मैं कृपया SSN के अंतिम 4 अंक जान सकता हूँ?,2,0
Perfect! Please allow me a moment to check in the details., उत्तम! कृपया मुझे विवरण देखने के लिए कुछ समय दें।,2,2
"My pleasure! Have a great day, goodbye.'"," मेरा सौभाग्य! आपका दिन शुभ हो, अलविदा।'",3,2
my car is damaged in bumper area, मेरी कार बंपर एरिया में क्षतिग्रस्त हो गई है,1,1
Sure! I'll help you with that. May I know your name please?, ज़रूर! मैं इसमें आपकी मदद करूंगा। क्या मैं आपका नाम जान सकता हूँ?,3,0
OK THANKS, ठीक है धन्यवाद,3,2
"I really appreciate for staying connected, the documents will be mailed to the updated address shortly. "," मैं वास्तव में जुड़े रहने के लिए सराहना करता हूं, दस्तावेजों को शीघ्र ही अद्यतन पते पर भेज दिया जाएगा।",3,2
"Alright Mr.Henrey, could you please help me with your policy number?"," ठीक है मिस्टर हेनरी, क्या आप कृपया अपनी पॉलिसी नंबर के साथ मेरी मदद कर सकते हैं?",3,0
raj ram, राज राम,0,0
Thank you very much, आपका बहुत बहुत धन्यवाद,3,2
I've a good news. Your request for the replacement device has been initiated and it will be delivered in 2 days. You need to send the damaged piece in the return envelope. Is there anything else I might help you with?, मेरे पास एक अच्छी खबर है। डिवाइस बदलने के लिए आपका अनुरोध शुरू कर दिया गया है और इसे 2 दिनों में डिलीवर कर दिया जाएगा। आपको क्षतिग्रस्त टुकड़े को रिटर्न लिफाफे में भेजना होगा। क्या कुछ और है जिसमें मैं आपकी मदद कर सकता हूं?,3,0
thank you so match sir...,थैंक यू सो मैच सर...,3,2
okay, ठीक है,2,0
ok, ठीक है,2,0
Could you please allow me a moment to initiate the process?, क्या आप कृपया मुझे प्रक्रिया शुरू करने के लिए एक क्षण की अनुमति दे सकते हैं?,3,0
Cool! Could you share the car details please? I will need the make and model of the car?, ठंडा! क्या आप कृपया कार का विवरण साझा कर सकते हैं? मुझे कार के मेक और मॉडल की आवश्यकता होगी?,3,0
I need a status of my claim, मुझे अपने दावे की स्थिति चाहिए,3,0
Hey there! How may I help you today?, सुनो! आज मैं आपकी कैसे मदद कर सकता हूँ?,3,0
Thank you for waiting. I've a good news for you. Your request has been processed and you'll be receiving the proof of insurance within 2 days. Is there anything else I might help you with?, प्रतीक्षा के लिए धन्यवाद। मेरे पास आपके लिए एक अच्छी खबर है। आपका अनुरोध संसाधित कर दिया गया है और आपको 2 दिनों के भीतर बीमा का प्रमाण प्राप्त हो जाएगा। क्या कुछ और है जिसमें मैं आपकी मदद कर सकता हूं?,3,2
no thats all i need for now. tnx," नहीं, मुझे अभी बस इतना ही चाहिए। टीएनएक्स",2,0
can you replace it., क्या आप इसे बदल सकते हैं।,2,0
5466,5466,0,0
I wish you a great day ahead! Goodbye1, मैं आपके अच्छे दिन की कामना करता हूं! अलविदा1,3,2
My social security number is 068265745, मेरा सामाजिक सुरक्षा नंबर 068265745 . है,1,0
Definitely! I'd be glad to help you with that. Could you please help me with your full name?, निश्चित रूप से! मुझे इसमें आपकी मदद करने में खुशी होगी। क्या आप कृपया अपने पूरे नाम के साथ मेरी मदद कर सकते हैं?,3,2
no thanks," जी नहीं, धन्यवाद",3,1
Sure! Would you want a replacement for that?, ज़रूर! क्या आप उसके लिए एक प्रतिस्थापन चाहते हैं?,3,0
Hello! How may I help you today?, नमस्ते! आज मैं आपकी कैसे मदद कर सकता हूँ?,3,0
Hello there! How may I help you today?, नमस्ते! आज मैं आपकी कैसे मदद कर सकता हूँ?,3,0
"Thank you, Could now help me with the email address associated with the account.
"," धन्यवाद, अब खाते से जुड़े ईमेल पते में मेरी मदद कर सकता है।",3,0
Hai, हाई,2,0
hyundai 1000cc, हुंडई 1000cc,2,0
I'm always here to help you out in any regards. Hope to see again. Have a nice day ahead! :), मैं हमेशा किसी भी मामले में आपकी मदद करने के लिए यहां हूं। उम्मीद है कि फिर से देखने को मिलेगा। आपका दिन अच्छा हों! :),3,2
Awesome! Have a wonderful day. Bye., बहुत बढ़िया! शानदार दिन हो। अलविदा।,3,2
THIS IS SOFIA, यह सोफिया है,2,0
?*, ?*,0,0
6756,6756,0,0
Awesome! And the claim number would be?, बहुत बढ़िया! और दावा संख्या होगी?,3,2
"My pleasure! Feel free to reach out to us whenever needed, have a great day. goodbye"," मेरा सौभाग्य! जब भी जरूरत हो, बेझिझक हमसे संपर्क करें, आपका दिन शुभ हो। अलविदा",3,2
"Sure, thank you for contacting us. Have a great day!"," ज़रूर, हमसे संपर्क करने के लिए धन्यवाद। आपका दिन अच्छा रहे!",3,2
it is 2015, यह 2015 . है,0,0
I'm sorry? I didn't ask for any details yet?,मुझे माफ़ करें? मैंने अभी तक कोई विवरण नहीं मांगा?,3,0
nijam kol, निजाम कोली,2,0
Please help on this?, कृपया इस पर मदद करें?,2,0
My name is John Smith, मेरा नाम जॉन स्मिथ है,2,0
Alright Raj! Could you please share your policy number?, ठीक है राज! क्या आप कृपया अपना पॉलिसी नंबर साझा कर सकते हैं?,3,0
Hi!, नमस्ते!,3,0
Awesome! Sreeja for me to find your documents I'd be requiring more information. Could you help me out with the make and model of the car?, बहुत बढ़िया! श्रीजा मेरे लिए आपके दस्तावेज़ खोजने के लिए मुझे और जानकारी की आवश्यकता होगी। क्या आप कार के मेक और मॉडल के बारे में मेरी मदद कर सकते हैं?,3,2
John West, जॉन वेस्ट,1,0
i need a status of my claim, मुझे अपने दावे की स्थिति चाहिए,3,0
Just to confirm is it Toyota Innova?, सिर्फ यह पुष्टि करने के लिए कि क्या यह टोयोटा इनोवा है?,2,0
YES PERFECT, हां बढ़िया,2,2
Hello! Good morning. How may I help you today?, नमस्ते! सुबह बख़ैर। आज मैं आपकी कैसे मदद कर सकता हूँ?,3,0
james, जेम्स,0,0
6985,6985,0,0
The number is 8890989090., संख्या 8890989090 है।,0,0
May I please know your phone number?, क्या मैं आपका फोन नंबर जान सकता हूं?,3,0
"Hey there! I'm sorry about that. I'll not be able to get the device fixed. However, I'll be able to go ahead and get you a replacement. Would you want me to do that on your behalf?"," सुनो! मैं इस बारे में माफी चाहता हूँ। मैं डिवाइस को ठीक नहीं कर पाऊंगा। हालांकि, मैं आगे बढ़कर आपको एक प्रतिस्थापन दिलाने में सक्षम होऊंगा। क्या आप चाहते हैं कि मैं आपकी ओर से ऐसा करूं?",3,1
"Thank you for all the information, please stay connected while I go ahead and check with the department."," सभी जानकारी के लिए धन्यवाद, जब तक मैं आगे बढ़ता हूं और विभाग के साथ जांच करता हूं, कृपया जुड़े रहें।",3,2
2005 Lexus ES 330 FWD., 2005 लेक्सस ES 330 FWD।,0,0
Jeffrey.B, जेफरी.बी,0,0
"Thank you for providing all the information and we'll now go ahead and deliver the entire documents at your mailing address on a file soon.
", सभी जानकारी प्रदान करने के लिए धन्यवाद और अब हम आगे बढ़ेंगे और जल्द ही एक फ़ाइल पर आपके डाक पते पर संपूर्ण दस्तावेज़ वितरित करेंगे।,3,2
OK SURE, यकीनन ठीक,2,2
VIJI, विजी,0,0
"Haha, I'm glad that even you like the car. Please take your time."," हाहा, मुझे खुशी है कि आपको भी कार पसंद आई। आराम से करे।",2,2
Thank you for waiting. I've a good news for you. Your request has been processed and you'll be receiving the proof of insurance within 2 days. Is there anything else I might help you with?, प्रतीक्षा के लिए धन्यवाद। मेरे पास आपके लिए एक अच्छी खबर है। आपका अनुरोध संसाधित कर दिया गया है और आपको 2 दिनों के भीतर बीमा का प्रमाण प्राप्त हो जाएगा। क्या कुछ और है जिसमें मैं आपकी मदद कर सकता हूं?,3,2
Hey there! How may I help you?, सुनो! क्या मेरे द्वारा आपकी कोई सहायता हो सकती है?,3,0
nothing else. i got every thing.. thanks, और कुछ नहीं। मुझे सब कुछ मिल गया .. धन्यवाद,3,2
Thank you Kannan. Could you please provide the policy number?,धन्यवाद कन्नन। क्या आप कृपया पॉलिसी नंबर प्रदान कर सकते हैं?,3,0
I NEED OF PROOF ON MY INSURANCE CAR, मुझे अपनी बीमा कार पर प्रमाण की आवश्यकता है,2,1
"kassiesa@outlook.com
", kassiesa@outlook.com,2,0
HAI, हाई,2,0
"I appreciate your patience! As I've checked with my resources, I see that the payment has already been initiated and you'll receive the check within 3 business days. I hope this will be helpful."," मैं आपके धैर्य की सराहना करता हूँ! जैसा कि मैंने अपने संसाधनों से जांच की है, मैंने देखा कि भुगतान पहले ही शुरू हो चुका है और आपको 3 कार्यदिवसों के भीतर चेक प्राप्त हो जाएगा। मुझे उम्मीद है कि ये मददगार होगा।",3,2
My policy number is GHJ585452156, मेरा पॉलिसी नंबर GHJ585452156 . है,1,0
NO THANK BYEE, नो थैंक्स बाय,3,1
"Sure, we are here to help you. May I know your full name please?"," ज़रूर, हम आपकी मदद करने के लिए यहाँ हैं। क्या मैं आपका पूरा नाम जान सकता हूँ?",3,0
Amazing! Could you please help me with the claim number also?, अद्भुत! क्या आप कृपया मुझे दावा संख्या के साथ भी मदद कर सकते हैं?,3,2
yo need to give me a new one, आपको मुझे एक नया देने की जरूरत है,1,0
"Thank you! May I also know the email associated with your phone.
", आपको धन्यवाद! क्या मैं आपके फोन से जुड़े ईमेल को भी जान सकता हूं।,3,0
hi, नमस्ते,2,0
Hope we are connected?, आशा है कि हम जुड़े हुए हैं?,2,0
Alright that's fine, ठीक है यह ठीक है,1,0
May I please know your full name?, क्या मैं आपका पूरा नाम जान सकता हूँ?,3,0
"Awesome!! Thanks for waiting! As I can check here, your payment has been initiated and you'll probably receive your check within 3 business days or may be soon then that. I hope their is no urgency? if it is, I'll request for a speed postal service."," बहुत बढ़िया!! प्रतीक्षा करने के लिए धन्यवाद! जैसा कि मैं यहां देख सकता हूं, आपका भुगतान शुरू कर दिया गया है और आपको संभवत: 3 कार्यदिवसों के भीतर अपना चेक प्राप्त हो जाएगा या हो सकता है कि वह जल्द ही हो। मुझे आशा है कि उनकी कोई तात्कालिकता नहीं है? अगर ऐसा है, तो मैं स्पीड पोस्टल सेवा के लिए अनुरोध करूंगा।",3,1
Okay. Sure. Please could you share your contact number?, ठीक। ज़रूर। क्या आप अपना संपर्क नंबर साझा कर सकते हैं?,3,0
My pleasure! Is there anything else I may assist you in ?, मेरा सौभाग्य! क्या कुछ और है जिसमें मैं आपकी सहायता कर सकता हूँ?,3,2
Thank you for reaching out to us! Have a great day!, हमसे संपर्क की पहल के लिए आपका धन्यवाद! आपका दिन अच्छा रहे!,3,2
Sure Casey!, ज़रूर केसी!,2,0
I appreciate your patience! I have made a request to mail the copy of insurance at your registered address. You'll receive it within 2-3 business days. I hope this will be helpful., मैं आपके धैर्य की सराहना करता हूँ! मैंने आपके पंजीकृत पते पर बीमा की प्रति डाक से भेजने का अनुरोध किया है। आप इसे 2-3 व्यावसायिक दिनों के भीतर प्राप्त कर लेंगे. मुझे उम्मीद है कि ये मददगार होगा।,3,2
OK SURE, यकीनन ठीक,2,2
"Since there is no response, I'll be forced to end this conversation. Have a great day ahead. Goodbye.","चूंकि कोई प्रतिक्रिया नहीं है, इसलिए मैं इस बातचीत को समाप्त करने के लिए बाध्य होऊंगा। आगे एक महान दिन हो। अलविदा।",2,1
my id is Marshal.r@yahoo.com, मेरी आईडी है Marshal.r@yahoo.com,2,0
June Temple, जून मंदिर,0,0
"Yes of course I can understand your urgency, I'll definitely help you with that. I'll require your personal and car details to process as per your request. May I know your first and last name please?"," हां, मैं आपकी तात्कालिकता को समझ सकता हूं, मैं निश्चित रूप से इसमें आपकी मदद करूंगा। आपके अनुरोध के अनुसार संसाधित करने के लिए मुझे आपके व्यक्तिगत और कार विवरण की आवश्यकता होगी। क्या मैं आपका पहला और अंतिम नाम जान सकता हूँ?",3,0
"I'll help you with that, may I know your name please?"," मैं इसमें आपकी मदद करूंगा, क्या मैं आपका नाम जान सकता हूं?",3,0
You’re welcome. Always a pleasure to assist customers like you. Have a great day!, आपका स्वागत है। आप जैसे ग्राहकों की सहायता करने में हमेशा खुशी होती है। आपका दिन अच्छा रहे!,3,2
3489,3489,0,0
asi 158, एएसआई 158,0,0
8623,8623,0,0
"Thank you for reaching out to us, hope that was helpful. Have a wonderful day!"," हमसे संपर्क करने के लिए धन्यवाद, आशा है कि यह मददगार था। शानदार दिन हो!",3,2
"I highly appreciate your patience, I'd like to inform you that the payment has been done and the check will reach you in the next 3 days. "," मैं आपके धैर्य की बहुत सराहना करता हूं, मैं आपको सूचित करना चाहता हूं कि भुगतान हो चुका है और चेक अगले 3 दिनों में आप तक पहुंच जाएगा।",3,2
Selvaselva11512GMAIL.COM, सेल्वासेल्वा11512GMAIL.COM,0,0
Thank you for your patience. I've initiated a request for a replacement. You'll be receiving it within the next three days. I request you to send the current broken device in the return envelope., आपके धैर्य के लिए धन्यवाद। मैंने एक प्रतिस्थापन के लिए एक अनुरोध शुरू किया है। आप इसे अगले तीन दिनों के भीतर प्राप्त कर लेंगे। मैं आपसे अनुरोध करता हूं कि वर्तमान टूटे हुए उपकरण को रिटर्न लिफाफे में भेजें।,3,1
ok no thanks, ठीक है नहीं धन्यवाद,3,1
POLICY NUMBER - PFT560329176, पॉलिसी नंबर - PFT560329176,0,0
hi, नमस्ते,2,0
Awesome! May I confirm the shared information to be correct?,बहुत बढ़िया! क्या मैं साझा की गई जानकारी के सही होने की पुष्टि कर सकता हूं?,3,2
That's great! May I please know the year of manufacture?, एक दम बढ़िया! क्या मैं कृपया निर्माण का वर्ष जान सकता हूँ?,3,2
"Thank you for reaching out to us, hope that was helpful. Have a nice day!"," हमसे संपर्क करने के लिए धन्यवाद, आशा है कि यह मददगार था। आपका दिन शुभ हो!",3,2
"fine, my address is 13/g/90, Juhu, Mumbai."," ठीक है, मेरा पता 13/जी/90, जुहू, मुंबई है।",2,0
Is there anything else I may help you in?, क्या कुछ और है जिसमें मैं आपकी मदद कर सकता हूं?,2,0
thanking you, आपको धन्यवाद,2,2
"I appreciate your patience in staying connected. Here's a Good news to inform you that , I've checked with my team and prepared  the required documents, and that file will be soon mailed to your address. ","मैं जुड़े रहने में आपके धैर्य की सराहना करता हूं। आपको यह सूचित करने के लिए एक अच्छी खबर है कि, मैंने अपनी टीम के साथ जांच की है और आवश्यक दस्तावेज तैयार किए हैं, और वह फाइल जल्द ही आपके पते पर भेज दी जाएगी।",3,2
ok, ठीक है,2,0
need your help to get my insurance proof of my car, मेरी कार का बीमा प्रमाण प्राप्त करने के लिए आपकी सहायता की आवश्यकता है,1,0
HI, नमस्ते,2,0
NAME - UJWAL PRASAD, नाम - उज्जवल प्रसाद,0,0
Amazing! Thanks a ton for giving me all that details. Allow me a minute while I go ahead and check that for you., अद्भुत! मुझे वह सब विवरण देने के लिए एक टन धन्यवाद। मुझे आगे बढ़ने के लिए एक मिनट का समय दें और इसे आपके लिए जांचें।,3,2
ok, ठीक है,2,0
Thank you for staying on hold. I've a good news. Your request has been processed and it will take a couple of days for the proof of insurance to reach you., रुके रहने के लिए धन्यवाद। मेरे पास एक अच्छी खबर है। आपके अनुरोध को संसाधित कर दिया गया है और बीमा के प्रमाण को आप तक पहुंचने में कुछ दिन लगेंगे।,3,1
hai, हाय,2,0
6587478596,6587478596,0,0
Sure! We are here to assist you in the best possible way. May I know your full name please?, ज़रूर! हम यहां आपकी सर्वोत्तम संभव तरीके से सहायता करने के लिए हैं। क्या मैं आपका पूरा नाम जान सकता हूँ?,3,2
selva, सेल्वा,0,0
OK THANK YOU, ठीक है धन्यवाद,3,2
My name is Jacline Stephen, मेरा नाम जैकलीन स्टीफन है,2,0
Cool! Could you share the car details please? I will need the make and model of the car?, ठंडा! क्या आप कृपया कार का विवरण साझा कर सकते हैं? मुझे कार के मेक और मॉडल की आवश्यकता होगी?,3,0
Sure. My name is Jenelia Stephenson, ज़रूर। मेरा नाम जेनेलिया स्टीफेंसन है,2,0
"That's perfect! Thank you for providing all the details, James. Please give me a minute to proceed further."," यह बिल्कुल सही है! सभी विवरण प्रदान करने के लिए धन्यवाद, जेम्स। कृपया मुझे आगे बढ़ने के लिए एक मिनट दें।",3,2
HYDER JIM, हैदर जिम,0,0
5641,5641,0,0
"That's perfect! Thank you for the details, please give me a minute to proceed further."," यह बिल्कुल सही है! विवरण के लिए धन्यवाद, कृपया मुझे आगे बढ़ने के लिए एक मिनट दें।",3,2
Perfect! Kindly give me a minute., उत्तम! कृपया मुझे एक मिनट दें।,3,2
Good Evening!, नमस्ते!,3,2
Hello! Good morning! How may I assist you today?, नमस्ते! सुबह बख़ैर! आज मैं आपकी मदद किस तरह कर सकता हूँ?,3,0
"Thank you for staying connected. I've initiated the replacement and the replacement will only take place if you send the broken device through envelope and the replacement process happens within 36 hours after receiving the broken or damaged device.
",जुड़े रहने के लिए धन्यवाद। मैंने प्रतिस्थापन शुरू कर दिया है और प्रतिस्थापन केवल तभी होगा जब आप टूटे हुए उपकरण को लिफाफे के माध्यम से भेजते हैं और प्रतिस्थापन प्रक्रिया टूटी हुई या क्षतिग्रस्त डिवाइस प्राप्त करने के 36 घंटे के भीतर होती है।,3,0
BMW Series 5 2018 model, बीएमडब्ल्यू सीरीज 5 2018 मॉडल,0,0
Have a great day, आपका दिन अच्छा रहे,2,2
san 589642136, सैन 589642136,0,0
"Yes, sure! I'll definitely help you out in getting your insurance copy, May I know your name please?"," हाँ यकीनन! मैं आपकी बीमा प्रति प्राप्त करने में निश्चित रूप से आपकी सहायता करूंगा, क्या मैं आपका नाम जान सकता हूं?",3,2
sambath kumar, संबथ कुमारी,0,0
"Thank you Yourav, could you please let me know the policy number and the claim number? "," धन्यवाद योरव, क्या आप कृपया मुझे पॉलिसी नंबर और दावा संख्या बता सकते हैं?",3,0
sure!, ज़रूर!,2,0
"John, for me to identify your file Ill be needing more details. Hence, could you please help me out with the policy and the claim number? "," जॉन, मुझे आपकी फ़ाइल की पहचान करने के लिए और अधिक विवरण की आवश्यकता होगी। इसलिए, क्या आप कृपया पॉलिसी और दावा संख्या के बारे में मेरी मदद कर सकते हैं?",3,0
i need a status of my claim, मुझे अपने दावे की स्थिति चाहिए,3,0
"Perfect! Thank you for the details, kindly give me a minute."," उत्तम! विवरण के लिए धन्यवाद, कृपया मुझे एक मिनट दें।",3,2
NITHYA SRI, नित्या श्री,0,0
"claim my insursance status
", मेरी बीमा स्थिति का दावा करें,0,0
thanks spencer, धन्यवाद स्पेंसर,3,2
Nice! Could you also please help me out with the year the car was made?, अच्छा! क्या आप कृपया मेरी मदद कर सकते हैं कि कार किस वर्ष बनी थी?,3,2
"I highly appreciate your patience, I'd like to inform you that we've mailed the copy of documents to your address which will be delivered to you at the earliest. ","मैं आपके धैर्य की बहुत सराहना करता हूं, मैं आपको सूचित करना चाहता हूं कि हमने दस्तावेजों की प्रति आपके पते पर भेज दी है जो आपको जल्द से जल्द पहुंचा दी जाएगी।",3,2
Thanks for staying connected. I've processed your request. You'll be receiving a mail to your registered address in the next 48 hours. Is there anything else that I might help you with?, जुड़े रहने के लिए धन्यवाद। मैंने आपका अनुरोध संसाधित कर दिया है। आपको अगले 48 घंटों में आपके पंजीकृत पते पर एक मेल प्राप्त होगा। क्या कुछ और है जिसमें मैं आपकी मदद कर सकता हूं?,3,2
SURE.. WILL, अवश्य होगा,2,0
You're welcome! Would there be anything else I may assist you with?, आपका स्वागत है! क्या कुछ और होगा जिसमें मैं आपकी सहायता कर सकूं?,3,2
You're most welcome. Same here. Would there be anything else I may help you with?, आपका स्वागत है। यहाँ भी ऐसा ही। क्या कुछ और होगा जिसमें मैं आपकी मदद कर सकूं?,3,2
Ford Freestyle, फोर्ड फ्रीस्टाइल,0,0
hi, नमस्ते,2,0
Thank you John! May I please know the last 4 digit of the SSN?, धन्यवाद जॉन! क्या मैं कृपया SSN के अंतिम 4 अंक जान सकता हूँ?,3,0
6578,6578,0,0
I've a good news for you. Your request has been processed and you'll be receiving the proof of insurance within 2 days. Is there anything else I might help you with?, मेरे पास आपके लिए एक अच्छी खबर है। आपका अनुरोध संसाधित कर दिया गया है और आपको 2 दिनों के भीतर बीमा का प्रमाण प्राप्त हो जाएगा। क्या कुछ और है जिसमें मैं आपकी मदद कर सकता हूं?,3,2
Amazing! Please stay on hold while I check with the details and process your request.," अद्भुत! जब तक मैं विवरण के साथ जांच करता हूं और आपके अनुरोध को संसाधित करता हूं, कृपया होल्ड पर रहें।",3,2
THOMAS ETHER, थॉमस ईथर,0,0
Great! I'd be glad to help you with that. May I know your name please?, महान! मुझे इसमें आपकी मदद करने में खुशी होगी। क्या मैं आपका नाम जान सकता हूँ?,3,2
BHY258639582 and DER569, बीएचवाई258639582 और डीईआर569,0,0
OK HAVE A GREAT DAY, ठीक है आपका दिन अच्छा हो,2,2
Hello! How may I help you?, नमस्ते! क्या मेरे द्वारा आपकी कोई सहायता हो सकती है?,3,0
2011,2011,0,0
"I'm sorry I wouldn't be able to help you out without your SSN. However, you can visit your nearest branch for the information regarding your SSN. "," मुझे खेद है कि मैं आपके एसएसएन के बिना आपकी मदद नहीं कर पाऊंगा। हालांकि, आप अपने एसएसएन से संबंधित जानकारी के लिए अपनी नजदीकी शाखा में जा सकते हैं।",3,1
Is there anything else I could assist you with?, क्या कुछ और है जिसमें मैं आपकी सहायता कर सकता हूं?,2,0
SSN:6711, एसएसएन:6711,0,0
model of car audi, कार ऑडी का मॉडल,0,0
Okay! May I know your name?, ठीक! मैं आपका नाम जान सकता हुँ?,2,0
"Hey, Good morning! How may I assist you today?", अरे गुड मॉर्निंग! आज मैं आपकी मदद किस तरह कर सकता हूँ?,3,0
Great! Could you also share the claim number?,महान! क्या आप दावा संख्या भी साझा कर सकते हैं?,3,2
You're always welcome. I hope this was helpful. Would there be anything else apart from this I may assist you with?, आपका हमेशा स्वागत है। मुझे आशा है कि यह मददगार था। क्या इसके अलावा और कुछ होगा जिसमें मैं आपकी सहायता कर सकूं?,3,0
"Soren Chang
", सोरेन चांग,0,0
VOLVO, वोल्वो,0,0
Always a pleasure! Is there anything else I could help you out with?, हमेशा एक खुशी की बात है! क्या कुछ और है जिसमें मैं आपकी मदद कर सकता हूं?,2,2
Always a pleasure. May I know if there's any other concern?, हमेशा एक खुशी की बात है। क्या मुझे पता चल सकता है कि क्या कोई अन्य चिंता है?,2,2
my policy no is AAA999999999, मेरी पॉलिसी संख्या AAA999999999 है,1,0
Hello! Good morning. How may I help you today?, नमस्ते! सुबह बख़ैर। आज मैं आपकी कैसे मदद कर सकता हूँ?,3,0
my car accident a few weeks ago bumper was damaged and you filed an insurance claim., कुछ हफ्ते पहले मेरी कार दुर्घटना में बंपर क्षतिग्रस्त हो गया था और आपने बीमा दावा दायर किया था।,1,0
"That's perfect! Thank you for the details, please give me a minute to proceed further."," यह बिल्कुल सही है! विवरण के लिए धन्यवाद, कृपया मुझे आगे बढ़ने के लिए एक मिनट दें।",3,2
I apologize I will not be able to help you in this but you can visit our website www.insurance.com and get the necessary details. Or you can visit the nearest branch., मुझे खेद है कि मैं इसमें आपकी मदद नहीं कर पाऊंगा लेकिन आप हमारी वेबसाइट www.insurance.com पर जा सकते हैं और आवश्यक विवरण प्राप्त कर सकते हैं। या आप नजदीकी शाखा में जा सकते हैं।,3,1
OK, ठीक है,2,0
Perfect! Thank you so much for the information. please allow me a moment while I check this for you.,उत्तम! जानकारी के लिए बहुत - बहुत धन्यवाद। कृपया मुझे एक क्षण दें जब तक मैं आपके लिए यह जांचता हूं।,3,2
ok, ठीक है,2,0
Thats all. thanks for the help, बस इतना ही। मदद के लिए धन्यवाद,3,2
OK THANK YOU, ठीक है धन्यवाद,3,2
"Awesome! Thanks for waiting so patiently, As I can see here, Your payment($5000) for the claim number VIO896 is initiated and you'll surely receive it within 3 days. However, In case you don't receive your payment within the given time please contact us immediately and we will help you out. I hope that would be okay?"," बहुत बढ़िया! इतने धैर्य से प्रतीक्षा करने के लिए धन्यवाद, जैसा कि मैं यहां देख सकता हूं, दावा संख्या VIO896 के लिए आपका भुगतान($5000) शुरू हो गया है और आप निश्चित रूप से इसे 3 दिनों के भीतर प्राप्त कर लेंगे। हालांकि, यदि आपको दिए गए समय के भीतर अपना भुगतान प्राप्त नहीं होता है, तो कृपया हमसे तुरंत संपर्क करें और हम आपकी सहायता करेंगे। मुझे आशा है कि यह ठीक होगा?",3,2
2015,2015,0,0
Thanks for staying connected. The payment has already been initiated. You'll be receiving the check within the next three days. Would you need anything else?, जुड़े रहने के लिए धन्यवाद। भुगतान शुरू किया जा चुका है। आपको अगले तीन दिनों के भीतर चेक मिल जाएगा। क्या आपको कुछ और चाहिए होगा?,3,2
You're always welcome! Thank you for contacting us! Have a great day ahead!, आपका हमेशा स्वागत है! हमसे संपर्क करने के लिए धन्यवाद! आगे एक महान दिन हो!,3,2
Hello there! How may I help you today?, नमस्ते! आज मैं आपकी कैसे मदद कर सकता हूँ?,3,0
"Sure, please could you also share the email address?","ज़रूर, क्या आप ईमेल पता भी साझा कर सकते हैं?",3,0
You're welcome! Would there be anything else I may assist you with?, आपका स्वागत है! क्या कुछ और होगा जिसमें मैं आपकी सहायता कर सकूं?,3,2
hai, हाय,2,0
"Nice to meet you, Rahul! Please could you share the policy number?"," आपसे मिलकर अच्छा लगा, राहुल! क्या आप पॉलिसी नंबर साझा कर सकते हैं?",3,2
I appreciate your patience! I have made a request to mail the copy of insurance at your registered address. You'll receive it within 2-3 business days. I hope this will be helpful., मैं आपके धैर्य की सराहना करता हूँ! मैंने आपके पंजीकृत पते पर बीमा की प्रति डाक से भेजने का अनुरोध किया है। आप इसे 2-3 व्यावसायिक दिनों के भीतर प्राप्त कर लेंगे. मुझे उम्मीद है कि ये मददगार होगा।,3,2
Sure. I'll help you with that. May I know your name and the last 4 digits of the SSN please?, ज़रूर। मैं इसमें आपकी मदद करूंगा। क्या मैं आपका नाम और SSN के अंतिम 4 अंक जान सकता हूँ?,3,0
Ok Great Support, ओके ग्रेट सपोर्ट,2,2
thats it.., यह बात है..,1,0
Oh! Sorry to hear that! You mean your phone broke totally or there was just a crack on it?, ओह! ऐसा सुनने के लिए क्षमा करें! आपका मतलब है कि आपका फोन पूरी तरह से टूट गया है या बस एक दरार है?,2,1
"Thank you Vaughn, could you please let me know the make and model of the car? "," धन्यवाद वॉन, क्या आप कृपया मुझे कार के मेक और मॉडल के बारे में बता सकते हैं?",3,0
We look forward to talk to customers like you and help you through your query. Please don't hesitate to get back to us for any help anytime. Have a nice day!, हम आपके जैसे ग्राहकों से बात करने और आपकी क्वेरी के माध्यम से आपकी सहायता करने के लिए उत्सुक हैं। कृपया किसी भी समय किसी भी मदद के लिए हमसे संपर्क करने में संकोच न करें। आपका दिन शुभ हो!,3,2
Nissan versa 2017, निसान वर्सा 2017,0,0
Hi, नमस्ते,2,0
We look forward to serve customers like you. Hope you have a nice day!, हम आप जैसे ग्राहकों की सेवा के लिए तत्पर हैं। उम्मीद है कि आपका दिन अच्छा गुजरेगा!,3,2
thats it.., यह बात है..,1,0
chetanroy52@gmail.com, chetanroy52@gmail.com,0,0
No! That will work for today., नहीं! वह आज के लिए काम करेगा।,2,0
"May I know, what exactly happened to your phone?"," क्या मैं जान सकता हूँ, वास्तव में आपके फ़ोन का क्या हुआ?",2,0
Alright! Could you please share the make and the model of the car?,ठीक है! क्या आप कृपया कार का मेक और मॉडल साझा कर सकते हैं?,3,0
Hello! How may I assist you today?, नमस्ते! आज मैं आपकी मदद किस तरह कर सकता हूँ?,3,0
Ok Sure Same, ठीक है वही,2,0
"Thank you for sharing the information, please allow me a moment while I check with the department. "," जानकारी साझा करने के लिए धन्यवाद, कृपया मुझे विभाग के साथ जांच करने के लिए कुछ समय दें।",3,0
Superb! Could you please allow me a minute to process your request?, शानदार! क्या आप कृपया मुझे आपके अनुरोध को संसाधित करने के लिए एक मिनट का समय दे सकते हैं?,3,2
Would you like to claim your insurance?, क्या आप अपने बीमा का दावा करना चाहेंगे?,3,0
ok done, ठीक है हो गया,2,0
"MAKE - MINI , MODEL - MINI COUNTRYMAN AND YEAR - 2016","मेक - मिनी, मॉडल - मिनी कंट्रीमैन एंड ईयर - 2016",0,0
senthilraj124@mail.com, सेंथिलराज124@mail.com,2,0
"Absolutely! I'll be happy to help you in this, may I please know your name?"," बिल्कुल! इसमें आपकी मदद करने में मुझे खुशी होगी, क्या मैं आपका नाम जान सकता हूं?",3,2
Thank you for staying connected. I've initiated a request for a replacement. You'll be receiving it within three days. I request you to send the current broken device in an envelope., जुड़े रहने के लिए धन्यवाद। मैंने एक प्रतिस्थापन के लिए एक अनुरोध शुरू किया है। आपको यह तीन दिनों के भीतर प्राप्त हो जाएगा। मैं आपसे अनुरोध करता हूं कि वर्तमान टूटे हुए उपकरण को एक लिफाफे में भेज दें।,3,0
Johnson Deo, जॉनसन डीओ,1,0
"May I also know the year car was manufactured?
", क्या मैं यह भी जान सकता हूँ कि कार का निर्माण किस वर्ष हुआ था?,2,0
i need a status of my claim, मुझे अपने दावे की स्थिति चाहिए,3,0
I need to know the status of my claim, मुझे अपने दावे की स्थिति जानने की जरूरत है,3,0
"\Is there anything else I may help you with today?

", \क्या कुछ और है जो मैं आज आपकी मदद कर सकता हूँ?,2,0
Could you also help m eout with the year the car was made?, क्या आप कार के निर्माण के वर्ष में भी मेरी मदद कर सकते हैं?,3,0
Yes! Sure! I'll certainly help you in checking your claim status. Before that I would require your details. May I know your full name please?, हाँ! ज़रूर! मैं आपके दावे की स्थिति की जांच करने में निश्चित रूप से आपकी सहायता करूंगा। इससे पहले मुझे आपके विवरण की आवश्यकता होगी। क्या मैं आपका पूरा नाम जान सकता हूँ?,3,0
ok, ठीक है,2,0
OK HAVE A NICE DAY, ठीक है आपका दिन अछा हो,2,2
Hai., हाय।,2,0
Hello! How may I assist you today?, नमस्ते! आज मैं आपकी मदद किस तरह कर सकता हूँ?,3,0
"I'll help you with that, may I know your name and the last 4 digits of SSN?"," मैं इसमें आपकी मदद करूंगा, क्या मैं आपका नाम और एसएसएन के अंतिम 4 अंक जान सकता हूं?",3,0
Hello! I'll help you out with that! Could you please help me out with your name and the last 4 digits of your SSN?, नमस्ते! मैं इसमें आपकी मदद करूंगा! क्या आप कृपया अपने नाम और अपने एसएसएन के अंतिम 4 अंकों के साथ मेरी मदद कर सकते हैं?,3,0
OF COURSE I WILL LET YOU ALL THE DETAILS OF MY CLAIM.., बेशक मैं आपको अपने दावे के सभी विवरण दूंगा..,1,0
Are we connected, क्या हम जुड़े हुए हैं,0,0
NOTHING ELSE, और कुछ नहीं,2,0
Could you please help me with your contact number and email address?, क्या आप कृपया अपने संपर्क नंबर और ईमेल पते के साथ मेरी मदद कर सकते हैं?,3,0
"And, also I'd like to know the manufacturing year of the car. Could you help me with that as well?","और, मैं यह भी जानना चाहता हूं कि कार का निर्माण वर्ष क्या है। क्या आप इसमें भी मेरी मदद कर सकते हैं?",3,0
You're welcome! I'll be happy if I could be of any more help for you today., आपका स्वागत है! मुझे खुशी होगी अगर मैं आज आपकी और मदद कर सकूं।,3,2
Hello!, नमस्ते!,3,0
"ok, sure.", यकीनन ठीक।,2,0
"Not a problem, I'll update that and proceed further. "," कोई समस्या नहीं है, मैं इसे अपडेट कर दूंगा और आगे बढ़ूंगा।",1,0
yes, हां,2,0
"Hello there, Good evening!  How may I help you today?"," नमस्ते वहाँ, शुभ संध्या! आज मैं आपकी कैसे मदद कर सकता हूँ?",3,0
hi, नमस्ते,2,0
ok, ठीक है,2,0
Awesome! Could you please help me with the make and model of the car?, बहुत बढ़िया! क्या आप कृपया कार के मेक और मॉडल के बारे में मेरी मदद कर सकते हैं?,3,2
"To proceed further with the your query, I'll require few details of the car like to the  make and the model of the car. Could you please share them?"," आपकी क्वेरी के साथ आगे बढ़ने के लिए, मुझे कार के मेक और मॉडल जैसे कार के कुछ विवरणों की आवश्यकता होगी। क्या आप कृपया उन्हें साझा कर सकते हैं?",3,0
"Thank you Ram, to proceed further I'd require the make and model of the car. Could you please provide me the details?"," धन्यवाद राम, आगे बढ़ने के लिए मुझे कार के मेक और मॉडल की आवश्यकता होगी। क्या आप कृपया मुझे विवरण प्रदान कर सकते हैं?",3,2
"Alright! I've contacted the concerned team, they'll mail you the copy of your car insurance proof on the registered address. you'll receive the it within 2 business days. however, if you fail to receive it, reach out to us immediately we are available here 24*7. "," ठीक है! मैंने संबंधित टीम से संपर्क किया है, वे आपको पंजीकृत पते पर आपके कार बीमा प्रमाण की प्रति मेल करेंगे। आप इसे 2 व्यावसायिक दिनों के भीतर प्राप्त कर लेंगे। हालांकि, अगर आप इसे प्राप्त करने में विफल रहते हैं, तो तुरंत हमसे संपर्क करें हम यहां 24*7 उपलब्ध हैं।",2,2
"Good to hear from you, Hannah! Please could you share the last four digits of your SSN?"," आपसे सुनकर अच्छा लगा, हन्ना! क्या आप अपने SSN के अंतिम चार अंक साझा कर सकते हैं?",3,2
OK THANK YOU, ठीक है धन्यवाद,3,2
987 854 4545, 987 854 4545,0,0
"Alright, could you please help me with your policy number?"," ठीक है, क्या आप कृपया अपने पॉलिसी नंबर के बारे में मेरी मदद कर सकते हैं?",3,0
Lovely! Could you please share your contact number and email address?,प्यारा! क्या आप कृपया अपना संपर्क नंबर और ईमेल पता साझा कर सकते हैं?,3,2
ramu, रामू,0,0
"No worries, could you also help me out with your email address?"," कोई चिंता नहीं, क्या आप अपने ईमेल पते में भी मेरी मदद कर सकते हैं?",2,0
Awesome! Could you please provide the policy number?, बहुत बढ़िया! क्या आप कृपया पॉलिसी नंबर प्रदान कर सकते हैं?,3,2
" I NEED MY CLAIM STATUS
", मुझे अपने दावे की स्थिति चाहिए,1,0
Hello there! Good morning! I hope you're having a great day. How may I help you today?, नमस्ते! सुबह बख़ैर! मुझे आशा है कि आपका दिन अच्छा बीतेगा। आज मैं आपकी कैसे मदद कर सकता हूँ?,3,2
YES SURE, हाँ यकीनन,2,2
8574,8574,0,0
Sure thing! I'll get that for you. Could you please help me with your first and last name?, अवश्य! मैं इसे तुम्हारे लिए लाऊंगा। क्या आप कृपया अपने पहले और अंतिम नाम के साथ मेरी मदद कर सकते हैं?,3,0
So sad that happened to you. I'll try my level best and help you out with this. I'll require your few details. May I know your first and last name please?, बहुत दुख की बात है कि आपके साथ ऐसा हुआ। मैं अपने स्तर पर पूरी कोशिश करूंगा और इसमें आपकी मदद करूंगा। मुझे आपके कुछ विवरणों की आवश्यकता होगी। क्या मैं आपका पहला और अंतिम नाम जान सकता हूँ?,3,1
Murali to check with your documents I'll be needing more details. Could you please help me out with the make and the model of your car?, मुरली आपके दस्तावेजों की जांच करने के लिए मुझे और विवरण की आवश्यकता होगी। क्या आप कृपया अपनी कार के मेक और मॉडल के बारे में मेरी मदद कर सकते हैं?,3,0
453626,453626,0,0
ok cameron, ठीक है कैमरून,2,0
hello charlie, हैलो चार्ली,3,0
I'm glad that I could resolve this for you. Thanks for reaching out to us. I hope you have a great day ahead! We are always here to help you out in any regards., मुझे खुशी है कि मैं इसे आपके लिए हल कर सका। हमसे संपर्क करने के लिए धन्यवाद। मुझे आशा है कि आपके आगे एक अच्छा दिन होगा! हम हमेशा किसी भी मामले में आपकी मदद करने के लिए यहां हैं।,3,2
"Perfect! Thank you for sharing the information, Could you please allow me  a minute or two, while I get this done for you?"," उत्तम! जानकारी साझा करने के लिए धन्यवाद, क्या आप कृपया मुझे एक या दो मिनट का समय दे सकते हैं, जबकि मैं आपके लिए यह कर रहा हूं?",3,2
4532,4532,0,0
"Thank you for reaching out to us, hope that was useful. Good day Jonathan!","हमसे संपर्क करने के लिए धन्यवाद, आशा है कि यह उपयोगी था। शुभ दिन जोनाथन!",3,2
Perfect! Please feel free to reach out to us for further queries. Have a nice day. Bye., उत्तम! कृपया आगे के प्रश्नों के लिए हमसे बेझिझक संपर्क करें। आपका दिन शुभ हो। अलविदा।,3,2
Good Evening!, नमस्ते!,3,2
SSN NO :8569, एसएसएन नं: 8569,1,0
" Thank you, may I know the make and the model of the car?"," धन्यवाद, क्या मैं कार का मेक और मॉडल जान सकता हूं?",3,0
LKI564896547 and KJH258, एलकेआई564896547 और केजेएच258,0,0
TGY859, टीजीवाई859,0,0
Alright! Could you please help me with your name?, ठीक है! क्या आप कृपया अपने नाम के साथ मेरी मदद कर सकते हैं?,3,0
Perfect! Please allow me a moment while I go and check with the documents., उत्तम! कृपया मुझे एक क्षण की अनुमति दें जब मैं जाऊं और दस्तावेजों के साथ जांच करूं।,3,2
sure, ज़रूर,2,0
You're always welcome! Have a great day ahead! Bye!, आपका हमेशा स्वागत है! आगे एक महान दिन हो! अलविदा!,3,2
Thanks for staying connected. The payment has already been initiated. You'll be receiving the check within the next three days. Would you need anything else?, जुड़े रहने के लिए धन्यवाद। भुगतान शुरू किया जा चुका है। आपको अगले तीन दिनों के भीतर चेक मिल जाएगा। क्या आपको कुछ और चाहिए होगा?,3,2
Claim number SFC 741., दावा संख्या एसएफसी 741।,0,0
"Great! I've requested the team to mail you, your car insurance proof copy to your registered address. I'd also like to inform you that you'll receive your documents within 2 business days. However, if you fail to receive it get back to us immediately. I hope that was helpful?"," महान! मैंने टीम से अनुरोध किया है कि वह आपको, आपकी कार बीमा प्रमाण प्रति आपके पंजीकृत पते पर मेल करे। मैं आपको यह भी सूचित करना चाहता हूं कि आपको अपने दस्तावेज़ 2 व्यावसायिक दिनों के भीतर प्राप्त हो जाएंगे। हालांकि, अगर आप इसे प्राप्त करने में विफल रहते हैं तो तुरंत हमारे पास वापस आएं। मुझे आशा है कि यह मददगार था?",3,2
CLAIM NUMBER - BXR493, दावा संख्या - BXR493,0,0
Great! Please stay connected for a minute., महान! कृपया एक मिनट के लिए जुड़े रहें।,3,2
That's great! Please stay connected., एक दम बढ़िया! कृपया जुड़े रहें।,2,2
You're welcome! I hope that was useful and would there be anything else I may help you with?,आपका स्वागत है! मुझे आशा है कि यह उपयोगी था और क्या कुछ और होगा जिसमें मैं आपकी मदद कर सकता हूं?,3,2
OH OKAY, ओह ठीक है,2,2
hi, नमस्ते,2,0
"Awesome!! Thanks for waiting! As I can check here, your payment has been initiated and you'll probably receive your check within 3 business days or may be soon then that. I hope their is no urgency? if it is, I'll request for a speed postal service."," बहुत बढ़िया!! प्रतीक्षा करने के लिए धन्यवाद! जैसा कि मैं यहां देख सकता हूं, आपका भुगतान शुरू कर दिया गया है और आपको संभवत: 3 कार्यदिवसों के भीतर अपना चेक प्राप्त हो जाएगा या हो सकता है कि वह जल्द ही हो। मुझे आशा है कि उनकी कोई तात्कालिकता नहीं है? अगर ऐसा है, तो मैं स्पीड पोस्टल सेवा के लिए अनुरोध करूंगा।",3,1
smart141@gmail.com, स्मार्ट141@gmail.com,0,0
within how many days can i get my  new ssn no, मुझे अपना नया एसएसएन नंबर कितने दिनों में मिल सकता है?,1,0
"Thank you! But I'd request you please do not share the entire information at once, try to be conversational."," आपको धन्यवाद! लेकिन मैं आपसे अनुरोध करता हूं कि कृपया पूरी जानकारी एक साथ साझा न करें, बातचीत करने का प्रयास करें।",3,2
Hello! A very good evening to you. How may I help you today?, नमस्ते! आपके लिए एक बहुत ही शुभ संध्या। आज मैं आपकी कैसे मदद कर सकता हूँ?,3,2
MHI582, एमएचआई582,2,0
Okay, ठीक,2,0
"Alright! I've contacted the concerned team, they'll mail you the copy of your car insurance proof on the registered address. you'll receive the it within 2 business days. however, if you fail to receive it, reach out to us immediately we are available here 24*7."," ठीक है! मैंने संबंधित टीम से संपर्क किया है, वे आपको पंजीकृत पते पर आपके कार बीमा प्रमाण की प्रति मेल करेंगे। आप इसे 2 व्यावसायिक दिनों के भीतर प्राप्त कर लेंगे। हालांकि, अगर आप इसे प्राप्त करने में विफल रहते हैं, तो तुरंत हमसे संपर्क करें हम यहां 24*7 उपलब्ध हैं।",2,2
Fantastic! Thank you so much for connecting to us today. It was really nice talking to you. I hope you have an amazing day ahead! I'm so glad that I could help you out. Bubye!, ज़बरदस्त! आज हमसे जुड़ने के लिए आपका बहुत-बहुत धन्यवाद। आपसे बात करके बहुत अच्छा लगा। मुझे आशा है कि आपके पास आगे एक अद्भुत दिन होगा! मुझे बहुत खुशी है कि मैं आपकी मदद कर सका। बूबी!,3,2
Sure thing! I'll be glad to help you with that. May I know your first and last name and also the last 4 digits of our SSN number?, अवश्य! मुझे इसमें आपकी मदद करने में खुशी होगी। क्या मैं आपका पहला और अंतिम नाम जान सकता हूँ और साथ ही हमारे SSN नंबर के अंतिम 4 अंक भी जान सकता हूँ?,3,0
Thanks Ricki! Could you please let me know the policy no.?,धन्यवाद रिकी! क्या आप कृपया मुझे पॉलिसी नंबर के बारे में बता सकते हैं?,3,0
"Thank you for being patient, I'd like to inform you that the documents will be mailed to the address on the file at the earliest. "," धैर्य रखने के लिए धन्यवाद, मैं आपको सूचित करना चाहता हूं कि दस्तावेजों को जल्द से जल्द फाइल के पते पर भेज दिया जाएगा।",3,2
VETTAIKARAN, वेट्टईकरण,0,0
Fantastic!  Please hold a moment till I verify your details., ज़बरदस्त! कृपया कुछ देर रुकें जब तक कि मैं आपके विवरण की पुष्टि न कर दूं।,2,2
My name  blessy mathew, मेरा नाम ब्लेसी मैथ्यू,1,0
Could you please help me with the last four digits of your SSN?, क्या आप कृपया अपने एसएसएन के अंतिम चार अंकों में मेरी मदद कर सकते हैं?,3,0
"Sure! I'll be glad to help you in this, may I please know your first and last name?
"," ज़रूर! इसमें आपकी मदद करने में मुझे खुशी होगी, क्या मैं आपका पहला और अंतिम नाम जान सकता हूं?",3,0
sure it was 2012, यकीन है कि यह 2012 था,2,0
I WILL WAIT SAM. NO ISSUES, मैं सैम का इंतजार करूंगा। कोई विवाद नही,1,0
Have a great day!, आपका दिन अच्छा रहे!,2,2
i need insurance in my car, मुझे अपनी कार में बीमा चाहिए,2,0
Superb! That's a great car. Would you mind sharing the year in which the car was manufactured?, शानदार! यह एक बढ़िया कार है। क्या आप उस वर्ष को साझा करना चाहेंगे जिसमें कार का निर्माण किया गया था?,3,2
"Perfect! Thank you for all the details, please give me a minute to proceed further. "," उत्तम! सभी विवरणों के लिए धन्यवाद, कृपया मुझे आगे बढ़ने के लिए एक मिनट दें।",3,2
My SSN number is 5488, मेरा एसएसएन नंबर 5488 है,1,0
My name is Jack Smith and SSN-6014, मेरा नाम जैक स्मिथ और SSN-6014 है,2,0
"Thank you Christine, may I know the make and model of the car?"," धन्यवाद क्रिस्टीन, क्या मैं कार का मेक और मॉडल जान सकता हूं?",3,0
hi, नमस्ते,2,0
"Thank you for using our live chat service. I'm now closing this chat. If you have any other concerns in the future, please don’t hesitate to let us know. Have a great day!
"," हमारी लाइव चैट सेवा का उपयोग करने के लिए धन्यवाद। मैं अब इस चैट को बंद कर रहा हूं। यदि भविष्य में आपकी कोई अन्य चिंता है, तो कृपया हमें बताने में संकोच न करें। आपका दिन अच्छा रहे!",3,2
kumar 4586, कुमार 4586,0,0
I'm richardson, मैं रिचर्डसन हूँ,1,0
i need proof of insurance, मुझे बीमा का प्रमाण चाहिए,1,0
yes, हां,2,0
"Good to hear from you, James! Please could you share the policy number?"," आपसे सुनकर अच्छा लगा, जेम्स! क्या आप पॉलिसी नंबर साझा कर सकते हैं?",3,2
You're welcome! Is there anything more that I may help you with?,आपका स्वागत है! क्या कुछ और है जिसमें मैं आपकी मदद कर सकता हूं?,2,2
Pleasure is mine. I hope that all your queries are cleared?, मेरा सौभाग्य है। मुझे आशा है कि आपके सभी प्रश्नों का समाधान हो गया होगा?,3,2
policy number hgy 978844556, पॉलिसी नंबर hgy 978844556,0,0
are you there, आप वहाँ हैं,1,0
bye, अलविदा,2,0
"Awesome! Thank you for reaching out to us, please feel free to reach out for further concerns."," बहुत बढ़िया! हमसे संपर्क करने के लिए धन्यवाद, कृपया आगे की चिंताओं के लिए बेझिझक संपर्क करें।",3,2
Are we connected?, क्या हम जुड़े हुए हैं?,0,0
hi sir, नमस्कार श्री मान जी,3,0
NO THANKS," जी नहीं, धन्यवाद",3,1
"Thank you, may I know your name as well?"," धन्यवाद, क्या मैं आपका नाम भी जान सकता हूँ?",3,0
yes, हां,2,0
vino and 5610, वीनो और 5610,1,0
LKJ789, एलकेजे789,0,0
Alright! Would you please share the last four digits of your SSN?, ठीक है! क्या आप कृपया अपने SSN के अंतिम चार अंक साझा करेंगे?,3,0
Hello Drew, हैलो ड्रू,3,0
Alright Leonel! Could you please provide the make and the model of the car?, ठीक है लियोनेल! क्या आप कृपया कार का मेक और मॉडल प्रदान कर सकते हैं?,3,0
MY NAME IS AADIL AMHAMED., मेरा नाम आदिल अहमद है।,2,0
"Great, Sure I will make it Ready, Thank you for your help"," बढ़िया, ज़रूर मैं इसे तैयार करूँगा, आपकी मदद के लिए धन्यवाद",3,2
"Perfect! Now, I'd require your car details, Would you please help me with the make and the model of the car?"," उत्तम! अब, मुझे आपकी कार के विवरण की आवश्यकता होगी, क्या आप कृपया कार के मेक और मॉडल के बारे में मेरी मदद करेंगे?",3,2
"Wow that's a  wonderful car! May I also know the year of manufacture of the car?
", वाह यह एक शानदार कार है! क्या मैं कार के निर्माण का वर्ष भी जान सकता हूँ?,3,2
yes please, हाँ कृपया,2,2
A very good evening. How may I help you today?, बहुत अच्छी शाम। आज मैं आपकी कैसे मदद कर सकता हूँ?,3,2
Hey there! Good morning. How may I help you?, सुनो! सुबह बख़ैर। क्या मेरे द्वारा आपकी कोई सहायता हो सकती है?,3,0
have a nice day!, आपका दिन शुभ हो!,2,2
Right now no need, अभी कोई जरूरत नहीं,1,0
"Thank you Raj, could you please let me know the claim number and the policy number as well?","धन्यवाद राज, क्या आप कृपया मुझे दावा संख्या और पॉलिसी संख्या भी बता सकते हैं?",3,0
OK, ठीक है,2,0
i need insurance claim, मुझे बीमा दावा चाहिए,1,0
"Thank you Sam, could you please let me know the policy number and the claim number as well?"," धन्यवाद सैम, क्या आप कृपया मुझे पॉलिसी नंबर और दावा संख्या भी बता सकते हैं?",3,0
yes, हां,2,0
honda fit, होंडा फिट,0,0
Perfect! Thank you for reaching out to us. Have a great day. Bye., उत्तम! हमसे संपर्क की पहल के लिए आपका धन्यवाद। आपका दिन अच्छा रहे। अलविदा।,3,2
thank you, धन्यवाद,2,2
LKT606, एलकेटी606,0,0
That's great. thanks, एक दम बढ़िया। धन्यवाद,3,2
no, नहीं,1,1
Name: Ramaraj.R, नाम: रामराज.आर,0,0
phone number is 5457841487, फोन नंबर है 5457841487,0,0
"Hi there, how may I help you today?"," नमस्ते, मैं आज आपकी कैसे मदद कर सकता हूं?",3,0
Hello are you online, हेलो क्या आप ऑनलाइन हैं,3,0
ssn# 2589, एसएसएन#2589,0,0
tharani@gmail.com, थारानी@gmail.com,0,0
Ya sure, हाँ यकीनन,2,0
Alright! Could you please help me with your policy number?, ठीक है! क्या आप कृपया मुझे अपने पॉलिसी नंबर के साथ मदद कर सकते हैं?,3,0
NOTHING ELSE, और कुछ नहीं,2,0
Perfect! I'll also require your claim no. please., उत्तम! मुझे आपके क्लेम नंबर की भी आवश्यकता होगी। कृपया।,3,2
Perfect! May I please know the make and model of car insured?, उत्तम! क्या मैं कृपया बीमाकृत कार का मेक और मॉडल जान सकता हूँ?,3,0
yeah, हां,2,0
Hey there! How may I help you today?, सुनो! आज मैं आपकी कैसे मदद कर सकता हूँ?,3,0
Okay. Please could you also share the email address?, ठीक। कृपया क्या आप ईमेल पता भी साझा कर सकते हैं?,2,0
"Awesome!! Thank you so much for being so patient and cooperative. As I can see here your payment has been initiated, you'll receive the check within 3 business days. However, if you don't receive the check kindly, contact us immediately. I hope that would be okay?","बहुत बढ़िया!! इतने धैर्यवान और सहयोगी होने के लिए आपका बहुत-बहुत धन्यवाद। जैसा कि मैं यहां देख सकता हूं कि आपका भुगतान शुरू कर दिया गया है, आपको 3 कार्यदिवसों के भीतर चेक प्राप्त हो जाएगा। हालांकि, अगर आपको चेक नहीं मिलता है, तो कृपया हमसे तुरंत संपर्क करें। मुझे आशा है कि यह ठीक होगा?",3,2
"I'm sorry to hear that. However, I'll do my best to help you. Please may I know your name?"," उसे सुनने के लिए मुझे माफ करें। हालांकि, मैं आपकी मदद करने की पूरी कोशिश करूंगा। कृपया क्या मैं आपका नाम जान सकता हूँ?",3,1
please make a correction, कृपया सुधार करें,2,0
OK, ठीक है,2,0
Okay, ठीक,2,0
"Sure, we are here to help you. May I know your full name please?"," ज़रूर, हम आपकी मदद करने के लिए यहाँ हैं। क्या मैं आपका पूरा नाम जान सकता हूँ?",3,0
4578963214,4578963214,0,0
6577,6577,0,0
Thank you for reaching out to us. It's a pleasure assisting you., हमसे संपर्क की पहल के लिए आपका धन्यवाद। आपकी सहायता करना खुशी की बात है।,3,2
Fantastic! Please feel free to reach out to us for further queries. Have a nice day. Bye.,ज़बरदस्त! कृपया आगे के प्रश्नों के लिए हमसे बेझिझक संपर्क करें। आपका दिन शुभ हो। अलविदा।,3,2
"I'll be glad to help, could you please go ahead and elaborate the query, so that I can help you in the best possible way."," मुझे मदद करने में खुशी होगी, क्या आप कृपया आगे बढ़ सकते हैं और प्रश्न को विस्तृत कर सकते हैं, ताकि मैं आपकी सर्वोत्तम तरीके से मदद कर सकूं।",3,0
Hey there! Good morning. How may I help you?, सुनो! सुबह बख़ैर। क्या मेरे द्वारा आपकी कोई सहायता हो सकती है?,3,0
Jef to find your documents I'll be needing more details. Could you help me out with the make and the model of your car?, जेफ आपके दस्तावेज़ खोजने के लिए मुझे और विवरण की आवश्यकता होगी। क्या आप अपनी कार के मेक और मॉडल के बारे में मेरी मदद कर सकते हैं?,3,0
Awesome! Could you please share the email address on the account as well?, बहुत बढ़िया! क्या आप कृपया खाते पर ईमेल पता भी साझा कर सकते हैं?,3,2
"Thank you for bringing this up to us, Hope that was helpful. Have an awesome day ahead!"," इसे हमारे सामने लाने के लिए धन्यवाद, आशा है कि यह मददगार था। आगे का दिन शानदार हो!",3,2
thank you, धन्यवाद,2,2
Perfect thank you.. Good to go, बिल्कुल सही धन्यवाद.. अच्छा लगा,3,2
hi, नमस्ते,2,0
Nissan versa, निसान वर्सा,0,0
"Hi! It's a bad news, but don't worry I'll be able to help you get a replacement if you like?
","नमस्ते! यह एक बुरी खबर है, लेकिन चिंता न करें अगर आप चाहें तो मैं आपको एक प्रतिस्थापन प्राप्त करने में मदद कर पाऊंगा?",3,2
Thank you for the details John. Kindly give me a minute., विवरण जॉन के लिए धन्यवाद। कृपया मुझे एक मिनट दें।,3,2
Perfect! May I also know your policy and claim number?, उत्तम! क्या मैं आपकी पॉलिसी और दावा संख्या भी जान सकता हूं?,3,2
You're welcome. I'll be happy if I could be of any more help for you today., आपका स्वागत है। मुझे खुशी होगी अगर मैं आज आपकी और मदद कर सकूं।,3,2
3254689878,3254689878,0,0
CLAIM NO: UHG123, दावा संख्या: UHG123,1,0
"Hi there, how may I help you today?"," नमस्ते, मैं आज आपकी कैसे मदद कर सकता हूं?",3,0
SEKAR RAMASAMY, सेकर रामास्वामी,0,0
"I'm sorry sir, I won't be able to help you fix your phone screen. However, if you have an insurance and your screen is broken or damaged, I'd be glad to help you with a replacement."," मुझे माफ़ करें सर, मैं आपके फ़ोन की स्क्रीन ठीक करने में आपकी मदद नहीं कर पाऊँगा। हालांकि, अगर आपका बीमा है और आपकी स्क्रीन टूट गई है या क्षतिग्रस्त हो गई है, तो मुझे इसे बदलने में आपकी मदद करने में खुशी होगी।",3,1
"I'm sorry I can't help you i fixing your phone but I can help you get a replacement, would you like me to do that?"," मुझे खेद है कि मैं आपके फ़ोन को ठीक करने में आपकी मदद नहीं कर सकता लेकिन मैं आपको एक प्रतिस्थापन प्राप्त करने में मदद कर सकता हूं, क्या आप चाहते हैं कि मैं ऐसा करूं?",3,1
last week my iphone screen was cracked. help me to fixing the problem., पिछले हफ्ते मेरे iPhone की स्क्रीन टूट गई थी। समस्या को ठीक करने में मेरी मदद करें।,2,1
"That's bad, I won't be able to help you fix it but I can help you apply for a replacement would you like me to that?"," यह बुरा है, मैं इसे ठीक करने में आपकी मदद नहीं कर पाऊंगा लेकिन क्या आप मुझे इसके लिए प्रतिस्थापन के लिए आवेदन करने में मदद कर सकते हैं?",1,1
Could you please help me with the last 4 digits of your SSN?,क्या आप कृपया अपने एसएसएन के अंतिम 4 अंकों के साथ मेरी मदद कर सकते हैं?,3,0
Sad to hear that! I'd be glad to help you in this regard. Could you please help me with your full name?, यह सुनकर दुख हुआ! मुझे इस संबंध में आपकी मदद करने में खुशी होगी। क्या आप कृपया अपने पूरे नाम के साथ मेरी मदद कर सकते हैं?,3,1
NO, ना,1,1
mani, मणि,0,0
Jenifer, जेनिफर,0,0
"Thank you for being patient, I've checked the details the check has been already sent it will be reaching you  at registered address within 3 days. Is there anything I may help you in?
","धैर्य रखने के लिए धन्यवाद, मैंने विवरण की जांच की है कि चेक पहले ही भेजा जा चुका है, यह 3 दिनों के भीतर आपके पंजीकृत पते पर पहुंच जाएगा। क्या कोई ऐसी चीज है जिसमें मैं आपकी मदद कर सकता हूं?",3,2
"Awesome! Thanks for connecting to us, hope you have a wonderful day ahead! "," बहुत बढ़िया! हमसे जुड़ने के लिए धन्यवाद, आशा है कि आपका आने वाला दिन शानदार हो!",3,2
"I'm sorry, but I didn't get your last response, Could you help me with your query?"," मुझे खेद है, लेकिन मुझे आपका अंतिम उत्तर नहीं मिला, क्या आप अपने प्रश्न में मेरी सहायता कर सकते हैं?",3,0
Perfect! Thanks a ton for sharing that information. I'll quickly go ahead and do the best possible for you. Just give me a minute., उत्तम! उस जानकारी को साझा करने के लिए एक टन धन्यवाद। मैं जल्दी से आगे बढ़ूँगा और आपके लिए हर संभव कोशिश करूँगा। बस मुझे एक मिनट दें।,3,2
6189,6189,0,0
2015,2015,0,0
ok, ठीक है,2,0
Hello! How may I assist you today?, नमस्ते! आज मैं आपकी मदद किस तरह कर सकता हूँ?,3,0
AVE A GREAT DAY!, Ave एक महान दिन!,2,2
THATS ALL, बस इतना ही,0,0
hai, हाय,2,0
"I hope you have a great day ahead. Goodbye! 
", मुझे आशा है कि आपके लिए आगे एक अच्छा दिन होगा। अलविदा!,3,2
"Thank you so much for your information, please allow me a moment while I go ahead and do the needful."," आपकी जानकारी के लिए बहुत-बहुत धन्यवाद, कृपया मुझे एक क्षण का समय दें, जब तक कि मैं आगे बढ़ूं और आवश्यक कार्य करूं।",3,2
Thanks John! Could you please share your policy number?, धन्यवाद जॉन! क्या आप कृपया अपना पॉलिसी नंबर साझा कर सकते हैं?,3,0
Its Maruthi Suzuki Shift Car., इसकी मारुति सुजुकी शिफ्ट कार।,2,0
"I'm sorry, I won't be able to help you fix it but I can help you apply for a replacement would you like me to that?"," मुझे खेद है, मैं इसे ठीक करने में आपकी मदद नहीं कर पाऊंगा लेकिन मैं आपको प्रतिस्थापन के लिए आवेदन करने में मदद कर सकता हूं, क्या आप मुझे इसके लिए पसंद करेंगे?",3,1
Joe could you please help me out with the make and the model of your car?, जो आप कृपया मुझे अपनी कार के मेक और मॉडल के साथ मदद कर सकते हैं?,3,0
ok, ठीक है,2,0
Hi, नमस्ते,3,0
"con,no: 9964258970"," कोन, नहीं: 9964258970",1,0
Alright! would you please be clear and let me know which details are you looking for?, ठीक है! क्या आप कृपया स्पष्ट होंगे और मुझे बताएंगे कि आप कौन से विवरण ढूंढ रहे हैं?,3,0
2016,2016,0,0
Lovely! Could you please share your contact number and email address linked with us?, प्यारा! क्या आप कृपया अपना संपर्क नंबर और ईमेल पता हमारे साथ साझा कर सकते हैं?,3,2
Sure. Please could you share the make and model of your car?,ज़रूर। क्या आप अपनी कार का मेक और मॉडल साझा कर सकते हैं?,2,0
I NEED A PROOF OF INSURANCE FOR MY CAR, मुझे अपनी CAR . के लिए बीमा का प्रमाण चाहिए,2,0
honda civic, होंडा सिविक,0,0
I need a proof of insurance for one of my cars, मुझे अपनी कारों में से एक के लिए बीमा का प्रमाण चाहिए,2,0
KAVI@GMAIL.COM, कवि@GMAIL.COM,0,0
I WOULD LIKE TO KNOW ABOUT THE STATUS OF MY CALIM, मैं अपने CALIM . की स्थिति के बारे में जानना चाहता हूँ,3,0
Sure! Take your time., ज़रूर! पर्याप्त समय लो।,2,0
"Hi there! How may I assist you today?
", नमस्ते! आज मैं आपकी मदद किस तरह कर सकता हूँ?,3,0
MY NUMBER IS 9534789520.MY EMAIL ADD FALEDA20052GMAIL.COM, मेरा नंबर 9534789520 है। मेरा ईमेल FALEDA20052GMAIL.COM जोड़ें,1,0
"I appreciate your patience in sharing the information. Would you please allow me a minute or two, while I do the needful?"," मैं जानकारी साझा करने में आपके धैर्य की सराहना करता हूं। क्या आप कृपया मुझे एक या दो मिनट का समय दें, जबकि मैं ज़रूरतमंद काम करता हूँ?",3,2
i need insurance my proff in my car, मुझे अपनी कार में मेरे प्रोफेसर का बीमा चाहिए,2,0
"That's awesome, I'd also require your claim number?","यह बढ़िया है, मुझे आपकी दावा संख्या की भी आवश्यकता होगी?",3,2
no, नहीं,1,1
Sure! I'll surely issue you your duplicate insurance copy. to proceed further I'll require your personal and car details. May I know your full name please?, ज़रूर! मैं निश्चित रूप से आपको आपकी डुप्लीकेट बीमा प्रति जारी करूंगा। आगे बढ़ने के लिए मुझे आपके व्यक्तिगत और कार विवरण की आवश्यकता होगी। क्या मैं आपका पूरा नाम जान सकता हूँ?,3,1
need a proof of insurance for my car.., मेरी कार के लिए बीमा का प्रमाण चाहिए..,1,0
Sure. May I have your name and the last 4 digits of the SSN please?, ज़रूर। क्या मुझे आपका नाम और SSN के अंतिम 4 अंक मिल सकते हैं?,3,0
Thank you for contacting us! Have a great day ahead!, हमसे संपर्क करने के लिए धन्यवाद! आगे एक महान दिन हो!,3,2
"Thank you for using our live chat service. I'm now closing this chat. If you have any other concerns in the future, please don’t hesitate to let us know. Have a great day!
"," हमारी लाइव चैट सेवा का उपयोग करने के लिए धन्यवाद। मैं अब इस चैट को बंद कर रहा हूं। यदि भविष्य में आपकी कोई अन्य चिंता है, तो कृपया हमें बताने में संकोच न करें। आपका दिन अच्छा रहे!",3,2
Awesome! could you also share your phone number and the registered email address?, बहुत बढ़िया! क्या आप अपना फोन नंबर और पंजीकृत ईमेल पता भी साझा कर सकते हैं?,3,2
Is there anything else I can help you with Latha?,क्या लता के साथ मैं आपकी कुछ और मदद कर सकता हूँ?,2,0
Is there anything else I can help you with?, क्या कुछ और है जिसमें मैं आपकी मदद कर सकता हूं?,2,0
Claim No: GRL537, दावा संख्या: GRL537,1,0
"I hope you have a great day ahead. Goodbye! 
", मुझे आशा है कि आपके लिए आगे एक अच्छा दिन होगा। अलविदा!,3,2
"Awesome! I appreciate your patience in sharing the information, Allow me a moment, I'll be right back with the details."," बहुत बढ़िया! मैं जानकारी साझा करने में आपके धैर्य की सराहना करता हूं, मुझे एक क्षण की अनुमति दें, मैं विवरण के साथ वापस आऊंगा।",3,2
Amazing! Could you please help me with the email address on the account?, अद्भुत! क्या आप कृपया खाते पर ईमेल पते में मेरी सहायता कर सकते हैं?,3,2
my car accitend few weeks ago bumper damaged for insurance claim, मेरी कार दुर्घटना कुछ हफ्ते पहले बीमा दावे के लिए बंपर क्षतिग्रस्त,1,0
"Sure! I'll be able to help you in getting the information about the status of your claim, may I please know your full name?"," ज़रूर! मैं आपके दावे की स्थिति के बारे में जानकारी प्राप्त करने में आपकी सहायता कर सकूंगा, क्या मैं आपका पूरा नाम जान सकता हूं?",3,0
Manikandan to check with your documents I'll be needing more details. Could you also help me out with the make and the model of your car?, मणिकंदन आपके दस्तावेज़ों की जाँच करने के लिए मुझे और विवरण की आवश्यकता होगी। क्या आप अपनी कार के मेक और मॉडल के बारे में भी मेरी मदद कर सकते हैं?,3,0
"I appreciate your patience in sharing the information. Would you please allow me a minute or two, while I do the needful?"," मैं जानकारी साझा करने में आपके धैर्य की सराहना करता हूं। क्या आप कृपया मुझे एक या दो मिनट का समय दें, जबकि मैं ज़रूरतमंद काम करता हूँ?",3,2
Great! May I please know the make and model of the car?, महान! क्या मैं कार का मेक और मॉडल जान सकता हूं?,3,2
That's nice! May I please know the year of manufacture?, यह अच्छा है! क्या मैं कृपया निर्माण का वर्ष जान सकता हूँ?,3,0
"Sorry, I made a mistake "," माफ करना, मैंने एक गलती की है",3,0
ANGLE RYAN, कोण रयान,0,0
riaz, रियाज़,0,0
"Thank you for being cooperative, I've processed the request made by you the proof documents will be reaching you in 2 days at your registered address. . Is there anything I may help you in?"," सहकारी होने के लिए धन्यवाद, मैंने आपके द्वारा किए गए अनुरोध को संसाधित कर दिया है, सबूत दस्तावेज आपके पंजीकृत पते पर 2 दिनों में आप तक पहुंच जाएंगे। . क्या कोई ऐसी चीज है जिसमें मैं आपकी मदद कर सकता हूं?",3,2
"Thank you for staying connected, I've checked in the details the check has been already sent it will be reaching you within 3 days. Is there anything I may help you in?
","जुड़े रहने के लिए धन्यवाद, मैंने विवरणों की जांच की है कि चेक पहले ही भेजा जा चुका है, यह 3 दिनों के भीतर आप तक पहुंच जाएगा। क्या कोई ऐसी चीज है जिसमें मैं आपकी मदद कर सकता हूं?",3,2
Superb! Thanks for cooperating with us! I've contacted the concerned team and requested them to mail your car insurance proof copy. They'll mail to your registered address and you'll receive the documents within 3 business days. I hope that would be okay?, शानदार! हमारे साथ सहयोग करने के लिए धन्यवाद! मैंने संबंधित टीम से संपर्क किया है और उनसे आपकी कार बीमा प्रूफ कॉपी मेल करने का अनुरोध किया है। वे आपके पंजीकृत पते पर मेल करेंगे और आपको 3 व्यावसायिक दिनों के भीतर दस्तावेज़ प्राप्त हो जाएंगे। मुझे आशा है कि यह ठीक होगा?,3,2
Awesome! May I go ahead and confirm your details?, बहुत बढ़िया! क्या मैं आगे बढ़ सकता हूं और आपके विवरण की पुष्टि कर सकता हूं?,3,2
"Thank you for reaching out to us, please feel free to reach out for further concerns."," हमसे संपर्क करने के लिए धन्यवाद, कृपया आगे की चिंताओं के लिए बेझिझक संपर्क करें।",3,2
Awesome! May I know your first and last name please?, बहुत बढ़िया! क्या मैं आपका पहला और अंतिम नाम जान सकता हूँ?,3,2
Nothing else, और कुछ नहीं,2,0
bye, अलविदा,2,0
ok thank you, ठीक है धन्यवाद,3,0
Perfect! May I confirm if all the details provided by you are correct?, उत्तम! क्या मैं पुष्टि कर सकता हूं कि आपके द्वारा प्रदान किए गए सभी विवरण सही हैं?,3,2
That's a nice car! Please allow me a minute so that I could check the details and process your request., यह एक अच्छी कार है! कृपया मुझे एक मिनट का समय दें ताकि मैं विवरण की जांच कर सकूं और आपके अनुरोध को संसाधित कर सकूं।,3,2
hi, नमस्ते,2,0
YEAH PERFECT, हाँ बिल्कुल सही,2,2
Good bye, अलविदा,3,0
Honda City 2018 model, होंडा सिटी 2018 मॉडल,0,0
Was your phone screen broken?, क्या आपके फोन की स्क्रीन टूट गई थी?,2,0
my car accident a few weeks ago bumper was damaged for your claim insurance, मेरी कार दुर्घटना कुछ हफ़्ते पहले आपके क्लेम बीमा के लिए बंपर क्षतिग्रस्त हो गया था,1,0
i also need the proof of my audi s500, मुझे अपनी ऑडी s500 . के प्रमाण की भी आवश्यकता है,2,0
SSN NUMBER: 6785, एसएसएन नंबर: 6785,0,0
Fantastic! Please feel free to reach out to us for further queries. Have a nice day. Bye.,ज़बरदस्त! कृपया आगे के प्रश्नों के लिए हमसे बेझिझक संपर्क करें। आपका दिन शुभ हो। अलविदा।,3,2
Thanks for your help. Have a good day.,आपकी सहायता के लिए धन्यवाद. आपका दिन शुभ हो।,3,2
It was really nice talking to you and a pleasure assisting you. Would there be anything else I may help you with?, आपसे बात करके बहुत अच्छा लगा और आपकी सहायता करने में खुशी हुई। क्या कुछ और होगा जिसमें मैं आपकी मदद कर सकूं?,3,2
"Sure! I'll surely help you in this regards. May I know your name please?
", ज़रूर! मैं इस संबंध में आपकी निश्चित रूप से मदद करूंगा। क्या मैं आपका नाम जान सकता हूँ?,3,0
I'll also need the contact number could you please share?, मुझे संपर्क नंबर की भी आवश्यकता होगी क्या आप कृपया साझा कर सकते हैं?,3,0
That's awesome! May I know the year of the manufacture?, वह तो कमाल है! क्या मैं निर्माण का वर्ष जान सकता हूँ?,3,2
"Awesome! Thanks for reaching out to us, hope you have a wonderful day ahead! "," बहुत बढ़िया! हमसे संपर्क करने के लिए धन्यवाद, आशा है कि आपका आने वाला दिन शानदार हो!",3,2
No problem at all sir! I've found your correct contact number registered with us., कोई दिक्कत नहीं है सर! मुझे आपका सही संपर्क नंबर हमारे पास पंजीकृत मिला है।,2,2
sound good, अच्छा प्रतीत होता है,0,2
Hello! How may I assist you today?, नमस्ते! आज मैं आपकी मदद किस तरह कर सकता हूँ?,3,0
6952014763,6952014763,0,0
Hello there! How may I assist you today?, नमस्ते! आज मैं आपकी मदद किस तरह कर सकता हूँ?,3,0
Alright Koshik. Could you please provide the claim number?, ठीक है कोशिक। क्या आप कृपया दावा संख्या प्रदान कर सकते हैं?,3,0
"Hey, Good morning!  How may I help you today
", अरे गुड मॉर्निंग! मैं आज आपकी क्या मदद कर सकता हूँ,3,0
hello, नमस्ते,2,0
My email address is havocmano11@gmail.com, मेरा ईमेल पता है कहरमैनो11@gmail.com,1,0
Awesome! Could you please allow me a moment to initiate the process?, बहुत बढ़िया! क्या आप कृपया मुझे प्रक्रिया शुरू करने के लिए एक क्षण की अनुमति दे सकते हैं?,3,2
"Sure! I'll be glad to help, could you please share the information about the second car?"," ज़रूर! मुझे मदद करने में खुशी होगी, क्या आप कृपया दूसरी कार के बारे में जानकारी साझा कर सकते हैं?",3,2
hello, नमस्ते,2,0
"Awesome! Thank you for reaching out to us, please feel free to reach out for further concerns. Have a great day ahead!"," बहुत बढ़िया! हमसे संपर्क करने के लिए धन्यवाद, कृपया आगे की चिंताओं के लिए बेझिझक संपर्क करें। आगे एक महान दिन हो!",3,2
Great! Could you please share your registered mail id? You shall receive it at your registered mailing address., महान! क्या आप कृपया अपनी पंजीकृत मेल आईडी साझा कर सकते हैं? आप इसे अपने पंजीकृत डाक पते पर प्राप्त करेंगे।,3,2
"For sure! I'll help you with that, could you please let me know your name and the last 4 digits of SSN?"," पक्का! मैं इसमें आपकी मदद करूंगा, क्या आप कृपया मुझे अपना नाम और एसएसएन के अंतिम 4 अंक बता सकते हैं?",3,0
RAJAN, राजन,0,0
"Thank you. May I also know the brand associated with your car.
", शुक्रिया। क्या मैं आपकी कार से जुड़े ब्रांड को भी जान सकता हूं।,3,0
"Thanks for waiting, I'd like to inform you that I'll be able to replace your broken phone with the brand new phone. And I request you to return the broken device in an envelope. Anything else I may help you in?","प्रतीक्षा करने के लिए धन्यवाद, मैं आपको सूचित करना चाहता हूं कि मैं आपके टूटे हुए फोन को एकदम नए फोन से बदल सकूंगा। और मैं आपसे अनुरोध करता हूं कि टूटे हुए उपकरण को एक लिफाफे में वापस कर दें। कुछ और मैं आपकी मदद कर सकता हूँ?",3,1
lpg 998877442, एलपीजी 998877442,0,0
OK, ठीक है,2,0
Your answer is very useful to me sir.,आपका उत्तर मेरे लिए बहुत उपयोगी है सर।,1,2
Thank you for staying connected. I've initiated a request for a replacement. You'll be receiving it within three days. I request you to send the current broken device in the return envelope., जुड़े रहने के लिए धन्यवाद। मैंने एक प्रतिस्थापन के लिए एक अनुरोध शुरू किया है। आपको यह तीन दिनों के भीतर प्राप्त हो जाएगा। मैं आपसे अनुरोध करता हूं कि वर्तमान टूटे हुए उपकरण को रिटर्न लिफाफे में भेजें।,3,1
L50, एल50,0,0
Its Victor here and the SSN number is 1506., यहां इसका विक्टर है और एसएसएन नंबर 1506 है।,1,0
Thanks for staying connected. I've processed your request. You'll be receiving a mail to your registered address in the next 48 hours. Is there anything else that I might help you with?, जुड़े रहने के लिए धन्यवाद। मैंने आपका अनुरोध संसाधित कर दिया है। आपको अगले 48 घंटों में आपके पंजीकृत पते पर एक मेल प्राप्त होगा। क्या कुछ और है जिसमें मैं आपकी मदद कर सकता हूं?,3,2
"Awesome! I've made a request to mail you the copy of your car insurance proof on your registered address. You'll receive it within 2-3 business days. If their is any urgency let me know, I'll request for a speedy delivery."," बहुत बढ़िया! मैंने आपके पंजीकृत पते पर आपके कार बीमा प्रमाण की प्रति आपको मेल करने का अनुरोध किया है। आप इसे 2-3 व्यावसायिक दिनों के भीतर प्राप्त कर लेंगे. यदि उनकी कोई अत्यावश्यकता है तो मुझे बताएं, मैं शीघ्र वितरण के लिए अनुरोध करूंगा।",3,2
wdg 874, डब्ल्यूडीजी 874,0,0
Awesome! would you also share the last four digits of your SSN?, बहुत बढ़िया! क्या आप अपने SSN के अंतिम चार अंक भी साझा करेंगे?,3,2
"If I'm understanding you rightly, you want to check the status of your insurance claim. Correct/"," अगर मैं आपको ठीक से समझ रहा हूं, तो आप अपने बीमा दावे की स्थिति की जांच करना चाहते हैं। सही/",3,0
Amazing! Thanks for sharing your details. Just give me a minute I go ahead and do the best possible for you., अद्भुत! अपना विवरण साझा करने के लिए धन्यवाद। बस मुझे एक मिनट दें मैं आगे बढ़ता हूं और आपके लिए हर संभव कोशिश करता हूं।,3,2
Fantastic! Please feel free to reach out to us for further queries. Have a nice day. Bye.,ज़बरदस्त! कृपया आगे के प्रश्नों के लिए हमसे बेझिझक संपर्क करें। आपका दिन शुभ हो। अलविदा।,3,2
bye, अलविदा,2,0
Awesome! That's an amazing car. May I know the year in which the car was manufactured?, बहुत बढ़िया! यह एक अद्भुत कार है। क्या मुझे पता चल सकता है कि कार का निर्माण किस वर्ष किया गया था?,3,2
Salim Khan, सलीम खान,0,0
ok, ठीक है,2,0
We look forward to talk to customers like you and help you through your query. Please don't hesitate to get back to us for any help anytime. Have a nice day!, हम आपके जैसे ग्राहकों से बात करने और आपकी क्वेरी के माध्यम से आपकी सहायता करने के लिए उत्सुक हैं। कृपया किसी भी समय किसी भी मदद के लिए हमसे संपर्क करने में संकोच न करें। आपका दिन शुभ हो!,3,2
YES, हां,2,2
"Thank you Shane, could you please let me know the make and model of the car? "," धन्यवाद शेन, क्या आप कृपया मुझे कार के मेक और मॉडल के बारे में बता सकते हैं?",3,0
Policy Number : RZA009220472 & Claim Number : NLZ624, पॉलिसी संख्या: RZA009220472 और दावा संख्या: NLZ624,0,0
So sad to hear that., यह सुनकर बहुत दुख हुआ।,0,1
You're welcome! Would there be anything else I may assist you with?, आपका स्वागत है! क्या कुछ और होगा जिसमें मैं आपकी सहायता कर सकूं?,3,2
"Sure, i am David Hawk"," ज़रूर, मैं डेविड हॉक हूँ",2,0
Hi there! How may I assist you today?, नमस्ते! आज मैं आपकी मदद किस तरह कर सकता हूँ?,3,0
Perfect! I'd also require the year of manufacture of your car., उत्तम! मुझे आपकी कार के निर्माण के वर्ष की भी आवश्यकता होगी।,3,2
You're welcome! Is there anything else that I may help you with?, आपका स्वागत है! क्या कुछ और है जिसमें मैं आपकी मदद कर सकता हूं?,2,2
Yes! Sure! I'll certainly help you in checking your claim status. Before that I would require your details. May I know your full name please?, हाँ! ज़रूर! मैं आपके दावे की स्थिति की जांच करने में निश्चित रूप से आपकी सहायता करूंगा। इससे पहले मुझे आपके विवरण की आवश्यकता होगी। क्या मैं आपका पूरा नाम जान सकता हूँ?,3,0
hyunda 1000cc, हुंडई 1000cc,2,0
Awesome! Rahul just give me a minute I'll go ahead and check your claim status and inform you about it.,बहुत बढ़िया! राहुल मुझे बस एक मिनट दें मैं आगे जाकर आपके दावे की स्थिति की जांच करूंगा और आपको इसके बारे में सूचित करूंगा।,3,2
Cool! Could you please help me with the make and model of the car?, ठंडा! क्या आप कृपया कार के मेक और मॉडल के बारे में मेरी मदद कर सकते हैं?,3,0
Are we connected?, क्या हम जुड़े हुए हैं?,0,0
MALATHISURESH, मालाथिसुरेश,2,0
"I apologize, I'll be unable to help you in this regard. However, If there is an insurance for your mobile and there is any damage or crack to the phone, I'll surely help you get a replacement done."," मुझे खेद है, मैं इस संबंध में आपकी सहायता नहीं कर पाऊंगा। हालांकि, अगर आपके मोबाइल के लिए बीमा है और फोन में कोई क्षति या दरार है, तो मैं निश्चित रूप से आपको एक प्रतिस्थापन करवाने में मदद करूंगा।",3,1
Thank you so much. Could you please give me your phone number?, बहुत-बहुत धन्यवाद। क्या आप कृपया मुझे अपना फोन नंबर दे सकते हैं?,3,2
ok thank you, ठीक है धन्यवाद,3,0
You're welcome! Is there anything else that I may help you with?, आपका स्वागत है! क्या कुछ और है जिसमें मैं आपकी मदद कर सकता हूं?,2,2
"You're welcome, Thanks for contacting us. Hope to see you again. Have a great day ahead! "," आपका स्वागत है, हमसे संपर्क करने के लिए धन्यवाद। फिर से देखने की उम्मीद। आगे एक महान दिन हो!",3,2
Sure! Thank you so much for sharing that information. I'll quickly go ahead and do the best possible for you. Just allow me a moment., ज़रूर! उस जानकारी को साझा करने के लिए आपका बहुत-बहुत धन्यवाद। मैं जल्दी से आगे बढ़ूँगा और आपके लिए हर संभव कोशिश करूँगा। बस मुझे एक पल की अनुमति दें।,3,2
ok.no thanks, ठीक है.नहीं धन्यवाद,3,1
i need a copy of insurance for my car,मुझे अपनी कार के लिए बीमा की एक प्रति चाहिए,2,0
"Thanks, Ranjani! Please could you help me with your contact number?"," धन्यवाद, रंजनी! कृपया आप अपने संपर्क नंबर के साथ मेरी मदद कर सकते हैं?",3,0
Thank you for waiting. I appreciate your patience. Your request has been processed and you'll be receiving the proof of insurance within 2 days. Is there anything else I might help you with?, प्रतीक्षा के लिए धन्यवाद। मैं आपके धैर्य की सराहना करता हूँ। आपका अनुरोध संसाधित कर दिया गया है और आपको 2 दिनों के भीतर बीमा का प्रमाण प्राप्त हो जाएगा। क्या कुछ और है जिसमें मैं आपकी मदद कर सकता हूं?,3,2
"Thank you for reaching out to us, hope that was helpful. Have a wonderful day!"," हमसे संपर्क करने के लिए धन्यवाद, आशा है कि यह मददगार था। शानदार दिन हो!",3,2
Is there anything else I could assist you with?, क्या कुछ और है जिसमें मैं आपकी सहायता कर सकता हूं?,2,0
You're always welcome! Have a great day ahead!,आपका हमेशा स्वागत है! आगे एक महान दिन हो!,3,2
PandiClove@gmail.com, PandiClove@gmail.com,0,0
"I’m sorry, I’m afraid I was unable to follow that. Could you please elaborate the query so that I can assist you in the best possible way"," मुझे खेद है, मुझे डर है कि मैं उसका अनुसरण करने में असमर्थ था। क्या आप कृपया प्रश्न को विस्तृत कर सकते हैं ताकि मैं आपकी सर्वोत्तम संभव तरीके से सहायता कर सकूं",3,1
AFD 948576125, एएफडी 948576125,0,0
"Surely, Thank you! Please could you share the email address?"," ज़रूर, धन्यवाद! क्या आप ईमेल पता साझा कर सकते हैं?",3,2
Zachary Powers, ज़ाचरी पॉवर्स,0,0
fixing the screen my mobile, मेरे मोबाइल की स्क्रीन ठीक करना,0,0
MY PHONE IS DAMAGED, मेरा फोन खराब हो गया है,0,1
2587,2587,0,0
Great! I hope this was helpful. Have a great day ahead and looking forward to seeing you soon again!, महान! मुझे आशा है कि यह मददगार था। आगे आपका दिन अच्छा रहे और जल्द ही फिर से आपसे मिलने की उम्मीद है!,3,2
hi, नमस्ते,2,0
Always a pleasure! Will there be anything else I could help you with?, हमेशा एक खुशी की बात है! क्या कुछ और होगा जिसमें मैं आपकी मदद कर सकूं?,2,2
NAME - JULIE SSN - 1012, नाम - जूली एसएसएन - 1012,0,0
yes, हां,2,0
"Great! Please allow me a moment to do the needed, Please stay connected."," महान! कृपया मुझे आवश्यक कार्य करने के लिए एक क्षण दें, कृपया जुड़े रहें।",3,2
8561,8561,0,0
"Thank you for providing all the information. The proof of insurance of your car will be mailed at your registered address. You should receive them in 2-4 business days.
", सारी जानकारी प्रदान करने के लिए धन्यवाद। आपकी कार के बीमा का प्रमाण आपके पंजीकृत पते पर भेज दिया जाएगा। आपको उन्हें 2-4 कार्यदिवसों में प्राप्त कर लेना चाहिए।,3,0
Charlie could you please tell my status of my claim made for my bumper damage some days ago, चार्ली क्या आप कृपया कुछ दिन पहले मेरे बंपर क्षति के लिए किए गए मेरे दावे की स्थिति बता सकते हैं,3,0
yes fixing the screen temech, हाँ स्क्रीन की व्यवस्था ठीक कर रहा है,2,0
Thank you! May I please know your contact number and email address?, आपको धन्यवाद! क्या मैं आपका संपर्क नंबर और ईमेल पता जान सकता हूं?,3,0
"That's great! Thank you, please give me a minute to proceed further.","एक दम बढ़िया! धन्यवाद, कृपया मुझे आगे बढ़ने के लिए एक मिनट दें।",3,2
"Thank you for being patient, I'd like to inform you that the replacement takes place in 1-3 business days, please ensure to send the broken device through an envelope."," धैर्य रखने के लिए धन्यवाद, मैं आपको सूचित करना चाहता हूं कि प्रतिस्थापन 1-3 व्यावसायिक दिनों में होता है, कृपया एक लिफाफे के माध्यम से टूटे हुए उपकरण को भेजना सुनिश्चित करें।",3,0
OK, ठीक है,2,0
You're welcome! Would there be anything else I may assist you with?, आपका स्वागत है! क्या कुछ और होगा जिसमें मैं आपकी सहायता कर सकूं?,3,2
Thank you Thomas! May I please know the last 4 digits of SSN?, धन्यवाद थॉमस! क्या मैं कृपया SSN के अंतिम 4 अंक जान सकता हूँ?,3,0
"Toyota Corrola, Model: KLD, Year of make: 2015"," टोयोटा कोरोला, मॉडल: केएलडी, बनाने का वर्ष: 2015",0,0
"NOTHING ELSE
OK THANK YOU", और कुछ नहीं ठीक है धन्यवाद,3,2
hi, नमस्ते,2,0
My full name is ravi, मेरा पूरा नाम रवि है,1,0
Pleasure is mine. I hope that all your queries are cleared?, मेरा सौभाग्य है। मुझे आशा है कि आपके सभी प्रश्नों का समाधान हो गया होगा?,3,2
3934,3934,0,0
Policy No is BRT 654987685, पॉलिसी नंबर बीआरटी है 654987685,1,0
"You're welcome, Would there be anything else I may help you with?"," आपका स्वागत है, क्या कुछ और होगा जिसमें मैं आपकी मदद कर सकूं?",2,2
"Sure! I'll surely help you in this regards. May I know your name please?
", ज़रूर! मैं इस संबंध में आपकी निश्चित रूप से मदद करूंगा। क्या मैं आपका नाम जान सकता हूँ?,3,0
Fantastic! Please feel free to reach out to us for further queries. Have a nice day. Bye.,ज़बरदस्त! कृपया आगे के प्रश्नों के लिए हमसे बेझिझक संपर्क करें। आपका दिन शुभ हो। अलविदा।,3,2
"Thank you for being patient, I've checked the details the check has been already sent it will be reaching you  at registered address within 3 days. Is there anything I may help you in?
","धैर्य रखने के लिए धन्यवाद, मैंने विवरण की जांच की है कि चेक पहले ही भेजा जा चुका है, यह 3 दिनों के भीतर आपके पंजीकृत पते पर पहुंच जाएगा। क्या कोई ऐसी चीज है जिसमें मैं आपकी मदद कर सकता हूं?",3,2
"Thank you for reaching out to us, we are always grateful serve customers like you. Have a wonderful day!"," हमसे संपर्क करने के लिए धन्यवाद, हम आप जैसे ग्राहकों की सेवा के लिए हमेशा आभारी हैं। शानदार दिन हो!",3,2
Thanks for the information. Could you allow me a moment while I create the replacement right away?, सूचना के लिए धन्यवाद। क्या आप मुझे एक क्षण की अनुमति दे सकते हैं जबकि मैं तुरंत प्रतिस्थापन बना दूं?,3,2
My pleasure! thank you for reaching out to us. Good day!, मेरा सौभाग्य! हमसे संपर्क की पहल के लिए आपका धन्यवाद। अच्छा दिन!,3,2
I NEED A STATUS OFOF MY CLAIM, मुझे अपने दावे की स्थिति चाहिए,3,0
You're welcome! Would there be anything else that I may help you with?, आपका स्वागत है! क्या कुछ और होगा जिससे मैं आपकी मदद कर सकूं?,2,2
"Thank you Yeman, may I know the make and model of the car?"," धन्यवाद यमन, क्या मैं कार का मेक और मॉडल जान सकता हूं?",3,0
"I'm sorry sir, I haven't got your last response, may I know if your phone screen is damaged or broken?"," मुझे क्षमा करें सर, मुझे आपका अंतिम उत्तर नहीं मिला, क्या मैं जान सकता हूँ कि आपके फ़ोन की स्क्रीन क्षतिग्रस्त है या टूटी हुई है?",3,0
Great! I'd be glad to help you with that. May I know your name please?, महान! मुझे इसमें आपकी मदद करने में खुशी होगी। क्या मैं आपका नाम जान सकता हूँ?,3,2
2000,2000,0,0
"Yeah, it is 6489.","हाँ, यह 6489 है।",0,0
Raj may I know the make and the model of the car?, राज क्या मैं कार का मेक और मॉडल जान सकता हूं?,2,0
What can I do for you?, मै आप के लिये क्य कर सक्त हु?,0,0
Thank you for the information. Kindly allow me a moment while I check this for you., जानकारी के लिए धन्यवाद। कृपया मुझे एक क्षण दें जब तक मैं आपके लिए यह जांचता हूं।,3,2
2012,2012,0,0
"Thank you for reaching out to us. It was wonderful assisting you, hope that was helpful. Good day!"," हमसे संपर्क की पहल के लिए आपका धन्यवाद। यह आपकी सहायता करने में अद्भुत था, आशा है कि यह सहायक था। अच्छा दिन!",3,2
Wonderful! Thank you for reaching out to us. Have a nice day. Bye., अद्भुत! हमसे संपर्क की पहल के लिए आपका धन्यवाद। आपका दिन शुभ हो। अलविदा।,3,2
Good Morning!, शुभ प्रभात!,3,2
monky, बंदर,0,0
i want proof of my car insurance, मुझे अपनी कार बीमा का प्रमाण चाहिए,2,0
May I know the concern please?, क्या मैं कृपया चिंता जान सकता हूँ?,2,0
Thanks for staying connected. I've processed your request. You'll be receiving a mail to your registered address in the next 48 hours. Is there anything else that I might help you with?, जुड़े रहने के लिए धन्यवाद। मैंने आपका अनुरोध संसाधित कर दिया है। आपको अगले 48 घंटों में आपके पंजीकृत पते पर एक मेल प्राप्त होगा। क्या कुछ और है जिसमें मैं आपकी मदद कर सकता हूं?,3,2
9876,9876,0,0
Thank you! May I also know the email associated with your phone., आपको धन्यवाद! क्या मैं आपके फोन से जुड़े ईमेल को भी जान सकता हूं।,3,0
"Nothing else, Thank you for your information. Have a nice day to chat with you. "," और कुछ नहीं, आपकी जानकारी के लिए धन्यवाद। आपके साथ चैट करने के लिए एक अच्छा दिन है।",3,0
Hello there! How may I assist you today?, नमस्ते! आज मैं आपकी मदद किस तरह कर सकता हूँ?,3,0
HAI, हाई,2,0
i bought a new car, मैने नई कार खरीदी,1,0
Hello there! How may I help you today?, नमस्ते! आज मैं आपकी कैसे मदद कर सकता हूँ?,3,0
"Hello! Surely, I'll help you with it. Please may I know your name?"," नमस्ते! ज़रूर, मैं इसमें आपकी मदद करूँगा। कृपया क्या मैं आपका नाम जान सकता हूँ?",3,0
year was 2018, साल 2018 था,0,0
OK THANKS, ठीक है धन्यवाद,3,2
i need a proof of insurance for one of  car, मुझे किसी एक कार के लिए बीमा का प्रमाण चाहिए,1,0
2016,2016,0,0
Oh! I'm so sorry to hear that! Not a problem! I'll help you out. May I know if you have an insurance for your phone?, ओह! मुझे यह सुनकर खेद हुआ! एक समस्या नहीं है! मैं आपकी मदद करूंगा। क्या मैं जान सकता हूँ कि क्या आपके पास अपने फ़ोन का बीमा है?,3,1
Hello there! A very good morning to you. How may I help you today?, नमस्ते! आपके लिए एक बहुत ही शुभ प्रभात। आज मैं आपकी कैसे मदद कर सकता हूँ?,3,2
Sally would you like to claim your insurance?, सैली क्या आप अपने बीमा का दावा करना चाहेंगे?,3,0
thats it.., यह बात है..,1,0
thank you, धन्यवाद,2,2
ell the agent you need a proof of insurance for one of your car, एजेंट को बताएं कि आपको अपनी कार में से किसी एक के लिए बीमा के प्रमाण की आवश्यकता है,1,0
anbu raj, अंबु राजो,0,0
"Thank you! I'd also need the last 4 digits of the SSN.
", आपको धन्यवाद! मुझे एसएसएन के अंतिम 4 अंक भी चाहिए।,3,0
Bye, अलविदा,2,0
ok, ठीक है,2,0
Could you help me with the year in which the car was made?, क्या आप उस वर्ष में मेरी मदद कर सकते हैं जिसमें कार बनाई गई थी?,3,0
i am siva  i have lost my ssn no, मैं शिव हूँ मैंने अपना एसएसएन नंबर खो दिया है,1,1
"Sure, I'm glad I could help. I've initiated a request for a replacement. You'll be receiving it within three days. I request you to send the current broken device in the return envelope.","ज़रूर, मुझे खुशी है कि मैं मदद कर सका। मैंने एक प्रतिस्थापन के लिए एक अनुरोध शुरू किया है। आपको यह तीन दिनों के भीतर प्राप्त हो जाएगा। मैं आपसे अनुरोध करता हूं कि वर्तमान टूटे हुए उपकरण को रिटर्न लिफाफे में भेजें।",3,0
I need a proof of insurance for one of my cars, मुझे अपनी कारों में से एक के लिए बीमा का प्रमाण चाहिए,2,0
"Awesome! Thanks for reaching out to us, I hope you have a wonderful day ahead!"," बहुत बढ़िया! हमसे संपर्क करने के लिए धन्यवाद, मुझे आशा है कि आपका आने वाला दिन शानदार रहेगा!",3,2
A very good morning! How may I assist you?, एक बहुत अच्छी सुबह! मैं आपकी कैसे सहायता कर सकता हूँ?,3,2
I NEED A HELP, मुझे मदद चाहिए,1,0
My name is sameera., मेरा नाम समीरा है।,2,0
hi, नमस्ते,2,0
awt452321879, awt452321879,0,0
How to apply insurance?, बीमा कैसे लागू करें?,1,0
YES, हां,2,2
My pleasure! Is there anything else I may assist you with?, मेरा सौभाग्य! क्या कुछ और है जिसमें मैं आपकी सहायता कर सकता हूं?,3,2
VENIOP, वेनिओप,0,0
OK THANK YOU, ठीक है धन्यवाद,3,2
OK THANK YOU, ठीक है धन्यवाद,3,2
2016,2016,0,0
It's BMW 720D, यह बीएमडब्ल्यू 720D . है,0,0
"I appreciate your patience in staying connected. Here's a Good news to inform you that , I've checked with my team and prepared  the required documents, and that file will be soon mailed to your address. ","मैं जुड़े रहने में आपके धैर्य की सराहना करता हूं। आपको यह सूचित करने के लिए एक अच्छी खबर है कि, मैंने अपनी टीम के साथ जांच की है और आवश्यक दस्तावेज तैयार किए हैं, और वह फाइल जल्द ही आपके पते पर भेज दी जाएगी।",3,2
"Thank you for reaching out to us, please feel free to reach out for further concerns."," हमसे संपर्क करने के लिए धन्यवाद, कृपया आगे की चिंताओं के लिए बेझिझक संपर्क करें।",3,2
8754,8754,0,0
"Thank you for being patient, I'd like to inform you that we've mailed the copy of documents to your address which will be delivered to you at the earliest."," धैर्य रखने के लिए धन्यवाद, मैं आपको सूचित करना चाहता हूं कि हमने दस्तावेजों की प्रति आपके पते पर भेज दी है जो आपको जल्द से जल्द पहुंचा दी जाएगी।",3,2
Thank you for staying on hold. I've a good news. Your request for the replacement device has been initiated and it will be delivered in 2 days. You need to send the damaged piece in the return envelope. Is there anything else I might help you with?, रुके रहने के लिए धन्यवाद। मेरे पास एक अच्छी खबर है। डिवाइस बदलने के लिए आपका अनुरोध शुरू कर दिया गया है और इसे 2 दिनों में डिलीवर कर दिया जाएगा। आपको क्षतिग्रस्त टुकड़े को रिटर्न लिफाफे में भेजना होगा। क्या कुछ और है जिसमें मैं आपकी मदद कर सकता हूं?,3,0
HELLO GOOD MORNING, हैलो सुप्रभात,3,2
Great! I'd be glad to help you with that. May I know your name please?, महान! मुझे इसमें आपकी मदद करने में खुशी होगी। क्या मैं आपका नाम जान सकता हूँ?,3,2
Cool! Could you share the car details please? I will need the make and model of the car?, ठंडा! क्या आप कृपया कार का विवरण साझा कर सकते हैं? मुझे कार के मेक और मॉडल की आवश्यकता होगी?,3,0
I NEED STATUS OF CLAIM, मुझे दावे की स्थिति चाहिए,1,0
2017,2017,0,0
"Alright! Feel free to contact us when needed, have a nice day. Goodbye.","ठीक है! जरूरत पड़ने पर बेझिझक हमसे संपर्क करें, आपका दिन शुभ हो। अलविदा।",2,0
Thank you so much! Please could you also help me with the claim number?, बहुत-बहुत धन्यवाद! कृपया आप मुझे दावा संख्या के साथ भी मदद कर सकते हैं?,3,2
no thanks bye, नहीं धन्यवाद अलविदा,3,1
Definitely! I'd be glad to help you with that. Could you please help me with your first and last name and also the last 4 digits of your SSN number?, निश्चित रूप से! मुझे इसमें आपकी मदद करने में खुशी होगी। क्या आप कृपया अपने पहले और अंतिम नाम के साथ-साथ अपने एसएसएन नंबर के अंतिम 4 अंकों के साथ मेरी मदद कर सकते हैं?,3,0
could you please let me know the year the was manufactured?, क्या आप कृपया मुझे बता सकते हैं कि किस वर्ष निर्मित किया गया था?,3,0
ANGEL, देवदूत,0,0
please to correct, कृपया सही करने के लिए,2,0
"Sure thing! I'd be glad to help you with that. Could you please help me with your first and last name, and also the last 4 digits of your SSN number?", अवश्य! मुझे इसमें आपकी मदद करने में खुशी होगी। क्या आप कृपया अपने पहले और अंतिम नाम के साथ-साथ अपने एसएसएन नंबर के अंतिम 4 अंकों के साथ मेरी मदद कर सकते हैं?,3,0
"Hello there! How may I help you?
", नमस्ते! क्या मेरे द्वारा आपकी कोई सहायता हो सकती है?,3,0
"Perfect! Could you please help me with make and model of the car?
", उत्तम! क्या आप कृपया कार के मेक और मॉडल में मेरी मदद कर सकते हैं?,3,2
Thank You! Could you please share your phone number and email address?, धन्यवाद! क्या आप कृपया अपना फ़ोन नंबर और ईमेल पता साझा कर सकते हैं?,3,0
My policy number is ERT852741963 and claim number is POI456, मेरी पॉलिसी संख्या ERT852741963 है और दावा संख्या POI456 है,1,0
Sure! We are here to assist you in the best possible way. May I know your full name please?, ज़रूर! हम यहां आपकी सर्वोत्तम संभव तरीके से सहायता करने के लिए हैं। क्या मैं आपका पूरा नाम जान सकता हूँ?,3,2
hi, नमस्ते,2,0
i am fine, मैं ठीक हूं,2,2
"Awesome! Thanks for reaching out to us, I hope you have a wonderful day ahead!"," बहुत बढ़िया! हमसे संपर्क करने के लिए धन्यवाद, मुझे आशा है कि आपका आने वाला दिन शानदार रहेगा!",3,2
Is there anything else I may assist you with, क्या कुछ और है जिसमें मैं आपकी सहायता कर सकता हूं,2,0
Sure! I'll help you with that. May I know your name please?, ज़रूर! मैं इसमें आपकी मदद करूंगा। क्या मैं आपका नाम जान सकता हूँ?,3,0
hfg 789325644, एचएफजी 789325644,0,0
Wonderful! Thank you for reaching out to us. Have a nice day. Bye., अद्भुत! हमसे संपर्क की पहल के लिए आपका धन्यवाद। आपका दिन शुभ हो। अलविदा।,3,2
yes, हां,2,0
You're most welcome! Thanks for baring with us. It was a pleasure assisting you. Hope to serve you soon. Have a great day ahead!, आपका स्वागत है! हमसे रूबरू होने के लिए धन्यवाद। आपकी सहायता करना खुशी की बात थी। आशा है जल्द ही आपकी सेवा करेंगे। आगे एक महान दिन हो!,3,2
my two or more cars insured at this company proof of insurance my cars, इस कंपनी में बीमाकृत मेरी दो या दो से अधिक कारें बीमा का प्रमाण मेरी कारें,2,0
That's great! Please could you also share the year of make?, एक दम बढ़िया! कृपया क्या आप निर्माण का वर्ष भी साझा कर सकते हैं?,3,2
Hello! How may I help you today?, नमस्ते! आज मैं आपकी कैसे मदद कर सकता हूँ?,3,0
I got all information..Thank you so much., मुझे सारी जानकारी मिली..बहुत बहुत धन्यवाद।,3,2
HONDA HR-V AND 2001,होंडा एचआर-वी और 2001,0,0
Is there anything else I may help you with?, क्या कुछ और है जिसमें मैं आपकी मदद कर सकता हूं?,2,0
You're welcome! I'm glad I could resolve this for you. Have an amazing day!, आपका स्वागत है! मुझे खुशी है कि मैं इसे आपके लिए हल कर सका। आपका दिन सुखद हो!,3,2
No thank you, नहीं धन्यवाद,3,1
ok, ठीक है,2,0
"Hi there, how may I help you today?"," नमस्ते, मैं आज आपकी कैसे मदद कर सकता हूं?",3,0
Hey! Good morning. How may I assist you today?, अरे! सुबह बख़ैर। आज मैं आपकी मदद किस तरह कर सकता हूँ?,3,0
You're always welcome! Have a great day ahead!,आपका हमेशा स्वागत है! आगे एक महान दिन हो!,3,2
I'm glad that I could resolve this for you. Thanks for reaching out to us. I hope you have a great day ahead! We are always here to help you out in any regards. :), मुझे खुशी है कि मैं इसे आपके लिए हल कर सका। हमसे संपर्क करने के लिए धन्यवाद। मुझे आशा है कि आपके आगे एक अच्छा दिन होगा! हम हमेशा किसी भी मामले में आपकी मदद करने के लिए यहां हैं। :),3,2
I need a status of my claim, मुझे अपने दावे की स्थिति चाहिए,3,0
Sure! We are here to help you. May I know your full name and the last 4 digits of your SSN please?, ज़रूर! हम यहां आपकी सहायता के लिए उपलब्ध हैं। क्या मैं आपका पूरा नाम और आपके एसएसएन के अंतिम 4 अंक जान सकता हूं?,3,0
"Hey Nathaniel, Could you please share your phone number and email address on your account? "," हे नथानिएल, क्या आप कृपया अपने खाते पर अपना फ़ोन नंबर और ईमेल पता साझा कर सकते हैं?",3,0
Ok. Thank you!, ठीक। आपको धन्यवाद!,3,2
raja, राजा,0,0
My car model is BMWi8 2018, मेरी कार का मॉडल BMWi8 2018 है,1,0
Hey there! Good morning. How may I help you today?, सुनो! सुबह बख़ैर। आज मैं आपकी कैसे मदद कर सकता हूँ?,3,0
"Hi, Good Morning. ", हाय सुप्रभात।,3,0
That's great! Please could you confirm it?, एक दम बढ़िया! क्या आप कृपया इसकी पुष्टि कर सकते हैं?,3,2
Yeah! Is there anything else I might help you with?, हाँ! क्या कुछ और है जिसमें मैं आपकी मदद कर सकता हूं?,2,0
tq, टीक्यू,0,0
Hello there! How may I help you today?, नमस्ते! आज मैं आपकी कैसे मदद कर सकता हूँ?,3,0
ok thanks, ठीक है धन्यवाद,3,0
-The toll free number is 888-888-000, -टोल फ्री नंबर 888-888-000 . है,0,0
okay, ठीक है,2,0
Last four digit of my SSN is 7845, मेरे SSN का अंतिम चार अंक 7845 . है,1,0
i need a proof of insurance for one of car, मुझे किसी एक कार के लिए बीमा का प्रमाण चाहिए,1,0
Thank you very much, आपका बहुत बहुत धन्यवाद,3,2
ok, ठीक है,2,0
"Thank you for reaching out to us, we are always grateful serve customers like you. Have a wonderful day!"," हमसे संपर्क करने के लिए धन्यवाद, हम आप जैसे ग्राहकों की सेवा के लिए हमेशा आभारी हैं। शानदार दिन हो!",3,2
A car insurance proof., एक कार बीमा प्रमाण।,0,0
Are we connected?, क्या हम जुड़े हुए हैं?,0,0
thank you so much, आपका बहुत-बहुत धन्यवाद,3,2
Hey there! Good morning. How may I assist you?, सुनो! सुबह बख़ैर। मैं आपकी कैसे सहायता कर सकता हूँ?,3,0
thanks, धन्यवाद,2,2
Sure. I'll need the car's make and model to identify the car., ज़रूर। मुझे कार की पहचान करने के लिए कार के मेक और मॉडल की आवश्यकता होगी।,2,0
I NEED A PROOF OF INSURANCE FOR MY CAR, मुझे अपनी CAR . के लिए बीमा का प्रमाण चाहिए,2,0
"For sure, may I also know the make and the model of the car?","निश्चित रूप से, क्या मैं कार का मेक और मॉडल भी जान सकता हूँ?",2,0
2016,2016,0,0
"OK, THANK YOU SO MUCH AND HAVE A NICE DAY"," ठीक है, आपका बहुत-बहुत धन्यवाद और आपका दिन शुभ हो",3,2
Hey Jesse. My iphone screen has been just cracked. can you please help me fix it, हाय जेसी। मेरे iPhone की स्क्रीन अभी-अभी टूटी है। क्या आप कृपया इसे ठीक करने में मेरी मदद कर सकते हैं,3,1
"Thank you, Muthu. Could you please share the make and the model of the car?"," धन्यवाद, मुथु। क्या आप कृपया कार का मेक और मॉडल साझा कर सकते हैं?",3,0
"yes,i am..", हाँ मैं..,2,0
NO, ना,1,1
Nope thanks a ton," नहीं, धन्यवाद एक टन",3,2
Thank you for staying connected. I've initiated a request for a replacement. You'll be receiving it within three days. I request you to send the current broken device in an envelope., जुड़े रहने के लिए धन्यवाद। मैंने एक प्रतिस्थापन के लिए एक अनुरोध शुरू किया है। आपको यह तीन दिनों के भीतर प्राप्त हो जाएगा। मैं आपसे अनुरोध करता हूं कि वर्तमान टूटे हुए उपकरण को एक लिफाफे में भेज दें।,3,0
ok..sure.., यकीनन ठीक..,2,0
Hello how are you," नमस्ते, आप कैसे हैं",3,0
Hello! How may I help you today?, नमस्ते! आज मैं आपकी कैसे मदद कर सकता हूँ?,3,0
Krishna Raj, कृष्णा राज,0,0
nothing else, और कुछ नहीं,1,0
Thank you. Would you also please share the email address?, शुक्रिया। क्या आप कृपया ईमेल पता भी साझा करेंगे?,3,0
Hi, नमस्ते,2,0
Sorry to hear that! I'd be glad to help you in this regard. Could you please help me with your first and last name?, ऐसा सुनने के लिए क्षमा करें! मुझे इस संबंध में आपकी मदद करने में खुशी होगी। क्या आप कृपया अपने पहले और अंतिम नाम के साथ मेरी मदद कर सकते हैं?,3,0
hai, हाय,2,0
nice thanks, अच्छा धन्यवाद,3,2
You need not pay for the replacement device. It is covered in the insurance policy you've opted for., आपको प्रतिस्थापन डिवाइस के लिए भुगतान करने की आवश्यकता नहीं है। यह आपके द्वारा चुनी गई बीमा पॉलिसी में शामिल है।,1,0
policy no: ndg378728647 and claim no: zfh527, पॉलिसी संख्या: ndg378728647 और दावा संख्या: zfh527,1,0
"anbu raj
", अंबु राजो,0,0
2008,2008,0,0
Great! I appreciate your patience. I've come to know that your payment has already been made. You'll be receiving it within 3 days. Is there anything else that I may help you with?, महान! मैं आपके धैर्य की सराहना करता हूँ। मुझे पता चला है कि आपका भुगतान पहले ही किया जा चुका है। आप इसे 3 दिनों के भीतर प्राप्त कर लेंगे। क्या कुछ और है जिसमें मैं आपकी मदद कर सकता हूं?,3,2
My pleasure! Is there anything else I may assist you with?, मेरा सौभाग्य! क्या कुछ और है जिसमें मैं आपकी सहायता कर सकता हूं?,3,2
Absolutely! I'd be glad to help you with that. Could you please help me with your first and last name and the last 4 digits of your SSN number?,बिल्कुल! मुझे इसमें आपकी मदद करने में खुशी होगी। क्या आप कृपया अपने पहले और अंतिम नाम और अपने एसएसएन नंबर के अंतिम 4 अंकों के साथ मेरी मदद कर सकते हैं?,3,0
Great! Is there anything else I may assist you with?, महान! क्या कुछ और है जिसमें मैं आपकी सहायता कर सकता हूं?,3,2
thanks, धन्यवाद,2,2
ok, ठीक है,2,0
Thanks, धन्यवाद,3,2
"I appreciate your patience in staying connected. Here's a Good news to inform you that , I've checked with my team and prepared  the required documents, and that file will be soon mailed to your address. ","मैं जुड़े रहने में आपके धैर्य की सराहना करता हूं। आपको यह सूचित करने के लिए एक अच्छी खबर है कि, मैंने अपनी टीम के साथ जांच की है और आवश्यक दस्तावेज तैयार किए हैं, और वह फाइल जल्द ही आपके पते पर भेज दी जाएगी।",3,2
OK THANKS, ठीक है धन्यवाद,3,2
Hello! Good morning! What can I do for you today?, नमस्ते! सुबह बख़ैर! मैं आज आपके लिये क्या कर सकता हूँ?,3,0
Hello! How may I help you today?, नमस्ते! आज मैं आपकी कैसे मदद कर सकता हूँ?,3,0
OK, ठीक है,2,0
Awesome! That's a nice car. Could you please help me with the year in which the car was manufactured as well?, बहुत बढ़िया! यह एक अच्छी कार है। क्या आप कृपया मुझे उस वर्ष में मदद कर सकते हैं जिसमें कार का निर्माण भी किया गया था?,3,2
Fantastic! Thank you so much for connecting to us. I'm glad to assist you today. have a great ahead! We are always available here 27*7 to help you out., ज़बरदस्त! हमसे जुड़ने के लिए आपका बहुत-बहुत धन्यवाद। मुझे आज आपकी सहायता करने में खुशी हो रही है। आगे बहुत अच्छा है! हम आपकी सहायता के लिए यहां हमेशा 27*7 उपलब्ध हैं।,3,2
OK THANK YOU, ठीक है धन्यवाद,3,2
"Great! Thank you for reaching out to us, hope that was useful. Have a awesome day!"," महान! हमसे संपर्क करने के लिए धन्यवाद, आशा है कि यह उपयोगी था। आपका दिन शानदार रहे!",3,2
TRE568, TRE568,0,0
Perfect! Could you please share your  policy number and claim number?, उत्तम! क्या आप कृपया अपना पॉलिसी नंबर और दावा संख्या साझा कर सकते हैं?,3,2
Thanks again! Could you please confirm the policy and claim number?, एक बार फिर धन्यवाद! क्या आप कृपया पॉलिसी और दावा संख्या की पुष्टि कर सकते हैं?,3,2
I'm glad I could help. Is there anything else that I might help you with?, मैं खुश हूं कि मैं मदद कर सका। क्या कुछ और है जिसमें मैं आपकी मदद कर सकता हूं?,3,2
No thanks.," जी नहीं, धन्यवाद।",3,1
"Thank you for being patient, I'd like to inform you that the replacement takes place in 1-3 business days, please ensure to send the broken device through an envelope."," धैर्य रखने के लिए धन्यवाद, मैं आपको सूचित करना चाहता हूं कि प्रतिस्थापन 1-3 व्यावसायिक दिनों में होता है, कृपया एक लिफाफे के माध्यम से टूटे हुए उपकरण को भेजना सुनिश्चित करें।",3,0
2365,2365,0,0
"Thank you for sharing the information, I'll be unable to fix the screen. However, I'll be able to replace your damaged phone with the new one. Would that be okay ?"," जानकारी साझा करने के लिए धन्यवाद, मैं स्क्रीन को ठीक नहीं कर पाऊंगा। हालाँकि, मैं आपके क्षतिग्रस्त फ़ोन को नए से बदल सकता हूँ। क्या यह ठीक रहेगा?",3,0
ok thanks, ठीक है धन्यवाद,3,0
Perfect! Please allow me a moment while I go and check with the documents., उत्तम! कृपया मुझे एक क्षण की अनुमति दें जब मैं जाऊं और दस्तावेजों के साथ जांच करूं।,3,2
You're welcome! Let me know if there is anything else that I may help you with., आपका स्वागत है! मुझे बताएं कि क्या कुछ और है जिसमें मैं आपकी मदद कर सकता हूं।,2,2
Great! Could you please give me a moment to initiate your request?,महान! क्या आप कृपया मुझे अपना अनुरोध शुरू करने के लिए एक क्षण दे सकते हैं?,3,2
That'll be 24 hours. Will that be fine?, वह 24 घंटे होगा। क्या यह ठीक रहेगा?,1,0
6598,6598,0,0
hai, हाय,2,0
ok, ठीक है,2,0
"20/40, Anna nagar, chennai"," 20/40, अन्ना नगर, चेन्नई",0,0
Thank you. May I also get the complete claim number?, शुक्रिया। क्या मुझे पूरा क्लेम नंबर भी मिल सकता है?,3,0
yes, हां,2,0
hi, नमस्ते,2,0
You're welcome! May I confirm if all your questions have been answered for the day!, आपका स्वागत है! क्या मैं पुष्टि कर सकता हूँ कि क्या आपके सभी प्रश्नों का उत्तर उस दिन के लिए दे दिया गया है!,3,2
Thank you very much, आपका बहुत बहुत धन्यवाद,3,2
I need a copy of insurance for my car], मुझे अपनी कार के लिए बीमा की एक प्रति चाहिए],2,0
ok, ठीक है,2,0
"I'm so sorry to hear that, I'll be bale to help you get replacement for it, Would you like me to do that?"," मुझे यह सुनकर बहुत अफ़सोस हुआ, मैं इसके बदले में आपकी मदद करने के लिए तैयार हूँ, क्या आप चाहते हैं कि मैं ऐसा करूँ?",3,1
FDA-654, एफडीए-654,0,0
I want status for my claim, मुझे अपने दावे के लिए स्थिति चाहिए,3,0
"Thank you for providing all the information and we'll now go ahead and deliver the entire documents at your mailing address on a file soon.
", सभी जानकारी प्रदान करने के लिए धन्यवाद और अब हम आगे बढ़ेंगे और जल्द ही एक फ़ाइल पर आपके डाक पते पर संपूर्ण दस्तावेज़ वितरित करेंगे।,3,2
Sure thing! I'd  be glad to help you with that. Could you please help me with your full name and the last 4 digits of the SSN number?, अवश्य! मुझे इसमें आपकी मदद करने में खुशी होगी। क्या आप कृपया अपना पूरा नाम और एसएसएन नंबर के अंतिम 4 अंक के साथ मेरी मदद कर सकते हैं?,3,0
I'll also need your email address please share., मुझे आपके ईमेल पते की भी आवश्यकता होगी कृपया साझा करें।,3,0
meenakshi, मीनाक्षी,2,0
yes i need your help., हाँ मुझे आपकी मदद चाहिए।,2,0
"Leonard Estes
", लियोनार्ड एस्टेस,0,0
sorry sir please help me my car insurance, सॉरी सर कृपया मेरी कार बीमा में मदद करें,3,1
"I Need my car proof of insurance, can you arrange for me?"," मुझे अपनी कार के बीमा का प्रमाण चाहिए, क्या आप मेरे लिए व्यवस्था कर सकते हैं?",3,0
"40/60, Anna nagar, chennai."," 40/60, अन्ना नगर, चेन्नई।",0,0
okay, ठीक है,2,0
"Perfect! Thank you for being patient in sharing the information. Please allow  me a moment, while I get back to you with a solution."," उत्तम! जानकारी साझा करने में धैर्य रखने के लिए धन्यवाद। कृपया मुझे एक क्षण की अनुमति दें, जबकि मैं समाधान के साथ आपके पास वापस आऊंगा।",3,2
"Thanks for staying connected,  good news I'll be able to replace your damaged phone with a new one. I request you to please return the damaged phone in an envelope, the new phone will be delivered as soon as we get the damaged piece.  Will there be anything else I may help you in?","जुड़े रहने के लिए धन्यवाद, खुशखबरी मैं आपके क्षतिग्रस्त फोन को एक नए से बदल पाऊंगा। मेरा आपसे अनुरोध है कि कृपया क्षतिग्रस्त फोन को एक लिफाफे में वापस कर दें, जैसे ही हमें क्षतिग्रस्त टुकड़ा मिलेगा, नया फोन डिलीवर कर दिया जाएगा। क्या कुछ और होगा जिसमें मैं आपकी मदद कर सकूं?",3,2
Sure! Please could you share your contact number?, ज़रूर! क्या आप अपना संपर्क नंबर साझा कर सकते हैं?,2,0
"Sure, 5468"," ज़रूर, 5468",2,0
"Sure, please allow me a minute to work on your request."," ज़रूर, कृपया मुझे आपके अनुरोध पर काम करने के लिए एक मिनट का समय दें।",3,0
Hope we're connected?, आशा है कि हम जुड़े हुए हैं?,0,0
All right! Could you please give me a moment till I verify this with my team?," ठीक है! जब तक मैं अपनी टीम के साथ इसकी पुष्टि नहीं कर लेता, क्या आप मुझे कुछ समय दे सकते हैं?",3,0
yes, हां,2,0
my mobile phone is damaged, मेरा मोबाइल फोन खराब हो गया है,1,1
thank you for your cooperation, आपके सहयोग के लिए धन्यवाद,3,2
2020,2020,0,0
2016,2016,0,0
Hello! How may I assist you today?, नमस्ते! आज मैं आपकी मदद किस तरह कर सकता हूँ?,3,0
4458,4458,0,0
Hello there! How may I assist you today?, नमस्ते! आज मैं आपकी मदद किस तरह कर सकता हूँ?,3,0
ok, ठीक है,2,0
You're welcome! Would there be anything else I may assist you with?, आपका स्वागत है! क्या कुछ और होगा जिसमें मैं आपकी सहायता कर सकूं?,3,2
"I hope you have a great day ahead. Goodbye! 
", मुझे आशा है कि आपके लिए आगे एक अच्छा दिन होगा। अलविदा!,3,2
ok, ठीक है,2,0
i  need a proof of insurance for one of my cars, मुझे अपनी कारों में से एक के लिए बीमा का प्रमाण चाहिए,2,0
yty586, yty586,0,0
Appreciate your patience! Please note that the documents of proof shall reach you within 48 working hours. Pleasure helping you. You can reach us at 673-735-073 for any queries. Good day!, अपने धैर्य की सराहना! कृपया ध्यान दें कि सबूत के दस्तावेज 48 कार्य घंटों के भीतर आप तक पहुंच जाएंगे। आपकी मदद करने में खुशी। आप किसी भी प्रश्न के लिए 673-735-073 पर हमसे संपर्क कर सकते हैं। अच्छा दिन!,3,2
"yes, I'm doing well. thank you."," हाँ, मैं अच्छा कर रहा हूँ। शुक्रिया।",3,2
Hope we're connected?, आशा है कि हम जुड़े हुए हैं?,0,0
"Awesome, Thanks for being so cooperative Sarika, Kindly allow me a minute while I check your claim status."," बहुत बढ़िया, इतनी सहयोगी होने के लिए धन्यवाद सारिका, कृपया मुझे आपके दावे की स्थिति की जांच करने के लिए एक मिनट का समय दें।",3,2
name: divi, नाम: दिव्य,0,0
Hello! How may I assist you?, नमस्ते! मैं आपकी कैसे सहायता कर सकता हूँ?,3,0
Thank you for sharing the details. The insurance proof will be delivered to the registered address within a week. Is there anything else I may help you with?,विवरण साझा करने के लिए धन्यवाद। बीमा प्रमाण एक सप्ताह के भीतर पंजीकृत पते पर पहुंचा दिया जाएगा। क्या कुछ और है जिसमें मैं आपकी मदद कर सकता हूं?,3,0
asd 576, एएसडी 576,0,0
Oh I am sorry My car model Audi A7 2017, ओह आई एम सॉरी माई कार मॉडल ऑडी ए7 2017,3,0
I hope you have  great day ahead! Goodbye!, मुझे आशा है कि आपके पास आगे का दिन अच्छा होगा! अलविदा!,3,2
FDH456568965, FDH456568965,0,0
5478,5478,0,0
hi, नमस्ते,2,0
Awesome! Could you please let me know the year the car was manufactured?, बहुत बढ़िया! क्या आप कृपया मुझे बता सकते हैं कि कार का निर्माण किस वर्ष किया गया था?,3,2
hi, नमस्ते,2,0
Have a nice day, आपका दिन शुभ हो,2,2
Thanks for the information. Please allow me a moment while I check this for you.," सूचना के लिए धन्यवाद। कृपया मुझे कुछ समय दें, जब तक मैं आपके लिए यह जांचता हूं।",3,0
"Perfect! Thank you for the details, please give me a minute."," उत्तम! विवरण के लिए धन्यवाद, कृपया मुझे एक मिनट दें।",3,2
"Alright! I've contacted the concerned team, they'll mail you the copy of your car insurance proof on the registered address. you'll receive it within 2 business days. however, if you fail to receive it, reach out to us immediately we are available here 24*7. "," ठीक है! मैंने संबंधित टीम से संपर्क किया है, वे आपको पंजीकृत पते पर आपके कार बीमा प्रमाण की प्रति मेल करेंगे। आप इसे 2 व्यावसायिक दिनों के भीतर प्राप्त कर लेंगे। हालांकि, अगर आप इसे प्राप्त करने में विफल रहते हैं, तो तुरंत हमसे संपर्क करें हम यहां 24*7 उपलब्ध हैं।",2,2
How may I help you?, क्या मेरे द्वारा आपकी कोई सहायता हो सकती है?,0,0
Is there anything else I can help you with Antony?, क्या एंटनी के साथ मैं आपकी कुछ और मदद कर सकता हूं?,2,0
"Alas! That's so upsetting, I'll certainly help you out in this regard. How may I help you today?"," काश! यह बहुत परेशान करने वाला है, मैं निश्चित रूप से इस संबंध में आपकी मदद करूंगा। आज मैं आपकी कैसे मदद कर सकता हूँ?",3,1
my phone is damaged, मेरा फोन खराब हो गया है,1,1
my name is smith ... please fix the screen, मेरा नाम स्मिथ है ... कृपया स्क्रीन को ठीक करें,3,0
"I really appreciate for staying connected, the proof of insurance documents will be mailed to the updated address with in 2-3 business days. "," मैं वास्तव में जुड़े रहने के लिए सराहना करता हूं, बीमा दस्तावेजों का प्रमाण 2-3 व्यावसायिक दिनों में अद्यतन पते पर भेज दिया जाएगा।",3,2
Is there anything else I may help you with for today?, क्या कुछ और है जो मैं आज के लिए आपकी मदद कर सकता हूँ?,2,0
Thank you very much, आपका बहुत बहुत धन्यवाद,3,2
Thank you staying connected. Here's a good news for you. that the required documents are ready and will soon reach your address through a post.,जुड़े रहने के लिए धन्यवाद। यहां आपके लिए एक अच्छी खबर है। कि आवश्यक दस्तावेज तैयार हैं और जल्द ही एक डाक के माध्यम से आपके पते पर पहुंच जाएंगे।,3,2
HI, नमस्ते,2,0
Thank you so much for sharing the details. Please allow me a minute to check the status., विवरण साझा करने के लिए आपका बहुत-बहुत धन्यवाद। कृपया मुझे स्थिति जांचने के लिए एक मिनट का समय दें।,3,2
ASG768954321, एएसजी768954321,0,0
Awesome! May I confirm the shared information to be correct?,बहुत बढ़िया! क्या मैं साझा की गई जानकारी के सही होने की पुष्टि कर सकता हूं?,3,2
THANKS FOR HELPING., मदद के लिए शुक्रिया।,3,2
my policy number dsf124578658, मेरी पॉलिसी नंबर dsf124578658,1,0
Policy Number : REU468217114 & Claim Number : BKX174, पॉलिसी संख्या: आरईयू468217114 और दावा संख्या: बीकेएक्स174,0,0
Hey there! How may I help you today?, सुनो! आज मैं आपकी कैसे मदद कर सकता हूँ?,3,0
Could you also share the model and the year the car was manufactured?, क्या आप मॉडल और कार के निर्माण का वर्ष भी साझा कर सकते हैं?,3,0
You're welcome! Anything else I can help you with?, आपका स्वागत है! मैं आपकी और कुछ मदद कर सकता हूँ?,2,2
NO THANKS," जी नहीं, धन्यवाद",3,1
"my iphone mobile just damaged please fix my mobile screen
", मेरा आईफोन मोबाइल खराब हो गया है कृपया मेरे मोबाइल स्क्रीन को ठीक करें,3,1
no thaks bye, नहीं धन्यवाद अलविदा,2,0
KIL236598741, केआईएल236598741,0,0
no thanks bye, नहीं धन्यवाद अलविदा,3,1
?*, ?*,0,0
NOTHING ELSE, और कुछ नहीं,2,0
"Ford Figo Facelift
", फोर्ड फिगो फेसलिफ्ट,0,0
Hello there! How may I help you today?, नमस्ते! आज मैं आपकी कैसे मदद कर सकता हूँ?,3,0
nothing else, और कुछ नहीं,1,0
Hello! How may I help you today?, नमस्ते! आज मैं आपकी कैसे मदद कर सकता हूँ?,3,0
"Sure! That won't be a problem. Certainly, I'll help you. May I know your full name?
"," ज़रूर! यह कोई समस्या नहीं होगी। ज़रूर, मैं आपकी मदद करूँगा। क्या मैं आपका पूरा नाम जान सकता हूँ?",3,0
T10, टी10,0,0
good morning, शुभ प्रभात,2,2
My last name is meera., मेरा अंतिम नाम मीरा है।,1,0
You're welcome! I hope that was helpful. Would you there be anything else I may help you with?, आपका स्वागत है! मुझे आशा है कि यह मददगार था। क्या आपके पास और कुछ होगा जिसमें मैं आपकी मदद कर सकूं?,3,2
"Sorry, Please update the year as 2015."," क्षमा करें, कृपया वर्ष 2015 के रूप में अपडेट करें।",3,0
ok, ठीक है,2,0
"Thank you for all the details. As we provide the insurance to your phone, kindly give me a minute to proceed further for the replacement.","सभी विवरण के लिए धन्यवाद। जैसा कि हम आपके फोन को बीमा प्रदान करते हैं, कृपया मुझे प्रतिस्थापन के लिए आगे बढ़ने के लिए एक मिनट दें।",3,0
2016,2016,0,0
"Thank you James, may I know the email address associated with the account? "," धन्यवाद जेम्स, क्या मैं खाते से संबद्ध ईमेल पता जान सकता हूं?",3,0
2563,2563,0,0
okay, ठीक है,2,0
I'll also need your email address please share., मुझे आपके ईमेल पते की भी आवश्यकता होगी कृपया साझा करें।,3,0
okk thank you, ठीक है धन्यवाद,3,2
"Perfect! Thank you for being patient in sharing the information.  Please allow me a moment, I'll get back to you with the details."," उत्तम! जानकारी साझा करने में धैर्य रखने के लिए धन्यवाद। कृपया मुझे एक क्षण दें, मैं विवरण के साथ आपके पास वापस आऊंगा।",3,2
"I hope you have a great day ahead. Goodbye! 
", मुझे आशा है कि आपके लिए आगे एक अच्छा दिन होगा। अलविदा!,3,2
ok, ठीक है,2,0
Thanks for contacting us. You can reach us at 673-735-073 for any queries. Good day!, हमे संपर्क करने के लिए धन्यवाद। आप किसी भी प्रश्न के लिए 673-735-073 पर हमसे संपर्क कर सकते हैं। अच्छा दिन!,3,2
Nothing else, और कुछ नहीं,2,0
Thank you for the details. Could you help me with the year in which the car manufactured?, विवरण के लिए धन्यवाद। क्या आप उस वर्ष में मेरी मदद कर सकते हैं जिसमें कार का निर्माण हुआ?,3,0
"I really appreciate for staying connected, the documents will be mailed to the updated address shortly."," मैं वास्तव में जुड़े रहने के लिए सराहना करता हूं, दस्तावेजों को शीघ्र ही अद्यतन पते पर भेज दिया जाएगा।",3,2
SURE..THANK YOU," पक्का, आपका धन्यवाद",3,2
If there's no response the chat will be ended in a minute., अगर कोई प्रतिक्रिया नहीं है तो चैट एक मिनट में समाप्त हो जाएगी।,1,0
ok thanks, ठीक है धन्यवाद,3,0
Sure. I'll help you with that. May I know your name and the last 4 digits of the SSN please?, ज़रूर। मैं इसमें आपकी मदद करूंगा। क्या मैं आपका नाम और SSN के अंतिम 4 अंक जान सकता हूँ?,3,0
Thanks Selva! could you please share the last 4 digit of the SSN?, धन्यवाद सेल्वा! क्या आप कृपया SSN के अंतिम 4 अंक साझा कर सकते हैं?,3,0
lakshmanan, लक्ष्मणन,0,0
Oh! What's the problem with the phone?, ओह! फोन में क्या समस्या है?,2,1
Hey there! How may I assist you today?,सुनो! आज मैं आपकी मदद किस तरह कर सकता हूँ?,3,0
ok, ठीक है,2,0
Awesome! May I confirm your information to be correct?, बहुत बढ़िया! क्या मैं आपकी जानकारी के सही होने की पुष्टि कर सकता हूँ?,3,2
Maruthi mechanical e3 2017, मारुति मैकेनिकल ई3 2017,2,0
rte8976453467, आरटीई8976453467,0,0
ok, ठीक है,2,0
"I want to know the status of my claim, Can you please help me?"," मैं अपने दावे की स्थिति जानना चाहता हूं, क्या आप कृपया मेरी मदद कर सकते हैं?",3,0
"Perfect! Thank you for sharing the information, Could you please allow me a moment, while I get this done for you?","उत्तम! जानकारी साझा करने के लिए धन्यवाद, क्या आप कृपया मुझे एक क्षण की अनुमति दे सकते हैं, जबकि मैं आपके लिए यह कर रहा हूं?",3,2
" I'd like to inform you that, To proceed further documentation I'll require few details about the car like the make and the model of the car, could you please share them?"," मैं आपको सूचित करना चाहता हूं कि, आगे के दस्तावेज़ीकरण को आगे बढ़ाने के लिए मुझे कार के बारे में कुछ विवरणों की आवश्यकता होगी जैसे कार का मेक और मॉडल, क्या आप कृपया उन्हें साझा कर सकते हैं?",3,0
8578655488,8578655488,0,0
Pleasure is mine! I hope that all your queries are cleared?, मेरा सौभाग्य है! मुझे आशा है कि आपके सभी प्रश्नों का समाधान हो गया होगा?,3,2
Hey there! How may I help you?, सुनो! क्या मेरे द्वारा आपकी कोई सहायता हो सकती है?,3,0
"Awesome! Thanks for connecting with us, hope you have a wonderful day ahead! "," बहुत बढ़िया! हमारे साथ जुड़ने के लिए धन्यवाद, आशा है कि आपका आने वाला दिन शानदार हो!",3,2
Thank you for the information. Please allow me a moment while I get the best solution for you., जानकारी के लिए धन्यवाद। कृपया मुझे एक क्षण दें जब तक कि मुझे आपके लिए सबसे अच्छा समाधान मिल जाए।,3,2
hi sir, नमस्कार श्री मान जी,3,0
"Thank you for bringing this up to us, hope that was helpful. Have an awesome day!"," इसे हमारे सामने लाने के लिए धन्यवाद, आशा है कि यह मददगार था। आपका दिन कमाल का रहे!",3,2
ok, ठीक है,2,0
Have a nice day. Bye!, आपका दिन शुभ हो। अलविदा!,2,2
"I really appreciate for staying connected, the documents will be mailed to the updated address shortly."," मैं वास्तव में जुड़े रहने के लिए सराहना करता हूं, दस्तावेजों को शीघ्र ही अद्यतन पते पर भेज दिया जाएगा।",3,2
NAME - NANCY BRIGITTE, नाम - नैन्सी ब्रिगिट,0,0
Thank you for reaching out to us. Have a great day. Bye., हमसे संपर्क की पहल के लिए आपका धन्यवाद। आपका दिन अच्छा रहे। अलविदा।,3,2
"hi,good morning", हाय सुप्रभात,3,0
ok thanks, ठीक है धन्यवाद,3,0
And also could you please share the claim number?, और क्या आप कृपया दावा संख्या भी साझा कर सकते हैं?,3,0
OK THANKS, ठीक है धन्यवाद,3,2
Thank you very much, आपका बहुत बहुत धन्यवाद,3,2
123456879,123456879,0,0
Are we connected?, क्या हम जुड़े हुए हैं?,0,0
I NEED A  STATUS OF CLAIM INSURANCE, मुझे दावा बीमा की स्थिति चाहिए,1,0
Thanks for staying connected. The payment has already been initiated. You'll be receiving the check within the next three days. Would you need anything else?, जुड़े रहने के लिए धन्यवाद। भुगतान शुरू किया जा चुका है। आपको अगले तीन दिनों के भीतर चेक मिल जाएगा। क्या आपको कुछ और चाहिए होगा?,3,2
My iPhone screen was cracked and i need to fix it with the insurance., मेरी iPhone स्क्रीन टूट गई थी और मुझे इसे बीमा के साथ ठीक करने की आवश्यकता है।,1,1
yes, हां,2,0
"Thank you for being Patient, I've processed the request made by you the proof documents will be reaching you in 2 days at your registered address. Is there anything I may help you in?
"," धैर्यवान होने के लिए धन्यवाद, मैंने आपके द्वारा किए गए अनुरोध को संसाधित कर दिया है प्रूफ दस्तावेज़ आपके पंजीकृत पते पर 2 दिनों में आप तक पहुंच जाएंगे। क्या कोई ऐसी चीज है जिसमें मैं आपकी मदद कर सकता हूं?",3,2
Have a great day ahead. Hope to serve you soon again., आगे एक महान दिन हो। आशा है कि आप जल्द ही फिर से सेवा करेंगे।,2,2
"Thank you for staying connected, I'd like to inform you that the proof documents will be mailed to your house address in the next 2 business days. ","जुड़े रहने के लिए धन्यवाद, मैं आपको सूचित करना चाहता हूं कि अगले 2 व्यावसायिक दिनों में सबूत दस्तावेज आपके घर के पते पर भेज दिए जाएंगे।",3,0
Are we connected?, क्या हम जुड़े हुए हैं?,0,0
"Hi there, how may I help you today?"," नमस्ते, मैं आज आपकी कैसे मदद कर सकता हूं?",3,0
Hello! How may I help you today?, नमस्ते! आज मैं आपकी कैसे मदद कर सकता हूँ?,3,0
HELLO, नमस्ते,2,0
HI GOOD MORNING, हाय सुप्रभात,3,0
"nothing more, Thank you so much for your help "," और कुछ नहीं, आपकी मदद के लिए बहुत-बहुत धन्यवाद",3,2
"Thank you for providing all the information and we'll now go ahead and deliver the entire documents at your mailing address on a file soon.
", सभी जानकारी प्रदान करने के लिए धन्यवाद और अब हम आगे बढ़ेंगे और जल्द ही एक फ़ाइल पर आपके डाक पते पर संपूर्ण दस्तावेज़ वितरित करेंगे।,3,2
NOTHING ELSE, और कुछ नहीं,2,0
Sure thing! May I know your name?, अवश्य! मैं आपका नाम जान सकता हुँ?,2,0
Wonderful! Thank you for reaching out to us. Have a nice day. Bye., अद्भुत! हमसे संपर्क की पहल के लिए आपका धन्यवाद। आपका दिन शुभ हो। अलविदा।,3,2
7639599789 arun@.gamil.com, 7639599789 arun@.gamil.com,0,0
Thank you for staying on hold. It will take a couple of business days to reach you. I hope that all your queries are cleared?, रुके रहने के लिए धन्यवाद। आप तक पहुंचने में कुछ व्यावसायिक दिन लगेंगे। मुझे आशा है कि आपके सभी प्रश्नों का समाधान हो गया होगा?,3,1
"NOTHING ELSE, THANKS AGAIN"," और कुछ नहीं, फिर से धन्यवाद",3,2
Smith may I know your phone number and the email address associated with the account?, स्मिथ क्या मैं आपका फोन नंबर और खाते से जुड़ा ईमेल पता जान सकता हूं?,2,0
hello! Good morning! How may I help you today?, नमस्ते! सुबह बख़ैर! आज मैं आपकी कैसे मदद कर सकता हूँ?,3,0
8956234512,8956234512,0,0
no, नहीं,1,1
anusiya, अनुसिया,2,0
nijam, निजामो,0,0
Raj sri, राज श्री,0,0
Hey there! How may I help you?, सुनो! क्या मेरे द्वारा आपकी कोई सहायता हो सकती है?,3,0
I'm glad I could help. Always a pleasure to assist customers like you. Have a great day!, मैं खुश हूं कि मैं मदद कर सका। आप जैसे ग्राहकों की सहायता करने में हमेशा खुशी होती है। आपका दिन अच्छा रहे!,3,2
sir i have car i need insurance, सर मेरे पास कार है मुझे बीमा चाहिए,1,0
"Thank you, Could now help me with the email address associated with the account.
"," धन्यवाद, अब खाते से जुड़े ईमेल पते में मेरी मदद कर सकता है।",3,0
OK THANKS, ठीक है धन्यवाद,3,2
Hello there! Good morning! I hope you're having a great day. How may I help you today?, नमस्ते! सुबह बख़ैर! मुझे आशा है कि आपका दिन अच्छा बीतेगा। आज मैं आपकी कैसे मदद कर सकता हूँ?,3,2
Hello! Good morning! How may I assist you today?, नमस्ते! सुबह बख़ैर! आज मैं आपकी मदद किस तरह कर सकता हूँ?,3,0
ok, ठीक है,2,0
hi, नमस्ते,2,0
"Alright! May I know the make of the car, model of the car and lastly, the year car was made?
"," ठीक है! क्या मुझे कार का मेक, कार का मॉडल और आखिरकार कार बनने का वर्ष पता चल सकता है?",3,0
6985,6985,0,0
"And lastly, Could you please share the year the car was manufactured? "," और अंत में, क्या आप कृपया बता सकते हैं कि कार का निर्माण किस वर्ष किया गया था?",3,0
HI, नमस्ते,2,0
no thanks," जी नहीं, धन्यवाद",3,1
"Awesome! Thank you for reaching out to us, please feel free to reach out for further concerns."," बहुत बढ़िया! हमसे संपर्क करने के लिए धन्यवाद, कृपया आगे की चिंताओं के लिए बेझिझक संपर्क करें।",3,2
"Thank you for sharing the required information, please allow me a moment while I go ahead and do the needful.","आवश्यक जानकारी साझा करने के लिए धन्यवाद, कृपया मुझे आगे बढ़ने और आवश्यक कार्य करने के लिए एक क्षण का समय दें।",3,0
Alright! Would you please help me with the make and the model of the car?, ठीक है! क्या आप कृपया कार के मेक और मॉडल के बारे में मेरी मदद करेंगे?,3,0
thank you so much, आपका बहुत-बहुत धन्यवाद,3,2
Perfect! Please feel free to reach out to us for further queries. Have a nice day. Bye., उत्तम! कृपया आगे के प्रश्नों के लिए हमसे बेझिझक संपर्क करें। आपका दिन शुभ हो। अलविदा।,3,2
"Thanks Mani. I'd like to inform you that I wouldn't be able to help you with this. However, I request you to visit our store the associates there will help you in getting your phone repaired, they'll also ask your for certain documents like insurance proof and other. please submit it to them. I hope this is helpful?  "," धन्यवाद मणि। मैं आपको सूचित करना चाहता हूं कि मैं इसमें आपकी मदद नहीं कर पाऊंगा। हालांकि, मैं आपसे अनुरोध करता हूं कि आप हमारे स्टोर पर जाएं, वहां के सहयोगी आपके फोन की मरम्मत में आपकी मदद करेंगे, वे आपसे बीमा प्रमाण और अन्य जैसे कुछ दस्तावेज भी मांगेंगे। कृपया इसे उन्हें जमा करें। मुझे आशा है कि यह मददगार है?",3,1
Can I have a proof of insurance on my Toyota please?,क्या मुझे अपने टोयोटा पर बीमा का प्रमाण मिल सकता है?,3,0
replacement please, कृपया प्रतिस्थापन करें,3,0
Yes! of course I'll help you in getting your car insurance proof. I'll require your details to proceed further. May I know your name please?, हाँ! निश्चित रूप से मैं आपकी कार बीमा प्रमाण प्राप्त करने में आपकी सहायता करूंगा। आगे बढ़ने के लिए मुझे आपके विवरण की आवश्यकता होगी। क्या मैं आपका नाम जान सकता हूँ?,3,2
Good Morning, शुभ प्रभात,3,0
You're always welcome! Have a great day ahead. Hope to serve you soon again., आपका हमेशा स्वागत है! आगे एक महान दिन हो। आशा है कि आप जल्द ही फिर से सेवा करेंगे।,3,2
NAME: CAMILA, नाम: कैमिला,0,0
no, नहीं,1,1
no, नहीं,1,1
You're welcome! Would there be anything else that I may help you with?, आपका स्वागत है! क्या कुछ और होगा जिससे मैं आपकी मदद कर सकूं?,2,2
rajan@gmail.com, rajan@gmail.com,0,0
Hello! How may I help you today?, नमस्ते! आज मैं आपकी कैसे मदद कर सकता हूँ?,3,0
Thank you for staying connected. I've initiated a request for a replacement. You'll be receiving it within three days. I request you to send the current broken device in the return envelope., जुड़े रहने के लिए धन्यवाद। मैंने एक प्रतिस्थापन के लिए एक अनुरोध शुरू किया है। आपको यह तीन दिनों के भीतर प्राप्त हो जाएगा। मैं आपसे अनुरोध करता हूं कि वर्तमान टूटे हुए उपकरण को रिटर्न लिफाफे में भेजें।,3,1
I need fix my mobile screen it was broken," मुझे अपने मोबाइल की स्क्रीन को ठीक करने की आवश्यकता है, यह टूट गया था",2,0
Sure thing! I'd be glad to help you with that. Could you please help me with your full name?, अवश्य! मुझे इसमें आपकी मदद करने में खुशी होगी। क्या आप कृपया अपने पूरे नाम के साथ मेरी मदद कर सकते हैं?,3,0
Hello there! How may I help you today?, नमस्ते! आज मैं आपकी कैसे मदद कर सकता हूँ?,3,0
Hey! A very good morning to you. How may I help you today?, अरे! आपके लिए एक बहुत ही शुभ प्रभात। आज मैं आपकी कैसे मदद कर सकता हूँ?,3,2
"Hello there, how may I assist you today? "," नमस्ते, मैं आज आपकी कैसे सहायता कर सकता हूँ?",3,0
"Is there anything else I may help you out with today?
", क्या आज मैं आपकी कुछ और मदद कर सकता हूँ?,2,0
Good news! I've made a request for the both duplicate copies of your car insurance proof that will be mailed to you on your registered address. I'd also like to inform you that you'll receive the mail within 48 hours.,खुशखबरी! मैंने आपके कार बीमा प्रमाण की दोनों डुप्लीकेट प्रतियों के लिए एक अनुरोध किया है जो आपको आपके पंजीकृत पते पर मेल कर दी जाएगी। मैं आपको यह भी सूचित करना चाहता हूं कि आपको 48 घंटों के भीतर मेल प्राप्त हो जाएगा।,3,2
asa, के रूप में,0,0
ok, ठीक है,2,0
Sure., ज़रूर।,2,0
"hi,good morning", हाय सुप्रभात,3,0
Great! Please allow me a moment to check in the details stay connected.," महान! कृपया मुझे विवरणों की जांच करने के लिए एक क्षण का समय दें, जुड़े रहें।",3,2
"Thank you Meenakshi, could you please let me know the make and model of the car?"," धन्यवाद मीनाक्षी, क्या आप कृपया मुझे कार के मेक और मॉडल के बारे में बता सकती हैं?",3,0
"Awesome! I appreciate your patience in sharing the information. Allow me a moment, while I do the needful."," बहुत बढ़िया! मैं जानकारी साझा करने में आपके धैर्य की सराहना करता हूं। मुझे एक क्षण की अनुमति दें, जबकि मैं आवश्यक कार्य करता हूं।",3,2
Perfect! Please could you also help me know the year the car was made?, उत्तम! कृपया क्या आप मुझे यह जानने में भी मदद कर सकते हैं कि कार किस वर्ष बनी थी?,3,2
I want fix my screen, मुझे अपनी स्क्रीन ठीक करनी है,2,0
Awesome! Could you please help me with the make and model of the car?, बहुत बढ़िया! क्या आप कृपया कार के मेक और मॉडल के बारे में मेरी मदद कर सकते हैं?,3,2
"For sure! I'll be glad to assist you with that, may I know your name and the last 4 digits of SSN?"," पक्का! मुझे इसमें आपकी सहायता करने में खुशी होगी, क्या मैं आपका नाम और SSN के अंतिम 4 अंक जान सकता हूँ?",3,0
ok thanks, ठीक है धन्यवाद,3,0
Hey there! How may I assist you today?,सुनो! आज मैं आपकी मदद किस तरह कर सकता हूँ?,3,0
Cool! Could you share the car details please? I will need the make and model of the car?, ठंडा! क्या आप कृपया कार का विवरण साझा कर सकते हैं? मुझे कार के मेक और मॉडल की आवश्यकता होगी?,3,0
Perfect! Thank you so much for the information. please allow me a moment while I check this for you.,उत्तम! जानकारी के लिए बहुत - बहुत धन्यवाद। कृपया मुझे एक क्षण दें जब तक मैं आपके लिए यह जांचता हूं।,3,2
Okay, ठीक,2,0
Perfect! May I know your email address please?, उत्तम! क्या मैं आपका ईमेल पता कृपया जान सकता हूँ?,3,2
GEORGE, जॉर्ज,0,0
hi, नमस्ते,2,0
"Recently i have purchased iphone, and the screen was broken now, what i can do now? can you help me"," हाल ही में मैंने आईफोन खरीदा है, और स्क्रीन अब टूट गई है, अब मैं क्या कर सकता हूं? क्या आप मेरी मदद कर सकते हैं",2,1
"Haha. Just need a confirmation on the SSN and the car's details, just to make sure the correct information is shared! Thank you so much, Diana!","हाहा। बस यह सुनिश्चित करने के लिए कि सही जानकारी साझा की गई है, बस एसएसएन और कार के विवरण पर एक पुष्टिकरण की आवश्यकता है! बहुत बहुत धन्यवाद, डायना!",3,2
"Perfect! In order for me to help you further, I'd require a couple of details, could you please help me with the make/company of the car?"," उत्तम! मुझे आपकी और मदद करने के लिए, मुझे कुछ विवरणों की आवश्यकता होगी, क्या आप कृपया कार बनाने/कंपनी में मेरी मदद कर सकते हैं?",3,2
YES REALLY, हाँ सच,2,2
Thanks for sharing that information. to process as per your request I'll require your car details as well. Could you please help me with the make/company of the car?, उस जानकारी को साझा करने के लिए धन्यवाद। आपके अनुरोध के अनुसार प्रक्रिया करने के लिए मुझे आपकी कार के विवरण की भी आवश्यकता होगी। क्या आप कृपया कार बनाने/कंपनी में मेरी मदद कर सकते हैं?,3,0
You're always welcome! Have a great day ahead!,आपका हमेशा स्वागत है! आगे एक महान दिन हो!,3,2
"my mobile is damaged
", मेरा मोबाइल खराब हो गया है,0,1
ok thank you, ठीक है धन्यवाद,3,0
OH OKAY., ओह ठीक है।,2,2
hai, हाय,2,0
That's an amazing brand! Lucky you! Would you also share the year the car was manufactured, यह एक अद्भुत ब्रांड है! तुम भाग्यशाली हो! क्या आप कार के निर्माण का वर्ष भी साझा करेंगे,3,2
REPLACE IT, इसे बदलो,0,0
"Thank you, Yogi! Please could you help me with the policy number?", धन्यवाद योगी जी! क्या आप पॉलिसी नंबर के बारे में मेरी मदद कर सकते हैं?,3,0
Perfect! Please allow me a moment while I do the needed., उत्तम! कृपया मुझे एक क्षण की अनुमति दें जबकि मैं आवश्यक कार्य करता हूं।,3,2
Jason Smith, जेसन स्मिथ,0,0
ok thank u, ठीक है तुम्हारा शुक्रिया,3,0
Perfect! Could you please share your policy number and claim number?, उत्तम! क्या आप कृपया अपना पॉलिसी नंबर और दावा संख्या साझा कर सकते हैं?,3,2
rangaraj, रंगराजी,0,0
May I know the reason why you want to fix your phone screen?, क्या मैं कारण जान सकता हूँ कि आप अपने फ़ोन की स्क्रीन क्यों ठीक करना चाहते हैं?,2,0
"I appreciate your patience! As I see, you have insured your phone while making the purchase, I've created a replacement for your phone, and I request you to send the current broken device in the return envelope. I hope this helps.","मैं आपके धैर्य की सराहना करता हूँ! जैसा कि मैंने देखा, आपने खरीदारी करते समय अपने फोन का बीमा किया है, मैंने आपके फोन के लिए एक प्रतिस्थापन बनाया है, और मैं आपसे अनुरोध करता हूं कि आप वर्तमान टूटे हुए डिवाइस को रिटर्न लिफाफे में भेजें। आशा है कि ये आपकी मदद करेगा।",3,0
damaged my phone fixing the screen, स्क्रीन को ठीक करते हुए मेरा फोन खराब कर दिया,0,1
I want insurance proof for my car.,मुझे अपनी कार के लिए बीमा प्रमाण चाहिए।,2,0
MY NAME IS KARAN PRATABH, मेरा नाम करण प्रताप है,2,0
"hi,good morning", हाय सुप्रभात,3,0
name: jasmine, नाम: चमेली,0,0
Alright John! Could you please provide the make and the model of the car?, ठीक है जॉन! क्या आप कृपया कार का मेक और मॉडल प्रदान कर सकते हैं?,3,0
Perfect! Would you please share your phone number and email address?, उत्तम! क्या आप कृपया अपना फ़ोन नंबर और ईमेल पता साझा करेंगे?,3,2
"May I know, what exactly happen to your phone?"," क्या मैं जान सकता हूँ, वास्तव में आपके फ़ोन का क्या होता है?",2,0
"I'll help you with that, could you please let me know your name and the last 4 digits of SSN?"," मैं इसमें आपकी मदद करूंगा, क्या आप कृपया मुझे अपना नाम और एसएसएन के अंतिम 4 अंक बता सकते हैं?",3,0
You're welcome. Is there anything else I may assist you with?, आपका स्वागत है। क्या कुछ और है जिसमें मैं आपकी सहायता कर सकता हूं?,2,2
No problem at all. May I know what it is?, बिल्कुल भी परेशानी नहीं है। क्या मैं जान सकता हूँ कि यह क्या है?,2,0
I NEED A PROOF OF INSURANCE FOR MY CAR, मुझे अपनी CAR . के लिए बीमा का प्रमाण चाहिए,2,0
Hello there! Good morning! I hope you're having a great day. How may I help you today?, नमस्ते! सुबह बख़ैर! मुझे आशा है कि आपका दिन अच्छा बीतेगा। आज मैं आपकी कैसे मदद कर सकता हूँ?,3,2
"Thank you for sharing the required information, please stay connected while I go ahead and check with the department. "," आवश्यक जानकारी साझा करने के लिए धन्यवाद, जब तक मैं आगे बढ़ता हूं और विभाग के साथ जांच करता हूं, कृपया जुड़े रहें।",3,0
"I hope you have a great day ahead. Goodbye! 
", मुझे आशा है कि आपके लिए आगे एक अच्छा दिन होगा। अलविदा!,3,2
745 896 2014, 745 896 2014,0,0
Great! Thanks a ton for being patient and cooperating with us! I hope you've an amazing day ahead! It was really nice talking to you. Goodbye., महान! धैर्य रखने और हमारे साथ सहयोग करने के लिए बहुत-बहुत धन्यवाद! मुझे आशा है कि आपके पास एक अद्भुत दिन है! आपसे बात करके बहुत अच्छा लगा। अलविदा।,3,2
A very good evening! How are you doing today?, एक बहुत अच्छी शाम! आज आप कैसे हैं?,3,2
"Hello there, How may I assist you today?
"," नमस्ते, मैं आज आपकी कैसे सहायता कर सकता हूँ?",3,0
John, जॉन,1,0
EAS874872883, ईएएस874872883,0,0
Sure! I'll check the right claim number., ज़रूर! मैं सही दावा संख्या की जांच करूंगा।,3,0
Appreciate your patience! Kindly note that you will receive the documents within 48 working hours. You shall receive it at your registered mailing address.,अपने धैर्य की सराहना! कृपया ध्यान दें कि आपको 48 कार्य घंटों के भीतर दस्तावेज़ प्राप्त हो जाएंगे। आप इसे अपने पंजीकृत डाक पते पर प्राप्त करेंगे।,3,2
SURE DREW.., ज़रूर आकर्षित..,2,0
Appreciate your patience! Please note that the documents of proof shall reach you within 48 working hours. Pleasure helping you. You can reach us at 673-735-073 for any queries. Good day!, अपने धैर्य की सराहना! कृपया ध्यान दें कि सबूत के दस्तावेज 48 कार्य घंटों के भीतर आप तक पहुंच जाएंगे। आपकी मदद करने में खुशी। आप किसी भी प्रश्न के लिए 673-735-073 पर हमसे संपर्क कर सकते हैं। अच्छा दिन!,3,2
Thank you! May I please know the last 4 digit of SSN?, आपको धन्यवाद! क्या मैं कृपया SSN का अंतिम 4 अंक जान सकता हूँ?,3,0
2014,2014,0,0
I NEED A COPY OF INSURANCE FOR MY CAR, मुझे अपनी CAR . के लिए बीमा की एक प्रति चाहिए,2,0
OK THANK YOU, ठीक है धन्यवाद,3,2
"It's a pleasure assisting you. Thank you for reaching out to us, have a great day ahead!"," आपकी सहायता करना खुशी की बात है। हमसे संपर्क करने के लिए धन्यवाद, आपका दिन शुभ हो!",3,2
yes, हां,2,0
Could you please help me with the year in which the car was manufactured as well?, क्या आप कृपया मुझे उस वर्ष में मदद कर सकते हैं जिसमें कार का निर्माण भी किया गया था?,3,0
That's great! Please stay connected for a minute., एक दम बढ़िया! कृपया एक मिनट के लिए जुड़े रहें।,3,2
ok, ठीक है,2,0
Thank you for waiting. I've a good news for you. Your request has been processed and you'll be receiving the proof of insurance within 2 days. Is there anything else I might help you with?, प्रतीक्षा के लिए धन्यवाद। मेरे पास आपके लिए एक अच्छी खबर है। आपका अनुरोध संसाधित कर दिया गया है और आपको 2 दिनों के भीतर बीमा का प्रमाण प्राप्त हो जाएगा। क्या कुछ और है जिसमें मैं आपकी मदद कर सकता हूं?,3,2
"Thank you for providing all the information and we'll now go ahead and deliver the entire documents at your mailing address on a file soon.
", सभी जानकारी प्रदान करने के लिए धन्यवाद और अब हम आगे बढ़ेंगे और जल्द ही एक फ़ाइल पर आपके डाक पते पर संपूर्ण दस्तावेज़ वितरित करेंगे।,3,2
Thanks for apt response. Could you also please share the e-mail address associated with this account?, उपयुक्त प्रतिक्रिया के लिए धन्यवाद। क्या आप कृपया इस खाते से संबद्ध ई-मेल पता भी साझा कर सकते हैं?,3,2
Policy number ID W2471 27541., पॉलिसी नंबर आईडी W2471 27541।,0,0
2017,2017,0,0
thanks for your information, आपकी जानकारी के लिए धन्यवाद,3,2
Yes sure My car modal is BMW X7 and it's make in the year of 2017, हां यकीन है कि मेरी कार का मॉडल बीएमडब्ल्यू एक्स7 है और यह 2017 के वर्ष में बना है,2,0
Great! Could you please share your claim number too?, महान! क्या आप कृपया अपना दावा नंबर भी साझा कर सकते हैं?,3,2
yty586, yty586,0,0
Great! Could you please allow me a minute to process your request?, महान! क्या आप कृपया मुझे आपके अनुरोध को संसाधित करने के लिए एक मिनट का समय दे सकते हैं?,3,2
Hey there! How may I help you today?, सुनो! आज मैं आपकी कैसे मदद कर सकता हूँ?,3,0
RGT856952458 & HUJ558, आरजीटी856952458 और एचयूजे558,0,0
Dirk Nowitzki., डिर्क नोवित्ज़की।,1,0
"its, 1315."," इसकी, 1315.",0,0
"mukesh, 8823"," मुकेश, 8823",0,0
You’re welcome. Always a pleasure to assist customers like you. Have a great day!, आपका स्वागत है। आप जैसे ग्राहकों की सहायता करने में हमेशा खुशी होती है। आपका दिन अच्छा रहे!,3,2
name: ruby, नाम: रूबी,0,0
"I appreciate your patience in staying connected. I'd like to inform you that, the required documents are ready and will be  mailed to your address at the earliest.","मैं जुड़े रहने में आपके धैर्य की सराहना करता हूं। मैं आपको सूचित करना चाहता हूं कि, आवश्यक दस्तावेज तैयार हैं और जल्द से जल्द आपके पते पर भेज दिए जाएंगे।",3,2
"Thanks for waiting, I'd like to inform you that I'll be able to replace your broken phone with the brand new phone. And I request you to return the broken device in an envelope. Will there be anything else I may help you in?
"," प्रतीक्षा करने के लिए धन्यवाद, मैं आपको सूचित करना चाहता हूं कि मैं आपके टूटे हुए फोन को एकदम नए फोन से बदल सकूंगा। और मैं आपसे अनुरोध करता हूं कि टूटे हुए उपकरण को एक लिफाफे में वापस कर दें। क्या कुछ और होगा जिसमें मैं आपकी मदद कर सकूं?",3,2
Pleasure is mine. I hope that all your queries are cleared?, मेरा सौभाग्य है। मुझे आशा है कि आपके सभी प्रश्नों का समाधान हो गया होगा?,3,2
about the status of our claim, हमारे दावे की स्थिति के बारे में,0,0
"That's awesome, I'd also require your claim number?","यह बढ़िया है, मुझे आपकी दावा संख्या की भी आवश्यकता होगी?",3,2
the agent you need a proof of insurance for one of our car, एजेंट जिसे आपको हमारी कार में से किसी एक के लिए बीमा के प्रमाण की आवश्यकता है,1,0
Good Evening!, नमस्ते!,3,2
"Hey Albert, Could you please share your phone number and email address on your account? "," हे अल्बर्ट, क्या आप कृपया अपने खाते पर अपना फ़ोन नंबर और ईमेल पता साझा कर सकते हैं?",3,0
my  claim status, मेरे दावे की स्थिति,1,0
"Since there is no query, I'll have to end this conversation. Thanks for connecting to us. Have a great day ahead! Goodbye."," चूंकि कोई प्रश्न नहीं है, इसलिए मुझे यह वार्तालाप समाप्त करना होगा। हमसे जुड़ने के लिए धन्यवाद। आगे एक महान दिन हो! अलविदा।",3,2
thats all mate, बस इतना ही दोस्त,1,0
NOTHING ELSE, और कुछ नहीं,2,0
Hi, नमस्ते,2,0
no, नहीं,1,1
"Make : Ford, Model : EcoSport, Year Manufactured : 2010 "," बनाना: फोर्ड, मॉडल: इकोस्पोर्ट, निर्मित वर्ष: 2010",0,0
no else sir..., और नहीं सर...,1,0
OK, ठीक है,2,0
yes, हां,2,0
Okay, ठीक,2,2
gfl256, जीएफएल256,0,0
yes, हां,2,0
Great! I'd be glad to help you with that. May I know your name please?, महान! मुझे इसमें आपकी मदद करने में खुशी होगी। क्या मैं आपका नाम जान सकता हूँ?,3,2
are you here, क्या आप यहां हैं,0,0
MAKE: FORD MODEL: FIESTA, बनाओ: फोर्ड मॉडल: पर्व,0,0
Great! Could you please allow me a minute to process your request?, महान! क्या आप कृपया मुझे आपके अनुरोध को संसाधित करने के लिए एक मिनट का समय दे सकते हैं?,3,2
Hai, हाई,2,0
i need proof of insurance car, मुझे बीमा कार का प्रमाण चाहिए,1,0
"Sure, 4873."," ज़रूर, 4873।",2,0
ITS ENOUGH THANK YOU, यह काफी है धन्यवाद,3,2
yes, हां,2,0
"Awesome! Thanks for connecting to us, hope you have a wonderful day ahead! "," बहुत बढ़िया! हमसे जुड़ने के लिए धन्यवाद, आशा है कि आपका आने वाला दिन शानदार हो!",3,2
"A very good morning! I'll be glad to assist you with that, may I know the last 4 digits of SSN?","एक बहुत अच्छी सुबह! मुझे इसमें आपकी सहायता करने में खुशी होगी, क्या मैं SSN के अंतिम 4 अंक जान सकता हूँ?",3,2
2005,2005,0,0
Sure, ज़रूर,2,0
Can I get proof of insurance?, क्या मुझे बीमा का प्रमाण मिल सकता है?,0,0
"Hello there! A very good morning, how may I help you today?"," नमस्ते! बहुत सुप्रभात, आज मैं आपकी कैसे मदद कर सकता हूँ?",3,2
A very good morning! How may I assist you?, एक बहुत अच्छी सुबह! मैं आपकी कैसे सहायता कर सकता हूँ?,3,2
thank you sir, धन्यवाद महोदय,3,2
Perfect! Please feel free to reach out to us for further queries. Have a nice day. Bye., उत्तम! कृपया आगे के प्रश्नों के लिए हमसे बेझिझक संपर्क करें। आपका दिन शुभ हो। अलविदा।,3,2
"Alright! Have a great day, goodbye."," ठीक है! आपका दिन शुभ हो, अलविदा।",3,2
Superb! May I have the claim number as well?, शानदार! क्या मेरे पास दावा संख्या भी हो सकती है?,3,2
ok thanks, ठीक है धन्यवाद,3,0
"Hello, good morning! How may I help you today?", हैलो सुप्रभात! आज मैं आपकी कैसे मदद कर सकता हूँ?,3,0
RAMBA, रामबा,0,0
"
Perfect! Please allow me a moment to check in the details.", उत्तम! कृपया मुझे विवरण देखने के लिए कुछ समय दें।,2,2
henreygo55@gmail.com, henreygo55@gmail.com,0,0
Thanks for staying connected. The payment has already been initiated. You'll be receiving the check within the next three days. Would you need anything else?, जुड़े रहने के लिए धन्यवाद। भुगतान शुरू किया जा चुका है। आपको अगले तीन दिनों के भीतर चेक मिल जाएगा। क्या आपको कुछ और चाहिए होगा?,3,2
my contact number is 3569808087 and email address is joj080@e-mail.com, मेरा संपर्क नंबर 3569808087 है और ईमेल पता है joj080@e-mail.com,1,0
OKAY, ठीक है,2,0
I need know the status of my claim, मुझे अपने दावे की स्थिति जानने की आवश्यकता है,3,0
YEAH IT WAS HELPFUL. THANKS RILEY, हाँ यह मददगार था। धन्यवाद रिले:,3,2
"I hope you have a great day ahead. Goodbye! 
", मुझे आशा है कि आपके लिए आगे एक अच्छा दिन होगा। अलविदा!,3,2
"I'll help you with that, could you please let me know your name and the last 4 digits of SSN?"," मैं इसमें आपकी मदद करूंगा, क्या आप कृपया मुझे अपना नाम और एसएसएन के अंतिम 4 अंक बता सकते हैं?",3,0
YES, हां,2,2
"Thank you Karuppan, may I know your email address associated with the account as well?"," धन्यवाद करुप्पन, क्या मैं खाते से जुड़ा आपका ईमेल पता भी जान सकता हूँ?",3,0
Fantastic! Please feel free to reach out to us for further queries. Have a nice day. Bye.,ज़बरदस्त! कृपया आगे के प्रश्नों के लिए हमसे बेझिझक संपर्क करें। आपका दिन शुभ हो। अलविदा।,3,2
I'll help you out with that! Could you please let me know your name and the last 4 digits of your SSN?, मैं इसमें आपकी मदद करूंगा! क्या आप कृपया मुझे अपना नाम और अपने SSN के अंतिम 4 अंक बता सकते हैं?,3,0
"Hello, good morning! How may I help you today?", हैलो सुप्रभात! आज मैं आपकी कैसे मदद कर सकता हूँ?,3,0
"Awesome! Thank you for all the details, please give me a minute to proceed further. "," बहुत बढ़िया! सभी विवरणों के लिए धन्यवाद, कृपया मुझे आगे बढ़ने के लिए एक मिनट दें।",3,2
Thank you Charlie, धन्यवाद चार्ली,3,2
Arun, अरुण,0,0
I wish you have a great day ahead. Goodbye!, मेरी इच्छा है कि आपके आगे एक अच्छा दिन हो। अलविदा!,3,2
Hello! Good morning! I hope you are having a great day! How may I help you today?, नमस्ते! सुबह बख़ैर! मुझे आशा है कि आपका समय बहुत अच्छा बीत रहा है! आज मैं आपकी कैसे मदद कर सकता हूँ?,3,2
Thank you for staying connected. I've initiated a request for a replacement. You'll be receiving it within three days. I request you to send the current broken device in the return envelope., जुड़े रहने के लिए धन्यवाद। मैंने एक प्रतिस्थापन के लिए एक अनुरोध शुरू किया है। आपको यह तीन दिनों के भीतर प्राप्त हो जाएगा। मैं आपसे अनुरोध करता हूं कि वर्तमान टूटे हुए उपकरण को रिटर्न लिफाफे में भेजें।,3,1
"You're welcome, I hope that was helpful. Would you there be anything else I may help you with?"," आपका स्वागत है, मुझे आशा है कि यह मददगार था। क्या आपके पास और कुछ होगा जिसमें मैं आपकी मदद कर सकूं?",3,2
bye, अलविदा,2,0
"Amazing! I've contacted our team and made a request for a replacement, your getting a brand new phone!! provided that you'll have to send your damaged device in an return envelope. I hope all the instructions are clear?","अद्भुत! मैंने हमारी टीम से संपर्क किया है और एक प्रतिस्थापन के लिए अनुरोध किया है, आपको एक नया फोन मिल रहा है !! बशर्ते कि आपको अपना क्षतिग्रस्त उपकरण एक वापसी लिफाफे में भेजना होगा। मुझे आशा है कि सभी निर्देश स्पष्ट हैं?",3,2
Hello there! How may I help you today?, नमस्ते! आज मैं आपकी कैसे मदद कर सकता हूँ?,3,0
"Perfect! Thank you for the details, kindly give me a minute."," उत्तम! विवरण के लिए धन्यवाद, कृपया मुझे एक मिनट दें।",3,2
john, जॉन,1,0
767876756,767876756,0,0
OK, ठीक है,2,0
I need to know my BMW car details not for audi., मुझे ऑडी के लिए नहीं अपनी बीएमडब्ल्यू कार के विवरण जानने की जरूरत है।,2,0
Thank you! Please could you allow me a moment?, आपको धन्यवाद! कृपया क्या आप मुझे एक क्षण की अनुमति दे सकते हैं?,3,2
Siva@gmail.com, शिव@gmail.com,0,0
GOOD MORNING, शुभ प्रभात,2,0
7850,7850,0,0
"Sorry Spencer, above claim no wrong kindly check FTY332"," क्षमा करें स्पेंसर, उपरोक्त दावा गलत नहीं है कृपया FTY332 की जाँच करें",3,0
My pleasure! Will there be anything else I could help you with?,मेरा सौभाग्य! क्या कुछ और होगा जिसमें मैं आपकी मदद कर सकूं?,3,2
I WOULD LIKE TO GET A PROOF FOR ONE OF MY CAR INSURANCE, मैं अपने कार बीमा में से एक के लिए प्रमाण प्राप्त करना चाहता/चाहती हूं,3,1
Is there anything else I can help you with Babu?, क्या बाबू के साथ मैं आपकी कुछ और मदद कर सकता हूँ?,2,0
hi, नमस्ते,2,0
"Sure, please visit our website asdfds.com. I hope that all your queries are cleared?"," ज़रूर, कृपया हमारी वेबसाइट asdfds.com पर जाएँ। मुझे आशा है कि आपके सभी प्रश्नों का समाधान हो गया होगा?",3,0
honda city 2018 model, होंडा सिटी 2018 मॉडल,0,0
"I'm sorry, but the policy number consists of 3 letters and 9 numbers. I request you check it on the document."," मुझे खेद है, लेकिन पॉलिसी नंबर में 3 अक्षर और 9 नंबर होते हैं। मेरा अनुरोध है कि आप इसे दस्तावेज़ पर जांचें।",3,1
You're welcome! I'm glad I could resolve this for you. Have a wonderful day!, आपका स्वागत है! मुझे खुशी है कि मैं इसे आपके लिए हल कर सका। शानदार दिन हो!,3,2
"Yeah, Thank you Drew."," हाँ, धन्यवाद ड्रू।",3,2
That's great! Please could you confirm the details onec?, एक दम बढ़िया! क्या आप विवरण की पुष्टि कर सकते हैं onec?,3,2
ok no thanks, ठीक है नहीं धन्यवाद,3,1
my name pavi, मेरा नाम पवि,1,0
Thank you for the information. Please allow me a moment while I get the best solution for you., जानकारी के लिए धन्यवाद। कृपया मुझे एक क्षण दें जब तक कि मुझे आपके लिए सबसे अच्छा समाधान मिल जाए।,3,2
You're welcome! Is there anything else I may help you with?,आपका स्वागत है! क्या कुछ और है जिसमें मैं आपकी मदद कर सकता हूं?,2,2
"Okay, thanks.", ठीक है शुक्रिया।,3,2
Absolutely! I'll be glad to help you with that. May I know your full name and the last 4 digits of your SSN number?, बिल्कुल! मुझे इसमें आपकी मदद करने में खुशी होगी। क्या मैं आपका पूरा नाम और आपके SSN नंबर के अंतिम 4 अंक जान सकता हूँ?,3,2
"sure,"," ज़रूर,",2,0
6585,6585,0,0
"Make : Tata, Model : Tiago, Year Manufactured : 2015 "," बनाना: टाटा, मॉडल: टियागो, निर्मित वर्ष: 2015",0,0
" Allow me a moment, I'll be right back with the details."," मुझे एक क्षण की अनुमति दें, मैं विवरण के साथ अभी वापस आता हूँ।",1,0
Thanks Sarath! May I please know the last 4 digit of your SSN?, धन्यवाद सारथ! क्या मुझे आपके SSN का अंतिम 4 अंक पता चल सकता है?,3,0
You're welcome! I'll be happy if I could be of any more help for you today., आपका स्वागत है! मुझे खुशी होगी अगर मैं आज आपकी और मदद कर सकूं।,3,2
POLICY NUMBER :HGH 678543987, पॉलिसी नंबर: एचजीएच 678543987,0,0
Thanks for staying connected. I've processed your request. You'll be receiving a mail to your registered address in the next 48 hours. Is there anything else that I might help you with?, जुड़े रहने के लिए धन्यवाद। मैंने आपका अनुरोध संसाधित कर दिया है। आपको अगले 48 घंटों में आपके पंजीकृत पते पर एक मेल प्राप्त होगा। क्या कुछ और है जिसमें मैं आपकी मदद कर सकता हूं?,3,2
Toyota qualis 2010, टोयोटा क्वालिस 2010,0,0
sure, ज़रूर,2,0
"Perfect! As you've already insured your device with our company, please give me a minute to proceed further for replacement."," उत्तम! जैसा कि आपने पहले ही हमारी कंपनी के साथ अपने डिवाइस का बीमा कर लिया है, कृपया मुझे प्रतिस्थापन के लिए आगे बढ़ने के लिए एक मिनट दें।",3,2
status of claim., दावे की स्थिति।,0,0
Superb! Thanks for cooperating with us! I've contacted the concerned team and requested them to mail your car insurance proof copy. They'll mail to your registered address and you'll receive the documents within 3 business days. I hope that would be okay?, शानदार! हमारे साथ सहयोग करने के लिए धन्यवाद! मैंने संबंधित टीम से संपर्क किया है और उनसे आपकी कार बीमा प्रूफ कॉपी मेल करने का अनुरोध किया है। वे आपके पंजीकृत पते पर मेल करेंगे और आपको 3 व्यावसायिक दिनों के भीतर दस्तावेज़ प्राप्त हो जाएंगे। मुझे आशा है कि यह ठीक होगा?,3,2
Lovely! May I know your contact  number and email address?, प्यारा! क्या मैं आपका संपर्क नंबर और ईमेल पता जान सकता हूं?,3,2
notanks, नहीं शुक्रिया,1,0
ok, ठीक है,2,0
How may I help you today?, आज मैं आपकी कैसे मदद कर सकता हूँ?,2,0
"Collin Gordon
", कॉलिन गॉर्डन,0,0
THANKS A TON SAM., धन्यवाद एक टन सैम।,3,2
"Thank you for being patient, I'd like to inform you that the we'll replace your phone with a brand new phone and I kindly request you to return us back the damaged phone with the same delivery agent. ","धैर्य रखने के लिए धन्यवाद, मैं आपको सूचित करना चाहता हूं कि हम आपके फोन को एक नए फोन से बदल देंगे और मैं आपसे अनुरोध करता हूं कि आप हमें उसी डिलीवरी एजेंट के साथ क्षतिग्रस्त फोन वापस कर दें।",3,2
2014,2014,0,0
OK, ठीक है,2,0
good morning, शुभ प्रभात,3,2
Thank you so much. Could you please give me your phone number?, बहुत-बहुत धन्यवाद। क्या आप कृपया मुझे अपना फोन नंबर दे सकते हैं?,3,2
"For sure! I'll help you with that however, could you please let me know your name and the last 4 digits of SSN?"," पक्का! मैं इसमें आपकी मदद करूंगा, लेकिन क्या आप कृपया मुझे अपना नाम और एसएसएन के अंतिम 4 अंक बता सकते हैं?",3,0
please to correct, कृपया सही करने के लिए,2,0
HI JESSE, हाय जेसी,3,0
"Thank you Rani, may I know the make and model of the car?"," धन्यवाद रानी, क्या मैं कार का मेक और मॉडल जान सकती हूं?",3,0
"615-377-2877,roshan@gmail.com","615-377-2877,roshan@gmail.com",0,0
ok, ठीक है,2,0
need  fixing the screen, स्क्रीन को ठीक करने की जरूरत है,1,1
Could now help me with the email address associated with the account., अब खाते से जुड़े ईमेल पते में मेरी मदद कर सकता है।,2,0
I'm so sorry for what has happened., जो हुआ उसके लिए मुझे बहुत खेद है।,3,1
I hope we are connected?, मुझे आशा है कि हम जुड़े हुए हैं?,2,0
Shankar, शंकर,0,0
Thanks for staying connected. I've processed your request. You'll be receiving a mail to your registered address in the next 48 hours. Is there anything else that I might help you with?, जुड़े रहने के लिए धन्यवाद। मैंने आपका अनुरोध संसाधित कर दिया है। आपको अगले 48 घंटों में आपके पंजीकृत पते पर एक मेल प्राप्त होगा। क्या कुछ और है जिसमें मैं आपकी मदद कर सकता हूं?,3,2
"David Goggins
", डेविड गोगिंस,0,0
i need your help, मुझे आपकी मदद चाहिए,1,0
I need insurance for my car, मुझे अपनी कार के लिए बीमा चाहिए,2,0
sorry i can't understand, क्षमा करें मैं समझ नहीं पा रहा हूँ,3,0
Cool! Could you share the car details please? I will need the make and model of the car?, ठंडा! क्या आप कृपया कार का विवरण साझा कर सकते हैं? मुझे कार के मेक और मॉडल की आवश्यकता होगी?,3,0
"Thank you, Ram! Would you please help me get the car's make and model?"," धन्यवाद, राम! क्या आप कृपया मुझे कार का मेक और मॉडल प्राप्त करने में मदद करेंगे?",3,0
"Yes, it's Olivia Hunter. My address is 510 Kuhio Drive."," हाँ, यह ओलिविया हंटर है। मेरा पता 510 कुहियो ड्राइव है।",2,0
Hello! Good morning! How may I assist you today?, नमस्ते! सुबह बख़ैर! आज मैं आपकी मदद किस तरह कर सकता हूँ?,3,0
Hello there! How may I assist you today?, नमस्ते! आज मैं आपकी मदद किस तरह कर सकता हूँ?,3,0
"Thank you for holding on. I've checked the status, your payment is initiated and you'll receive the payment within 3 business days. However, if you don't receive the payment, please feel free to reach us."," रुके रहने के लिए धन्यवाद। मैंने स्थिति की जाँच कर ली है, आपका भुगतान शुरू हो गया है और आपको 3 कार्यदिवसों के भीतर भुगतान प्राप्त हो जाएगा। हालांकि, अगर आपको भुगतान नहीं मिलता है, तो कृपया हमसे बेझिझक संपर्क करें।",3,0
I would like a proof of insurance for one of my cars., मुझे अपनी एक कार के लिए बीमा का प्रमाण चाहिए।,3,0
2816,2816,0,0
Hello! Good morning. How may I help you today?, नमस्ते! सुबह बख़ैर। आज मैं आपकी कैसे मदद कर सकता हूँ?,3,0
my number 91475141001, मेरा नंबर 91475141001,1,0
Okay, ठीक,2,0
You're welcome! Is there anything else I may help you in?, आपका स्वागत है! क्या कुछ और है जिसमें मैं आपकी मदद कर सकता हूं?,2,2
9985,9985,0,0
yes, हां,2,0
claim no: bza972, दावा संख्या: bza972,1,0
Polski Fiat, पोल्स्की फिएट,0,0
hey.. sorry my email address is johnwest3445@gmail.com, हे.. क्षमा करें मेरा ईमेल पता है johnwest3445@gmail.com,3,0
ok, ठीक है,2,0
good morning, शुभ प्रभात,2,2
You have to visit a insurance company for that or else you can apply for insurance on www.insuremycar.com.,इसके लिए आपको किसी बीमा कंपनी के पास जाना होगा अन्यथा आप www.insuremycar.com पर बीमा के लिए आवेदन कर सकते हैं।,1,0
"Perfect! I appreciate your patience in sharing the information. Allow  me a moment, I'll be right back with the details."," उत्तम! मैं जानकारी साझा करने में आपके धैर्य की सराहना करता हूं। मुझे एक क्षण की अनुमति दें, मैं विवरण के साथ अभी वापस आता हूँ।",3,2
Hello, नमस्ते,2,0
Thank you for connecting with us. Good day!, हमसे जुड़ने के लिए धन्यवाद। अच्छा दिन!,3,2
"Sure! I'll be glad to help you in this, Could you please help me with your name?"," ज़रूर! मुझे इसमें आपकी मदद करने में खुशी होगी, क्या आप कृपया अपने नाम के साथ मेरी मदद कर सकते हैं?",3,2
Perfect! Could you also help me with the claim number?, उत्तम! क्‍या आप दावा संख्‍या में भी मेरी सहायता कर सकते हैं?,3,2
I got enough information.Thank you very much., मेरे पास पर्याप्त जानकारी है।बहुत बहुत धन्यवाद।,3,2
That's the right address. Will update the documents as soon as possible., यह सही पता है। दस्तावेजों को जल्द से जल्द अपडेट करेंगे।,1,0
maruthi car 750cc 2016, मारुति कार 750cc 2016,2,0
"Thank you for being Patient, I've processed the request made by you the proof documents will be reaching you in 2 days at your registered address. . Is there anything I may help you in?
"," धैर्यवान होने के लिए धन्यवाद, मैंने आपके द्वारा किए गए अनुरोध को संसाधित कर दिया है प्रूफ दस्तावेज़ आपके पंजीकृत पते पर 2 दिनों में आप तक पहुंच जाएंगे। . क्या कोई ऐसी चीज है जिसमें मैं आपकी मदद कर सकता हूं?",3,2
"
Maruti ", मारुति,0,0
"Thank you for details, kindly give me a minute to proceed further. "," विवरण के लिए धन्यवाद, कृपया मुझे आगे बढ़ने के लिए एक मिनट दें।",3,0
Sure! I'll change that. No worries., ज़रूर! मैं इसे बदल दूंगा। चिंता न करें।,2,0
i am prakash  i have lost my ssn no, मैं प्रकाश हूं मैंने अपना एसएसएन नंबर खो दिया है,1,1
"Great! I've requested the team to mail you, your car insurance proof copy to your registered address. I'd also like to inform you that you'll receive your documents within 2 business days. However, if you fail to receive it get back to us immediately. I hope that was helpful?"," महान! मैंने टीम से अनुरोध किया है कि वह आपको, आपकी कार बीमा प्रमाण प्रति आपके पंजीकृत पते पर मेल करे। मैं आपको यह भी सूचित करना चाहता हूं कि आपको अपने दस्तावेज़ 2 व्यावसायिक दिनों के भीतर प्राप्त हो जाएंगे। हालांकि, अगर आप इसे प्राप्त करने में विफल रहते हैं तो तुरंत हमारे पास वापस आएं। मुझे आशा है कि यह मददगार था?",3,2
I NEED TO KNOW THE STATUS OF CLAIM, मुझे दावे की स्थिति जानने की आवश्यकता है,1,0
Sorry for the delay. I've just checked for the documents and they are ready and will be soon mailed to your address.,विलंब के लिए क्षमा चाहते हैं। मैंने अभी-अभी दस्तावेज़ों की जाँच की है और वे तैयार हैं और जल्द ही आपके पते पर भेज दिए जाएंगे।,3,2
"I hope you have a great day ahead. Goodbye! 
", मुझे आशा है कि आपके लिए आगे एक अच्छा दिन होगा। अलविदा!,3,2
ok thank you so much, ठीक है आपका बहुत धन्यवाद,3,2
No ..Thanks for your immediate support, नहीं ..आपके तत्काल समर्थन के लिए धन्यवाद,3,2
"Sorry sir, May I ask you, is your phone screen broken or damaged?"," सॉरी सर, क्या मैं आपसे पूछ सकता हूं कि क्या आपके फोन की स्क्रीन टूट गई है या खराब हो गई है?",3,0
"Surely, may I know your first and last name please?"," निश्चित रूप से, क्या मैं आपका पहला और अंतिम नाम जान सकता हूँ?",2,0
beatriz.porter@comcast.net, Beatriz.porter@comcast.net,0,0
"Awesome! It's always a pleasure assisting valuable customers like you, have a wonderful day ahead! "," बहुत बढ़िया! आप जैसे मूल्यवान ग्राहकों की सहायता करना हमेशा खुशी की बात होती है, आपका आने वाला दिन शानदार हो!",3,2
yes. please do for me?, हां। कृपया मेरे लिए करें?,2,0
"Surely, I'll help you with it. Please may I know your name?"," ज़रूर, मैं इसमें आपकी मदद करूँगा। कृपया क्या मैं आपका नाम जान सकता हूँ?",3,0
You're always welcome! Have a great day ahead!,आपका हमेशा स्वागत है! आगे एक महान दिन हो!,3,2
That's great. That's all I require now. Thanks :), एक दम बढ़िया। मुझे अब बस इतना ही चाहिए। धन्यवाद :),3,2
raman, रमन,0,0
"Sure! I'll surely help you in this regards. May I know your name please?
", ज़रूर! मैं इस संबंध में आपकी निश्चित रूप से मदद करूंगा। क्या मैं आपका नाम जान सकता हूँ?,3,0
Thank you Rihith. Could you please share the make and the model of the car?, धन्यवाद रिहिथ। क्या आप कृपया कार का मेक और मॉडल साझा कर सकते हैं?,3,0
"Hello there, how may I assist you today? "," नमस्ते, मैं आज आपकी कैसे सहायता कर सकता हूँ?",3,0
"Awesome! Thanks for reaching out to us, hope you have a wonderful day ahead! "," बहुत बढ़िया! हमसे संपर्क करने के लिए धन्यवाद, आशा है कि आपका आने वाला दिन शानदार हो!",3,2
Hello! How may I assist you today?, नमस्ते! आज मैं आपकी मदद किस तरह कर सकता हूँ?,3,0
ok, ठीक है,2,0
They are correct, वे सही हैं,2,0
"Thank you! I'd also need the last 4 digits of the SSN.
", आपको धन्यवाद! मुझे एसएसएन के अंतिम 4 अंक भी चाहिए।,3,0
Hello there! How may I assist you today?, नमस्ते! आज मैं आपकी मदद किस तरह कर सकता हूँ?,3,0
"Sure! I'll be able to help you in this aspect, may I please know your name?"," ज़रूर! मैं इस मामले में आपकी मदद कर सकता हूँ, क्या मैं आपका नाम जान सकता हूँ?",3,0
HI, नमस्ते,2,0
I greatly appreciate for staying connected. I've initiated the replacement and the replacement will only take place if you send the broken device through envelope and the replacement process happens within 36 hours after receiving the broken or damaged device.,मैं जुड़े रहने के लिए बहुत सराहना करता हूं। मैंने प्रतिस्थापन शुरू कर दिया है और प्रतिस्थापन केवल तभी होगा जब आप टूटे हुए उपकरण को लिफाफे के माध्यम से भेजते हैं और प्रतिस्थापन प्रक्रिया टूटी हुई या क्षतिग्रस्त डिवाइस प्राप्त करने के 36 घंटे के भीतर होती है।,3,1
That's the right address. Will update the documents as soon as possible., यह सही पता है। दस्तावेजों को जल्द से जल्द अपडेट करेंगे।,1,0
Have a great day ahead!, आगे एक महान दिन हो!,2,2
hello jesse, नमस्ते जेसी,3,0
2876287543,2876287543,0,0
May I know your name please?, क्या मैं आपका नाम जान सकता हूँ?,3,0
"Awesome! Thank you for reaching out to us, please feel free to reach out for further concerns."," बहुत बढ़िया! हमसे संपर्क करने के लिए धन्यवाद, कृपया आगे की चिंताओं के लिए बेझिझक संपर्क करें।",3,2
CLG562389567, सीएलजी562389567,0,0
Awesome! would you please help me with your insurance policy and claim number?, बहुत बढ़िया! क्या आप कृपया अपनी बीमा पॉलिसी और दावा संख्या के बारे में मेरी सहायता करेंगे?,3,2
Sure! The year my car was manufactured was 2013., ज़रूर! मेरी कार का निर्माण वर्ष 2013 था।,2,0
Thank you. Could you please share your house address?, शुक्रिया। क्या आप कृपया अपने घर का पता साझा कर सकते हैं?,3,0
Hey there! How may I help you today?, सुनो! आज मैं आपकी कैसे मदद कर सकता हूँ?,3,0
i need a status of my claim, मुझे अपने दावे की स्थिति चाहिए,3,0
HI, नमस्ते,2,0
1234,1234,0,0
hi, नमस्ते,2,0
Superb! Do you like to have a replacement mobile delivered to you?, शानदार! क्या आप एक प्रतिस्थापन मोबाइल आप तक पहुंचाना चाहते हैं?,2,2
ok, ठीक है,2,0
Hi there! How may I assist you today?, नमस्ते! आज मैं आपकी मदद किस तरह कर सकता हूँ?,3,0
Hi, नमस्ते,2,0
"I really appreciate for staying connected, the documents will be mailed to the updated address shortly."," मैं वास्तव में जुड़े रहने के लिए सराहना करता हूं, दस्तावेजों को शीघ्र ही अद्यतन पते पर भेज दिया जाएगा।",3,2
My bumper was damaged., मेरा बंपर क्षतिग्रस्त हो गया था।,0,1
"Hello there, Good morning! How may I help you today?"," नमस्ते वहाँ, सुप्रभात! आज मैं आपकी कैसे मदद कर सकता हूँ?",3,0
That's great! Thank you! Policy number XUX528522369 and claim number UUE554. Correct?, एक दम बढ़िया! आपको धन्यवाद! पॉलिसी नंबर XUX528522369 और दावा संख्या UUE554। सही?,3,2
OK THANKS, ठीक है धन्यवाद,3,2
ok, ठीक है,2,0
my name is raj, मेरा नाम राज है,1,0
Alright Raja!  Could you please share your phone number?, ठीक है राजा! क्या आप कृपया अपना फ़ोन नंबर साझा कर सकते हैं?,3,0
Zest, उत्तेजकता,0,0
2017,2017,0,0
Hyundai Tucson, हुंडई टक्सन,0,0
"Sure! I'll be glad to help you in this, Could you please help me with your name?"," ज़रूर! मुझे इसमें आपकी मदद करने में खुशी होगी, क्या आप कृपया अपने नाम के साथ मेरी मदद कर सकते हैं?",3,2
Hello! Good evening! I'd be glad to assist you today!, नमस्ते! सुसंध्या! मुझे आज आपकी सहायता करने में खुशी होगी!,3,2
"Awesome! Thank you so much for your cooperation, have a nice day! "," बहुत बढ़िया! आपके सहयोग के लिए बहुत-बहुत धन्यवाद, आपका दिन शुभ हो!",3,2
"Thanks for waiting and being so cooperative. I've contacted our team, They'll mail you the copy of your car insurance proof and you'll receive your documents within 48 hours. I hope that will be helpful to you?","प्रतीक्षा करने और इतने सहयोगी होने के लिए धन्यवाद। मैंने हमारी टीम से संपर्क किया है, वे आपको आपके कार बीमा प्रमाण की प्रति मेल करेंगे और आपको 48 घंटों के भीतर आपके दस्तावेज़ प्राप्त हो जाएंगे। मुझे आशा है कि यह आपके लिए मददगार होगा?",3,2
Thank you for the information. Please allow me a moment while I get the best solution for you., जानकारी के लिए धन्यवाद। कृपया मुझे एक क्षण दें जब तक कि मुझे आपके लिए सबसे अच्छा समाधान मिल जाए।,3,2
XAH-8745465874, XAH-8745465874,0,0
Amazing! Thanks a ton for giving me all that details. Allow me a minute while I go ahead and check that for you., अद्भुत! मुझे वह सब विवरण देने के लिए एक टन धन्यवाद। मुझे आगे बढ़ने के लिए एक मिनट का समय दें और इसे आपके लिए जांचें।,3,2
A very good morning! How may I help you today?, एक बहुत अच्छी सुबह! आज मैं आपकी कैसे मदद कर सकता हूँ?,3,2
Superb! May I have the claim number as well?, शानदार! क्या मेरे पास दावा संख्या भी हो सकती है?,3,2
No sir., नहीं साहब।,1,0
Great! Could you please allow me a minute to process your request?, महान! क्या आप कृपया मुझे आपके अनुरोध को संसाधित करने के लिए एक मिनट का समय दे सकते हैं?,3,2
Thank you! Is there anything else I may assist you with?, आपको धन्यवाद! क्या कुछ और है जिसमें मैं आपकी सहायता कर सकता हूं?,3,2
Thanks Franklin! May I please know your contact number and email address?, धन्यवाद फ्रेंकलिन! क्या मैं आपका संपर्क नंबर और ईमेल पता जान सकता हूं?,3,2
john, जॉन,1,0
"Thank you so much! I'd now need the year it was manufactured?
", बहुत-बहुत धन्यवाद! मुझे अब उस वर्ष की आवश्यकता होगी जो इसे निर्मित किया गया था?,3,1
OK THANK YOU FOR YOUR SERVES, ठीक है आपकी सेवा के लिए धन्यवाद,3,2
nila@gmail.com, नीला@gmail.com,0,0
"Hi, i'm looking to get an update on status of my car insurance claim"," नमस्ते, मैं अपने कार बीमा दावे की स्थिति के बारे में अपडेट प्राप्त करना चाहता/चाहती हूं",3,0
JKG865214586, जेकेजी865214586,0,0
fixing the screen, स्क्रीन को ठीक करना,0,0
i need a status of my claim, मुझे अपने दावे की स्थिति चाहिए,3,0
"Perfect! Thank you for the details, kindly give me a minute."," उत्तम! विवरण के लिए धन्यवाद, कृपया मुझे एक मिनट दें।",3,2
Yes!, हाँ!,2,2
2018,2018,0,0
hi i need a proof of insurance for my car, नमस्ते मुझे अपनी कार के लिए बीमा का प्रमाण चाहिए,3,0
hai, हाय,2,0
"Sure, we are here to help you. May I know your full name please?"," ज़रूर, हम आपकी मदद करने के लिए यहाँ हैं। क्या मैं आपका पूरा नाम जान सकता हूँ?",3,0
"Sure, Meenakshi! Please could you share your SSN?"," ज़रूर, मीनाक्षी! क्या आप अपना एसएसएन साझा कर सकते हैं?",2,0
Amazing! Please allow me a moment to check the details., अद्भुत! कृपया मुझे विवरण की जांच करने के लिए कुछ समय दें।,2,2
"Lila Porter
", लीला पोर्टर,0,0
Have a great day too., आपक दिन भी अच्छा हो।,2,2
"Great! Could you please share the details of the car, like it's make and the model?","महान! क्या आप कृपया कार के बारे में विवरण साझा कर सकते हैं, जैसे कि यह मेक और मॉडल है?",3,0
Hello! How may I assist you today?, नमस्ते! आज मैं आपकी मदद किस तरह कर सकता हूँ?,3,0
"My pleasure! Thank you for reaching out to us, have a great day ahead!"," मेरा सौभाग्य! हमसे संपर्क करने के लिए धन्यवाद, आपका दिन शुभ हो!",3,2
"my iphone mobile just damaged please fix my mobile screen
", मेरा आईफोन मोबाइल खराब हो गया है कृपया मेरे मोबाइल स्क्रीन को ठीक करें,3,1
my conduct no 9865321478 email-mani457@gmail com, मेरा आचरण क्रमांक 9865321478 ईमेल-mani457@gmail com,1,0
"Sir, my bumper was damaged."," सर, मेरा बंपर खराब हो गया था।",0,0
Thanks. May I know your claim number please?, धन्यवाद। क्या मुझे आपकी दावा संख्या पता हो सकती है?,3,0
yeah sure, हां यकीनन,2,0
Thanks for staying connected. I've processed your request. You'll be receiving a mail to your registered address in the next 48 hours. Is there anything else that I might help you with?, जुड़े रहने के लिए धन्यवाद। मैंने आपका अनुरोध संसाधित कर दिया है। आपको अगले 48 घंटों में आपके पंजीकृत पते पर एक मेल प्राप्त होगा। क्या कुछ और है जिसमें मैं आपकी मदद कर सकता हूं?,3,2
Thank you so much for cooperating and baring with us! I'm so glad to assist you. we are always here to solve all your queries related to insurance. Thanks for contacting us! have a nice day ahead!,हमारे साथ सहयोग करने और रोकने के लिए बहुत-बहुत धन्यवाद! मुझे आपकी सहायता करने में बहुत खुशी हो रही है। बीमा से संबंधित आपके सभी प्रश्नों को हल करने के लिए हम हमेशा यहां हैं। हमे संपर्क करने के लिए धन्यवाद! आपका दिन अच्छा हों!,3,2
"It's a pleasure assisting you. Thank you for reaching out to us, have a great day ahead!"," आपकी सहायता करना खुशी की बात है। हमसे संपर्क करने के लिए धन्यवाद, आपका दिन शुभ हो!",3,2
Thank you for staying connected. I've initiated a request for a replacement. You'll be receiving it within three days. I request you to send the current broken device in the return envelope., जुड़े रहने के लिए धन्यवाद। मैंने एक प्रतिस्थापन के लिए एक अनुरोध शुरू किया है। आपको यह तीन दिनों के भीतर प्राप्त हो जाएगा। मैं आपसे अनुरोध करता हूं कि वर्तमान टूटे हुए उपकरण को रिटर्न लिफाफे में भेजें।,3,1
Thanks for staying connected. I've processed your request. You'll be receiving a mail to your registered address in the next 48 hours. Is there anything else that I might help you with?, जुड़े रहने के लिए धन्यवाद। मैंने आपका अनुरोध संसाधित कर दिया है। आपको अगले 48 घंटों में आपके पंजीकृत पते पर एक मेल प्राप्त होगा। क्या कुछ और है जिसमें मैं आपकी मदद कर सकता हूं?,3,2
Awesome! And the claim number would be?, बहुत बढ़िया! और दावा संख्या होगी?,3,2
"I appreciate your patience! As I've checked with my resources, I see that the payment has already been initiated, and the good news is you will receive the check within 3 business days. I hope this is helpful."," मैं आपके धैर्य की सराहना करता हूँ! जैसा कि मैंने अपने संसाधनों के साथ जांच की है, मैंने देखा कि भुगतान पहले ही शुरू हो चुका है, और अच्छी खबर यह है कि आपको 3 व्यावसायिक दिनों के भीतर चेक प्राप्त हो जाएगा। मुझे आशा है कि यह मददगार है।",3,2
Thank you so much. Could you please give me your phone number?, बहुत-बहुत धन्यवाद। क्या आप कृपया मुझे अपना फोन नंबर दे सकते हैं?,3,2
ARUN, अरूण,0,0
2000,2000,0,0
I NEED PROOF INSURANCE ON MY HONDA CAR, मुझे अपनी होंडा कार पर बीमा का प्रमाण चाहिए,2,0
Sure thing! I'd be glad to help you with that. Could you please help me with your full name?, अवश्य! मुझे इसमें आपकी मदद करने में खुशी होगी। क्या आप कृपया अपने पूरे नाम के साथ मेरी मदद कर सकते हैं?,3,0
its audi, इसकी ऑडियो,0,0
Thanks for staying connected. The payment has already been initiated. You'll be receiving the check in three days. Would you need anything else?, जुड़े रहने के लिए धन्यवाद। भुगतान शुरू किया जा चुका है। आपको तीन दिनों में चेक मिल जाएगा। क्या आपको कुछ और चाहिए होगा?,3,2
"Alright! Have a great day, goodbye."," ठीक है! आपका दिन शुभ हो, अलविदा।",3,2
That's a nice car! May I please know the year of manufacture of the car?, यह एक अच्छी कार है! क्या मैं कृपया कार के निर्माण का वर्ष जान सकता हूँ?,3,2
NO, ना,1,1
"Thank you Ananth, may I know the make and model of the car?"," धन्यवाद अनंत, क्या मैं कार का मेक और मॉडल जान सकता हूं?",3,0
durai@gmail.com, durai@gmail.com,0,0
Good bye, अलविदा,3,0
Would there be anything else I may assist you with?, क्या कुछ और होगा जिसमें मैं आपकी सहायता कर सकूं?,2,0
"I really appreciate for holding on, the payment was already sent and you'll receive the check with in 3 days. "," मैं वास्तव में रुकने के लिए सराहना करता हूं, भुगतान पहले ही भेजा जा चुका है और आपको 3 दिनों में चेक मिल जाएगा।",3,2
ford fiesta, फोर्ड फीएस्टा,0,0
"You're welcome, I hope I've answered all your questions, Is there anything else I may help you with?"," आपका स्वागत है, मुझे आशा है कि मैंने आपके सभी सवालों का जवाब दे दिया है, क्या कुछ और है जिसमें मैं आपकी मदद कर सकता हूं?",3,2
"Thanks for staying connected, I'd like to inform you that I'll be able to replace your broken phone with the brand new phone. And I request you to return the broken device in an envelope. Will that be okay?"," जुड़े रहने के लिए धन्यवाद, मैं आपको सूचित करना चाहता हूं कि मैं आपके टूटे हुए फोन को बिल्कुल नए फोन से बदल सकूंगा। और मैं आपसे अनुरोध करता हूं कि टूटे हुए उपकरण को एक लिफाफे में वापस कर दें। क्या यह ठीक रहेगा?",3,1
SAX35738849928, SAX35738849928,0,0
i need a proof of insurance for car, मुझे कार के लिए बीमा का प्रमाण चाहिए,1,0
You're always welcome! Thank you for contacting us! Have a great day ahead!, आपका हमेशा स्वागत है! हमसे संपर्क करने के लिए धन्यवाद! आगे एक महान दिन हो!,3,2
"Alright, I'm so sorry but I won't be able to help you out in this regard. To apply for insurance you'll have to visit our website www.myinsurance.com their you'll be able to see an option called 'apply insurance' click on it you'll have to submit few documents. I hope this was useful?","ठीक है, मुझे खेद है, लेकिन मैं इस संबंध में आपकी सहायता नहीं कर पाऊंगा। बीमा के लिए आवेदन करने के लिए आपको हमारी वेबसाइट www.myinsurance.com पर जाना होगा, आप 'बीमा लागू करें' नामक एक विकल्प देख पाएंगे, उस पर क्लिक करें आपको कुछ दस्तावेज जमा करने होंगे। मुझे आशा है कि यह उपयोगी था?",3,1
i want fix the phone screen, मुझे फोन की स्क्रीन ठीक करनी है,1,0
NO THANKS," जी नहीं, धन्यवाद",3,1
hyundai accent, हुंडई एक्सेंट,2,0
name: lisa ssn: 5896, नाम: लिसा एसएसएन: 5896,0,0
855 867 2632, 855 867 2632,0,0
Superb! May I have the email address linked with the account?, शानदार! क्या मेरे पास खाते से जुड़ा ईमेल पता हो सकता है?,3,2
I NEED A COPY OF INSURANCE FOR MY CAR, मुझे अपनी CAR . के लिए बीमा की एक प्रति चाहिए,2,0
Yes sure My car modal BMW X7 and it's make in the year of 2015, हाँ ज़रूर मेरी कार मॉडल बीएमडब्ल्यू एक्स7 और यह 2015 के वर्ष में बना है,2,0
Hey there!  How may I help you today?, सुनो! आज मैं आपकी कैसे मदद कर सकता हूँ?,3,0
thank you, धन्यवाद,2,2
"I'll be glad to assist you with that, may I know your name and the last 4 digits of SSN?"," मुझे इसमें आपकी सहायता करने में खुशी होगी, क्या मैं आपका नाम और SSN के अंतिम 4 अंक जान सकता हूँ?",3,0
hai, हाय,2,0
"Sure! I'll surely help you in this regards. May I know your name please?
", ज़रूर! मैं इस संबंध में आपकी निश्चित रूप से मदद करूंगा। क्या मैं आपका नाम जान सकता हूँ?,3,0
NO THANKS," जी नहीं, धन्यवाद",3,1
ok, ठीक है,2,0
yes, हां,2,0
hai jesse, है जेसी,2,0
THANK YOU, धन्यवाद,3,2
"My phone number is 8956232569 and the address is No.4 , MJK colony , chennai"," मेरा फोन नंबर 8956232569 है और पता नंबर 4, एमजेके कॉलोनी, चेन्नई है",2,0
My pleasure! Thank you for connecting with us. Good day!, मेरा सौभाग्य! हमसे जुड़ने के लिए धन्यवाद। अच्छा दिन!,3,2
I hope we are still connected?, मुझे आशा है कि हम अभी भी जुड़े हुए हैं?,2,0
"Sure, we are here to help you. May I know your full name please?"," ज़रूर, हम आपकी मदद करने के लिए यहाँ हैं। क्या मैं आपका पूरा नाम जान सकता हूँ?",3,0
"I'll help you with that. However, I'd require the following details. May I know your name and phone number?"," मैं इसमें आपकी मदद करूंगा। हालांकि, मुझे निम्नलिखित विवरणों की आवश्यकता होगी। क्या मैं आपका नाम और फोन नंबर जान सकता हूँ?",3,0
k, क,0,0
hi, नमस्ते,2,0
"I apologize, I'll be unable to help you in this regard. However, If there is an insurance for your mobile and there is any damage or crack to the phone, I'll surely help you get a replacement done."," मुझे खेद है, मैं इस संबंध में आपकी सहायता नहीं कर पाऊंगा। हालांकि, अगर आपके मोबाइल के लिए बीमा है और फोन में कोई क्षति या दरार है, तो मैं निश्चित रूप से आपको एक प्रतिस्थापन करवाने में मदद करूंगा।",3,1
Hello! I would like to ask about the status of my claim.,नमस्ते! मैं अपने दावे की स्थिति के बारे में पूछना चाहता हूं।,3,0
"Excellent! Thank you for bringing this up to us, I'm glad I could resolve this for you. Have a nice day!"," उत्कृष्ट! इसे हमारे पास लाने के लिए धन्यवाद, मुझे खुशी है कि मैं इसे आपके लिए हल कर सका। आपका दिन शुभ हो!",3,2
ok thanks, ठीक है धन्यवाद,3,0
"Just to confirm, Your full name is harini harini, right?"," बस पुष्टि करने के लिए, आपका पूरा नाम हरिणी हरिणी है, है ना?",2,0
"Lovely, could you also please help me out with your phone number? "," लवली, क्या आप कृपया अपने फोन नंबर के साथ मेरी मदद कर सकते हैं?",3,2
5248,5248,0,0
No worries I'll note down the correct number., कोई चिंता नहीं मैं सही नंबर नोट कर लूंगा।,1,0
Wonderful! Please allow me a moment to process your request., अद्भुत! कृपया मुझे आपके अनुरोध को संसाधित करने के लिए कुछ समय दें।,3,2
"Thank you for the details, kindly give me a minute to proceed further."," विवरण के लिए धन्यवाद, कृपया मुझे आगे बढ़ने के लिए एक मिनट दें।",3,0
"Thank you for being Patient, I've processed the request made by you the proof documents will be reaching you in 2 days at your registered address. Is there anything else I may help you in?"," धैर्यवान होने के लिए धन्यवाद, मैंने आपके द्वारा किए गए अनुरोध को संसाधित कर दिया है प्रूफ दस्तावेज़ आपके पंजीकृत पते पर 2 दिनों में आप तक पहुंच जाएंगे। क्या कुछ और है जिसमें मैं आपकी मदद कर सकता हूं?",3,2
No sir. Thank you very much., नहीं साहब। आपका बहुत बहुत धन्यवाद।,3,0
"For sure! I'll help you with that, may I know your name please?"," पक्का! मैं इसमें आपकी मदद करूंगा, क्या मैं आपका नाम जान सकता हूं?",3,0
Hello!, नमस्ते!,3,0
Thanks for staying connected. The payment has already been initiated. You'll be receiving the check within the next three days. Would you need anything else?, जुड़े रहने के लिए धन्यवाद। भुगतान शुरू किया जा चुका है। आपको अगले तीन दिनों के भीतर चेक मिल जाएगा। क्या आपको कुछ और चाहिए होगा?,3,2
i don't know ssn number, मुझे एसएसएन नंबर नहीं पता,1,0
I NEED MY CLAIM STATUS, मुझे अपने दावे की स्थिति चाहिए,1,0
please help me to fix screen, कृपया स्क्रीन को ठीक करने में मेरी मदद करें,3,0
"Sure! Of course, I'll definitely help you in getting your insurance proof copy. To proceed further I'll require your personal and car details. May I know your full name please?","ज़रूर! बेशक, मैं आपकी बीमा प्रमाण प्रति प्राप्त करने में निश्चित रूप से आपकी सहायता करूंगा। आगे बढ़ने के लिए मुझे आपके व्यक्तिगत और कार विवरण की आवश्यकता होगी। क्या मैं आपका पूरा नाम जान सकता हूँ?",3,0
"Leonidas Ashley
", लियोनिदास एशले,0,0
Alright. I had a great time assisting you. Have a good day. Bye., ठीक है। मुझे आपकी सहायता करने में बहुत अच्छा लगा। आपका दिन शुभ हो। अलविदा।,3,2
SSN-6325, एसएसएन-6325,0,0
hello, नमस्ते,2,0
Could you please help me with the last 4 digits of your SSN?,क्या आप कृपया अपने एसएसएन के अंतिम 4 अंकों के साथ मेरी मदद कर सकते हैं?,3,0
ssn num-7654, एसएसएन संख्या-7654,0,0
5624,5624,0,0
OK, ठीक है,2,0
Sorry about that! Could you please share your  policy number and claim number?, उसके लिए माफ़ करना! क्या आप कृपया अपना पॉलिसी नंबर और दावा संख्या साझा कर सकते हैं?,3,0
Could you help me with the year in which the car was made?, क्या आप उस वर्ष में मेरी मदद कर सकते हैं जिसमें कार बनाई गई थी?,3,0
"rahul, PHB 342, PO Box 5087, bowling green station, newyork.
"," राहुल, पीएचबी 342, पीओ बॉक्स 5087, बॉलिंग ग्रीन स्टेशन, न्यूयॉर्क।",0,0
Have a great day ahead. Hope to serve you soon again., आगे एक महान दिन हो। आशा है कि आप जल्द ही फिर से सेवा करेंगे।,2,2
"I'm so sorry. I might not be able to help you with that. To claim an insurance, you need to visit our nearest branch. If the query is regarding the status of the claim, I might help you."," मुझे खेद है। हो सकता है कि मैं इसमें आपकी मदद न कर सकूं। बीमा का दावा करने के लिए, आपको हमारी निकटतम शाखा में जाना होगा। यदि प्रश्न दावे की स्थिति के संबंध में है, तो मैं आपकी सहायता कर सकता हूं।",3,1
"Hey Willaim, Could you please share your phone number and email address on your account? "," अरे विलाइम, क्या आप कृपया अपने खाते पर अपना फ़ोन नंबर और ईमेल पता साझा कर सकते हैं?",3,0
Hi! How may I assist you?, नमस्ते! मैं आपकी कैसे सहायता कर सकता हूँ?,3,0
"Gavyn Mcknight
", गेविन मैकनाइट,0,0
You're welcome! Could you also help me with the SSN?, आपका स्वागत है! क्या आप एसएसएन में भी मेरी मदद कर सकते हैं?,3,2
I NEED TO KNOW ABOUT THE STATUS OF MY CLAIM, मुझे अपने दावे की स्थिति के बारे में जानना है,3,0
AWQ987654389, AWQ987654389,0,0
ok, ठीक है,2,0
okay, ठीक है,2,0
Thanks for staying connected. I'd like to inform you that the payments has been sent and it'll be delivered to you in the next 3 business days.,जुड़े रहने के लिए धन्यवाद। मैं आपको सूचित करना चाहता हूं कि भुगतान भेज दिया गया है और यह आपको अगले 3 व्यावसायिक दिनों में वितरित कर दिया जाएगा।,3,2
"Good to hear from you, Samira! Please could you share the SSN?"," आप से सुनकर अच्छा लगा, समीरा! कृपया आप एसएसएन साझा कर सकते हैं?",3,2
SAMHAN, सम्हन,0,0
"Dear user, we can see that your blindly replying without even reading the question. if your not understanding what has to be done we are here to help you out, but first read the question and reply. "," प्रिय उपयोगकर्ता, हम देख सकते हैं कि आप प्रश्न को पढ़े बिना आँख बंद करके उत्तर दे रहे हैं। अगर आपको समझ नहीं आ रहा है कि क्या करना है तो हम आपकी मदद करने के लिए यहां हैं, लेकिन पहले प्रश्न को पढ़ें और उत्तर दें।",2,1
Hello there! How may I help you today?, नमस्ते! आज मैं आपकी कैसे मदद कर सकता हूँ?,3,0
suhas kooo, सुहास कू,2,0
ok, ठीक है,2,0
"Thank you for being patient, I'd like to inform you that you'll be receiving a brand new phone for the damaged product and I kindly request you to send the damaged phone return with the same delivery agent. "," धैर्य रखने के लिए धन्यवाद, मैं आपको सूचित करना चाहता हूं कि आपको क्षतिग्रस्त उत्पाद के लिए एक नया फोन प्राप्त होगा और मैं आपसे उसी डिलीवरी एजेंट के साथ क्षतिग्रस्त फोन रिटर्न भेजने का अनुरोध करता हूं।",3,2
the model of the car is ford fusion, कार का मॉडल फोर्ड फ्यूजन है,0,0
hello, नमस्ते,2,0
audi a3, ऑडी ए3,0,0
MY PHONE SCREEN IS BROKEN, मेरे फोन की स्क्रीन टूट गई है,2,1
Hello!, नमस्ते!,3,0
Hello how may I help you?," हेल्लो, मैं आपकी कैसे मदद करूं?",3,0
Amazing! Please provide me a moment while I proceed with the request., अद्भुत! कृपया मुझे एक क्षण प्रदान करें जब तक मैं अनुरोध के साथ आगे बढ़ूं।,2,2
Could you please let me know the year of manufacture?, क्या आप कृपया मुझे निर्माण का वर्ष बता सकते हैं?,3,0
5896,5896,0,0
"Thank you for the details, please give me a minute to proceed further."," विवरण के लिए धन्यवाद, कृपया मुझे आगे बढ़ने के लिए एक मिनट दें।",3,0
Okay, ठीक,2,0
ok thanks, ठीक है धन्यवाद,3,0
make: toyota model: 4runner,बनाना: टोयोटा मॉडल: 4रनर,0,0
Thanks for the information..I am very happy now., जानकारी के लिए धन्यवाद..मैं अब बहुत खुश हूं।,3,2
THANK YOU SO MUCH, आपका बहुत-बहुत धन्यवाद,3,2
sorry the email address is ghhjgkg@hjgjg.com, क्षमा करें ईमेल पता ghhjgkg@hjgjg.com है,2,0
MANI, मणि,0,0
2017,2017,0,0
Claim No:DOW276, दावा संख्या: DOW276,1,0
8675935865,8675935865,0,0
Awesome!  Could you please share your complete phone number?,बहुत बढ़िया! क्या आप कृपया अपना पूरा फोन नंबर साझा कर सकते हैं?,3,2
Superb! Could you please allow me a minute to process your request?, शानदार! क्या आप कृपया मुझे आपके अनुरोध को संसाधित करने के लिए एक मिनट का समय दे सकते हैं?,3,2
damaged, क्षतिग्रस्त,0,1
okay., ठीक है।,2,0
"Thank you so much for sharing the information. Please allow me a minute or two, while I do the needful?"," जानकारी साझा करने के लिए आपका बहुत-बहुत धन्यवाद। कृपया मुझे एक या दो मिनट का समय दें, जबकि मैं आवश्यक कार्य करता हूं?",3,2
kud 996622113, कुद 996622113,0,0
May I know your Policy no. please?, क्या मैं आपकी पॉलिसी नं. कृपया?,3,0
Awesome! Could you please help me with the make and model of the car?, बहुत बढ़िया! क्या आप कृपया कार के मेक और मॉडल के बारे में मेरी मदद कर सकते हैं?,3,2
I WANT INSURANCE  PROOF COPY, मुझे बीमा प्रमाण की कॉपी चाहिए,1,0
"Good to hear from you, Sathya! Please could you share your contact number?"," आपसे सुनकर अच्छा लगा, सत्या! क्या आप अपना संपर्क नंबर साझा कर सकते हैं?",3,2
"Thank you Mr.Kumar. To proceed further with your query, I'll require few details of the car like make and the model. Could you please share them?"," धन्यवाद श्री कुमार। आपकी क्वेरी के साथ आगे बढ़ने के लिए, मुझे कार के मेक और मॉडल जैसे कुछ विवरणों की आवश्यकता होगी। क्या आप कृपया उन्हें साझा कर सकते हैं?",3,0
Surely. Could I know your SSN please?, निश्चित रूप से। क्या मैं आपका SSN कृपया जान सकता हूँ?,3,0
"Always a pleasure! It's a pleasure assisting you, have a great day! "," हमेशा एक खुशी की बात है! आपकी सहायता करना खुशी की बात है, आपका दिन शुभ हो!",3,2
My mobile screen damaged, मेरे मोबाइल की स्क्रीन खराब हो गई,0,1
(203)898-5685, (203)898-5685,0,0
no, नहीं,1,1
Thank you, आपको धन्यवाद,2,2
You're welcome! May I confirm if all you questions have been answered for the day?, आपका स्वागत है! क्या मैं पुष्टि कर सकता हूँ कि क्या उस दिन के लिए आपके सभी प्रश्नों का उत्तर दे दिया गया है?,2,2
ert528, ert528,0,0
Thank you for staying connected. I've initiated a request for a replacement. You'll be receiving it within three days. I request you to send the current broken device in the return envelope., जुड़े रहने के लिए धन्यवाद। मैंने एक प्रतिस्थापन के लिए एक अनुरोध शुरू किया है। आपको यह तीन दिनों के भीतर प्राप्त हो जाएगा। मैं आपसे अनुरोध करता हूं कि वर्तमान टूटे हुए उपकरण को रिटर्न लिफाफे में भेजें।,3,1
YES PERFECT, हां बढ़िया,2,2
That's great! Please could you also share the claim number?, एक दम बढ़िया! कृपया क्या आप दावा संख्या भी साझा कर सकते हैं?,3,2
I got enough information from your side.Thank you very much., मुझे आपकी तरफ से काफी जानकारी मिली है।बहुत बहुत धन्यवाद।,3,0
"Please find it on the internet, it is easier that way.","कृपया इसे इंटरनेट पर खोजें, यह उस तरह से आसान है।",2,1
"Thanks for waiting, I'd like to inform you that I'll be able to replace your broken phone with the brand new phone. And I request you to return the broken device in an envelope. We won't be able to provide you the new phone unless we recieve the broken phone. would that be okay? ","प्रतीक्षा करने के लिए धन्यवाद, मैं आपको सूचित करना चाहता हूं कि मैं आपके टूटे हुए फोन को एकदम नए फोन से बदल सकूंगा। और मैं आपसे अनुरोध करता हूं कि टूटे हुए उपकरण को एक लिफाफे में वापस कर दें। जब तक हमें टूटा हुआ फोन नहीं मिलता, हम आपको नया फोन नहीं दे पाएंगे। क्या यह ठीक रहेगा?",3,1
"Great, Sure I will make it Ready, Thank you for your help"," बढ़िया, ज़रूर मैं इसे तैयार करूँगा, आपकी मदद के लिए धन्यवाद",3,2
"Thanks for waiting, I'd like to inform you that I'll be able to replace your broken phone with the brand new phone. And I request you to return the broken device in an envelope. We won't be able to provide you the new phone unless we receive the broken phone. would that be okay? "," प्रतीक्षा करने के लिए धन्यवाद, मैं आपको सूचित करना चाहता हूं कि मैं आपके टूटे हुए फोन को एकदम नए फोन से बदल सकूंगा। और मैं आपसे अनुरोध करता हूं कि टूटे हुए उपकरण को एक लिफाफे में वापस कर दें। जब तक हम टूटा हुआ फ़ोन प्राप्त नहीं कर लेते, हम आपको नया फ़ोन प्रदान नहीं कर पाएंगे। क्या यह ठीक रहेगा?",3,1
ok, ठीक है,2,0
GOOD MORNING, शुभ प्रभात,2,0
no thanks," जी नहीं, धन्यवाद",3,1
Toyota Avalon, टोयोटा एवलॉन,0,0
Sure! I'll surely help you. May I know your full name and the last 4 digits of your SSN?, ज़रूर! मैं आपकी मदद जरूर करूंगा। क्या मैं आपका पूरा नाम और आपके SSN के अंतिम 4 अंक जान सकता हूँ?,3,0
hai, हाय,2,0
4436,4436,0,0
Sure. May I please ask for you e-mail address?, ज़रूर। क्या मैं आपसे ई-मेल पता मांग सकता हूं?,3,0
"Hello good  morning! How may I help you?
", हैलो सुप्रभात! क्या मेरे द्वारा आपकी कोई सहायता हो सकती है?,3,0
deh287426902 and cliam nubmer is seg128, deh287426902 और क्लिअम नबमर seg128 . है,0,0
2861287631,2861287631,0,0
Superb! Could you please provide your policy number?, शानदार! क्या आप कृपया अपना पॉलिसी नंबर प्रदान कर सकते हैं?,3,2
"Amazing! I've contacted our team and made a request for a replacement, your getting a brand new phone!! provided that you'll have to send your damaged device in an return envelope. I hope all the instructions are clear? As soon as we receive your phone, we will dispatch your brand new phone immediately and you'll get the courier within 2 business days. "," अद्भुत! मैंने हमारी टीम से संपर्क किया है और एक प्रतिस्थापन के लिए अनुरोध किया है, आपको एक नया फोन मिल रहा है !! बशर्ते कि आपको अपना क्षतिग्रस्त उपकरण एक वापसी लिफाफे में भेजना होगा। मुझे आशा है कि सभी निर्देश स्पष्ट हैं? जैसे ही हम आपका फोन प्राप्त करते हैं, हम आपका बिल्कुल नया फोन तुरंत भेज देंगे और आपको 2 व्यावसायिक दिनों के भीतर कूरियर मिल जाएगा।",3,2
Great! Could you please allow me a minute to process your request?, महान! क्या आप कृपया मुझे आपके अनुरोध को संसाधित करने के लिए एक मिनट का समय दे सकते हैं?,3,2
I want to know status of my claim., मैं अपने दावे की स्थिति जानना चाहता हूं।,3,0
"I appreciate your patience. I have made a request for the replacement for your phone, it will be sent to you within 24-48 hours. And also, I request you to send the current phone in the return envelope. I hope this will be helpful.","मैं आपके धैर्य की सराहना करता हूँ। मैंने आपके फोन को बदलने के लिए अनुरोध किया है, यह आपको 24-48 घंटों के भीतर भेज दिया जाएगा। और साथ ही, मैं आपसे वर्तमान फोन को रिटर्न लिफाफे में भेजने का अनुरोध करता हूं। मुझे उम्मीद है कि ये मददगार होगा।",3,2
Name: Kadhal.T..SSN:4910, नाम: कधल.टी..एसएसएन:4910,0,0
Thanks for the information. Please allow me a moment while I check this for you.," सूचना के लिए धन्यवाद। कृपया मुझे कुछ समय दें, जब तक मैं आपके लिए यह जांचता हूं।",3,0
Okay, ठीक,2,2
Thank u very much, बहुत बहुत धन्यवाद,3,2
no thanks," जी नहीं, धन्यवाद",3,1
I highly appreciate your patience. Thank you so much for connecting to us. I'm glad that I could resolve this for you. Have an amazing day ahead! We are always here contact us at anytime we will help you out! :), मैं आपके धैर्य की अत्यधिक सराहना करता हूं। हमसे जुड़ने के लिए आपका बहुत-बहुत धन्यवाद। मुझे खुशी है कि मैं इसे आपके लिए हल कर सका। आगे एक अद्भुत दिन हो! हम हमेशा यहां हैं किसी भी समय हमसे संपर्क करें हम आपकी मदद करेंगे! :),3,2
Thank you for waiting. I've a good news for you. Your request has been processed and you'll be receiving the proof of insurance within 2 days. Is there anything else I might help you with?, प्रतीक्षा के लिए धन्यवाद। मेरे पास आपके लिए एक अच्छी खबर है। आपका अनुरोध संसाधित कर दिया गया है और आपको 2 दिनों के भीतर बीमा का प्रमाण प्राप्त हो जाएगा। क्या कुछ और है जिसमें मैं आपकी मदद कर सकता हूं?,3,2
Perfect! May I please know you email address?, उत्तम! क्या मैं आपको ईमेल पता बता सकता हूँ?,3,2
Thank you for reaching out to us! Have a great day!, हमसे संपर्क की पहल के लिए आपका धन्यवाद! आपका दिन अच्छा रहे!,3,2
maruti swift, मारुति स्विफ्ट,0,0
"sure, i will ", मैं निश्चित रूप से करूँगा,2,0
"Alright! Have a great day, it was pleasure assisting you. Goodbye."," ठीक है! आपका दिन शुभ हो, आपकी सहायता करके खुशी हुई। अलविदा।",3,2
OK, ठीक है,2,0
"I'll help you with that sir, you don't have to fix your phone screen I'll help you with that. Before that May I know your full name please?"," मैं इसमें आपकी मदद करूंगा सर, आपको अपने फोन की स्क्रीन ठीक करने की जरूरत नहीं है मैं इसमें आपकी मदद करूंगा। उससे पहले क्या मैं आपका पूरा नाम जान सकता हूँ?",3,0
Hello! How may I help you today?, नमस्ते! आज मैं आपकी कैसे मदद कर सकता हूँ?,3,0
bashirian35@gmail.com, बशीरियन35@gmail.com,2,0
Hello! How may I assist you today?, नमस्ते! आज मैं आपकी मदद किस तरह कर सकता हूँ?,3,0
"Thank you Raki, could you please let me know the policy number and the claim number?"," धन्यवाद राकी, क्या आप कृपया मुझे पॉलिसी नंबर और दावा संख्या बता सकते हैं?",3,0
Thank you so much! It was my pleasure assisting you Mr. Danny. Thanks for connecting to us! Hope to see you again. Have a great day ahead! :), बहुत-बहुत धन्यवाद! मिस्टर डैनी की आपकी सहायता करना मेरे लिए खुशी की बात थी। हमसे जुड़ने के लिए धन्यवाद! फिर से देखने की उम्मीद। आगे एक महान दिन हो! :),3,2
"I need a copy of insurance for my car

", मुझे अपनी कार के लिए बीमा की एक प्रति चाहिए,2,0
"Sure! I'll surely help you in this regards. May I know your name please?
", ज़रूर! मैं इस संबंध में आपकी निश्चित रूप से मदद करूंगा। क्या मैं आपका नाम जान सकता हूँ?,3,0
EFF540784579 AND ROO221, EFF540784579 और ROO221,0,0
"Thank you. To proceed further with the documentation, I'll require few details of the car like the make and the model of the car, Could you please share them?","शुक्रिया। दस्तावेज़ीकरण के साथ आगे बढ़ने के लिए, मुझे कार के मेक और मॉडल जैसे कुछ विवरणों की आवश्यकता होगी, क्या आप कृपया उन्हें साझा कर सकते हैं?",3,0
2214,2214,0,0
"I'm sorry, could you please help me with the issue you're facing/"," मुझे खेद है, क्या आप कृपया मेरी उस समस्या में मदद कर सकते हैं जिसका आप सामना कर रहे हैं/",3,1
i need proof my car indurance, मुझे सबूत चाहिए मेरी कार बीमा,2,0
"Have a great day, good bye."," आपका दिन शुभ हो, अलविदा।",3,2
i need a proof of insurance for one of car, मुझे किसी एक कार के लिए बीमा का प्रमाण चाहिए,1,0
"Kassandra Benjamin
", कैसेंड्रा बेंजामिन,0,0
"76,Killo Bady , jh street , HK 63902"," 76, किल्लो बदी, झा स्ट्रीट, एचके 63902",0,0
"Thank you.! May I know the policy number.
", आपको धन्यवाद।! क्या मैं पॉलिसी नंबर जान सकता हूं।,3,0
Are we still connected?, हम अभी भी जुड़े हैं?,1,0
"need a proof of insurance for one of your cars
", आपकी कारों में से किसी एक के लिए बीमा के प्रमाण की आवश्यकता है,1,0
thank u, धन्यवाद,3,2
Of course! I'd be glad to help you with that. Could you please help me with your full name and the last 4 digits of your SSN number?, बेशक! मुझे इसमें आपकी मदद करने में खुशी होगी। क्या आप कृपया अपना पूरा नाम और अपने एसएसएन नंबर के अंतिम 4 अंकों के साथ मेरी मदद कर सकते हैं?,3,0
chevy malibu, चेवी मालिबू,0,0
Perfect! Would you also share your insurance claim number?, उत्तम! क्या आप अपनी बीमा दावा संख्या भी साझा करेंगे?,3,0
My car model is Audi a4 and made was 2017, मेरी कार का मॉडल ऑडी ए4 है और 2017 में बनाया गया था,1,0
Hi, नमस्ते,2,0
May I know the year the car was manufactured?, क्या मुझे पता चल सकता है कि कार का निर्माण किस वर्ष किया गया था?,2,0
1234,1234,0,0
kavi@gmail.com, kavi@gmail.com,0,0
"Sorry to keep you waiting, I've processed the request made by you the proof documents will be reaching you in 2 days at your registered address. Is there anything I may help you in?"," आपको प्रतीक्षारत रखने के लिए क्षमा करें, मैंने आपके द्वारा किए गए अनुरोध को संसाधित कर दिया है, प्रमाण दस्तावेज आपके पंजीकृत पते पर 2 दिनों में आप तक पहुंच जाएंगे। क्या कोई ऐसी चीज है जिसमें मैं आपकी मदद कर सकता हूं?",3,0
5589,5589,0,0
"I'll help you with that, could you please let me know your name and the last 4 digits of SSN?"," मैं इसमें आपकी मदद करूंगा, क्या आप कृपया मुझे अपना नाम और एसएसएन के अंतिम 4 अंक बता सकते हैं?",3,0
2005,2005,0,0
Sure! Could you also get me the year the car was manufactured?,ज़रूर! क्या आप मुझे उस वर्ष भी बता सकते हैं जिस वर्ष कार का निर्माण किया गया था?,3,0
no, नहीं,1,1
tsa 864726719, टीएसए 864726719,0,0
Alright! Thank you so much for the information. I've collected the details and have informed the concerned team. They will mail you the duplicate copy to the registered address within 3-4 business days. I hope this will be helpful., ठीक है! जानकारी के लिए बहुत - बहुत धन्यवाद। मैंने विवरण एकत्र कर लिया है और संबंधित टीम को सूचित कर दिया है। वे आपको 3-4 व्यावसायिक दिनों के भीतर डुप्लीकेट प्रति आपके पंजीकृत पते पर भेज देंगे। मुझे उम्मीद है कि ये मददगार होगा।,3,2
ARE WE CONNECTED?, क्या हम जुड़े हुए हैं?,0,0
A very good morning. How may I help you today?, एक बहुत अच्छी सुबह। आज मैं आपकी कैसे मदद कर सकता हूँ?,3,2
"Thank you Nila, could you please let me know the make and model of the car?"," धन्यवाद नीला, क्या आप कृपया मुझे कार के मेक और मॉडल के बारे में बता सकते हैं?",3,0
"Sure! I'll be glad to help you in this regard, may I please know your full name?"," ज़रूर! मुझे इस संबंध में आपकी मदद करने में खुशी होगी, क्या मैं आपका पूरा नाम जान सकता हूं?",3,0
5214,5214,0,0
"I'll not be able to get the device fixed. However, I'll be able to go ahead and get you a replacement. Would you want me to do that on your behalf?"," मैं डिवाइस को ठीक नहीं कर पाऊंगा। हालांकि, मैं आगे बढ़कर आपको एक प्रतिस्थापन दिलाने में सक्षम होऊंगा। क्या आप चाहते हैं कि मैं आपकी ओर से ऐसा करूं?",3,0
"I highly appreciate your patience in staying connected. I'd like to inform you that, the required documents are ready and will be filed and sent to your address at the earliest."," जुड़े रहने में आपके धैर्य की मैं अत्यधिक सराहना करता हूं। मैं आपको सूचित करना चाहता हूं कि, आवश्यक दस्तावेज तैयार हैं और उन्हें जल्द से जल्द आपके पते पर भेज दिया जाएगा।",3,2
"Good news! The replacement takes place in 1-3 business days, please ensure to send the broken device through an envelope."," खुशखबरी! प्रतिस्थापन 1-3 व्यावसायिक दिनों में होता है, कृपया एक लिफाफे के माध्यम से टूटे हुए उपकरण को भेजना सुनिश्चित करें।",3,2
"Awesome! Thank you for reaching out to us, please feel free to reach out for further concerns."," बहुत बढ़िया! हमसे संपर्क करने के लिए धन्यवाद, कृपया आगे की चिंताओं के लिए बेझिझक संपर्क करें।",3,2
Perfect! Please allow me a moment while I go ahead and do the needful., उत्तम! कृपया मुझे एक क्षण की अनुमति दें जब तक कि मैं आगे बढ़ूं और आवश्यक कार्य करूं।,3,2
ashok, अशोक,2,0
hi, नमस्ते,2,0
Thanks for staying connected. I've processed your request. You'll be receiving a mail to your registered address in the next 48 hours. Is there anything else that I might help you with?, जुड़े रहने के लिए धन्यवाद। मैंने आपका अनुरोध संसाधित कर दिया है। आपको अगले 48 घंटों में आपके पंजीकृत पते पर एक मेल प्राप्त होगा। क्या कुछ और है जिसमें मैं आपकी मदद कर सकता हूं?,3,2
"Your welcome! It was wonderful assisting you, hope that was useful. Have a great day!","आपका स्वागत है! यह आपकी मदद करने में अद्भुत था, आशा है कि यह उपयोगी था। आपका दिन अच्छा रहे!",2,2
"ok, thankyou when did i get my proof"," ठीक है, धन्यवाद मुझे अपना सबूत कब मिला",3,0
hi, नमस्ते,2,0
ford l9, फोर्ड एल9,0,0
dpd 154789635, डीपीडी 154789635,0,0
"Perfect! Now, I'll require your car details as well. Could you please help me with the make and model of your car?"," उत्तम! अब, मुझे आपकी कार के विवरण की भी आवश्यकता होगी। क्या आप कृपया अपनी कार के मेक और मॉडल के बारे में मेरी मदद कर सकते हैं?",3,2
And the policy number would be?, और पॉलिसी नंबर होगा?,1,0
Hello there! Good morning. How may I assist you today?, नमस्ते! सुबह बख़ैर। आज मैं आपकी मदद किस तरह कर सकता हूँ?,3,0
you are welcome jesse., आपका स्वागत है जेसी।,2,2
ok, ठीक है,2,0
Alright! I'll change that., ठीक है! मैं इसे बदल दूंगा।,2,0
hi, नमस्ते,2,0
Would you be able to look up the status of my claim?, क्या आप मेरे दावे की स्थिति देख पाएंगे?,3,0
hi, नमस्ते,2,0
arc546, चाप546,0,0
54,54,0,0
"Thank you Kiran, may I know the make and model of the car? "," धन्यवाद किरण, क्या मैं कार का मेक और मॉडल जान सकती हूं?",3,0
bye, अलविदा,2,0
"Thank you so much for sharing the information, please allow me a moment while I go ahead and do the needful. "," जानकारी साझा करने के लिए आपका बहुत-बहुत धन्यवाद, कृपया मुझे एक क्षण दें, जब तक कि मैं आगे बढ़ूं और आवश्यक कार्य करूं।",3,2
You're welcome! Would there be anything else I may assist you with?, आपका स्वागत है! क्या कुछ और होगा जिसमें मैं आपकी सहायता कर सकूं?,3,2
my iPhone screen just cracked, मेरे iPhone की स्क्रीन अभी टूट गई है,1,1
"hi,good morning", हाय सुप्रभात,3,0
Fantastic! Thanks a ton for being patient and cooperating with me. It was my pleasure assisting you. I hope you've a great day ahead. We are always here to help you out. Goodbye., ज़बरदस्त! धैर्य रखने और मेरे साथ सहयोग करने के लिए बहुत-बहुत धन्यवाद। आपकी सहायता करना मेरी खुशी थी। मुझे आशा है कि आपके लिए आगे एक अच्छा दिन है। हम आपकी मदद के लिए हमेशा यहां हैं। अलविदा।,3,2
You're always welcome! Have a great day ahead!,आपका हमेशा स्वागत है! आगे एक महान दिन हो!,3,2
"I'd like to inform you that for the documentation to proceed, I'll require few details of the car like the make and the model. Could you please share them?"," मैं आपको सूचित करना चाहता हूं कि दस्तावेज़ीकरण आगे बढ़ने के लिए, मुझे कार के मेक और मॉडल जैसे कुछ विवरणों की आवश्यकता होगी। क्या आप कृपया उन्हें साझा कर सकते हैं?",3,0
MUTHURAJA 142, मुथुराजा 142,0,0
The payment was already sent and the check should arrive in 3 working days.,भुगतान पहले ही भेज दिया गया था और चेक 3 कार्य दिवसों में आ जाना चाहिए।,0,0
Sure. I'll help you with that. May I know your name and the last 4 digits of the SSN please?, ज़रूर। मैं इसमें आपकी मदद करूंगा। क्या मैं आपका नाम और SSN के अंतिम 4 अंक जान सकता हूँ?,3,0
OK, ठीक है,2,0
honda civic, होंडा सिविक,0,0
"Awesome! Thanks for waiting so patiently, As I can see here, Your payment($5000) for the claim number pol154756035 is initiated and you'll surely receive it within 3 days. However, In case you don't receive your payment within the given time please contact us immediately and we will help you out. I hope that would be okay?"," बहुत बढ़िया! इतने धैर्यपूर्वक प्रतीक्षा करने के लिए धन्यवाद, जैसा कि मैं यहां देख सकता हूं, दावा संख्या pol154756035 के लिए आपका भुगतान($5000) शुरू हो गया है और आप निश्चित रूप से इसे 3 दिनों के भीतर प्राप्त कर लेंगे। हालांकि, यदि आपको दिए गए समय के भीतर अपना भुगतान प्राप्त नहीं होता है, तो कृपया हमसे तुरंत संपर्क करें और हम आपकी सहायता करेंगे। मुझे आशा है कि यह ठीक होगा?",3,2
"Everett Haas
", एवरेट हास,0,0
"That's amazing, Thank you so much for sharing all that details. Allow me a moment while I go ahead and request for your car insurance proof copy."," यह आश्चर्यजनक है, वह सभी विवरण साझा करने के लिए बहुत-बहुत धन्यवाद। मुझे कुछ समय दें और मैं आगे बढ़कर आपकी कार बीमा प्रूफ कॉपी के लिए अनुरोध करता हूं।",3,2
Thank you for staying connected. I've initiated a request for a replacement. You'll be receiving it within three days. I request you to send the current broken device in the return envelope., जुड़े रहने के लिए धन्यवाद। मैंने एक प्रतिस्थापन के लिए एक अनुरोध शुरू किया है। आपको यह तीन दिनों के भीतर प्राप्त हो जाएगा। मैं आपसे अनुरोध करता हूं कि वर्तमान टूटे हुए उपकरण को रिटर्न लिफाफे में भेजें।,3,1
Sure! Please may I know your name?, ज़रूर! कृपया क्या मैं आपका नाम जान सकता हूँ?,2,0
A very good morning. How may I help you today?, एक बहुत अच्छी सुबह। आज मैं आपकी कैसे मदद कर सकता हूँ?,3,2
"Thank you. May I know your phone number?
", शुक्रिया। क्या मैं आपका फ़ोन नंबर जान सकता हूँ?,3,0
I've a good news for you. Your request has been processed and you'll be receiving the proof of insurance within 2 days. Is there anything else I might help you with?, मेरे पास आपके लिए एक अच्छी खबर है। आपका अनुरोध संसाधित कर दिया गया है और आपको 2 दिनों के भीतर बीमा का प्रमाण प्राप्त हो जाएगा। क्या कुछ और है जिसमें मैं आपकी मदद कर सकता हूं?,3,2
Raj would you like to claim your insurance?, राज क्या आप अपने बीमा का दावा करना चाहेंगे?,3,0
"Rafael Velazquez
", राफेल वेलाज़्केज़ी,0,0
Hello! Good morning! I hope you are having a great day! How may I help you today?, नमस्ते! सुबह बख़ैर! मुझे आशा है कि आपका समय बहुत अच्छा बीत रहा है! आज मैं आपकी कैसे मदद कर सकता हूँ?,3,2
Great! I'll be happy to help. Please may I know your name?, महान! मुझे मदद करने में खुशी होगी. कृपया क्या मैं आपका नाम जान सकता हूँ?,3,2
"Thank you for bringing this up to us, I’m glad I could resolve this for you. Have a great day!"," इसे हमारे पास लाने के लिए धन्यवाद, मुझे खुशी है कि मैं इसे आपके लिए हल कर सका। आपका दिन अच्छा रहे!",3,2
Perfect! I'll also be requiring the complete claim number., उत्तम! मुझे पूर्ण दावा संख्या की भी आवश्यकता होगी।,3,2
Hello! How may I assist you?, नमस्ते! मैं आपकी कैसे सहायता कर सकता हूँ?,3,0
Sad to hear that! I'll surely help you get that. May I know your full name please?, यह सुनकर दुख हुआ! मैं इसे हासिल करने में आपकी मदद जरूर करूंगा। क्या मैं आपका पूरा नाम जान सकता हूँ?,3,1
Porter to find your documents I'll be needing more details. Could you help me out with the make and the model of your car?,पोर्टर आपके दस्तावेज़ खोजने के लिए मुझे और विवरण की आवश्यकता होगी। क्या आप अपनी कार के मेक और मॉडल के बारे में मेरी मदद कर सकते हैं?,3,0
Hello! How may I assist you today?, नमस्ते! आज मैं आपकी मदद किस तरह कर सकता हूँ?,3,0
Mauricio Rubio, मौरिसियो रुबियो,0,0
My pleasure! Is there anything else I may assist you with?, मेरा सौभाग्य! क्या कुछ और है जिसमें मैं आपकी सहायता कर सकता हूं?,3,2
"Great! Thank you so much for sharing all your details. I'll quickly look into this and get back to you. (I'd request you to please be conversational, do not share all the details at once. I hope you don't repeat it)."," महान! अपना सारा विवरण साझा करने के लिए बहुत-बहुत धन्यवाद। मैं जल्दी से इस पर गौर करूंगा और आपसे संपर्क करूंगा। (मैं आपसे अनुरोध करता हूं कि कृपया बातचीत करें, एक बार में सभी विवरण साझा न करें। मुझे आशा है कि आप इसे दोहराएंगे नहीं)।",3,2
Sure! Please could you help me with contact number?, ज़रूर! कृपया आप संपर्क नंबर के साथ मेरी मदद कर सकते हैं?,3,0
"nothing else,"," और कुछ नहीं,",2,0
Thanks for being so patient and giving me all those details. I request you to wait for a minute while I process as per your request., इतना धैर्य रखने और मुझे वो सारी जानकारी देने के लिए धन्यवाद। मैं आपसे अनुरोध करता हूं कि आपके अनुरोध के अनुसार प्रक्रिया करते समय एक मिनट प्रतीक्षा करें।,3,2
NO THANKS," जी नहीं, धन्यवाद",3,1
NAME:RIO, नाम: रियो,0,0
"Absolutely, I'll help you with that. May I know your full name please?"," बिल्कुल, मैं इसमें आपकी मदद करूंगा। क्या मैं आपका पूरा नाम जान सकता हूँ?",3,0
"Sure! I'll be glad to help you in this, Could you please help me with your name?"," ज़रूर! मुझे इसमें आपकी मदद करने में खुशी होगी, क्या आप कृपया अपने नाम के साथ मेरी मदद कर सकते हैं?",3,2
ok, ठीक है,2,0
That's great! May I get the car's make and model?, एक दम बढ़िया! क्या मुझे कार का मेक और मॉडल मिल सकता है?,3,2
Perfect! Thank you for reaching out to us. Have a great day. Bye., उत्तम! हमसे संपर्क की पहल के लिए आपका धन्यवाद। आपका दिन अच्छा रहे। अलविदा।,3,2
ok, ठीक है,2,0
Sure., ज़रूर।,2,0
Alright! Could you please help me with your policy number?, ठीक है! क्या आप कृपया मुझे अपने पॉलिसी नंबर के साथ मदद कर सकते हैं?,3,0
Policy Number : WEV202314256 & Claim Number : JDO343, पॉलिसी संख्या: WEV202314256 और दावा संख्या: JDO343,0,0
I'll provide you with the documents. May I know your name and the last 4 digits of your SSN?, मैं आपको दस्तावेज उपलब्ध कराऊंगा। क्या मैं आपका नाम और आपके SSN के अंतिम 4 अंक जान सकता हूँ?,3,0
"Perfect! Thank you for the information. Could you please allow me a moment, I'll get back to you with the details?"," उत्तम! जानकारी के लिए धन्यवाद। क्या आप कृपया मुझे एक क्षण की अनुमति दे सकते हैं, मैं विवरण के साथ आपके पास वापस आऊंगा?",3,2
Hello! Good morning! I hope you are having a great day! How may I help you today?, नमस्ते! सुबह बख़ैर! मुझे आशा है कि आपका समय बहुत अच्छा बीत रहा है! आज मैं आपकी कैसे मदद कर सकता हूँ?,3,2
"Sure, I'll send it ASAP. Thanks."," ज़रूर, मैं इसे जल्द से जल्द भेज दूँगी। धन्यवाद।",3,0
"I highly appreciate your patience, I'd like to inform you that I've found your documents which I will mail to your address and they'll reach you in the next 2 business days. "," मैं आपके धैर्य की अत्यधिक सराहना करता हूं, मैं आपको सूचित करना चाहता हूं कि मुझे आपके दस्तावेज़ मिल गए हैं जिन्हें मैं आपके पते पर डाक से भेजूंगा और वे अगले 2 व्यावसायिक दिनों में आप तक पहुंच जाएंगे।",3,2
Thanks for staying connected. I've processed your request. You'll be receiving a mail to your registered address in the next 48 hours. Is there anything else that I might help you with?, जुड़े रहने के लिए धन्यवाद। मैंने आपका अनुरोध संसाधित कर दिया है। आपको अगले 48 घंटों में आपके पंजीकृत पते पर एक मेल प्राप्त होगा। क्या कुछ और है जिसमें मैं आपकी मदद कर सकता हूं?,3,2
Could you please be more specific with your name as well?, क्या आप कृपया अपने नाम के साथ और अधिक विशिष्ट हो सकते हैं?,3,0
"Sure! I'll be glad to help you in this regard, could you please let me know your full name?
","ज़रूर! मुझे इस संबंध में आपकी सहायता करने में खुशी होगी, क्या आप कृपया मुझे अपना पूरा नाम बता सकते हैं?",3,0
YES, हां,2,2
Thank you for reaching out to us! Have a great day!, हमसे संपर्क की पहल के लिए आपका धन्यवाद! आपका दिन अच्छा रहे!,3,2
Maruti, मारुति,0,0
"Sure, thanks. Could you also share the claim number?", पक्का शुक्रिया। क्या आप दावा संख्या भी साझा कर सकते हैं?,3,0
"Thank you Jesse, could you please let me know the claim number and the policy number as well?"," धन्यवाद जेसी, क्या आप कृपया मुझे दावा संख्या और पॉलिसी संख्या भी बता सकते हैं?",3,0
"A very good morning! I'll be glad to assist you with that, may I know your name and the last 4 digits of SSN?"," एक बहुत अच्छी सुबह! मुझे इसमें आपकी सहायता करने में खुशी होगी, क्या मैं आपका नाम और SSN के अंतिम 4 अंक जान सकता हूँ?",3,2
Perfect! Would you please help me with the make and model of the car?, उत्तम! क्या आप कृपया कार के मेक और मॉडल में मेरी मदद करेंगे?,3,2
"Awesome! Thank you for sharing the information, Could you please allow me a minute or two, while I get this done for you?"," बहुत बढ़िया! जानकारी साझा करने के लिए धन्यवाद, क्या आप कृपया मुझे एक या दो मिनट का समय दे सकते हैं, जबकि मैं आपके लिए यह कर रहा हूं?",3,2
yes please, हाँ कृपया,2,2
Awesome! And the claim number would be?, बहुत बढ़िया! और दावा संख्या होगी?,3,2
I'll provide you with the copy of insurance. May I know your name and the last 4 digits of your SSN?, मैं आपको बीमा की प्रति प्रदान करूंगा। क्या मैं आपका नाम और आपके SSN के अंतिम 4 अंक जान सकता हूँ?,3,0
Sure! I'll be happy to help. Please could you share your name and SSN number?, ज़रूर! मुझे मदद करने में खुशी होगी. क्या आप अपना नाम और एसएसएन नंबर साझा कर सकते हैं?,3,0
Hello there! How may I assist you today?, नमस्ते! आज मैं आपकी मदद किस तरह कर सकता हूँ?,3,0
I’m glad I could resolve this for you. Have a great day. Looking forward to seeing you soon., मुझे खुशी है कि मैं इसे आपके लिए हल कर सका। आपका दिन अच्छा रहे। जल्द ही आपको देखने की इच्छा है।,3,2
"Sorry to keep you waiting, I'd like to inform you that I'll be able to replace your broken phone with the brand new phone. And I request you to return the broken device in an envelope. We won't be able to provide you the new phone unless we receive the broken phone. would that be okay? ","आपको प्रतीक्षा करते रहने के लिए क्षमा करें, मैं आपको सूचित करना चाहता हूं कि मैं आपके टूटे हुए फ़ोन को एकदम नए फ़ोन से बदलने में सक्षम हो जाऊँगा। और मैं आपसे अनुरोध करता हूं कि टूटे हुए उपकरण को एक लिफाफे में वापस कर दें। जब तक हम टूटा हुआ फ़ोन प्राप्त नहीं कर लेते, हम आपको नया फ़ोन प्रदान नहीं कर पाएंगे। क्या यह ठीक रहेगा?",3,1
Okay, ठीक,2,2
Sure! I'll be glad to help. May I please know your name?, ज़रूर! मुझे मदद करने में खुशी होगी. क्या मैं आपका नाम जान सकता हूँ?,3,0
Great! Thanks for the information. Kindly allow me a moment while I check this for you., महान! सूचना के लिए धन्यवाद। कृपया मुझे एक क्षण दें जब तक मैं आपके लिए यह जांचता हूं।,3,2
Yes Perfect., हां बढ़िया।,2,2
ok, ठीक है,2,0
ok thank, ठीक है धन्यवाद,3,0
yes thats all for now, हाँ अभी के लिए बस इतना ही,2,0
no, नहीं,1,1
That's an amazing car! May I also know the year the car was manufactured?, यह एक अद्भुत कार है! क्या मैं यह भी जान सकता हूँ कि कार का निर्माण किस वर्ष किया गया था?,2,2
NOTHING ELSE, और कुछ नहीं,2,0
okay, ठीक है,2,0
"Allow me a moment, I'll get back to you with the details."," मुझे एक क्षण की अनुमति दें, मैं विवरण के साथ आपके पास वापस आऊंगा।",1,0
"No worries, I'm here to help you out. May I know your name? "," कोई चिंता नहीं, मैं यहाँ आपकी मदद करने के लिए हूँ। मैं आपका नाम जान सकता हुँ?",2,0
"I'm sorry I can't help you i fixing your phone but I can help you get a replacement, would you like me to do that?"," मुझे खेद है कि मैं आपके फ़ोन को ठीक करने में आपकी मदद नहीं कर सकता लेकिन मैं आपको एक प्रतिस्थापन प्राप्त करने में मदद कर सकता हूं, क्या आप चाहते हैं कि मैं ऐसा करूं?",3,1
alex1256@gmail.com, alex1256@gmail.com,0,0
nothing else sir., और कुछ नहीं सर।,2,0
Is there anything else I could assist you with?, क्या कुछ और है जिसमें मैं आपकी सहायता कर सकता हूं?,2,0
" Thank you for staying connected, your documents will be mailed to the updated address shortly. "," जुड़े रहने के लिए धन्यवाद, आपके दस्तावेज़ शीघ्र ही अपडेट किए गए पते पर भेज दिए जाएंगे।",3,0
hi, नमस्ते,2,0
4852223690,4852223690,0,0
Sure! We are here to assist you in the best possible way. May I know your full name please?, ज़रूर! हम यहां आपकी सर्वोत्तम संभव तरीके से सहायता करने के लिए हैं। क्या मैं आपका पूरा नाम जान सकता हूँ?,3,2
MY PHONE WAS DAMAGED, मेरा फोन खराब हो गया था,0,1
"Thanks for waiting, I'd like to inform you that I'll be able to replace your broken phone with the brand new phone. And I request you to return the broken device in an envelope. We won't be able to provide you the new phone unless we recieve the broken phone. would that be okay? 
"," प्रतीक्षा करने के लिए धन्यवाद, मैं आपको सूचित करना चाहता हूं कि मैं आपके टूटे हुए फोन को एकदम नए फोन से बदल सकूंगा। और मैं आपसे अनुरोध करता हूं कि टूटे हुए उपकरण को एक लिफाफे में वापस कर दें। जब तक हमें टूटा हुआ फोन नहीं मिलता, हम आपको नया फोन नहीं दे पाएंगे। क्या यह ठीक रहेगा?",3,1
thank you thats all have a nice day, धन्यवाद कि आप सभी का दिन शुभ हो,3,2
9595824242,9595824242,0,0
ok thank you for your support, ठीक है आपके समर्थन के लिए धन्यवाद,3,2
Hey there!  How may I help you today?, सुनो! आज मैं आपकी कैसे मदद कर सकता हूँ?,3,0
Thank you for the confirmation. I've made the required changes and processed your request., पुष्टिकरण के लिए धन्यवाद। मैंने आवश्यक परिवर्तन कर दिए हैं और आपके अनुरोध को संसाधित कर दिया है।,3,2
"I'm glad that I was helpful, is there anything else I may assist you with?","मुझे खुशी है कि मैं मददगार था, क्या कुछ और है जिसमें मैं आपकी सहायता कर सकता हूं?",3,2
I need a proof of insurance for my 4th car., मुझे अपनी चौथी कार के लिए बीमा का प्रमाण चाहिए।,2,0
Thank you., शुक्रिया।,3,2
Hey there! How may I assist you today?,सुनो! आज मैं आपकी मदद किस तरह कर सकता हूँ?,3,0
3265984712,3265984712,0,0
Please could you help me with your full name?, क्या आप अपना पूरा नाम बताने में मेरी मदद कर सकते हैं?,3,0
Thank you. That's all for now. Have a nice day. Bye., शुक्रिया। अभी के लिए इतना ही। आपका दिन शुभ हो। अलविदा।,3,2
no, नहीं,1,1
"SORRY MY CLAIM NUMBER IS WRONG ,SHALL I GIVEN CORRECT NUMBER NOW?

"," क्षमा करें, मेरा दावा नंबर गलत है, क्या मैं अब सही संख्या दूंगा?",3,1
HAI CAMERON, हाई कैमरून,2,0
"Hello there, I'll be glad to help you out today. "," नमस्ते, मुझे आज आपकी मदद करने में खुशी होगी।",3,2
good morning i need help, सुप्रभात मुझे मदद चाहिए,3,0
"Sure,I am waiting "," ज़रूर, मैं इंतज़ार कर रहा हूँ",2,0
"Okay, I'll help you with the claim status! Please could you share the complete policy number?"," ठीक है, मैं दावे की स्थिति के बारे में आपकी मदद करूँगा! क्या आप पूरी पॉलिसी संख्या साझा कर सकते हैं?",3,0
no, नहीं,1,1
Alright! I hope that was helpful. Would you there be anything else I may help you with?, ठीक है! मुझे आशा है कि यह मददगार था। क्या आपके पास और कुछ होगा जिसमें मैं आपकी मदद कर सकूं?,3,2
ya sure i am sissy chan, हां यकीन है कि मैं बहिन हूं चान,2,0
yes, हां,2,0
Fantastic! Please hold a moment till I verify your details., ज़बरदस्त! कृपया कुछ देर रुकें जब तक कि मैं आपके विवरण की पुष्टि न कर दूं।,3,2
Thank you for reaching out to us. Have a nice day. Bye., हमसे संपर्क की पहल के लिए आपका धन्यवाद। आपका दिन शुभ हो। अलविदा।,3,2
audi 89, ऑडी 89,0,0
BAVANI, बवानी,0,0
I need a insurance copy of my car., मुझे अपनी कार की बीमा प्रति चाहिए।,1,0
SSN 1874., एसएसएन 1874.,0,0
Thank you for waiting. I've a good news for you. Your request has been processed and you'll be receiving the proof of insurance within 2 days. Is there anything else I might help you with?, प्रतीक्षा के लिए धन्यवाद। मेरे पास आपके लिए एक अच्छी खबर है। आपका अनुरोध संसाधित कर दिया गया है और आपको 2 दिनों के भीतर बीमा का प्रमाण प्राप्त हो जाएगा। क्या कुछ और है जिसमें मैं आपकी मदद कर सकता हूं?,3,2
DANIEL PETER, डेनियल पीटर,0,0
Thank you for the information. Kindly allow me a moment while I check this for you., जानकारी के लिए धन्यवाद। कृपया मुझे एक क्षण दें जब तक मैं आपके लिए यह जांचता हूं।,3,2
"hi,good morning", हाय सुप्रभात,3,0
And also may I know the year the car was manufactured?, और क्या मैं यह भी जान सकता हूँ कि कार का निर्माण किस वर्ष किया गया था?,2,0
Great! Could you help me with the make and model of the car?, महान! क्या आप कार के मेक और मॉडल में मेरी मदद कर सकते हैं?,3,2
GREAT.., महान..,3,2
"You're welcome, I hope that was helpful. Would you there be anything else I may help you with?"," आपका स्वागत है, मुझे आशा है कि यह मददगार था। क्या आपके पास और कुछ होगा जिसमें मैं आपकी मदद कर सकूं?",3,2
okay thank you so much," ठीक है, बहुत बहुत धन्यवाद",3,2
"Great! I've requested the team to mail you, your car insurance proof copy to your registered address. I'd also like to inform you that you'll receive your documents within 2 business days. However, if you fail to receive it get back to us immediately. I hope that was helpful?"," महान! मैंने टीम से अनुरोध किया है कि वह आपको, आपकी कार बीमा प्रमाण प्रति आपके पंजीकृत पते पर मेल करे। मैं आपको यह भी सूचित करना चाहता हूं कि आपको अपने दस्तावेज़ 2 व्यावसायिक दिनों के भीतर प्राप्त हो जाएंगे। हालांकि, अगर आप इसे प्राप्त करने में विफल रहते हैं तो तुरंत हमारे पास वापस आएं। मुझे आशा है कि यह मददगार था?",3,2
JUL391736918,JUL391736918,0,0
Thank you, आपको धन्यवाद,2,2
Hello! How may I help you today?, नमस्ते! आज मैं आपकी कैसे मदद कर सकता हूँ?,3,0
Hello! Good morning! I'm glad to assist you today. How may I help you?, नमस्ते! सुबह बख़ैर! मुझे आज आपकी सहायता करने में खुशी हो रही है। क्या मेरे द्वारा आपकी कोई सहायता हो सकती है?,3,2
Sure! I'll surely help you. May I know your full name and the last 4 digits of your SSN?, ज़रूर! मैं आपकी मदद जरूर करूंगा। क्या मैं आपका पूरा नाम और आपके SSN के अंतिम 4 अंक जान सकता हूँ?,3,0
I need proof of insurance for my 2018 Ford Mustang, मुझे अपनी 2018 फोर्ड मस्टैंग के लिए बीमा का प्रमाण चाहिए,2,0
Thanks for staying connected. I've processed your request. You'll be receiving a mail to your registered address in the next 48 hours. Is there anything else that I might help you with?, जुड़े रहने के लिए धन्यवाद। मैंने आपका अनुरोध संसाधित कर दिया है। आपको अगले 48 घंटों में आपके पंजीकृत पते पर एक मेल प्राप्त होगा। क्या कुछ और है जिसमें मैं आपकी मदद कर सकता हूं?,3,2
maruti 800, मारुति 800,0,0
saranya@gmailcom., सरन्या@gmailcom.,2,0
"Thank you Arun, may I also know the make and model of the car?"," धन्यवाद अरुण, क्या मैं कार का मेक और मॉडल भी जान सकता हूँ?",3,0
"Alright! Glad I could help, have a great day. Goodbye."," ठीक है! खुशी है कि मैं मदद कर सका, आपका दिन शुभ हो। अलविदा।",3,2
You're always welcome! Have a great day ahead. Hope to serve you soon again., आपका हमेशा स्वागत है! आगे एक महान दिन हो। आशा है कि आप जल्द ही फिर से सेवा करेंगे।,3,2
Ramani.J, रमानी.जू,0,0
i need a proof of insurance for my car, मुझे अपनी कार के लिए बीमा का प्रमाण चाहिए,2,0
Have a nice day!, आपका दिन शुभ हो!,2,2
KOKILA, कोकिला,2,0
I'm sorry I couldn't get it. Could you please be clear with the make and the model of your car?, मुझे खेद है कि मैं इसे प्राप्त नहीं कर सका। क्या आप कृपया अपनी कार के मेक और मॉडल के बारे में स्पष्ट हो सकते हैं?,3,1
Hello! A very good evening to you. How may I help you today?, नमस्ते! आपके लिए एक बहुत ही शुभ संध्या। आज मैं आपकी कैसे मदद कर सकता हूँ?,3,2
PRANITHI, प्रणिथि,2,0
I NEED A COPY OF INSURANCE FOR MY CAR, मुझे अपनी CAR . के लिए बीमा की एक प्रति चाहिए,2,0
"Yes of course! I'll certainly help you out in this regards. I would require your details to proceed further. Firstly, May I know your full name please?"," हाँ बिल्कुल! मैं निश्चित रूप से इस संबंध में आपकी मदद करूंगा। आगे बढ़ने के लिए मुझे आपके विवरण की आवश्यकता होगी। सबसे पहले, क्या मैं आपका पूरा नाम जान सकता हूँ?",3,0
"I'm sorry, as there is no proper reply from your end, I'll be forced to end the conversation."," मुझे खेद है, क्योंकि आपकी ओर से कोई उचित उत्तर नहीं है, मुझे बातचीत समाप्त करने के लिए मजबूर किया जाएगा।",3,1
May I also know your policy and claim number please?, क्या मैं आपकी पॉलिसी और दावा संख्या भी जान सकता हूं?,3,0
Is there anything else I can help you with Ramu?, क्या रामू के साथ मैं आपकी कुछ और मदद कर सकता हूँ?,2,0
VERGINA FEL, वर्गीना फेलो,0,0
2015,2015,0,0
"Hi, I wanted to know about the status of my insurance claim"," नमस्ते, मैं अपने बीमा दावे की स्थिति के बारे में जानना चाहता था",3,0
aes257, एईएस257,0,0
OIJ025896312 AND YUJ548, OIJ025896312 और YUJ548,0,0
Audi, ऑडी,0,0
"Perfect! Thank you for sharing the information. Could you please allow me a moment, while I get this done for you?","उत्तम! जानकारी साझा करने के लिए धन्यवाद। क्या आप कृपया मुझे एक क्षण की अनुमति दे सकते हैं, जबकि मैं यह आपके लिए करवाता हूं?",3,2
"That's perfect! Thank you for the details, please give me a minute to proceed further."," यह बिल्कुल सही है! विवरण के लिए धन्यवाद, कृपया मुझे आगे बढ़ने के लिए एक मिनट दें।",3,2
I'm so sorry. Thank you so much. Please stay connected for a minute., मुझे खेद है। बहुत-बहुत धन्यवाद। कृपया एक मिनट के लिए जुड़े रहें।,3,1
No thanks.," जी नहीं, धन्यवाद।",3,1
ok thanks, ठीक है धन्यवाद,3,0
4576,4576,0,0
My phone number is 7886514254., मेरा फोन नंबर 7886514254 है।,2,0
Great! Please Share the year of manufacture too?, महान! कृपया निर्माण का वर्ष भी साझा करें?,3,2
Thank you for staying connected. I've initiated a request for a replacement. You'll be receiving it within three days. I request you to send the current broken device in the return envelope., जुड़े रहने के लिए धन्यवाद। मैंने एक प्रतिस्थापन के लिए एक अनुरोध शुरू किया है। आपको यह तीन दिनों के भीतर प्राप्त हो जाएगा। मैं आपसे अनुरोध करता हूं कि वर्तमान टूटे हुए उपकरण को रिटर्न लिफाफे में भेजें।,3,1
"Perfect! I'd like to inform you that for the purpose of proof I'll be requiring  the make and the model of the car, could you please share them?"," उत्तम! मैं आपको सूचित करना चाहता हूं कि सबूत के लिए मुझे कार के मेक और मॉडल की आवश्यकता होगी, क्या आप उन्हें साझा कर सकते हैं?",3,2
csz 464, सीएसजेड 464,0,0
HII, HII,2,0
how to eligible with this study, इस अध्ययन के लिए पात्र कैसे हों,2,0
!998, !998,2,0
7639599789,7639599789,0,0
Thank you for reaching out to us! Have a great day!, हमसे संपर्क की पहल के लिए आपका धन्यवाद! आपका दिन अच्छा रहे!,3,2
i need a status of my claim, मुझे अपने दावे की स्थिति चाहिए,3,0
Hey there! How may I assist you today?,सुनो! आज मैं आपकी मदद किस तरह कर सकता हूँ?,3,0
May I please know your policy no.?, क्या मैं कृपया आपकी पॉलिसी नंबर जान सकता हूं?,3,0
HIH125365969, HIH125365969,2,0
"Hello there, How may I assist you today?
"," नमस्ते, मैं आज आपकी कैसे सहायता कर सकता हूँ?",3,0
"Hi! How may I assist you today?
", नमस्ते! आज मैं आपकी मदद किस तरह कर सकता हूँ?,3,0
Alright! to proceed further I'll require your car details as well. Could you please share the make of the car?, ठीक है! आगे बढ़ने के लिए मुझे आपकी कार के विवरण की भी आवश्यकता होगी। क्या आप कृपया कार का मेक-अप साझा कर सकते हैं?,3,0
Hey there! How may I help you?, सुनो! क्या मेरे द्वारा आपकी कोई सहायता हो सकती है?,3,0
"Thank you Yundt, may I know the make and model of the car?"," धन्यवाद युंड्ट, क्या मैं कार का मेक और मॉडल जान सकता हूं?",3,0
My name is Kelly John, मेरा नाम केली जॉन है,2,0
hi, नमस्ते,2,0
"Ok, Sure!", यकीनन ठीक!,2,0
No thanks," जी नहीं, धन्यवाद",3,1
kumar, कुमार,0,0
my phone is broken, मेरा फ़ोन टूटा हुआ है,2,1
Hello! Good morning. How may I help you today?, नमस्ते! सुबह बख़ैर। आज मैं आपकी कैसे मदद कर सकता हूँ?,3,0
If there is no reply from your end I'll be forced to close the chat., अगर आपकी तरफ से कोई जवाब नहीं आया तो मुझे चैट बंद करने के लिए मजबूर किया जाएगा।,1,1
"Thank you, Emilio. Glad to help you today. Please could you share the policy number?","धन्यवाद, एमिलियो। आज आपकी मदद करके खुशी हुई। क्या आप पॉलिसी नंबर साझा कर सकते हैं?",3,2
PEV962691648, PEV962691648,0,0
9854785412,9854785412,0,0
no thanks," जी नहीं, धन्यवाद",3,1
"Make : Hyundai, Model : Creta, Year Manufactured : 2015 "," बनाना: हुंडई, मॉडल: क्रेटा, निर्मित वर्ष: 2015",0,0
Would that be all?, क्या वह सब होगा?,0,0
OK, ठीक है,2,0
DREW, ड्रयू,0,0
Hello?!, नमस्ते?!,3,0
"Great! Could you please share the details of the car, like it's make and the model?","महान! क्या आप कृपया कार के बारे में विवरण साझा कर सकते हैं, जैसे कि यह मेक और मॉडल है?",3,0
"Yes, IXK125638912"," हाँ, IXK125638912",2,0
Hey there! Good morning. How may I assist you?, सुनो! सुबह बख़ैर। मैं आपकी कैसे सहायता कर सकता हूँ?,3,0
Could you please allow me a moment to initiate the process?, क्या आप कृपया मुझे प्रक्रिया शुरू करने के लिए एक क्षण की अनुमति दे सकते हैं?,3,0
2012,2012,0,0
"hi there, I'm juts checking on I filed n June 15th2018"," नमस्ते, मैं जून 15th2018 n दायर की जाँच कर रहा हूँ",3,0
Fantastic! Thanks a ton for being patient and cooperating with me. It was my pleasure assisting you. I hope you've a great day ahead. We are always here to help you out. Goodbye., ज़बरदस्त! धैर्य रखने और मेरे साथ सहयोग करने के लिए बहुत-बहुत धन्यवाद। आपकी सहायता करना मेरी खुशी थी। मुझे आशा है कि आपके लिए आगे एक अच्छा दिन है। हम आपकी मदद के लिए हमेशा यहां हैं। अलविदा।,3,2
"My phone screen just cracked, can you please help me with this? "," मेरे फोन की स्क्रीन अभी टूट गई है, क्या आप इसमें मेरी मदद कर सकते हैं?",3,0
no, नहीं,1,1
Bala, बाला,0,0
Honda Jazz, होंडा जैज़,0,0
name:Rifa, नाम: रिफा,0,0
THIS IS KAVIN, यह कविन है,2,0
Hello Drew.., हैलो ड्रू ..,3,0
Hey there! How may I assist you today?,सुनो! आज मैं आपकी मदद किस तरह कर सकता हूँ?,3,0
"Sure, I'll help you with that. May I know your name please?"," ज़रूर, मैं इसमें आपकी मदद करूँगा। क्या मैं आपका नाम जान सकता हूँ?",3,0
ok thanks, ठीक है धन्यवाद,3,0
Thank you for reaching out to us. Have a great day!, हमसे संपर्क की पहल के लिए आपका धन्यवाद। आपका दिन अच्छा रहे!,3,2
Bailey45@gmail.com, बेली45@gmail.com,0,0
"Sure! That won't be a problem. Certainly, I'll help you. May I know your full name?"," ज़रूर! यह कोई समस्या नहीं होगी। ज़रूर, मैं आपकी मदद करूँगा। क्या मैं आपका पूरा नाम जान सकता हूँ?",3,0
"Sure, we are here to help you. May I know your full name please?"," ज़रूर, हम आपकी मदद करने के लिए यहाँ हैं। क्या मैं आपका पूरा नाम जान सकता हूँ?",3,0
Audi A5, ऑडी ए5,0,0
You're welcome! May I confirm if all you questions have been answered for the day?, आपका स्वागत है! क्या मैं पुष्टि कर सकता हूँ कि क्या उस दिन के लिए आपके सभी प्रश्नों का उत्तर दे दिया गया है?,2,2
no thanks," जी नहीं, धन्यवाद",3,1
yes, हां,2,0
Good Morning1, सुप्रभात1,3,0
SORRY FOR GIVING THE WRONG CLAIM NUMBER AT FIRST.., पहली बार में गलत दावा संख्या देने के लिए क्षमा करें..,3,1
nju865, एनजू865,0,0
"I hope you have a great day ahead. Goodbye! 
", मुझे आशा है कि आपके लिए आगे एक अच्छा दिन होगा। अलविदा!,3,2
I am Tamilarasi., मैं तमिलरसी हूं।,1,0
Would there be anything else that I may help you with?, क्या कुछ और होगा जिससे मैं आपकी मदद कर सकूं?,2,0
"Thanks for waiting, I'd like to inform you that I'll be able to replace your broken phone with the brand new phone. And I request you to return the broken device in an envelope. Will there be anything else I may help you in?
"," प्रतीक्षा करने के लिए धन्यवाद, मैं आपको सूचित करना चाहता हूं कि मैं आपके टूटे हुए फोन को एकदम नए फोन से बदल सकूंगा। और मैं आपसे अनुरोध करता हूं कि टूटे हुए उपकरण को एक लिफाफे में वापस कर दें। क्या कुछ और होगा जिसमें मैं आपकी मदद कर सकूं?",3,2
my new address, मेरा नया पता,1,0
BYE, अलविदा,2,0
sure, ज़रूर,2,0
Sad to hear that! I'll surely help you get that. May I know your full name please?, यह सुनकर दुख हुआ! मैं इसे हासिल करने में आपकी मदद जरूर करूंगा। क्या मैं आपका पूरा नाम जान सकता हूँ?,3,1
My pleasure! Anything else I may assist you in?, मेरा सौभाग्य! कुछ और मैं आपकी सहायता कर सकता हूँ?,3,2
I hope that all your queries are cleared?, मुझे आशा है कि आपके सभी प्रश्नों का समाधान हो गया होगा?,3,0
You're always welcome! Have a great day ahead. Hope to serve you soon again., आपका हमेशा स्वागत है! आगे एक महान दिन हो। आशा है कि आप जल्द ही फिर से सेवा करेंगे।,3,2
Sure! I'll be glad to help you with that. Please may I know your name?, ज़रूर! मुझे इसमें आपकी मदद करने में खुशी होगी। कृपया क्या मैं आपका नाम जान सकता हूँ?,3,0
"I'm sorry but I didn't get your last response, Could you please help me with your query? or else I'll be forced to end this conversation. ","मुझे खेद है, लेकिन मुझे आपका अंतिम उत्तर नहीं मिला, क्या आप कृपया अपने प्रश्न में मेरी सहायता कर सकते हैं? वरना मैं इस बातचीत को खत्म करने के लिए मजबूर हो जाऊंगा।",3,1
"Thank you Pushpa, may I know the make and model of the car?"," धन्यवाद पुष्पा, क्या मैं कार का मेक और मॉडल जान सकती हूं?",3,0
Sure! We are here to assist you in the best possible way. May I know your full name please?, ज़रूर! हम यहां आपकी सर्वोत्तम संभव तरीके से सहायता करने के लिए हैं। क्या मैं आपका पूरा नाम जान सकता हूँ?,3,2
THIS IS JOHN, यह जॉन है,2,0
"Sure! I'll surely help you in this regards. May I know your name please?
", ज़रूर! मैं इस संबंध में आपकी निश्चित रूप से मदद करूंगा। क्या मैं आपका नाम जान सकता हूँ?,3,0
Thank you for sharing the policy number. Could you please provide the claim number as well?, पॉलिसी नंबर साझा करने के लिए धन्यवाद। क्या आप कृपया दावा संख्या भी प्रदान कर सकते हैं?,3,0
"i think no , this information will very helpful thank u"," मुझे लगता है कि नहीं, यह जानकारी बहुत मददगार होगी धन्यवाद",3,2
"Oh no! I can't proceed further without your policy number. However, you can get all your insurance details by visiting our website i.e www.myinsurance.com and login you'll see an option called 'my insurance deatils' click on it. you'll be able to access all your information. because this kind of in contingencies can happen we have created this for our beloved customers! "," धत्तेरे की! मैं आपकी पॉलिसी नंबर के बिना आगे नहीं बढ़ सकता। हालांकि, आप हमारी वेबसाइट यानी www.myinsurance.com पर जाकर अपने सभी बीमा विवरण प्राप्त कर सकते हैं और लॉगिन करके आपको 'माई इंश्योरेंस डिटेल्स' नामक एक विकल्प दिखाई देगा, उस पर क्लिक करें। आप अपनी सभी जानकारी तक पहुँचने में सक्षम होंगे। क्योंकि इस तरह की आकस्मिकताएं हो सकती हैं, हमने इसे अपने प्रिय ग्राहकों के लिए बनाया है!",3,2
"Fantastic, I'm so glad that I could resolve your query. Thank you so much for reaching out to us. We love to serve you. I hope you have an amazing day ahead! :)"," बढ़िया, मुझे बहुत खुशी है कि मैं आपकी क्वेरी का समाधान कर सका। हमसे संपर्क करने के लिए आपका बहुत-बहुत धन्यवाद। हम आपकी सेवा करना पसंद करते हैं। मुझे आशा है कि आपके पास आगे एक अद्भुत दिन होगा! :)",3,2
Sure! May I please know if your phone screen has been damaged or broken?, ज़रूर! क्या मैं कृपया जान सकता हूँ कि आपके फ़ोन की स्क्रीन क्षतिग्रस्त हो गई है या टूट गई है?,3,0
Thank you for staying connected. I've initiated a request for a replacement. You'll be receiving it within three days. I request you to send the current broken device in the return envelope., जुड़े रहने के लिए धन्यवाद। मैंने एक प्रतिस्थापन के लिए एक अनुरोध शुरू किया है। आपको यह तीन दिनों के भीतर प्राप्त हो जाएगा। मैं आपसे अनुरोध करता हूं कि वर्तमान टूटे हुए उपकरण को रिटर्न लिफाफे में भेजें।,3,1
Thank you for waiting. I've a good news for you. Your request has been processed and you'll be receiving the proof of insurance within 2 days. Is there anything else I might help you with?, प्रतीक्षा के लिए धन्यवाद। मेरे पास आपके लिए एक अच्छी खबर है। आपका अनुरोध संसाधित कर दिया गया है और आपको 2 दिनों के भीतर बीमा का प्रमाण प्राप्त हो जाएगा। क्या कुछ और है जिसमें मैं आपकी मदद कर सकता हूं?,3,2
i need proof of my insurance car to solve a problem,किसी समस्या के समाधान के लिए मुझे अपनी बीमा कार का प्रमाण चाहिए,1,0
Great! May I please know the make and model of the car insured?, महान! क्या मैं कृपया बीमाकृत कार का मेक और मॉडल जान सकता हूँ?,3,0
Hello! Good morning! How may I assist you today?, नमस्ते! सुबह बख़ैर! आज मैं आपकी मदद किस तरह कर सकता हूँ?,3,0
i need a proof of insurance for one of car, मुझे किसी एक कार के लिए बीमा का प्रमाण चाहिए,1,0
Prabu to check with the status I'd be requiring more details. Could you help me out with your policy number and the claim number?, प्रभु स्थिति की जांच करने के लिए मुझे और विवरण की आवश्यकता होगी। क्या आप अपनी पॉलिसी नंबर और दावा संख्या के बारे में मेरी मदद कर सकते हैं?,3,0
Thank you! Goodbye!, आपको धन्यवाद! अलविदा!,3,0
CAR NAME FORD EXPLORER SUV, कार का नाम फोर्ड एक्सप्लोरर एसयूवी,0,0
"I'm sorry, but I won't be able to help you if you want to copy paste the lines."," मुझे खेद है, लेकिन अगर आप पंक्तियों को कॉपी पेस्ट करना चाहते हैं तो मैं आपकी मदद नहीं कर पाऊंगा।",3,1
NO, ना,1,1
"I'll not be able to replace the screen.. However, I can help you with replacing your phone. Would that be okay?"," मैं स्क्रीन नहीं बदल पाऊँगा.. हालाँकि, मैं आपका फ़ोन बदलने में आपकी मदद कर सकता हूँ। क्या यह ठीक रहेगा?",3,0
HAI, हाई,2,0
Perfect! Please allow me a moment while I proceed with your request.," उत्तम! जब तक मैं आपके अनुरोध के साथ आगे बढ़ूं, कृपया मुझे एक क्षण दें।",2,2
WHAT ABOUT MY INSURANCE CLAIM STATUS RIGHT NOW?, अभी मेरे बीमा दावे की स्थिति के बारे में क्या?,1,0
LOP2648, एलओपी2648,0,0
9846753846,9846753846,0,0
Hello there! How may I help you today?, नमस्ते! आज मैं आपकी कैसे मदद कर सकता हूँ?,3,0
toyota, टोयोटा,0,0
Thank you for staying on hold. I've a good news. Your request for the replacement device has been initiated and it will be delivered in 2 days. You need to send the damaged piece in the return envelope. Is there anything else I might help you with?, रुके रहने के लिए धन्यवाद। मेरे पास एक अच्छी खबर है। डिवाइस बदलने के लिए आपका अनुरोध शुरू कर दिया गया है और इसे 2 दिनों में डिलीवर कर दिया जाएगा। आपको क्षतिग्रस्त टुकड़े को रिटर्न लिफाफे में भेजना होगा। क्या कुछ और है जिसमें मैं आपकी मदद कर सकता हूं?,3,0
hai, हाय,2,0
proof of insurance for one of your cars, आपकी कारों में से एक के लिए बीमा का प्रमाण,0,0
Thank you very much, आपका बहुत बहुत धन्यवाद,3,2
sure.., ज़रूर..,2,0
"Thank you Ranjith, could you please let me know the policy and claim number?"," धन्यवाद रंजीत, क्या आप कृपया मुझे पॉलिसी और दावा संख्या बता सकते हैं?",3,0
"Awesome! I appreciate your patience in sharing the information, Allow me a moment, I'll be right back with the details."," बहुत बढ़िया! मैं जानकारी साझा करने में आपके धैर्य की सराहना करता हूं, मुझे एक क्षण की अनुमति दें, मैं विवरण के साथ वापस आऊंगा।",3,2
"i need status of my claim
", मुझे अपने दावे की स्थिति चाहिए,3,0
Thanks a lot, बहुत-बहुत धन्यवाद,3,2
"Thank you for the details, please give me a minute to proceed further"," विवरण के लिए धन्यवाद, कृपया मुझे आगे बढ़ने के लिए एक मिनट दें",3,0
"Awesome! Good to hear from you, thank you for reaching out to us. Have a great day ahead!"," बहुत बढ़िया! आपसे सुनकर अच्छा लगा, हमसे संपर्क करने के लिए धन्यवाद। आगे एक महान दिन हो!",3,2
"Hi, Good Morning. This is Stehr Pauline. I need a insurance copy of my car.",हाय सुप्रभात। यह स्टेहर पॉलीन है। मुझे अपनी कार की बीमा प्रति चाहिए।,3,0
Perfect! May I know the year please?, उत्तम! क्या मैं कृपया वर्ष जान सकता हूँ?,3,2
MY NAME IS RAVI KUMAR., मेरा नाम रवि कुमार है।,2,0
Amazing! May I please know the year in which the car was manufactured?, अद्भुत! क्या मैं कृपया यह जान सकता हूँ कि कार का निर्माण किस वर्ष किया गया था?,3,2
no thanks," जी नहीं, धन्यवाद",3,1
"Frances Mccoy
", फ्रांसिस मैककॉय,0,0
"Awesome! Thanks for choosing us, hope you have a wonderful day ahead! "," बहुत बढ़िया! हमें चुनने के लिए धन्यवाद, आशा है कि आपका आने वाला दिन शानदार हो!",3,2
"Great! I'd like to inform you that, to proceed further with the documentation, I'll require few details about the car. Would you mind sharing them?"," महान! मैं आपको सूचित करना चाहता हूं कि, दस्तावेज़ीकरण के साथ आगे बढ़ने के लिए, मुझे कार के बारे में कुछ विवरणों की आवश्यकता होगी। क्या आप उन्हें साझा करना चाहेंगे?",3,2
yes, हां,2,0
Alright! Thank you so much for the information. I've collected the details and have informed the concerned team. They will mail you the duplicate copy to the registered address within 3-4 business days. I hope this will be helpful., ठीक है! जानकारी के लिए बहुत - बहुत धन्यवाद। मैंने विवरण एकत्र कर लिया है और संबंधित टीम को सूचित कर दिया है। वे आपको 3-4 व्यावसायिक दिनों के भीतर डुप्लीकेट प्रति आपके पंजीकृत पते पर भेज देंगे। मुझे उम्मीद है कि ये मददगार होगा।,3,2
Hello! How may I help you today?, नमस्ते! आज मैं आपकी कैसे मदद कर सकता हूँ?,3,0
bgt@458.com, bgt@458.com,0,0
okay, ठीक है,2,0
"Sure, thanks! Please stay connected.", पक्का शुक्रिया! कृपया जुड़े रहें।,3,2
this is ruby, यह रूबी है,2,0
Sure! I'll help you with that. May I know your name please?, ज़रूर! मैं इसमें आपकी मदद करूंगा। क्या मैं आपका नाम जान सकता हूँ?,3,0
no thanks bye, नहीं धन्यवाद अलविदा,3,1
Okay, ठीक,2,0
"Hurray! Good news! I can see here that Your payment has been initiated, the amount will be credited to your account within 3 business days. However, in case you don't receive the amount kindly let us know that immediately. We are always available here 24*7 for you. "," हुर्रे! खुशखबरी! मैं यहां देख सकता हूं कि आपका भुगतान शुरू कर दिया गया है, राशि 3 व्यावसायिक दिनों के भीतर आपके खाते में जमा कर दी जाएगी। हालांकि, अगर आपको राशि प्राप्त नहीं होती है तो कृपया हमें तुरंत बताएं। हम आपके लिए यहां 24*7 हमेशा उपलब्ध हैं।",3,2
NAVANETHAN D, नवनेतन डी,0,0
"Perfect! Thank you for being patient in sharing the information. Allow me a moment, I'll be right back with the details."," उत्तम! जानकारी साझा करने में धैर्य रखने के लिए धन्यवाद। मुझे एक क्षण की अनुमति दें, मैं विवरण के साथ अभी वापस आता हूँ।",3,2
Your patience is greatly appreciated. I have a good news for you. I see that the payment has been initiated and the check would be delivered to you within 3 days. Would that be alright?,आपके धैर्य की बहुत सराहना की जाती है। मेरे पास तुम्हारे लिए अच्छी खबर है। मैं देख रहा हूं कि भुगतान शुरू हो गया है और 3 दिनों के भीतर आपको चेक वितरित कर दिया जाएगा। क्या यह ठीक होगा?,3,2
SSN 9025, एसएसएन 9025,0,0
Awesome! Could you please provide the email address that is linked with the account?, बहुत बढ़िया! क्या आप कृपया वह ईमेल पता प्रदान कर सकते हैं जो खाते से जुड़ा हुआ है?,3,2
"Awesome! Thanks for connecting with us, hope you have a wonderful day ahead! "," बहुत बढ़िया! हमारे साथ जुड़ने के लिए धन्यवाद, आशा है कि आपका आने वाला दिन शानदार हो!",3,2
"I really appreciate for staying connected, your documents will be mailed to the updated address shortly. "," जुड़े रहने के लिए मैं वास्तव में सराहना करता हूं, आपके दस्तावेज़ शीघ्र ही अपडेट किए गए पते पर भेज दिए जाएंगे।",3,2
Thank you very much., आपका बहुत बहुत धन्यवाद।,3,2
"I appreciate your patience in staying connected. I'd like to inform your that, I've initiated a request for a replacement. You'll be receiving it within three days. I request you to send the current broken device in the return envelope. "," मैं जुड़े रहने में आपके धैर्य की सराहना करता हूं। मैं आपको सूचित करना चाहता हूं कि, मैंने प्रतिस्थापन के लिए एक अनुरोध शुरू किया है। आपको यह तीन दिनों के भीतर प्राप्त हो जाएगा। मैं आपसे अनुरोध करता हूं कि वर्तमान टूटे हुए उपकरण को रिटर्न लिफाफे में भेजें।",3,1
ok, ठीक है,2,0
i need a copy for insurance in my car, मुझे अपनी कार में बीमा के लिए एक प्रति चाहिए,2,0
have a lovely day, आपका दिन अच्छा हो,2,2
Sure! Chevrolet Cruz LT 2012, ज़रूर! शेवरले क्रूज़ LT 2012,2,0
" I'll not be able to get the device fixed. However, I'll be able to go ahead and get you a replacement. Would you want me to do that on your behalf?"," मैं डिवाइस को ठीक नहीं कर पाऊंगा। हालांकि, मैं आगे बढ़कर आपको एक प्रतिस्थापन दिलाने में सक्षम होऊंगा। क्या आप चाहते हैं कि मैं आपकी ओर से ऐसा करूं?",3,0
Are we connected?, क्या हम जुड़े हुए हैं?,0,0
"Alright! May I know the make of the car, model of the car and lastly, the year car was made?","ठीक है! क्या मुझे कार का मेक, कार का मॉडल और आखिरकार कार बनने का वर्ष पता चल सकता है?",3,0
oh thank you so much..," ओह, बहुत - बहुत धन्यवाद..",3,2
"Awesome! That's a dream car, Would you also share the year the car was made?"," बहुत बढ़िया! वह एक सपनों की कार है, क्या आप भी बताएंगे कि कार किस साल बनी थी?",3,2
2586,2586,0,0
"Sure, I'll definitely help you. May I know your full name and the last 4 digits of your SSN please?"," ज़रूर, मैं आपकी मदद ज़रूर करूँगा। क्या मैं आपका पूरा नाम और आपके एसएसएन के अंतिम 4 अंक जान सकता हूं?",3,0
Perfect! May I also know the email address associated with the account?, उत्तम! क्या मुझे खाते से संबद्ध ईमेल पता भी पता चल सकता है?,2,2
Sure! I'll be glad to help you out. Please may I know your name?, ज़रूर! मुझे आपकी मदद करने में खुशी होगी। कृपया क्या मैं आपका नाम जान सकता हूँ?,3,0
"maruti suzuki 
", मारुति सुजुकी,0,0
"Not a problem, I'll update the changes and proceed further. "," कोई समस्या नहीं है, मैं परिवर्तनों को अपडेट कर दूंगा और आगे बढ़ूंगा।",2,0
ok, ठीक है,2,0
ok, ठीक है,2,0
Thank you., शुक्रिया।,3,2
OK, ठीक है,2,0
no thanls\, कोई धन्यवाद नहीं\,1,0
Could you please help me with the last 4 digits of your SSN?,क्या आप कृपया अपने एसएसएन के अंतिम 4 अंकों के साथ मेरी मदद कर सकते हैं?,3,0
same to you sam, आप के समान,0,0
Yeah! No worries! I, हाँ! चिंता न करें! मैं,2,0
yes, हां,2,0
May I know the right model?, क्या मैं सही मॉडल जान सकता हूँ?,2,0
"Oh awesome! Thank you so much for your cooperation, have a wonderful day! "," ओह कमाल! आपके सहयोग के लिए बहुत-बहुत धन्यवाद, आपका दिन मंगलमय हो!",3,2
"
Dear user, I'd request you to please read the guidelines carefully and then respond accordingly. For now, I have to close this chat as the responses are not as per the guidelines. If you still need my assistance you can anytime raise a chat. Goodbye!
"," प्रिय उपयोगकर्ता, मेरा आपसे अनुरोध है कि कृपया दिशा-निर्देशों को ध्यान से पढ़ें और फिर तदनुसार प्रतिक्रिया दें। अभी के लिए, मुझे इस चैट को बंद करना होगा क्योंकि प्रतिक्रियाएँ दिशानिर्देशों के अनुसार नहीं हैं। अगर आपको अभी भी मेरी सहायता की आवश्यकता है तो आप कभी भी चैट कर सकते हैं। अलविदा!",3,1
Thank you so much,बहुत-बहुत धन्यवाद,3,2
James Brown, जेम्स ब्राउन,0,0
"Awesome! Thank you for reaching out to us, please feel free to reach out for further concerns."," बहुत बढ़िया! हमसे संपर्क करने के लिए धन्यवाद, कृपया आगे की चिंताओं के लिए बेझिझक संपर्क करें।",3,2
Sounds good., सुनने में तो अच्छा लगता है।,0,2
"Thank you Raj, could you please let me know the policy number and the claim number?>"," धन्यवाद राज, क्या आप कृपया मुझे पॉलिसी नंबर और दावा संख्या बता सकते हैं?>",3,0
lovely ok bye, सुंदर ठीक है अलविदा,2,2
yuvashri65@rediffmail.com, yuvashri65@rediffmail.com,0,0
MY PHONE NUMBER IS 725-630-7089, मेरा फोन नंबर 725-630-7089 है,1,0
"Thank you for being patient, I'd like to inform you that you'll be receiving a brand new phone for the damaged product and I kindly request you to send the damaged phone return with the same delivery agent. "," धैर्य रखने के लिए धन्यवाद, मैं आपको सूचित करना चाहता हूं कि आपको क्षतिग्रस्त उत्पाद के लिए एक नया फोन प्राप्त होगा और मैं आपसे उसी डिलीवरी एजेंट के साथ क्षतिग्रस्त फोन रिटर्न भेजने का अनुरोध करता हूं।",3,2
"Perfect! As you've already insured your device with our company, please give me a minute to proceed further for replacement."," उत्तम! जैसा कि आपने पहले ही हमारी कंपनी के साथ अपने डिवाइस का बीमा कर लिया है, कृपया मुझे प्रतिस्थापन के लिए आगे बढ़ने के लिए एक मिनट दें।",3,2
Alright! I'll try level best to help you out. May I know your first and last name please?, ठीक है! मैं आपकी पूरी मदद करने की पूरी कोशिश करूंगा। क्या मैं आपका पहला और अंतिम नाम जान सकता हूँ?,3,0
Awesome! That's a beautiful car to have. Please could you hold on for a moment?, बहुत बढ़िया! यह एक खूबसूरत कार है। क्या आप कृपया एक पल के लिए रुक सकते हैं?,3,2
maruthicar 750cc 2015, मारुतिकार 750cc 2015,2,0
anytime jesse, कभी भी जेसी,0,0
"Thank you Julie, may I know the make and model of the car?"," धन्यवाद जूली, क्या मैं कार का मेक और मॉडल जान सकती हूं?",3,0
Hey there! Good morning. How may I assist you?, सुनो! सुबह बख़ैर। मैं आपकी कैसे सहायता कर सकता हूँ?,3,0
ok..thanks alot.., ठिक हैँ बहुत बहुत शुक्रिया..,3,2
4545,4545,0,0
Definitely! I'll be glad to help you with that. May I know your first and last name and also the last 4 digits of our SSN number?, निश्चित रूप से! मुझे इसमें आपकी मदद करने में खुशी होगी। क्या मैं आपका पहला और अंतिम नाम जान सकता हूँ और साथ ही हमारे SSN नंबर के अंतिम 4 अंक भी जान सकता हूँ?,3,2
kgt852963741, किग्रा852963741,0,0
HI GOOD MORNING, हाय सुप्रभात,3,0
"Surely, I'll be glad to help. Please may I know your name?"," निश्चित रूप से, मुझे मदद करने में खुशी होगी। कृपया क्या मैं आपका नाम जान सकता हूँ?",3,0
Lovely! Could you also help me with your policy and claim number?, प्यारा! क्या आप मुझे अपनी पॉलिसी और दावा संख्या में भी मदद कर सकते हैं?,3,2
ok thank you, ठीक है धन्यवाद,3,0
ok bye, चलो बाय,2,0
MY I PHONE SCREEN IS CRACKED, मेरे फोन की स्क्रीन टूट गई है,0,1
"Hello Charlie, I am looking for the status on my claim for the bumper of my car please"," हैलो चार्ली, मैं अपनी कार के बंपर के लिए अपने दावे पर स्थिति की तलाश कर रहा हूं",3,0
Thanks John! The concerned team will contact you as soon as possible. Anything else I may help you in?,धन्यवाद जॉन! संबंधित टीम जल्द से जल्द आपसे संपर्क करेगी। कुछ और मैं आपकी मदद कर सकता हूँ?,3,2
Are we connected?, क्या हम जुड़े हुए हैं?,0,0
hai, हाय,2,0
yes, हां,2,0
ok, ठीक है,2,0
"Sure! I'll be glad to help you in this, Could you please help me with your name?"," ज़रूर! मुझे इसमें आपकी मदद करने में खुशी होगी, क्या आप कृपया अपने नाम के साथ मेरी मदद कर सकते हैं?",3,2
9456712846,9456712846,0,0
"Hi! How may I assist you today?
", नमस्ते! आज मैं आपकी मदद किस तरह कर सकता हूँ?,3,0
Policy No:STQ276437891, पॉलिसी नंबर: STQ276437891,1,0
"Sure, I'll help you with that. May I know your name please?"," ज़रूर, मैं इसमें आपकी मदद करूँगा। क्या मैं आपका नाम जान सकता हूँ?",3,0
anusiya, अनुसिया,2,0
Thank You! Have a amazing day!, धन्यवाद! आपका दिन अद्भुत हो!,3,2
HGF988456321 AND UYT548, HGF988456321 और UYT548,0,0
NO, ना,1,1
I'll guide you to get your phone fixed. Could you help me with your name?, मैं आपका फोन ठीक करने के लिए आपका मार्गदर्शन करूंगा। क्या आप अपने नाम के साथ मेरी मदद कर सकते हैं?,3,0
"Hey Mary, Would you please help me with your insurance policy number?"," हे मैरी, क्या आप कृपया मुझे अपने बीमा पॉलिसी नंबर के साथ मदद करेंगे?",3,0
no thank u dude, नो थैंक यू यार,3,1
OK, ठीक है,2,0
Thomas could you also help me out with your phone number and the email address associated with the account?, थॉमस क्या आप अपने फोन नंबर और खाते से जुड़े ईमेल पते में भी मेरी मदद कर सकते हैं?,3,0
Hii, हायि,2,0
yes, हां,2,0
maruthi car, मारुति कार,2,0
ok thanks, ठीक है धन्यवाद,3,0
"Sure, thank you. Please could you help me with the car's make and model?"," पक्का, आपका धन्यवाद। क्या आप कार के मेक और मॉडल में मेरी मदद कर सकते हैं?",3,0
Thank you for reaching out to us! Have a great day!, हमसे संपर्क की पहल के लिए आपका धन्यवाद! आपका दिन अच्छा रहे!,3,2
Perfect! Please stay connected while I do the check and let you know about your claim status., उत्तम! जब तक मैं जाँच करता हूँ कृपया जुड़े रहें और आपको अपने दावे की स्थिति के बारे में बताएं।,3,2
"Of course! You can get the insurance, and I'll assist you get it repaired."," बेशक! आप बीमा प्राप्त कर सकते हैं, और मैं इसे ठीक करने में आपकी सहायता करूंगा।",2,0
Awesome! Could you please allow me a moment to initiate the process?, बहुत बढ़िया! क्या आप कृपया मुझे प्रक्रिया शुरू करने के लिए एक क्षण की अनुमति दे सकते हैं?,3,2
EIG392058392, ईआईजी392058392,0,0
Thanks Jamiya! Could you please let me know the last 4 digits of SSN?, धन्यवाद जामिया! क्या आप कृपया मुझे SSN के अंतिम 4 अंक बता सकते हैं?,3,0
byeee, अलविदा,2,0
Could you please help me with your policy number?, क्या आप कृपया मुझे अपने पॉलिसी नंबर के साथ मदद कर सकते हैं?,3,0
No thanks i need to help means i will call you later once again thank you very much.,"नहीं धन्यवाद, मुझे मदद करने की आवश्यकता है इसका मतलब है कि मैं आपको बाद में एक बार फिर कॉल करूंगा, बहुत-बहुत धन्यवाद।",3,1
GOWTHAM RAJ, गौतम राज,0,0
"Yeah, I'm Jasprit Bumrah and my SSN is 0101."," हाँ, मैं जसप्रीत बुमराह हूँ और मेरा SSN 0101 है।",0,0
Hi i need to fix my mobile screen it was broken," नमस्ते, मुझे अपने मोबाइल की स्क्रीन ठीक करनी है, वह टूट गई थी",3,0
Alright Manish! Could you please provide the make and the model of the car?, ठीक है मनीष! क्या आप कृपया कार का मेक और मॉडल प्रदान कर सकते हैं?,3,0
Great! I'd be glad to help you with that. May I know your name please?, महान! मुझे इसमें आपकी मदद करने में खुशी होगी। क्या मैं आपका नाम जान सकता हूँ?,3,2
"Great, Thank you so much for your help"," बढ़िया, आपकी मदद के लिए बहुत-बहुत धन्यवाद",3,2
Thank you for connecting with us. Have a great day!, हमसे जुड़ने के लिए धन्यवाद। आपका दिन अच्छा रहे!,3,2
i would like to know the status of insurance claim, मैं बीमा दावे की स्थिति जानना चाहता/चाहती हूं,3,0
"Reminder- dear user, please be conversational and do not share the information at once. I'd like to inform you kindly share the information separately."," अनुस्मारक- प्रिय उपयोगकर्ता, कृपया संवादी बनें और जानकारी को एक बार में साझा न करें। मैं आपको सूचित करना चाहता हूं कि कृपया जानकारी अलग से साझा करें।",3,0
"Thank you for bringing this up to us, hope that was helpful. Have an awesome day!"," इसे हमारे सामने लाने के लिए धन्यवाद, आशा है कि यह मददगार था। आपका दिन कमाल का रहे!",3,2
Okay, ठीक,2,0
Sure I can do that for you. May I please know your full name and the last 4 digits of your SSN?, ज़रूर मैं आपके लिए यह कर सकता हूँ। क्या मैं आपका पूरा नाम और आपके SSN के अंतिम 4 अंक जान सकता हूँ?,3,0
i need insurance proof of my car, मुझे अपनी कार का बीमा प्रमाण चाहिए,2,0
Policy : 175934258, नीति: 175934258,0,0
OK, ठीक है,2,0
"Absolutely, could you please help me out with your full name and the last 4 digits of your SSN?"," बिल्कुल, क्या आप कृपया अपना पूरा नाम और अपने एसएसएन के अंतिम 4 अंकों के साथ मेरी मदद कर सकते हैं?",3,0
ok thank you, ठीक है धन्यवाद,3,0
sorry, माफ़ करना,2,1
no thanks," जी नहीं, धन्यवाद",3,1
No thanks.," जी नहीं, धन्यवाद।",3,1
"Thank you Ram, could you please provide me the policy number?"," धन्यवाद राम, क्या आप कृपया मुझे पॉलिसी नंबर प्रदान कर सकते हैं?",3,0
thank u.., धन्यवाद..,3,2
"Thanks for being patient, I have processed your request the proof documents will be mailed at your registered address. It will be reaching you in 2 days.","धैर्य रखने के लिए धन्यवाद, मैंने आपके अनुरोध को संसाधित कर दिया है, प्रमाण दस्तावेज आपके पंजीकृत पते पर भेज दिए जाएंगे। यह 2 दिनों में आप तक पहुंच जाएगा।",3,2
Hello there!, नमस्ते!,3,0
Okay. Could you also share the year in which the car was manufactured?, ठीक। क्या आप उस वर्ष को भी साझा कर सकते हैं जिसमें कार का निर्माण किया गया था?,3,0
4256,4256,0,0
CLAIM NUMBER - XTZ510, दावा संख्या - XTZ510,0,0
"Great! That's an amazing car, could you please share the year of manufacture ?"," महान! यह एक अद्भुत कार है, क्या आप निर्माण का वर्ष साझा कर सकते हैं?",3,2
"Carson Whitehead
", कार्सन व्हाइटहेड,2,0
claim number: nvb 429, दावा संख्या: एनवीबी 429,0,0
ok thank you, ठीक है धन्यवाद,3,0
Yes sure! My policy number is BMW 253698747, हाँ यकीनन! मेरा पॉलिसी नंबर बीएमडब्ल्यू 253698747 . है,2,0
Alright Venu! Could you please help me with the last 4 digits of your SSN?, ठीक है वेणु! क्या आप कृपया अपने एसएसएन के अंतिम 4 अंकों के साथ मेरी मदद कर सकते हैं?,3,0
Hello good  morning! How may I help you?, हैलो सुप्रभात! क्या मेरे द्वारा आपकी कोई सहायता हो सकती है?,3,0
Greenholt Claire, ग्रीनहोल्ट क्लेयर,0,0
my mobile phone is damaged, मेरा मोबाइल फोन खराब हो गया है,1,1
Cool! Could you please help me with the make and model of the car?, ठंडा! क्या आप कृपया कार के मेक और मॉडल के बारे में मेरी मदद कर सकते हैं?,3,0
Alright! May I please know your full name?, ठीक है! क्या मैं आपका पूरा नाम जान सकता हूँ?,3,0
"I highly appreciate your patience, I'd like to inform you that I've found your documents which I will mail to your address and they'll reach you in the next 2 business days. "," मैं आपके धैर्य की अत्यधिक सराहना करता हूं, मैं आपको सूचित करना चाहता हूं कि मुझे आपके दस्तावेज़ मिल गए हैं जिन्हें मैं आपके पते पर डाक से भेजूंगा और वे अगले 2 व्यावसायिक दिनों में आप तक पहुंच जाएंगे।",3,2
Alright! Would you please help me with the make and the model of the car?, ठीक है! क्या आप कृपया कार के मेक और मॉडल के बारे में मेरी मदद करेंगे?,3,0
HI, नमस्ते,2,0
Thanks for apt response. Could you also please share the e-mail address associated?, उपयुक्त प्रतिक्रिया के लिए धन्यवाद। क्या आप कृपया संबंधित ई-मेल पता भी साझा कर सकते हैं?,3,2
hai, हाय,2,0
jhg 112255443, जेएचजी 112255443,0,0
hi, नमस्ते,2,0
"That's great, how may I assist you today?"," यह बहुत अच्छा है, मैं आज आपकी कैसे सहायता कर सकता हूँ?",3,2
"Great, thank you.", महान धन्यवाद।,3,2
OK, ठीक है,2,0
JUI385022386, जेयूआई385022386,0,0
5323,5323,0,0
VINITH, विनीथ,0,0
2011 Nissan Altima 2dr Coupe I4 CVT 2.5 S, 2011 निसान Altima 2dr कूप I4 CVT 2.5 S,0,0
SHREE, श्री,0,0
I need to know about the status of my claim, मुझे अपने दावे की स्थिति के बारे में जानने की जरूरत है,3,0
Sorry to hear that! I'd be glad to help you in this regard. Could you please help me with your first and last name?, ऐसा सुनने के लिए क्षमा करें! मुझे इस संबंध में आपकी मदद करने में खुशी होगी। क्या आप कृपया अपने पहले और अंतिम नाम के साथ मेरी मदद कर सकते हैं?,3,0
THANK YOU VERY MUCH, बहुत बहुत धन्यवाद,3,2
Thank you for the information. Kindly allow me a moment while I check this for you., जानकारी के लिए धन्यवाद। कृपया मुझे एक क्षण दें जब तक मैं आपके लिए यह जांचता हूं।,3,2
Could you also help me out with the year the car was made?, क्या आप मुझे यह बताने में भी मदद कर सकते हैं कि कार किस वर्ष बनी थी?,3,0
yes, हां,2,0
"Thank you!  May I also know the year car was manufactured?
", आपको धन्यवाद! क्या मैं यह भी जान सकता हूँ कि कार का निर्माण किस वर्ष हुआ था?,3,2
"Thank you, kindly give me a minute."," धन्यवाद, कृपया मुझे एक मिनट दें।",3,0
1258632145,1258632145,0,0
My phone number is.9782154558,मेरा फोन नंबर है.9782154558,2,0
I'm sorry to hear that. I'll check the status of your claim and let you know right away. Please may I know your name?, उसे सुनने के लिए मुझे माफ करें। मैं आपके दावे की स्थिति की जाँच करूँगा और आपको तुरंत बताऊँगा। कृपया क्या मैं आपका नाम जान सकता हूँ?,3,1
MAKE OF THE CAR IS SEAT AND MODEL OF THE CAR IS ARONA WHICH WAS MANUFACTURED IN THE YEAR 2016, मेक ऑफ द कार सीट है और कार का मॉडल एरोना है जिसे वर्ष 2016 में निर्मित किया गया था,1,0
Yes, हाँ,2,0
"Sure, I'll update it!"," ज़रूर, मैं इसे अपडेट कर दूँगा!",2,0
OK, ठीक है,2,0
"I really appreciate for staying connected, the documents will be mailed to the updated address shortly."," मैं वास्तव में जुड़े रहने के लिए सराहना करता हूं, दस्तावेजों को शीघ्र ही अद्यतन पते पर भेज दिया जाएगा।",3,2
My car modal is BMW x7, मेरी कार मोडल बीएमडब्ल्यू x7 . है,1,0
A very good morning. How may I help you today?, एक बहुत अच्छी सुबह। आज मैं आपकी कैसे मदद कर सकता हूँ?,3,2
Perfect! Please give me a minute to proceed further., उत्तम! कृपया मुझे आगे बढ़ने के लिए एक मिनट दें।,3,2
2013,2013,0,0
i need fixing screen on my phone, मुझे अपने फ़ोन की स्क्रीन ठीक करने की ज़रूरत है,2,0
"You're welcome, Perfect! Thanks a ton for being patient and cooperating with us! It was pleasure assisting you. I hope you've an amazing day ahead! Goodbye."," आपका स्वागत है, बिल्कुल सही! धैर्य रखने और हमारे साथ सहयोग करने के लिए बहुत-बहुत धन्यवाद! आपकी सहायता करके खुशी हुई। मुझे आशा है कि आपके पास एक अद्भुत दिन है! अलविदा।",3,2
hi, नमस्ते,2,0
Okay! Thank you so much. Please could you confirm the policy and claim number?, ठीक! बहुत-बहुत धन्यवाद। कृपया क्या आप पॉलिसी और दावा संख्या की पुष्टि कर सकते हैं?,3,0
Nothing Casey. Thank you for your information., कुछ नहीं केसी। आपकी जानकारी के लिए धन्यवाद।,3,0
SHRI@GMAIL.COM, श्री@GMAIL.COM,0,0
ok, ठीक है,2,0
Thank you Cannedey! May I please know the policy and claim number?, धन्यवाद कैनेडी! क्या मैं कृपया पॉलिसी और दावा संख्या जान सकता हूं?,3,2
THNKEW, धन्यवाद,2,0
Sure! I'll help you with that. May I know your name please?, ज़रूर! मैं इसमें आपकी मदद करूंगा। क्या मैं आपका नाम जान सकता हूँ?,3,0
"Holden
", होल्डेन,0,0
no, नहीं,1,1
Great! Thanks for the information. Kindly allow me a moment while I check this for you., महान! सूचना के लिए धन्यवाद। कृपया मुझे एक क्षण दें जब तक मैं आपके लिए यह जांचता हूं।,3,2
THANK YOU, धन्यवाद,3,2
Thank you for waiting. I appreciate your patience. I've processed the request for a replacement device and you'll be receiving it in a couple of days.,प्रतीक्षा के लिए धन्यवाद। मैं आपके धैर्य की सराहना करता हूँ। मैंने एक प्रतिस्थापन उपकरण के लिए अनुरोध संसाधित कर दिया है और आप इसे कुछ दिनों में प्राप्त कर लेंगे।,3,2
name:hari, नाम: हरि,0,0
you, तुम,0,0
1999,1999,0,0
OK, ठीक है,2,0
(530) 886-1847, (530) 886-1847,0,0
That's an amazing car! Could you also help me out with the manufacturing year of the car?, यह एक अद्भुत कार है! क्या आप कार के निर्माण वर्ष में भी मेरी मदद कर सकते हैं?,3,2
Thank you so much for your time. You have an amazing day!, आपके समय के लिए बहुत बहुत शुक्रिया। आपके पास एक अद्भुत दिन है!,3,2
OK THANK YOU, ठीक है धन्यवाद,3,2
where can I find the year of manufacture?, मुझे निर्माण का वर्ष कहां मिल सकता है?,0,0
hi, नमस्ते,2,0
ok, ठीक है,2,0
Awesome! Could you please allow me a moment to initiate the process?, बहुत बढ़िया! क्या आप कृपया मुझे प्रक्रिया शुरू करने के लिए एक क्षण की अनुमति दे सकते हैं?,3,2
yes, हां,2,0
Yes! I did!, हाँ! मैंने किया!,2,0
ok, ठीक है,2,0
okay, ठीक है,2,0
Thank you so much for sharing the details. Please could you stay connected/, विवरण साझा करने के लिए आपका बहुत-बहुत धन्यवाद। कृपया आप जुड़े रह सकते हैं/,3,2
hi, नमस्ते,2,0
beatriz.porter@mail.com, Beatriz.porter@mail.com,0,0
Hi, नमस्ते,2,0
no thanks," जी नहीं, धन्यवाद",3,1
"Thank you for being Patient, I've processed the request made by you the proof documents will be reaching you in 2 days at your registered address. . Is there anything I may help you in?
"," धैर्यवान होने के लिए धन्यवाद, मैंने आपके द्वारा किए गए अनुरोध को संसाधित कर दिया है प्रूफ दस्तावेज़ आपके पंजीकृत पते पर 2 दिनों में आप तक पहुंच जाएंगे। . क्या कोई ऐसी चीज है जिसमें मैं आपकी मदद कर सकता हूं?",3,2
Okay thank you, ठीक है धन्यवाद,3,2
okay, ठीक है,2,0
Alright! would you please help me with the year the car was made?, ठीक है! क्या आप कृपया मुझे उस वर्ष में मदद करेंगे जिस वर्ष कार बनाई गई थी?,3,0
2013,2013,0,0
hi, नमस्ते,2,0
ok, ठीक है,2,0
status of your claim., आपके दावे की स्थिति।,0,0
Please be quick, कृपया जल्दी करें,2,0
Hello! How may I help you today?, नमस्ते! आज मैं आपकी कैसे मदद कर सकता हूँ?,3,0
YES, हां,2,2
WHAT ABOUT STATUS OF MY CLAIM, मेरे दावे की स्थिति के बारे में क्या?,1,0
bmw a5, बीएमडब्ल्यू ए5,0,0
I want fix my screen, मुझे अपनी स्क्रीन ठीक करनी है,2,0
SIR, महोदय,0,0
Awesome! Could you please let me know the e-mail address as well?, बहुत बढ़िया! क्या आप कृपया मुझे ईमेल पता भी बता सकते हैं?,3,2
Sure! I'll definitely help you. May I know your full name please?, ज़रूर! मैं आपकी मदद जरूर करूंगा। क्या मैं आपका पूरा नाम जान सकता हूँ?,3,2
Thank you very much, आपका बहुत बहुत धन्यवाद,3,2
Contact No: 6726987351..Email ID: Rakkumuthu@gmail.com, संपर्क नंबर: 6726987351..ईमेल आईडी: Rakkumuthu@gmail.com,2,0
have a great day, आपका दिन शानदार गुजरे,2,2
99098877665,99098877665,0,0
"Yes, sure! I'll definitely help you out in getting your insurance copy, May I know your name please?"," हाँ यकीनन! मैं आपकी बीमा प्रति प्राप्त करने में निश्चित रूप से आपकी सहायता करूंगा, क्या मैं आपका नाम जान सकता हूं?",3,2
456 123 7485 EMAIL: GEORGE456@GMAIL.COM,456 123 7485 ईमेल: GEORGE456@GMAIL.COM,0,0
sure i will, मैं निश्चित रूप से करूँगा,2,0
"As there has been no response from a long time, I assume you're away. I'm forced to close this chat. Thanks for reaching out to us. Good day!"," चूंकि लंबे समय से कोई प्रतिक्रिया नहीं आई है, मुझे लगता है कि आप दूर हैं। मैं इस चैट को बंद करने के लिए विवश हूं। हमसे संपर्क करने के लिए धन्यवाद। अच्छा दिन!",3,1
THANK YOU, धन्यवाद,3,2
Are we connected?, क्या हम जुड़े हुए हैं?,0,0
Hello there! How may I help you today?, नमस्ते! आज मैं आपकी कैसे मदद कर सकता हूँ?,3,0
David  5632, डेविड 5632,0,0
"Thank you for the details John, kindly give me a minute."," विवरण जॉन के लिए धन्यवाद, कृपया मुझे एक मिनट दें।",3,2
hai, हाय,2,0
MY NAME HARI, मेरा नाम हरि,1,0
Sure! Please let me know your full name?, ज़रूर! कृपया मुझे अपना पूरा नाम बताएं?,2,0
HAI, हाई,2,0
"Sure, Rick! Please could you share the last four digits on your SSN?"," ज़रूर, रिक! क्या आप अपने SSN पर अंतिम चार अंक साझा कर सकते हैं?",2,0
"Sure, Angel! Please could you help me with your policy number?"," ज़रूर, परी! कृपया आप अपने पॉलिसी नंबर के साथ मेरी मदद कर सकते हैं?",3,0
ok, ठीक है,2,0
Good Morning! I was met With an accident few days before. My bumper was damaged. So i want to claim insurance for that., शुभ प्रभात! कुछ दिन पहले मेरा एक्सीडेंट हो गया था। मेरा बंपर क्षतिग्रस्त हो गया था। इसलिए मैं उसके लिए बीमा का दावा करना चाहता हूं।,3,1
"Hello there! How may I assist you today?
", नमस्ते! आज मैं आपकी मदद किस तरह कर सकता हूँ?,3,0
I need to know the claim status?, मुझे दावे की स्थिति जानने की जरूरत है?,1,0
no thanks bye, नहीं धन्यवाद अलविदा,3,1
6790,6790,0,0
Hello! Good morning! I hope you are having a great day! How may I help you today?***, नमस्ते! सुबह बख़ैर! मुझे आशा है कि आपका समय बहुत अच्छा बीत रहा है! मैं आज आपकी क्या मदद कर सकता हूँ?***,3,2
Perfect! Thank you for reaching out to us. Have a great day. Bye., उत्तम! हमसे संपर्क की पहल के लिए आपका धन्यवाद। आपका दिन अच्छा रहे। अलविदा।,3,2
"Hello, Sam! Surely, I'll help you with it. Please could you share the complete policy number?"," हैलो सैम! ज़रूर, मैं इसमें आपकी मदद करूँगा। क्या आप पूरी पॉलिसी संख्या साझा कर सकते हैं?",3,0
Hey there! How may I help you today?, सुनो! आज मैं आपकी कैसे मदद कर सकता हूँ?,3,0
Hello! Good evening! I'd be delighted to help you today!, नमस्ते! सुसंध्या! मुझे आज आपकी मदद करने में खुशी होगी!,3,2
Sorry to hear that! I'll definitely help you with that. May I know your full name please?,ऐसा सुनने के लिए क्षमा करें! मैं इसमें आपकी जरूर मदद करूंगा। क्या मैं आपका पूरा नाम जान सकता हूँ?,3,0
Hello there! How may I help you today?, नमस्ते! आज मैं आपकी कैसे मदद कर सकता हूँ?,3,0
ok, ठीक है,2,0
karthi 8569877518, कार्थी 8569877518,2,0
MY POLICY NUMBER . KMU987600223, मेरी पॉलिसी नंबर। KMU987600223,1,0
Okay. Polski Fiat 1972. Correct?, ठीक। पोल्स्की फिएट 1972. सही?,2,0
Great! Could you please give me a minute to check with the resources?, महान! क्या आप कृपया मुझे संसाधनों की जांच करने के लिए एक मिनट दे सकते हैं?,3,2
policy num-ugf386928012, नीति संख्या-ugf386928012,0,0
I'm sorry. Please could you share the correct model?, मुझे माफ़ करें। क्या आप सही मॉडल साझा कर सकते हैं?,3,0
Sure! We are here to assist you in the best possible way. May I know your full name please?, ज़रूर! हम यहां आपकी सर्वोत्तम संभव तरीके से सहायता करने के लिए हैं। क्या मैं आपका पूरा नाम जान सकता हूँ?,3,2
"Sorry I sent Wrongly, My policy number is KMK787868888 and my claim number is THF878."," क्षमा करें, मैंने गलत तरीके से भेजा, मेरी पॉलिसी संख्या KMK787868888 है और मेरी दावा संख्या THF878 है।",3,0
name: william, नाम: विलियम,0,0
That's my pleasure! thank you for reaching out to us. Good day!, मेरे लिए खुशी की बात है! हमसे संपर्क की पहल के लिए आपका धन्यवाद। अच्छा दिन!,3,2
May I know your name as well?, क्या मैं आपका नाम भी जान सकता हूँ?,3,0
yes its 8712, हाँ इसकी 8712,2,0
POLICY NUMBER:HIS859369854, पॉलिसी नंबर: HIS859369854,2,0
My policy number is 984, मेरा पॉलिसी नंबर 984 . है,1,0
ok thank you, ठीक है धन्यवाद,3,0
ok thank you for your support, ठीक है आपके समर्थन के लिए धन्यवाद,3,2
Hello! Good morning! I hope you are having a great day! What can I do for you today?, नमस्ते! सुबह बख़ैर! मुझे आशा है कि आपका समय बहुत अच्छा बीत रहा है! मैं आज आपके लिये क्या कर सकता हूँ?,3,2
Hello there! How may I help you today?, नमस्ते! आज मैं आपकी कैसे मदद कर सकता हूँ?,3,0
NO THANKS," जी नहीं, धन्यवाद",3,1
no thanks," जी नहीं, धन्यवाद",3,1
john, जॉन,1,0
"Thanks for the information, please allow me a moment. "," जानकारी के लिए धन्यवाद, कृपया मुझे एक क्षण दें।",3,0
Thank you for your patience. Please note your claim amount has been verified and initiated. You shall receive your check within 3 working days., आपके धैर्य के लिए धन्यवाद। कृपया ध्यान दें कि आपकी दावा राशि सत्यापित और शुरू कर दी गई है। आपको अपना चेक 3 कार्य दिवसों के भीतर प्राप्त हो जाएगा।,3,0
Oh awesome! Could you also please help me out with the manufacturing year of the car?, ओह कमाल! क्या आप कृपया कार के निर्माण वर्ष में भी मेरी मदद कर सकते हैं?,3,2
"Great! Thanks for waiting so patiently, I can see here that your payment is already initiated and I can surely say that you'll receive it within 3 business days. However, in case if you don't receive it within the time given. Kindly, contact us immediately. I hope that was useful?","महान! इतने धैर्य से प्रतीक्षा करने के लिए धन्यवाद, मैं यहां देख सकता हूं कि आपका भुगतान पहले ही शुरू हो चुका है और मैं निश्चित रूप से कह सकता हूं कि आपको यह 3 कार्यदिवसों के भीतर प्राप्त हो जाएगा। हालाँकि, यदि आप इसे दिए गए समय के भीतर प्राप्त नहीं करते हैं। कृपया, हमसे तुरंत संपर्क करें। मुझे आशा है कि यह उपयोगी था?",3,2
balasekar, बालसेकर,0,0
No thanks," जी नहीं, धन्यवाद",3,1
Superb! May I have the email address linked with the account?, शानदार! क्या मेरे पास खाते से जुड़ा ईमेल पता हो सकता है?,3,2
Hello there! Good morning., नमस्ते! सुबह बख़ैर।,3,0
hi, नमस्ते,2,0
muthuraja, मुथुराजा:,0,0
" Thank you for staying connected, your documents will be mailed to the updated address shortly. "," जुड़े रहने के लिए धन्यवाद, आपके दस्तावेज़ शीघ्र ही अपडेट किए गए पते पर भेज दिए जाएंगे।",3,0
OK, ठीक है,2,0
ok, ठीक है,2,0
"1800 Mcfarland Blvd N
Tuscaloosa, AL 35406-2179"," 1800 मैकफ़ारलैंड ब्लाव्ड एन टस्कलोसा, एएल 35406-2179",0,0
OK, ठीक है,2,0
"Alright, Could you also share the model and the year the car was made? "," ठीक है, क्या आप मॉडल और कार के बनने का वर्ष भी साझा कर सकते हैं?",3,0
no, नहीं,1,1
I've a good news for you. Your request has been processed and it will take a couple of days for the proof of insurance to reach you. Is there anything else that I may help you with?, मेरे पास आपके लिए एक अच्छी खबर है। आपके अनुरोध को संसाधित कर दिया गया है और बीमा के प्रमाण को आप तक पहुंचने में कुछ दिन लगेंगे। क्या कुछ और है जिसमें मैं आपकी मदद कर सकता हूं?,3,2
hi, नमस्ते,2,0
thats all thanks for your help have a good day :), आपकी मदद के लिए बस इतना ही धन्यवाद आपका दिन शुभ हो :),3,2
"Always a pleasure! Happy to assist you, have a great day ahead! "," हमेशा एक खुशी की बात है! आपकी सहायता करने में प्रसन्नता हो रही है, आपका दिन शुभ हो!",3,2
"It was a pleasure assisting you, have a great day. Goodbye."," आपकी सहायता करके खुशी हुई, आपका दिन शुभ हो। अलविदा।",3,2
"Ok, I wait for your information. "," ठीक है, मैं आपकी जानकारी की प्रतीक्षा कर रहा हूँ।",0,0
hello, नमस्ते,2,0
"I'm sorry to hear that, but I'll be glad to help you get a replacement for the broken phone. Could you please help me with your name?"," मुझे यह सुनकर अफ़सोस हुआ, लेकिन टूटे हुए फ़ोन को बदलने में आपकी मदद करने में मुझे खुशी होगी। क्या आप कृपया अपने नाम के साथ मेरी मदद कर सकते हैं?",3,2
good and nice day,अच्छा और अच्छा दिन,3,2
Thank you so much. I appreciate your patience in sharing the details. Please could you stay connected., बहुत-बहुत धन्यवाद। मैं विवरण साझा करने में आपके धैर्य की सराहना करता हूं। कृपया आप जुड़े रह सकते हैं।,3,2
ASD456827465, एएसडी456827465,0,0
I highly appreciate your patience. Thank you so much for connecting to us. I'm glad that I could resolve this for you. Have an amazing day ahead! We are always here contact us at anytime we will help you out! :), मैं आपके धैर्य की अत्यधिक सराहना करता हूं। हमसे जुड़ने के लिए आपका बहुत-बहुत धन्यवाद। मुझे खुशी है कि मैं इसे आपके लिए हल कर सका। आगे एक अद्भुत दिन हो! हम हमेशा यहां हैं किसी भी समय हमसे संपर्क करें हम आपकी मदद करेंगे! :),3,2
"Ok, I wait for your information. "," ठीक है, मैं आपकी जानकारी की प्रतीक्षा कर रहा हूँ।",0,0
help me to claim the insurance., बीमा का दावा करने में मेरी मदद करें।,2,0
Sorry to hear that! I'll definitely help you with that. May I know your full name please?,ऐसा सुनने के लिए क्षमा करें! मैं इसमें आपकी जरूर मदद करूंगा। क्या मैं आपका पूरा नाम जान सकता हूँ?,3,0
what detail u ask me?, आप मुझसे क्या विवरण पूछते हैं?,0,0
Maruti Suzuki Alto K10, मारुति सुजुकी ऑल्टो K10,0,0
6543218906,6543218906,0,0
Ya sure, हाँ यकीनन,2,0
Thanks Sai! Could you please share your contact number?, धन्यवाद साईं! क्या आप कृपया अपना संपर्क नंबर साझा कर सकते हैं?,3,2
Thanks Dillon! Could you please share the last $ digit of the SSN?, धन्यवाद डिलन! क्या आप कृपया SSN का अंतिम $ अंक साझा कर सकते हैं?,3,0
May I know the right policy number and the claim number?, क्या मैं सही पॉलिसी नंबर और दावा संख्या जान सकता हूं?,2,0
Hello. Sure! You can apply for the insurance by visiting our official website i.e. www.insuremycar.com., नमस्ते। ज़रूर! आप हमारी आधिकारिक वेबसाइट यानी www.insuremycar.com पर जाकर बीमा के लिए आवेदन कर सकते हैं।,3,0
May I also know your contact number and also your email address linked with us please?, क्या मुझे आपका संपर्क नंबर और हमारे साथ जुड़ा आपका ईमेल पता भी पता चल सकता है?,3,0
Have a great day, आपका दिन अच्छा रहे,2,2
Hey there! Good morning. How may I help you today?, सुनो! सुबह बख़ैर। आज मैं आपकी कैसे मदद कर सकता हूँ?,3,0
year - 2016, वर्ष - 2016,0,0
"Thank you for sharing the information. Please allow me a minute or two, while I do the needful."," जानकारी साझा करने के लिए धन्यवाद। कृपया मुझे एक या दो मिनट का समय दें, जबकि मैं आवश्यक कार्य करता हूं।",3,2
"Sure, please could you help me get the last four digits of your SSN?"," ज़रूर, क्या आप अपने SSN के अंतिम चार अंक प्राप्त करने में मेरी मदद कर सकते हैं?",3,0
hai, हाय,2,0
I need a proof of insurance for my car., मुझे अपनी कार के लिए बीमा का प्रमाण चाहिए।,2,0
"Awesome! Thanks for reaching out to us, I hope you have a wonderful day ahead!"," बहुत बढ़िया! हमसे संपर्क करने के लिए धन्यवाद, मुझे आशा है कि आपका आने वाला दिन शानदार रहेगा!",3,2
"Hello there, Ill be glad to help you out. "," नमस्ते वहाँ, मुझे आपकी मदद करने में खुशी होगी।",3,2
olk 598, ओके 598,0,0
Thank you sir., धन्यवाद महोदय।,3,2
CAN YOU HELP ME TO GET THAT?, क्या आप इसे प्राप्त करने में मेरी सहायता कर सकते हैं?,2,0
SSN:6985, एसएसएन: 6985,0,0
BROKEN,टूटी हुई,2,1
nice to talk with u sir, आपसे बात करके अच्छा लगा सर,3,2
CHEVROLET DESIRE, शेवरलेट इच्छा,0,0
MY POLICY NUMBER IS LOS564789231, मेरा पॉलिसी नंबर LOS564789231 है,1,0
yes, हां,2,0
Hey there! Good morning. How may I help you today?, सुनो! सुबह बख़ैर। आज मैं आपकी कैसे मदद कर सकता हूँ?,3,0
Thank you so much for sharing the information! Please allow me a moment while I go ahead and check with the documents., जानकारी साझा करने के लिए आपका बहुत-बहुत धन्यवाद! कृपया मुझे कुछ समय दें जब तक कि मैं आगे बढ़ूं और दस्तावेजों की जांच करूं।,3,2
Thank you! Please could you confirm the details?, आपको धन्यवाद! क्या आप कृपया विवरण की पुष्टि कर सकते हैं?,3,0
i ask for fixing the screen, मैं स्क्रीन ठीक करने के लिए कहता हूं,1,0
"Thank you Peterson, may I know your email address associated with the account? "," धन्यवाद पीटरसन, क्या मैं खाते से जुड़ा आपका ईमेल पता जान सकता हूं?",3,0
Hello there! How may I assist you today?, नमस्ते! आज मैं आपकी मदद किस तरह कर सकता हूँ?,3,0
hyundai elantra, हुंडई एलांट्रा,2,0
ok, ठीक है,2,0
4587,4587,0,0
ANAND, आनन्द,0,0
"Good news! The replacement takes place in 1-3 business days, please ensure to send the broken device through an envelope. Will that be fine with you? "," खुशखबरी! प्रतिस्थापन 1-3 व्यावसायिक दिनों में होता है, कृपया एक लिफाफे के माध्यम से टूटे हुए उपकरण को भेजना सुनिश्चित करें। क्या यह आपके साथ ठीक रहेगा?",3,2
hi, नमस्ते,2,0
"And, may I also know the manufacturing year of the car?"," और, क्या मैं कार का निर्माण वर्ष भी जान सकता हूँ?",1,0
hi, नमस्ते,2,0
"Yes that would be awesome, thank you!"," हाँ यह कमाल होगा, धन्यवाद!",3,2
Sure! We are here to assist you in the best possible way. May I know your full name please?, ज़रूर! हम यहां आपकी सर्वोत्तम संभव तरीके से सहायता करने के लिए हैं। क्या मैं आपका पूरा नाम जान सकता हूँ?,3,2
Thank You so much for your help !!, आपकी मदद के लिए बहुत - बहुत धन्यवाद !!,3,2
"Thank you for being patient. Good news I've found your documents, they'll be mailed to your address and you'll be receiving them in the next 2 business days. "," धैर्य रखने के लिए धन्यवाद। खुशखबरी मुझे आपके दस्तावेज़ मिल गए हैं, उन्हें आपके पते पर भेज दिया जाएगा और आप उन्हें अगले 2 व्यावसायिक दिनों में प्राप्त कर लेंगे।",3,2
Thank you., शुक्रिया।,3,2
Sasi M and 6478, ससी एम और 6478,0,0
Car model: Honda CR-V 2018 model, कार मॉडल: होंडा सीआर-वी 2018 मॉडल,0,0
"Alright! Feel free to reach out to us when needed, Have a great day. Goodbye."," ठीक है! जरूरत पड़ने पर बेझिझक हमसे संपर्क करें, आपका दिन शुभ हो। अलविदा।",2,2
Thanks for staying connected. I've processed your request. You'll be receiving a mail to your registered address in the next 48 hours. Is there anything else that I might help you with?, जुड़े रहने के लिए धन्यवाद। मैंने आपका अनुरोध संसाधित कर दिया है। आपको अगले 48 घंटों में आपके पंजीकृत पते पर एक मेल प्राप्त होगा। क्या कुछ और है जिसमें मैं आपकी मदद कर सकता हूं?,3,2
You're welcome! Would there be anything else I may assist you with?, आपका स्वागत है! क्या कुछ और होगा जिसमें मैं आपकी सहायता कर सकूं?,3,2
Thank you very much, आपका बहुत बहुत धन्यवाद,3,2
I am waiting., मैं इंतजार कर रहा हूँ।,1,0
i have  2 car for that i need to get insurance could you please help me,मेरे पास 2 कार हैं इसके लिए मुझे बीमा लेने की आवश्यकता है क्या आप कृपया मेरी मदद कर सकते हैं,3,0
alex, एलेक्स,0,0
Sorry to hear that! I'd be glad to help you in this regard. May I know your full name please?, ऐसा सुनने के लिए क्षमा करें! मुझे इस संबंध में आपकी मदद करने में खुशी होगी। क्या मैं आपका पूरा नाम जान सकता हूँ?,3,0
"Hello good  morning! How may I help you?
", हैलो सुप्रभात! क्या मेरे द्वारा आपकी कोई सहायता हो सकती है?,3,0
Hey there! How may I assist you today?,सुनो! आज मैं आपकी मदद किस तरह कर सकता हूँ?,3,0
"Hello again, Bala! Please could you help me with the complete policy number?"," फिर से नमस्कार, बाला! क्या आप मुझे पूरी पॉलिसी नंबर के साथ मदद कर सकते हैं?",3,0
"Great, Thank you so much for your help"," बढ़िया, आपकी मदद के लिए बहुत-बहुत धन्यवाद",3,2
zxc 456, जेडएक्ससी 456,0,0
Good bye, अलविदा,3,0
Always a pleasure assisting a valuable customer like you. Have a great day ahead. Looking forward to seeing you soon., आप जैसे मूल्यवान ग्राहक की सहायता करने में हमेशा खुशी होती है। आगे एक महान दिन हो। जल्द ही आपको देखने की इच्छा है।,3,2
Have a great day, आपका दिन अच्छा रहे,2,2
Hey there! How may I help you today?, सुनो! आज मैं आपकी कैसे मदद कर सकता हूँ?,3,0
no thanks," जी नहीं, धन्यवाद",3,1
Hello there! How may I assist you today?, नमस्ते! आज मैं आपकी मदद किस तरह कर सकता हूँ?,3,0
HONDA AMAZE, होंडा अमेज,0,0
Sure! May I know the year the car was manufactured?, ज़रूर! क्या मुझे पता चल सकता है कि कार का निर्माण किस वर्ष किया गया था?,2,0
Name: Raman.R.Laxu, नाम: रमन.आर.लक्षु,0,0
Maruti Suzuki 2013, मारुति सुजुकी 2013,0,0
OK SURE, यकीनन ठीक,2,2
"Nothing else, Thank you for your information. Have a nice day to chat with you. "," और कुछ नहीं, आपकी जानकारी के लिए धन्यवाद। आपके साथ चैट करने के लिए एक अच्छा दिन है।",3,0
ok thanks, ठीक है धन्यवाद,3,0
"My pleasure! It was great assisting you, have a great day. Goodbye."," मेरा सौभाग्य! आपकी सहायता करके बहुत अच्छा लगा, आपका दिन शुभ हो। अलविदा।",3,2
"Great! May I please know the make and model of the car?
", महान! क्या मैं कार का मेक और मॉडल जान सकता हूं?,3,2
Thanks! Could you please let me know your phone number and email address?, धन्यवाद! क्या आप कृपया मुझे अपना फोन नंबर और ईमेल पता बता सकते हैं?,3,0
SSN 8542, एसएसएन 8542,0,0
M 1, एम 1,0,0
no, नहीं,1,1
karun78@gmail.com, karun78@gmail.com,0,0
Good bye, अलविदा,3,0
Okay! I'm here to help you out! Could you please help me out with your full name?, ठीक! मैं यहाँ आपकी मदद करने के लिए हूँ! क्या आप कृपया अपने पूरे नाम के साथ मेरी मदद कर सकते हैं?,3,0
RTY458, आरटीवाई458,0,0
Westfield, वेस्टफील्ड,0,0
"Thank you for reaching out to us, we are always grateful serve customers like you. Have a wonderful day!"," हमसे संपर्क करने के लिए धन्यवाद, हम आप जैसे ग्राहकों की सेवा के लिए हमेशा आभारी हैं। शानदार दिन हो!",3,2
"Thank you! I'd also need the last 4 digits of the SSN.
", आपको धन्यवाद! मुझे एसएसएन के अंतिम 4 अंक भी चाहिए।,3,0
SSN number is 6548, एसएसएन नंबर 6548 . है,1,0
i need a proof of insurance for the  car, मुझे कार के लिए बीमा का प्रमाण चाहिए,1,0
The model is Puris and year 2017,मॉडल है पुरी और साल 2017,0,0
WOW.. THAT'S A GOOD NEWS ACTUALLY.. THANKS A LOT SPENCER.., वाह .. यह वास्तव में एक अच्छी खबर है .. बहुत धन्यवाद स्पेंसर ..,3,2
Okay, ठीक,2,0
Sure! I'll surely help you. May I know your full name and the last 4 digits of your SSN?, ज़रूर! मैं आपकी मदद जरूर करूंगा। क्या मैं आपका पूरा नाम और आपके SSN के अंतिम 4 अंक जान सकता हूँ?,3,0
"Good to hear from you, Anusiya! Please could you share your phone number?"," आपसे सुनकर अच्छा लगा, अनुसिया! क्या आप अपना फोन नंबर साझा कर सकते हैं?",3,2
"Thank you. In order for me to help you further, I'd require a couple of details, could you please help me with the make/company of the car?"," शुक्रिया। मुझे आपकी और मदद करने के लिए, मुझे कुछ विवरणों की आवश्यकता होगी, क्या आप कृपया कार बनाने/कंपनी में मेरी मदद कर सकते हैं?",3,0
8974568974,8974568974,0,0
Perfect! May I please know the make and model of car insured?, उत्तम! क्या मैं कृपया बीमाकृत कार का मेक और मॉडल जान सकता हूँ?,3,0
No that's all thank you," नहीं, बस इतना ही धन्यवाद",3,0
no, नहीं,1,1
Okay, ठीक,2,0
658 759 7845, 658 759 7845,0,0
Please give me a minute while I proceed further., कृपया मुझे एक मिनट दें जबकि मैं आगे बढ़ूं।,2,0
THANK YOU, धन्यवाद,3,2
Alright Tim! Could you please share your policy number?, ठीक है टिम! क्या आप कृपया अपना पॉलिसी नंबर साझा कर सकते हैं?,3,0
HI GOOD MORNING, हाय सुप्रभात,3,0
And you contact number would be?, और आपका कांटेक्ट नंबर होगा ?,1,0
yes, हां,2,0
"Excellent! Thank you for reaching out to us, hope that was helpful. Have a wonderful day!"," उत्कृष्ट! हमसे संपर्क करने के लिए धन्यवाद, आशा है कि यह मददगार था। शानदार दिन हो!",3,2
Great! Please could you share the year the car was made?, महान! क्या आप बता सकते हैं कि कार किस वर्ष बनी थी?,3,2
very thanking you sir, बहुत धन्यवाद सर,3,2
Thank you for reaching out to us. It's a pleasure assisting you., हमसे संपर्क की पहल के लिए आपका धन्यवाद। आपकी सहायता करना खुशी की बात है।,3,2
Hi, नमस्ते,2,0
"Julian Mckee
", जूलियन मैकी,0,0
Bye, अलविदा,2,0
Great! May I know the year car was made please?, महान! क्या मुझे पता चल सकता है कि कार किस वर्ष बनाई गई थी?,3,2
"Thank you Roman, could you please let me know the policy number and the claim number?"," धन्यवाद रोमन, क्या आप कृपया मुझे पॉलिसी नंबर और दावा संख्या बता सकते हैं?",3,0
bye bye, अलविदा,2,0
"Thanks for staying connected, I have checked with the details given by you the check for your claim has already been sent It will be reaching you in approximately 3 days. Will there be anything else I may help you in?","जुड़े रहने के लिए धन्यवाद, मैंने आपके द्वारा दिए गए विवरण के साथ जांच की है कि आपके दावे का चेक पहले ही भेजा जा चुका है यह लगभग 3 दिनों में आप तक पहुंच जाएगा। क्या कुछ और होगा जिसमें मैं आपकी मदद कर सकूं?",3,2
You're most welcome. Would there be anything else I may help you with?, आपका स्वागत है। क्या कुछ और होगा जिसमें मैं आपकी मदद कर सकूं?,3,2
"Aylin Ho
", आयलिन हो,0,0
SHWETHA, श्वेता:,0,0
MY NUMBER IS 9563021403., मेरा नंबर 9563021403 है।,1,0
yes, हां,2,0
raj, राज,0,0
Great! Please allow me a moment to check what I'll be able to do., महान! कृपया मुझे यह जांचने के लिए एक क्षण दें कि मैं क्या कर पाऊंगा।,3,2
Ok thanks and I need a proof of insurance for other car as well, ठीक है धन्यवाद और मुझे दूसरी कार के लिए भी बीमा का प्रमाण चाहिए,3,0
no thanks," जी नहीं, धन्यवाद",3,1
Alright Koo! Could you please provide the make and the model of the car?, ठीक है कू! क्या आप कृपया कार का मेक और मॉडल प्रदान कर सकते हैं?,3,0
"Thank you for reaching out to us, hope that was helpful. Have an amazing day!"," हमसे संपर्क करने के लिए धन्यवाद, आशा है कि यह मददगार था। आपका दिन सुखद हो!",3,2
Perumal@gmail.com, पेरूमल@gmail.com,0,0
Sure I will return the damaged phone in return, ज़रूर मैं बदले में क्षतिग्रस्त फ़ोन लौटा दूँगा,2,0
sure, ज़रूर,2,0
Hello there! How may I assist you today?, नमस्ते! आज मैं आपकी मदद किस तरह कर सकता हूँ?,3,0
fix the screen, स्क्रीन को ठीक करें,0,0
KAVITHA, कविता,0,0
OK SIR, ओके जी,2,0
NO, ना,1,1
YES, हां,2,2
I appreciate your patience! I have made a request to mail the copy of insurance at your registered address. You'll receive it within 2-3 business days. I hope this will be helpful., मैं आपके धैर्य की सराहना करता हूँ! मैंने आपके पंजीकृत पते पर बीमा की प्रति डाक से भेजने का अनुरोध किया है। आप इसे 2-3 व्यावसायिक दिनों के भीतर प्राप्त कर लेंगे. मुझे उम्मीद है कि ये मददगार होगा।,3,2
Hello there! How may I help you today?, नमस्ते! आज मैं आपकी कैसे मदद कर सकता हूँ?,3,0
Lovely! May I also know your policy and claim number?, प्यारा! क्या मैं आपकी पॉलिसी और दावा संख्या भी जान सकता हूं?,3,2
Yes sure, हाँ यकीनन,2,0
yes, हां,2,0
ok thanks fine, ठीक है धन्यवाद ठीक है,3,2
ok, ठीक है,2,0
"Dear user, we can see that your blindly replying without even reading the question. if your not understanding what has to be done we are here to help you out, but first read the question and reply. "," प्रिय उपयोगकर्ता, हम देख सकते हैं कि आप प्रश्न को पढ़े बिना आँख बंद करके उत्तर दे रहे हैं। अगर आपको समझ नहीं आ रहा है कि क्या करना है तो हम आपकी मदद करने के लिए यहां हैं, लेकिन पहले प्रश्न को पढ़ें और उत्तर दें।",2,1
"My pleasure! Have a great day, goodbye."," मेरा सौभाग्य! आपका दिन शुभ हो, अलविदा।",3,2
Have a great day ahead! Bye!, आगे एक महान दिन हो! अलविदा!,2,2
I'm here!, मैं यहाँ हुं!,2,0
no sir.., नहीं साहब..,1,0
i  need a proof of insurance for the car,मुझे कार के लिए बीमा का प्रमाण चाहिए,1,0
"ok, sure",यकीनन ठीक,2,0
Policy Number:OSL678537922, पॉलिसी नंबर: OSL678537922,0,0
Alright Mani! Could you please share your phone number?, ठीक है मणि! क्या आप कृपया अपना फ़ोन नंबर साझा कर सकते हैं?,3,0
"That's amazing, Thank you so much for sharing all that details. Allow me a moment while I go ahead and request for your car insurance proof copy."," यह आश्चर्यजनक है, वह सभी विवरण साझा करने के लिए बहुत-बहुत धन्यवाद। मुझे कुछ समय दें और मैं आगे बढ़कर आपकी कार बीमा प्रूफ कॉपी के लिए अनुरोध करता हूं।",3,2
OKAY., ठीक है।,2,0
Sure thing! I'd be glad to help you with that. Could you please help me with your full name and the last 4 digits of your SSN number?, अवश्य! मुझे इसमें आपकी मदद करने में खुशी होगी। क्या आप कृपया अपना पूरा नाम और अपने एसएसएन नंबर के अंतिम 4 अंकों के साथ मेरी मदद कर सकते हैं?,3,0
phone number is 5841026908 email address is srh240@e, फोन नंबर 5841026908 ईमेल पता srh240@e . है,1,0
hello, नमस्ते,2,0
Yes really great, हाँ सच में बढ़िया,2,2
"Perfect! Thank you for staying connected. Allow me a moment, I'll be right back with the details."," उत्तम! जुड़े रहने के लिए धन्यवाद। मुझे एक क्षण की अनुमति दें, मैं विवरण के साथ अभी वापस आता हूँ।",3,2
kumaran, कुमारन,0,0
I hope we are connected?, मुझे आशा है कि हम जुड़े हुए हैं?,2,0
2017,2017,0,0
ok thank you, ठीक है धन्यवाद,3,0
My iPhone screen just cracked, मेरे iPhone की स्क्रीन अभी-अभी टूटी है,1,1
I appreciate your patience! I have made a request to mail the copy of insurance at your registered address. You'll receive it within 2-3 business days. I hope this will be helpful., मैं आपके धैर्य की सराहना करता हूँ! मैंने आपके पंजीकृत पते पर बीमा की प्रति डाक से भेजने का अनुरोध किया है। आप इसे 2-3 व्यावसायिक दिनों के भीतर प्राप्त कर लेंगे. मुझे उम्मीद है कि ये मददगार होगा।,3,2
I want status for my claim, मुझे अपने दावे के लिए स्थिति चाहिए,3,0
"Alright! I've contacted the concerned team, they'll mail you the copy of your car insurance proof on the registered address. you'll receive the it within 2 business days. however, if you fail to receive it, reach out to us immediately we are available here 24*7. "," ठीक है! मैंने संबंधित टीम से संपर्क किया है, वे आपको पंजीकृत पते पर आपके कार बीमा प्रमाण की प्रति मेल करेंगे। आप इसे 2 व्यावसायिक दिनों के भीतर प्राप्त कर लेंगे। हालांकि, अगर आप इसे प्राप्त करने में विफल रहते हैं, तो तुरंत हमसे संपर्क करें हम यहां 24*7 उपलब्ध हैं।",2,2
hi..are you there?, हाय क्या आप वहां हैं?,3,0
Is there anything else I may assist you with?, क्या कुछ और है जिसमें मैं आपकी सहायता कर सकता हूं?,2,0
2015,2015,0,0
May I know the model as well?, क्या मैं मॉडल को भी जान सकता हूँ?,2,0
Are you there?, क्या आप हैं?,1,0
I want to know the status of my claim?, मैं अपने दावे की स्थिति जानना चाहता हूँ?,3,0
Hello! How may I help you today?, नमस्ते! आज मैं आपकी कैसे मदद कर सकता हूँ?,3,0
need a proof of insurance for one of my cars, मेरी कारों में से एक के लिए बीमा के प्रमाण की आवश्यकता है,1,0
Awesome! And the claim number would be?, बहुत बढ़िया! और दावा संख्या होगी?,3,2
Hey there! How may I assist you today?,सुनो! आज मैं आपकी मदद किस तरह कर सकता हूँ?,3,0
"If I'm not wrong, you'd like to know the status for one of your claims. Am I right?"," यदि मैं गलत नहीं हूँ, तो आप अपने किसी एक दावे की स्थिति जानना चाहेंगे। क्या मैं सही हूँ?",2,0
I need a proof of insurance for our car, मुझे अपनी कार के लिए बीमा का प्रमाण चाहिए,2,0
GBV458761587, जीबीवी458761587,0,0
I appreciate your patience! I have made a request to mail the copy of insurance at your registered address. You'll receive it within 2-3 business days. I hope this will be helpful., मैं आपके धैर्य की सराहना करता हूँ! मैंने आपके पंजीकृत पते पर बीमा की प्रति डाक से भेजने का अनुरोध किया है। आप इसे 2-3 व्यावसायिक दिनों के भीतर प्राप्त कर लेंगे. मुझे उम्मीद है कि ये मददगार होगा।,3,2
You're always welcome! Have a great day ahead. Hope to serve you soon again., आपका हमेशा स्वागत है! आगे एक महान दिन हो। आशा है कि आप जल्द ही फिर से सेवा करेंगे।,3,2
sdjos@gmail.com, sdjos@gmail.com,0,0
Hello sir., नमस्ते महोदय।,3,0
thanks spencer, धन्यवाद स्पेंसर,3,2
thank you, धन्यवाद,3,2
NO THANKS," जी नहीं, धन्यवाद",3,1
"Thank you for staying connected, your documents will be mailed to the updated address shortly"," जुड़े रहने के लिए धन्यवाद, आपके दस्तावेज़ शीघ्र ही अपडेट किए गए पते पर भेज दिए जाएंगे",3,0
Yes, हाँ,2,0
I need a copy of insurance for my car, मुझे अपनी कार के लिए बीमा की एक प्रति चाहिए,2,0
Hello! Good morning. How may I help you today?, नमस्ते! सुबह बख़ैर। आज मैं आपकी कैसे मदद कर सकता हूँ?,3,0
"Awesome! Thank you so much for your cooperation, have a nice day! "," बहुत बढ़िया! आपके सहयोग के लिए बहुत-बहुत धन्यवाद, आपका दिन शुभ हो!",3,2
"Hello, good morning! How may I help you today?", हैलो सुप्रभात! आज मैं आपकी कैसे मदद कर सकता हूँ?,3,0
"Sure, thank you. May I also please get the email address?"," पक्का, आपका धन्यवाद। क्या मुझे भी कृपया ईमेल पता मिल सकता है?",3,0
Hello! How may I help you today?, नमस्ते! आज मैं आपकी कैसे मदद कर सकता हूँ?,3,0
"Good news! The replacement takes place in 1-3 business days, please ensure to send the broken device through an envelope. Will that be fine with you? "," खुशखबरी! प्रतिस्थापन 1-3 व्यावसायिक दिनों में होता है, कृपया एक लिफाफे के माध्यम से टूटे हुए उपकरण को भेजना सुनिश्चित करें। क्या यह आपके साथ ठीक रहेगा?",3,2
"Thank you! May I also Know the policy number.
", आपको धन्यवाद! क्या मैं पॉलिसी नंबर भी जान सकता हूं।,3,0
Nissan Micra 2016, निसान माइक्रा 2016,0,0
"majordick@yahoo.com
", majordick@yahoo.com,2,0
You too!! Thanks again!!, आप भी!! एक बार फिर धन्यवाद!!,3,2
"I'll help you with that, could you please let me know your name and the last 4 digits of SSN?"," मैं इसमें आपकी मदद करूंगा, क्या आप कृपया मुझे अपना नाम और एसएसएन के अंतिम 4 अंक बता सकते हैं?",3,0
sorry, माफ़ करना,2,1
"You're welcome, Thanks for reaching out to us. Looking forward to assist you again. Have a great day ahead! ","आपका स्वागत है, हमसे संपर्क करने के लिए धन्यवाद। फिर से आपकी सहायता के लिए तत्पर हैं। आगे एक महान दिन हो!",3,2
"Thank you for providing all the information and we'll now go ahead and deliver the entire documents at your mailing address on a file soon.
", सभी जानकारी प्रदान करने के लिए धन्यवाद और अब हम आगे बढ़ेंगे और जल्द ही एक फ़ाइल पर आपके डाक पते पर संपूर्ण दस्तावेज़ वितरित करेंगे।,3,2
"Thank you for being patient, I'd like to inform you that you'll be receiving a brand new phone for the damaged product and I kindly request you to send the damaged phone return with the same delivery agent. "," धैर्य रखने के लिए धन्यवाद, मैं आपको सूचित करना चाहता हूं कि आपको क्षतिग्रस्त उत्पाद के लिए एक नया फोन प्राप्त होगा और मैं आपसे उसी डिलीवरी एजेंट के साथ क्षतिग्रस्त फोन रिटर्न भेजने का अनुरोध करता हूं।",3,2
Great! Could you also please help me out with your policy number and the claim number?, महान! क्या आप कृपया अपनी पॉलिसी संख्या और दावा संख्या के बारे में भी मेरी सहायता कर सकते हैं?,3,2
I'm so sorry for what has happened. I'd not be able to help you with that. We only deal with the status of the claim., जो हुआ उसके लिए मुझे बहुत खेद है। मैं इसमें आपकी कोई मदद नहीं कर पाऊंगा। हम केवल दावे की स्थिति से निपटते हैं।,3,1
name: harini and ssn no: 9281, नाम: हरिणी और एसएसएन नंबर: 9281,1,0
Great! Please stay connected for a minute., महान! कृपया एक मिनट के लिए जुड़े रहें।,3,2
bye, अलविदा,2,0
"Surely, thank you for sharing the details. Please could you check and confirm me the details?"," निश्चित रूप से, विवरण साझा करने के लिए धन्यवाद। क्या आप मुझे विवरण की जांच और पुष्टि कर सकते हैं?",3,0
mkj767, एमकेजे767,0,0
2016,2016,0,0
Thanks Venkii! Could you please share the last 4 digit of the SSN?, धन्यवाद वेंकी! क्या आप कृपया SSN के अंतिम 4 अंक साझा कर सकते हैं?,3,0
sam, सैम,0,0
I WANT MY CAR INSURANCE COPY, मुझे अपनी कार बीमा कॉपी चाहिए,2,0
2) Model of the car., 2) कार का मॉडल।,0,0
Would there be anything else I may assist you with?, क्या कुछ और होगा जिसमें मैं आपकी सहायता कर सकूं?,2,0
And the model is ecosport., और मॉडल ईकोस्पोर्ट है।,0,0
Since there is no reply I'll be forced to end this chat immediately.," चूंकि कोई उत्तर नहीं है, इसलिए मैं इस चैट को तुरंत समाप्त करने के लिए बाध्य होऊंगा।",2,1
thank you, धन्यवाद,2,2
You're always welcome! Thank you for contacting us! Have a great day ahead!, आपका हमेशा स्वागत है! हमसे संपर्क करने के लिए धन्यवाद! आगे एक महान दिन हो!,3,2
Oh! I'm so sorry to hear that!I'll try my best to help you. May I know your full name please?, ओह! मुझे यह सुनकर बहुत अफ़सोस हुआ!मैं तुम्हारी मदद करने की पूरी कोशिश करूँगा। क्या मैं आपका पूरा नाम जान सकता हूँ?,3,0
are you there, आप वहाँ हैं,1,0
Hello how are you," नमस्ते, आप कैसे हैं",3,0
rakesh kumar, राकेश कुमार,0,0
Thank you very much, आपका बहुत बहुत धन्यवाद,3,2
"Absolutely! I'll be glad to help you in this regard, may I please know your full name?"," बिल्कुल! मुझे इस संबंध में आपकी मदद करने में खुशी होगी, क्या मैं आपका पूरा नाम जान सकता हूं?",3,2
2014,2014,0,0
My pleasure. Thank you for reaching out to us. Good day!,मेरा सौभाग्य। हमसे संपर्क की पहल के लिए आपका धन्यवाद। अच्छा दिन!,3,2
"Thank you for all the details, please give me a minute."," सभी विवरणों के लिए धन्यवाद, कृपया मुझे एक मिनट दें।",3,2
no, नहीं,1,1
thank you, धन्यवाद,2,2
Okay. That's not at all a problem. I'll change that for you right away!, ठीक। यह बिल्कुल भी समस्या नहीं है। मैं इसे आपके लिए तुरंत बदल दूँगा!,2,0
Great! Please give me a moment to initiate your request., महान! कृपया मुझे अपना अनुरोध आरंभ करने के लिए एक क्षण दें।,3,2
Thanks Jack! Could you please share your policy number and claim number?, धन्यवाद जैक! क्या आप कृपया अपना पॉलिसी नंबर और दावा संख्या साझा कर सकते हैं?,3,0
prathi, पृथ्वी,2,0
Hello can I ask about the status of my claim?, नमस्ते क्या मैं अपने दावे की स्थिति के बारे में पूछ सकता हूँ?,3,0
" I really appreciate for your patience,the insurance documents of Maruti Swift 2017 will be mailed to the updated address shortly. "," मैं वास्तव में आपके धैर्य की सराहना करता हूं, मारुति स्विफ्ट 2017 के बीमा दस्तावेज शीघ्र ही अपडेट किए गए पते पर भेज दिए जाएंगे।",3,2
hai, हाय,2,0
9626950563,9626950563,0,0
Fantastic! Thank you so much for connecting to us. I'm glad to assist you today. have a great ahead! We are always available here 27*7 to help you out., ज़बरदस्त! हमसे जुड़ने के लिए आपका बहुत-बहुत धन्यवाद। मुझे आज आपकी सहायता करने में खुशी हो रही है। आगे बहुत अच्छा है! हम आपकी सहायता के लिए यहां हमेशा 27*7 उपलब्ध हैं।,3,2
You're welcome! Would there be anything else I may assist you with?, आपका स्वागत है! क्या कुछ और होगा जिसमें मैं आपकी सहायता कर सकूं?,3,2
Tharun to find your documents I'll be needing more details. Could you help me out with the make and the model of your car?, थारुन आपके दस्तावेज़ खोजने के लिए मुझे और विवरण की आवश्यकता होगी। क्या आप अपनी कार के मेक और मॉडल के बारे में मेरी मदद कर सकते हैं?,3,0
EMAIL ADDRESS: MATHI@GMAIL.COM, ईमेल पता: MATHI@GMAIL.COM,2,0
maruthicar 750cc 2015, मारुतिकार 750cc 2015,2,0
Hello there! How may I assist you today?, नमस्ते! आज मैं आपकी मदद किस तरह कर सकता हूँ?,3,0
"Thank you for reaching out to us, hope that was helpful. Have an amazing day!"," हमसे संपर्क करने के लिए धन्यवाद, आशा है कि यह मददगार था। आपका दिन सुखद हो!",3,2
OK SURE, यकीनन ठीक,2,2
I need proof for insurance for my car, मुझे अपनी कार के बीमा के लिए प्रमाण चाहिए,2,0
hai riley, है रिले,2,0
Can you please change it for me?, क्या आप कृपया इसे मेरे लिए बदल सकते हैं?,3,0
"Thank you for providing all the information, the payment was already done and check should arrive in 3 working days. "," सभी जानकारी प्रदान करने के लिए धन्यवाद, भुगतान पहले ही किया जा चुका है और चेक 3 कार्य दिवसों में आ जाना चाहिए।",3,2
thank you so match..., इस मिलान के लिए आपका धन्यवाद...,3,2
"Alright, could you please help me with your policy number?"," ठीक है, क्या आप कृपया अपने पॉलिसी नंबर के बारे में मेरी मदद कर सकते हैं?",3,0
Ok. Can you help me?, ठीक। क्या आप मेरी मदद कर सकते हैं?,2,0
hai, हाय,2,0
HELLO, नमस्ते,2,0
"I'll help you with that, could you please let me know your name and the last 4 digits of SSN?"," मैं इसमें आपकी मदद करूंगा, क्या आप कृपया मुझे अपना नाम और एसएसएन के अंतिम 4 अंक बता सकते हैं?",3,0
my name pradeep, मेरा नाम प्रदीप,1,0
Thanks for waiting! I've contacted our team. They'll sent you a mail on your registered address. I hope that address is correct?,प्रतीक्षा करने के लिए धन्यवाद! मैंने अपनी टीम से संपर्क किया है। वे आपको आपके पंजीकृत पते पर एक मेल भेजेंगे। मुझे आशा है कि वह पता सही है?,3,0
"You're welcome! Thanks for reaching out to us, hope you have a wonderful day ahead! "," आपका स्वागत है! हमसे संपर्क करने के लिए धन्यवाद, आशा है कि आपका आने वाला दिन शानदार हो!",3,2
"Perfect! Thank you for the information, Could you please allow me a minute or two, while I get this done for you?"," उत्तम! जानकारी के लिए धन्यवाद, क्या आप मुझे एक या दो मिनट का समय दे सकते हैं, जबकि मैं आपके लिए यह कर रहा हूं?",3,2
"Sure, Singa Durai! Please could you share the SSN?"," ज़रूर, सिंगा दुरई! कृपया आप एसएसएन साझा कर सकते हैं?",3,0
Thank you very much sir., महोदय आपका बहुत बहुत धन्यवाद।,3,2
hi, नमस्ते,2,0
Hi, नमस्ते,2,0
7825412059,7825412059,0,0
Anusri, अनुश्री,0,0
car insurance detail, कार बीमा विवरण,0,0
I'll let you know the status of your claim. May I know your name?, मैं आपको आपके दावे की स्थिति के बारे में बताऊंगा. मैं आपका नाम जान सकता हुँ?,3,0
My Car model Is 2018 Honda city, माई कार मॉडल 2018 होंडा सिटी है,1,0
CONTACT NUMBER - 941-287-2674, संपर्क नंबर - 941-287-2674,0,0
I apologize. I'd be unable to help you with that. We only deal with the status of the claimed insurance., मैं क्षमाप्रार्थी हूं। मैं इसमें आपकी कोई मदद नहीं कर पाऊंगा। हम केवल दावा किए गए बीमा की स्थिति से निपटते हैं।,3,1
hero 600 cc year 1999, हीरो 600 सीसी वर्ष 1999,0,0
You're always welcome! Have a great day ahead! Bye!, आपका हमेशा स्वागत है! आगे एक महान दिन हो! अलविदा!,3,2
Audi A6 2016, ऑडी ए6 2016,0,0
"Thank you for being patient, I've checked the details the check has been already sent it will be reaching you  at registered address within 3 days. Is there anything I may help you in?
","धैर्य रखने के लिए धन्यवाद, मैंने विवरण की जांच की है कि चेक पहले ही भेजा जा चुका है, यह 3 दिनों के भीतर आपके पंजीकृत पते पर पहुंच जाएगा। क्या कोई ऐसी चीज है जिसमें मैं आपकी मदद कर सकता हूं?",3,2
Great! Please allow me a moment to check the details., महान! कृपया मुझे विवरण की जांच करने के लिए कुछ समय दें।,3,2
address is need, पते की जरूरत है,1,0
"my iphone mobile just damaged please fix my mobile screen

", मेरा आईफोन मोबाइल खराब हो गया है कृपया मेरे मोबाइल स्क्रीन को ठीक करें,3,1
9.16455E+11,9.16455E+11,0,0
"Thank you. To know your details I'll need your last 4 digits of the SSN.
", शुक्रिया। आपका विवरण जानने के लिए मुझे आपके SSN के अंतिम 4 अंक चाहिए होंगे।,3,0
I am sorry I made a typo,मुझे खेद है कि मैंने एक टाइपो बनाया,3,0
"Sure, I'll definitely help you. May I know your full name and the last 4 digits of your SSN please?"," ज़रूर, मैं आपकी मदद ज़रूर करूँगा। क्या मैं आपका पूरा नाम और आपके एसएसएन के अंतिम 4 अंक जान सकता हूं?",3,0
909076565,909076565,0,0
Thanks for the information. Could you allow me a moment while I create the replacement right away?, सूचना के लिए धन्यवाद। क्या आप मुझे एक क्षण की अनुमति दे सकते हैं जबकि मैं तुरंत प्रतिस्थापन बना दूं?,3,2
Thank you staying on hold. I've a good news for you. Your request has been processed and you'll be receiving the replacement device within a couple of business days. You need to send the current device in the return envelope. Is there anything else that I may help you with?, होल्ड पर रहने के लिए धन्यवाद। मेरे पास आपके लिए एक अच्छी खबर है। आपका अनुरोध संसाधित कर दिया गया है और आपको कुछ व्यावसायिक दिनों के भीतर प्रतिस्थापन उपकरण प्राप्त हो जाएगा। आपको वर्तमान डिवाइस को रिटर्न लिफाफे में भेजना होगा। क्या कुछ और है जिसमें मैं आपकी मदद कर सकता हूं?,3,2
5478,5478,0,0
Nothing else, और कुछ नहीं,2,0
I see that you have applied for the insurance while the purchase was made. That will be helpful., मैं देख रहा हूं कि खरीदारी के दौरान आपने बीमा के लिए आवेदन किया था। यह मददगार होगा।,3,0
I need a proof of insurance for your ca, मुझे आपके ca . के लिए बीमा का प्रमाण चाहिए,1,0
Perfect! would you please share your claim number?, उत्तम! क्या आप कृपया अपना दावा नंबर साझा करेंगे?,3,2
Thank you. Could you please share the car details you'd require a proof of?, शुक्रिया। क्या आप कृपया कार विवरण साझा कर सकते हैं जिसके लिए आपको प्रमाण की आवश्यकता होगी?,3,0
"That's awesome, I'd also require your claim number?","यह बढ़िया है, मुझे आपकी दावा संख्या की भी आवश्यकता होगी?",3,2
"Thanks for being so patient and giving me all that details! Kindly, allow me a minute while I check your claim status."," इतने धैर्यवान होने और मुझे वह सब विवरण देने के लिए धन्यवाद! कृपया, मुझे आपके दावे की स्थिति की जांच करने के लिए एक मिनट का समय दें।",3,2
hai, हाय,2,0
I NEED A PROOF OF INSURANCE FOR MY CAR, मुझे अपनी CAR . के लिए बीमा का प्रमाण चाहिए,2,0
SURE, ज़रूर,2,0
OK THANK YOU SO MUCH AND HAVE A NICE DAY," ठीक है, आपका बहुत-बहुत धन्यवाद और आपका दिन शुभ हो",3,2
Ok sir., जी महोदय।,0,0
hi, नमस्ते,2,0
OK THANK YOU, ठीक है धन्यवाद,3,2
ssn no: 2817, एसएसएन नंबर: 2817,1,0
okay, ठीक है,2,0
thank you so much, आपका बहुत-बहुत धन्यवाद,3,2
"That's perfect! Thank you for providing all the details, Prathi. Please give me a minute to proceed further."," यह बिल्कुल सही है! सभी विवरण प्रदान करने के लिए धन्यवाद, प्राथी। कृपया मुझे आगे बढ़ने के लिए एक मिनट दें।",3,2
You're welcome! Would there be anything else I may assist you with?, आपका स्वागत है! क्या कुछ और होगा जिसमें मैं आपकी सहायता कर सकूं?,3,2
ssn no: 5236, एसएसएन नंबर: 5236,1,0
Hello there! How may I assist you today?, नमस्ते! आज मैं आपकी मदद किस तरह कर सकता हूँ?,3,0
Ok just check the last one, ठीक है बस आखिरी की जाँच करें,0,0
"Alright! May I know the make of the car, model of the car and lastly, the year car was made?
"," ठीक है! क्या मुझे कार का मेक, कार का मॉडल और आखिरकार कार बनने का वर्ष पता चल सकता है?",3,0
can you help me with that?, क्या उसके लिए आपके द्वारा मेरी मदद की जाएगी?,2,0
"Alright! Have a great day, it was a pleasure helping you. Goodbye."," ठीक है! आपका दिन शुभ हो, आपकी मदद करने में खुशी हुई। अलविदा।",2,2
Please note this conversation will end in another 30 seconds since I receive no response from you.,कृपया ध्यान दें कि यह वार्तालाप 30 सेकंड में समाप्त हो जाएगा क्योंकि मुझे आपकी ओर से कोई प्रतिक्रिया नहीं मिली है।,2,1
my status of your claim., आपके दावे की मेरी स्थिति।,2,0
BMW 003, बीएमडब्ल्यू 003,0,0
Policy Number : PQA275420746 & Claim Number : ZDD422, पॉलिसी नंबर: PQA275420746 और दावा संख्या: ZDD422,0,0
ok, ठीक है,2,0
Perfect! Thank you for reaching out to us. Have an amazing day. Bye., उत्तम! हमसे संपर्क की पहल के लिए आपका धन्यवाद। आपका दिन सुखद हो। अलविदा।,3,2
I apologize the model of the car seems to be incorrect. May I also know the correct model of the car., मुझे खेद है कि कार का मॉडल गलत लगता है। क्या मुझे कार का सही मॉडल भी पता चल सकता है।,3,0
PRANITHI CHOPRA, प्रणीति चोपड़ा,2,0
my claim status, मेरे दावे की स्थिति,1,0
I NEED A PROOF OF INSURANCE FOR MY CAR, मुझे अपनी CAR . के लिए बीमा का प्रमाण चाहिए,2,0
May I also know your policy and claim number please?, क्या मैं आपकी पॉलिसी और दावा संख्या भी जान सकता हूं?,3,0
Amazing! Could you please help me with the email address on the account?, अद्भुत! क्या आप कृपया खाते पर ईमेल पते में मेरी सहायता कर सकते हैं?,3,2
Great! Please allow me a moment to check in the details., महान! कृपया मुझे विवरण देखने के लिए कुछ समय दें।,3,2
2016,2016,0,0
name: robin riya, नाम: रॉबिन रिया,2,0
"Sure, that's not a problem. Please stay connected."," ज़रूर, यह कोई समस्या नहीं है। कृपया जुड़े रहें।",2,0
Superb! Thanks for cooperating with us! I've contacted the concerned team and requested them to mail your car insurance proof copy. They'll mail to your registered address and you'll receive the documents within 3 business days. I hope that would be okay?, शानदार! हमारे साथ सहयोग करने के लिए धन्यवाद! मैंने संबंधित टीम से संपर्क किया है और उनसे आपकी कार बीमा प्रूफ कॉपी मेल करने का अनुरोध किया है। वे आपके पंजीकृत पते पर मेल करेंगे और आपको 3 व्यावसायिक दिनों के भीतर दस्तावेज़ प्राप्त हो जाएंगे। मुझे आशा है कि यह ठीक होगा?,3,2
2012,2012,0,0
MANI VENTHAN, मणि वेंथानी,0,0
"Great! Could you please share the details of the car, like it's make and the model?","महान! क्या आप कृपया कार के बारे में विवरण साझा कर सकते हैं, जैसे कि यह मेक और मॉडल है?",3,0
yes, हां,2,0
Thank you for everthing, हमेशा के लिए धन्यवाद,3,2
Awesome! Is there anything else I may help you with?, बहुत बढ़िया! क्या कुछ और है जिसमें मैं आपकी मदद कर सकता हूं?,3,2
I am really happy sir., मैं सच में खुश हूं सर।,3,2
I appreciate your patience! I have made a request to mail the copy of insurance at your registered address. You'll receive it within 2-3 business days. I hope this will be helpful., मैं आपके धैर्य की सराहना करता हूँ! मैंने आपके पंजीकृत पते पर बीमा की प्रति डाक से भेजने का अनुरोध किया है। आप इसे 2-3 व्यावसायिक दिनों के भीतर प्राप्त कर लेंगे. मुझे उम्मीद है कि ये मददगार होगा।,3,2
no thank you so much, नहीं बहुत बहुत धन्यवाद,3,1
Great! Thanks for the information. Kindly allow me a moment while I check this for you., महान! सूचना के लिए धन्यवाद। कृपया मुझे एक क्षण दें जब तक मैं आपके लिए यह जांचता हूं।,3,2
no, नहीं,1,1
Amazing car! Please could you share the year the car was made?, अद्भुत कार! क्या आप बता सकते हैं कि कार किस वर्ष बनी थी?,3,2
"I'm sorry to hear about your phone. Surely, I'll help you get a replacement. Please may I know your name?"," मुझे आपके फ़ोन के बारे में जानकर अफ़सोस हुआ। निश्चित रूप से, मैं आपको एक प्रतिस्थापन प्राप्त करने में मदद करूंगा। कृपया क्या मैं आपका नाम जान सकता हूँ?",3,1
rfd452165789, आरएफडी452165789,0,0
"Alright! That's okay, No worries. I'll change that."," ठीक है! कोई बात नहीं, कोई बात नहीं। मैं इसे बदल दूंगा।",2,0
"oh, nothing i am now fully clear","ओह, कुछ नहीं मैं अब पूरी तरह से स्पष्ट हूँ",2,0
Thank you! Goodbye!, आपको धन्यवाद! अलविदा!,3,0
Thank you!, आपको धन्यवाद!,3,2
"You're welcome! Is there anything else I may help you with today?
", आपका स्वागत है! क्या आज मैं आपकी कुछ और मदद कर सकता हूँ?,2,2
Thanks for waiting so patiently. I just spoke to the concerned team they'll will mail your car insurance proof copy on your registered address. I'd also like to inform you that you'll receive the mail within 3 business days. I hope that would be okay?," इतने धैर्य से प्रतीक्षा करने के लिए धन्यवाद। मैंने अभी संबंधित टीम से बात की है, वे आपकी कार बीमा प्रमाण प्रति आपके पंजीकृत पते पर भेज देंगे। मैं आपको यह भी सूचित करना चाहता हूं कि आपको 3 कार्यदिवसों के भीतर मेल प्राप्त हो जाएगा। मुझे आशा है कि यह ठीक होगा?",3,1
7867567865,7867567865,0,0
Lovely! Could you also share your policy and claim number please?, प्यारा! क्या आप कृपया अपनी पॉलिसी और दावा संख्या भी साझा कर सकते हैं?,3,2
ok thanks, ठीक है धन्यवाद,3,0
I would like to know the status of my claim. can you please help me on that, मैं अपने दावे की स्थिति जानना चाहता/चाहती हूं. क्या आप कृपया उस पर मेरी मदद कर सकते हैं,3,0
Could you please share your complete phone number?, क्या आप कृपया अपना पूरा फोन नंबर साझा कर सकते हैं?,3,0
"For sure, May I know your name please?"," निश्चित रूप से, क्या मैं आपका नाम जान सकता हूँ?",3,0
8502364578,8502364578,0,0
no thanks," जी नहीं, धन्यवाद",3,1
Hello how may I assist you today?, नमस्कार आज मैं आपकी कैसे सहायता कर सकता हूँ?,3,0
"Thank you. Now I'd need the claim number as well to process the request.
", शुक्रिया। अब मुझे अनुरोध को संसाधित करने के लिए दावा संख्या की भी आवश्यकता होगी।,3,0
YEAR OF MAKE -2016, बनाने का वर्ष -2016,0,0
"Sure, it's for my Audi Q7"," ज़रूर, यह मेरी ऑडी क्यू7 के लिए है",2,0
You're welcome! Would there be anything else I may assist you with?, आपका स्वागत है! क्या कुछ और होगा जिसमें मैं आपकी सहायता कर सकूं?,3,2
ok, ठीक है,2,0
okay.thanks, ठीक है शुक्रिया,2,0
"No fine, thank you"," ठीक नहीं, धन्यवाद",3,0
No that's all, नहीं यही काफ़ी है,1,0
nothing else, और कुछ नहीं,1,0
my name is arun jaitley, मेरा नाम अरुण जेटली है,1,0
Sure thing! Could you please help me out with your full name and the last 4 digits of your SSN?, अवश्य! क्या आप कृपया अपना पूरा नाम और अपने एसएसएन के अंतिम 4 अंकों के साथ मेरी मदद कर सकते हैं?,3,0
"I appreciate your patience! As I've checked with my resources, I see that the payment has already been initiated and you'll receive the check within 3 business days. I hope this will be helpful."," मैं आपके धैर्य की सराहना करता हूँ! जैसा कि मैंने अपने संसाधनों से जांच की है, मैंने देखा कि भुगतान पहले ही शुरू हो चुका है और आपको 3 कार्यदिवसों के भीतर चेक प्राप्त हो जाएगा। मुझे उम्मीद है कि ये मददगार होगा।",3,2
"Always a pleasure! It's a pleasure assisting you. Thank you for reaching out to us, have a great day ahead!","हमेशा एक खुशी की बात है! आपकी सहायता करना खुशी की बात है। हमसे संपर्क करने के लिए धन्यवाद, आपका दिन शुभ हो!",3,2
"Thanks, Daniel! Please could you help me with your contact number?"," धन्यवाद, डैनियल! कृपया आप अपने संपर्क नंबर के साथ मेरी मदद कर सकते हैं?",3,0
yes, हां,2,0
no thanks," जी नहीं, धन्यवाद",3,1
"I apologize, I'll be unable to help you in this regard. However, If there is an insurance for your mobile and there is any damage or crack to the phone, I'll surely help you get a replacement done."," मुझे खेद है, मैं इस संबंध में आपकी सहायता नहीं कर पाऊंगा। हालांकि, अगर आपके मोबाइल के लिए बीमा है और फोन में कोई क्षति या दरार है, तो मैं निश्चित रूप से आपको एक प्रतिस्थापन करवाने में मदद करूंगा।",3,1
william, विलियम,0,0
Car name: Hyundai Xcent., कार का नाम: हुंडई एक्सेंट।,0,0
Could you please help me with your policy and claim number?, क्या आप कृपया मुझे अपनी पॉलिसी और दावा संख्या में मदद कर सकते हैं?,3,0
My iPhone screen was just cracked., मेरे iPhone की स्क्रीन अभी टूट गई थी।,1,1
Superb! May I have the claim number as well?, शानदार! क्या मेरे पास दावा संख्या भी हो सकती है?,3,2
I'm so sorry for what has happened. I'll help you to know the status of you claim. May I know your name please?, जो हुआ उसके लिए मुझे बहुत खेद है। मैं आपके दावे की स्थिति जानने में आपकी मदद करूंगा। क्या मैं आपका नाम जान सकता हूँ?,3,1
thank you so much for your help, आपकी मदद के लिए बहुत - बहुत धन्यवाद,3,2
"Thank you for the information, I'd like to inform you that I've found your documents which I will mail to your address and they'll reach you in the next 2 business days. "," जानकारी के लिए धन्यवाद, मैं आपको सूचित करना चाहता हूं कि मुझे आपके दस्तावेज़ मिल गए हैं जिन्हें मैं आपके पते पर डाक से भेजूंगा और वे अगले 2 व्यावसायिक दिनों में आप तक पहुंच जाएंगे।",3,2
You're welcome! Is there anything else I may assist you with?, आपका स्वागत है! क्या कुछ और है जिसमें मैं आपकी सहायता कर सकता हूं?,2,2
OK, ठीक है,2,0
GFD751412142, GFD751412142,0,0
oh wait.., अरे रुको..,1,0
"Sure, Suresh! Please could you help me with the complete policy number?"," ज़रूर, सुरेश! क्या आप मुझे पूरी पॉलिसी नंबर के साथ मदद कर सकते हैं?",2,0
"Sure, please allow me a minute to get this done for you."," ज़रूर, कृपया मुझे यह आपके लिए करने के लिए एक मिनट का समय दें।",3,0
Great! I'd be glad to help you with that. May I know your name and the last 4 digits of the SSN please?, महान! मुझे इसमें आपकी मदद करने में खुशी होगी। क्या मैं आपका नाम और SSN के अंतिम 4 अंक जान सकता हूँ?,3,2
"Thank you for reaching out to us, hope that was helpful. Have a wonderful day!"," हमसे संपर्क करने के लिए धन्यवाद, आशा है कि यह मददगार था। शानदार दिन हो!",3,2
Hello, नमस्ते,3,0
"Thank you for sharing the details. The insurance proof will be delivered to the registered address within a week. Is there anything else I may help you with?
",विवरण साझा करने के लिए धन्यवाद। बीमा प्रमाण एक सप्ताह के भीतर पंजीकृत पते पर पहुंचा दिया जाएगा। क्या कुछ और है जिसमें मैं आपकी मदद कर सकता हूं?,3,0
MY full name is manoj an my last four SSN number is 8496, मेरा पूरा नाम मनोज है और मेरा अंतिम चार एसएसएन नंबर 8496 है,2,0
My pleasure! Would there be anything else I may assist you with?, मेरा सौभाग्य! क्या कुछ और होगा जिसमें मैं आपकी सहायता कर सकूं?,3,2
Sathikuma, सथिकुमा,2,0
Are we connected?, क्या हम जुड़े हुए हैं?,0,0
" I'll be glad to assist you with that, may I know your name and the last 4 digits of SSN?"," मुझे इसमें आपकी सहायता करने में खुशी होगी, क्या मैं आपका नाम और SSN के अंतिम 4 अंक जान सकता हूँ?",3,0
Great! May I please know the make and the model of the car that is insured?, महान! क्या मैं कृपया बीमाकृत कार के मेक और मॉडल के बारे में जान सकता हूँ?,3,0
Esmeralda9965@gmail.com, Esmeralda9965@gmail.com,0,0
"Thank you so much for your information, I kindly request you to stay connected while I go ahead and do the needful."," आपकी जानकारी के लिए बहुत-बहुत धन्यवाद, मैं आपसे अनुरोध करता हूं कि जब तक मैं आगे बढ़ूं और जरूरी काम करूं, जुड़े रहें।",3,2
hai, हाय,2,0
"Surely, may I know your first and last name please?"," निश्चित रूप से, क्या मैं आपका पहला और अंतिम नाम जान सकता हूँ?",2,0
Awesome! Could you also please let me know the year the car was manufactured?, बहुत बढ़िया! क्या आप कृपया मुझे यह भी बता सकते हैं कि कार का निर्माण किस वर्ष किया गया था?,3,2
no, नहीं,1,1
yes, हां,2,0
Sure Andy! I'd be glad to help you again., ज़रूर एंडी! मुझे आपकी फिर से मदद करने में खुशी होगी।,3,2
OK THANK YOU, ठीक है धन्यवाद,3,2
"Thank you Jessica, could you please let me know the make and model of the car? "," धन्यवाद जेसिका, क्या आप कृपया मुझे कार के मेक और मॉडल के बारे में बता सकते हैं?",3,0
Sure thing! I'd be glad to help you with that. Could you please help me with your full name and the last 4 digits of your SSN number?, अवश्य! मुझे इसमें आपकी मदद करने में खुशी होगी। क्या आप कृपया अपना पूरा नाम और अपने एसएसएन नंबर के अंतिम 4 अंकों के साथ मेरी मदद कर सकते हैं?,3,0
YEAR:2015, वर्ष:2015,0,0
Policy No : GRC452745285 and Claim No: YFG286, नीति संख्या: GRC452745285 और दावा संख्या: YFG286,1,0
Thank you! Please could you also share the car's make and model?, आपको धन्यवाद! कृपया क्या आप कार का मेक और मॉडल भी साझा कर सकते हैं?,3,0
Hello! I'll provide you with the copy of insurance. May I know your name and the last 4 digits of your SSN?,नमस्ते! मैं आपको बीमा की प्रति प्रदान करूंगा। क्या मैं आपका नाम और आपके SSN के अंतिम 4 अंक जान सकता हूँ?,3,0
hai, हाय,2,0
NAME:THIYA, नाम:ठिया,2,0
ok thanks, ठीक है धन्यवाद,3,0
Perfect! Thank you so much for the information. please allow me a moment while I check this for you.,उत्तम! जानकारी के लिए बहुत - बहुत धन्यवाद। कृपया मुझे एक क्षण दें जब तक मैं आपके लिए यह जांचता हूं।,3,2
HONDA CITY, होंडा सिटी,0,0
bye, अलविदा,2,0
NO, ना,1,1
"Hello there! A very good morning, how may I help you today?"," नमस्ते! बहुत सुप्रभात, आज मैं आपकी कैसे मदद कर सकता हूँ?",3,2
I'll help you out with that! May I know your name?, मैं इसमें आपकी मदद करूंगा! मैं आपका नाम जान सकता हुँ?,3,0
"Sure, we are here to help you. May I know your full name please?"," ज़रूर, हम आपकी मदद करने के लिए यहाँ हैं। क्या मैं आपका पूरा नाम जान सकता हूँ?",3,0
i want to claim insurance of my car (bumper), मैं अपनी कार (बम्पर) के बीमा का दावा करना चाहता हूं,3,0
You're always welcome! Have a great day ahead. Hope to serve you soon again., आपका हमेशा स्वागत है! आगे एक महान दिन हो। आशा है कि आप जल्द ही फिर से सेवा करेंगे।,3,2
"I really appreciate for staying connected, the documents will be mailed to the updated address shortly."," मैं वास्तव में जुड़े रहने के लिए सराहना करता हूं, दस्तावेजों को शीघ्र ही अद्यतन पते पर भेज दिया जाएगा।",3,2
"I'll help you out with that, may I know your name?"," मैं इसमें आपकी मदद करूंगा, क्या मैं आपका नाम जान सकता हूं?",3,0
ASD788963251, एएसडी788963251,0,0
"Thank you for reaching out to us, please feel free to reach out for further concerns."," हमसे संपर्क करने के लिए धन्यवाद, कृपया आगे की चिंताओं के लिए बेझिझक संपर्क करें।",3,2
Great! Please allow me a moment to process your request., महान! कृपया मुझे आपके अनुरोध को संसाधित करने के लिए कुछ समय दें।,3,2
yeah okay, हाँ ठीक है,2,0
OK, ठीक है,2,0
Hey there! How may I help you today?, सुनो! आज मैं आपकी कैसे मदद कर सकता हूँ?,3,0
You're welcome! Would there be anything else I may assist you with?, आपका स्वागत है! क्या कुछ और होगा जिसमें मैं आपकी सहायता कर सकूं?,3,2
"Hello there, Good evening!  How may I help you today?"," नमस्ते वहाँ, शुभ संध्या! आज मैं आपकी कैसे मदद कर सकता हूँ?",3,0
Good news! I appreciate your patience in staying connected. I've found the proof of insurance of your car and the document will be mailed to you at the earliest., खुशखबरी! मैं जुड़े रहने में आपके धैर्य की सराहना करता हूं। मुझे आपकी कार के बीमा का प्रमाण मिल गया है और दस्तावेज़ आपको जल्द से जल्द डाक से भेज दिया जाएगा।,3,2
Sure. May I know your please?, ज़रूर। क्या मैं आपका कृपया जान सकता हूँ?,3,0
Please allow me a moment to check in the details., कृपया मुझे विवरण देखने के लिए कुछ समय दें।,2,0
5101,5101,0,0
You're always welcome! Have a great day ahead!,आपका हमेशा स्वागत है! आगे एक महान दिन हो!,3,2
Oh no! I'm so sorry to hear that. I hope everything is fine now? I'll surely help you in this regards. May I know your name please?, धत्तेरे की! मुझे यह सुनकर खेद हुआ। मुझे आशा है कि अब सब ठीक है? मैं इस संबंध में आपकी निश्चित रूप से मदद करूंगा। क्या मैं आपका नाम जान सकता हूँ?,3,1
Yes, हाँ,2,0
no yhanks, नो यैंक्स,1,0
ok, ठीक है,2,0
PHONE:415 785 4152 EMAIL:MULLERVI12@GMAIL.COM, फोन: 415 785 4152 ईमेल: MULLERVI12@GMAIL.COM,0,0
Thanks for being so patient and giving us all that details. please allow me a moment while I go ahead and check that for you., इतना धैर्य रखने और हमें वह सब विवरण देने के लिए धन्यवाद। कृपया मुझे कुछ समय दें जब तक कि मैं आगे बढ़ूं और आपके लिए इसकी जांच कर लूं।,3,2
anbu raj, अंबु राजो,0,0
BYE, अलविदा,2,0
Thanks again! Please could you stay connected for a moment., एक बार फिर धन्यवाद! कृपया आप एक पल के लिए जुड़े रहें।,3,2
Perfect! Would you also share the year the car was made?,उत्तम! क्या आप कार के बनने का वर्ष भी साझा करेंगे?,3,2
Is there anything else I could assist you with?, क्या कुछ और है जिसमें मैं आपकी सहायता कर सकता हूं?,2,0
Sure, ज़रूर,2,0
Perfect! Thanks a ton for being patient and cooperating with us! It was pleasure assisting you. I hope you've an amazing day ahead! Goodbye., उत्तम! धैर्य रखने और हमारे साथ सहयोग करने के लिए बहुत-बहुत धन्यवाद! आपकी सहायता करके खुशी हुई। मुझे आशा है कि आपके पास एक अद्भुत दिन है! अलविदा।,3,2
FRE 523896321, एफआरई 523896321,0,0
muthuraja342@mail.com, muthuraja342@mail.com,0,0
Thank you for staying on hold. I've a good news. Your payment has been made and it will reach you in 3 days. Is there anything else that I may help you with?, रुके रहने के लिए धन्यवाद। मेरे पास एक अच्छी खबर है। आपका भुगतान कर दिया गया है और यह 3 दिनों में आप तक पहुंच जाएगा। क्या कुछ और है जिसमें मैं आपकी मदद कर सकता हूं?,3,2
"Sure! Of course, I'll definiteky help you in checking your claim status. May I know your first and last name please?"," ज़रूर! बेशक, मैं आपके दावे की स्थिति की जांच करने में निश्चित रूप से आपकी मदद करूंगा। क्या मैं आपका पहला और अंतिम नाम जान सकता हूँ?",3,0
i want to check my status of my claim, मैं अपने दावे की स्थिति की जांच करना चाहता हूं,3,0
thats it.., यह बात है..,1,0
"Thank you for sharing the information, please allow me a moment while I check with the department. "," जानकारी साझा करने के लिए धन्यवाद, कृपया मुझे विभाग के साथ जांच करने के लिए कुछ समय दें।",3,0
Sure! We are here to assist you in the best possible way. May I know your full name please?, ज़रूर! हम यहां आपकी सर्वोत्तम संभव तरीके से सहायता करने के लिए हैं। क्या मैं आपका पूरा नाम जान सकता हूँ?,3,2
Perfect! May I also know the year of manufacture?, उत्तम! क्या मैं निर्माण का वर्ष भी जान सकता हूँ?,2,2
I need proof of car insurance, मुझे कार बीमा का प्रमाण चाहिए,1,0
help me to fix my screen, मेरी स्क्रीन को ठीक करने में मेरी मदद करें,1,0
sorry my email id given is wrong, क्षमा करें मेरी दी गई ईमेल आईडी गलत है,3,0
Good bye, अलविदा,3,0
"Thank you! I'd like to inform you that for the documentation to proceed, I'll require few details of the car like the make and the model, Could you please share them?"," आपको धन्यवाद! मैं आपको सूचित करना चाहता हूं कि दस्तावेज़ीकरण आगे बढ़ने के लिए, मुझे कार के मेक और मॉडल जैसे कुछ विवरणों की आवश्यकता होगी, क्या आप कृपया उन्हें साझा कर सकते हैं?",3,0
5874,5874,0,0
"Hi Team, I already email'd the details few days ago, however yet to get the claim. Kindly check the status of my claim."," नमस्ते टीम, मैंने कुछ दिन पहले ही विवरण ईमेल कर दिया था, हालांकि अभी तक दावा प्राप्त नहीं हुआ है। कृपया मेरे दावे की स्थिति की जांच करें।",3,1
"Thanks for staying connected. As per the status, the payment has already been initiated. You'll be receiving the check within the next three days. Would you need anything else?","जुड़े रहने के लिए धन्यवाद। स्थिति के अनुसार, भुगतान पहले ही शुरू हो चुका है। आपको अगले तीन दिनों के भीतर चेक मिल जाएगा। क्या आपको कुछ और चाहिए होगा?",3,2
"Glad to help you, have a great day. Goodbye."," आपकी मदद करने में खुशी हुई, आपका दिन शुभ हो। अलविदा।",3,2
"Good News. Thank you for your help, Sam."," खुशखबरी। आपकी मदद के लिए धन्यवाद, सैम।",3,2
Thank you Spencer!, धन्यवाद स्पेंसर!,3,2
I'll surely help you. Could you please help me with your query?, मैं आपकी मदद जरूर करूंगा। क्या आप कृपया अपनी क्वेरी में मेरी मदद कर सकते हैं?,3,2
So sad to hear that., यह सुनकर बहुत दुख हुआ।,0,1
hi, नमस्ते,2,0
OK THANK YOU, ठीक है धन्यवाद,3,2
Johnson, जॉनसन,1,0
NO, ना,1,1
My name is Madhu, मेरा नाम मधु है,2,0
okay, ठीक है,2,0
Yes my first name blessy and last name is mathew, हाँ मेरा पहला नाम धन्य है और अंतिम नाम मैथ्यू है,2,0
HII, HII,2,0
that's sounds perfect, यह एकदम सही लगता है,0,2
Sure! I'll help you with that. May I know your name please?, ज़रूर! मैं इसमें आपकी मदद करूंगा। क्या मैं आपका नाम जान सकता हूँ?,3,0
YES, हां,2,2
Sure! I'll be glad to help you with that. Please may I know your name?, ज़रूर! मुझे इसमें आपकी मदद करने में खुशी होगी। कृपया क्या मैं आपका नाम जान सकता हूँ?,3,0
Thank you very much! No thanks," आपका बहुत बहुत धन्यवाद! जी नहीं, धन्यवाद",3,1
"hello sam, My iphone screen has got damaged.. can you please help me fix it"," हैलो सैम, मेरी आईफोन स्क्रीन खराब हो गई है .. क्या आप इसे ठीक करने में मेरी मदद कर सकते हैं?",3,0
"Thank you for the details, please give me a minute to proceed further."," विवरण के लिए धन्यवाद, कृपया मुझे आगे बढ़ने के लिए एक मिनट दें।",3,0
Awesome! Is there anything more that I may help you with?, बहुत बढ़िया! क्या कुछ और है जिसमें मैं आपकी मदद कर सकता हूं?,3,2
no thanks," जी नहीं, धन्यवाद",3,1
And could you also share your claim number please?, और क्या आप कृपया अपना दावा संख्या भी साझा कर सकते हैं?,3,0
Sorry for the delay. I've just checked for the documents and they are ready and will be soon mailed to your address.,विलंब के लिए क्षमा चाहते हैं। मैंने अभी-अभी दस्तावेज़ों की जाँच की है और वे तैयार हैं और जल्द ही आपके पते पर भेज दिए जाएंगे।,3,2
hai, हाय,2,0
Thanks Ravi! May I please know the last 4 digit of the SSN?, धन्यवाद रवि! क्या मैं कृपया SSN के अंतिम 4 अंक जान सकता हूँ?,3,0
No Jesse, नो जेसी,1,0
"Thank you so much! I'd now need the year it was manufactured?
", बहुत-बहुत धन्यवाद! मुझे अब उस वर्ष की आवश्यकता होगी जो इसे निर्मित किया गया था?,3,1
"Perfect!! Secondly, Could you please help me with your car details as well. May I know the model and the make of your car?"," उत्तम!! दूसरे, क्या आप कृपया मुझे अपनी कार के विवरण के साथ भी मदद कर सकते हैं। क्या मैं आपकी कार के मॉडल और बनावट के बारे में जान सकता हूँ?",3,2
ok thank you for information, ठीक है जानकारी के लिए धन्यवाद,3,2
nothing else, और कुछ नहीं,1,0
i need a status of my claim, मुझे अपने दावे की स्थिति चाहिए,3,0
OK THANK YOU AND SORRY I GAVE WRONG MODEL NAME AND THE CORRECT MODEL NAME IS ACCORD,ठीक है धन्यवाद और क्षमा करें मैंने गलत मॉडल नाम दिया और सही मॉडल नाम ACCORD है,3,1
I NEED INSURANCE PROOF COPY, मुझे बीमा प्रमाण की प्रतिलिपि चाहिए,1,1
"Thank you Kavi, may I know your email address associated with the account as well? "," धन्यवाद कवि, क्या मैं खाते से जुड़ा आपका ईमेल पता भी जान सकता हूँ?",3,0
"LIKE 2012 MODEL,"," 2012 मॉडल की तरह,",0,0
Hi Riley, हाय रिले,3,0
A very Good Morning! Joanne to let you know the status of your claim I'll be needing details. Could you help m eout with your policy number and claim number?, एक बहुत ही शुभ प्रभात! जोआन आपको आपके दावे की स्थिति के बारे में बताने के लिए मुझे विवरण की आवश्यकता होगी। क्या आप अपनी पॉलिसी संख्या और दावा संख्या के साथ मेरी मदद कर सकते हैं?,3,0
Hey there! How may I help you today?, सुनो! आज मैं आपकी कैसे मदद कर सकता हूँ?,3,0
kij658748987, किज658748987,0,0
Jessica Brown, जेसिका ब्राउन,0,0
For my car i need a insurance proof, मेरी कार के लिए मुझे बीमा प्रमाण चाहिए,1,0
MY PHONE WAS JUST CRACKED, मेरा फोन बस टूट गया था,0,0
Thank you for waiting. I appreciate your patience. I see that your payment has been made and you'll receive it within 3 days. Is there anything else I might help you with?,प्रतीक्षा के लिए धन्यवाद। मैं आपके धैर्य की सराहना करता हूँ। मैंने देखा कि आपका भुगतान कर दिया गया है और आप इसे 3 दिनों के भीतर प्राप्त करेंगे। क्या कुछ और है जिसमें मैं आपकी मदद कर सकता हूं?,3,2
"That's perfect! Thank you for the details, please give me a minute to proceed further. "," यह बिल्कुल सही है! विवरण के लिए धन्यवाद, कृपया मुझे आगे बढ़ने के लिए एक मिनट दें।",3,2
"I highly appreciate your patience, I'd like to inform you that I've found the documents and they'll be sent to your address in the next 2 business days. "," मैं आपके धैर्य की बहुत सराहना करता हूं, मैं आपको सूचित करना चाहता हूं कि मुझे दस्तावेज मिल गए हैं और वे अगले 2 व्यावसायिक दिनों में आपके पते पर भेज दिए जाएंगे।",3,2
Awesome! Could you please allow me a moment to initiate the process?, बहुत बढ़िया! क्या आप कृपया मुझे प्रक्रिया शुरू करने के लिए एक क्षण की अनुमति दे सकते हैं?,3,2
HI, नमस्ते,2,0
875 566 8970, 875 566 8970,0,0
Oh may I know the reason?," ओह, क्या मैं इसका कारण जान सकता हूँ?",1,0
mani, मणि,0,0
You're welcome! Would there be anything else that I may help you with?, आपका स्वागत है! क्या कुछ और होगा जिससे मैं आपकी मदद कर सकूं?,2,2
"I really appreciate for staying connected, the documents will be mailed to the updated address shortly. "," मैं वास्तव में जुड़े रहने के लिए सराहना करता हूं, दस्तावेजों को शीघ्र ही अद्यतन पते पर भेज दिया जाएगा।",3,2
My email address associated to my phone is Ramghanta123@yahoo.com., मेरे फोन से जुड़ा मेरा ईमेल पता Ramghanta123@yahoo.com है।,2,0
I, मैं,1,0
Sure thing! I'd  be glad to help you with that. Could you please help me with your full name and the last 4 digits of the SSN number?, अवश्य! मुझे इसमें आपकी मदद करने में खुशी होगी। क्या आप कृपया अपना पूरा नाम और एसएसएन नंबर के अंतिम 4 अंक के साथ मेरी मदद कर सकते हैं?,3,0
"Alright! Have a great day, goodbye."," ठीक है! आपका दिन शुभ हो, अलविदा।",3,2
Awesome! That's a nice car. Could you please help me with the year in which the car was manufactured as well?, बहुत बढ़िया! यह एक अच्छी कार है। क्या आप कृपया मुझे उस वर्ष में मदद कर सकते हैं जिसमें कार का निर्माण भी किया गया था?,3,2
Have a great day ahead! Looking forward to seeing you soon., आगे एक महान दिन हो! जल्द ही आपको देखने की इच्छा है।,2,2
"That's great! Thank you so much, Sam.","एक दम बढ़िया! बहुत बहुत धन्यवाद, सैम।",3,2
Thank you for staying on hold. I've a good news. Your request for the replacement device has been initiated and it will be delivered in 2 days. You need to send the damaged piece in the return envelope. Is there anything else I might help you with?, रुके रहने के लिए धन्यवाद। मेरे पास एक अच्छी खबर है। डिवाइस बदलने के लिए आपका अनुरोध शुरू कर दिया गया है और इसे 2 दिनों में डिलीवर कर दिया जाएगा। आपको क्षतिग्रस्त टुकड़े को रिटर्न लिफाफे में भेजना होगा। क्या कुछ और है जिसमें मैं आपकी मदद कर सकता हूं?,3,0
khan, KHAN,0,0
ok, ठीक है,2,0
Great! Would you like to have a replacement?, महान! क्या आप एक प्रतिस्थापन करना चाहेंगे?,3,2
Could you please let me know your name and the phone number?, क्या आप कृपया मुझे अपना नाम और फोन नंबर बता सकते हैं?,3,0
"And, may I also know the manufacturing year of the car please?"," और, क्या मुझे कार का निर्माण वर्ष भी पता चल सकता है?",2,0
I need a proof of my car insurance policy., मुझे अपनी कार बीमा पॉलिसी का प्रमाण चाहिए।,2,0
Hey! How may I assist you today?, अरे! आज मैं आपकी मदद किस तरह कर सकता हूँ?,3,0
Amazing! Please allow me a moment to check the status and get back to you., अद्भुत! कृपया मुझे स्थिति की जांच करने और आपके पास वापस आने के लिए कुछ समय दें।,3,2
Absolutely! May I know you your full name please?, बिल्कुल! क्या मैं आपका पूरा नाम जान सकता हूँ?,3,0
hi, नमस्ते,2,0
PHONE NO: 728 937 8173 AND EMAIL ADDRESS: HELANA@GMAIL.COM, फोन नंबर: 728 937 8173 और ईमेल पता: HELANA@GMAIL.COM,1,0
nanthu17@gmail.com, nanthu17@gmail.com,0,0
"I appreciate your patience! As I've checked with my resources, I see that the payment has already been initiated, and the good news is you will receive the check within 3 business days. I hope this is helpful."," मैं आपके धैर्य की सराहना करता हूँ! जैसा कि मैंने अपने संसाधनों के साथ जांच की है, मैंने देखा कि भुगतान पहले ही शुरू हो चुका है, और अच्छी खबर यह है कि आपको 3 व्यावसायिक दिनों के भीतर चेक प्राप्त हो जाएगा। मुझे आशा है कि यह मददगार है।",3,2
Hi i need to fix my screen it was broken," नमस्ते, मुझे अपनी स्क्रीन ठीक करनी है, यह टूट गई थी",3,0
i need proof of insurance, मुझे बीमा का प्रमाण चाहिए,1,0
Alas! That's so upsetting! I'll definitely help you out. I'll require your details to pull up your profile. May I know your full name please?, काश! यह बहुत परेशान करने वाला है! मैं निश्चित रूप से आपकी मदद करूंगा। मुझे आपकी प्रोफ़ाइल खींचने के लिए आपके विवरण की आवश्यकता होगी। क्या मैं आपका पूरा नाम जान सकता हूँ?,3,1
could you please add my another car for the proof, क्या आप कृपया सबूत के लिए मेरी दूसरी कार जोड़ सकते हैं,3,0
OK SURE, यकीनन ठीक,2,2
1234,1234,0,0
yeah.swift car model is 2016., हाँ.स्विफ्ट कार मॉडल 2016 है।,2,0
SILK SUMITHA, रेशम सुमिथा,0,0
ok, ठीक है,2,0
"fixing the screen
", स्क्रीन को ठीक करना,0,0
okay sir, ठीक है श्रीमान,2,0
ok, ठीक है,2,0
just make something up, बस कुछ बनाओ,2,0
bye, अलविदा,2,0
"My pleasure! Have a great day, goodbye."," मेरा सौभाग्य! आपका दिन शुभ हो, अलविदा।",3,2
Perfect! Would you please share your phone number and email address?, उत्तम! क्या आप कृपया अपना फ़ोन नंबर और ईमेल पता साझा करेंगे?,3,2
NO, ना,1,1
"Could you please confirm, if your phone screen is damaged or broken?"," क्या आप कृपया पुष्टि कर सकते हैं, यदि आपके फ़ोन की स्क्रीन क्षतिग्रस्त या टूटी हुई है?",3,0
Superb! Please give me a moment to check with the resources., शानदार! कृपया मुझे संसाधनों के साथ जाँच करने के लिए एक क्षण दें।,3,2
need a proof of insurance for one of your cars, आपकी कारों में से किसी एक के लिए बीमा के प्रमाण की आवश्यकता है,1,0
ok, ठीक है,2,0
"Thank you! May I know the policy number.
",आपको धन्यवाद! क्या मैं पॉलिसी नंबर जान सकता हूं।,3,0
Your patience is greatly appreciated. I have a good news for you. I see that the payment has been initiated and the check would be delivered to you within 3 days. Would that be alright?,आपके धैर्य की बहुत सराहना की जाती है। मेरे पास तुम्हारे लिए अच्छी खबर है। मैं देख रहा हूं कि भुगतान शुरू हो गया है और 3 दिनों के भीतर आपको चेक वितरित कर दिया जाएगा। क्या यह ठीक होगा?,3,2
9845621537,9845621537,0,0
name is harish, नाम हरीशो है,0,0
Hello! How may I help you today?, नमस्ते! आज मैं आपकी कैसे मदद कर सकता हूँ?,3,0
"Absolutely! I'll be glad to help you in this regard, may I please know your full name?"," बिल्कुल! मुझे इस संबंध में आपकी मदद करने में खुशी होगी, क्या मैं आपका पूरा नाम जान सकता हूं?",3,2
ok, ठीक है,2,0
bye, अलविदा,2,0
1652004587,1652004587,0,0
Yes we are connected! \, हाँ हम जुड़े हुए हैं! \,2,0
my iphone screen just cracked please fix my mobile screen, मेरे iPhone की स्क्रीन अभी टूट गई है कृपया मेरे मोबाइल स्क्रीन को ठीक करें,3,1
Thank you for guiding me with the correct information. Please allow me a moment?, मुझे सही जानकारी देने के लिए धन्यवाद। कृपया मुझे एक क्षण की अनुमति दें?,3,2
Harini could you also help me out with the make and the model of the car?, हरिणी क्या आप कार के मेक और मॉडल के बारे में भी मेरी मदद कर सकती हैं?,3,0
Sorry to hear that! I'll definitely help you with that. May I know your full name please?,ऐसा सुनने के लिए क्षमा करें! मैं इसमें आपकी जरूर मदद करूंगा। क्या मैं आपका पूरा नाम जान सकता हूँ?,3,0
TYR344726927, TYR344726927,0,0
sure, ज़रूर,2,0
Nothing else now, अब और कुछ नहीं,2,0
Much thanks :), बहुत धन्यवाद :),3,2
Great! Please allow me a minute., महान! कृपया मुझे एक मिनट का समय दें।,3,2
My pleasure! Is there anything else I could assist you with?, मेरा सौभाग्य! क्या कुछ और है जिसमें मैं आपकी सहायता कर सकता हूं?,3,2
Awesome! I've a good news. Your payment has been made and it will reach you in 3 days. Is there anything else that I may help you with?, बहुत बढ़िया! मेरे पास एक अच्छी खबर है। आपका भुगतान कर दिया गया है और यह 3 दिनों में आप तक पहुंच जाएगा। क्या कुछ और है जिसमें मैं आपकी मदद कर सकता हूं?,3,2
Fantastic! Thanks a ton for being patient and cooperating with me. It was my pleasure assisting you. I hope you've a great day ahead. We are always here to help you out. Goodbye., ज़बरदस्त! धैर्य रखने और मेरे साथ सहयोग करने के लिए बहुत-बहुत धन्यवाद। आपकी सहायता करना मेरी खुशी थी। मुझे आशा है कि आपके लिए आगे एक अच्छा दिन है। हम आपकी मदद के लिए हमेशा यहां हैं। अलविदा।,3,2
Thanks Metz! Could you please share your policy number and your claim number?, धन्यवाद मेट्ज़! क्या आप कृपया अपना पॉलिसी नंबर और अपना दावा नंबर साझा कर सकते हैं?,3,0
have a nice day, आपका दिन शुभ हो,2,2
Awesome! That'll be done. You will be receiving the replaced model of phone at your place soon. Kindly note that you'll have to deliver the broken piece to us at our office. Is there anything else I may help you with Kiran?, बहुत बढ़िया! वह किया जाएगा। आपको जल्द ही अपने स्थान पर फोन का बदला हुआ मॉडल प्राप्त होगा। कृपया ध्यान दें कि आपको टूटे हुए टुकड़े को हमारे कार्यालय में हमें पहुंचाना होगा। क्या मैं किरण के साथ आपकी कुछ और मदद कर सकता हूँ?,3,2
ok no thanks, ठीक है नहीं धन्यवाद,3,1
NOTHING, कुछ नहीं,1,0
My name is Yoginath adityanath,मेरा नाम योगिनाथ आदित्यनाथ है,2,0
i want to fix my screen, मैं अपनी स्क्रीन ठीक करना चाहता हूं,2,0
hi good morning, हाय सुप्रभात,3,2
"Awesome! Thanks for choosing us, hope you have a wonderful day ahead! "," बहुत बढ़िया! हमें चुनने के लिए धन्यवाद, आशा है कि आपका आने वाला दिन शानदार हो!",3,2
okay, ठीक है,2,0
I appreciate your patience! I have made a request to mail the copy of insurance at your registered address. You'll receive it within 2-3 business days. I hope this will be helpful., मैं आपके धैर्य की सराहना करता हूँ! मैंने आपके पंजीकृत पते पर बीमा की प्रति डाक से भेजने का अनुरोध किया है। आप इसे 2-3 व्यावसायिक दिनों के भीतर प्राप्त कर लेंगे. मुझे उम्मीद है कि ये मददगार होगा।,3,2
Would there be anything else I may help you with?, क्या कुछ और होगा जिसमें मैं आपकी मदद कर सकूं?,2,0
sure., ज़रूर।,2,0
ok can i meet the homeland department head regarding this," ठीक है, क्या मैं इस संबंध में होमलैंड विभाग के प्रमुख से मिल सकता हूं",2,0
You're always welcome! Have a great day ahead. Hope to serve you soon again., आपका हमेशा स्वागत है! आगे एक महान दिन हो। आशा है कि आप जल्द ही फिर से सेवा करेंगे।,3,2
"Perfect! Thank you for reaching out to us, I hope that was useful. Have an awesome day!"," उत्तम! हमसे संपर्क करने के लिए धन्यवाद, मुझे आशा है कि यह उपयोगी था। आपका दिन कमाल का रहे!",3,2
Thank you very much, आपका बहुत बहुत धन्यवाद,3,2
2015,2015,0,0
Sure! I'll be glad to help you with it. Please may I know your name?, ज़रूर! मुझे इसमें आपकी मदद करने में खुशी होगी। कृपया क्या मैं आपका नाम जान सकता हूँ?,3,0
"Thank you for providing all the information and we'll now go ahead and deliver the entire documents at your mailing address on a file soon.
", सभी जानकारी प्रदान करने के लिए धन्यवाद और अब हम आगे बढ़ेंगे और जल्द ही एक फ़ाइल पर आपके डाक पते पर संपूर्ण दस्तावेज़ वितरित करेंगे।,3,2
It is Skoda m3 a model of 2015., यह स्कोडा एम3 2015 का मॉडल है।,2,0
thanks, धन्यवाद,2,2
Is there anything else I may assist you with?, क्या कुछ और है जिसमें मैं आपकी सहायता कर सकता हूं?,2,0
yes, हां,2,0
"Hello there! How may I assist you today?
", नमस्ते! आज मैं आपकी मदद किस तरह कर सकता हूँ?,3,0
policy number:pcg856485963, पॉलिसी नंबर:पीसीजी856485963,0,0
Policy No: GOS246895789..Claim No:DOV572, पॉलिसी नंबर: GOS246895789..दावा संख्या: DOV572,1,0
jhg845, जेएचजी845,0,0
I appreciate your patience! I have made a request to mail the copy of insurance at your registered address. You'll receive it within 2-3 business days. I hope this will be helpful., मैं आपके धैर्य की सराहना करता हूँ! मैंने आपके पंजीकृत पते पर बीमा की प्रति डाक से भेजने का अनुरोध किया है। आप इसे 2-3 व्यावसायिक दिनों के भीतर प्राप्त कर लेंगे. मुझे उम्मीद है कि ये मददगार होगा।,3,2
Perfect! Please allow me a moment to check the details., उत्तम! कृपया मुझे विवरण की जांच करने के लिए कुछ समय दें।,3,2
2008,2008,0,0
safari storme 2017, सफारी स्टॉर्म 2017,0,0
"I highly appreciate your patience, I'd like to inform you that the payment has been done and the check will reach you in the next 3 days. "," मैं आपके धैर्य की बहुत सराहना करता हूं, मैं आपको सूचित करना चाहता हूं कि भुगतान हो चुका है और चेक अगले 3 दिनों में आप तक पहुंच जाएगा।",3,2
"Thanks for waiting, I'd like to inform you that I wouldn't be able to help you with this. However, I request you to visit our store the associates there will help you in getting your phone repaired, they'll also ask your for certain documents like insurance proof and other. please submit it to them. I hope this is helpful? "," प्रतीक्षा करने के लिए धन्यवाद, मैं आपको सूचित करना चाहता हूं कि मैं इसमें आपकी सहायता नहीं कर पाऊंगा। हालांकि, मैं आपसे अनुरोध करता हूं कि आप हमारे स्टोर पर जाएं, वहां के सहयोगी आपके फोन की मरम्मत में आपकी मदद करेंगे, वे आपसे बीमा प्रमाण और अन्य जैसे कुछ दस्तावेज भी मांगेंगे। कृपया इसे उन्हें जमा करें। मुझे आशा है कि यह मददगार है?",3,1
Alright Rio. Could you please share the make and the model of the car?, ठीक है रियो। क्या आप कृपया कार का मेक और मॉडल साझा कर सकते हैं?,3,0
thank you foryopur support, थैंक यू फॉर्योपुर सपोर्ट,3,2
2017,2017,0,0
HI GOOD MORNING, हाय सुप्रभात,3,0
HMM.., हम्म..,0,0
nothing.thank you very much., कुछ नहीं।बहुत-बहुत धन्यवाद।,3,0
sorry my claim number is IOB425, क्षमा करें मेरा दावा संख्या IOB425 है,3,0
My pleasure! Is there anything else I could assist you with?, मेरा सौभाग्य! क्या कुछ और है जिसमें मैं आपकी सहायता कर सकता हूं?,3,2
Sure! Could you please let me know your name and phone number?, ज़रूर! क्या आप कृपया मुझे अपना नाम और फोन नंबर बता सकते हैं?,3,0
That's great! Please could you check and confirm me all the details?, एक दम बढ़िया! क्या आप मुझे सभी विवरणों की जांच और पुष्टि कर सकते हैं?,3,2
Great! I'd be glad to help you with that. May I know your name and the last 4 digits of the SSN please?, महान! मुझे इसमें आपकी मदद करने में खुशी होगी। क्या मैं आपका नाम और SSN के अंतिम 4 अंक जान सकता हूँ?,3,2
5263,5263,0,0
hi, नमस्ते,2,0
Surely! I'd be glad to help you with that. May I know your full name and the last 4 digits of your SSN number?, निश्चित रूप से! मुझे इसमें आपकी मदद करने में खुशी होगी। क्या मैं आपका पूरा नाम और आपके SSN नंबर के अंतिम 4 अंक जान सकता हूँ?,2,0
Awesome! Had a great time assisting you. Have a great day. Bye.,बहुत बढ़िया! आपकी सहायता करने में बहुत अच्छा समय लगा। आपका दिन अच्छा रहे। अलविदा।,3,2
"Hello there!  I'll help you with that, may I know your name and the last 4 digits of SSN?"," नमस्ते! मैं इसमें आपकी मदद करूंगा, क्या मैं आपका नाम और एसएसएन के अंतिम 4 अंक जान सकता हूं?",3,0
ok, ठीक है,2,0
I'm sorry?, मुझे माफ़ करें?,3,0
"ALL FINE, NO THANKS"," सब ठीक है, नहीं धन्यवाद",3,1
I apologize if you'll be not able to give the SSN I'll be not able to help you in processing this request., यदि आप एसएसएन नहीं दे पाएंगे तो मैं क्षमा चाहता हूं मैं इस अनुरोध को संसाधित करने में आपकी सहायता नहीं कर पाऊंगा।,3,1
"Hey there! Sure thing, please may I know your name?"," सुनो! ज़रूर, क्या मैं आपका नाम जान सकता हूँ?",3,0
ok thanks, ठीक है धन्यवाद,3,0
Could you help me with the make and model of the car?, क्या आप कार के मेक और मॉडल में मेरी मदद कर सकते हैं?,3,0
thank you, धन्यवाद,2,2
no thanks," जी नहीं, धन्यवाद",3,1
Would there be anything else I may assist you with?, क्या कुछ और होगा जिसमें मैं आपकी सहायता कर सकूं?,2,0
jakson, जैक्सन,0,0
"Thank you for sharing the required information, please allow me a moment while I go ahead and do the needful. "," आवश्यक जानकारी साझा करने के लिए धन्यवाद, कृपया मुझे आगे बढ़ने और आवश्यक कार्य करने के लिए एक क्षण का समय दें।",3,2
"Alright. I had a great time assisting you. Have a good day. Bye.
", ठीक है। मुझे आपकी सहायता करने में बहुत अच्छा लगा। आपका दिन शुभ हो। अलविदा।,3,2
"i need a proof insurance of my car
", मुझे अपनी कार का प्रूफ इंश्योरेंस चाहिए,2,0
"Harmony Cantrell
", सद्भाव कैंट्रेल,0,0
Ya sure, हाँ यकीनन,2,0
"Thank you for providing all the information. The proof of insurance of your car will be mailed at your registered address. You should receive them in 2-4 business days.
", सारी जानकारी प्रदान करने के लिए धन्यवाद। आपकी कार के बीमा का प्रमाण आपके पंजीकृत पते पर भेज दिया जाएगा। आपको उन्हें 2-4 कार्यदिवसों में प्राप्त कर लेना चाहिए।,3,0
hai, हाय,2,0
"Bridger Berry
", ब्रिजर बेरी,0,0
9952639654,9952639654,0,0
Okay sure, पक्का निश्चित,2,0
no thanks," जी नहीं, धन्यवाद",3,1
PRAVEENA, प्रवीणा,0,0
i need a insurance for my one car, मुझे अपनी एक कार के लिए बीमा चाहिए,2,0
"Awesome! Thank you so much for your cooperation, have a great day! "," बहुत बढ़िया! आपके सहयोग के लिए बहुत-बहुत धन्यवाद, आपका दिन मंगलमय हो!",3,2
Great! Could you please allow me a minute to process your request?, महान! क्या आप कृपया मुझे आपके अनुरोध को संसाधित करने के लिए एक मिनट का समय दे सकते हैं?,3,2
My iphone screen was cracked i want to replace it., मेरे iPhone की स्क्रीन खराब हो गई थी मैं इसे बदलना चाहता हूं।,1,1
Sure! Of course. I'll certainly help you in this concern. I'll require your details to pull up your profile. May I know your full name please?, ज़रूर! बेशक। मैं निश्चित रूप से इस मामले में आपकी मदद करूंगा। मुझे आपकी प्रोफ़ाइल खींचने के लिए आपके विवरण की आवश्यकता होगी। क्या मैं आपका पूरा नाम जान सकता हूँ?,3,0
TATA WINGER, टाटा विंगर,0,0
You mean ford is the brand?, आपका मतलब फोर्ड ब्रांड है?,0,0
Please allow me a moment to check in the details., कृपया मुझे विवरण देखने के लिए कुछ समय दें।,2,0
9875,9875,0,0
Have a great day, आपका दिन अच्छा रहे,2,2
"Hi Spencer, My iPhone got crashed could you able to fix it"," हाय स्पेंसर, मेरा आईफोन क्रैश हो गया क्या आप इसे ठीक कर सकते हैं?",3,0
"of course, help me","बेशक, मेरी मदद करो",3,0
Hello, नमस्ते,2,0
i was applied my New SSN, मुझे अपना नया एसएसएन लागू किया गया था,2,0
"Sure! I'll be glad to help you in this regard, may I please know your full name?"," ज़रूर! मुझे इस संबंध में आपकी मदद करने में खुशी होगी, क्या मैं आपका पूरा नाम जान सकता हूं?",3,0
"Oh no! That's so upsetting, I'll definitely help you out in this regard. I'll require your information to pull up your profile. May I know your full name please?"," धत्तेरे की! यह बहुत परेशान करने वाला है, मैं निश्चित रूप से इस संबंध में आपकी मदद करूंगा। आपकी प्रोफ़ाइल को ऊपर खींचने के लिए मुझे आपकी जानकारी की आवश्यकता होगी। क्या मैं आपका पूरा नाम जान सकता हूँ?",3,1
audi car, ऑडी कार,0,0
Super sir., सुपर सर।,0,2
OK SURE, यकीनन ठीक,2,2
Claim number is CVB845, दावा संख्या CVB845 . है,1,0
HI, नमस्ते,2,0
"Thank you for the information. However, I hope you understand a policy number has three letters in the beginning followed by numbers. Please provide me the correct policy number."," जानकारी के लिए धन्यवाद। हालाँकि, मुझे आशा है कि आप समझते हैं कि एक पॉलिसी नंबर में शुरुआत में तीन अक्षर होते हैं और उसके बाद संख्याएँ होती हैं। कृपया मुझे सही पॉलिसी नंबर प्रदान करें।",3,0
THANK YOU, धन्यवाद,3,2
"Hello, good morning! How may I help you today?", हैलो सुप्रभात! आज मैं आपकी कैसे मदद कर सकता हूँ?,3,0
8976,8976,0,0
Sorry to hear that! I'll definitely help with that. Could you please help me with your full name?, ऐसा सुनने के लिए क्षमा करें! मैं इसमें जरूर मदद करूंगा। क्या आप कृपया अपने पूरे नाम के साथ मेरी मदद कर सकते हैं?,3,0
568 777 9865, 568 777 9865,0,0
I'm sorry but we are not selling phones. You have to visit a mobile store for that!," मुझे खेद है, लेकिन हम फोन नहीं बेच रहे हैं। उसके लिए आपको एक मोबाइल स्टोर पर जाना होगा!",2,0
sure, ज़रूर,2,0
my email address is praveen12@gmail.com, मेरा ईमेल पता है praveen12@gmail.com,1,0
I appreciate your patience! I have made a request to mail the copy of insurance at your registered address. You'll receive it within 2-3 business days. I hope this will be helpful., मैं आपके धैर्य की सराहना करता हूँ! मैंने आपके पंजीकृत पते पर बीमा की प्रति डाक से भेजने का अनुरोध किया है। आप इसे 2-3 व्यावसायिक दिनों के भीतर प्राप्त कर लेंगे. मुझे उम्मीद है कि ये मददगार होगा।,3,2
my phone is damaged, मेरा फोन खराब हो गया है,1,1
2016,2016,0,0
manufacture year 2014, निर्माण वर्ष 2014,0,0
Thank you for connecting with us. Good day!, हमसे जुड़ने के लिए धन्यवाद। अच्छा दिन!,3,2
ok, ठीक है,2,0
"I apologize, could you please let me know the query?"," मुझे खेद है, क्या आप कृपया मुझे प्रश्न बता सकते हैं?",3,0
Thanks, धन्यवाद,3,2
You're welcome! Would there  be anything else that I may help you with?, आपका स्वागत है! क्या कुछ और होगा जिससे मैं आपकी मदद कर सकूं?,2,2
Perfect! Please feel free to reach out to us for further queries. Have a nice day. Bye., उत्तम! कृपया आगे के प्रश्नों के लिए हमसे बेझिझक संपर्क करें। आपका दिन शुभ हो। अलविदा।,3,2
HI, नमस्ते,2,0
"I highly appreciate your patience, I'd like to inform you that I've found your documents which I will mail to your address and they'll reach you in the next 2 business days. "," मैं आपके धैर्य की अत्यधिक सराहना करता हूं, मैं आपको सूचित करना चाहता हूं कि मुझे आपके दस्तावेज़ मिल गए हैं जिन्हें मैं आपके पते पर डाक से भेजूंगा और वे अगले 2 व्यावसायिक दिनों में आप तक पहुंच जाएंगे।",3,2
Hey there! How may I help you today?, सुनो! आज मैं आपकी कैसे मदद कर सकता हूँ?,3,0
Hey there! How may I help you today?, सुनो! आज मैं आपकी कैसे मदद कर सकता हूँ?,3,0
I appreciate your patience! I have made a request to mail the copy of insurance at your registered address. You'll receive it within 2-3 business days. I hope this will be helpful., मैं आपके धैर्य की सराहना करता हूँ! मैंने आपके पंजीकृत पते पर बीमा की प्रति डाक से भेजने का अनुरोध किया है। आप इसे 2-3 व्यावसायिक दिनों के भीतर प्राप्त कर लेंगे. मुझे उम्मीद है कि ये मददगार होगा।,3,2
"Alright! Have a great day, goodbye."," ठीक है! आपका दिन शुभ हो, अलविदा।",3,2
Rochelle Christie, रोशेल क्रिस्टी,0,0
I requesting my car proof of insurance can you arrange ?, मैं अपनी कार बीमा के प्रमाण का अनुरोध कर रहा हूँ क्या आप व्यवस्था कर सकते हैं?,3,0
Ok thank you, ठीक है धन्यवाद,3,2
Hello, नमस्ते,2,0
hai, हाय,2,0
Would you like me to apply for replacement?,क्या आप चाहते हैं कि मैं प्रतिस्थापन के लिए आवेदन करूं?,3,0
Sure! Thank you so much. Let me check if I got this right. Policy number ARW573578456 and claim number TPJ489. Correct?, ज़रूर! बहुत-बहुत धन्यवाद। मुझे जाँचने दो कि क्या मुझे यह अधिकार है। पॉलिसी नंबर ARW573578456 और दावा संख्या TPJ489। सही?,3,0
no thanks," जी नहीं, धन्यवाद",3,1
Definitely! I'd be glad to help you with that. Could you please help me with your full name?, निश्चित रूप से! मुझे इसमें आपकी मदद करने में खुशी होगी। क्या आप कृपया अपने पूरे नाम के साथ मेरी मदद कर सकते हैं?,3,2
abigail, अबीगैल,0,0
Thanks, धन्यवाद,3,2
richard joe, रिचर्ड जो,0,0
need a proof of insurance for one of your cars, आपकी कारों में से किसी एक के लिए बीमा के प्रमाण की आवश्यकता है,1,0
"Thank you for being patient, I'd like to inform you that we've mailed the copy of documents to your address which will be delivered to you at the earliest."," धैर्य रखने के लिए धन्यवाद, मैं आपको सूचित करना चाहता हूं कि हमने दस्तावेजों की प्रति आपके पते पर भेज दी है जो आपको जल्द से जल्द पहुंचा दी जाएगी।",3,2
no thanks," जी नहीं, धन्यवाद",3,1
hi, नमस्ते,2,0
josejr@gmail.com, josejr@gmail.com,0,0
SANTHU, संथू,0,0
"Perfect! Thank you for the information, Could you please allow me a minute or two, while I get this done for you?"," उत्तम! जानकारी के लिए धन्यवाद, क्या आप मुझे एक या दो मिनट का समय दे सकते हैं, जबकि मैं आपके लिए यह कर रहा हूं?",3,2
JIK908765432, JIK908765432,0,0
Awesome! Kindly give me a minute to proceed further., बहुत बढ़िया! कृपया मुझे आगे बढ़ने के लिए एक मिनट दें।,3,2
VIJI, विजी,0,0
ssn:5845, एसएसएन:5845,0,0
887-562-6689, 887-562-6689,0,0
OK, ठीक है,2,0
*correct, *सही,0,0
HI, नमस्ते,2,0
MAKE TOYATO MODEL DYNA, टोयोटा मॉडल डायना बनाएं,0,0
gI, सैनिक,0,0
ok thank you, ठीक है धन्यवाद,3,0
"Absolutely! I'll be happy to help you in this, may I please know your name?"," बिल्कुल! इसमें आपकी मदद करने में मुझे खुशी होगी, क्या मैं आपका नाम जान सकता हूं?",3,2
2013,2013,0,0
hi, नमस्ते,2,0
"Fantastic! Please allow me a minute or two, while I quickly do the needful."," ज़बरदस्त! कृपया मुझे एक या दो मिनट का समय दें, जबकि मैं जल्दी से आवश्यक कार्य करता हूं।",3,2
I'm glad to assist you today! :) Thank you for connecting to us. Have a great day ahead! We are always here to help you out in any regards., मुझे आज आपकी सहायता करने में खुशी हो रही है! :) हमसे जुड़ने के लिए धन्यवाद। आगे एक महान दिन हो! हम हमेशा किसी भी मामले में आपकी मदद करने के लिए यहां हैं।,3,2
"Thank you for reaching out to us, hope that was helpful. Have a nice day!"," हमसे संपर्क करने के लिए धन्यवाद, आशा है कि यह मददगार था। आपका दिन शुभ हो!",3,2
"Thank you Johnny, may I know the make and model of the car/ "," धन्यवाद जॉनी, क्या मैं कार का मेक और मॉडल जान सकता/सकती हूं/",3,0
i am prakash  i have lost my ssn no, मैं प्रकाश हूं मैंने अपना एसएसएन नंबर खो दिया है,1,1
yes it was thanks, हाँ यह धन्यवाद था,3,0
"i need fixing the phone screen.because broken.
", मुझे फोन की स्क्रीन ठीक करने की जरूरत है। क्योंकि टूटा हुआ है।,2,1
Hello there! How may I help you today?, नमस्ते! आज मैं आपकी कैसे मदद कर सकता हूँ?,3,0
My pleasure! Will there be anything else I could help you with?,मेरा सौभाग्य! क्या कुछ और होगा जिसमें मैं आपकी मदद कर सकूं?,3,2
"Hey Shukurpasha, Could you please share your phone number and email address?"," हे शुकुरपाशा, क्या आप कृपया अपना फोन नंबर और ईमेल पता साझा कर सकते हैं?",3,0
My phone is under warranty., मेरा फोन वारंटी में है।,1,0
"Westfield
", वेस्टफील्ड,0,0
CLAIM NUMBER - LRX603, दावा संख्या - LRX603,0,0
arun, अरुण,0,0
Policy Number : GOV156542552 & Claim Number : USZ433, पॉलिसी नंबर: GOV156542552 और दावा संख्या: USZ433,0,0
Wonderful! Thank you for reaching out to us. Have a nice day. Bye., अद्भुत! हमसे संपर्क की पहल के लिए आपका धन्यवाद। आपका दिन शुभ हो। अलविदा।,3,2
"Thank you for staying connected with patience. Good news, as I can see here that the payment as already initiated and the amount will be credited to your account within 3 business days. However, if you don't received the amount, kindly get back to us immediately. "," धैर्य से जुड़े रहने के लिए धन्यवाद। खुशखबरी, जैसा कि मैं यहां देख सकता हूं कि भुगतान पहले ही शुरू हो चुका है और राशि 3 व्यावसायिक दिनों के भीतर आपके खाते में जमा कर दी जाएगी। हालांकि, अगर आपको राशि प्राप्त नहीं हुई है, तो कृपया तुरंत हमसे संपर्क करें।",3,0
Hello there! How may I help you today?, नमस्ते! आज मैं आपकी कैसे मदद कर सकता हूँ?,3,0
my iphone screen just cracked please help me to fix the screen,मेरे iPhone की स्क्रीन अभी टूट गई है कृपया स्क्रीन को ठीक करने में मेरी मदद करें,3,1
Sure., ज़रूर।,2,0
SOURAV GANGULY, सौरव गांगुली,0,0
hai, हाय,2,0
"ok, sure.", यकीनन ठीक।,2,0
Are we still conneceted?, क्या हम अभी भी जुड़े हुए हैं?,0,0
"Thank you so much for your information, please allow me a moment while I go ahead and do the needful."," आपकी जानकारी के लिए बहुत-बहुत धन्यवाद, कृपया मुझे एक क्षण का समय दें, जब तक कि मैं आगे बढ़ूं और आवश्यक कार्य करूं।",3,2
Yes my SSN number is 4565, हां मेरा एसएसएन नंबर 4565 है,2,0
"Thank you Mr.Robin. To proceed further with your query, I'll require few details of the car like make and the model. Could you please share them?"," धन्यवाद मिस्टर रॉबिन। आपकी क्वेरी के साथ आगे बढ़ने के लिए, मुझे कार के मेक और मॉडल जैसे कुछ विवरणों की आवश्यकता होगी। क्या आप कृपया उन्हें साझा कर सकते हैं?",3,0
my claim no is mjh 236, मेरा दावा संख्या एमजेएच 236 है,1,0
OK, ठीक है,2,0
hi good morning, हाय सुप्रभात,3,2
HONDA CR-V AND 2001, होंडा सीआर-वी और 2001,0,0
"Perfect! Thank you for the information, Please allow me a moment, I'll be back with the details."," उत्तम! जानकारी के लिए धन्यवाद, कृपया मुझे एक क्षण दें, मैं विवरण के साथ वापस आऊंगा।",3,2
"Thank you! I'd also need the last 4 digits of the SSN.
", आपको धन्यवाद! मुझे एसएसएन के अंतिम 4 अंक भी चाहिए।,3,0
"Sure, Gaven! Please could you help me with your contact number?"," ज़रूर, दिया! कृपया आप अपने संपर्क नंबर के साथ मेरी मदद कर सकते हैं?",3,0
yeah sure, हां यकीनन,2,0
MY POLICY NUMBER IS VAK741025863, मेरा पॉलिसी नंबर VAK741025863 . है,1,0
"Sure! I'll be happy to help you in this aspect, may I please know your full name?"," ज़रूर! मुझे इस पहलू में आपकी मदद करने में खुशी होगी, क्या मैं आपका पूरा नाम जान सकता हूँ?",3,0
NO THANKS," जी नहीं, धन्यवाद",3,1
GTY852694562, जीटीवाई852694562,0,0
I've changed that for you. Is there anything else I may help you with for today?, मैंने इसे आपके लिए बदल दिया है। क्या कुछ और है जो मैं आज के लिए आपकी मदद कर सकता हूँ?,3,0
Thank you for staying connected. I've initiated a request for a replacement. You'll be receiving it within three days. I request you to send the current broken device in the return envelope, जुड़े रहने के लिए धन्यवाद। मैंने एक प्रतिस्थापन के लिए एक अनुरोध शुरू किया है। आपको यह तीन दिनों के भीतर प्राप्त हो जाएगा। मैं आपसे अनुरोध करता हूं कि वर्तमान टूटे हुए उपकरण को रिटर्न लिफाफे में भेजें,3,1
Ok sir., जी महोदय।,0,0
"Thank you for sharing the required information, please stay connected while I go ahead and do the needful.","आवश्यक जानकारी साझा करने के लिए धन्यवाद, जब तक मैं आगे बढ़ता हूं और आवश्यक कार्य करता हूं, कृपया जुड़े रहें।",3,2
ANAND 5835, आनंद 5835,0,0
Great! I'd be glad to help you with that. May I know your name please?, महान! मुझे इसमें आपकी मदद करने में खुशी होगी। क्या मैं आपका नाम जान सकता हूँ?,3,2
Hey there! How may I assist you today?,सुनो! आज मैं आपकी मदद किस तरह कर सकता हूँ?,3,0
my mobile screen has been broken i want to fix that, मेरे मोबाइल की स्क्रीन खराब हो गई है मैं उसे ठीक करना चाहता हूं,2,1
I hope we are still connected., मुझे आशा है कि हम अभी भी जुड़े हुए हैं।,2,2
I want to fix my iphone screen, मैं अपने iPhone स्क्रीन को ठीक करना चाहता हूं,2,0
Okay noted and thanks for your information, ठीक है नोट किया गया और आपकी जानकारी के लिए धन्यवाद,3,2
audi a5, ऑडी ए5,0,0
8186630001,8186630001,0,0
Bose could you let me know the make and the model of your car?, बोस क्या आप मुझे अपनी कार के मेक और मॉडल के बारे में बता सकते हैं?,3,0
I need a proof of insurance for my car, मुझे अपनी कार के लिए बीमा का प्रमाण चाहिए,2,0
ok, ठीक है,2,0
Thanks Miley! Could you please share the last 4 digit of SSN?, धन्यवाद माइली! क्या आप कृपया SSN के अंतिम 4 अंक साझा कर सकते हैं?,3,0
i ask for fixing the phone screen, मैं फोन स्क्रीन ठीक करने के लिए कहता हूँ,1,0
I highly appreciate your patience. Thank you so much for connecting to us. I'm glad that I could resolve this for you. Have an amazing day ahead! We are always here contact us at anytime we will help you out! :), मैं आपके धैर्य की अत्यधिक सराहना करता हूं। हमसे जुड़ने के लिए आपका बहुत-बहुत धन्यवाद। मुझे खुशी है कि मैं इसे आपके लिए हल कर सका। आगे एक अद्भुत दिन हो! हम हमेशा यहां हैं किसी भी समय हमसे संपर्क करें हम आपकी मदद करेंगे! :),3,2
"Thanks for connecting to us, hope you have a wonderful day ahead! "," हमसे जुड़ने के लिए धन्यवाद, आशा है कि आपका आने वाला दिन शानदार हो!",3,2
OK THANK YOU, ठीक है धन्यवाद,3,2
I'm good!, मैं ठीक हूँ!,2,2
NOTHING ELSE, और कुछ नहीं,2,0
i need insurance proof my car, मुझे बीमा प्रमाण चाहिए मेरी कार,2,0
I need insurance proof of my car, मुझे अपनी कार का बीमा प्रमाण चाहिए,2,0
hi, नमस्ते,2,0
OK, ठीक है,2,0
hi, नमस्ते,2,0
Hello there! How may I assist you today?, नमस्ते! आज मैं आपकी मदद किस तरह कर सकता हूँ?,3,0
anu 7565, अनु 7565,0,0
I hope we are still connected?, मुझे आशा है कि हम अभी भी जुड़े हुए हैं?,2,0
My name is John Abraham, मेरा नाम जॉन अब्राहम है,2,0
HI, नमस्ते,2,0
no, नहीं,1,1
eliza.beth@gmail.com, eliza.beth@gmail.com,0,0
Thank you for the information. Please allow me a moment while I get the best solution for you., जानकारी के लिए धन्यवाद। कृपया मुझे एक क्षण दें जब तक कि मुझे आपके लिए सबसे अच्छा समाधान मिल जाए।,3,2
My pleasure! I'll do my best to get you a replacement. Please may I know your name?, मेरा सौभाग्य! मैं आपको एक प्रतिस्थापन दिलाने की पूरी कोशिश करूंगा। कृपया क्या मैं आपका नाम जान सकता हूँ?,3,2
I'll surely help you with that. May I know your name and the last 4 digits of the SSN please?, मैं इसमें आपकी जरूर मदद करूंगा। क्या मैं आपका नाम और SSN के अंतिम 4 अंक जान सकता हूँ?,2,0
no thank you, नहीं धन्यवाद,3,1
Hello Good morning Taylor, हैलो गुड मॉर्निंग टेलर,3,0
Thank you for reaching out to us! Have a great day!, हमसे संपर्क की पहल के लिए आपका धन्यवाद! आपका दिन अच्छा रहे!,3,2
sedan, पालकी,0,0
I'm glad I could help. Is there anything else that I might help you with?, मैं खुश हूं कि मैं मदद कर सका। क्या कुछ और है जिसमें मैं आपकी मदद कर सकता हूं?,3,2
Sure! Please share the make and model of the car?,ज़रूर! कृपया कार का मेक और मॉडल साझा करें?,2,0
"You're most welcome, Is there anything else I may assist you with?"," आपका बहुत-बहुत स्वागत है, क्या कुछ और है जिसमें मैं आपकी सहायता कर सकता हूँ?",3,2
sorry sam, सॉरी सैमी,2,0
i need the status of my claim, मुझे अपने दावे की स्थिति चाहिए,3,0
hi, नमस्ते,2,0
"Thank you! May I also Know the policy number.
", आपको धन्यवाद! क्या मैं पॉलिसी नंबर भी जान सकता हूं।,3,0
have a great day ahead.," यही चाहता हूं, दिन अच्छा बीते।",2,2
hai, हाय,2,0
Hello! How may I help you today?, नमस्ते! आज मैं आपकी कैसे मदद कर सकता हूँ?,3,0
yes, हां,2,0
Awesome! Please give me a moment to initiate the process., बहुत बढ़िया! कृपया मुझे प्रक्रिया शुरू करने के लिए एक क्षण दें।,3,2
5528,5528,0,0
Hi., नमस्ते।,3,0
No thanks enough for me, नहीं मेरे लिए काफी धन्यवाद,3,1
hey Karthi! How may I help you today?, हे कार्थी! आज मैं आपकी कैसे मदद कर सकता हूँ?,3,0
"Great! Thank you for reaching out to, hope that was helpful. Have a wonderful day!"," महान! तक पहुँचने के लिए धन्यवाद, आशा है कि यह मददगार था। शानदार दिन हो!",3,2
Oh! I'm so sorry to hear that! Not a problem! I'll help you out. Do you have the insurance for your phone?, ओह! मुझे यह सुनकर खेद हुआ! एक समस्या नहीं है! मैं आपकी मदद करूंगा। क्या आपके पास अपने फोन का बीमा है?,3,1
"Alas! That's so upsetting, I'll certainly help you in checking your claim status. Before that I would require your details. May I know your full name please?"," काश! यह बहुत परेशान करने वाली बात है, मैं निश्चित रूप से आपके दावे की स्थिति की जांच करने में आपकी मदद करूंगा। इससे पहले मुझे आपके विवरण की आवश्यकता होगी। क्या मैं आपका पूरा नाम जान सकता हूँ?",3,1
Hello there! How may I assist you today?, नमस्ते! आज मैं आपकी मदद किस तरह कर सकता हूँ?,3,0
Hello! How may I help you today?, नमस्ते! आज मैं आपकी कैसे मदद कर सकता हूँ?,3,0
"Hi, Good Morning. I need a insurance copy of my car. ", हाय सुप्रभात। मुझे अपनी कार की बीमा प्रति चाहिए।,3,0
hi, नमस्ते,2,0
Hello! Good morning! I hope you are having a great day! What can I do for you today?, नमस्ते! सुबह बख़ैर! मुझे आशा है कि आपका समय बहुत अच्छा बीत रहा है! मैं आज आपके लिये क्या कर सकता हूँ?,3,2
You're always welcome! Have a great day ahead. Hope to serve you soon again., आपका हमेशा स्वागत है! आगे एक महान दिन हो। आशा है कि आप जल्द ही फिर से सेवा करेंगे।,3,2
I NEED A STATUS FOR MY CLAIM, मुझे अपने दावे के लिए एक स्थिति चाहिए,3,0
"Thank you, Rahul! Please could you help me with your SSN?"," धन्यवाद, राहुल! कृपया आप अपने एसएसएन के साथ मेरी मदद कर सकते हैं?",3,0
My name is Jeny, मेरा नाम जेनी है,2,0
"Thank you! May I also Know the policy number.
", आपको धन्यवाद! क्या मैं पॉलिसी नंबर भी जान सकता हूं।,3,0
SAS012, एसएएस012,0,0
You're welcome! Would there be anything more that I may help you with?, आपका स्वागत है! क्या कुछ और होगा जिससे मैं आपकी मदद कर सकूं?,2,2
YOU ARE WELCOME, आपका स्वागत है,2,2
"Hey Jenifer, Would you please share your insurance policy number?","हे जेनिफर, क्या आप कृपया अपना बीमा पॉलिसी नंबर साझा करेंगे?",3,0
PLC837992746, पीएलसी837992746,0,0
"I appreciate your patience in staying connected. Here's a Good news to inform you that , I've checked with my team and prepared  the required documents, and that file will be soon mailed to your address. ","मैं जुड़े रहने में आपके धैर्य की सराहना करता हूं। आपको यह सूचित करने के लिए एक अच्छी खबर है कि, मैंने अपनी टीम के साथ जांच की है और आवश्यक दस्तावेज तैयार किए हैं, और वह फाइल जल्द ही आपके पते पर भेज दी जाएगी।",3,2
Fantastic! Thanks a ton for being so patient and cooperating with us. I'm glad that I could resole your query. We are always here to help you out. I hope you have an amazing day ahead!, ज़बरदस्त! इतने धैर्यवान होने और हमारे साथ सहयोग करने के लिए बहुत-बहुत धन्यवाद। मुझे खुशी है कि मैं आपके प्रश्न का समाधान कर सका। हम आपकी मदद के लिए हमेशा यहां हैं। मुझे आशा है कि आपके पास आगे एक अद्भुत दिन होगा!,3,2
I'm sorry! I didn't get your last response. Would you please elaborate more about the query?, मुझे माफ़ करें! मुझे आपका अंतिम उत्तर नहीं मिला। क्या आप कृपया क्वेरी के बारे में विस्तार से बताएंगे?,3,1
Could you please help me with the last 4 digits of your SSN?,क्या आप कृपया अपने एसएसएन के अंतिम 4 अंकों के साथ मेरी मदद कर सकते हैं?,3,0
audi a1, ऑडी ए1,0,2
HI, नमस्ते,2,0
Hey there!  How may I help you today?, सुनो! आज मैं आपकी कैसे मदद कर सकता हूँ?,3,0
Thank you for reaching out to us! Good day!, हमसे संपर्क की पहल के लिए आपका धन्यवाद! अच्छा दिन!,3,2
"Thank you Lucia, could you please let me know the make and model of the car?"," धन्यवाद लूसिया, क्या आप कृपया मुझे कार के मेक और मॉडल के बारे में बता सकती हैं?",3,0
my iphone screen has cracked, मेरे iPhone की स्क्रीन टूट गई है,0,1
"Hi there! How may I assist you today?
", नमस्ते! आज मैं आपकी मदद किस तरह कर सकता हूँ?,3,0
"Thank you for bringing this up to us, I'm glad I could resolve this for you. Have an awesome day ahead!"," इसे हमारे पास लाने के लिए धन्यवाद, मुझे खुशी है कि मैं इसे आपके लिए हल कर सका। आगे का दिन शानदार हो!",3,2
Have a great day, आपका दिन अच्छा रहे,2,2
ok thanks, ठीक है धन्यवाद,3,0
Cool! Could you share the car details please? I will need the make and model of the car?, ठंडा! क्या आप कृपया कार का विवरण साझा कर सकते हैं? मुझे कार के मेक और मॉडल की आवश्यकता होगी?,3,0
If I'm not wrong you mean that you want to know the status of one of your claim. Am I right?, अगर मैं गलत नहीं हूं तो आपका मतलब है कि आप अपने किसी दावे की स्थिति जानना चाहते हैं। क्या मैं सही हूँ?,2,1
Sure thing! Could you please help me out with your full name/, अवश्य! क्या आप कृपया अपने पूरे नाम के साथ मेरी मदद कर सकते हैं/,3,0
Perfect! Thank you for reaching out to us. Have a great day. Bye., उत्तम! हमसे संपर्क की पहल के लिए आपका धन्यवाद। आपका दिन अच्छा रहे। अलविदा।,3,2
Thanks for your patience. The payment has already been initiated. You'll be receiving the check within the next three days. Would you need anything else?, आपके धैर्य के लिए धन्यवाद। भुगतान शुरू किया जा चुका है। आपको अगले तीन दिनों के भीतर चेक मिल जाएगा। क्या आपको कुछ और चाहिए होगा?,3,2
Nothing else. Thank you for the effort., और कुछ नहीं। प्रयास के लिए धन्यवाद।,3,2
please take your own time, कृपया अपना समय लें,3,0
Hi, नमस्ते,2,0
"Awesome! Thank you so much for your cooperation, have a great day! "," बहुत बढ़िया! आपके सहयोग के लिए बहुत-बहुत धन्यवाद, आपका दिन मंगलमय हो!",3,2
"David Goggins
", डेविड गोगिंस,0,0
hi, नमस्ते,2,0
HONDA, होंडा,0,0
bye bye, अलविदा,2,0
Maruti Suzuki 2013, मारुति सुजुकी 2013,0,0
okay, ठीक है,2,0
i have help for you, मेरे पास आपके लिए मदद है,1,0
sure, ज़रूर,2,0
Ok nothing else, ठीक है और कुछ नहीं,2,1
my clain number is AAA111, मेरा क्लेन नंबर AAA111 है,1,0
"No worries at all, email address noted as abchkjhk@uh.com. ","कोई चिंता की बात नहीं है, ईमेल पता abchkjhk@uh.com के रूप में नोट किया गया है।",2,0
Could you please help me with the make and model of the car?, क्या आप कृपया कार के मेक और मॉडल के बारे में मेरी मदद कर सकते हैं?,3,0
GOOD MORNING! SIR, शुभ प्रभात! महोदय,3,2
MY NAME IS JOSEPH, मेरा नाम जोसफ है,2,0
May I confirm your information to be correct?, क्या मैं आपकी जानकारी के सही होने की पुष्टि कर सकता हूँ?,3,0
"You're welcome, thank you for reaching out to us. Have a great day ahead!"," आपका स्वागत है, हमसे संपर्क करने के लिए धन्यवाद। आगे एक महान दिन हो!",3,2
Ok, ठीक,0,0
Could you please give a moment? I'll check with that., क्या आप कृपया एक क्षण दे सकते हैं? मैं इसके साथ जांच करूंगा।,3,0
Hello! Good morning! I hope you are having a great day! How may I help you today?, नमस्ते! सुबह बख़ैर! मुझे आशा है कि आपका समय बहुत अच्छा बीत रहा है! आज मैं आपकी कैसे मदद कर सकता हूँ?,3,2
honda city, होंडा सिटी,0,0
model:maruti swift, मॉडल: मारुति स्विफ्ट,0,0
lok978805441, लोक97880541,2,0
"Awesome! Thanks for choosing us, hope you have a wonderful day ahead! "," बहुत बढ़िया! हमें चुनने के लिए धन्यवाद, आशा है कि आपका आने वाला दिन शानदार हो!",3,2
You're welcome! I hope that was helpful? would there be anything else I may help you with?, आपका स्वागत है! मुझे आशा है कि यह मददगार था? क्या कुछ और होगा जिसमें मैं आपकी मदद कर सकूं?,3,2
NO ELSE SIR, कोई और नहीं सर,1,0
make it replacement, इसे बदलें,0,0
Pleasure is mine. I hope that all your queries are cleared?, मेरा सौभाग्य है। मुझे आशा है कि आपके सभी प्रश्नों का समाधान हो गया होगा?,3,2
"Hey there! I'm sorry, i'm unable to get your query. Please could you help me with that."," सुनो! मुझे खेद है, मैं आपकी क्वेरी प्राप्त करने में असमर्थ हूँ। कृपया आप इसमें मेरी मदद कर सकते हैं।",3,1
"Hello again, Frena! Please could you share the policy numeber?"," हैलो फिर से, फ्रेना! क्या आप पॉलिसी नंबर साझा कर सकते हैं?",3,0
YES, हां,2,2
My pleasure! Anything else I may help you in?, मेरा सौभाग्य! कुछ और मैं आपकी मदद कर सकता हूँ?,3,2
Yes. You are useful. Thank you for your help., हाँ। आप उपयोगी हैं। आपके सहयोग के लिए धन्यवाद।,3,2
pls fix my screen, कृपया मेरी स्क्रीन ठीक करें,0,1
DIVYA458@GMAIL.COM, दिव्या 458@GMAIL.COM,0,0
Sure! I'll surely help you out in getting your car insurance proof. I'll require your details to proceed further. May I know your full name please?,ज़रूर! मैं आपकी कार बीमा प्रमाण प्राप्त करने में निश्चित रूप से आपकी सहायता करूंगा। आगे बढ़ने के लिए मुझे आपके विवरण की आवश्यकता होगी। क्या मैं आपका पूरा नाम जान सकता हूँ?,3,0
sounds good Jesse, अच्छा लगता है जेसी,0,2
You're welcome! Would there be anything else I may assist you with?, आपका स्वागत है! क्या कुछ और होगा जिसमें मैं आपकी सहायता कर सकूं?,3,2
"Sure, I'd be glad to help you. May I know your name and the last 4 digits of the SSN please?"," ज़रूर, मुझे आपकी मदद करने में खुशी होगी। क्या मैं आपका नाम और SSN के अंतिम 4 अंक जान सकता हूँ?",3,0
Thanks Anusiya! May I please know the last 4 digit of SSN?, धन्यवाद अनुसिया! क्या मैं कृपया SSN का अंतिम 4 अंक जान सकता हूँ?,3,2
I need a copy of insurance of my car, मुझे अपनी कार के बीमा की एक प्रति चाहिए,2,0
"Cortez Beasley
", कॉर्टेज़ ब्यासली,0,0
Great! Thanks for the information. Kindly allow me a moment while I check this for you., महान! सूचना के लिए धन्यवाद। कृपया मुझे एक क्षण दें जब तक मैं आपके लिए यह जांचता हूं।,3,2
"Definitely! You'll receive the payment. However, if you don't receive please feel free to reach us. would that be okay?"," निश्चित रूप से! आपको भुगतान मिल जाएगा। हालाँकि, यदि आप प्राप्त नहीं करते हैं, तो कृपया हम तक पहुँचने में संकोच न करें। क्या यह ठीक रहेगा?",3,2
GREAT NEWS.. THANKS, अच्छी खबर.. धन्यवाद,3,2
"Thank you for being patient, I'd like to inform you that the replacement takes place in 1-3 business days, please ensure to send the broken device through an envelope."," धैर्य रखने के लिए धन्यवाद, मैं आपको सूचित करना चाहता हूं कि प्रतिस्थापन 1-3 व्यावसायिक दिनों में होता है, कृपया एक लिफाफे के माध्यम से टूटे हुए उपकरण को भेजना सुनिश्चित करें।",3,0
ok, ठीक है,2,0
I highly appreciate your patience in sharing the information. I've processed your query and the documents will be filed and will be mailed to your address at the earliest., मैं जानकारी साझा करने में आपके धैर्य की अत्यधिक सराहना करता हूं। मैंने आपकी क्वेरी को संसाधित कर लिया है और दस्तावेज़ दायर किए जाएंगे और जल्द से जल्द आपके पते पर भेज दिए जाएंगे।,3,2
ok, ठीक है,2,0
Hello there! How may I help you today?, नमस्ते! आज मैं आपकी कैसे मदद कर सकता हूँ?,3,0
PHONE, फ़ोन,0,0
kumar@gmail.com, kumar@gmail.com,0,0
I'd be glad to help you with that. May I know your name please?, मुझे इसमें आपकी मदद करने में खुशी होगी। क्या मैं आपका नाम जान सकता हूँ?,3,0
2012,2012,0,0
I'll initiate the process and make sure I'll send it in a day or in 36 hours. Will that be fine?, मैं प्रक्रिया शुरू करूँगा और सुनिश्चित करूँगा कि मैं इसे एक दिन में या 36 घंटों में भेज दूँ। क्या यह ठीक रहेगा?,3,0
"Thank you, Rahul! Please could you share your SSN for me to help you further.","धन्यवाद, राहुल! क्या आप आगे आपकी मदद करने के लिए अपना एसएसएन मेरे साथ साझा कर सकते हैं।",3,0
"anbu raj

", अंबु राजो,0,0
KIL235, KIL235,0,0
Hey there. A very good morning., सुनो। एक बहुत अच्छी सुबह।,3,2
my claim status, मेरे दावे की स्थिति,1,0
mmmm ok, एमएमएमएम ठीक है,2,0
help me, मेरी मदद करो,1,0
4580,4580,0,0
9514200001,9514200001,0,0
Perfect! Thank you so much for the information. please allow me a moment while I check this for you.,उत्तम! जानकारी के लिए बहुत - बहुत धन्यवाद। कृपया मुझे एक क्षण दें जब तक मैं आपके लिए यह जांचता हूं।,3,2
Hi, नमस्ते,2,0
Hello, नमस्ते,2,0
I need a proof of my car insurance policy., मुझे अपनी कार बीमा पॉलिसी का प्रमाण चाहिए।,2,0
Toyota, टोयोटा,0,0
That one is the Aston Martin Vanquish, वह एक एस्टन मार्टिन वैंक्विशो है,0,0
Okay, ठीक,2,2
"I'll help you with that, could you please let me know your name and the last 4 digits of SSN?"," मैं इसमें आपकी मदद करूंगा, क्या आप कृपया मुझे अपना नाम और एसएसएन के अंतिम 4 अंक बता सकते हैं?",3,0
"Amazing!! I'm glad to assist you today, Thank you so much for being so patient and cooperating with us. Have a great day ahead! We are always here to help you out."," अद्भुत!! मुझे आज आपकी सहायता करने में खुशी हो रही है, इतना धैर्य रखने और हमारे साथ सहयोग करने के लिए आपका बहुत-बहुत धन्यवाद। आगे एक महान दिन हो! हम आपकी मदद के लिए हमेशा यहां हैं।",3,2
Hey there!  How may I help you today?, सुनो! आज मैं आपकी कैसे मदद कर सकता हूँ?,3,0
My pleasure! Will there be anything else I may help you with?, मेरा सौभाग्य! क्या कुछ और होगा जिसमें मैं आपकी मदद कर सकूं?,3,2
my car made was 2017, मेरी कार बनी 2017,1,0
6482,6482,0,0
ok, ठीक है,2,0
kia rio, किआ रियो,0,0
" ok sir/mam, i will send my mobile with return envelope
"," ओके सर/मैम, मैं अपना मोबाइल रिटर्न लिफाफे के साथ भेजूंगा",2,0
Hello there! How may I help you today?, नमस्ते! आज मैं आपकी कैसे मदद कर सकता हूँ?,3,0
"Barrett Richards
", बैरेट रिचर्ड्स,0,0
I hope we're connected?, मुझे आशा है कि हम जुड़े हुए हैं?,2,0
my phone is broken, मेरा फ़ोन टूटा हुआ है,2,1
"Ok, thankyou", ठीक है धन्यवाद,0,0
Okay! Please could you confirm all the details that you've shared?, ठीक! क्या आप अपने द्वारा साझा किए गए सभी विवरणों की पुष्टि कर सकते हैं?,2,0
ok, ठीक है,2,0
Awesome! Would you please help me with your contact number and email address?, बहुत बढ़िया! क्या आप कृपया अपने संपर्क नंबर और ईमेल पते के साथ मेरी मदद करेंगे?,3,2
Sure thing! I'd be glad to help you with that. Could you please help me with your full name?, अवश्य! मुझे इसमें आपकी मदद करने में खुशी होगी। क्या आप कृपया अपने पूरे नाम के साथ मेरी मदद कर सकते हैं?,3,0
"Thank you for being patient, I've checked the details the check has been already sent it will be reaching you  at registered address within 3 days. Is there anything I may help you in?
","धैर्य रखने के लिए धन्यवाद, मैंने विवरण की जांच की है कि चेक पहले ही भेजा जा चुका है, यह 3 दिनों के भीतर आपके पंजीकृत पते पर पहुंच जाएगा। क्या कोई ऐसी चीज है जिसमें मैं आपकी मदद कर सकता हूं?",3,2
Sad to hear that! I'll definitely help you with that. Could you please help me with your first and last name?, यह सुनकर दुख हुआ! मैं इसमें आपकी जरूर मदद करूंगा। क्या आप कृपया अपने पहले और अंतिम नाम के साथ मेरी मदद कर सकते हैं?,3,1
ronji232@mail.com, ronji232@mail.com,0,0
maruthi car 700 cc 2001, मारुति कार 700 सीसी 2001,2,0
Great! Could you please allow me a moment to initiate the process?, महान! क्या आप कृपया मुझे प्रक्रिया शुरू करने के लिए एक क्षण की अनुमति दे सकते हैं?,3,2
Hello, नमस्ते,2,0
"Thank you, Ram. Could you please share the policy number?"," धन्यवाद, राम। क्या आप कृपया पॉलिसी नंबर साझा कर सकते हैं?",3,0
sure, ज़रूर,2,0
ok, ठीक है,2,0
You're always welcome! Have a great day ahead!,आपका हमेशा स्वागत है! आगे एक महान दिन हो!,3,2
Perfect! May I please have a moment to process the request made by you.,उत्तम! कृपया मुझे आपके द्वारा किए गए अनुरोध को संसाधित करने के लिए कुछ समय दें।,3,2
i need a copy of insurance FOR my car, मुझे अपनी कार के लिए बीमा की एक प्रति चाहिए,2,0
"Perfect! I've done the needful. A replacement phone is on its way however please return the broken phone in the envelope provided
.", उत्तम! मैंने जरूरी काम किया है। एक प्रतिस्थापन फोन आ रहा है लेकिन कृपया दिए गए लिफाफे में टूटे हुए फोन को वापस कर दें।,3,2
"Absolutely! I'll be glad to help you know that, may I please know your name?"," बिल्कुल! मुझे यह जानने में आपकी सहायता करने में खुशी होगी, क्या मैं आपका नाम जान सकता हूँ?",3,0
OK THANK U BYEE, ओके थैंक यू अलविदा,3,2
Good Morning. I wants to know about my claim., शुभ प्रभात। मैं अपने दावे के बारे में जानना चाहता हूं।,3,0
NOTHING ELSE, और कुछ नहीं,2,0
Sure, ज़रूर,2,0
PHY787875263, PHY787875263,0,0
Good Morning., शुभ प्रभात।,3,0
"I'm glad that it was helpful, is there anything else I could help you with?"," मुझे खुशी है कि यह मददगार था, क्या कुछ और है जिसमें मैं आपकी मदद कर सकता हूं?",3,2
I'm glad I could help. Have a nice day., मैं खुश हूं कि मैं मदद कर सका। आपका दिन शुभ हो।,3,2
Yes. What you have is correct., हाँ। आपके पास जो है वह सही है।,2,0
"Awesome, thank you for all your help Sam"," बहुत बढ़िया, आपकी सभी मदद सैम के लिए धन्यवाद",3,2
Hey there! How may I help you today?, सुनो! आज मैं आपकी कैसे मदद कर सकता हूँ?,3,0
I'd be requiring more details from you Ramesh to find your documents. Could you help me out with the make and the model of your car?, मुझे आपके दस्तावेज़ खोजने के लिए रमेश से अधिक जानकारी की आवश्यकता होगी। क्या आप अपनी कार के मेक और मॉडल के बारे में मेरी मदद कर सकते हैं?,3,0
"Sure, thank you. Could you also share the email address?"," पक्का, आपका धन्यवाद। क्या आप ईमेल पता भी साझा कर सकते हैं?",3,0
YES, हां,2,2
2013,2013,0,0
Great! Thank you so much! Please stay connected., महान! बहुत-बहुत धन्यवाद! कृपया जुड़े रहें।,3,2
"Awesome, Could you please help me with the last four digits of your SSN?"," बहुत बढ़िया, क्या आप कृपया अपने SSN के अंतिम चार अंकों के साथ मेरी मदद कर सकते हैं?",3,0
Okay! Would you also share your claim number?,ठीक! क्या आप अपना क्लेम नंबर भी साझा करेंगे?,3,0
Are we connected?, क्या हम जुड़े हुए हैं?,0,0
"Hi, Good Morning. ", हाय सुप्रभात।,3,0
BYE, अलविदा,2,0
yeah fine, हां ठीक है,2,2
thank you so much.., आपका बहुत-बहुत धन्यवाद..,3,2
hi, नमस्ते,2,0
HI SIR, नमस्कार श्री मान जी,3,0
hi, नमस्ते,2,0
Thank you very much Sam., बहुत बहुत धन्यवाद सैम।,3,2
okay.Thank you., ठीक है धन्यवाद।,3,0
Alright James! Could you please help me with the last 4 digits of your SSN?, ठीक है जेम्स! क्या आप कृपया अपने एसएसएन के अंतिम 4 अंकों के साथ मेरी मदद कर सकते हैं?,3,0
Hi., नमस्ते।,3,0
You're welcome! Would there be anything else that I may help you with?, आपका स्वागत है! क्या कुछ और होगा जिससे मैं आपकी मदद कर सकूं?,2,2
Yes! of course I'll help you in getting your car insurance proof. I'll require your details to proceed further. May I know your name please?, हाँ! निश्चित रूप से मैं आपकी कार बीमा प्रमाण प्राप्त करने में आपकी सहायता करूंगा। आगे बढ़ने के लिए मुझे आपके विवरण की आवश्यकता होगी। क्या मैं आपका नाम जान सकता हूँ?,3,2
Could you please help me with the make and the model of the car?, क्या आप कृपया कार के मेक और मॉडल के बारे में मेरी मदद कर सकते हैं?,3,0
i am naveni, मैं नवनी हूँ,1,0
raymundo_riyas94@gmail.com, raymundo_riyas94@gmail.com,2,0
555-89-8765, 555-89-8765,0,0
"I highly appreciate your patience, I'd like to inform you that the payment has been sent and it'll reach you in the next 3 business days. "," मैं आपके धैर्य की बहुत सराहना करता हूं, मैं आपको सूचित करना चाहता हूं कि भुगतान भेज दिया गया है और यह अगले 3 व्यावसायिक दिनों में आप तक पहुंच जाएगा।",3,2
ROBYDUDE234@HOTMAIL.COM, ROBYDUDE234@HOTMAIL.COM,0,0
4879,4879,0,0
hi, नमस्ते,2,0
"I'd also request you to please be conversational and do not share all the information at once. we can understand that you are familiar with the questions. however, try and be conversational and active."," मैं आपसे यह भी अनुरोध करता हूं कि कृपया बातचीत करें और एक ही बार में सारी जानकारी साझा न करें। हम समझ सकते हैं कि आप प्रश्नों से परिचित हैं। हालाँकि, कोशिश करें और संवादी और सक्रिय रहें।",3,1
"Thank you! I'd also need the last 4 digits of the SSN.
", आपको धन्यवाद! मुझे एसएसएन के अंतिम 4 अंक भी चाहिए।,3,0
"Awesome! Thanks for connecting to us, hope you have a wonderful day ahead! "," बहुत बढ़िया! हमसे जुड़ने के लिए धन्यवाद, आशा है कि आपका आने वाला दिन शानदार हो!",3,2
That's great! Please stay connected while I get this done for you.," एक दम बढ़िया! जब तक मैं आपके लिए यह काम करवाता हूं, कृपया जुड़े रहें।",3,2
Hey there! How may I help you today?, सुनो! आज मैं आपकी कैसे मदद कर सकता हूँ?,3,0
i need a status of my claim, मुझे अपने दावे की स्थिति चाहिए,3,0
could you please share your complete phone number please?, क्या आप कृपया अपना पूरा फोन नंबर साझा कर सकते हैं?,3,0
"Awesome! Thank you so much for your cooperation, have a nice day! "," बहुत बढ़िया! आपके सहयोग के लिए बहुत-बहुत धन्यवाद, आपका दिन शुभ हो!",3,2
Hi, नमस्ते,2,0
"Thank you for sharing the information, please allow me a moment while I check with the department."," जानकारी साझा करने के लिए धन्यवाद, कृपया मुझे विभाग के साथ जांच करने के लिए कुछ समय दें।",3,0
"Hurray! Good news! I can see here that Your payment has been initiated, the amount will be credited to your account within 3 business days. However, in case you don't receive the amount kindly let us know that immediately. ","हुर्रे! खुशखबरी! मैं यहां देख सकता हूं कि आपका भुगतान शुरू कर दिया गया है, राशि 3 व्यावसायिक दिनों के भीतर आपके खाते में जमा कर दी जाएगी। हालांकि, अगर आपको राशि प्राप्त नहीं होती है तो कृपया हमें तुरंत बताएं।",3,2
"sorry, its actually my Toyota Carolla"," क्षमा करें, यह वास्तव में मेरी टोयोटा कैरोल है",3,0
You're welcome. Is there anything else I may assist you with?, आपका स्वागत है। क्या कुछ और है जिसमें मैं आपकी सहायता कर सकता हूं?,2,2
Superb! Please give me a moment to process the request., शानदार! कृपया मुझे अनुरोध संसाधित करने के लिए एक क्षण दें।,3,2
"Thank you for staying connected, I've checked the details the check has been already sent it will be reaching you  at registered address within 3 days. Is there anything I may help you in?"," जुड़े रहने के लिए धन्यवाद, मैंने विवरण की जांच की है कि चेक पहले ही भेजा जा चुका है, यह 3 दिनों के भीतर आपके पंजीकृत पते पर पहुंच जाएगा। क्या कोई ऐसी चीज है जिसमें मैं आपकी मदद कर सकता हूं?",3,2
Could you also help me out with your email address?, क्या आप अपने ईमेल पते में भी मेरी मदद कर सकते हैं?,3,0
My number is 9015969622 and email address is starsthelimit@outlook.com, मेरा नंबर 9015969622 है और ईमेल पता है starthelimit@outlook.com,1,0
jacob, याकूब,0,0
Hey there! Good morning. How may I assist you?, सुनो! सुबह बख़ैर। मैं आपकी कैसे सहायता कर सकता हूँ?,3,0
Perfect! Please feel free to reach out to us for further queries. Have a nice day. Bye., उत्तम! कृपया आगे के प्रश्नों के लिए हमसे बेझिझक संपर्क करें। आपका दिन शुभ हो। अलविदा।,3,2
"Sure! I'll be glad be help you in this, may I please know your name and the last 4 digit of SSN?"," ज़रूर! मुझे इसमें आपकी मदद करने में खुशी होगी, क्या मैं आपका नाम और एसएसएन का अंतिम 4 अंक जान सकता हूं?",3,0
Kindly note that the replaced phone shall reach you within few days. You will have to send the damaged phone in a return envelope at our mailing address. Thanks for connecting with us. Good day!, कृपया ध्यान दें कि बदला हुआ फोन कुछ ही दिनों में आप तक पहुंच जाएगा। आपको क्षतिग्रस्त फोन को हमारे डाक पते पर एक वापसी लिफाफे में भेजना होगा। हमसे जुड़ने के लिए धन्यवाद। अच्छा दिन!,3,0
ok, ठीक है,2,0
joilu.holi@holi.com, joilu.holi@holi.com,0,0
"i need a proof of insurance for my car
", मुझे अपनी कार के लिए बीमा का प्रमाण चाहिए,2,0
LET YOU REPLACE MY PHONE SCREEN,आप मेरे फोन की स्क्रीन बदल दें,1,0
Great! Please allow me a moment to process the request., महान! कृपया मुझे अनुरोध को संसाधित करने के लिए एक क्षण दें।,3,2
Hey there! Good morning. How may I assist you?, सुनो! सुबह बख़ैर। मैं आपकी कैसे सहायता कर सकता हूँ?,3,0
Okay., ठीक।,2,0
fgt 258963147 jki 258, एफजीटी 258963147 जेकी 258,0,0
Hey there!  How may I help you today?, सुनो! आज मैं आपकी कैसे मदद कर सकता हूँ?,3,0
Alright Faye! Could you please provide the make and the model of the car?, ठीक है फेय! क्या आप कृपया कार का मेक और मॉडल प्रदान कर सकते हैं?,3,0
5578,5578,0,0
Policy Number : SWZ073164379 & Claim Number : HPO123, पॉलिसी संख्या: SWZ073164379 और दावा संख्या: HPO123,0,0
Thanks, धन्यवाद,3,2
STILL WE CONNECTED ?, अभी भी हम जुड़े हुए हैं?,0,0
hai spencer, है स्पेंसर,2,0
Great! Please could you check and confirm the details?, महान! क्या आप विवरण की जांच और पुष्टि कर सकते हैं?,3,2
I'll provide you with the copy of insurance. May I know your name?, मैं आपको बीमा की प्रति प्रदान करूंगा। मैं आपका नाम जान सकता हुँ?,3,0
Robert Porter, रॉबर्ट पोर्टर,0,0
"Awesome! Good to hear from you, thank you for reaching out to us. Have a great day ahead!"," बहुत बढ़िया! आपसे सुनकर अच्छा लगा, हमसे संपर्क करने के लिए धन्यवाद। आगे एक महान दिन हो!",3,2
Alright Melany!  May I please know the last 4 digit of your SSN?, ठीक है मेलानी! क्या मुझे आपके SSN का अंतिम 4 अंक पता चल सकता है?,3,0
hi, नमस्ते,2,0
Absolutely! I'll help you get that. Could you please help me with your first and last name and also the last 4 digits of your SSN number?, बिल्कुल! मैं इसे पाने में आपकी मदद करूंगा। क्या आप कृपया अपने पहले और अंतिम नाम के साथ-साथ अपने एसएसएन नंबर के अंतिम 4 अंकों के साथ मेरी मदद कर सकते हैं?,3,0
"I am waiting,"," मैं इंतज़ार कर रहा हूं,",1,0
Perfect! Thank you so much for the information. please allow me a moment while I check this for you.,उत्तम! जानकारी के लिए बहुत - बहुत धन्यवाद। कृपया मुझे एक क्षण दें जब तक मैं आपके लिए यह जांचता हूं।,3,2
afs 458, एएफएस 458,0,0
HONDA FIT, होंडा फिट,0,0
"Estrella Huerta
", एस्ट्रेला ह्यूर्टा,0,0
"Good morning, I'm trying to get my iphone screen fixed"," सुप्रभात, मैं अपने iPhone स्क्रीन को ठीक करने की कोशिश कर रहा हूँ",3,0
Hey there! Good morning. How may I help you?, सुनो! सुबह बख़ैर। क्या मेरे द्वारा आपकी कोई सहायता हो सकती है?,3,0
Lovely! Could you also help me with your policy and claim number?, प्यारा! क्या आप मुझे अपनी पॉलिसी और दावा संख्या में भी मदद कर सकते हैं?,3,2
panti, पैन्टी,0,0
thank you so much, आपका बहुत-बहुत धन्यवाद,3,2
I need insurance proof for my car., मुझे अपनी कार के लिए बीमा प्रमाण चाहिए।,2,0
2314,2314,0,0
Hey there! Good morning. How may I help you?, सुनो! सुबह बख़ैर। क्या मेरे द्वारा आपकी कोई सहायता हो सकती है?,3,0
hai, हाय,2,0
nothanks," जी नहीं, धन्यवाद",2,0
"Hi, Good Morning. This is Langworth Patsy. My iPhone screen was just cracked.", हाय सुप्रभात। यह लैंगवर्थ पात्सी है। मेरे iPhone की स्क्रीन अभी टूट गई थी।,3,1
Have a great day, आपका दिन अच्छा रहे,2,2
okay, ठीक है,2,0
"I NEED A PROOF OF INSURANCE FOR MY CAR
",मुझे अपनी CAR . के लिए बीमा का प्रमाण चाहिए,2,0
ok, ठीक है,2,0
All right! Could you please give me a moment till I verify this with my team?," ठीक है! जब तक मैं अपनी टीम के साथ इसकी पुष्टि नहीं कर लेता, क्या आप मुझे कुछ समय दे सकते हैं?",3,0
Okay.. Thank you, ठीक है धन्यवाद,3,2
It is Jim Smith, यह जिम स्मिथ है,0,0
bye bye, अलविदा,2,0
Are we connected?, क्या हम जुड़े हुए हैं?,0,0
"Nothing else, Thank you for your information. Have a nice day to chat with you."," और कुछ नहीं, आपकी जानकारी के लिए धन्यवाद। आपके साथ चैट करने के लिए एक अच्छा दिन है।",3,0
HELLO, नमस्ते,2,0
William Huggins, विलियम हगिन्स,0,0
hai, हाय,2,0
"Surely, I'll be glad to help. Please may I know your name?"," निश्चित रूप से, मुझे मदद करने में खुशी होगी। कृपया क्या मैं आपका नाम जान सकता हूँ?",3,0
Sure thing! May I know your name and the last 4 digits of your SSN?, अवश्य! क्या मैं आपका नाम और आपके SSN के अंतिम 4 अंक जान सकता हूँ?,2,0
chevy cruze, चेवी क्रूज,0,0
May I know the policy number as well?, क्या मैं पॉलिसी नंबर भी जान सकता हूं?,2,0
amutha@gmail.com, अमुथा@gmail.com,0,0
With pleasure! Have a amazing day!, क्यों नहीं! आपका दिन अद्भुत हो!,3,2
I wants to know about proof of insurance for my car., मैं अपनी कार के बीमा के प्रमाण के बारे में जानना चाहता हूं।,2,0
vinoth@gmail.com  chennai  666  002, vinoth@gmail.com चेन्नई 666 002,1,0
Sorry it was made on 2016, क्षमा करें यह 2016 को बनाया गया था,2,0
"Sure, please may I first know your name?"," ज़रूर, क्या मैं पहले आपका नाम जान सकता हूँ?",3,0
Karthick Subramani, कार्तिक सुब्रमणि,2,0
Hello! Good morning! How may I assist you today?, नमस्ते! सुबह बख़ैर! आज मैं आपकी मदद किस तरह कर सकता हूँ?,3,0
"Sure, we are here to help you. May I know your full name please?"," ज़रूर, हम आपकी मदद करने के लिए यहाँ हैं। क्या मैं आपका पूरा नाम जान सकता हूँ?",3,0
TOYOTA INNOVA, टोयोटा इनोवा,1,0
"1-541-754-3010, djdfk@gmail.com"," 1-541-754-3010, djdfk@gmail.com",0,0
HI, नमस्ते,2,0
ok, ठीक है,2,0
hai, हाय,2,0
ok, ठीक है,2,0
hi good morning, हाय सुप्रभात,3,2
HI, नमस्ते,2,0
Hello there! How may I help you today?, नमस्ते! आज मैं आपकी कैसे मदद कर सकता हूँ?,3,0
no thanks bye, नहीं धन्यवाद अलविदा,3,1
hi, नमस्ते,2,0
"I'll help you with that, could you please let me know your name and the last 4 digits of SSN?"," मैं इसमें आपकी मदद करूंगा, क्या आप कृपया मुझे अपना नाम और एसएसएन के अंतिम 4 अंक बता सकते हैं?",3,0
"Perfect! Thank you for sharing the information, Could you please allow me a minute or two, I'll get back to you with the solution?"," उत्तम! जानकारी साझा करने के लिए धन्यवाद, क्या आप कृपया मुझे एक या दो मिनट का समय दे सकते हैं, मैं समाधान के साथ आपके पास वापस आऊंगा?",3,2
"Thank you for providing all the information. The proof of insurance of your car will be mailed at your registered address. You should receive them in 2-4 business days.
", सारी जानकारी प्रदान करने के लिए धन्यवाद। आपकी कार के बीमा का प्रमाण आपके पंजीकृत पते पर भेज दिया जाएगा। आपको उन्हें 2-4 कार्यदिवसों में प्राप्त कर लेना चाहिए।,3,0
OK, ठीक है,2,0
Sad to hear that! I'd be glad to help you with that. May I know your full name?, यह सुनकर दुख हुआ! मुझे इसमें आपकी मदद करने में खुशी होगी। क्या मैं आपका पूरा नाम जान सकता हूँ?,3,1
i need a proof of insurance for one of  car, मुझे किसी एक कार के लिए बीमा का प्रमाण चाहिए,1,0
hai there ?, हे वहां ?,2,0
could you please help me with your policy number?, क्या आप कृपया मुझे अपने पॉलिसी नंबर के साथ मदद कर सकते हैं?,3,0
"My pleasure! Thank you for reaching out to us, have a great day ahead!"," मेरा सौभाग्य! हमसे संपर्क करने के लिए धन्यवाद, आपका दिन शुभ हो!",3,2
MY PHONE SCREEN IS BROKEN, मेरे फोन की स्क्रीन टूट गई है,2,1
"Awesome!! Thanks for waiting! As I can check here, your payment has been initiated and you'll probably receive your check within 3 business days or may be soon then that. I hope their is no urgency? if it is, I'll request for a speed postal service."," बहुत बढ़िया!! प्रतीक्षा करने के लिए धन्यवाद! जैसा कि मैं यहां देख सकता हूं, आपका भुगतान शुरू कर दिया गया है और आपको संभवत: 3 कार्यदिवसों के भीतर अपना चेक प्राप्त हो जाएगा या हो सकता है कि वह जल्द ही हो। मुझे आशा है कि उनकी कोई तात्कालिकता नहीं है? अगर ऐसा है, तो मैं स्पीड पोस्टल सेवा के लिए अनुरोध करूंगा।",3,1
ok, ठीक है,2,0
I want fix my screen, मुझे अपनी स्क्रीन ठीक करनी है,2,0
Perfect! May I also know your phone number and the email address linked with the account?, उत्तम! क्या मैं आपका फोन नंबर और खाते से जुड़ा ईमेल पता भी जान सकता हूं?,3,0
Alright! Would you please share the last four digits of your SSN?, ठीक है! क्या आप कृपया अपने SSN के अंतिम चार अंक साझा करेंगे?,3,0
my last 4 digit SSN is 1212,मेरा अंतिम 4 अंकों का SSN 1212 . है,1,0
Thank you very much, आपका बहुत बहुत धन्यवाद,3,2
ok bye, चलो बाय,2,0
Thanks for staying connected. The payment has already been initiated. You'll be receiving the check within the next three days. Would you need anything else?, जुड़े रहने के लिए धन्यवाद। भुगतान शुरू किया जा चुका है। आपको अगले तीन दिनों के भीतर चेक मिल जाएगा। क्या आपको कुछ और चाहिए होगा?,3,2
2017,2017,0,0
Lovely! May I also know your policy and claim number?, प्यारा! क्या मैं आपकी पॉलिसी और दावा संख्या भी जान सकता हूं?,3,2
"Sorry to hear that! I'll surely help you with that, Could you please help me with your full name?"," ऐसा सुनने के लिए क्षमा करें! मैं निश्चित रूप से इसमें आपकी मदद करूंगा, क्या आप कृपया अपने पूरे नाम के साथ मेरी मदद कर सकते हैं?",3,0
Hello! I'll assist you with that. May I know your name and the last 4 digits of your SSN?, नमस्ते! मैं इसमें आपकी मदद करूंगा। क्या मैं आपका नाम और आपके SSN के अंतिम 4 अंक जान सकता हूँ?,3,0
pavithra lakshmi, पवित्रा लक्ष्मी,0,0
Great! Please allow me a moment to check with the team in this regard, महान! कृपया मुझे इस संबंध में टीम के साथ जांच करने के लिए कुछ समय दें,3,2
"Perfect! Thank you for sharing the information. Could you please allow me a minute or two, while I do the needful?"," उत्तम! जानकारी साझा करने के लिए धन्यवाद। क्या आप कृपया मुझे एक या दो मिनट का समय दे सकते हैं, जबकि मैं ज़रूरतमंद काम करता हूँ?",3,2
Good news! All details have been verified. My team will send the required details to your mail id within 24 working hours., खुशखबरी! सभी विवरण सत्यापित किए गए हैं। मेरी टीम 24 कार्य घंटों के भीतर आवश्यक विवरण आपकी मेल आईडी पर भेज देगी।,3,2
no thanks," जी नहीं, धन्यवाद",3,1
Hai, हाई,2,0
Thank you very much, आपका बहुत बहुत धन्यवाद,3,2
"I really appreciate for staying connected, the payment was already sent and the check will arrive in 2-3 business days. "," मैं वास्तव में जुड़े रहने के लिए सराहना करता हूं, भुगतान पहले ही भेजा जा चुका है और चेक 2-3 व्यावसायिक दिनों में आ जाएगा।",3,2
EAJ794, ईएजे794,0,0
Thank you Smith. To proceed further documentation I'll require few details about the car. Would you mind sharing them?, धन्यवाद स्मिथ। आगे के दस्तावेज़ीकरण के लिए मुझे कार के बारे में कुछ विवरणों की आवश्यकता होगी। क्या आप उन्हें साझा करना चाहेंगे?,3,0
hi, नमस्ते,2,0
"Thank you. May I know your phone number?
", शुक्रिया। क्या मैं आपका फ़ोन नंबर जान सकता हूँ?,3,0
Fantastic! Thanks a ton for being patient and cooperating with me. It was my pleasure assisting you. I hope you've a great day ahead. We are always here to help you out. Goodbye., ज़बरदस्त! धैर्य रखने और मेरे साथ सहयोग करने के लिए बहुत-बहुत धन्यवाद। आपकी सहायता करना मेरी खुशी थी। मुझे आशा है कि आपके लिए आगे एक अच्छा दिन है। हम आपकी मदद के लिए हमेशा यहां हैं। अलविदा।,3,2
Thank you, आपको धन्यवाद,3,2
hi, नमस्ते,2,0
Okay. Thank you so much for sharing the details. Please stay connected for a minute., ठीक। विवरण साझा करने के लिए आपका बहुत-बहुत धन्यवाद। कृपया एक मिनट के लिए जुड़े रहें।,3,2
It's atl662., यह atl662 है।,0,0
Sure thing! I'd be glad to help you with that. Could you please help me with your full name?, अवश्य! मुझे इसमें आपकी मदद करने में खुशी होगी। क्या आप कृपया अपने पूरे नाम के साथ मेरी मदद कर सकते हैं?,3,0
"oh so sorry, i forgot my ssn number "," ओह सॉरी, मैं अपना एसएसएन नंबर भूल गया",3,0
"Thank you for being patient, I'd like to inform you that the payment has already been sent and the check should be delivered to you in 3 days. Is there anything else I may assist you with? ","धैर्य रखने के लिए धन्यवाद, मैं आपको सूचित करना चाहता हूं कि भुगतान पहले ही भेजा जा चुका है और चेक आपको 3 दिनों में वितरित किया जाना चाहिए। क्या कुछ और है जिसमें मैं आपकी सहायता कर सकता हूं?",3,2
I need a proof of insurance for my car, मुझे अपनी कार के लिए बीमा का प्रमाण चाहिए,2,0
That's amazing! Please could you help me with your claim number?, वह आश्चर्यजनक है! कृपया आप अपनी दावा संख्या के बारे में मेरी मदद कर सकते हैं?,3,2
Kindly note the website- www.insuranceproof.com where you can place your issues and our team will get back to you within few minutes to help you out. You can reach out to us on 678-458-224 available 24x7 at your service.," कृपया वेबसाइट- www.insuranceproof.com पर ध्यान दें, जहां आप अपनी समस्याएं रख सकते हैं और हमारी टीम आपकी सहायता के लिए कुछ ही मिनटों में आपसे संपर्क करेगी। आप अपनी सेवा में 24x7 उपलब्ध 678-458-224 पर हमसे संपर्क कर सकते हैं।",3,2
Yes i am here, हाँ मैं यहाँ हूँ,2,0
Perfect! Could you please share the policy number and claim number?, उत्तम! क्या आप कृपया पॉलिसी नंबर और दावा संख्या साझा कर सकते हैं?,3,0
maruti, मारुति,0,0
Sorry to keep you waiting I'd like to inform you that I'll be able to replace your broken phone with the brand new phone. And I request you to return the broken device in an envelope. We won't be able to provide you the new phone unless we receive the broken phone. would that be okay?," आपको प्रतीक्षा करते रहने के लिए क्षमा करें मैं आपको सूचित करना चाहता हूँ कि मैं आपके टूटे हुए फ़ोन को एकदम नए फ़ोन से बदलने में सक्षम हो जाऊँगा। और मैं आपसे अनुरोध करता हूं कि टूटे हुए उपकरण को एक लिफाफे में वापस कर दें। जब तक हम टूटा हुआ फ़ोन प्राप्त नहीं कर लेते, हम आपको नया फ़ोन प्रदान नहीं कर पाएंगे। क्या यह ठीक रहेगा?",3,1
Sure!, ज़रूर!,2,0
3570,3570,0,0
Superb! That's a great car. Would you mind sharing the year in which the car was manufactured?, शानदार! यह एक बढ़िया कार है। क्या आप उस वर्ष को साझा करना चाहेंगे जिसमें कार का निर्माण किया गया था?,3,2
Thank you for reaching out to us. Have a great day!, हमसे संपर्क की पहल के लिए आपका धन्यवाद। आपका दिन अच्छा रहे!,3,2
Hey Riya! How may I help you today?, अरे रिया! आज मैं आपकी कैसे मदद कर सकता हूँ?,3,0
I need to fix my screen it was broken," मुझे अपनी स्क्रीन ठीक करने की ज़रूरत है, यह टूट गया था",2,1
"I apologize, I'm afraid I didn't understand the response. May I know your query in specific?","मैं क्षमा चाहता हूं, मुझे डर है कि मुझे प्रतिक्रिया समझ में नहीं आई। क्या मैं आपकी क्वेरी को विशिष्ट रूप से जान सकता हूँ?",3,1
ok, ठीक है,2,0
MODEL OF THE CAR IS FABIA, कार का मॉडल FABIA है,0,2
Great! I'll now require the information about the make and model of the car?, महान! अब मुझे कार के मेक और मॉडल के बारे में जानकारी की आवश्यकता होगी?,3,0
"Hello there! A very good morning, how may I help you today?"," नमस्ते! बहुत सुप्रभात, आज मैं आपकी कैसे मदद कर सकता हूँ?",3,2
Alright! Anything else I may assist you in?, ठीक है! कुछ और मैं आपकी सहायता कर सकता हूँ?,2,0
ease help me, आराम से मेरी मदद करो,1,0
"Thank you for reaching out to us, we are always grateful serve customers like you. Have a wonderful day!"," हमसे संपर्क करने के लिए धन्यवाद, हम आप जैसे ग्राहकों की सेवा के लिए हमेशा आभारी हैं। शानदार दिन हो!",3,2
"Oh, sorry. my car model is wrong. ", मुझे माफ करें। मेरी कार का मॉडल गलत है।,3,1
Ok bye, चलो बाय,2,0
Audi, ऑडी,0,0
"Thank you for using our live chat service, and we hope to hear from you again! Goodbye!
"," हमारी लाइव चैट सेवा का उपयोग करने के लिए धन्यवाद, और हम आपसे फिर से सुनने की आशा करते हैं! अलविदा!",3,2
rajmaha@gmail.com, rajmaha@gmail.com,0,0
Hello there! How many I help you today?, नमस्ते! आज मैं आपकी कितनी मदद करता हूँ?,3,0
KAMI321@GMAIL.COM, KAMI321@GMAIL.COM,0,0
OK Thanks, ठीक है धन्यवाद,3,0
yes, हां,2,0
Wilkinson Bonnie, विल्किंसन बोनी,0,0
ok, ठीक है,2,0
Could you please confirm the year in which the car was manufactured as well?, क्या आप कृपया उस वर्ष की पुष्टि कर सकते हैं जिसमें कार का निर्माण भी किया गया था?,3,0
You're welcome! I'll be happy if I could be of any more help for you today, आपका स्वागत है! मुझे खुशी होगी अगर मैं आज आपकी और मदद कर सकूं,3,2
I need to fix my mobile screen it was broken," मुझे अपने मोबाइल की स्क्रीन ठीक करनी है, वह टूट गई है",2,0
no thanks," जी नहीं, धन्यवाद",3,1
"Thank you for being patient, I'd like to inform you that I've found the documents and they'll be sent to your address in the next 2 business days. "," धैर्य रखने के लिए धन्यवाद, मैं आपको सूचित करना चाहता हूं कि मुझे दस्तावेज मिल गए हैं और वे अगले 2 व्यावसायिक दिनों में आपके पते पर भेज दिए जाएंगे।",3,2
"Great! Could you please share the details of the car, like it's make and the model?","महान! क्या आप कृपया कार के बारे में विवरण साझा कर सकते हैं, जैसे कि यह मेक और मॉडल है?",3,0
damaged, क्षतिग्रस्त,0,1
"Thank you for staying connected, Your documents are ready and will be delivered to your address at the earliest."," जुड़े रहने के लिए धन्यवाद, आपके दस्तावेज तैयार हैं और जल्द से जल्द आपके पते पर पहुंचा दिए जाएंगे।",3,2
"I really appreciate your patience. I have an amazing news for you, I've requested for a brand new phone to be sent as a replacement to the broken phone and it'll be delivered to you as soon as possible and meanwhile I request you send the broken phone back to us in a return envelope. Would that be okay?","मैं वास्तव में आपके धैर्य की सराहना करता हूं। मेरे पास आपके लिए एक आश्चर्यजनक खबर है, मैंने अनुरोध किया है कि टूटे हुए फोन के बदले एक नया फोन भेजा जाए और इसे जल्द से जल्द आप तक पहुंचाया जाएगा और इस बीच मैं आपसे अनुरोध करता हूं कि आप टूटे हुए फोन को वापस भेज दें। हमें एक वापसी लिफाफे में। क्या यह ठीक रहेगा?",3,2
It was a pleasure assisting you. Thank you for connecting with us. Good day!, आपकी सहायता करना खुशी की बात थी। हमसे जुड़ने के लिए धन्यवाद। अच्छा दिन!,3,2
Thank you for staying connected. I've initiated a request for a replacement. You'll be receiving it within three days. I request you to send the current broken device in an envelope., जुड़े रहने के लिए धन्यवाद। मैंने एक प्रतिस्थापन के लिए एक अनुरोध शुरू किया है। आपको यह तीन दिनों के भीतर प्राप्त हो जाएगा। मैं आपसे अनुरोध करता हूं कि वर्तमान टूटे हुए उपकरण को एक लिफाफे में भेज दें।,3,0
"Perfect! Thank you for being patient in sharing the information. Please allow  me a moment, while I get back to you with a solution."," उत्तम! जानकारी साझा करने में धैर्य रखने के लिए धन्यवाद। कृपया मुझे एक क्षण की अनुमति दें, जबकि मैं समाधान के साथ आपके पास वापस आऊंगा।",3,2
"I need copy of insurance for my car
", मुझे अपनी कार के लिए बीमा की प्रति चाहिए,2,0
"Awesome! Thank you for the details, as you've already have an insurance. We're glad to provide you the replacement, please give me a minute to proceed further."," बहुत बढ़िया! विवरण के लिए धन्यवाद, क्योंकि आपके पास पहले से ही एक बीमा है। हमें आपको प्रतिस्थापन प्रदान करने में प्रसन्नता हो रही है, कृपया मुझे आगे बढ़ने के लिए एक मिनट दें।",3,2
Hello there!, नमस्ते!,3,0
moj932, moj932,0,0
Hello there! How may I assist you today?, नमस्ते! आज मैं आपकी मदद किस तरह कर सकता हूँ?,3,0
Hello there! Good morning! I hope you're having a great day. How may I help you today?, नमस्ते! सुबह बख़ैर! मुझे आशा है कि आपका दिन अच्छा बीतेगा। आज मैं आपकी कैसे मदद कर सकता हूँ?,3,2
Hey we are connected! I'm available here, अरे हम जुड़े हुए हैं! मैं यहाँ उपलब्ध हूँ,3,0
ajith 5264, अजीत 5264,0,0
"Good news, Mani! The replacement takes place in 1-3 business days, please ensure to send the broken device through an envelope."," अच्छी खबर है, मणि! प्रतिस्थापन 1-3 व्यावसायिक दिनों में होता है, कृपया एक लिफाफे के माध्यम से टूटे हुए उपकरण को भेजना सुनिश्चित करें।",3,2
"Perfect! I appreciate your patience in sharing the information. Allow me a moment, I'll get back to you with the details?"," उत्तम! मैं जानकारी साझा करने में आपके धैर्य की सराहना करता हूं। मुझे एक क्षण की अनुमति दें, मैं विवरण के साथ आपके पास वापस आऊंगा?",3,2
SSN 9374, एसएसएन 9374,0,0
no thanks," जी नहीं, धन्यवाद",3,1
"Thank you for waiting patiently, I've processed your query, the required documents will reach your very soon to your address."," धैर्यपूर्वक प्रतीक्षा करने के लिए धन्यवाद, मैंने आपकी क्वेरी को संसाधित कर लिया है, आवश्यक दस्तावेज बहुत जल्द आपके पते पर पहुंच जाएंगे।",3,2
"Hi, can you please help me with my cracked phone screen?","नमस्ते, क्या आप कृपया मेरी फटी हुई फोन स्क्रीन में मेरी मदद कर सकते हैं?",3,0
"Thank you for being patient in sharing the information. Could you please allow me a minute or two, while I quickly get the documents for you?"," जानकारी साझा करने में धैर्य रखने के लिए धन्यवाद। क्या आप कृपया मुझे एक या दो मिनट का समय दे सकते हैं, जबकि मैं जल्दी से आपके लिए दस्तावेज़ प्राप्त कर लेता हूँ?",3,0
Good news! All details have been verified. My team will send the required details to your mail id within 24 working hours., खुशखबरी! सभी विवरण सत्यापित किए गए हैं। मेरी टीम 24 कार्य घंटों के भीतर आवश्यक विवरण आपकी मेल आईडी पर भेज देगी।,3,2
great thanks, बहुत बहुत शुक्रिया,3,2
"Sure, I'll help you with that. Could you please help me with your name and the last 4 digits of the SSN please?"," ज़रूर, मैं इसमें आपकी मदद करूँगा। क्या आप कृपया मुझे अपने नाम और एसएसएन के अंतिम 4 अंकों के साथ मदद कर सकते हैं?",3,0
Great! Could you please share your registered mobile number with me?, महान! क्या आप कृपया अपना पंजीकृत मोबाइल नंबर मेरे साथ साझा कर सकते हैं?,3,2
meena kumari, मीना कुमारी,0,0
Have a great day, आपका दिन अच्छा रहे,2,2
hjki kioun, hjki kioun,0,0
Name: Batla.H..SSN:5737, नाम: बाटला.एच..एसएसएन:5737,0,0
Thank you for waiting. I've a good news for you. Your request has been processed and you'll be receiving the proof of insurance within 2 days. Is there anything else I might help you with?, प्रतीक्षा के लिए धन्यवाद। मेरे पास आपके लिए एक अच्छी खबर है। आपका अनुरोध संसाधित कर दिया गया है और आपको 2 दिनों के भीतर बीमा का प्रमाण प्राप्त हो जाएगा। क्या कुछ और है जिसमें मैं आपकी मदद कर सकता हूं?,3,2
Thanks! May I please know the last 4 digit of SSN?, धन्यवाद! क्या मैं कृपया SSN का अंतिम 4 अंक जान सकता हूँ?,3,0
"Alright! Have a great day, goodbye."," ठीक है! आपका दिन शुभ हो, अलविदा।",3,2
honda civic 2017, होंडा सिविक 2017,0,0
THANK YOU, धन्यवाद,3,2
Hi, नमस्ते,3,0
no, नहीं,1,1
Hello! Good evening! I'd be delighted to help you today?, नमस्ते! सुसंध्या! मुझे आज आपकी मदद करने में खुशी होगी?,3,0
All right Amer. Please share your mail id with me., ठीक आमेर। कृपया अपनी मेल आईडी मेरे साथ साझा करें।,2,0
yes it is helpful indeed, हाँ यह वास्तव में मददगार है,2,2
my name is prakash, मेरा नाम प्रकाश हे,1,0
"I haven't got your last response, is it damaged or broken?"," मुझे आपका अंतिम उत्तर नहीं मिला, क्या यह क्षतिग्रस्त है या टूटा हुआ है?",2,0
ok good bye, ठीक हे अलविदा,2,0
Cool! Could you share the car details please? I will need the make and model of the car?, ठंडा! क्या आप कृपया कार का विवरण साझा कर सकते हैं? मुझे कार के मेक और मॉडल की आवश्यकता होगी?,3,0
I WANT MY CAR INSURANCE PROOF COPY, मुझे अपनी कार बीमा प्रमाण कॉपी चाहिए,2,1
My name is ravi and last 4 digits of the SSN is 7845, मेरा नाम रवि है और SSN के अंतिम 4 अंक 7845 . है,2,0
"Perfect! I appreciate your effort, please allow me a moment to check the status of your claim."," उत्तम! मैं आपके प्रयास की सराहना करता हूं, कृपया मुझे अपने दावे की स्थिति की जांच करने के लिए कुछ समय दें।",3,2
JAS589, JAS589,0,0
hi, नमस्ते,2,0
Sure! Please stay connected., ज़रूर! कृपया जुड़े रहें।,2,0
yes, हां,2,0
thank you, धन्यवाद,2,2
"Hello Rifa. Could you please elaborate the query so that I can assist you in the best possible way?
",हैलो रीफा। क्या आप कृपया प्रश्न को विस्तृत कर सकते हैं ताकि मैं आपकी सर्वोत्तम संभव तरीके से सहायता कर सकूं?,3,0
Hello! How may I help you today?, नमस्ते! आज मैं आपकी कैसे मदद कर सकता हूँ?,3,0
ok, ठीक है,2,0
hi, नमस्ते,2,0
need a proof of insurance of my cars, मेरी कारों के बीमा का प्रमाण चाहिए,1,0
Amazing! Could you please help me with the claim number also?, अद्भुत! क्या आप कृपया मुझे दावा संख्या के साथ भी मदद कर सकते हैं?,3,2
9854789687,9854789687,0,0
Great! Could you please give me a minute to check with the resources?, महान! क्या आप कृपया मुझे संसाधनों की जांच करने के लिए एक मिनट दे सकते हैं?,3,2
LEYO20@GMAIL.COM, LEYO20@GMAIL.COM,0,0
"Thank you Raj, could you please let me know the make and model of the car?"," धन्यवाद राज, क्या आप कृपया मुझे कार के मेक और मॉडल के बारे में बता सकते हैं?",3,0
i need status of my  claim, मुझे अपने दावे की स्थिति चाहिए,3,0
"Perfect! Thank you for all the details, please give me a minute to proceed further. "," उत्तम! सभी विवरणों के लिए धन्यवाद, कृपया मुझे आगे बढ़ने के लिए एक मिनट दें।",3,2
ok, ठीक है,2,0
My pleasure. Thank you for reaching out to us. Good day!,मेरा सौभाग्य। हमसे संपर्क की पहल के लिए आपका धन्यवाद। अच्छा दिन!,3,2
637-537-370, 637-537-370,0,0
christine.smith@mail.com, christine.smith@mail.com,0,0
My phone screen just got cracked, मेरे फ़ोन की स्क्रीन अभी-अभी टूटी है,1,1
"Hi there, how may I help you today?"," नमस्ते, मैं आज आपकी कैसे मदद कर सकता हूं?",3,0
Take your own time, अपना समय लें,0,0
2017,2017,0,0
replacement?*, प्रतिस्थापन?*,0,0
ok thanks, ठीक है धन्यवाद,3,0
Hello Good Morning, हैलो सुप्रभात,3,0
"I'd like to inform you that, To proceed further documentation I'll require few details about the car like the make and the model of the car, could you please share them?"," मैं आपको सूचित करना चाहता हूं कि, आगे के दस्तावेज़ीकरण को आगे बढ़ाने के लिए मुझे कार के बारे में कुछ विवरणों की आवश्यकता होगी जैसे कार का मेक और मॉडल, क्या आप कृपया उन्हें साझा कर सकते हैं?",3,0
Awesome! May I also know the year of manufacture of the car?, बहुत बढ़िया! क्या मैं कार के निर्माण का वर्ष भी जान सकता हूँ?,3,2
Perfect! Would you please share your phone number and email address?, उत्तम! क्या आप कृपया अपना फ़ोन नंबर और ईमेल पता साझा करेंगे?,3,2
I appreciate your patience! I have made a request to mail the copy of insurance at your registered address. You'll receive it within 2-3 business days. I hope this will be helpful., मैं आपके धैर्य की सराहना करता हूँ! मैंने आपके पंजीकृत पते पर बीमा की प्रति डाक से भेजने का अनुरोध किया है। आप इसे 2-3 व्यावसायिक दिनों के भीतर प्राप्त कर लेंगे. मुझे उम्मीद है कि ये मददगार होगा।,3,2
The model is skoda Amaze 35 and the year is 2017., मॉडल स्कोडा अमेज 35 है और साल 2017 है।,2,0
"Thank you for staying connected, I'd like to inform you that I've found the documents of another car too and you'll be receiving the documents of both the cars together in the next 2 business days."," जुड़े रहने के लिए धन्यवाद, मैं आपको सूचित करना चाहता हूं कि मुझे एक और कार के दस्तावेज भी मिल गए हैं और अगले 2 व्यावसायिक दिनों में आपको दोनों कारों के दस्तावेज एक साथ मिल जाएंगे।",3,2
yes, हां,2,0
Jennifer Johnson, जेनिफर जॉनसन,1,0
"yes, okay.", हाँ ठीक है।,2,0
Hello!, नमस्ते!,3,0
plo 963258741, पीएलओ 963258741,0,0
Sure! I'll be glad to help you out. Please may I know your name?, ज़रूर! मुझे आपकी मदद करने में खुशी होगी। कृपया क्या मैं आपका नाम जान सकता हूँ?,3,0
It was great assisting you today. Have a great day!,आज आपकी मदद करके बहुत अच्छा लगा। आपका दिन अच्छा रहे!,2,2
"Thank you for reaching out to us, please feel free to reach out for further concerns. You too! :)"," हमसे संपर्क करने के लिए धन्यवाद, कृपया आगे की चिंताओं के लिए बेझिझक संपर्क करें। आप भी! :)",3,2
Hello there! How may I assist you today?, नमस्ते! आज मैं आपकी मदद किस तरह कर सकता हूँ?,3,0
"OK I WILL RETURN IT, THANK YOU SO MUCH."," ठीक है, मैं इसे वापस कर दूंगा, बहुत-बहुत धन्यवाद।",3,2
i want fixing screen on my phone, मुझे अपने फ़ोन की स्क्रीन ठीक करनी है,2,0
check the status for claim, दावे के लिए स्थिति की जाँच करें,0,0
sure, ज़रूर,2,0
i need insurance proof of my car, मुझे अपनी कार का बीमा प्रमाण चाहिए,2,0
2569,2569,0,0
mani, मणि,0,0
MAKE: TOYOTA MODEL:AVENSIS, बनाओ: टोयोटा मॉडल: एवेन्सिस,0,0
Thank you for reaching out to us! Good day!, हमसे संपर्क की पहल के लिए आपका धन्यवाद! अच्छा दिन!,3,2
Awesome! May I confirm your information?, बहुत बढ़िया! क्या मैं आपकी जानकारी की पुष्टि कर सकता हूँ?,3,2
Your email address?, आपका ईमेल पता?,1,0
2015,2015,0,0
asd789654123, asd789654123,0,0
How may I help you today?, आज मैं आपकी कैसे मदद कर सकता हूँ?,2,0
ok, ठीक है,2,0
Definitely you may ask., निश्चित रूप से आप पूछ सकते हैं।,0,0
HI, नमस्ते,2,0
8775,8775,0,0
GUD854756120, GUD854756120,0,0
"yes, thank you", हाँ धन्यवाद,3,2
4.75613E+14,4.75613E+14,0,0
Perfect! Please give me a minute to proceed further., उत्तम! कृपया मुझे आगे बढ़ने के लिए एक मिनट दें।,3,2
Hello there! How may I help you today?, नमस्ते! आज मैं आपकी कैसे मदद कर सकता हूँ?,3,0
Thanks for your time\. I've processed your request. You'll be receiving a mail to your registered address in the next 48 hours. Is there anything else that I might help you with?, आपके समय के लिए धन्यवाद\। मैंने आपका अनुरोध संसाधित कर दिया है। आपको अगले 48 घंटों में आपके पंजीकृत पते पर एक मेल प्राप्त होगा। क्या कुछ और है जिसमें मैं आपकी मदद कर सकता हूं?,3,2
May*, मई*,0,0
Hello there! Good morning! I hope you're having a great day. How may I help you today?, नमस्ते! सुबह बख़ैर! मुझे आशा है कि आपका दिन अच्छा बीतेगा। आज मैं आपकी कैसे मदद कर सकता हूँ?,3,2
"Thank you for reaching out to us, hope that was helpful. Have an amazing day!"," हमसे संपर्क करने के लिए धन्यवाद, आशा है कि यह मददगार था। आपका दिन सुखद हो!",3,2
got it thanks, मिल गया धन्यवाद,3,0
Fantastic! Please hold a moment till I verify your details., ज़बरदस्त! कृपया कुछ देर रुकें जब तक कि मैं आपके विवरण की पुष्टि न कर दूं।,3,2
Good Evening!, नमस्ते!,3,2
Hello there! A very good evening to you. How may I help you today?, नमस्ते! आपके लिए एक बहुत ही शुभ संध्या। आज मैं आपकी कैसे मदद कर सकता हूँ?,3,2
Sure! Please could you also help me with the email address associated with your account?, ज़रूर! कृपया क्या आप अपने खाते से जुड़े ईमेल पते में भी मेरी मदद कर सकते हैं?,3,0
Surely I'll help you out with that. May I know your name?, निश्चित रूप से मैं इसमें आपकी मदद करूंगा। मैं आपका नाम जान सकता हुँ?,2,0
Alright Ramu! Could you please provide the make and the model of the car?, ठीक है रामू! क्या आप कृपया कार का मेक और मॉडल प्रदान कर सकते हैं?,3,0
Alright Agustina! Could you please provide the make and the model of the car?, ठीक है अगस्टिना! क्या आप कृपया कार का मेक और मॉडल प्रदान कर सकते हैं?,3,0
i need a copy of insurance proof of my car,मुझे अपनी कार के बीमा प्रमाण की एक प्रति चाहिए,2,0
That's great! Please stay connected for a minute., एक दम बढ़िया! कृपया एक मिनट के लिए जुड़े रहें।,3,2
Could you please help me with the last 4 digits of your SSN?,क्या आप कृपया अपने एसएसएन के अंतिम 4 अंकों के साथ मेरी मदद कर सकते हैं?,3,0
Ravi@gmail.com, रवि@gmail.com,0,0
Good news! Your payments has been done and the check will be delivered to you in the next 3 business days., खुशखबरी! आपका भुगतान हो चुका है और अगले 3 कार्यदिवसों में आपको चेक वितरित कर दिया जाएगा।,3,2
"I'll help you with that, may I know your name please?"," मैं इसमें आपकी मदद करूंगा, क्या मैं आपका नाम जान सकता हूं?",3,0
Sure! Please contact on 99-675-432 and you will receive a text message containing the address to the nearest branch., ज़रूर! कृपया 99-675-432 पर संपर्क करें और आपको एक पाठ संदेश प्राप्त होगा जिसमें निकटतम शाखा का पता होगा।,3,0
hi, नमस्ते,2,0
"Dear User, I request you to read the guidelines carefully and proceed to have a conversation with the agent. As you're not aware of the guidelines, I'm force to disconnect the chat."," प्रिय उपयोगकर्ता, मैं आपसे अनुरोध करता हूं कि दिशानिर्देशों को ध्यान से पढ़ें और एजेंट के साथ बातचीत करने के लिए आगे बढ़ें। चूंकि आप दिशानिर्देशों से अवगत नहीं हैं, इसलिए मुझे मजबूरन चैट को डिस्कनेक्ट करना पड़ रहा है।",2,1
I hope we are connected?, मुझे आशा है कि हम जुड़े हुए हैं?,2,0
"Orion Sutton
", ओरियन सटन,0,0
"Thank you for being patient, I'd like to inform you that the payment has been sent and it'll reach you in the next 3 business days. "," धैर्य रखने के लिए धन्यवाद, मैं आपको सूचित करना चाहता हूं कि भुगतान भेज दिया गया है और यह अगले 3 व्यावसायिक दिनों में आप तक पहुंच जाएगा।",3,2
"My pleasure! Have a great day, goodbye."," मेरा सौभाग्य! आपका दिन शुभ हो, अलविदा।",3,2
yesterday my cell phone screen was cracked., कल मेरे सेल फोन की स्क्रीन टूट गई थी।,2,0
THANKS, धन्यवाद,3,2
ok, ठीक है,2,0
Thank you so much for sharing the information! Please allow me a moment while I go ahead and check with the documents., जानकारी साझा करने के लिए आपका बहुत-बहुत धन्यवाद! कृपया मुझे कुछ समय दें जब तक कि मैं आगे बढ़ूं और दस्तावेजों की जांच करूं।,3,2
That's great! Please could you also share the claim number?, एक दम बढ़िया! कृपया क्या आप दावा संख्या भी साझा कर सकते हैं?,3,2
"Thanks for being so patient and giving me all that details! Kindly, allow me a minute while I check that and get back to you."," इतने धैर्यवान होने और मुझे वह सब विवरण देने के लिए धन्यवाद! कृपया, मुझे इसकी जांच करने के लिए एक मिनट का समय दें और आपके पास वापस आएं।",3,2
"Model- Verna, Year-2016"," मॉडल- वर्ना, वर्ष-2016",0,0
"i need insurance proof of my car
", मुझे अपनी कार का बीमा प्रमाण चाहिए,2,0
my iPhone screen just cracked, मेरे iPhone की स्क्रीन अभी टूट गई है,1,1
Are you connected?, क्या आप जुड़े हुए हैं?,0,0
NO THANKS," जी नहीं, धन्यवाद",3,1
2016,2016,0,0
"Hello there, Good morning! How may I help you today?"," नमस्ते वहाँ, सुप्रभात! आज मैं आपकी कैसे मदद कर सकता हूँ?",3,0
May I know your full name please?, क्या मैं आपका पूरा नाम जान सकता हूँ?,3,0
I'll help you with that. May I know your name please?,मैं इसमें आपकी मदद करूंगा। क्या मैं आपका नाम जान सकता हूँ?,3,0
Sure. I'll help you with that. May I know your name please?, ज़रूर। मैं इसमें आपकी मदद करूंगा। क्या मैं आपका नाम जान सकता हूँ?,3,0
George kindel, जॉर्ज किंडेल,0,0
"I AM ELISA LEO , :)))))))) SSN: 5896"," आई एम एलिसा लियो, :)))))))) एसएसएन: 5896",1,0
It's 233-212-232., यह 233-212-232 है।,0,0
rani, रानी,0,0
no, नहीं,1,1
ok, ठीक है,2,0
"Thanks a lot for waiting. I have an amazing news for you, I've requested for a brand new phone to be sent as a replacement to the broken phone and it'll be delivered to you as soon as possible and meanwhile I request you send the broken phone back to us in a return envelope. Would that be okay?"," प्रतीक्षा करने के लिए बहुत-बहुत धन्यवाद। मेरे पास आपके लिए एक आश्चर्यजनक खबर है, मैंने अनुरोध किया है कि टूटे हुए फोन के बदले एक नया फोन भेजा जाए और इसे जल्द से जल्द आप तक पहुंचाया जाएगा और इस बीच मैं आपसे अनुरोध करता हूं कि आप टूटे हुए फोन को वापस भेज दें। हमें एक वापसी लिफाफे में। क्या यह ठीक रहेगा?",3,2
"Sure, could you also share the email address that is associated with the account?"," ज़रूर, क्या आप उस ईमेल पते को भी साझा कर सकते हैं जो खाते से जुड़ा है?",3,0
2017,2017,0,0
GEETHA BASHURAM, गीता बशुराम,0,0
Thanks Kim! Could you please sahre the last 4 digit of the SSN?, धन्यवाद किम! क्या आप कृपया SSN के अंतिम 4 अंक को साझा कर सकते हैं?,3,0
MODEL: AUDIA6, मॉडल: ऑडियो6,0,0
tharsilv, थार्सिल्व,0,0
ok, ठीक है,2,0
"I apologize, could you please let me know the query?"," मुझे खेद है, क्या आप कृपया मुझे प्रश्न बता सकते हैं?",3,0
"I highly appreciate your patience. Good news I've found your documents, they'll be mailed to your address and you'll be receiving them in the next 2 business days. "," मैं आपके धैर्य की अत्यधिक सराहना करता हूं। खुशखबरी मुझे आपके दस्तावेज़ मिल गए हैं, उन्हें आपके पते पर भेज दिया जाएगा और आप उन्हें अगले 2 व्यावसायिक दिनों में प्राप्त कर लेंगे।",3,2
WHAT ABOUT INSURANCE CLAIM, बीमा दावे के बारे में क्या?,0,0
2012,2012,0,0
Hi Drew..Good morning, हाय ड्रू..सुप्रभात,3,0
That's really helpful. Thanks. Bye.,यह वास्तव में मददगार है। धन्यवाद। अलविदा।,3,2
And the model of the car would be?, और कार का मॉडल होगा?,1,0
"Perfect! Could you please help me with make and model of the car?
", उत्तम! क्या आप कृपया कार के मेक और मॉडल में मेरी मदद कर सकते हैं?,3,2
My name is Ketie Kelly, मेरा नाम केटी केली है,2,0
hai, हाय,2,0
OK\, ठीक है\,2,0
"Hello there, How may I help you today?"," नमस्ते, मैं आज आपकी कैसे मदद कर सकता हूँ?",3,0
"Great! Raju, could you please let me know he make and the model of the car? "," महान! राजू, क्या आप कृपया मुझे बता सकते हैं कि वह बनाता है और कार का मॉडल?",3,2
HAI, हाई,2,0
"I'm glad, I could resolve this for you. Would there be anything else I could help you with?"," मुझे खुशी है, मैं इसे आपके लिए हल कर सका। क्या कुछ और होगा जिसमें मैं आपकी मदद कर सकूं?",3,2
"Muthu, please provide one proper claim number to check the status."," मुथु, कृपया स्थिति की जांच के लिए एक उचित दावा संख्या प्रदान करें।",3,0
Thanks for the information. Please allow me a moment while I check this for you.," सूचना के लिए धन्यवाद। कृपया मुझे कुछ समय दें, जब तक मैं आपके लिए यह जांचता हूं।",3,0
"Thank you Kartik, may I know your email address associated with the account as well? "," धन्यवाद कार्तिक, क्या मैं खाते से जुड़ा आपका ईमेल पता भी जान सकता हूँ?",3,0
My first and last name is James Martin, मेरा पहला और अंतिम नाम जेम्स मार्टिन है,1,0
Thank you for your help, आपके सहयोग के लिए धन्यवाद,3,2
Last Name: Roopam, अंतिम नाम: रूपम,0,0
ok thank you, ठीक है धन्यवाद,3,0
"Hello, Vinoth. I'll be needing the policy number and claim number to help you further. Please could you share them?", नमस्ते विनोथ। आगे आपकी सहायता करने के लिए मुझे पॉलिसी नंबर और दावा संख्या की आवश्यकता होगी। क्या आप कृपया उन्हें साझा कर सकते हैं?,3,0
Honda civic 2017, होंडा सिविक 2017,0,0
Thank you very much, आपका बहुत बहुत धन्यवाद,3,2
Cool! Could you please help me with the make and model of the car?, ठंडा! क्या आप कृपया कार के मेक और मॉडल के बारे में मेरी मदद कर सकते हैं?,3,0
Hello! Good morning! What can I do for you today?, नमस्ते! सुबह बख़ैर! मैं आज आपके लिये क्या कर सकता हूँ?,3,0
Fantastic! Please feel free to reach out to us for further queries. Have a nice day. Bye.,ज़बरदस्त! कृपया आगे के प्रश्नों के लिए हमसे बेझिझक संपर्क करें। आपका दिन शुभ हो। अलविदा।,3,2
Alright Meenakshi! I require the last 4 digits of your SSN. Would you mind sharing that?, ठीक है मीनाक्षी! मुझे आपके SSN के अंतिम 4 अंक चाहिए। क्या आप इसे साझा करना चाहेंगे?,3,0
My pleasure! Thank you for connecting with us. Good day!, मेरा सौभाग्य! हमसे जुड़ने के लिए धन्यवाद। अच्छा दिन!,3,2
thank you, धन्यवाद,2,2
Your phone number?, आपका फोन नंबर?,0,0
"no,thank you", नहीं धन्यवाद,3,0
9600584726,9600584726,0,0
"That's perfect! Thank you for the details, please give me a minute to proceed further."," यह बिल्कुल सही है! विवरण के लिए धन्यवाद, कृपया मुझे आगे बढ़ने के लिए एक मिनट दें।",3,2
8754125475,8754125475,0,0
"Thanks for the information. In order for me to help you further, I'd require a couple of details, could you please help me with the make/company of the car?","सूचना के लिए धन्यवाद। मुझे आपकी और मदद करने के लिए, मुझे कुछ विवरणों की आवश्यकता होगी, क्या आप कृपया कार बनाने/कंपनी में मेरी मदद कर सकते हैं?",3,0
"And, could you please share your contact number and email address please?"," और, क्या आप कृपया अपना संपर्क नंबर और ईमेल पता साझा कर सकते हैं?",3,0
HI, नमस्ते,2,0
Thank you for waiting. I appreciate your patience. I see that your payment has already been made and you'll receive it within 3 days. Is there anything else I might help you with?, प्रतीक्षा के लिए धन्यवाद। मैं आपके धैर्य की सराहना करता हूँ। मैंने देखा कि आपका भुगतान पहले ही किया जा चुका है और आप इसे 3 दिनों के भीतर प्राप्त कर लेंगे। क्या कुछ और है जिसमें मैं आपकी मदद कर सकता हूं?,3,2
i am ajilesh, मैं अजलेश हूं,1,0
Nothing else, और कुछ नहीं,2,0
MONA, मोना,0,0
Perfect! Could you please let me know the make and model of the car?, उत्तम! क्या आप कृपया मुझे कार के मेक और मॉडल के बारे में बता सकते हैं?,3,2
Please allow me a moment to check in the details., कृपया मुझे विवरण देखने के लिए कुछ समय दें।,2,0
"Sure, we are here to help you. May I know your full name please?"," ज़रूर, हम आपकी मदद करने के लिए यहाँ हैं। क्या मैं आपका पूरा नाम जान सकता हूँ?",3,0
The year of manufacture is 2016, निर्माण का वर्ष 2016 है,0,0
Okay thank you, ठीक है धन्यवाद,3,2
HI, नमस्ते,2,0
NO. NOTHING ELSE., ना। और कुछ नहीं।,2,0
"i need status of my insurance
", मुझे अपने बीमा की स्थिति चाहिए,2,0
Awesome! Would you please help me with the year the car was manufactured?, बहुत बढ़िया! क्या आप कृपया मुझे उस वर्ष में मदद करेंगे जिस वर्ष कार का निर्माण किया गया था?,3,2
Sure! I'll be glad to help you out. Please may I know your name?, ज़रूर! मुझे आपकी मदद करने में खुशी होगी। कृपया क्या मैं आपका नाम जान सकता हूँ?,3,0
4526,4526,0,0
You're welcome! Would there be anything else that I may help you with?, आपका स्वागत है! क्या कुछ और होगा जिससे मैं आपकी मदद कर सकूं?,2,2
raj@gmail.com, raj@gmail.com,0,0
Awesome! Please stay connected while I go ahead and check with the department.," बहुत बढ़िया! जब तक मैं आगे बढ़ूं, कृपया जुड़े रहें और विभाग के साथ जांच करें।",3,2
"Sure, we are here to help you. May I know your full name please?"," ज़रूर, हम आपकी मदद करने के लिए यहाँ हैं। क्या मैं आपका पूरा नाम जान सकता हूँ?",3,0
OK THANK YOU, ठीक है धन्यवाद,3,2
Perfect! Thank you so much for the information. please allow me a moment while I check this for you.,उत्तम! जानकारी के लिए बहुत - बहुत धन्यवाद। कृपया मुझे एक क्षण दें जब तक मैं आपके लिए यह जांचता हूं।,3,2
"Leandro Mckinney
", लिएंड्रो मैकिनी,0,0
Could you please confirm your full name to me?, क्या आप कृपया मुझे अपने पूरे नाम की पुष्टि कर सकते हैं?,3,0
2545,2545,0,0
"Alright! Maggi, Would you please help me with your policy number?"," ठीक है! मैगी, क्या आप कृपया मुझे अपना पॉलिसी नंबर देने में मदद करेंगे?",3,0
John could you also help me out with your phone number and the email address associated with the account?, जॉन क्या आप अपने फोन नंबर और खाते से जुड़े ईमेल पते में भी मेरी मदद कर सकते हैं?,3,0
A very good morning! how may I help you today?, एक बहुत अच्छी सुबह! आज मैं आपकी कैसे मदद कर सकता हूँ?,3,2
Thanks Mani! Could you please share the phone number and email address?, धन्यवाद मणि! क्या आप कृपया फ़ोन नंबर और ईमेल पता साझा कर सकते हैं?,3,2
Wonderfu;! Thank you so much for connecting to us. I'm glad to assist you today. have a great ahead! We are always available here 27*7 to help you out.,वंडरफू ;! हमसे जुड़ने के लिए आपका बहुत-बहुत धन्यवाद। मुझे आज आपकी सहायता करने में खुशी हो रही है। आगे बहुत अच्छा है! हम आपकी सहायता के लिए यहां हमेशा 27*7 उपलब्ध हैं।,3,2
"Hello Arun, I'm glad to assist you today. Would you please share your insurance policy and claim number?"," नमस्कार अरुण, मुझे आज आपकी सहायता करने में खुशी हो रही है। क्या आप कृपया अपनी बीमा पॉलिसी और दावा संख्या साझा करेंगे?",3,0
HI, नमस्ते,2,0
Lovely! Could you please help me with your contact number and email address?, प्यारा! क्या आप कृपया अपने संपर्क नंबर और ईमेल पते के साथ मेरी मदद कर सकते हैं?,3,2
Thats all. Thank you., बस इतना ही। शुक्रिया।,3,0
OK THANK YOU HAVE A NICE DAY, ठीक है धन्यवाद आपका दिन अच्छा हो,3,2
I hope we are connected?, मुझे आशा है कि हम जुड़े हुए हैं?,2,0
HI Good Morning!, हाय सुप्रभात!,3,0
Hello, नमस्ते,2,0
"status of my cliam
", मेरे क्लेम की स्थिति,0,0
Hello there! How may I help you today?, नमस्ते! आज मैं आपकी कैसे मदद कर सकता हूँ?,3,0
MARUTHI 800 YEAR 2015, मारुति 800 वर्ष 2015,2,0
"Thank you Beema, may I also know the last 4 digits of SSN?"," धन्यवाद बीमा, क्या मैं SSN के अंतिम 4 अंक भी जान सकता हूँ?",3,0
OK BYEE, ठीक अलविदा,2,0
"Thank you Jegan, could you please let me know make and model of the car?"," धन्यवाद जेगन, क्या आप कृपया मुझे कार के मेक और मॉडल के बारे में बता सकते हैं?",3,0
My pleasure! Is there anything else I could assist you with?, मेरा सौभाग्य! क्या कुछ और है जिसमें मैं आपकी सहायता कर सकता हूं?,3,2
Hey there! How may I assist you today?,सुनो! आज मैं आपकी मदद किस तरह कर सकता हूँ?,3,0
DFR564839420, डीएफआर564839420,0,0
OM THANKS, ओम धन्यवाद,3,2
"Hello, good morning! How may I help you today?", हैलो सुप्रभात! आज मैं आपकी कैसे मदद कर सकता हूँ?,3,0
Alas! That's so upsetting! I'll definitely help you out. I'll require your details to pull up your profile. May I know your full name please?, काश! यह बहुत परेशान करने वाला है! मैं निश्चित रूप से आपकी मदद करूंगा। मुझे आपकी प्रोफ़ाइल खींचने के लिए आपके विवरण की आवश्यकता होगी। क्या मैं आपका पूरा नाम जान सकता हूँ?,3,1
hai, हाय,2,0
"Thank you so much John, could you please let me know the year of manufacture? "," बहुत बहुत धन्यवाद जॉन, क्या आप कृपया मुझे निर्माण का वर्ष बता सकते हैं?",3,2
Hello there! How may I assist you today?, नमस्ते! आज मैं आपकी मदद किस तरह कर सकता हूँ?,3,0
ok thank you, ठीक है धन्यवाद,3,0
ok nice," ठीक है, अच्छा है",2,2
Edison arter, एडिसन धमनी,0,0
ok bye, चलो बाय,2,0
2585,2585,0,0
tq, टीक्यू,0,0
Sure. I'll help you with that. May I know your name and the last 4 digits of the SSN please?, ज़रूर। मैं इसमें आपकी मदद करूंगा। क्या मैं आपका नाम और SSN के अंतिम 4 अंक जान सकता हूँ?,3,0
ok no thanks, ठीक है नहीं धन्यवाद,3,1
Hey there!  How may I help you today?, सुनो! आज मैं आपकी कैसे मदद कर सकता हूँ?,3,0
I would like a proof of insurance for one of my cars., मुझे अपनी एक कार के लिए बीमा का प्रमाण चाहिए।,3,0
I NEED A COPY OF INSURANCE FOR MY CAR, मुझे अपनी CAR . के लिए बीमा की एक प्रति चाहिए,2,0
Thank you for the confirmation. Kindly allow me a moment to check this for you. I hope you don't mind., पुष्टिकरण के लिए धन्यवाद। कृपया मुझे आपके लिए इसे जांचने के लिए एक क्षण दें। मुझे आशा है कि आपको कोई आपत्ति नहीं है।,3,0
Awesome! Could you please provide the policy number?, बहुत बढ़िया! क्या आप कृपया पॉलिसी नंबर प्रदान कर सकते हैं?,3,2
Please allow me a minute to process your request., कृपया मुझे आपके अनुरोध को संसाधित करने के लिए एक मिनट का समय दें।,2,0
"Hello there! How may I help you?
", नमस्ते! क्या मेरे द्वारा आपकी कोई सहायता हो सकती है?,3,0
ok, ठीक है,2,0
"Thank you for providing all the information, the payment was already done and check should arrive in 3 working days.
","सभी जानकारी प्रदान करने के लिए धन्यवाद, भुगतान पहले ही किया जा चुका है और चेक 3 कार्य दिवसों में आ जाना चाहिए।",3,2
Hello! How may I assist you today?, नमस्ते! आज मैं आपकी मदद किस तरह कर सकता हूँ?,3,0
"Sure! I'll be able to help you, May I please know your name?"," ज़रूर! मैं आपकी मदद कर सकूंगा, क्या मैं आपका नाम जान सकता हूं?",3,0
"Sure, thank you so much. Please allow me a minute."," ज़रूर, बहुत-बहुत धन्यवाद। कृपया मुझे एक मिनट का समय दें।",3,0
"I would be glad to help you out in this regards. May I know your name please?
", मुझे इस संबंध में आपकी मदद करने में खुशी होगी। क्या मैं आपका नाम जान सकता हूँ?,3,0
George*, जॉर्ज*,0,0
i made mistake, मुझसे गलती हो गई,0,1
the SSN is wrong. it is 4422., एसएसएन गलत है। यह 4422 है।,0,1
CLAIM  NO: UJH526, दावा संख्या: UJH526,1,0
You're welcome! Would there be anything else I may assist you with?, आपका स्वागत है! क्या कुछ और होगा जिसमें मैं आपकी सहायता कर सकूं?,3,2
Awesome! Could you please provide the policy number?, बहुत बढ़िया! क्या आप कृपया पॉलिसी नंबर प्रदान कर सकते हैं?,3,2
Hi, नमस्ते,2,0
Great! To identify the car I'll be needing the car's make and model. Please could you share the details?, महान! कार की पहचान करने के लिए मुझे कार के मेक और मॉडल की आवश्यकता होगी। क्या आप कृपया विवरण साझा कर सकते हैं?,3,2
"Sure, please could you share the contact number?"," ज़रूर, क्या आप संपर्क नंबर साझा कर सकते हैं?",3,0
Hello! Good morning! I hope you are having a great day! What can I do for you today?, नमस्ते! सुबह बख़ैर! मुझे आशा है कि आपका समय बहुत अच्छा बीत रहा है! मैं आज आपके लिये क्या कर सकता हूँ?,3,2
nothing, कुछ नहीं,1,0
I am George here., मैं यहाँ जॉर्ज हूँ।,1,0
Thanks again. Please could you also help me with claim number?, एक बार फिर धन्यवाद। कृपया आप मुझे दावा संख्या के साथ भी मदद कर सकते हैं?,3,2
Hey! A very good morning to you. How may I help you today?, अरे! आपके लिए एक बहुत ही शुभ प्रभात। आज मैं आपकी कैसे मदद कर सकता हूँ?,3,2
"Awesome! Thank you for reaching out to us, please feel free to reach out for further concerns. Have a great day ahead!"," बहुत बढ़िया! हमसे संपर्क करने के लिए धन्यवाद, कृपया आगे की चिंताओं के लिए बेझिझक संपर्क करें। आगे एक महान दिन हो!",3,2
need a proof of insurance for one the car, एक कार के लिए बीमा का प्रमाण चाहिए,1,0
Yes., हाँ।,2,0
Harber Emmett, हार्बर एम्मेत्तो,0,0
Thank you for waiting. I've a good news for you. Your request has been processed and you'll be receiving the proof of insurance within 2 days. Is there anything else I might help you with?, प्रतीक्षा के लिए धन्यवाद। मेरे पास आपके लिए एक अच्छी खबर है। आपका अनुरोध संसाधित कर दिया गया है और आपको 2 दिनों के भीतर बीमा का प्रमाण प्राप्त हो जाएगा। क्या कुछ और है जिसमें मैं आपकी मदद कर सकता हूं?,3,2
Hello there! How may I help you today?, नमस्ते! आज मैं आपकी कैसे मदद कर सकता हूँ?,3,0
Eswar could you also help me out with your phone number and the email address associated with the account to check with the department?, क्या आप विभाग के साथ जांच करने के लिए अपने फोन नंबर और खाते से जुड़े ईमेल पते के साथ मेरी मदद कर सकते हैं?,3,0
"That's perfect! Thank you for being patient in sharing the information. Please allow me a minute or two, while I get this done for you?"," यह बिल्कुल सही है! जानकारी साझा करने में धैर्य रखने के लिए धन्यवाद। कृपया मुझे एक या दो मिनट का समय दें, जबकि मैं यह आपके लिए कर दूं?",3,2
kop548796587, कोप548796587,2,0
And you contact number would be?, और आपका कांटेक्ट नंबर होगा ?,1,0
my name is doli josg,मेरा नाम डोली जोसगो है,1,0
Thank you. Could you also help me with the make and model of your car?, शुक्रिया। क्या आप अपनी कार के मेक और मॉडल में भी मेरी मदद कर सकते हैं?,3,0
8898,8898,0,0
"Awesome! Thank you for reaching out to us, please feel free to reach out for further concerns. Have a great day ahead!"," बहुत बढ़िया! हमसे संपर्क करने के लिए धन्यवाद, कृपया आगे की चिंताओं के लिए बेझिझक संपर्क करें। आगे एक महान दिन हो!",3,2
Hi, नमस्ते,2,0
"I'll be glad to assist you with that, may I know your name please?"," मुझे इसमें आपकी सहायता करने में खुशी होगी, क्या मैं आपका नाम जान सकता हूँ?",3,0
email: peterkam124@aol.com, ईमेल: peterkam124@aol.com,0,0
Alright Mary! Could you please provide the make and the model of the car?, ठीक है मैरी! क्या आप कृपया कार का मेक और मॉडल प्रदान कर सकते हैं?,3,0
"I'm sorry sir, Could you please help me with your query?"," आई एम सॉरी सर, क्या आप कृपया अपने प्रश्न में मेरी मदद कर सकते हैं?",3,0
Thank you for sharing the details. The insurance proof will be delivered to the registered address within a week. Is there anything else I may help you with?,विवरण साझा करने के लिए धन्यवाद। बीमा प्रमाण एक सप्ताह के भीतर पंजीकृत पते पर पहुंचा दिया जाएगा। क्या कुछ और है जिसमें मैं आपकी मदद कर सकता हूं?,3,0
"Sure! Of course, I'll definitely help you in getting your insurance proof copy. To proceed further I'll require your personal and car details. May I know your full name please?","ज़रूर! बेशक, मैं आपकी बीमा प्रमाण प्रति प्राप्त करने में निश्चित रूप से आपकी सहायता करूंगा। आगे बढ़ने के लिए मुझे आपके व्यक्तिगत और कार विवरण की आवश्यकता होगी। क्या मैं आपका पूरा नाम जान सकता हूँ?",3,0
hi, नमस्ते,2,0
I'll provide you with the copy of insurance. May I know your name and the last 4 digits of your SSN?, मैं आपको बीमा की प्रति प्रदान करूंगा। क्या मैं आपका नाम और आपके SSN के अंतिम 4 अंक जान सकता हूँ?,3,0
Thanks for staying connected. I've processed your request. You'll be receiving a mail to your registered address in the next 48 hours. Is there anything else that I might help you with?, जुड़े रहने के लिए धन्यवाद। मैंने आपका अनुरोध संसाधित कर दिया है। आपको अगले 48 घंटों में आपके पंजीकृत पते पर एक मेल प्राप्त होगा। क्या कुछ और है जिसमें मैं आपकी मदद कर सकता हूं?,3,2
My pleasure! Will there be anything else I could help you with?,मेरा सौभाग्य! क्या कुछ और होगा जिसमें मैं आपकी मदद कर सकूं?,3,2
"Great! I have processed your request. A replacement phone is on its way, and please send the current (broken) device in the return envelope.
"," महान! मैंने आपके अनुरोध को संसाधित कर दिया है। एक प्रतिस्थापन फोन आ रहा है, और कृपया वर्तमान (टूटे हुए) उपकरण को रिटर्न लिफाफे में भेजें।",3,2
Hello! Good morning! I hope you are having a great day! How may I help you today?, नमस्ते! सुबह बख़ैर! मुझे आशा है कि आपका समय बहुत अच्छा बीत रहा है! आज मैं आपकी कैसे मदद कर सकता हूँ?,3,2
ok, ठीक है,2,0
"Thank you, may I know the model of the car?"," धन्यवाद, क्या मैं कार के मॉडल को जान सकता हूँ?",3,0
SSN:5664, एसएसएन: 5664,0,0
Hello sir., नमस्ते महोदय।,3,0
CAN YOU HELP ME TO GET THAT., क्या आप इसे प्राप्त करने में मेरी मदद कर सकते हैं।,2,0
"Excellent! Thank you for bringing this up to us, I'm glad I could resolve this for you. Have a nice day!"," उत्कृष्ट! इसे हमारे पास लाने के लिए धन्यवाद, मुझे खुशी है कि मैं इसे आपके लिए हल कर सका। आपका दिन शुभ हो!",3,2
Ryank66@gmail.com, Ryank66@gmail.com,2,0
How may I help you today?, आज मैं आपकी कैसे मदद कर सकता हूँ?,2,0
RAM KUTTY 5686, राम कुट्टी 5686,0,0
"Sure, I'll help you with that. May I know your name and the last 4 digits of the SSN please?"," ज़रूर, मैं इसमें आपकी मदद करूँगा। क्या मैं आपका नाम और SSN के अंतिम 4 अंक जान सकता हूँ?",3,0
"I really appreciate for staying connected, your documents will be mailed to the updated address shortly. "," जुड़े रहने के लिए मैं वास्तव में सराहना करता हूं, आपके दस्तावेज़ शीघ्र ही अपडेट किए गए पते पर भेज दिए जाएंगे।",3,2
Thanks for staying connected. I'd like to inform you that the payments has been sent and it'll be delivered to you in the next 3 business days.,जुड़े रहने के लिए धन्यवाद। मैं आपको सूचित करना चाहता हूं कि भुगतान भेज दिया गया है और यह आपको अगले 3 व्यावसायिक दिनों में वितरित कर दिया जाएगा।,3,2
"Sure, I'll definitely help you. May I know your full name please?"," ज़रूर, मैं आपकी मदद ज़रूर करूँगा। क्या मैं आपका पूरा नाम जान सकता हूँ?",3,0
2017,2017,0,0
"Great! Could you please share the details of the car, like it's make and the model?","महान! क्या आप कृपया कार के बारे में विवरण साझा कर सकते हैं, जैसे कि यह मेक और मॉडल है?",3,0
hope you can help me, क्या आपसे मुझे मदद मिल सकती है,1,0
May I confirm your information?, क्या मैं आपकी जानकारी की पुष्टि कर सकता हूँ?,2,0
"Awesome! I appreciate your patience in sharing the information. Please allow me  a moment, while I get this done for you."," बहुत बढ़िया! मैं जानकारी साझा करने में आपके धैर्य की सराहना करता हूं। कृपया मुझे एक क्षण की अनुमति दें, जबकि मैं यह आपके लिए करवाता हूं।",3,2
I'd also require your phone number and email address that is registered with us?,मुझे आपके फ़ोन नंबर और ईमेल पते की भी आवश्यकता होगी जो हमारे पास पंजीकृत है?,3,0
Since you have insured your phone with our company you need not pay any amount you'll just have to return your broken phone and we'll be delivering you a new phone as soon as possible.," चूंकि आपने हमारी कंपनी के साथ अपने फोन का बीमा किया है, इसलिए आपको किसी भी राशि का भुगतान करने की आवश्यकता नहीं है, आपको बस अपना टूटा हुआ फोन वापस करना होगा और हम आपको जल्द से जल्द एक नया फोन वितरित करेंगे।",1,2
Amazing! Thanks for sharing your details. Just give me a minute while I go ahead and request for your duplicate copy of your car insurance proof.," अद्भुत! अपना विवरण साझा करने के लिए धन्यवाद। बस मुझे एक मिनट का समय दें, जब मैं आगे बढ़ूं और आपके कार बीमा प्रमाण की आपकी डुप्लीकेट प्रति के लिए अनुरोध करूं।",3,2
MAKE: FORD MODEL: FIESTA YEAR:2015, बनाना: फोर्ड मॉडल: पर्व वर्ष:2015,0,0
No problem., कोई बात नहीं।,2,0
YES, हां,2,2
my phone is damaged, मेरा फोन खराब हो गया है,1,1
"Sure thing, could you please help me out with your name and the last 4 digits of your SSN?"," ज़रूर, क्या आप कृपया अपने नाम और अपने SSN के अंतिम 4 अंकों के साथ मेरी मदद कर सकते हैं?",3,0
"hi,good morning", हाय सुप्रभात,3,0
Thank you! Please may I also get the make and model of your car?, आपको धन्यवाद! कृपया क्या मुझे आपकी कार का मेक और मॉडल भी मिल सकता है?,3,0
,,0,0
WELL, कुंआ,1,2
lukee, लुकी,0,0
my car was damage and i field an insurance claim, मेरी कार क्षतिग्रस्त हो गई थी और मैंने बीमा दावा दायर किया था,1,1
Thank you, आपको धन्यवाद,2,2
"That's amazing, Thank you so much for sharing all that details. Allow me a moment while I go ahead and request for your car insurance proof copy."," यह आश्चर्यजनक है, वह सभी विवरण साझा करने के लिए बहुत-बहुत धन्यवाद। मुझे कुछ समय दें और मैं आगे बढ़कर आपकी कार बीमा प्रूफ कॉपी के लिए अनुरोध करता हूं।",3,2
GOOD MORNING, शुभ प्रभात,2,0
"Thank you for staying connected, I've checked the details the check has been already sent it will be reaching you  at registered address within 3 days. Is there anything I may help you in?
"," जुड़े रहने के लिए धन्यवाद, मैंने विवरण की जांच की है कि चेक पहले ही भेजा जा चुका है, यह 3 दिनों के भीतर आपके पंजीकृत पते पर पहुंच जाएगा। क्या कोई ऐसी चीज है जिसमें मैं आपकी मदद कर सकता हूं?",3,2
"Nothing, Have a great help from you,"," कुछ नहीं, आपसे बहुत मदद मिलती है,",3,0
That's amazing! May I please know the year of manufacture too?,वह आश्चर्यजनक है! क्या मैं कृपया निर्माण का वर्ष भी जान सकता हूँ?,3,2
Perfect! May I know the year of manufacture of the car?, उत्तम! क्या मैं कार के निर्माण का वर्ष जान सकता हूँ?,2,2
"Perfect! Now, I'd require your car details, Would you please help me with the make and the model of the car?"," उत्तम! अब, मुझे आपकी कार के विवरण की आवश्यकता होगी, क्या आप कृपया कार के मेक और मॉडल के बारे में मेरी मदद करेंगे?",3,2
chris2345@gmail.com, chris2345@gmail.com,0,0
Hey there! How may I help you today?, सुनो! आज मैं आपकी कैसे मदद कर सकता हूँ?,3,0
Oh yeah. It's ypt486936785., अरे हां। यह ypt486936785 है।,2,0
"I would be glad to help you out in this regards. May I know your name please?
", मुझे इस संबंध में आपकी मदद करने में खुशी होगी। क्या मैं आपका नाम जान सकता हूँ?,3,0
"Absolutely! I'll be happy to help you in this, may I please know your name?"," बिल्कुल! इसमें आपकी मदद करने में मुझे खुशी होगी, क्या मैं आपका नाम जान सकता हूं?",3,2
have a good day, आपका दिन शुभ हो,2,2
I appreciate your patience! I have made a request to mail the copy of insurance at your registered address. You'll receive it within 2-3 business days. I hope this will be helpful., मैं आपके धैर्य की सराहना करता हूँ! मैंने आपके पंजीकृत पते पर बीमा की प्रति डाक से भेजने का अनुरोध किया है। आप इसे 2-3 व्यावसायिक दिनों के भीतर प्राप्त कर लेंगे. मुझे उम्मीद है कि ये मददगार होगा।,3,2
Hello there! A very good morning to you. How may I help you today?, नमस्ते! आपके लिए एक बहुत ही शुभ प्रभात। आज मैं आपकी कैसे मदद कर सकता हूँ?,3,2
hi, नमस्ते,2,0
"Is there anything else I may help you with today?
", क्या आज मैं आपकी कुछ और मदद कर सकता हूँ?,2,0
"Thank you for the details, please give me a minute to proceed further. "," विवरण के लिए धन्यवाद, कृपया मुझे आगे बढ़ने के लिए एक मिनट दें।",3,0
"Kaiya Velazquez
", कैया वेलाज़क्वेज़,2,0
Yes you did well, हाँ आपने अच्छा किया,2,2
Haii, हाई,2,0
I need a proof of insirance for one of my car, मुझे अपनी एक कार के लिए बीमा का प्रमाण चाहिए,2,0
And also could you please help me with the manufacturing year of the car?, और क्या आप कृपया कार के निर्माण वर्ष में मेरी मदद कर सकते हैं?,3,0
"Thank you for being patient, I've checked in the details the check has been already sent it will be reaching you within 3 days. Is there anything I may help you in?
"," धैर्य रखने के लिए धन्यवाद, मैंने विवरण की जांच की है कि चेक पहले ही भेजा जा चुका है, यह 3 दिनों के भीतर आप तक पहुंच जाएगा। क्या कोई ऐसी चीज है जिसमें मैं आपकी मदद कर सकता हूं?",3,2
HELLO, नमस्ते,2,0
"Taylor, My iPhone got crashed Yesterday, Could that be fixed?"," टेलर, मेरा iPhone कल दुर्घटनाग्रस्त हो गया, क्या इसे ठीक किया जा सकता है?",2,0
hi, नमस्ते,2,0
hi, नमस्ते,2,0
ya I am okey..., हां मैं ठीक हूं...,2,0
Hai., हाय।,2,0
okay, ठीक है,2,0
"Thank you Rinijerin, could you please let me know the policy and claim number?"," धन्यवाद रिनिजेरिन, क्या आप कृपया मुझे पॉलिसी और दावा संख्या बता सकते हैं?",3,0
Anything else do I need to provide?, मुझे और कुछ प्रदान करने की आवश्यकता है?,1,0
"Solomon Bradford
", सोलोमन ब्रैडफोर्ड,0,0
maruti swift, मारुति स्विफ्ट,0,0
"Perfect! Could you please help me with make and model of the car?
", उत्तम! क्या आप कृपया कार के मेक और मॉडल में मेरी मदद कर सकते हैं?,3,2
Goodbye! :), अलविदा! :),2,0
Thank you so much for cooperating and baring with us! I'm so glad to assist you. we are always here to solve all your queries. Thanks for contacting us! have a nice day ahead!,हमारे साथ सहयोग करने और रोकने के लिए बहुत-बहुत धन्यवाद! मुझे आपकी सहायता करने में बहुत खुशी हो रही है। हम आपके सभी प्रश्नों को हल करने के लिए हमेशा यहां हैं। हमे संपर्क करने के लिए धन्यवाद! आपका दिन अच्छा हों!,3,2
RileyBlake21@gmail.com, रिलेब्लेक21@gmail.com,0,0
I'm sorry bu the claim number consists of 3 letters and 3 numbers., आई एम सॉरी बू क्लेम नंबर में 3 अक्षर और 3 नंबर होते हैं।,3,1
Could you please be clear with your query?, क्या आप कृपया अपनी क्वेरी के साथ स्पष्ट हो सकते हैं?,3,0
"Perfect! Could you please help me with make and model of the car?
", उत्तम! क्या आप कृपया कार के मेक और मॉडल में मेरी मदद कर सकते हैं?,3,2
ok thanks, ठीक है धन्यवाद,3,0
well I'm afraid I don't remember., अच्छा मुझे डर है मुझे याद नहीं है।,1,0
fbb123, एफबीबी123,0,0
Thank you so much for your time. You have an amazing day!, आपके समय के लिए बहुत बहुत शुक्रिया। आपके पास एक अद्भुत दिन है!,3,2
AAA543444554, एएए543444554,0,0
KEN743819368, केन743819368,0,0
ok, ठीक है,2,0
That's a great car! Please could you help me with the year of make?, यह एक बढ़िया कार है! कृपया आप मुझे बनाने के वर्ष में मदद कर सकते हैं?,3,2
You too!, आप भी!,2,0
I need a proof of insurance for my car, मुझे अपनी कार के लिए बीमा का प्रमाण चाहिए,2,0
Good news! I'd like to inform you that the documents will be delivered at your address within few days. Is there anything else I may help you with?, खुशखबरी! मैं आपको सूचित करना चाहता हूं कि कुछ दिनों के भीतर दस्तावेज आपके पते पर पहुंचा दिए जाएंगे। क्या कुछ और है जिसमें मैं आपकी मदद कर सकता हूं?,3,2
PRIYA, प्रिया,0,0
Hello ther!, नमस्ते!,3,0
hello! Good morning! How may I help you today?, नमस्ते! सुबह बख़ैर! आज मैं आपकी कैसे मदद कर सकता हूँ?,3,0
kamal raj, कमल राजी,0,0
It seems you're away. If you still need my assistance you can raise a chat again., ऐसा लगता है कि आप दूर हैं। अगर आपको अभी भी मेरी सहायता की आवश्यकता है तो आप फिर से चैट कर सकते हैं।,2,0
Thank you. Could you please share the car details you'd require a proof of? I'll be asking you few questions in this regard., शुक्रिया। क्या आप कृपया कार विवरण साझा कर सकते हैं जिसके लिए आपको प्रमाण की आवश्यकता होगी? इस संबंध में मैं आपसे कुछ प्रश्न पूछूंगा।,3,0
"Okay James. May I also know the last four digits of your SSN?
", ठीक है जेम्स। क्या मैं आपके SSN के अंतिम चार अंक भी जान सकता हूँ?,2,0
"I really appreciate for holding on, the payment was already sent and you'll receive the check with in 3 days. "," मैं वास्तव में रुकने के लिए सराहना करता हूं, भुगतान पहले ही भेजा जा चुका है और आपको 3 दिनों में चेक मिल जाएगा।",3,2
Ya sure, हाँ यकीनन,2,0
YES, हां,2,2
Broken, टूटी हुई,2,0
Hello! Good morning. How may I help you today?, नमस्ते! सुबह बख़ैर। आज मैं आपकी कैसे मदद कर सकता हूँ?,3,0
Awesome! That's a nice car. Could you please help me with the year in which the car was manufactured as well?, बहुत बढ़िया! यह एक अच्छी कार है। क्या आप कृपया मुझे उस वर्ष में मदद कर सकते हैं जिसमें कार का निर्माण भी किया गया था?,3,2
My email address is steve.warner75@gmail.com, मेरा ईमेल पता steve.warner75@gmail.com है,1,0
i need a status of my claim, मुझे अपने दावे की स्थिति चाहिए,3,0
Thanks You Vetri! May I please know your policy number?, धन्यवाद वेट्री! क्या मैं आपका पॉलिसी नंबर जान सकता हूं?,3,2
Thank you very much, आपका बहुत बहुत धन्यवाद,3,2
"Its Leonard here, and phone number is +21344123","इसका लियोनार्ड यहाँ है, और फ़ोन नंबर +21344123 . है",0,0
Thanks for your time. I've processed your request. You'll be receiving a mail to your registered address within the next 48 hours. Is there anything else that I might help you with today?, आपके समय के लिए धन्यवाद। मैंने आपका अनुरोध संसाधित कर दिया है। आपको अगले 48 घंटों के भीतर आपके पंजीकृत पते पर एक मेल प्राप्त होगा। क्या आज मैं आपकी कुछ और मदद कर सकता हूँ?,3,2
bye, अलविदा,2,0
Thank you. My name is Alexander Smith, शुक्रिया। मेरा नाम अलेक्जेंडर स्मिथ है,3,0
hyundai accent, हुंडई एक्सेंट,2,0
OK, ठीक है,2,0
hi good morning, हाय सुप्रभात,3,2
"Sorry sir, could you please elaborate your query? As in, is your phone broken or damaged?"," क्षमा करें सर, क्या आप कृपया अपनी क्वेरी विस्तृत कर सकते हैं? जैसे, क्या आपका फोन टूट गया है या क्षतिग्रस्त हो गया है?",3,0
"Sure! I can't help you in fixing your phone screen, but I can help you get a replacement, would you like me to do that?"," ज़रूर! मैं आपके फ़ोन की स्क्रीन को ठीक करने में आपकी मदद नहीं कर सकता, लेकिन मैं एक प्रतिस्थापन प्राप्त करने में आपकी सहायता कर सकता हूँ, क्या आप चाहते हैं कि मैं ऐसा करूँ?",3,0
thank you, धन्यवाद,2,2
Hello! How may I assist you today?, नमस्ते! आज मैं आपकी मदद किस तरह कर सकता हूँ?,3,0
within how many days your members will assits with me, आपके सदस्य कितने दिनों में मेरे साथ सहयोग करेंगे,2,1
"Thank you, may I know the manufacture year of the car?"," धन्यवाद, क्या मैं कार का निर्माण वर्ष जान सकता हूं?",3,0
i need a proof of insurance for one of  car, मुझे किसी एक कार के लिए बीमा का प्रमाण चाहिए,1,0
You're always welcome! Have a great day ahead!,आपका हमेशा स्वागत है! आगे एक महान दिन हो!,3,2
Great! I'll do my best to help you with a replacement. Please may I know your name?, महान! मैं एक प्रतिस्थापन के साथ आपकी मदद करने की पूरी कोशिश करूंगा। कृपया क्या मैं आपका नाम जान सकता हूँ?,3,2
Hi, नमस्ते,2,0
"Awesome, Could you please help me with the last four digits of your SSN?"," बहुत बढ़िया, क्या आप कृपया अपने SSN के अंतिम चार अंकों के साथ मेरी मदद कर सकते हैं?",3,0
Surely! I'd be glad to help you with that. Could you please help me with your full name and the last 4 digits of your SSN number?,निश्चित रूप से! मुझे इसमें आपकी मदद करने में खुशी होगी। क्या आप कृपया अपना पूरा नाम और अपने एसएसएन नंबर के अंतिम 4 अंकों के साथ मेरी मदद कर सकते हैं?,3,0
Thank you. Could you please share the car details you'd require a proof of? I'll be asking you few questions in this regard., शुक्रिया। क्या आप कृपया कार विवरण साझा कर सकते हैं जिसके लिए आपको प्रमाण की आवश्यकता होगी? इस संबंध में मैं आपसे कुछ प्रश्न पूछूंगा।,3,0
GOOD DAY, अच्छा दिन,3,2
Perfect! May I please know the make and model of the car insured?, उत्तम! क्या मैं कृपया बीमाकृत कार का मेक और मॉडल जान सकता हूँ?,3,0
nothing else, और कुछ नहीं,1,0
Hope we are connected?, आशा है कि हम जुड़े हुए हैं?,2,0
HEY WAIT A SECOND.., अरे एक सेकंड रुको..,3,0
KEERTHANA, कीर्तन,0,0
Hello there! How may I help you today?, नमस्ते! आज मैं आपकी कैसे मदद कर सकता हूँ?,3,0
You're always welcome! Have a great day ahead!,आपका हमेशा स्वागत है! आगे एक महान दिन हो!,3,2
rajan@gmail.com, rajan@gmail.com,0,0
2015,2015,0,0
Hello. My iPhone's screen just cracked. I have insurance on my phone. Will you please help?, नमस्ते। मेरे iPhone की स्क्रीन बस टूट गई। मेरे फोन पर बीमा है। क्या आप कृपया मदद करेंगे?,3,1
ok thanks, ठीक है धन्यवाद,3,0
"Thank you Joseph for sharing the information.  To proceed with your query I'd require few details of the car, could you please help me with that?","जानकारी साझा करने के लिए जोसेफ को धन्यवाद। आपकी क्वेरी के साथ आगे बढ़ने के लिए मुझे कार के कुछ विवरणों की आवश्यकता होगी, क्या आप कृपया इसमें मेरी मदद कर सकते हैं?",3,2
bye bye, अलविदा,2,0
Sure! What would you like to know about your claim?, ज़रूर! आप अपने दावे के बारे में क्या जानना चाहेंगे?,3,0
"Roselyn Pennington
", रोज़लिन पेनिंगटन,0,0
Awesome! Would you please help me with your contact number and email address?, बहुत बढ़िया! क्या आप कृपया अपने संपर्क नंबर और ईमेल पते के साथ मेरी मदद करेंगे?,3,2
Thank You so much., आपका बहुत-बहुत धन्यवाद।,3,2
"Sure, Nathan! Please could you share your SSN?"," ज़रूर, नाथन! क्या आप अपना एसएसएन साझा कर सकते हैं?",2,0
I am Sandhya., मैं संध्या हूँ।,2,0
Awesome! And the claim number would be?, बहुत बढ़िया! और दावा संख्या होगी?,3,2
its honda, इसकी होंडा,0,0
"Thank you for providing all the information and we'll now go ahead and deliver the entire documents at your mailing address on a file soon.
", सभी जानकारी प्रदान करने के लिए धन्यवाद और अब हम आगे बढ़ेंगे और जल्द ही एक फ़ाइल पर आपके डाक पते पर संपूर्ण दस्तावेज़ वितरित करेंगे।,3,2
MY PHONE WAS DAMAGED, मेरा फोन खराब हो गया था,0,1
Yes! I'll need a copy of proof of one of my cars on urgent basis., हाँ! मुझे तत्काल आधार पर अपनी एक कार के प्रमाण की एक प्रति की आवश्यकता होगी।,2,0
ok, ठीक है,2,0
My phone screen is cracked., मेरे फोन की स्क्रीन टूट गई है।,1,1
Alright! Would you please share the last four digits of your SSN?, ठीक है! क्या आप कृपया अपने SSN के अंतिम चार अंक साझा करेंगे?,3,0
Have a great day, आपका दिन अच्छा रहे,2,2
Okay thank you, ठीक है धन्यवाद,3,2
"Sure! I'll be able to help you know that, may I please know your full name?"," ज़रूर! मैं यह जानने में आपकी मदद कर सकूंगा, क्या मैं आपका पूरा नाम जान सकता हूं?",3,0
Hello sir., नमस्ते महोदय।,3,0
rtw675432786, आरटीडब्ल्यू675432786,0,0
"Great! Thank you for staying connected, Your documents are ready and will be delivered to your address at the earliest."," महान! जुड़े रहने के लिए धन्यवाद, आपके दस्तावेज तैयार हैं और जल्द से जल्द आपके पते पर पहुंचा दिए जाएंगे।",3,2
fgt 258963147 jki 258, एफजीटी 258963147 जेकी 258,0,0
"Yes! sure! I'll definitely help you out in getting your insurance copy, but for that would you please help me with your details?"," हाँ! ज़रूर! मैं आपकी बीमा प्रति प्राप्त करने में निश्चित रूप से आपकी मदद करूंगा, लेकिन क्या आप कृपया अपने विवरण के साथ मेरी मदद करेंगे?",3,2
"yes , I have an insured iphone that cracked its screen , what are the steps that i should do to get the insurance cover"," हां, मेरे पास एक बीमाकृत आईफोन है जिसकी स्क्रीन खराब हो गई है, बीमा कवर प्राप्त करने के लिए मुझे क्या कदम उठाने चाहिए?",2,0
aronvan shgaii, अरोनवन शगाइ,0,0
Suresh may I know the make and the model of the car?, सुरेश क्या मैं कार का मेक और मॉडल जान सकता हूं?,2,0
no, नहीं,1,1
MY NAME SHARAN ROY, मेरा नाम शरण रॉय,1,0
Great! I'll also require the information about the make and model of the car could you please help?,"महान! मुझे कार के मेक और मॉडल के बारे में भी जानकारी की आवश्यकता होगी, क्या आप कृपया मदद कर सकते हैं?",3,2
thank you. good bye., शुक्रिया। अलविदा।,3,0
"Sure, take your own time but do make it quick."," ज़रूर, अपना समय लें लेकिन इसे जल्दी करें।",2,1
Perfect! May I also know the year of manufacture?, उत्तम! क्या मैं निर्माण का वर्ष भी जान सकता हूँ?,2,2
Could you please share your complete phone number?, क्या आप कृपया अपना पूरा फोन नंबर साझा कर सकते हैं?,3,0
"That's awesome, I'd also require your claim number?","यह बढ़िया है, मुझे आपकी दावा संख्या की भी आवश्यकता होगी?",3,2
Sure thing! Could you please let me know your name and the last 4 digits of your SSN?, अवश्य! क्या आप कृपया मुझे अपना नाम और अपने SSN के अंतिम 4 अंक बता सकते हैं?,3,0
Oh no! That's so sad. I'll definitely help you with this concern. before that I'll require your details to pull up your profile. May I know your full name please?, धत्तेरे की! ये बहुत दुख की बात है। मैं निश्चित रूप से इस चिंता में आपकी मदद करूंगा। इससे पहले मुझे आपकी प्रोफ़ाइल खींचने के लिए आपके विवरण की आवश्यकता होगी। क्या मैं आपका पूरा नाम जान सकता हूँ?,3,1
Hello my iPhone screen just cracked. I have insurance for it., हैलो मेरे iPhone की स्क्रीन अभी टूट गई है। मेरे पास इसका बीमा है।,3,1
Saravana Nadarajan, सरवण नादराजन,0,0
Amazing! Please allow me a moment to check in the details., अद्भुत! कृपया मुझे विवरण देखने के लिए कुछ समय दें।,3,2
"Hello! How may I help you, today?", नमस्ते! मैं आज आपकी क्या मदद कर सकता हूँ?,3,0
name: pavithra, नाम: पवित्रा,0,0
sure., ज़रूर।,2,0
"Awesome! Thank you for providing the information, Could you please allow me a minute or two, while I get this done for you?"," बहुत बढ़िया! जानकारी प्रदान करने के लिए धन्यवाद, क्या आप कृपया मुझे एक या दो मिनट का समय दे सकते हैं, जबकि मैं आपके लिए यह कर रहा हूं?",3,2
I'm glad to help you. Have a great day. Bye., मैं आपकी मदद करके खुश हूँ। आपका दिन अच्छा रहे। अलविदा।,3,2
"I'll be glad to assist you with that, may I know your name and the last 4 digits of SSN?"," मुझे इसमें आपकी सहायता करने में खुशी होगी, क्या मैं आपका नाम और SSN के अंतिम 4 अंक जान सकता हूँ?",3,0
OK THANKS, ठीक है धन्यवाद,3,2
"Thank you for staying connected. I'd like to inform you that, I've initiated a request for a replacement of your broken phone with a brand new phone. You'll be receiving it within three days. I request you to send the current broken device in the return envelope. ","जुड़े रहने के लिए धन्यवाद। मैं आपको सूचित करना चाहता हूं कि, मैंने आपके टूटे हुए फोन को एक नए फोन से बदलने के लिए एक अनुरोध शुरू किया है। आपको यह तीन दिनों के भीतर प्राप्त हो जाएगा। मैं आपसे अनुरोध करता हूं कि वर्तमान टूटे हुए उपकरण को रिटर्न लिफाफे में भेजें।",3,1
Henrey.F, हेनरी.एफ,0,0
HI, नमस्ते,2,0
"Alright! I've contacted the concerned team, they'll mail you the copy of your car insurance proof on the registered address. you'll receive it within 2 business days. however, if you fail to receive it, reach out to us immediately we are available here 24*7. "," ठीक है! मैंने संबंधित टीम से संपर्क किया है, वे आपको पंजीकृत पते पर आपके कार बीमा प्रमाण की प्रति मेल करेंगे। आप इसे 2 व्यावसायिक दिनों के भीतर प्राप्त कर लेंगे। हालांकि, अगर आप इसे प्राप्त करने में विफल रहते हैं, तो तुरंत हमसे संपर्क करें हम यहां 24*7 उपलब्ध हैं।",2,2
no, नहीं,1,1
Hello! A very good evening to you. How may I help you today?, नमस्ते! आपके लिए एक बहुत ही शुभ संध्या। आज मैं आपकी कैसे मदद कर सकता हूँ?,3,2
Thanks Rene! May I please know the phone number ?, धन्यवाद रेने! क्या मैं कृपया फोन नंबर जान सकता हूं?,3,2
2017,2017,0,0
I IPHONE SCREEN WAS BROKEN PLEASE FIX MY PHONE, मैं आईफोन स्क्रीन टूट गया था कृपया मेरा फोन ठीक करें,2,1
Good Morning!, शुभ प्रभात!,3,2
A very good morning. How may I help you today?, एक बहुत अच्छी सुबह। आज मैं आपकी कैसे मदद कर सकता हूँ?,3,2
Sorry? Why do you want the insurance copy of my car?, माफ़ करना? आप मेरी कार की बीमा प्रति क्यों चाहते हैं?,2,1
"Great! Thank you for staying connected, Your documents are ready and will be delivered to your address at the earliest."," महान! जुड़े रहने के लिए धन्यवाद, आपके दस्तावेज तैयार हैं और जल्द से जल्द आपके पते पर पहुंचा दिए जाएंगे।",3,2
8798786756,8798786756,0,0
i need a proof of insurance for one of  car, मुझे किसी एक कार के लिए बीमा का प्रमाण चाहिए,1,0
"Awesome! Thank you for sharing the information. Could you please allow me a minute or two, while I get this done for you?"," बहुत बढ़िया! जानकारी साझा करने के लिए धन्यवाद। क्या आप कृपया मुझे एक या दो मिनट का समय दे सकते हैं, जबकि मैं आपके लिए यह कर रहा हूँ?",3,2
RAJ MAHA, राज महा,0,0
I need a proof of insurance for my car., मुझे अपनी कार के लिए बीमा का प्रमाण चाहिए।,2,0
Alright! Thank you so much for reaching out to us. Goodbye. Have a nice day ahead!, ठीक है! हमसे संपर्क करने के लिए आपका बहुत-बहुत धन्यवाद। अलविदा। आपका दिन अच्छा हों!,3,2
HI, नमस्ते,2,0
Is there anything else I may help you with for today?, क्या कुछ और है जो मैं आज के लिए आपकी मदद कर सकता हूँ?,2,0
yes.., हां..,2,0
"Thank you for providing all the information and we'll now go ahead and deliver the entire documents at your mailing address on a file soon.
", सभी जानकारी प्रदान करने के लिए धन्यवाद और अब हम आगे बढ़ेंगे और जल्द ही एक फ़ाइल पर आपके डाक पते पर संपूर्ण दस्तावेज़ वितरित करेंगे।,3,2
hi, नमस्ते,2,0
"Awesome! Thank you for the details, as you've already have an insurance. We're glad to provide you the replacement, please give me a minute to proceed further."," बहुत बढ़िया! विवरण के लिए धन्यवाद, क्योंकि आपके पास पहले से ही एक बीमा है। हमें आपको प्रतिस्थापन प्रदान करने में प्रसन्नता हो रही है, कृपया मुझे आगे बढ़ने के लिए एक मिनट दें।",3,2
Jonathan Buchanan, जोनाथन बुकानन,0,0
"Perfect! I appreciate your effort, please stay connected while I check with the status of your claim."," उत्तम! मैं आपके प्रयास की सराहना करता हूं, जब तक मैं आपके दावे की स्थिति की जांच करता हूं, कृपया जुड़े रहें।",3,2
Perfect! Thank you. I'll also require the claim number to check the system., उत्तम! शुक्रिया। सिस्टम की जांच के लिए मुझे दावा संख्या की भी आवश्यकता होगी।,3,2
WSE564, WSE564,0,0
I have insurance for it, मेरे पास इसका बीमा है,1,0
Thank you. I hope that all your queries are cleared?, शुक्रिया। मुझे आशा है कि आपके सभी प्रश्नों का समाधान हो गया होगा?,3,2
Ok, ठीक,0,0
Daniel Annie,डेनियल एनी,0,0
"Sure, Peter! Please could you share the complete policy number?"," ज़रूर, पीटर! क्या आप पूरी पॉलिसी संख्या साझा कर सकते हैं?",3,0
hai, हाय,2,0
"Aliana Saunders
", अलियाना सॉन्डर्स,0,0
You're welcome! Would there be anything else I may assist you with?, आपका स्वागत है! क्या कुछ और होगा जिसमें मैं आपकी सहायता कर सकूं?,3,2
OK, ठीक है,2,0
Hey! How may I help you today?, अरे! आज मैं आपकी कैसे मदद कर सकता हूँ?,3,0
8963,8963,0,0
yes please taylor, हाँ कृपया टेलर,2,0
THANK YOU FOR YOUR SUPPORT, आपके सहयोग के लिए धन्यवाद,3,2
ash142563789, राख142563789,0,0
l00, l00,0,0
please fix my mobile screen, कृपया मेरे मोबाइल स्क्रीन को ठीक करें,3,0
need for fixing the phone screen, फोन स्क्रीन को ठीक करने की आवश्यकता,1,0
You're always welcome! Have a great day ahead! Bye!, आपका हमेशा स्वागत है! आगे एक महान दिन हो! अलविदा!,3,2
"Hey Santhose, Could you please share your phone number and email address?"," हे Santhose, क्या आप कृपया अपना फ़ोन नंबर और ईमेल पता साझा कर सकते हैं?",3,0
YES, हां,2,2
DINESH KARTHICH, दिनेश कार्तिक,2,0
1874,1874,0,0
ok, ठीक है,2,0
its 5749, इसका 5749,0,0
AUDIA6, ऑडियो6,0,0
"yes,"," हां,",2,0
TIBET UNIR, तिब्बत यूनिरो,0,0
no, नहीं,1,1
Hi, नमस्ते,3,0
"Sure, please could you also share the car's make and model? This will help me identify with the vehicle!"," ज़रूर, क्या आप कार का मेक और मॉडल भी साझा कर सकते हैं? इससे मुझे वाहन की पहचान करने में मदद मिलेगी!",3,0
Hello there! A very good morning to you. How may I help you today?, नमस्ते! आपके लिए एक बहुत ही शुभ प्रभात। आज मैं आपकी कैसे मदद कर सकता हूँ?,3,2
Hello! Good morning! I hope you are having a great day! How may I help you today?, नमस्ते! सुबह बख़ैर! मुझे आशा है कि आपका समय बहुत अच्छा बीत रहा है! आज मैं आपकी कैसे मदद कर सकता हूँ?,3,2
Pleasure is all mine. Kindly note the website- www.insuranceproof.com where you can place your issues and our team will get back to you within few minutes to help you out. You can reach out to us on 678-458-224 available 24x7 at your service.," यह तो मेरा सौभाग्य है। कृपया वेबसाइट- www.insuranceproof.com पर ध्यान दें, जहां आप अपनी समस्याएं रख सकते हैं और हमारी टीम आपकी सहायता के लिए कुछ ही मिनटों में आपसे संपर्क करेगी। आप अपनी सेवा में 24x7 उपलब्ध 678-458-224 पर हमसे संपर्क कर सकते हैं।",3,2
Thank you for the information. Kindly allow me a moment while I check this for you., जानकारी के लिए धन्यवाद। कृपया मुझे एक क्षण दें जब तक मैं आपके लिए यह जांचता हूं।,3,2
Is there anything else I may help you wit?, क्या कुछ और है जो मैं आपकी बुद्धि में मदद कर सकता हूँ?,2,0
"Hey, Good morning!  How may I help you today?", अरे गुड मॉर्निंग! आज मैं आपकी कैसे मदद कर सकता हूँ?,3,0
Thanks for staying connected. I've processed your request. You'll be receiving a mail to your registered address in the next 48 hours. Is there anything else that I might help you with?, जुड़े रहने के लिए धन्यवाद। मैंने आपका अनुरोध संसाधित कर दिया है। आपको अगले 48 घंटों में आपके पंजीकृत पते पर एक मेल प्राप्त होगा। क्या कुछ और है जिसमें मैं आपकी मदद कर सकता हूं?,3,2
"That's awesome, I'd also require your claim number?","यह बढ़िया है, मुझे आपकी दावा संख्या की भी आवश्यकता होगी?",3,2
Thank you! Please could you confirm the details?, आपको धन्यवाद! क्या आप कृपया विवरण की पुष्टि कर सकते हैं?,3,0
"Sure! Of course, I'll definitely help you in getting your insurance proof copy. To proceed further I'll require your personal and car details. May I know your full name please?","ज़रूर! बेशक, मैं आपकी बीमा प्रमाण प्रति प्राप्त करने में निश्चित रूप से आपकी सहायता करूंगा। आगे बढ़ने के लिए मुझे आपके व्यक्तिगत और कार विवरण की आवश्यकता होगी। क्या मैं आपका पूरा नाम जान सकता हूँ?",3,0
YOUR WONDERFUL INFORMATIOM, आपकी अद्भुत जानकारी,2,2
hi, नमस्ते,2,0
Thina may I know the make and the model of your car?, थिना क्या मैं आपकी कार का मेक और मॉडल जान सकता हूं?,2,0
YES, हां,2,2
I hope we are connected?, मुझे आशा है कि हम जुड़े हुए हैं?,2,0
no, नहीं,1,1
"I appreciate your patience! As I've checked with my resources, I see that the payment has already been initiated and you'll receive the check within 3 business days. I hope this will be helpful."," मैं आपके धैर्य की सराहना करता हूँ! जैसा कि मैंने अपने संसाधनों से जांच की है, मैंने देखा कि भुगतान पहले ही शुरू हो चुका है और आपको 3 कार्यदिवसों के भीतर चेक प्राप्त हो जाएगा। मुझे उम्मीद है कि ये मददगार होगा।",3,2
"A very good morning!I'll be glad to assist you with that, may I know your name and the last 4 digits of SSN?","सुप्रभात!उसमें आपकी सहायता करने में मुझे खुशी होगी, क्या मैं आपका नाम और एसएसएन के अंतिम 4 अंक जान सकता हूँ?",3,2
"OK , HAVE A GREAT DAY", ठीक है आपका दिन अच्छा हो,2,2
99089877657,99089877657,0,0
Hello there! How may I assist you today?, नमस्ते! आज मैं आपकी मदद किस तरह कर सकता हूँ?,3,0
PHONE NUMBER - 541-025-6917, फोन नंबर - 541-025-6917,0,0
Amazing! Thanks for sharing your details. Just give me a minute while I go ahead and request for your duplicate copy of your car insurance.,अद्भुत! अपना विवरण साझा करने के लिए धन्यवाद। बस मुझे एक मिनट का समय दें और मैं आपके कार बीमा की डुप्लीकेट कॉपी के लिए अनुरोध करता हूं।,3,2
I do, मैं करता हूँ,1,0
"I apologize sir, as you are not being cooperative I'll be closing the chat."," मैं क्षमा चाहता हूँ महोदय, क्योंकि आप सहयोग नहीं कर रहे हैं, मैं चैट बंद कर रहा हूँ।",3,1
Thank you for the information. Kindly allow me a moment to process your request for the car insurance policy please., जानकारी के लिए धन्यवाद। कृपया मुझे कार बीमा पॉलिसी के लिए आपके अनुरोध को संसाधित करने के लिए एक क्षण दें।,3,0
AUDI A3, ऑडी ए3,0,0
hi, नमस्ते,2,0
"Thank you Frances, may I know the make and model of the car?"," धन्यवाद फ्रांसिस, क्या मैं कार का मेक और मॉडल जान सकता हूं?",3,0
"Great! Thank you for bringing this up to us, hope that was useful. We are always grateful to have customers like you. Good Day!"," महान! इसे हमारे सामने लाने के लिए धन्यवाद, आशा है कि यह उपयोगी था। आप जैसे ग्राहकों के लिए हम हमेशा आभारी हैं। अच्छा दिन!",3,2
Great! Thanks for the information. Kindly allow me a moment while I check this for you., महान! सूचना के लिए धन्यवाद। कृपया मुझे एक क्षण दें जब तक मैं आपके लिए यह जांचता हूं।,3,2
"Thank you Harry, may I know the policy number and the claim number as well?"," धन्यवाद हैरी, क्या मैं पॉलिसी नंबर और दावा संख्या भी जान सकता हूं?",3,0
ramu, रामू,0,0
"Yes, Thank you", हाँ धन्यवाद,3,2
MEH4729, MEH4729,0,0
could you please help me with your policy number?, क्या आप कृपया मुझे अपने पॉलिसी नंबर के साथ मदद कर सकते हैं?,3,0
"Alright! Have a great day, goodbye."," ठीक है! आपका दिन शुभ हो, अलविदा।",3,2
rubani eew, रुबानी ईव,0,0
"Lockman Janice, SSN : 9405 "," लॉकमैन जेनिस, एसएसएन: 9405",0,0
FFJ258, FFJ258,0,0
I'm Betriz, मैं Betriz हूँ,1,0
555-89-8765, 555-89-8765,0,0
no, नहीं,1,1
"Perfect! Thank you for all the details, please give me a minute to proceed further. "," उत्तम! सभी विवरणों के लिए धन्यवाद, कृपया मुझे आगे बढ़ने के लिए एक मिनट दें।",3,2
"Alright! Have a great day, goodbye."," ठीक है! आपका दिन शुभ हो, अलविदा।",3,2
Hello there! How may I help you today?, नमस्ते! आज मैं आपकी कैसे मदद कर सकता हूँ?,3,0
Could you please share your complete phone number?, क्या आप कृपया अपना पूरा फोन नंबर साझा कर सकते हैं?,3,0
Hello! How may I help you today?, नमस्ते! आज मैं आपकी कैसे मदद कर सकता हूँ?,3,0
"I hope you have a great day ahead. Goodbye! 
", मुझे आशा है कि आपके लिए आगे एक अच्छा दिन होगा। अलविदा!,3,2
You're welcome. May I confirm if all your questions have been answered for today?, आपका स्वागत है। क्या मैं पुष्टि कर सकता हूँ कि क्या आज के लिए आपके सभी प्रश्नों का उत्तर दे दिया गया है?,3,2
"I appreciate your patience! As I see, you have insured your phone while making the purchase, I've created a replacement for your phone, and I request you to send the current broken device in the return envelope. I hope this helps.","मैं आपके धैर्य की सराहना करता हूँ! जैसा कि मैंने देखा, आपने खरीदारी करते समय अपने फोन का बीमा किया है, मैंने आपके फोन के लिए एक प्रतिस्थापन बनाया है, और मैं आपसे अनुरोध करता हूं कि आप वर्तमान टूटे हुए डिवाइस को रिटर्न लिफाफे में भेजें। आशा है कि ये आपकी मदद करेगा।",3,0
"In order to get a proof of insurance, please visit insurance.com website. Is there anything I might help you with?"," बीमा का प्रमाण प्राप्त करने के लिए, कृपया Insurance.com वेबसाइट पर जाएं। क्या कोई ऐसी चीज है जिसमें मैं आपकी मदद कर सकता हूं?",3,0
i want to know the status of my claim, मैं अपने दावे की स्थिति जानना चाहता हूं,3,0
"I NEED  status of claim
-+--------------------------------------------------------------------------------------------------------",मुझे दावे की स्थिति चाहिए -+------------------------------------------ -------------------------------------------------- -----------,1,0
ok, ठीक है,2,0
KJN124, केजेएन124,0,0
I NEED STATUS OF MY INSURANCE, मुझे अपने बीमा की स्थिति चाहिए,2,0
That's nice! Could you please allow me a moment to proceed with the request., यह अच्छा है! क्या आप कृपया मुझे अनुरोध के साथ आगे बढ़ने के लिए एक क्षण की अनुमति दे सकते हैं।,3,2
Thank you. May I also get the email address associated with the account?, शुक्रिया। क्या मुझे खाते से संबद्ध ईमेल पता भी मिल सकता है?,3,0
hi, नमस्ते,2,0
no Thanks," जी नहीं, धन्यवाद",3,1
896 876 8964, 896 876 8964,0,0
"Thank you for staying connected, I'd like to inform you that the payment has been sent and it'll reach you in the next 3 business days. "," जुड़े रहने के लिए धन्यवाद, मैं आपको सूचित करना चाहता हूं कि भुगतान भेज दिया गया है और यह अगले 3 व्यावसायिक दिनों में आप तक पहुंच जाएगा।",3,0
Great! Thanks for the information. Kindly allow me a moment while I check this for you., महान! सूचना के लिए धन्यवाद। कृपया मुझे एक क्षण दें जब तक मैं आपके लिए यह जांचता हूं।,3,2
thank you, धन्यवाद,2,2
hai, हाय,2,0
tharsilv, थार्सिल्व,0,0
Hi Casey, हाय केसी,3,0
"Perfect! Thank you for sharing the information. Could you please allow me a moment, while I get this done for you?","उत्तम! जानकारी साझा करने के लिए धन्यवाद। क्या आप कृपया मुझे एक क्षण की अनुमति दे सकते हैं, जबकि मैं यह आपके लिए करवाता हूं?",3,2
"Thank you for staying connected. I'd like to inform your that, I've initiated a request for a replacement. You'll be receiving it within three days. I request you to send the current broken device in the return envelope. "," जुड़े रहने के लिए धन्यवाद। मैं आपको सूचित करना चाहता हूं कि, मैंने प्रतिस्थापन के लिए एक अनुरोध शुरू किया है। आपको यह तीन दिनों के भीतर प्राप्त हो जाएगा। मैं आपसे अनुरोध करता हूं कि वर्तमान टूटे हुए उपकरण को रिटर्न लिफाफे में भेजें।",3,1
May I know the year the car was manufactured?, क्या मुझे पता चल सकता है कि कार का निर्माण किस वर्ष किया गया था?,2,0
"nothing else, thanks"," और कुछ नहीं, धन्यवाद",3,0
pis help, पेशाब सहायता,0,0
Could you please be specific with the query?, क्या आप कृपया क्वेरी के साथ विशिष्ट हो सकते हैं?,3,0
Wonderful! Thank you for reaching out to us. Have a nice day. Bye., अद्भुत! हमसे संपर्क की पहल के लिए आपका धन्यवाद। आपका दिन शुभ हो। अलविदा।,3,2
"My pleasure. Anything else I may help you out with?
", मेरा सौभाग्य। कुछ और मैं आपकी मदद कर सकता हूं?,3,2
Thanks. Could you please share your registered mail id? You shall receive it at your registered mailing address.,धन्यवाद। क्या आप कृपया अपनी पंजीकृत मेल आईडी साझा कर सकते हैं? आप इसे अपने पंजीकृत डाक पते पर प्राप्त करेंगे।,3,0
You're welcome. I'll be happy if I could be of any more help for you today., आपका स्वागत है। मुझे खुशी होगी अगर मैं आज आपकी और मदद कर सकूं।,3,2
Hello there! How many I help you today?, नमस्ते! आज मैं आपकी कितनी मदद करता हूँ?,3,0
"Oh no! I would love to help you, but I don't have that option to apply for your car insurance. However, you can contact our customer service team on 65653. "," धत्तेरे की! मुझे आपकी मदद करना अच्छा लगेगा, लेकिन मेरे पास आपकी कार बीमा के लिए आवेदन करने का विकल्प नहीं है। हालाँकि, आप हमारी ग्राहक सेवा टीम से 65653 पर संपर्क कर सकते हैं।",3,1
i want my car insurance proof, मुझे अपनी कार बीमा प्रमाण चाहिए,2,0
Would there be anything else that I may help you with?, क्या कुछ और होगा जिससे मैं आपकी मदद कर सकूं?,2,0
"WHAT ABOUT MY INSURANCE CLAIM STATUS?

", मेरे बीमा दावे की स्थिति के बारे में क्या?,1,0
Anwar to find your documents I'll be needing more details. Could you help me out with the policy number and the claim number?, अनवर आपके दस्तावेज़ खोजने के लिए मुझे और विवरण की आवश्यकता होगी। क्या आप पॉलिसी नंबर और क्लेम नंबर के बारे में मेरी मदद कर सकते हैं?,3,0
"Thank you so much. And I'll also need the claim number to process your request. 
", बहुत-बहुत धन्यवाद। और मुझे आपके अनुरोध को संसाधित करने के लिए दावा संख्या की भी आवश्यकता होगी।,3,0
"That's awesome, I'd also require your claim number?","यह बढ़िया है, मुझे आपकी दावा संख्या की भी आवश्यकता होगी?",3,2
my name jayanthi, मेरा नाम जयंती,2,0
5983,5983,0,0
wait, रुको,0,0
"Thank you, Mr Novak. Please could you share the contact number?"," धन्यवाद, श्री नोवाक। क्या आप संपर्क नंबर साझा कर सकते हैं?",3,0
Perfect! Please share your personal e-mail id with me., उत्तम! कृपया अपनी व्यक्तिगत ई-मेल आईडी मेरे साथ साझा करें।,3,0
Nothing Bye, कुछ नहीं अलविदा,2,0
nothing, कुछ नहीं,1,0
would you please let me know why do want to fix your mobile screen?, क्या आप कृपया मुझे बताएंगे कि आप अपनी मोबाइल स्क्रीन को क्यों ठीक करना चाहते हैं?,3,0
ok, ठीक है,2,0
thank you mate, धन्यवाद मेरे साथी,3,2
Alright! May I please know the make and model of the car insured for identification?, ठीक है! क्या मैं पहचान के लिए बीमाकृत कार का मेक और मॉडल जान सकता हूं?,2,0
OK, ठीक है,2,0
"Thank you for staying connected. I'd like to inform you that the payment is initiated and the amount will be credited to your account within 3 business days. However, if you don't received the amount, kindly get back to us immediately. 
","जुड़े रहने के लिए धन्यवाद। मैं आपको सूचित करना चाहता हूं कि भुगतान शुरू हो गया है और राशि 3 व्यावसायिक दिनों के भीतर आपके खाते में जमा कर दी जाएगी। हालांकि, अगर आपको राशि प्राप्त नहीं हुई है, तो कृपया तुरंत हमसे संपर्क करें।",3,0
Awesome! Could you please provide the policy number?, बहुत बढ़िया! क्या आप कृपया पॉलिसी नंबर प्रदान कर सकते हैं?,3,2
Hey there! Good morning. How may I help you?, सुनो! सुबह बख़ैर। क्या मेरे द्वारा आपकी कोई सहायता हो सकती है?,3,0
"I really appreciate for your patience, as you've already insured your device with our company. We'd be glad to provide the replacement, the replacement only takes places once we receive the broken device in an envelope. "," मैं वास्तव में आपके धैर्य की सराहना करता हूं, क्योंकि आपने पहले ही हमारी कंपनी के साथ अपने डिवाइस का बीमा कर लिया है। हमें प्रतिस्थापन प्रदान करने में खुशी होगी, प्रतिस्थापन केवल तभी होता है जब हम टूटे हुए उपकरण को एक लिफाफे में प्राप्त करते हैं।",3,2
"Thank you Siva, to proceed further I'd require the make and model of the car. Could you please provide me the details?"," धन्यवाद शिवा, आगे बढ़ने के लिए मुझे कार के मेक और मॉडल की आवश्यकता होगी। क्या आप कृपया मुझे विवरण प्रदान कर सकते हैं?",3,0
"Perfect! Now, I'll require your car details as well. Could you please help me with the make and model of your car?"," उत्तम! अब, मुझे आपकी कार के विवरण की भी आवश्यकता होगी। क्या आप कृपया अपनी कार के मेक और मॉडल के बारे में मेरी मदद कर सकते हैं?",3,2
Hope we're connected?, आशा है कि हम जुड़े हुए हैं?,0,0
GOOD MORNING, शुभ प्रभात,2,0
MY POLICY NUMBER . KMU987600223, मेरी पॉलिसी नंबर। KMU987600223,1,0
Wonderful! Thank you so much for connecting to us. I'm glad to assist you today. have a great ahead! We are always available here 27*7 to help you out., अद्भुत! हमसे जुड़ने के लिए आपका बहुत-बहुत धन्यवाद। मुझे आज आपकी सहायता करने में खुशी हो रही है। आगे बहुत अच्छा है! हम आपकी सहायता के लिए यहां हमेशा 27*7 उपलब्ध हैं।,3,2
ok, ठीक है,2,0
muthusamy, मुथुसामी,0,0
Thank you very much, आपका बहुत बहुत धन्यवाद,3,2
alagu, अलगू,0,0
sorry the model its a s500, क्षमा करें मॉडल इसका s500 . है,2,1
No thanks," जी नहीं, धन्यवाद",3,1
2014,2014,0,0
Hello! Good morning! How may I help you today?, नमस्ते! सुबह बख़ैर! आज मैं आपकी कैसे मदद कर सकता हूँ?,3,0
"Great! Could you please share the details of the car, like it's make and the model?","महान! क्या आप कृपया कार के बारे में विवरण साझा कर सकते हैं, जैसे कि यह मेक और मॉडल है?",3,0
"Thank you, may I know the make and model of the car? "," धन्यवाद, क्या मैं कार का मेक और मॉडल जान सकता हूं?",3,0
"I'm good, Thanks. How are you?", मैँ ठीक हूँ धन्यवाद। क्या हाल है?,3,2
You're welcome! I'm glad I could resolve this for you. Have an awesome day!,आपका स्वागत है! मुझे खुशी है कि मैं इसे आपके लिए हल कर सका। आपका दिन कमाल का रहे!,3,2
Kumas could you help me out with your policy number?, कुमास क्या आप अपनी पॉलिसी नंबर के साथ मेरी मदद कर सकते हैं?,3,0
6556,6556,0,0
johnson, जॉनसन,1,0
ravi, रवि,0,0
128,128,0,0
ok.., ठीक है..,2,0
no thanks," जी नहीं, धन्यवाद",3,1
"I'll help you with that however, I'd require your name. Could you please let me know your name?"," मैं इसमें आपकी मदद करूंगा हालांकि, मुझे आपके नाम की आवश्यकता होगी। क्या आप कृपया मुझे अपना नाम बता सकते हैं?",3,0
Good bye, अलविदा,3,0
I'll be glad to assist you with it. Please could you share your name and SSN?, मुझे इसमें आपकी सहायता करने में खुशी होगी। क्या आप अपना नाम और एसएसएन साझा कर सकते हैं?,3,0
ok, ठीक है,2,0
I'll help you with that. May I know your name?, मैं इसमें आपकी मदद करूंगा। मैं आपका नाम जान सकता हुँ?,3,0
"Hello, I need proof of insurance for one of my vehicles."," नमस्ते, मुझे अपने एक वाहन के लिए बीमा का प्रमाण चाहिए।",3,0
great, महान,2,2
HI, नमस्ते,2,0
"Sure! I am Elizabeth, and my last four digits are 5458"," ज़रूर! मैं एलिज़ाबेथ हूँ, और मेरे अंतिम चार अंक 5458 हैं",2,0
thank you, धन्यवाद,2,2
"Thank you for the details, please give me a minute to proceed further."," विवरण के लिए धन्यवाद, कृपया मुझे आगे बढ़ने के लिए एक मिनट दें।",3,0
HI, नमस्ते,2,0
my mobile phone is damaged, मेरा मोबाइल फोन खराब हो गया है,1,1
Thanks for staying connected. I've processed your request. You'll be receiving a mail to your registered address in the next 48 hours. Is there anything else that I might help you with?, जुड़े रहने के लिए धन्यवाद। मैंने आपका अनुरोध संसाधित कर दिया है। आपको अगले 48 घंटों में आपके पंजीकृत पते पर एक मेल प्राप्त होगा। क्या कुछ और है जिसमें मैं आपकी मदद कर सकता हूं?,3,2
audi a5, ऑडी ए5,0,0
Aria Bristol., आरिया ब्रिस्टल।,0,0
Hey there! Good morning. How may I help you?, सुनो! सुबह बख़ैर। क्या मेरे द्वारा आपकी कोई सहायता हो सकती है?,3,0
I need a proof of my car insurance policy., मुझे अपनी कार बीमा पॉलिसी का प्रमाण चाहिए।,2,0
balraj, बलराजी,0,0
"Alright! Thank you so much for being patient and cooperating with us. I just spoke to our team, you'll have to visit our branch and there our associate will help you. You'll have to carry the insurance proof and other credentials as well. I hope that was clear? "," ठीक है! धैर्य रखने और हमारे साथ सहयोग करने के लिए आपका बहुत-बहुत धन्यवाद। मैंने अभी हमारी टीम से बात की है, आपको हमारी शाखा में जाना होगा और वहां हमारे सहयोगी आपकी मदद करेंगे। आपको बीमा प्रमाण और अन्य साख भी साथ रखनी होगी। मुझे आशा है कि यह स्पष्ट था?",3,2
May I confirm your information to be correct?, क्या मैं आपकी जानकारी के सही होने की पुष्टि कर सकता हूँ?,3,0
No sir. Thank you very much., नहीं साहब। आपका बहुत बहुत धन्यवाद।,3,0
thanks, धन्यवाद,2,2
"Perfect! Now, I'd require your car details, Would you please help me with the make and the model of the car?"," उत्तम! अब, मुझे आपकी कार के विवरण की आवश्यकता होगी, क्या आप कृपया कार के मेक और मॉडल के बारे में मेरी मदद करेंगे?",3,2
anu@gmail.com, अनु@gmail.com,0,0
ok thank you, ठीक है धन्यवाद,3,0
Sure! I'll change that. don't worry., ज़रूर! मैं इसे बदल दूंगा। चिंता मत करो।,2,0
NOTHING ELSE, और कुछ नहीं,2,0
You're welcome! Is there anything else I may assist you in?, आपका स्वागत है! क्या कुछ और है जिसमें मैं आपकी सहायता कर सकता हूँ?,2,2
esaki, एसाकी,0,0
You're welcome! Should I confirm that all you queries have been resolved for today?, आपका स्वागत है! क्या मुझे इस बात की पुष्टि करनी चाहिए कि आज के लिए आपके सभी प्रश्नों का समाधान कर दिया गया है?,2,2
I hope we are still connected., मुझे आशा है कि हम अभी भी जुड़े हुए हैं।,2,2
:),:),0,2
Great! Thanks for the information. Kindly allow me a moment while I check this for you., महान! सूचना के लिए धन्यवाद। कृपया मुझे एक क्षण दें जब तक मैं आपके लिए यह जांचता हूं।,3,2
Sure. I'll help you with that. May I know your name and the last 4 digits of the SSN please?, ज़रूर। मैं इसमें आपकी मदद करूंगा। क्या मैं आपका नाम और SSN के अंतिम 4 अंक जान सकता हूँ?,3,0
Maruti suzuki Brezza 2018, मारुति सुजुकी ब्रेज़ा 2018,0,0
"Hey Madhana, Would you please help me with your insurance policy number?"," हे मधाना, क्या आप कृपया अपनी बीमा पॉलिसी नंबर के साथ मेरी मदद करेंगे?",3,0
Thanks for staying connected. I've processed your request. You'll be receiving a mail to your registered address in the next 48 hours. Is there anything else that I might help you with?, जुड़े रहने के लिए धन्यवाद। मैंने आपका अनुरोध संसाधित कर दिया है। आपको अगले 48 घंटों में आपके पंजीकृत पते पर एक मेल प्राप्त होगा। क्या कुछ और है जिसमें मैं आपकी मदद कर सकता हूं?,3,2
You too, आप भी,0,0
Thanks for being so cooperative! I'm glad to inform you that I have processed your request the proof document for your car will be reaching you within 2 day. Anything else I may help you in?," इतना सहयोगी होने के लिए धन्यवाद! मुझे आपको यह बताते हुए खुशी हो रही है कि मैंने आपके अनुरोध को संसाधित कर दिया है, आपकी कार के लिए प्रमाण दस्तावेज 2 दिनों के भीतर आप तक पहुंच जाएगा। कुछ और मैं आपकी मदद कर सकता हूँ?",3,2
hi, नमस्ते,2,0
bye, अलविदा,2,0
"Sorry to keep you waiting, I've processed the request, you may receive the documents in a short span of time at your address."," आपको प्रतीक्षा करते रहने के लिए क्षमा करें, मैंने अनुरोध संसाधित कर दिया है, आप अपने पते पर कम समय में दस्तावेज़ प्राप्त कर सकते हैं।",3,0
Awesome! Is there anything more that I may help you with?, बहुत बढ़िया! क्या कुछ और है जिसमें मैं आपकी मदद कर सकता हूं?,3,2
ok thank you have a nice day, ठीक है धन्यवाद आपका दिन शुभ हो,3,2
Amazing! Thanks for sharing all that information. I'll quickly go ahead and make a request for your duplicate insurance copy., अद्भुत! वह सारी जानकारी साझा करने के लिए धन्यवाद। मैं जल्दी से आगे बढ़कर आपकी डुप्लीकेट बीमा प्रति के लिए अनुरोध करूंगा।,3,2
ok, ठीक है,2,0
HELLO GOOD MORNING ROBIN, हैलो गुड मॉर्निंग रॉबिन,3,2
"Sure, i am waiting"," ज़रूर, मैं इंतज़ार कर रहा हूँ",2,0
"That's not a problem, I'll definitely help you with this. May I know your first and last name please?"," यह कोई समस्या नहीं है, मैं निश्चित रूप से इसमें आपकी मदद करूंगा। क्या मैं आपका पहला और अंतिम नाम जान सकता हूँ?",3,0
Awesome! And the claim number would be?, बहुत बढ़िया! और दावा संख्या होगी?,3,2
my phone was damaged, मेरा फोन खराब हो गया था,0,1
MAKE : TOYOTA MODEL: 4RUNNER, बनाना: टोयोटा मॉडल: 4रनर,0,0
I wish to fix my screen.  it is broken. can you help me?, मैं अपनी स्क्रीन ठीक करना चाहता हूं। यह टूटा हुअा है। क्या आप मेरी मदद कर सकते हैं?,3,0
You're welcome! Is there anything else I may assist you with?, आपका स्वागत है! क्या कुछ और है जिसमें मैं आपकी सहायता कर सकता हूं?,2,2
harry johnson, हैरी जॉनसन,1,0
"Hello! Surely, I'll help you with it. Please may I know your name?"," नमस्ते! ज़रूर, मैं इसमें आपकी मदद करूँगा। कृपया क्या मैं आपका नाम जान सकता हूँ?",3,0
CLAIM NUMBER: BVN920, दावा संख्या: बीवीएन920,0,0
ok, ठीक है,2,0
Harris Webb, हैरिस वेब,0,0
Thanks Raja! May I please know the last 4 digits of your SSN?,धन्यवाद राजा! क्या मैं आपके SSN के अंतिम 4 अंक जान सकता हूँ?,3,0
"Awesome! Thank you for all the information, please allow me a moment while I do the needful. "," बहुत बढ़िया! सभी जानकारी के लिए धन्यवाद, कृपया मुझे एक क्षण दें जबकि मैं आवश्यक कार्य करता हूं।",3,2
ok, ठीक है,2,0
"Thank you for being Patient, I've processed the request made by you the proof documents will be reaching you in 2 days at your registered address. . Is there anything I may help you in?"," धैर्यवान होने के लिए धन्यवाद, मैंने आपके द्वारा किए गए अनुरोध को संसाधित कर दिया है प्रूफ दस्तावेज़ आपके पंजीकृत पते पर 2 दिनों में आप तक पहुंच जाएंगे। . क्या कोई ऐसी चीज है जिसमें मैं आपकी मदद कर सकता हूं?",3,2
Thank you! Would there be anything else I may assist you with?, आपको धन्यवाद! क्या कुछ और होगा जिसमें मैं आपकी सहायता कर सकूं?,3,2
SSN - 5268, एसएसएन - 5268,0,0
"Braedon Boyer
", ब्रेडन बोयर,0,0
NAME - DRHRUN SEIT, नाम - द्रुण सीट,0,0
"Is there anything else I may help you out with today?
", क्या आज मैं आपकी कुछ और मदद कर सकता हूँ?,2,0
sure it is DBY396287452, सुनिश्चित करें कि यह डीबीवाई396287452 है,2,0
Yes! Sure! I'll certainly help you in checking your claim status. Before that I would require your details. May I know your full name please?, हाँ! ज़रूर! मैं आपके दावे की स्थिति की जांच करने में निश्चित रूप से आपकी सहायता करूंगा। इससे पहले मुझे आपके विवरण की आवश्यकता होगी। क्या मैं आपका पूरा नाम जान सकता हूँ?,3,0
SAANVI AANYA, सानवी अनन्या,0,0
"i ask for   fixing the phone screen 
", मैं फोन स्क्रीन ठीक करने के लिए कहता हूँ,1,0
vino and 5610, वीनो और 5610,1,0
678 657 8909, 678 657 8909,0,0
thats nice, यह अच्छा है,0,2
2015,2015,0,0
Hello! I'll help you out with that! May I know your name?, नमस्ते! मैं इसमें आपकी मदद करूंगा! मैं आपका नाम जान सकता हुँ?,3,0
My car's bumper was damaged., मेरी कार का बंपर क्षतिग्रस्त हो गया।,1,1
Sure!, ज़रूर!,2,0
MAKE: TOYOTA MODEL: DYNA, बनाना: टोयोटा मॉडल: डायना,0,0
Cool! Could you share the car details please? I will need the make and model of the car?, ठंडा! क्या आप कृपया कार का विवरण साझा कर सकते हैं? मुझे कार के मेक और मॉडल की आवश्यकता होगी?,3,0
wow.. cool, वाह शांत,3,2
yes., हां।,2,0
2011,2011,0,0
Hi need insurance proof of my registered car, नमस्ते मेरी पंजीकृत कार का बीमा प्रमाण चाहिए,3,0
Harini could you please help me out with the policy number and the claim number to check with the status of the claim?, हरिणी क्या आप क्लेम की स्थिति जानने के लिए पॉलिसी नंबर और क्लेम नंबर के साथ मेरी मदद कर सकते हैं?,3,0
"Make : Audi, Model : R8, Year Manufactured : 2016 "," बनाना: ऑडी, मॉडल: R8, निर्मित वर्ष: 2016",0,0
"I hope you have a great day ahead. Goodbye! 
", मुझे आशा है कि आपके लिए आगे एक अच्छा दिन होगा। अलविदा!,3,2
"I'm so sorry, but I won't be able to share that information with you. However, I can personally do it for you. Would that be okay?"," मुझे खेद है, लेकिन मैं वह जानकारी आपके साथ साझा नहीं कर पाऊंगा। हालाँकि, मैं इसे व्यक्तिगत रूप से आपके लिए कर सकता हूँ। क्या यह ठीक रहेगा?",3,0
You're welcome! Would there be anything else I may assist you with?, आपका स्वागत है! क्या कुछ और होगा जिसमें मैं आपकी सहायता कर सकूं?,3,2
I want fix my screen, मुझे अपनी स्क्रीन ठीक करनी है,2,0
"Hello! I'll be glad to help, could you please go ahead and elaborate your query as to weather your phone is broken?","नमस्ते! मुझे आपकी मदद करने में खुशी होगी, क्या आप कृपया आगे बढ़ सकते हैं और अपने प्रश्न को विस्तृत कर सकते हैं कि आपका फ़ोन किस मौसम में खराब हुआ है?",3,0
"I cannot help you with the screen fixing however, there can be a replacement for the broken phone. Will that be fine?"," मैं स्क्रीन फिक्सिंग में आपकी मदद नहीं कर सकता हालांकि, टूटे हुए फोन को बदला जा सकता है। क्या यह ठीक रहेगा?",1,0
Awesome! Your payment has been sent already. You'll receive that within 3 days. Is there anything else I might help you with?, बहुत बढ़िया! आपका भुगतान पहले ही भेजा जा चुका है। वह आपको 3 दिनों के भीतर मिल जाएगा। क्या कुछ और है जिसमें मैं आपकी मदद कर सकता हूं?,3,2
THANKING FOR YOUR SOBBOT, आपके SOBBOT . के लिए धन्यवाद,3,2
8569,8569,0,0
Thanks Narin! Could you please share your contact number and your email address?, धन्यवाद नरेन! क्या आप कृपया अपना संपर्क नंबर और अपना ईमेल पता साझा कर सकते हैं?,3,2
ok thanks, ठीक है धन्यवाद,3,0
ok, ठीक है,2,0
Have a nice day Sam.. Take care..Bye, आपका दिन शुभ हो सैम.. ध्यान रखना..अलविदा,2,0
THIS IS LEELA, यह लीला है,2,0
wow.. cool, वाह शांत,3,2
ramarkari91@gmail.com, ramarkari91@gmail.com,0,0
paludi madurai, पलुडी मदुरै,0,0
Hi, नमस्ते,2,0
Awesome! Just give me a minute while I make a request on your behalf for an insurance proof copy.," बहुत बढ़िया! जब तक मैं आपकी ओर से बीमा प्रमाण की प्रति के लिए अनुरोध करता हूँ, तब तक मुझे बस एक मिनट दें।",3,2
My iPhone screen was just cracked., मेरे iPhone की स्क्रीन अभी टूट गई थी।,1,1
i need a proof of insurance for one of the car, मुझे कार में से किसी एक के लिए बीमा का प्रमाण चाहिए,1,0
My pleasure! Thank you for reaching out to us. Have a wonderful day ahead., मेरा सौभाग्य! हमसे संपर्क की पहल के लिए आपका धन्यवाद। आगे एक शानदार दिन हो।,3,2
sorry.. I would need a pfoof of insurance for my mercedes D 2014 too., क्षमा करें.. मुझे अपनी मर्सिडीज डी 2014 के लिए भी बीमा की आवश्यकता होगी।,3,0
"Perfect! I'll also be needing your claim number, please help me with it."," उत्तम! मुझे आपकी दावा संख्या की भी आवश्यकता होगी, कृपया इसमें मेरी सहायता करें।",3,2
"Yes, I want to know my four wheeler insurance ","हाँ, मैं अपना चौपहिया बीमा जानना चाहता हूँ",2,0
That's nice! May I please know the year of manufacture?, यह अच्छा है! क्या मैं कृपया निर्माण का वर्ष जान सकता हूँ?,3,0
Hey Stephen! Would you please help me with your policy number?, अरे स्टीफन! क्या आप कृपया मुझे अपने पॉलिसी नंबर के साथ मदद करेंगे?,3,0
Hello! How may I help you today?, नमस्ते! आज मैं आपकी कैसे मदद कर सकता हूँ?,3,0
hi, नमस्ते,2,0
9865236587,9865236587,0,0
ok, ठीक है,2,0
Great! May I please know the year manufacture?, महान! क्या मैं कृपया वर्ष निर्माण के बारे में जान सकता हूँ?,3,2
i need fixing screen on my phone.my phone screen is damaged, मुझे अपने फ़ोन की स्क्रीन ठीक करने की ज़रूरत है। मेरे फ़ोन की स्क्रीन खराब हो गई है,1,0
Name: Karthi.M, नाम: कार्थी। एम,2,0
Hello! How may I assist you today?, नमस्ते! आज मैं आपकी मदद किस तरह कर सकता हूँ?,3,0
ok, ठीक है,2,0
I have a green 1999 Ford Taurus conventrable, मेरे पास एक हरे रंग की 1999 की फोर्ड टॉरस कॉन्वेंटेबल है,1,0
nothing else, और कुछ नहीं,1,0
"Thanks for waiting so patiently, I've contacted the concerned team, They'll send you a mail of your duplicate copy insurance proof on your registered address. which you'll probably receive within 2 business days. "," इतने धैर्य से प्रतीक्षा करने के लिए धन्यवाद, मैंने संबंधित टीम से संपर्क किया है, वे आपको आपके पंजीकृत पते पर आपकी डुप्लीकेट कॉपी बीमा प्रमाण की एक मेल भेजेंगे। जो आपको संभवत: 2 कार्यदिवसों के भीतर प्राप्त हो जाएगा।",3,1
"Awesome! Thanks for choosing us, hope you have a wonderful day ahead! "," बहुत बढ़िया! हमें चुनने के लिए धन्यवाद, आशा है कि आपका आने वाला दिन शानदार हो!",3,2
"Perfect! Thank you for the details, please give me a minute."," उत्तम! विवरण के लिए धन्यवाद, कृपया मुझे एक मिनट दें।",3,2
7896454325,7896454325,0,0
thank you so much for your help, आपकी मदद के लिए बहुत - बहुत धन्यवाद,3,2
Nivashab@gmail.com, निवासाब@gmail.com,0,0
Perfect! would you please share your claim number?, उत्तम! क्या आप कृपया अपना दावा नंबर साझा करेंगे?,3,2
"Absolutely! I'll be glad to help, could you please let me know your full name?"," बिल्कुल! मुझे मदद करने में खुशी होगी, क्या आप कृपया मुझे अपना पूरा नाम बता सकते हैं?",3,2
ok, ठीक है,2,0
nothing, कुछ नहीं,1,0
WHAT IS THE STATUS OF MY INSURANCE CLAIM, मेरे बीमा दावे की स्थिति क्या है,1,0
"Sorry,My iphone screen cracked."," क्षमा करें, मेरे iPhone की स्क्रीन टूट गई।",3,1
OK THANKS, ठीक है धन्यवाद,3,2
"I'd like to inform you that for the documentation to proceed, I'll require few details of the car like the make and the model. Could you please share them?"," मैं आपको सूचित करना चाहता हूं कि दस्तावेज़ीकरण आगे बढ़ने के लिए, मुझे कार के मेक और मॉडल जैसे कुछ विवरणों की आवश्यकता होगी। क्या आप कृपया उन्हें साझा कर सकते हैं?",3,0
I'll let you know you know about it. May I know your name?, मैं आपको इसके बारे में बता दूंगा। मैं आपका नाम जान सकता हुँ?,3,0
Surely. Thank you so much! Please allow me a minute to work on it., निश्चित रूप से। बहुत-बहुत धन्यवाद! कृपया मुझे इस पर काम करने के लिए एक मिनट का समय दें।,3,0
Are we connected?, क्या हम जुड़े हुए हैं?,0,0
"I really appreciate for your patience, as you've already insured your device with our company. We'd be glad to provide the replacement, the replacement only takes places once we receive the broken device in an envelope. "," मैं वास्तव में आपके धैर्य की सराहना करता हूं, क्योंकि आपने पहले ही हमारी कंपनी के साथ अपने डिवाइस का बीमा कर लिया है। हमें प्रतिस्थापन प्रदान करने में खुशी होगी, प्रतिस्थापन केवल तभी होता है जब हम टूटे हुए उपकरण को एक लिफाफे में प्राप्त करते हैं।",3,2
Hello!, नमस्ते!,3,0
shri, श्री,0,0
Great! Have a great day ahead! Looking forward to seeing you soon., महान! आगे एक महान दिन हो! जल्द ही आपको देखने की इच्छा है।,3,2
SSN - 1597, एसएसएन - 1597,0,0
"Don't worry, you may get the SSN by visiting our website www.banker.com.","चिंता न करें, आप हमारी वेबसाइट www.banker.com पर जाकर एसएसएन प्राप्त कर सकते हैं।",2,0
ok, ठीक है,2,0
Yesterday my cell phone screen just cracked., कल मेरे सेल फोन की स्क्रीन फट गई।,1,1
HONDA CRV - 2018, होंडा सीआरवी - 2018,0,0
Perfect! Please allow me a moment to check in the details., उत्तम! कृपया मुझे विवरण देखने के लिए कुछ समय दें।,2,2
"Thank you Sangeetha, may I know the policy number and claim number?"," धन्यवाद संगीता, क्या मैं पॉलिसी नंबर और दावा संख्या जान सकती हूं?",3,0
OK, ठीक है,2,0
I am Siva, मैं शिव हूँ,1,0
Escalade, एस्केलेड,0,0
2176,2176,0,0
ok, ठीक है,2,0
screen teamech, स्क्रीन टीमेक,0,0
ok, ठीक है,2,0
"Awesome! Good to hear from you, thank you for reaching out to us. Have a great day ahead"," बहुत बढ़िया! आपसे सुनकर अच्छा लगा, हमसे संपर्क करने के लिए धन्यवाद। आगे एक महान दिन हो",3,2
Hello! Good morning! I hope you are having a great day! What can I do for you today?, नमस्ते! सुबह बख़ैर! मुझे आशा है कि आपका समय बहुत अच्छा बीत रहा है! मैं आज आपके लिये क्या कर सकता हूँ?,3,2
"Surely, thank you. Have a great day! "," ज़रूर, धन्यवाद। आपका दिन अच्छा रहे!",3,2
"Alright! Have a great day, goodbye."," ठीक है! आपका दिन शुभ हो, अलविदा।",3,2
9952685952,9952685952,0,0
OK, ठीक है,2,0
"Thank you, Mr Raj! Please could you share the make and model of the car?"," धन्यवाद, राज जी! क्या आप कार का मेक और मॉडल साझा कर सकते हैं?",3,0
Great! Please give me moment to check., महान! कृपया मुझे जांचने के लिए कुछ समय दें।,3,2
"Please be quick, Charlie."," कृपया जल्दी हो, चार्ली।",2,0
Awesome! Would you please help me with your contact number and email address?, बहुत बढ़िया! क्या आप कृपया अपने संपर्क नंबर और ईमेल पते के साथ मेरी मदद करेंगे?,3,2
2016,2016,0,0
2017,2017,0,0
gha534, घा534,0,0
RAM KUMAR, राम कुमारी,0,0
"You're welcome, is there anything else I could assist you with?"," आपका स्वागत है, क्या कुछ और है जिसमें मैं आपकी सहायता कर सकता हूँ?",2,2
thanks, धन्यवाद,2,2
no sir.rest all are fine.thank you and bye., नहीं सर।बाकी सब ठीक हैं।धन्यवाद और अलविदा।,3,0
"I'd like to inform you that for the documentation to proceed, I'll require few details of the car like the make and the model. Could you please share them?"," मैं आपको सूचित करना चाहता हूं कि दस्तावेज़ीकरण आगे बढ़ने के लिए, मुझे कार के मेक और मॉडल जैसे कुछ विवरणों की आवश्यकता होगी। क्या आप कृपया उन्हें साझा कर सकते हैं?",3,0
Awesome! It was good to assist you. Have a nice day. Bye., बहुत बढ़िया! आपकी सहायता करके अच्छा लगा। आपका दिन शुभ हो। अलविदा।,3,2
Hello again! How may I help you today?, फिर से हैलो! आज मैं आपकी कैसे मदद कर सकता हूँ?,3,0
"That's amazing, Thank you so much for sharing all that details. Allow me a moment while I go ahead and request for your car insurance proof copy."," यह आश्चर्यजनक है, वह सभी विवरण साझा करने के लिए बहुत-बहुत धन्यवाद। मुझे कुछ समय दें और मैं आगे बढ़कर आपकी कार बीमा प्रूफ कॉपी के लिए अनुरोध करता हूं।",3,2
HELLO JESSE, हैलो जेसी,3,0
"Thank you John, may I know the email address associated with the account?"," धन्यवाद जॉन, क्या मैं खाते से संबद्ध ईमेल पता जान सकता हूँ?",3,0
ok, ठीक है,2,0
ok, ठीक है,2,0
saro, सरो,0,0
my phone is damaged ans so please replace the phone, मेरा फोन खराब हो गया है इसलिए कृपया फोन बदल दें,2,1
My name blessy mathew  and last 4 digits of SSN 4565,माई नेम ब्लेसी मैथ्यू और एसएसएन के अंतिम 4 अंक 4565,1,0
Alright! I'll require your car details as well. Could you also please share the make of the car?, ठीक है! मुझे आपकी कार के विवरण की भी आवश्यकता होगी। क्या आप कृपया कार का मेक-अप भी साझा कर सकते हैं?,3,0
Alpina, अल्पना,0,0
-10807, +1-523-654-9631,0,0
my iPhone screen just cracked, मेरे iPhone की स्क्रीन अभी टूट गई है,1,1
can we solve this?, क्या हम इसे हल कर सकते हैं?,2,0
Great! Please allow me a moment to see what could be done., महान! कृपया मुझे यह देखने के लिए एक क्षण दें कि क्या किया जा सकता है।,3,2
"Absolutely, I'm here to help you out. Could you please help me out with your full name? "," बिल्कुल, मैं आपकी मदद करने के लिए यहां हूं। क्या आप कृपया अपने पूरे नाम के साथ मेरी मदद कर सकते हैं?",3,0
pERFECT, उत्तम,0,2
Nothing else, और कुछ नहीं,2,0
maruthicar 750cc 2015, मारुतिकार 750cc 2015,2,0
ice service!, बर्फ सेवा!,2,0
nothing else, और कुछ नहीं,1,0
"Awesome! Thank you for reaching out to us, please feel free to reach out for further concerns. Have a great day ahead!"," बहुत बढ़िया! हमसे संपर्क करने के लिए धन्यवाद, कृपया आगे की चिंताओं के लिए बेझिझक संपर्क करें। आगे एक महान दिन हो!",3,2
I need a copy of insurance for my car, मुझे अपनी कार के लिए बीमा की एक प्रति चाहिए,2,0
yes, हां,2,0
maruthy 750cc 2017, मारुति 750cc 2017,2,0
Perfect! May I know the year of manufacture as wel?, उत्तम! क्या मैं निर्माण का वर्ष भी जान सकता हूँ?,2,2
Thanks. May I know your claim number please?, धन्यवाद। क्या मुझे आपकी दावा संख्या पता हो सकती है?,3,0
Anthony Davis, एंथोनी डेविस,0,0
Amazing! Could you please help me with the email address on the account?, अद्भुत! क्या आप कृपया खाते पर ईमेल पते में मेरी सहायता कर सकते हैं?,3,2
Thank you for staying on hold. I appreciate your patience. I've processed the request for the proof of insurance and it will be delivered in a couple of days at the registered address. Is there anything else that I may help you with?, रुके रहने के लिए धन्यवाद। मैं आपके धैर्य की सराहना करता हूँ। मैंने बीमा के प्रमाण के अनुरोध को संसाधित कर दिया है और इसे कुछ दिनों में पंजीकृत पते पर वितरित कर दिया जाएगा। क्या कुछ और है जिसमें मैं आपकी मदद कर सकता हूं?,3,2
Okay, ठीक,2,2
tye, Tye,0,0
Hello there! How many I help you today?, नमस्ते! आज मैं आपकी कितनी मदद करता हूँ?,3,0
"I need a copy of insurance for my car
", मुझे अपनी कार के लिए बीमा की एक प्रति चाहिए,2,0
"Thank you for reaching out to us, hope that was useful. Have a great day ahead!"," हमसे संपर्क करने के लिए धन्यवाद, आशा है कि यह उपयोगी था। आगे एक महान दिन हो!",3,2
inba, इनबा,0,0
2017,2017,0,0
Lovely! Could you please help me with your contact number and email address?, प्यारा! क्या आप कृपया अपने संपर्क नंबर और ईमेल पते के साथ मेरी मदद कर सकते हैं?,3,2
thanks for your information, आपकी जानकारी के लिए धन्यवाद,3,2
Yeah it is 5678., हाँ यह 5678 है।,0,0
"Perfect! Thank you for sharing the information, Could you please allow me a minute or two, while I do the needful?"," उत्तम! जानकारी साझा करने के लिए धन्यवाद, क्या आप कृपया मुझे एक या दो मिनट का समय दे सकते हैं, जबकि मैं आवश्यक कार्य करता हूं?",3,2
name is robin, नाम रॉबिन है,0,0
2015,2015,0,0
"Veum Cecelia, "," वेम सेसिलिया,",0,0
"Sir, could you please share the information about the make and model of the car please?"," महोदय, क्या आप कृपया कार के मेक और मॉडल के बारे में जानकारी साझा कर सकते हैं?",3,0
You're welcome! Is there anything more that I may help you with?,आपका स्वागत है! क्या कुछ और है जिसमें मैं आपकी मदद कर सकता हूं?,2,2
"Awesome! Thanks for choosing us, hope you have a wonderful day ahead!"," बहुत बढ़िया! हमें चुनने के लिए धन्यवाद, आशा है कि आपका आने वाला दिन शानदार हो!",3,2
My policy number is abd 549845146., मेरा पॉलिसी नंबर अब्द 549845146 है।,1,0
"Jeremiah Manning
", यिर्मयाह मैनिंग,0,0
May i know my claim status?,क्या मैं अपने दावे की स्थिति जान सकता हूँ?,2,0
"Hello there, How may I assist you today?
"," नमस्ते, मैं आज आपकी कैसे सहायता कर सकता हूँ?",3,0
"Thank you for providing the information. The payment was already sent and the check should arrive in 3 working days.
", जानकारी प्रदान करने के लिए धन्यवाद। भुगतान पहले ही भेज दिया गया था और चेक 3 कार्य दिवसों में आ जाना चाहिए।,3,2
Good bye, अलविदा,3,0
ok thankyou, ठीक है धन्यवाद,3,0
615-884-9282, 615-884-9282,0,0
can i get homleand department nearest address, क्या मुझे होमलैंड विभाग का निकटतम पता मिल सकता है,1,0
ok, ठीक है,2,0
2016,2016,0,0
ok, ठीक है,2,0
Hello! Good morning! How may I assist you today?, नमस्ते! सुबह बख़ैर! आज मैं आपकी मदद किस तरह कर सकता हूँ?,3,0
" It's a pleasure assisting you, have a great day! "," आपकी सहायता करना खुशी की बात है, आपका दिन शुभ हो!",3,2
Hello! Good morning! I hope you are having a great day! How may I help you today?, नमस्ते! सुबह बख़ैर! मुझे आशा है कि आपका समय बहुत अच्छा बीत रहा है! आज मैं आपकी कैसे मदद कर सकता हूँ?,3,2
"Ok wonderful, thank you."," ठीक है अद्भुत, धन्यवाद।",3,2
"Hi! I'll be glad to help you with this, could you please elaborate your query?"," नमस्ते! मुझे इसमें आपकी मदद करने में खुशी होगी, क्या आप कृपया अपनी क्वेरी विस्तृत कर सकते हैं?",3,0
Perfect! Would you please share the make and the model of the car?, उत्तम! क्या आप कृपया कार का मेक और मॉडल साझा करेंगे?,3,2
I NEED A PROOF OF INSURANCE FOR ONE OF CARS., मुझे कारों में से एक के लिए बीमा का प्रमाण चाहिए।,1,1
"Dear user, please be conversational and let us know the query. If there's no proper response I'd be forced to end the conversation. "," प्रिय उपयोगकर्ता, कृपया संवादी बनें और हमें प्रश्न बताएं। अगर कोई उचित प्रतिक्रिया नहीं है तो मुझे बातचीत समाप्त करने के लिए मजबूर होना पड़ेगा।",3,1
"Thank you for bringing this up to us, we always grateful to serve customers like you. Have an awesome day!"," इसे हमारे सामने लाने के लिए धन्यवाद, हम आप जैसे ग्राहकों की सेवा करने के लिए हमेशा आभारी हैं। आपका दिन कमाल का रहे!",3,2
ok thank you, ठीक है धन्यवाद,3,0
NO, ना,1,1
The details of the car and also your personal details., कार का विवरण और आपके व्यक्तिगत विवरण भी।,0,0
lease ignore the above message., पट्टा उपरोक्त संदेश को अनदेखा करें।,1,1
vbn987654324, वीबीएन987654324,0,0
2016,2016,0,0
"My iphone screen got cracked, Pleas help to fix the screen"," मेरे iPhone की स्क्रीन खराब हो गई, कृपया स्क्रीन को ठीक करने में मदद करें",3,2
Sure. I'll help you with that. May I know your name and the last 4 digits of the SSN please?, ज़रूर। मैं इसमें आपकी मदद करूंगा। क्या मैं आपका नाम और SSN के अंतिम 4 अंक जान सकता हूँ?,3,0
Sure! We are here to assist you in the best possible way. May I know your full name please?, ज़रूर! हम यहां आपकी सर्वोत्तम संभव तरीके से सहायता करने के लिए हैं। क्या मैं आपका पूरा नाम जान सकता हूँ?,3,2
Policy number : jfh928374637    Claim number : fje928,पॉलिसी संख्या: jfh928374637 दावा संख्या: fje928,0,0
"Hi Sam,"," नमस्ते सैम,",3,0
OK THANK YOU, ठीक है धन्यवाद,3,2
ok, ठीक है,2,0
Thank you very much, आपका बहुत बहुत धन्यवाद,3,2
have a nice day!, आपका दिन शुभ हो!,2,2
"Awesome! Thank you for reaching out to us, please feel free to reach out for further concerns. Have a great day ahead!"," बहुत बढ़िया! हमसे संपर्क करने के लिए धन्यवाद, कृपया आगे की चिंताओं के लिए बेझिझक संपर्क करें। आगे एक महान दिन हो!",3,2
hi sir, नमस्कार श्री मान जी,3,0
Alright! Would you please help me with the make and the model of the car?, ठीक है! क्या आप कृपया कार के मेक और मॉडल के बारे में मेरी मदद करेंगे?,3,0
Awesome! Could you please allow me a moment to initiate the process?, बहुत बढ़िया! क्या आप कृपया मुझे प्रक्रिया शुरू करने के लिए एक क्षण की अनुमति दे सकते हैं?,3,2
YES, हां,2,2
No thanks," जी नहीं, धन्यवाद",3,1
2016,2016,0,0
nothing. have a good day., कुछ नहीं। आपका दिन शुभ हो।,2,1
Awesome! Would you please help me with your contact number and email address?, बहुत बढ़िया! क्या आप कृपया अपने संपर्क नंबर और ईमेल पते के साथ मेरी मदद करेंगे?,3,2
897546321,897546321,0,0
"I highly appreciate your patience, I'd like to inform you that I've found your documents which I will mail to your address and they'll reach you in the next 2 business days. "," मैं आपके धैर्य की अत्यधिक सराहना करता हूं, मैं आपको सूचित करना चाहता हूं कि मुझे आपके दस्तावेज़ मिल गए हैं जिन्हें मैं आपके पते पर डाक से भेजूंगा और वे अगले 2 व्यावसायिक दिनों में आप तक पहुंच जाएंगे।",3,2
"Surely, may I know your first and last name please?"," निश्चित रूप से, क्या मैं आपका पहला और अंतिम नाम जान सकता हूँ?",2,0
thank you so much and my name is inba., बहुत बहुत धन्यवाद और मेरा नाम इनबा है।,3,2
hai, हाय,2,0
Hello! How may I assist you today?, नमस्ते! आज मैं आपकी मदद किस तरह कर सकता हूँ?,3,0
thank u, धन्यवाद,3,2
"I appreciate your patience. I have made a request for the replacement for your phone, it will be sent to you within 24-48 hours. And also, I request you to send the current phone in the return envelope. I hope this will be helpful.","मैं आपके धैर्य की सराहना करता हूँ। मैंने आपके फोन को बदलने के लिए अनुरोध किया है, यह आपको 24-48 घंटों के भीतर भेज दिया जाएगा। और साथ ही, मैं आपसे वर्तमान फोन को रिटर्न लिफाफे में भेजने का अनुरोध करता हूं। मुझे उम्मीद है कि ये मददगार होगा।",3,2
That was all I needed to know. Thank you for all of your help., मुझे बस इतना ही जानना था। आपकी सारी मदद के लिए शुक्रिया।,3,2
Hello there! Good morning! How may I help you today?, नमस्ते! सुबह बख़ैर! आज मैं आपकी कैसे मदद कर सकता हूँ?,3,0
"Thank you for all the details, please give me a minute to proceed further. "," सभी विवरणों के लिए धन्यवाद, कृपया मुझे आगे बढ़ने के लिए एक मिनट दें।",3,0
ok, ठीक है,2,0
Awesome! Could you please help me with your contact number and email address?, बहुत बढ़िया! क्या आप कृपया अपने संपर्क नंबर और ईमेल पते के साथ मेरी मदद कर सकते हैं?,3,2
Hello there! How may I help you?, नमस्ते! क्या मेरे द्वारा आपकी कोई सहायता हो सकती है?,3,0
OK, ठीक है,2,0
Are we connected?, क्या हम जुड़े हुए हैं?,0,0
Could you please provide me your name?, क्या आप कृपया मुझे अपना नाम प्रदान कर सकते हैं?,3,0
hari haran, हरि हरण,0,0
"Hello, Good morning! How may I assist you today?", हैलो सुप्रभात! आज मैं आपकी मदद किस तरह कर सकता हूँ?,3,0
Hey there! How may I help you?, सुनो! क्या मेरे द्वारा आपकी कोई सहायता हो सकती है?,3,0
"Yes of course! I'll certainly help you out in this regards. I would require your details to proceed further. Firstly, May I know your full name please?"," हाँ बिल्कुल! मैं निश्चित रूप से इस संबंध में आपकी मदद करूंगा। आगे बढ़ने के लिए मुझे आपके विवरण की आवश्यकता होगी। सबसे पहले, क्या मैं आपका पूरा नाम जान सकता हूँ?",3,0
"Awesome, Could you please help me with the last four digits of your SSN?"," बहुत बढ़िया, क्या आप कृपया अपने SSN के अंतिम चार अंकों के साथ मेरी मदद कर सकते हैं?",3,0
Alright! May I please know your full name?, ठीक है! क्या मैं आपका पूरा नाम जान सकता हूँ?,3,0
Lovely! May I know your contact number and email address please?, प्यारा! क्या मैं आपका संपर्क नंबर और ईमेल पता जान सकता हूं?,3,2
Thank you for staying on hold. I've a good news. Your payment has been made and it will reach you in 3 days. Is there anything else that I may help you with?, रुके रहने के लिए धन्यवाद। मेरे पास एक अच्छी खबर है। आपका भुगतान कर दिया गया है और यह 3 दिनों में आप तक पहुंच जाएगा। क्या कुछ और है जिसमें मैं आपकी मदद कर सकता हूं?,3,2
LEMISA DALE, लेमिसा डेल,0,0
OK, ठीक है,2,0
I will definitely to visit your branch., मैं निश्चित रूप से आपकी शाखा का दौरा करूंगा।,1,2
Great! Thanks for the information. Kindly allow me a moment while I check this for you., महान! सूचना के लिए धन्यवाद। कृपया मुझे एक क्षण दें जब तक मैं आपके लिए यह जांचता हूं।,3,2
You're welcome! Will there be anyhting else I may assist you in?, आपका स्वागत है! क्या कुछ और होगा जिसमें मैं आपकी सहायता कर सकूं?,2,2
"Thank you! I'd also need the last 4 digits of the SSN.
", आपको धन्यवाद! मुझे एसएसएन के अंतिम 4 अंक भी चाहिए।,3,0
roshan, रोशन:,0,0
Hello there! How may I help you today?, नमस्ते! आज मैं आपकी कैसे मदद कर सकता हूँ?,3,0
Have a great day, आपका दिन अच्छा रहे,2,2
4425,4425,0,0
2013,2013,0,0
Hello there! Good morning! How may I help you today?, नमस्ते! सुबह बख़ैर! आज मैं आपकी कैसे मदद कर सकता हूँ?,3,0
ok great thanks, ठीक है बढ़िया धन्यवाद,3,2
"Oh I'm sorry ,actually it's 2017 model"," ओह आई एम सॉरी, असल में यह 2017 का मॉडल है",3,0
SAN856, सैन856,0,0
Perfect! The document will be mailed to your address on file soon., उत्तम! दस्तावेज़ जल्द ही फ़ाइल पर आपके पते पर भेज दिया जाएगा।,2,2
Great! May I please know the make and model of the car?, महान! क्या मैं कार का मेक और मॉडल जान सकता हूं?,3,2
"Hi! How may I assist you today?
", नमस्ते! आज मैं आपकी मदद किस तरह कर सकता हूँ?,3,0
Awesome! May I know the year the car was made?,बहुत बढ़िया! क्या मुझे पता चल सकता है कि कार किस वर्ष बनी थी?,3,2
2544,2544,0,0
"Sure, thank you. Is there anything else that I might help you with?"," पक्का, आपका धन्यवाद। क्या कुछ और है जिसमें मैं आपकी मदद कर सकता हूं?",3,0
Definitely! I'd be glad to help you with that. Could you please help me with your full name?, निश्चित रूप से! मुझे इसमें आपकी मदद करने में खुशी होगी। क्या आप कृपया अपने पूरे नाम के साथ मेरी मदद कर सकते हैं?,3,2
ok, ठीक है,2,0
YES, हां,2,2
i want to know my claim status, मैं अपने दावे की स्थिति जानना चाहता हूँ,3,0
"Good news! I appreciate your patience in staying connected. I'd like to inform you that, I've processed your query and the documents will be filed and mailed to your address at the earliest."," खुशखबरी! मैं जुड़े रहने में आपके धैर्य की सराहना करता हूं। मैं आपको सूचित करना चाहता हूं कि, मैंने आपकी क्वेरी को संसाधित कर लिया है और दस्तावेज़ जल्द से जल्द आपके पते पर फाइल और मेल कर दिए जाएंगे।",3,2
"Yes sure! I'll definitely help you out in getting your insurance copy, but for that would you please help me with your details?"," हाँ यकीनन! मैं आपकी बीमा प्रति प्राप्त करने में निश्चित रूप से आपकी मदद करूंगा, लेकिन क्या आप कृपया अपने विवरण के साथ मेरी मदद करेंगे?",3,2
bye, अलविदा,2,0
HI, नमस्ते,2,0
Yes sure  my car modal is BMW x5, हाँ सुनिश्चित करें कि मेरी कार मोडल बीएमडब्ल्यू x5 . है,2,0
hi, नमस्ते,2,0
hi, नमस्ते,2,0
Good bye, अलविदा,3,0
Lovely! Could you please share your contact number and email address?,प्यारा! क्या आप कृपया अपना संपर्क नंबर और ईमेल पता साझा कर सकते हैं?,3,2
I'm Bruce, मैं ब्रूस हूँ,1,0
"Awesome! Thanks for choosing us, hope you have a wonderful day ahead! "," बहुत बढ़िया! हमें चुनने के लिए धन्यवाद, आशा है कि आपका आने वाला दिन शानदार हो!",3,2
thank you, धन्यवाद,2,2
"I would be glad to help you out in this regards. May I know your name please?
", मुझे इस संबंध में आपकी मदद करने में खुशी होगी। क्या मैं आपका नाम जान सकता हूँ?,3,0
"Thank for being patient and sharing the information. Could you please allow me a moment, while I do the needful?"," धैर्य रखने और जानकारी साझा करने के लिए धन्यवाद। क्या आप कृपया मुझे एक क्षण की अनुमति दे सकते हैं, जबकि मैं आवश्यक कार्य करता हूं?",3,2
"Sir, your information is very useful to me"," महोदय, आपकी जानकारी मेरे लिए बहुत उपयोगी है",1,2
Yes! Sure! I'll surely help you with this. I'll require details to pull up your profile. May I know your full name please?, हाँ! ज़रूर! मैं इसमें आपकी मदद जरूर करूंगा। मुझे आपकी प्रोफ़ाइल खींचने के लिए विवरण की आवश्यकता होगी। क्या मैं आपका पूरा नाम जान सकता हूँ?,3,2
OK, ठीक है,2,0
Thank you for staying on hold. I've a good news. Your request for the replacement device has been initiated and it will be delivered in 2 days. You need to send the damaged piece in the return envelope. Is there anything else I might help you with?, रुके रहने के लिए धन्यवाद। मेरे पास एक अच्छी खबर है। डिवाइस बदलने के लिए आपका अनुरोध शुरू कर दिया गया है और इसे 2 दिनों में डिलीवर कर दिया जाएगा। आपको क्षतिग्रस्त टुकड़े को रिटर्न लिफाफे में भेजना होगा। क्या कुछ और है जिसमें मैं आपकी मदद कर सकता हूं?,3,0
Thank you so much,बहुत-बहुत धन्यवाद,3,2
Amazing! Could you please give me a minute to check with the resources?, अद्भुत! क्या आप कृपया मुझे संसाधनों की जांच करने के लिए एक मिनट दे सकते हैं?,3,2
"Thank you, Could now help me with the email address associated with the account.
"," धन्यवाद, अब खाते से जुड़े ईमेल पते में मेरी मदद कर सकता है।",3,0
2017,2017,0,0
"Hello! How may I help you, today?", नमस्ते! मैं आज आपकी क्या मदद कर सकता हूँ?,3,0
" of course, help me to SamI'd be glad to help you out, however would you please help me with your query?
"," बेशक, सैम को मेरी मदद करो मुझे आपकी मदद करने में खुशी होगी, लेकिन क्या आप कृपया अपनी क्वेरी में मेरी मदद करेंगे?",3,0
HMM OKAY, हम्म ठीक है,2,2
"That's bad, How may I help you in this?"," यह बुरा है, मैं इसमें आपकी कैसे मदद कर सकता हूं?",2,1
Camila could you also help me out with the make and the model of your car?,कैमिला क्या आप अपनी कार के मेक और मॉडल में भी मेरी मदद कर सकती हैं?,3,0
Awesome! Could you please help me with the make and model of the car?, बहुत बढ़िया! क्या आप कृपया कार के मेक और मॉडल के बारे में मेरी मदद कर सकते हैं?,3,2
Great! Could you please share your registered mobile number with me?, महान! क्या आप कृपया अपना पंजीकृत मोबाइल नंबर मेरे साथ साझा कर सकते हैं?,3,2
"hi, i need to know about my policy claim status can you assist me"," नमस्ते, मुझे अपनी पॉलिसी के दावे की स्थिति के बारे में जानने की जरूरत है, क्या आप मेरी सहायता कर सकते हैं",3,0
Hello! How may I help you today?, नमस्ते! आज मैं आपकी कैसे मदद कर सकता हूँ?,3,0
agent insurance, एजेंट बीमा,0,0
"David, could you also help me out with the make and the model of the car for which you need the copy of insurance? "," डेविड, क्या आप कार के मेक और मॉडल के बारे में भी मेरी मदद कर सकते हैं जिसके लिए आपको बीमा की प्रति की आवश्यकता है?",3,0
maruthi 1000 year 2010, मारुति 1000 वर्ष 2010,2,0
nothing else, और कुछ नहीं,1,0
May I know the make of the car?, क्या मुझे कार का मेक पता चल सकता है?,2,0
ok, ठीक है,2,0
yes, हां,2,0
I have a car but I see that I don't have an insurance proof for it. Would you be able to help me in getting that., मेरे पास एक कार है लेकिन मैं देखता हूं कि मेरे पास इसका बीमा प्रमाण नहीं है। क्या आप इसे प्राप्त करने में मेरी सहायता कर सकेंगे।,3,0
ok thank you, ठीक है धन्यवाद,3,0
no, नहीं,1,1
"Awesome! I just spoke to the concerned team, you can visit our nearest store they'll help you in this regard. you'll have to show them your insurance copy proof give them the required details. they'll do the best possible for you. I hope that would be okay?","बहुत बढ़िया! मैंने अभी संबंधित टीम से बात की है, आप हमारे नजदीकी स्टोर पर जा सकते हैं, वे इस संबंध में आपकी मदद करेंगे। आपको उन्हें अपना बीमा प्रति प्रमाण दिखाना होगा और उन्हें आवश्यक विवरण देना होगा। वे आपके लिए हर संभव कोशिश करेंगे। मुझे आशा है कि यह ठीक होगा?",3,1
"My pleasure! Have a great day, goodbye."," मेरा सौभाग्य! आपका दिन शुभ हो, अलविदा।",3,2
Always a pleasure assisting a valuable customer like you. Have a great day ahead. Looking forward to seeing you soon., आप जैसे मूल्यवान ग्राहक की सहायता करने में हमेशा खुशी होती है। आगे एक महान दिन हो। जल्द ही आपको देखने की इच्छा है।,3,2
You're welcome! May I confirm if all your questions have been answered for the day?, आपका स्वागत है! क्या मैं पुष्टि कर सकता हूँ कि क्या उस दिन के लिए आपके सभी प्रश्नों का उत्तर दे दिया गया है?,3,2
No! Nothing else. Have an awesome weekend!, नहीं! और कुछ नहीं। एक शानदार सप्ताहांत हो!,3,2
"Awesome!! Thank you so much for being so patient and cooperative. As I can see here your payment has been initiated, you'll receive the check within 3 business days. However, if you don't receive the check kindly, contact us immediately. I hope that would be okay?","बहुत बढ़िया!! इतने धैर्यवान और सहयोगी होने के लिए आपका बहुत-बहुत धन्यवाद। जैसा कि मैं यहां देख सकता हूं कि आपका भुगतान शुरू कर दिया गया है, आपको 3 कार्यदिवसों के भीतर चेक प्राप्त हो जाएगा। हालांकि, अगर आपको चेक नहीं मिलता है, तो कृपया हमसे तुरंत संपर्क करें। मुझे आशा है कि यह ठीक होगा?",3,2
Thanks. Please note that the documents of proof shall reach you within 48 working hours. Pleasure helping you. You can reach us at 673-735-073 for any queries. Good day!, धन्यवाद। कृपया ध्यान दें कि सबूत के दस्तावेज 48 कार्य घंटों के भीतर आप तक पहुंच जाएंगे। आपकी मदद करने में खुशी। आप किसी भी प्रश्न के लिए 673-735-073 पर हमसे संपर्क कर सकते हैं। अच्छा दिन!,3,0
Are we connected., क्या हम जुड़े हुए हैं।,0,0
"Perfect! Thank you for sharing the information. Could you please allow me a moment, while I get this done for you?","उत्तम! जानकारी साझा करने के लिए धन्यवाद। क्या आप कृपया मुझे एक क्षण की अनुमति दे सकते हैं, जबकि मैं यह आपके लिए करवाता हूं?",3,2
sure ok, ज़रूर,2,0
Yes Thank U, हाँ धन्यवाद यू,3,2
"Sorry to keep you wait, please help me with your full name."," आपको प्रतीक्षा करने के लिए क्षमा करें, कृपया अपने पूरे नाम के साथ मेरी सहायता करें।",3,0
"Thank you Julie, may I know the make and model of the car?"," धन्यवाद जूली, क्या मैं कार का मेक और मॉडल जान सकती हूं?",3,0
ok i will do it today itself, ठीक है मैं इसे आज ही करूँगा,2,0
"Thank you Jessica, could you please let me know the policy and claim number?","धन्यवाद जेसिका, क्या आप कृपया मुझे पॉलिसी और दावा संख्या बता सकते हैं?",3,0
Thank you. Please allow me a minute to get this done., शुक्रिया। कृपया मुझे इसे पूरा करने के लिए एक मिनट का समय दें।,3,0
Awesome! Would you please help me with the year the car was manufactured?, बहुत बढ़िया! क्या आप कृपया मुझे उस वर्ष में मदद करेंगे जिस वर्ष कार का निर्माण किया गया था?,3,2
I'm sorry. That's the claim number. Please could you share the policy number?, मुझे माफ़ करें। वह दावा संख्या है। क्या आप पॉलिसी नंबर साझा कर सकते हैं?,3,0
2014,2014,0,0
1928,1928,0,0
honda jazz, होंडा जैज,0,0
A very good morning. How may I help you today?, एक बहुत अच्छी सुबह। आज मैं आपकी कैसे मदद कर सकता हूँ?,3,2
no thanks," जी नहीं, धन्यवाद",3,1
"Thank you Edson, may I know the email address associated with the account?"," धन्यवाद एडसन, क्या मैं खाते से जुड़ा ईमेल पता जान सकता हूं?",3,0
"Alright! Have a great day, goodbye."," ठीक है! आपका दिन शुभ हो, अलविदा।",3,2
ok, ठीक है,2,0
I appreciate your patience. Please note your claim amount has been verified and initiated. You shall receive your check within 3 working days., मैं आपके धैर्य की सराहना करता हूँ। कृपया ध्यान दें कि आपकी दावा राशि सत्यापित और शुरू कर दी गई है। आपको अपना चेक 3 कार्य दिवसों के भीतर प्राप्त हो जाएगा।,3,2
"You're welcome! It is always a pleasure to assist valuable customer like you, have a great day. Goodbye."," आपका स्वागत है! आप जैसे मूल्यवान ग्राहक की सहायता करना हमेशा खुशी की बात होती है, आपका दिन शुभ हो। अलविदा।",3,2
I want fix my screen, मुझे अपनी स्क्रीन ठीक करनी है,2,0
"I'd like to inform you that for the documentation to proceed, I'll require few details of the car like the make and the model. Could you please share them?"," मैं आपको सूचित करना चाहता हूं कि दस्तावेज़ीकरण आगे बढ़ने के लिए, मुझे कार के मेक और मॉडल जैसे कुछ विवरणों की आवश्यकता होगी। क्या आप कृपया उन्हें साझा कर सकते हैं?",3,0
"Thank you Aravindh, could you please let me know the claim number and the policy number as well?"," धन्यवाद अरविंद, क्या आप कृपया मुझे दावा संख्या और पॉलिसी संख्या भी बता सकते हैं?",3,0
Hey there! How may I help you?, सुनो! क्या मेरे द्वारा आपकी कोई सहायता हो सकती है?,3,0
please help me to fix the screen, कृपया स्क्रीन को ठीक करने में मेरी मदद करें,3,0
Nila could you help me out with your policy number?, नीला क्या आप अपनी पॉलिसी नंबर के साथ मेरी मदद कर सकते हैं?,3,0
Thanks again! Could you please confirm the policy and claim number?, एक बार फिर धन्यवाद! क्या आप कृपया पॉलिसी और दावा संख्या की पुष्टि कर सकते हैं?,3,2
Sure. I'll help you with that. May I know your name and the last 4 digits of the SSN please?, ज़रूर। मैं इसमें आपकी मदद करूंगा। क्या मैं आपका नाम और SSN के अंतिम 4 अंक जान सकता हूँ?,3,0
MY STATUS CLAIIM, मेरी स्थिति का दावा,1,0
Hey there! How may I help you today?, सुनो! आज मैं आपकी कैसे मदद कर सकता हूँ?,3,0
12145853210,12145853210,0,0
RAKSHITHA, रक्षित:,2,0
"Oh Sure! That won't be a problem at all. Certainly, I'll help you. May I know your full name?"," ओह यकीनन! यह बिल्कुल भी समस्या नहीं होगी। ज़रूर, मैं आपकी मदद करूँगा। क्या मैं आपका पूरा नाम जान सकता हूँ?",3,0
"You're welcome! Glad I could be of help, have a great day. Goodbye."," आपका स्वागत है! खुशी है कि मैं मदद कर सका, आपका दिन शुभ हो। अलविदा।",3,2
hai, हाय,2,0
639 458 1296,639 458 1296,0,0
"Perfect! Thanks for waiting, I've contacted the concerned team and they'll mail you the copy of your insurance proof on your registered address. which you'll receive within 48 hours. would that be okay?"," उत्तम! प्रतीक्षा करने के लिए धन्यवाद, मैंने संबंधित टीम से संपर्क किया है और वे आपके पंजीकृत पते पर आपके बीमा प्रमाण की प्रति आपको मेल करेंगे। जो आपको 48 घंटों के भीतर प्राप्त हो जाएगा। क्या यह ठीक रहेगा?",3,2
"I hope you have a great day ahead. Goodbye! 
", मुझे आशा है कि आपके लिए आगे एक अच्छा दिन होगा। अलविदा!,3,2
Hello there! How may I assist you today?, नमस्ते! आज मैं आपकी मदद किस तरह कर सकता हूँ?,3,0
SSN: 4152, एसएसएन: 4152,0,0
the status of your claim., आपके दावे की स्थिति।,0,0
Sarath.S, सरथ.एस,0,0
WHICH GOT CRACKED, जो टूट गया,2,0
hai, हाय,2,0
SWIFT DIZIRE, स्विफ्ट डिजायर,0,0
Sorry to hear that! I'll definitely help with that. Could you please help me with your full name?, ऐसा सुनने के लिए क्षमा करें! मैं इसमें जरूर मदद करूंगा। क्या आप कृपया अपने पूरे नाम के साथ मेरी मदद कर सकते हैं?,3,0
I AM VERY HAPPY TO SPEAK YOU, मुझे आपसे बात करने में बहुत खुशी हो रही है,3,2
Thanks for the useful information.., उपयोगी जानकारी के लिए धन्यवाद..,3,2
Sure! Please could you help me with your SSN?, ज़रूर! कृपया आप अपने एसएसएन के साथ मेरी मदद कर सकते हैं?,3,0
I'll surely help you with that. Could you please provide with the last 4 digits of the SSN?, मैं इसमें आपकी जरूर मदद करूंगा। क्या आप कृपया SSN के अंतिम 4 अंक प्रदान कर सकते हैं?,3,0
The last 4 digits of your SSN?, आपके SSN के अंतिम 4 अंक?,0,0
Thank You so much., आपका बहुत-बहुत धन्यवाद।,3,2
"Shayla Cameron
", शायला कैमरून,0,0
Hello! Good morning! I hope you are having a great day! How may I help you today?, नमस्ते! सुबह बख़ैर! मुझे आशा है कि आपका समय बहुत अच्छा बीत रहा है! आज मैं आपकी कैसे मदद कर सकता हूँ?,3,2
Hello! Good morning. How may I help you today?, नमस्ते! सुबह बख़ैर। आज मैं आपकी कैसे मदद कर सकता हूँ?,3,0
"Sure, we are here to help you. May I know your full name please?"," ज़रूर, हम आपकी मदद करने के लिए यहाँ हैं। क्या मैं आपका पूरा नाम जान सकता हूँ?",3,0
Yes of course! I'll certainly help you in this regards. I'll require few details. May I know your full name please?, हाँ बिल्कुल! मैं इस संबंध में आपकी अवश्य सहायता करूंगा। मुझे कुछ विवरणों की आवश्यकता होगी। क्या मैं आपका पूरा नाम जान सकता हूँ?,3,2
May I also know the manufacturing year of the car?, क्या मैं कार का निर्माण वर्ष भी जान सकता हूँ?,2,0
May I know your Policy no. please?, क्या मैं आपकी पॉलिसी नं. कृपया?,3,0
Thank you for staying connected. I've initiated a request for a replacement. You'll be receiving it within three days. I request you to send the current broken device in the return envelope., जुड़े रहने के लिए धन्यवाद। मैंने एक प्रतिस्थापन के लिए एक अनुरोध शुरू किया है। आपको यह तीन दिनों के भीतर प्राप्त हो जाएगा। मैं आपसे अनुरोध करता हूं कि वर्तमान टूटे हुए उपकरण को रिटर्न लिफाफे में भेजें।,3,1
Thank you for reaching out to us! Have a great day!, हमसे संपर्क की पहल के लिए आपका धन्यवाद! आपका दिन अच्छा रहे!,3,2
Hello! How may I assist you today?, नमस्ते! आज मैं आपकी मदद किस तरह कर सकता हूँ?,3,0
"Awesome! Thank you so much for your cooperation, have a nice day! "," बहुत बढ़िया! आपके सहयोग के लिए बहुत-बहुत धन्यवाद, आपका दिन शुभ हो!",3,2
"Hi! How may I assist you today?
", नमस्ते! आज मैं आपकी मदद किस तरह कर सकता हूँ?,3,0
maruthy 750cc 2017, मारुति 750cc 2017,2,0
Awesome! Had a great time assisting you. Have a nice day. Bye., बहुत बढ़िया! आपकी सहायता करने में बहुत अच्छा समय लगा। आपका दिन शुभ हो। अलविदा।,3,2
Sure! I'll be glad to help you with that. Please may I know your name?, ज़रूर! मुझे इसमें आपकी मदद करने में खुशी होगी। कृपया क्या मैं आपका नाम जान सकता हूँ?,3,0
YES, हां,2,2
Perfect! would you please share your claim number?, उत्तम! क्या आप कृपया अपना दावा नंबर साझा करेंगे?,3,2
James, जेम्स,0,0
"Thank you so much for sharing the information. Please allow me a moment, while I check the status."," जानकारी साझा करने के लिए आपका बहुत-बहुत धन्यवाद। कृपया मुझे एक क्षण दें, जबकि मैं स्थिति की जांच कर रहा हूं।",3,2
ok thank you, ठीक है धन्यवाद,3,0
May I know if you have an insurance for your phone?,क्या मैं जान सकता हूँ कि क्या आपके पास अपने फ़ोन का बीमा है?,2,0
yes, हां,2,0
"i ask for   fixing the phone screen 
", मैं फोन स्क्रीन ठीक करने के लिए कहता हूँ,1,0
HELLO, नमस्ते,2,0
Good morning!, सुबह बख़ैर!,3,2
"Yes, Please.", हाँ कृपया।,3,0
"I highly appreciate your patience, I'd like to inform you that the document of the proof will be delivered to your address at the earliest.

"," मैं आपके धैर्य की बहुत सराहना करता हूं, मैं आपको सूचित करना चाहता हूं कि सबूत का दस्तावेज जल्द से जल्द आपके पते पर पहुंचा दिया जाएगा।",3,2
Hello! How may I help you today?, नमस्ते! आज मैं आपकी कैसे मदद कर सकता हूँ?,3,0
hai, हाय,2,0
"It's a pleasure assisting you, have a great day! "," आपकी सहायता करना खुशी की बात है, आपका दिन शुभ हो!",3,2
No, नहीं,1,0
Great! Thanks for the information. Kindly allow me a moment while I check this for you., महान! सूचना के लिए धन्यवाद। कृपया मुझे एक क्षण दें जब तक मैं आपके लिए यह जांचता हूं।,3,2
Yes! Not a problem I'll change that., हाँ! कोई समस्या नहीं मैं इसे बदल दूंगा।,2,0
okay sure iam waitting," ठीक है, मैं इंतज़ार कर रहा हूँ",2,0
"Thank you for staying connected with patience. Good news, as I can see here that the payment as already initiated and the amount will be credited to your account within 3 business days. However, if you don't received the amount, kindly get back to us immediately. "," धैर्य से जुड़े रहने के लिए धन्यवाद। खुशखबरी, जैसा कि मैं यहां देख सकता हूं कि भुगतान पहले ही शुरू हो चुका है और राशि 3 व्यावसायिक दिनों के भीतर आपके खाते में जमा कर दी जाएगी। हालांकि, अगर आपको राशि प्राप्त नहीं हुई है, तो कृपया तुरंत हमसे संपर्क करें।",3,0
Have a great day, आपका दिन अच्छा रहे,2,2
"Awesome! Could you please share your car's manufacturer, model and year car was manufactures?"," बहुत बढ़िया! क्या आप कृपया अपनी कार के निर्माता, मॉडल और कार के निर्माण का वर्ष साझा कर सकते हैं?",3,2
Hello there! How may I help you today?, नमस्ते! आज मैं आपकी कैसे मदद कर सकता हूँ?,3,0
HIII, आठवीं,2,0
"Thanks for waiting, I'd like to inform you that I'll be able to replace your broken phone with the brand new phone. And I request you to return the broken device in an envelope. We won't be able to provide you the new phone unless we recieve the broken phone. would that be okay? 
"," प्रतीक्षा करने के लिए धन्यवाद, मैं आपको सूचित करना चाहता हूं कि मैं आपके टूटे हुए फोन को एकदम नए फोन से बदल सकूंगा। और मैं आपसे अनुरोध करता हूं कि टूटे हुए उपकरण को एक लिफाफे में वापस कर दें। जब तक हमें टूटा हुआ फोन नहीं मिलता, हम आपको नया फोन नहीं दे पाएंगे। क्या यह ठीक रहेगा?",3,1
"Hello, good morning! How may I help you today?", हैलो सुप्रभात! आज मैं आपकी कैसे मदद कर सकता हूँ?,3,0
"Amazing! Thank you for all the details, please hold on while I do the needful. "," अद्भुत! सभी विवरणों के लिए धन्यवाद, कृपया मेरे द्वारा आवश्यक कार्य करने तक रुकें।",3,2
"Thank you Peter, may I know the make and model of the car?"," धन्यवाद पीटर, क्या मैं कार का मेक और मॉडल जान सकता हूं?",3,0
nila@gmail.com, नीला@gmail.com,0,0
You're always welcome! Thank you for contacting us! Have a great day ahead!, आपका हमेशा स्वागत है! हमसे संपर्क करने के लिए धन्यवाद! आगे एक महान दिन हो!,3,2
"Okay! I'll go ahead and create a replacement for your phone. For that, I'd require few details, May I please know your full name?"," ठीक! मैं आगे बढ़ूँगी और आपके फ़ोन के लिए एक प्रतिस्थापन तैयार करूँगी। उसके लिए, मुझे कुछ विवरणों की आवश्यकता होगी, क्या मैं आपका पूरा नाम जान सकता हूँ?",3,0
oh thank you.. i will send it, ओह धन्यवाद .. मैं इसे भेजूंगा,3,0
Perfect! Please stay connected while I go ahead and do the needful.," उत्तम! जब तक मैं आगे बढ़ूं, कृपया जुड़े रहें और आवश्यक कार्य करें।",3,2
My pleasure! IS there anything else I may help you in?, मेरा सौभाग्य! क्या कुछ और है जिसमें मैं आपकी मदद कर सकता हूँ?,3,2
HJE859, एचजेई859,0,0
"notthing else, thank you"," और कुछ नहीं, धन्यवाद",3,0
I NEED A PROOF OF INSURANCE TO MY CAR, मुझे अपनी CAR . के लिए बीमा का प्रमाण चाहिए,2,0
BMW GT, बीएमडब्ल्यू जीटी,0,0
99620158985,99620158985,0,0
Hey there! How may I help you today?, सुनो! आज मैं आपकी कैसे मदद कर सकता हूँ?,3,0
Thanks for waiting! I'm glad to inform you that I have processed your request the proof document for your car will be reaching you within 2 day. Anything else I may help you in?,"प्रतीक्षा करने के लिए धन्यवाद! मुझे आपको यह बताते हुए खुशी हो रही है कि मैंने आपके अनुरोध को संसाधित कर दिया है, आपकी कार के लिए प्रमाण दस्तावेज 2 दिनों के भीतर आप तक पहुंच जाएगा। कुछ और मैं आपकी मदद कर सकता हूँ?",3,2
hi, नमस्ते,2,0
Pleasure is mine. I hope that all your queries are cleared?, मेरा सौभाग्य है। मुझे आशा है कि आपके सभी प्रश्नों का समाधान हो गया होगा?,3,2
NAME - PRAKASH ROY, नाम - प्रकाश रॉय,0,0
"Hello, Larry! Please help me with your query, I'll be happy to help."," हैलो, लैरी! कृपया अपने प्रश्न के साथ मेरी मदद करें, मुझे मदद करने में खुशी होगी।",3,0
HI, नमस्ते,2,0
CLAIM NO: BSG728, दावा संख्या: बीएसजी728,1,1
Good morning! May I know your query please?, सुबह बख़ैर! क्या मैं आपका प्रश्न जान सकता हूँ?,3,0
"Thank you for bringing this up to us, hope that was helpful. Have an awesome day!"," इसे हमारे सामने लाने के लिए धन्यवाद, आशा है कि यह मददगार था। आपका दिन कमाल का रहे!",3,2
Hi, नमस्ते,2,0
mnj 145, एमएनजे 145,0,0
"Thank you for providing all the information and we'll now go ahead and deliver the entire documents at your mailing address on a file soon.
", सभी जानकारी प्रदान करने के लिए धन्यवाद और अब हम आगे बढ़ेंगे और जल्द ही एक फ़ाइल पर आपके डाक पते पर संपूर्ण दस्तावेज़ वितरित करेंगे।,3,2
"I appreciate your patience in staying connected. Here's a Good news to inform you that , I've checked with my team and prepared  the required documents, and that file will be soon mailed to your address. ","मैं जुड़े रहने में आपके धैर्य की सराहना करता हूं। आपको यह सूचित करने के लिए एक अच्छी खबर है कि, मैंने अपनी टीम के साथ जांच की है और आवश्यक दस्तावेज तैयार किए हैं, और वह फाइल जल्द ही आपके पते पर भेज दी जाएगी।",3,2
Awesome! Could you also share your insurance policy and claim number?, बहुत बढ़िया! क्या आप अपनी बीमा पॉलिसी और दावा संख्या भी साझा कर सकते हैं?,3,2
POLICY NO: NZG627582439 AND CLAIM NO: MCG623, नीति संख्या: NZG627582439 और दावा संख्या: MCG623,1,0
my car has been damage so i want insurence cli, मेरी कार खराब हो गई है इसलिए मुझे बीमा चाहिए,1,0
William 3579, विलियम 3579,0,0
ok, ठीक है,2,0
Okay Honda City could you please help me out with the last 4 digits of your SSN?, ठीक है होंडा सिटी क्या आप कृपया अपने एसएसएन के अंतिम 4 अंकों के साथ मेरी मदद कर सकते हैं?,3,0
I wish you have a great day ahead. Goodbye!, मेरी इच्छा है कि आपके आगे एक अच्छा दिन हो। अलविदा!,3,2
"Thank you for being patient, I've checked the details the check has been already sent it will be reaching you  at registered address within 3 days. Is there anything I may help you in?
","धैर्य रखने के लिए धन्यवाद, मैंने विवरण की जांच की है कि चेक पहले ही भेजा जा चुका है, यह 3 दिनों के भीतर आपके पंजीकृत पते पर पहुंच जाएगा। क्या कोई ऐसी चीज है जिसमें मैं आपकी मदद कर सकता हूं?",3,2
Definitely! I'll help you get that. Could you please help me with your first and last name and also the last 4 digits of your SSN number?, निश्चित रूप से! मैं इसे पाने में आपकी मदद करूंगा। क्या आप कृपया अपने पहले और अंतिम नाम के साथ-साथ अपने एसएसएन नंबर के अंतिम 4 अंकों के साथ मेरी मदद कर सकते हैं?,3,2
nothing else, और कुछ नहीं,1,0
Hello again! Please could you share the SSN?, फिर से हैलो! कृपया आप एसएसएन साझा कर सकते हैं?,3,0
That's all thanks for the help, मदद के लिए बस इतना ही धन्यवाद,3,0
Awesome! That's a great car. Could you please share the year in which the car was manufactured?, बहुत बढ़िया! यह एक बढ़िया कार है। क्या आप कृपया उस वर्ष को साझा कर सकते हैं जिसमें कार का निर्माण किया गया था?,3,2
"Great! Thank you for bringing this up to us, Hope that was helpful. Have a nice day!","महान! इसे हमारे सामने लाने के लिए धन्यवाद, आशा है कि यह मददगार था। आपका दिन शुभ हो!",3,2
Kreiger Terry, क्रेगर टेरी,0,0
"I greatly appreciate for holding on Malar, the insurance documents will be mailed shortly to the address."," मैं मलार पर पकड़ के लिए बहुत सराहना करता हूं, बीमा दस्तावेज शीघ्र ही पते पर भेज दिए जाएंगे।",3,2
Okay thank you, ठीक है धन्यवाद,3,2
Great! Please allow me a moment to check the details., महान! कृपया मुझे विवरण की जांच करने के लिए कुछ समय दें।,3,2
"Perfect! Now, I'd require your car details, Would you please help me with the make and the model of the car?"," उत्तम! अब, मुझे आपकी कार के विवरण की आवश्यकता होगी, क्या आप कृपया कार के मेक और मॉडल के बारे में मेरी मदद करेंगे?",3,2
"Thank you Meenakshi, could you please let me know the phone number associated with the device?"," धन्यवाद मीनाक्षी, क्या आप कृपया मुझे डिवाइस से जुड़े फोन नंबर के बारे में बता सकते हैं?",3,0
yes, हां,2,0
Hope we are connected?, आशा है कि हम जुड़े हुए हैं?,2,0
raj maha, राज महान,0,0
no thanks," जी नहीं, धन्यवाद",3,1
uyt4587458245, uyt4587458245,0,0
Hello, नमस्ते,2,0
"Great! Lastly, may I please know the year when car was manufactured?"," महान! अंत में, क्या मैं कृपया यह जान सकता हूँ कि कार का निर्माण कब हुआ था?",3,2
Amazing! Could you please help me with the email address on the account?, अद्भुत! क्या आप कृपया खाते पर ईमेल पते में मेरी सहायता कर सकते हैं?,3,2
that's so nice, यह बहुत अच्छा है,0,2
"Thank you for staying connected with patience. Good news, as I can see here that the payment as already initiated and the amount will be credited in your account within 3 business days. However, if you don't received the amount, kindly fell free to get back to us."," धैर्य से जुड़े रहने के लिए धन्यवाद। खुशखबरी, जैसा कि मैं यहां देख सकता हूं कि भुगतान पहले ही शुरू हो चुका है और राशि 3 व्यावसायिक दिनों के भीतर आपके खाते में जमा कर दी जाएगी। हालांकि, अगर आपको राशि प्राप्त नहीं हुई है, तो कृपया हमसे संपर्क करने के लिए स्वतंत्र हो जाएं।",3,2
Lovely! May I know your policy and claim number please?, प्यारा! क्या मैं आपकी पॉलिसी और दावा संख्या जान सकता हूं?,3,2
Hai, हाई,2,0
Perfect!, उत्तम!,2,2
Appreciate your patience! Please note that the documents of proof shall reach you within 48 working hours. Pleasure helping you. You can reach us at 673-735-073 for any queries. Good day!, अपने धैर्य की सराहना! कृपया ध्यान दें कि सबूत के दस्तावेज 48 कार्य घंटों के भीतर आप तक पहुंच जाएंगे। आपकी मदद करने में खुशी। आप किसी भी प्रश्न के लिए 673-735-073 पर हमसे संपर्क कर सकते हैं। अच्छा दिन!,3,2
Sure thing! I'll help you get that. Could you please help me with your first and last name?, अवश्य! मैं इसे पाने में आपकी मदद करूंगा। क्या आप कृपया अपने पहले और अंतिम नाम के साथ मेरी मदद कर सकते हैं?,3,0
OK, ठीक है,2,0
"Sorry, but I won't be ale to help you with the proof of my car. If it is about your car, then I can definitely help you."," क्षमा करें, लेकिन मैं अपनी कार के प्रमाण के साथ आपकी सहायता करने के लिए तैयार नहीं हूं। अगर बात आपकी कार की है तो मैं आपकी मदद जरूर कर सकता हूं।",3,1
"Thank you for the information, please allow me a moment while I go ahead and do the needful. "," जानकारी के लिए धन्यवाद, कृपया मुझे एक क्षण का समय दें, जब तक कि मैं आगे बढ़ूं और आवश्यक कार्य करूं।",3,2
"Great! I've requested the team to mail you, your car insurance proof copy to your registered address. I'd also like to inform you that you'll receive your documents within 2 business days. However, if you fail to receive it get back to us immediately. I hope that was helpful?"," महान! मैंने टीम से अनुरोध किया है कि वह आपको, आपकी कार बीमा प्रमाण प्रति आपके पंजीकृत पते पर मेल करे। मैं आपको यह भी सूचित करना चाहता हूं कि आपको अपने दस्तावेज़ 2 व्यावसायिक दिनों के भीतर प्राप्त हो जाएंगे। हालांकि, अगर आप इसे प्राप्त करने में विफल रहते हैं तो तुरंत हमारे पास वापस आएं। मुझे आशा है कि यह मददगार था?",3,2
Thanks Jim! May I please know the last 4 digit of SSN?, धन्यवाद जिम! क्या मैं कृपया SSN का अंतिम 4 अंक जान सकता हूँ?,3,0
TOYOTA INNOVA, टोयोटा इनोवा,1,0
You're welcome. Is there anything else I could assist you with?, आपका स्वागत है। क्या कुछ और है जिसमें मैं आपकी सहायता कर सकता हूं?,2,2
nothing sir, कुछ नहीं सर,2,0
yes, हां,2,0
Hello! Good morning! I hope you are having a great day! What can I do for you today?, नमस्ते! सुबह बख़ैर! मुझे आशा है कि आपका समय बहुत अच्छा बीत रहा है! मैं आज आपके लिये क्या कर सकता हूँ?,3,2
"Alright! I've contacted the concerned team, they'll mail you the copy of your car insurance proof on the registered address. you'll receive it within 2 business days. however, if you fail to receive it, reach out to us immediately we are available here 24*7. "," ठीक है! मैंने संबंधित टीम से संपर्क किया है, वे आपको पंजीकृत पते पर आपके कार बीमा प्रमाण की प्रति मेल करेंगे। आप इसे 2 व्यावसायिक दिनों के भीतर प्राप्त कर लेंगे। हालांकि, अगर आप इसे प्राप्त करने में विफल रहते हैं, तो तुरंत हमसे संपर्क करें हम यहां 24*7 उपलब्ध हैं।",2,2
2013,2013,0,0
"Thank you! I'd also need the last 4 digits of the SSN.
", आपको धन्यवाद! मुझे एसएसएन के अंतिम 4 अंक भी चाहिए।,3,0
Oh that sounds great. Thanks for your valuable information Charlie., ओह वह बहुत अच्छा लगता है। आपकी बहुमूल्य जानकारी चार्ली के लिए धन्यवाद।,3,2
Sorry to hear that! I'd be glad to help you with that. Could you please help me with your full name?,ऐसा सुनने के लिए क्षमा करें! मुझे इसमें आपकी मदद करने में खुशी होगी। क्या आप कृपया अपने पूरे नाम के साथ मेरी मदद कर सकते हैं?,3,0
Absolutely! Could you please tell me your full name?, बिल्कुल! क्या आप कृपया मुझे अपना पूरा नाम बता सकते हैं?,3,0
Thank you for staying connected. I've initiated a request for a replacement. You'll be receiving it within the next three days. I request you to send the current broken device in the return envelope., जुड़े रहने के लिए धन्यवाद। मैंने एक प्रतिस्थापन के लिए एक अनुरोध शुरू किया है। आप इसे अगले तीन दिनों के भीतर प्राप्त कर लेंगे। मैं आपसे अनुरोध करता हूं कि वर्तमान टूटे हुए उपकरण को रिटर्न लिफाफे में भेजें।,3,1
"WASHINGTON D.C.. 1607 23rd Street NW, Washington, DC 20008"," वाशिंगटन डीसी। 1607 23 वीं स्ट्रीट एनडब्ल्यू, वाशिंगटन, डीसी 20008",2,0
"I'll be glad to assist you with that, may I know your name and the last 4 digits of SSN?"," मुझे इसमें आपकी सहायता करने में खुशी होगी, क्या मैं आपका नाम और SSN के अंतिम 4 अंक जान सकता हूँ?",3,0
Volkswagen polo, वोक्सवैगन पोलो,0,0
hi, नमस्ते,2,0
Okay, ठीक,2,2
"Great! Could you please share the details of the car, like it's make and the model?","महान! क्या आप कृपया कार के बारे में विवरण साझा कर सकते हैं, जैसे कि यह मेक और मॉडल है?",3,0
hyu 785, ह्यू 785,2,0
"Hello there! A very good morning, how may I help you today?"," नमस्ते! बहुत सुप्रभात, आज मैं आपकी कैसे मदद कर सकता हूँ?",3,2
MY MOBILE PHONE IS DAMAGED, मेरा मोबाइल फोन खराब हो गया है,1,1
OK THANK YOU SO MUCH HAVE A NICE DAY MA," ठीक है, आपका बहुत-बहुत धन्यवाद, आपका दिन मंगलमय हो",3,2
CLM937\, सीएलएम937\,0,0
thanks for helping., मदद के लिए शुक्रिया।,3,2
I'm Riley, मैं रिले हूँ,1,0
You will have to understand customers urgency right?," आपको ग्राहकों की तात्कालिकता को समझना होगा, है ना?",1,0
Sure thing! May I know your name?, अवश्य! मैं आपका नाम जान सकता हुँ?,2,0
Is there anything else I can help you with Mat?, क्या मैट के साथ मैं आपकी कुछ और मदद कर सकता हूं?,2,0
"ya sure , 9948564578, this is my mobile number and Jay45#$@gmail.com , this is my email address"," हां, 9948564578, यह मेरा मोबाइल नंबर है और Jay45#$@gmail.com, यह मेरा ईमेल पता है",2,0
"Thank you! May I also know the phone number?
", आपको धन्यवाद! क्या मैं फ़ोन नंबर भी जान सकता हूँ?,3,0
Thank you for waiting. I've a good news for you. Your request has been processed and you'll be receiving the proof of insurance within 2 days. Is there anything else I might help you with?, प्रतीक्षा के लिए धन्यवाद। मेरे पास आपके लिए एक अच्छी खबर है। आपका अनुरोध संसाधित कर दिया गया है और आपको 2 दिनों के भीतर बीमा का प्रमाण प्राप्त हो जाएगा। क्या कुछ और है जिसमें मैं आपकी मदद कर सकता हूं?,3,2
Fantastic! Please feel free to reach out to us for further queries. Have a nice day. Bye.,ज़बरदस्त! कृपया आगे के प्रश्नों के लिए हमसे बेझिझक संपर्क करें। आपका दिन शुभ हो। अलविदा।,3,2
The last four digits of SSN is 5780, SSN के अंतिम चार अंक 5780 . होते हैं,1,0
I'll also require the policy number please share., मुझे पॉलिसी नंबर की भी आवश्यकता होगी कृपया साझा करें।,3,0
i want to know the current status of my claim, मैं अपने दावे की वर्तमान स्थिति जानना चाहता हूं,3,0
"Keaton English
", कीटन अंग्रेजी,0,0
7546,7546,0,0
"Nothing else, Thank you for your information. Have a nice day to chat with you. "," और कुछ नहीं, आपकी जानकारी के लिए धन्यवाद। आपके साथ चैट करने के लिए एक अच्छा दिन है।",3,0
i need a proof of insurance for one of car, मुझे किसी एक कार के लिए बीमा का प्रमाण चाहिए,1,0
Great! I'll also need the claim number to check the status., महान! स्थिति की जांच के लिए मुझे दावा संख्या की भी आवश्यकता होगी।,3,2
Alright Julia! Could you please share your phone number?, ठीक है जूलिया! क्या आप कृपया अपना फ़ोन नंबर साझा कर सकते हैं?,3,0
"Sure, please allow me a minute."," ज़रूर, कृपया मुझे एक मिनट का समय दें।",3,0
my iPhone screen just cracked, मेरे iPhone की स्क्रीन अभी टूट गई है,1,1
Honda City 2018 model, होंडा सिटी 2018 मॉडल,0,0
Thank you! Would there be anything else I may assist you with?, आपको धन्यवाद! क्या कुछ और होगा जिसमें मैं आपकी सहायता कर सकूं?,3,2
ok sir, ओके जी,2,0
"Hello! 
",नमस्ते!,3,0
"my iphone mobile just damaged please fix my mobile screen
", मेरा आईफोन मोबाइल खराब हो गया है कृपया मेरे मोबाइल स्क्रीन को ठीक करें,3,1
"Thank you Raj, may I know the email address associated with the account?"," धन्यवाद राज, क्या मैं खाते से जुड़ा ईमेल पता जान सकता हूँ?",3,0
Perfect! Please allow me a moment to check what I'll be able to do., उत्तम! कृपया मुझे यह जांचने के लिए एक क्षण दें कि मैं क्या कर पाऊंगा।,3,2
no else sir, और नहीं सर,1,0
Is there anything else I can help you with Natty?, क्या कुछ और है जो मैं नेट्टी के साथ आपकी मदद कर सकता हूं?,2,0
yes confirm, हाँ पुष्टि करें,2,0
Thank you so much for cooperating and baring with us! I'm so glad to assist you. we are always here to solve all your queries. Thanks for contacting us! have a nice day ahead! :), हमारे साथ सहयोग करने और रोकने के लिए बहुत-बहुत धन्यवाद! मुझे आपकी सहायता करने में बहुत खुशी हो रही है। हम आपके सभी प्रश्नों को हल करने के लिए हमेशा यहां हैं। हमे संपर्क करने के लिए धन्यवाद! आपका दिन अच्छा हों! :),3,2
May i know my claim status?,क्या मैं अपने दावे की स्थिति जान सकता हूँ?,2,0
THANK YOU HAVE A GREAT DAY, धन्यवाद आपका दिन शुभ हो,3,2
i want status of my claim, मुझे अपने दावे की स्थिति चाहिए,3,0
Great! I'd be glad to help you with that. May I know your name and the last 4 digits of the SSN please?, महान! मुझे इसमें आपकी मदद करने में खुशी होगी। क्या मैं आपका नाम और SSN के अंतिम 4 अंक जान सकता हूँ?,3,2
cvb987, सीवीबी987,0,0
NO, ना,1,1
"Hello there! Surely, will help you with that. Please share your name with me."," नमस्ते! ज़रूर, इसमें आपकी मदद करेंगे। कृपया अपना नाम मेरे साथ साझा करें।",3,0
Thank you for staying connected. I've initiated a request for a replacement. You'll be receiving it within three days. I request you to send the current broken device in the return envelope., जुड़े रहने के लिए धन्यवाद। मैंने एक प्रतिस्थापन के लिए एक अनुरोध शुरू किया है। आपको यह तीन दिनों के भीतर प्राप्त हो जाएगा। मैं आपसे अनुरोध करता हूं कि वर्तमान टूटे हुए उपकरण को रिटर्न लिफाफे में भेजें।,3,1
5998,5998,0,0
name: kannan and ssn no: 6387, नाम: कन्नन और एसएसएन नंबर: 6387,1,0
I need a status of my claim, मुझे अपने दावे की स्थिति चाहिए,3,0
hi good morning, हाय सुप्रभात,3,2
Thank you very much.Now i don't need your help i need your help means i will call you. Once again thank you very much, बहुत-बहुत धन्यवाद।अब मुझे तुम्हारी मदद की ज़रूरत नहीं है मुझे तुम्हारी मदद की ज़रूरत है यानी मैं तुम्हें फोन करूँगा। एक बार फिर से बहुत - बहुत धन्यवाद,3,2
name: maran and car model: Nissan Versa., नाम: मारन और कार मॉडल: निसान वर्सा।,0,0
WER425, WER425,0,0
I NEED A PROOF OF INSURANCE FOR MY CAR, मुझे अपनी CAR . के लिए बीमा का प्रमाण चाहिए,2,0
Please could you check the policy number? It's incorrect!, कृपया आप पॉलिसी नंबर की जांच कर सकते हैं? यह गलत है!,2,1
A very good morning. How may I help you today?, एक बहुत अच्छी सुबह। आज मैं आपकी कैसे मदद कर सकता हूँ?,3,2
"I apologize. A policy number must consist of 3 letters and 9 numbers. Similarly, a claim number must consist of 3 letters and 3 numbers. Please verify the and provide correct numbers.","मैं क्षमाप्रार्थी हूं। पॉलिसी नंबर में 3 अक्षर और 9 नंबर होने चाहिए। इसी तरह, एक दावा संख्या में 3 अक्षर और 3 संख्याएँ होनी चाहिए। कृपया सत्यापित करें और सही संख्या प्रदान करें।",3,1
"Surely, thank you. Please could you help me identify the car by sharing the car's make and model?"," ज़रूर, धन्यवाद। क्या आप कार के मेक और मॉडल को साझा करके कार की पहचान करने में मेरी मदद कर सकते हैं?",3,0
9757153654,9757153654,0,0
"I’m glad to be able to help. We aim to make your experience with our company a pleasant one. Have a wonderful day!
", मुझे खुशी है कि मैं मदद कर पा रहा हूं। हमारा उद्देश्य हमारी कंपनी के साथ आपके अनुभव को सुखद बनाना है। शानदार दिन हो!,3,2
Great! Could you help me with the make and model of the car?, महान! क्या आप कार के मेक और मॉडल में मेरी मदद कर सकते हैं?,3,2
hai, हाय,2,0
Sure!, ज़रूर!,2,0
"Hello, I need some help"," हैलो, मुझे कुछ मदद चाहिए",3,0
sethuraman, सेथुरमन,0,0
i was in a accident and my bumper was damaged, मैं एक दुर्घटना में था और मेरा बंपर क्षतिग्रस्त हो गया था,0,1
ok, ठीक है,2,0
Yes! I'm here., हाँ! मैं यहाँ हुं।,2,0
"Thank you! I'd also need the last 4 digits of the SSN.
", आपको धन्यवाद! मुझे एसएसएन के अंतिम 4 अंक भी चाहिए।,3,0
ok bye, चलो बाय,2,0
Alright!! Would you please help me with the year the car was manufactured?, ठीक है!! क्या आप कृपया मुझे उस वर्ष में मदद करेंगे जिस वर्ष कार का निर्माण किया गया था?,3,0
Ask the agent about the status of your claim, एजेंट से अपने दावे की स्थिति के बारे में पूछें,0,0
Lovely! Could you please share your contact number and email address?,प्यारा! क्या आप कृपया अपना संपर्क नंबर और ईमेल पता साझा कर सकते हैं?,3,2
"Make : Honda, Model : Amaze, Year Manufactured : 2011 "," बनाना: होंडा, मॉडल: अमेज़, निर्मित वर्ष: 2011",0,0
HAVE A NICE DAY, आपका दिन शुभ हो,2,2
Sure! Please give me a minute!, ज़रूर! कृपया मुझे एक मिनट दें!,2,0
Amazing! Could you please help me with the email address on the account?, अद्भुत! क्या आप कृपया खाते पर ईमेल पते में मेरी सहायता कर सकते हैं?,3,2
"Thank you! May I also Know the policy number.
", आपको धन्यवाद! क्या मैं पॉलिसी नंबर भी जान सकता हूं।,3,0
NAME - KARTIK MEHTA, नाम - कार्तिक मेहता,0,0
THANK YOU, धन्यवाद,3,2
my name is maran, मेरा नाम मारन है,1,0
Fantastic! Please feel free to reach out to us for further queries. Have a nice day. Bye.,ज़बरदस्त! कृपया आगे के प्रश्नों के लिए हमसे बेझिझक संपर्क करें। आपका दिन शुभ हो। अलविदा।,3,2
2018,2018,0,0
good morning, शुभ प्रभात,2,2
i need a proof of insurance for my car, मुझे अपनी कार के लिए बीमा का प्रमाण चाहिए,2,0
2015,2015,0,0
ok, ठीक है,2,0
"Sure sir, May I ask you if your phone screen is broken or damaged?"," ज़रूर सर, क्या मैं आपसे पूछ सकता हूँ कि क्या आपके फ़ोन की स्क्रीन टूट गई है या क्षतिग्रस्त हो गई है?",2,0
"Hello there, Good evening!  How may I help you today?"," नमस्ते वहाँ, शुभ संध्या! आज मैं आपकी कैसे मदद कर सकता हूँ?",3,0
Please note that the payment has been already sent to you and check must arrive within 3 working days. Is there anything else I may help you with?,कृपया ध्यान दें कि भुगतान आपको पहले ही भेजा जा चुका है और चेक 3 कार्य दिवसों के भीतर पहुंच जाना चाहिए। क्या कुछ और है जिसमें मैं आपकी मदद कर सकता हूं?,3,0
"I really appreciate for staying connected, the documents will be mailed to the updated address shortly."," मैं वास्तव में जुड़े रहने के लिए सराहना करता हूं, दस्तावेजों को शीघ्र ही अद्यतन पते पर भेज दिया जाएगा।",3,2
Cool! Could you share the car details please? I will need the make and model of the car?, ठंडा! क्या आप कृपया कार का विवरण साझा कर सकते हैं? मुझे कार के मेक और मॉडल की आवश्यकता होगी?,3,0
ok, ठीक है,2,0
"I would be glad to help you out in this regards. May I know your name please?
", मुझे इस संबंध में आपकी मदद करने में खुशी होगी। क्या मैं आपका नाम जान सकता हूँ?,3,0
I NEED A PROOF OF INSURANCE FOR MY CARS, मुझे अपनी कारों के लिए बीमा का प्रमाण चाहिए,2,0
Amazing! Thanks for sharing your details. Just give me a minute while I go ahead and request for your duplicate copy of your car insurance.,अद्भुत! अपना विवरण साझा करने के लिए धन्यवाद। बस मुझे एक मिनट का समय दें और मैं आपके कार बीमा की डुप्लीकेट कॉपी के लिए अनुरोध करता हूं।,3,2
Yes! I'll definitely help you in checking your claim status. Would you please help me with your details. May I know your full name?, हाँ! मैं आपके दावे की स्थिति की जांच करने में निश्चित रूप से आपकी सहायता करूंगा। क्या आप कृपया अपने विवरण के साथ मेरी मदद करेंगे। क्या मैं आपका पूरा नाम जान सकता हूँ?,3,2
THANK YOU, धन्यवाद,3,2
" my iphone was cracked in just now, i have a insurance for my mobile, can you fixing this problem
"," मेरा iPhone अभी-अभी फटा था, मेरे पास मेरे मोबाइल का बीमा है, क्या आप इस समस्या को ठीक कर सकते हैं?",2,1
"Hello there! How may I assist you today?
", नमस्ते! आज मैं आपकी मदद किस तरह कर सकता हूँ?,3,0
Thank you for staying on hold. I appreciate your patience. I've processed the request for the proof of insurance and it will be delivered in a couple of days at the registered address. Is there anything else that I may help you with?, रुके रहने के लिए धन्यवाद। मैं आपके धैर्य की सराहना करता हूँ। मैंने बीमा के प्रमाण के अनुरोध को संसाधित कर दिया है और इसे कुछ दिनों में पंजीकृत पते पर वितरित कर दिया जाएगा। क्या कुछ और है जिसमें मैं आपकी मदद कर सकता हूं?,3,2
Hello there! How may I help you today?, नमस्ते! आज मैं आपकी कैसे मदद कर सकता हूँ?,3,0
Thank you for waiting. I've a good news for you. Your request has been processed and you'll be receiving the proof of insurance within 2 days. Is there anything else I might help you with?, प्रतीक्षा के लिए धन्यवाद। मेरे पास आपके लिए एक अच्छी खबर है। आपका अनुरोध संसाधित कर दिया गया है और आपको 2 दिनों के भीतर बीमा का प्रमाण प्राप्त हो जाएगा। क्या कुछ और है जिसमें मैं आपकी मदद कर सकता हूं?,3,2
Thank you for waiting. I appreciate your patience. I've processed the request for a replacement device and you'll be receiving it in a couple of days. You need to send the damaged piece in the return envelope. Is there anything else I might help you with?, प्रतीक्षा के लिए धन्यवाद। मैं आपके धैर्य की सराहना करता हूँ। मैंने एक प्रतिस्थापन उपकरण के लिए अनुरोध संसाधित कर दिया है और आप इसे कुछ दिनों में प्राप्त कर लेंगे। आपको क्षतिग्रस्त टुकड़े को रिटर्न लिफाफे में भेजना होगा। क्या कुछ और है जिसमें मैं आपकी मदद कर सकता हूं?,3,2
Great! Thanks for the information. Kindly allow me a moment while I check this for you., महान! सूचना के लिए धन्यवाद। कृपया मुझे एक क्षण दें जब तक मैं आपके लिए यह जांचता हूं।,3,2
My name is Sahoo Raj and SSN-1254, मेरा नाम साहू राज और एसएसएन-1254 है,2,0
Sure! May I know the make and model of the car?, ज़रूर! क्या मैं कार का मेक और मॉडल जान सकता हूं?,2,0
my fixing the screen, मेरी स्क्रीन ठीक करना,0,0
"Is there anything else I may help you out with today?
", क्या आज मैं आपकी कुछ और मदद कर सकता हूँ?,2,0
I want a claim of insurance for my Bumper was damaged!, मैं चाहता हूं कि मेरे बंपर के लिए बीमा का दावा क्षतिग्रस्त हो गया!,2,1
HONDA CR-V AND 2007, होंडा सीआर-वी और 2007,0,0
Perfect! Please allow me a moment to check the status of your claim., उत्तम! कृपया मुझे अपने दावे की स्थिति की जांच करने के लिए कुछ समय दें।,2,2
Of course! I'd be glad to help you with that. Could you please help me with your first and last name?,बेशक! मुझे इसमें आपकी मदद करने में खुशी होगी। क्या आप कृपया अपने पहले और अंतिम नाम के साथ मेरी मदद कर सकते हैं?,3,0
Fine., ठीक।,2,0
ok, ठीक है,2,0
Okay! I hope that was clear? Is there anything else I may help you with?, ठीक! मुझे आशा है कि यह स्पष्ट था? क्या कुछ और है जिसमें मैं आपकी मदद कर सकता हूं?,3,0
anu, अनु,0,0
hey man sorry about that but i give you my claim number wrong, अरे यार इसके लिए खेद है लेकिन मैं आपको अपना दावा नंबर गलत देता हूं,3,1
jyr 548, जेयर 548,0,0
3477,3477,0,0
Lovely! Could you also help me with your policy and claim number?, प्यारा! क्या आप मुझे अपनी पॉलिसी और दावा संख्या में भी मदद कर सकते हैं?,3,2
MY SSN NUMBER IS 8596, मेरा एसएसएन नंबर 8596 . है,1,0
"Yes, Honda Fit / 2017"," हां, होंडा फिट / 2017",2,0
Muthupandi, मुथुपंडी,0,0
hi, नमस्ते,2,0
hi, नमस्ते,2,0
ok, ठीक है,2,0
Thanks You! May I please know the last 4 digit of SSN?, धन्यवाद! क्या मैं कृपया SSN का अंतिम 4 अंक जान सकता हूँ?,3,0
"Hello there! How may I assist you today?
", नमस्ते! आज मैं आपकी मदद किस तरह कर सकता हूँ?,3,0
Thanks for staying connected. I've processed your request. You'll be receiving a mail to your registered address in the next 48 hours. Is there anything else that I might help you with?, जुड़े रहने के लिए धन्यवाद। मैंने आपका अनुरोध संसाधित कर दिया है। आपको अगले 48 घंटों में आपके पंजीकृत पते पर एक मेल प्राप्त होगा। क्या कुछ और है जिसमें मैं आपकी मदद कर सकता हूं?,3,2
Already i have car insurance policy with your company., आपकी कंपनी के पास पहले से ही मेरी कार बीमा पॉलिसी है।,0,0
audi rs5, ऑडी आरएस5,0,0
"Awesome! Thank you for being patient in sharing the information, Could you please allow me a minute or two, while I get this done quickly for you?"," बहुत बढ़िया! जानकारी साझा करने में धैर्य रखने के लिए धन्यवाद, क्या आप कृपया मुझे एक या दो मिनट का समय दे सकते हैं, जबकि मैं इसे आपके लिए जल्दी कर दूंगा?",3,2
Bence C 10, बेंस सी 10,0,0
MY NAME IS WERSA BOIL, माई नेम इज़ वर्सा बोइल,2,0
hariharan, हरिहरन,0,0
I got enough information..Thanks for the information., मुझे पर्याप्त जानकारी मिली..जानकारी के लिए धन्यवाद।,3,0
Have a great day, आपका दिन अच्छा रहे,2,2
Sure thing! I'd be glad to help you with that. Could you please help me with your full name and the last 4 digits of your SSN number?, अवश्य! मुझे इसमें आपकी मदद करने में खुशी होगी। क्या आप कृपया अपना पूरा नाम और अपने एसएसएन नंबर के अंतिम 4 अंकों के साथ मेरी मदद कर सकते हैं?,3,0
Audi A2 2012, ऑडी ए2 2012,0,0
Thanks for staying connected. The payment has already been initiated. You'll be receiving the check within the next three days. Would you need anything else?, जुड़े रहने के लिए धन्यवाद। भुगतान शुरू किया जा चुका है। आपको अगले तीन दिनों के भीतर चेक मिल जाएगा। क्या आपको कुछ और चाहिए होगा?,3,2
ok, ठीक है,2,0
yes, हां,2,0
I appreciate your patience! I have made a request to mail the copy of insurance at your registered address. You'll receive it within 2-3 business days. I hope this will be helpful., मैं आपके धैर्य की सराहना करता हूँ! मैंने आपके पंजीकृत पते पर बीमा की प्रति डाक से भेजने का अनुरोध किया है। आप इसे 2-3 व्यावसायिक दिनों के भीतर प्राप्त कर लेंगे. मुझे उम्मीद है कि ये मददगार होगा।,3,2
hi, नमस्ते,2,0
OK, ठीक है,2,0
"Dear user, please read the instructions provided to you and reply accordingly."," प्रिय उपयोगकर्ता, कृपया आपको दिए गए निर्देशों को पढ़ें और तदनुसार उत्तर दें।",2,0
Okay bye, ठीक है अलविदा,2,0
9865245674,9865245674,0,0
My contact number is 9653584521, मेरा संपर्क नंबर है 9653584521,2,0
TFD523, टीएफडी523,0,0
status of my claim, मेरे दावे की स्थिति,0,0
"Thank you Peter, if you don't mind. Could you please share your phone number?","धन्यवाद पीटर, अगर आपको कोई आपत्ति नहीं है। क्या आप कृपया अपना फ़ोन नंबर साझा कर सकते हैं?",3,2
Perfect! And also may I know the year the car was manufactured?, उत्तम! और क्या मैं यह भी जान सकता हूँ कि कार का निर्माण किस वर्ष किया गया था?,2,2
Sure! Please could you help me with your SSN?, ज़रूर! कृपया आप अपने एसएसएन के साथ मेरी मदद कर सकते हैं?,3,0
"Dear Taylor..My iPhone got crashed, is there any way to fix it?"," प्रिय टेलर..मेरा iPhone क्रैश हो गया, क्या इसे ठीक करने का कोई तरीका है?",3,0
I've a good news for you. Your request has been processed and you'll be receiving the proof of insurance within 2 days. Is there anything else I might help you with?, मेरे पास आपके लिए एक अच्छी खबर है। आपका अनुरोध संसाधित कर दिया गया है और आपको 2 दिनों के भीतर बीमा का प्रमाण प्राप्त हो जाएगा। क्या कुछ और है जिसमें मैं आपकी मदद कर सकता हूं?,3,2
Hello there!, नमस्ते!,3,0
no thanks bye, नहीं धन्यवाद अलविदा,3,1
Hey there! How may I help you today?, सुनो! आज मैं आपकी कैसे मदद कर सकता हूँ?,3,0
Sure thing! May I know your name and the last 4 digits of your SSN?, अवश्य! क्या मैं आपका नाम और आपके SSN के अंतिम 4 अंक जान सकता हूँ?,2,0
i need a proof of insurance for one of car, मुझे किसी एक कार के लिए बीमा का प्रमाण चाहिए,1,0
I see you want to check the status of the claim. I'll surely help you with it. Please may I know your name?, मैं देख रहा हूं कि आप दावे की स्थिति की जांच करना चाहते हैं। मैं इसमें आपकी मदद जरूर करूंगा। कृपया क्या मैं आपका नाम जान सकता हूँ?,3,0
"And lastly, could you please help me with the year the car was made?"," और अंत में, क्या आप कृपया मेरी मदद कर सकते हैं जिस वर्ष कार बनाई गई थी?",3,0
ok thanks, ठीक है धन्यवाद,3,0
i want a proof of my auto insurance, मुझे अपने ऑटो बीमा का प्रमाण चाहिए,2,0
ok, ठीक है,2,0
Alright. I had a great time assisting you. Have a good day. Bye., ठीक है। मुझे आपकी सहायता करने में बहुत अच्छा लगा। आपका दिन शुभ हो। अलविदा।,3,2
I WANT A PROOF OF INSURANCE FOR MY CAR, मुझे अपनी CAR . के लिए बीमा का प्रमाण चाहिए,2,0
3254,3254,0,0
When should I expect to receive these files?, मुझे ये फ़ाइलें कब प्राप्त होने की उम्मीद करनी चाहिए?,1,0
"Always a pleasure! It's a pleasure assisting you. Thank you for reaching out to us, have a great day ahead!","हमेशा एक खुशी की बात है! आपकी सहायता करना खुशी की बात है। हमसे संपर्क करने के लिए धन्यवाद, आपका दिन शुभ हो!",3,2
Thank you so much for sharing the information! Please allow me a moment while I go ahead and check with the documents., जानकारी साझा करने के लिए आपका बहुत-बहुत धन्यवाद! कृपया मुझे कुछ समय दें जब तक कि मैं आगे बढ़ूं और दस्तावेजों की जांच करूं।,3,2
its enough thank you, यह काफी है धन्यवाद,3,0
To find out your documents I'll be needing more details Loki. Could you help me out with the make and the model of your car?, आपके दस्तावेज़ों का पता लगाने के लिए मुझे लोकी के बारे में अधिक जानकारी की आवश्यकता होगी। क्या आप अपनी कार के मेक और मॉडल के बारे में मेरी मदद कर सकते हैं?,3,0
bye, अलविदा,2,0
nothing else, और कुछ नहीं,1,0
THERAN, थेराणी,0,0
my claim status, मेरे दावे की स्थिति,1,0
audi s500, ऑडी एस500,0,0
ajith, अजित,0,0
YES, हां,2,2
the status of your claim., आपके दावे की स्थिति।,0,0
okay.thank you., ठीक है धन्यवाद।,2,0
Maruti Suzuki Swift, मारुति सुजुकी स्विफ्ट,0,0
Hello! How may I assist you today?, नमस्ते! आज मैं आपकी मदद किस तरह कर सकता हूँ?,3,0
Thanks. May I know your claim number please?, धन्यवाद। क्या मुझे आपकी दावा संख्या पता हो सकती है?,3,0
No worries I've noted your new email address. Would there be anything else I may assist you with?, कोई बात नहीं मैंने आपका नया ईमेल पता नोट कर लिया है। क्या कुछ और होगा जिसमें मैं आपकी सहायता कर सकूं?,2,0
Perfect! May I confirm all the details provided by you?, उत्तम! क्या मैं आपके द्वारा प्रदान किए गए सभी विवरणों की पुष्टि कर सकता हूं?,3,2
I apologize. May I know the make and the model of the car please?,मैं क्षमाप्रार्थी हूं। क्या मुझे कार का मेक और मॉडल पता हो सकता है?,3,0
AUDI A6, ऑडी ए6,0,0
yes it helps thankyou, हाँ यह आपकी मदद करता है धन्यवाद,2,2
KAVIN@GMAIL.COM, KAVIN@GMAIL.COM,0,0
Sergio Alvarado, सर्जियो अल्वाराडो,0,0
Thank you! Nothing more for today., आपको धन्यवाद! आज के लिए और कुछ नहीं।,3,2
Sure! Of course. I'll certainly help you in this concern. I'll require your details to pull up your profile. May I know your full name please?, ज़रूर! बेशक। मैं निश्चित रूप से इस मामले में आपकी मदद करूंगा। मुझे आपकी प्रोफ़ाइल खींचने के लिए आपके विवरण की आवश्यकता होगी। क्या मैं आपका पूरा नाम जान सकता हूँ?,3,0
model 2000, मॉडल 2000,0,0
"hi,good morning", हाय सुप्रभात,3,0
JAGAN, जगन,0,0
Yes!, हाँ!,2,0
"I'm sorry to hear that, but I'll be glad to help you get a replacement for the broken phone. Could you please help me with your name?"," मुझे यह सुनकर अफ़सोस हुआ, लेकिन टूटे हुए फ़ोन को बदलने में आपकी मदद करने में मुझे खुशी होगी। क्या आप कृपया अपने नाम के साथ मेरी मदद कर सकते हैं?",3,2
WHAT ABOUT INSURANCE CLAIM, बीमा दावे के बारे में क्या?,0,0
Great! Please allow me a minute to get this done for you., महान! कृपया मुझे यह आपके लिए करने के लिए एक मिनट का समय दें।,3,2
"I'm sorry to hear that, but I'll be glad to help you get a replacement for the broken phone. Could you please help me with your name?"," मुझे यह सुनकर अफ़सोस हुआ, लेकिन टूटे हुए फ़ोन को बदलने में आपकी मदद करने में मुझे खुशी होगी। क्या आप कृपया अपने नाम के साथ मेरी मदद कर सकते हैं?",3,2
Thanks for the information..I am very happy now., जानकारी के लिए धन्यवाद..मैं अब बहुत खुश हूं।,3,2
Sure. My name is Bob McBobBob and the last four of my SSN are 1234, ज़रूर। मेरा नाम बॉब मैकबॉब है और मेरे एसएसएन के अंतिम चार 1234 हैं,2,0
ok, ठीक है,2,0
Wonderful! Thank you for reaching out to us. Have a nice day. Bye., अद्भुत! हमसे संपर्क की पहल के लिए आपका धन्यवाद। आपका दिन शुभ हो। अलविदा।,3,2
ok, ठीक है,2,0
SEW435267891, एसईडब्ल्यू435267891,0,0
thank you for your support, आपके सहयोग के लिए धन्यवाद,3,2
DFA-230, डीएफए-230,0,0
please will you help me fix my screen?, कृपया क्या आप मेरी स्क्रीन को ठीक करने में मेरी मदद करेंगे?,3,0
maruti alto 2010, मारुति ऑल्टो 2010,0,0
2017,2017,0,0
Sure! I'll help you with that. May I know your name please?, ज़रूर! मैं इसमें आपकी मदद करूंगा। क्या मैं आपका नाम जान सकता हूँ?,3,0
"NO THANKS, HAVE A NICE DAY"," नहीं धन्यवाद, आपका दिन शुभ हो",3,2
Nothing else, और कुछ नहीं,2,0
"Always a pleasure! It's a pleasure assisting you. Thank you for reaching out to us, have a great day ahead!","हमेशा एक खुशी की बात है! आपकी सहायता करना खुशी की बात है। हमसे संपर्क करने के लिए धन्यवाद, आपका दिन शुभ हो!",3,2
854 875 9638 email address: santhu@gmail.com, 854 875 9638 ईमेल पता: santhu@gmail.com,1,0
NO..bye, अलविदा नहीं,2,0
2015,2015,0,0
"claim my insurance status
", मेरी बीमा स्थिति का दावा करें,0,0
Hello there! How may I help you today?, नमस्ते! आज मैं आपकी कैसे मदद कर सकता हूँ?,3,0
Thank you for sharing the details. The insurance proof will be delivered to the registered address within a week. Is there anything else I may help you with?,विवरण साझा करने के लिए धन्यवाद। बीमा प्रमाण एक सप्ताह के भीतर पंजीकृत पते पर पहुंचा दिया जाएगा। क्या कुछ और है जिसमें मैं आपकी मदद कर सकता हूं?,3,0
Thanks for staying connected. I've processed your request. You'll be receiving a mail to your registered address in the next 48 hours. Is there anything else that I might help you with?, जुड़े रहने के लिए धन्यवाद। मैंने आपका अनुरोध संसाधित कर दिया है। आपको अगले 48 घंटों में आपके पंजीकृत पते पर एक मेल प्राप्त होगा। क्या कुछ और है जिसमें मैं आपकी मदद कर सकता हूं?,3,2
"I appreciate your patience in sharing the information. Could you please allow me a minute or two, while I get this done for you?"," मैं जानकारी साझा करने में आपके धैर्य की सराहना करता हूं। क्या आप कृपया मुझे एक या दो मिनट का समय दे सकते हैं, जबकि मैं आपके लिए यह कर रहा हूँ?",3,2
Perfect! Would you also share your insurance claim number?, उत्तम! क्या आप अपनी बीमा दावा संख्या भी साझा करेंगे?,3,0
"Dear user, please read the instructions provided to you and reply accordingly."," प्रिय उपयोगकर्ता, कृपया आपको दिए गए निर्देशों को पढ़ें और तदनुसार उत्तर दें।",2,0
ALBERT@GMAIL.COM, अल्बर्ट@GMAIL.COM,0,0
"Thank you, may I know the email address associated with the account? "," धन्यवाद, क्या मैं खाते से संबद्ध ईमेल पता जान सकता हूं?",3,0
"Thank you Violet, could you please let me know the email address associated with the account?"," धन्यवाद वायलेट, क्या आप कृपया मुझे खाते से संबद्ध ईमेल पता बता सकते हैं?",3,0
nothing, कुछ नहीं,1,0
Policy number IQ D2451 25417, पॉलिसी नंबर IQ D2451 25417,0,0
It was 2017 made car., यह 2017 में बनी कार थी।,0,0
ok, ठीक है,2,0
No. This much will work for today.,"नहीं, आज के लिए इतना काम करेगा।",2,0
Fantastic! Please feel free to reach out to us for further queries. Have a nice day. Bye.,ज़बरदस्त! कृपया आगे के प्रश्नों के लिए हमसे बेझिझक संपर्क करें। आपका दिन शुभ हो। अलविदा।,3,2
Okay. Please could you also help me with your car'd year of manufacture?, ठीक। कृपया क्या आप मुझे अपनी कार के निर्माण के वर्ष में भी मदद कर सकते हैं?,2,0
Alicia Robinson, एलिसिया रॉबिन्सन,0,0
"Hey Christine, Would you please share your insurance policy number?"," हे क्रिस्टीन, क्या आप कृपया अपना बीमा पॉलिसी नंबर साझा करेंगे?",3,0
nallathambi, नल्लथंबी,0,0
Thank you so much for your help, आपकी मदद के लिए बहुत बहुत धन्यवाद,3,2
bye bye, अलविदा,2,0
Fantastic! Thanks a ton for being patient and cooperating with me. It was my pleasure assisting you. I hope you've a great day ahead. We are always here to help you out. Goodbye., ज़बरदस्त! धैर्य रखने और मेरे साथ सहयोग करने के लिए बहुत-बहुत धन्यवाद। आपकी सहायता करना मेरी खुशी थी। मुझे आशा है कि आपके लिए आगे एक अच्छा दिन है। हम आपकी मदद के लिए हमेशा यहां हैं। अलविदा।,3,2
ok, ठीक है,2,0
bena jio, बना जियो,0,0
ok which time, ठीक है किस समय,2,0
nothing, कुछ नहीं,1,0
Hello there! How may I help you today?, नमस्ते! आज मैं आपकी कैसे मदद कर सकता हूँ?,3,0
Okay, ठीक,2,2
You're welcome! is there anything else I may help you with?, आपका स्वागत है! क्या कुछ और है जिसमें मैं आपकी मदद कर सकता हूं?,2,2
Would you please cooperate with us and understand that you are not allowed to share all your details at once. we know that you are familiar with the questions., क्या आप कृपया हमारे साथ सहयोग करेंगे और समझेंगे कि आपको अपने सभी विवरण एक साथ साझा करने की अनुमति नहीं है। हम जानते हैं कि आप प्रश्नों से परिचित हैं।,3,0
santhosh34@gmail.com, santhosh34@gmail.com,0,0
Yes sure! Take your own time i will wait, हाँ यकीनन! अपना समय ले लो मैं इंतजार करूँगा,2,1
"As I've checked with my resources, I see that the payment has already been initiated and you'll receive the check within 3 business days. I hope this will be helpful."," जैसा कि मैंने अपने संसाधनों से जांच की है, मैंने देखा कि भुगतान पहले ही शुरू हो चुका है और आपको 3 कार्यदिवसों के भीतर चेक प्राप्त हो जाएगा। मुझे उम्मीद है कि ये मददगार होगा।",3,2
"It's a pleasure assisting you, have a great day!"," आपकी सहायता करना खुशी की बात है, आपका दिन शुभ हो!",3,2
Amazing! Please allow me a moment to check the status and get back to you., अद्भुत! कृपया मुझे स्थिति की जांच करने और आपके पास वापस आने के लिए कुछ समय दें।,3,2
thanks, धन्यवाद,2,2
sure..thank you soo much.., ज़रूर..बहुत बहुत धन्यवाद..,3,2
YTR890765431, YTR890765431,0,0
hi, नमस्ते,2,0
"okay, thank you", ठीक है धन्यवाद,3,2
hello! Good morning! How may I help you today?, नमस्ते! सुबह बख़ैर! आज मैं आपकी कैसे मदद कर सकता हूँ?,3,0
Thank you for reaching out to us! Have a great day!, हमसे संपर्क की पहल के लिए आपका धन्यवाद! आपका दिन अच्छा रहे!,3,2
Still here, अभी भी यहां,0,0
QWE467, QWE467,0,0
"I'll help you with that, could you please let me know your name and the phone number?"," मैं इसमें आपकी मदद करूंगा, क्या आप कृपया मुझे अपना नाम और फोन नंबर बता सकते हैं?",3,0
YES, हां,2,2
I NEED INSURANCE PROOF OF MY  CAR, मुझे अपनी कार का बीमा प्रमाण चाहिए,2,1
The above no is wrong, उपरोक्त संख्या गलत है,1,0
Hello! How may I assist you?, नमस्ते! मैं आपकी कैसे सहायता कर सकता हूँ?,3,0
Great! I'd be glad to help you with that. May I know your name please?, महान! मुझे इसमें आपकी मदद करने में खुशी होगी। क्या मैं आपका नाम जान सकता हूँ?,3,2
Sure! We are here to help you. May I know your full name and the last 4 digits of your SSN please?, ज़रूर! हम यहां आपकी सहायता के लिए उपलब्ध हैं। क्या मैं आपका पूरा नाम और आपके एसएसएन के अंतिम 4 अंक जान सकता हूं?,3,0
are you there, आप वहाँ हैं,1,0
raju, राजू,0,0
thank you so much, आपका बहुत-बहुत धन्यवाद,3,2
Superb! Please give me a moment to process the request., शानदार! कृपया मुझे अनुरोध संसाधित करने के लिए एक क्षण दें।,3,2
I'll help you out with that! May I know your name?, मैं इसमें आपकी मदद करूंगा! मैं आपका नाम जान सकता हुँ?,3,0
my name is jack,मेरा नाम जैक है,1,0
Always a pleasure. May I know if there's any other q0uery?, हमेशा एक खुशी की बात है। क्या मुझे पता चल सकता है कि क्या कोई अन्य प्रश्न है?,3,2
Sure! I'll help you with that. May I know your name please?, ज़रूर! मैं इसमें आपकी मदद करूंगा। क्या मैं आपका नाम जान सकता हूँ?,3,0
Fantastic! Thanks for connecting to us! I'm glad that I could resolve all your quires for today. It was really nice talking to you. I hope you've an amazing day ahead! Bubye!, ज़बरदस्त! हमसे जुड़ने के लिए धन्यवाद! मुझे खुशी है कि मैं आज के लिए आपके सभी प्रश्नों का समाधान कर सका। आपसे बात करके बहुत अच्छा लगा। मुझे आशा है कि आपके पास एक अद्भुत दिन है! बूबी!,3,2
My name is Joe M. Garrido, मेरा नाम जो एम. गैरिडो है,2,0
"Hi! How may I assist you today?
", नमस्ते! आज मैं आपकी मदद किस तरह कर सकता हूँ?,3,0
NO THANKS," जी नहीं, धन्यवाद",3,1
"Sure! Of course, I'll definitely help you in getting your insurance proof copy. To proceed further I'll require your personal and car details. May I know your full name please?","ज़रूर! बेशक, मैं आपकी बीमा प्रमाण प्रति प्राप्त करने में निश्चित रूप से आपकी सहायता करूंगा। आगे बढ़ने के लिए मुझे आपके व्यक्तिगत और कार विवरण की आवश्यकता होगी। क्या मैं आपका पूरा नाम जान सकता हूँ?",3,0
Wonderful! Thank you for reaching out to us. Have a nice day. Bye., अद्भुत! हमसे संपर्क की पहल के लिए आपका धन्यवाद। आपका दिन शुभ हो। अलविदा।,3,2
SORRY MY EMAIL IS : Alex123@GMAIL.COM, क्षमा करें मेरा ईमेल है: Alex123@GMAIL.COM,3,1
"Thanks, Sam! Please could you provide me with the policy and claim number for me to help you further?"," धन्यवाद, सैम! क्या आप मुझे पॉलिसी और क्लेम नंबर प्रदान कर सकते हैं ताकि मैं आपकी और मदद कर सकूं?",3,0
I hope we are still connected., मुझे आशा है कि हम अभी भी जुड़े हुए हैं।,2,2
Thank you! Could you please share the information about the make and model of the car?, आपको धन्यवाद! क्या आप कृपया कार के मेक और मॉडल के बारे में जानकारी साझा कर सकते हैं?,3,0
hello, नमस्ते,2,0
"Thanks for waiting, I'd like to inform you that I'll be able to replace your broken phone with the brand new phone. And I request you to return the broken device in an envelope. We won't be able to provide you the new phone unless we receive the broken phone. would that be okay? "," प्रतीक्षा करने के लिए धन्यवाद, मैं आपको सूचित करना चाहता हूं कि मैं आपके टूटे हुए फोन को एकदम नए फोन से बदल सकूंगा। और मैं आपसे अनुरोध करता हूं कि टूटे हुए उपकरण को एक लिफाफे में वापस कर दें। जब तक हम टूटा हुआ फ़ोन प्राप्त नहीं कर लेते, हम आपको नया फ़ोन प्रदान नहीं कर पाएंगे। क्या यह ठीक रहेगा?",3,1
Amazing! please allow me a moment to check in the details., अद्भुत! कृपया मुझे विवरण देखने के लिए कुछ समय दें।,3,2
Hello! How may I help you today?, नमस्ते! आज मैं आपकी कैसे मदद कर सकता हूँ?,3,0
some damage for my auto, मेरे ऑटो को कुछ नुकसान,0,0
my iPhone screen just cracked. i have insurance with the carrier., मेरी iPhone स्क्रीन बस टूट गई। मेरे पास वाहक के साथ बीमा है।,1,1
YOU TOO., आप भी।,0,0
Hi, नमस्ते,3,0
"Sure, we are here to help you. May I know your full name please?"," ज़रूर, हम आपकी मदद करने के लिए यहाँ हैं। क्या मैं आपका पूरा नाम जान सकता हूँ?",3,0
"Thank you Ram, could you please let me know the make and model of the car?"," धन्यवाद राम, क्या आप कृपया मुझे कार के मेक और मॉडल के बारे में बता सकते हैं?",3,0
HGT784125698, एचजीटी784125698,0,0
You're always welcome! Thank you for contacting us! Have a great day ahead!, आपका हमेशा स्वागत है! हमसे संपर्क करने के लिए धन्यवाद! आगे एक महान दिन हो!,3,2
I need a status of my claim, मुझे अपने दावे की स्थिति चाहिए,3,0
Sure. Could you help me with your name and the last four digits of your SSN?, ज़रूर। क्या आप अपने नाम और अपने एसएसएन के अंतिम चार अंकों के साथ मेरी मदद कर सकते हैं?,3,0
"I apologize, could you please let me know the last 4 digits of SSN?"," मैं क्षमा चाहता हूँ, क्या आप कृपया मुझे SSN के अंतिम 4 अंक बता सकते हैं?",3,0
Sure! I'll also require the claim number to help you further.,ज़रूर! आगे आपकी सहायता करने के लिए मुझे दावा संख्या की भी आवश्यकता होगी।,2,0
hello robin, हैलो रॉबिन,3,0
HI, नमस्ते,2,0
SSN 8556., एसएसएन 8556.,0,0
yes, हां,2,0
You're welcome! Is there anything else that I may help you with?, आपका स्वागत है! क्या कुछ और है जिसमें मैं आपकी मदद कर सकता हूं?,2,2
Great! Could you please help me with the claim number as well?, महान! क्या आप कृपया मुझे दावा संख्या के साथ भी मदद कर सकते हैं?,3,2
Alright! May I know your first and last name please?, ठीक है! क्या मैं आपका पहला और अंतिम नाम जान सकता हूँ?,3,0
ok thank you, ठीक है धन्यवाद,3,0
"Awesome! Thanks for reaching out to us, hope you have a wonderful day ahead! "," बहुत बढ़िया! हमसे संपर्क करने के लिए धन्यवाद, आशा है कि आपका आने वाला दिन शानदार हो!",3,2
631-495-0701, 631-495-0701,0,0
UH sorry the correct claim number is THF336, उह क्षमा करें सही दावा संख्या THF336 है,3,0
"Sorry, I didn't get your last response?"," क्षमा करें, मुझे आपका अंतिम उत्तर नहीं मिला?",3,0
cash, नकद,0,0
Thank you for reaching out to us! Have a great day!, हमसे संपर्क की पहल के लिए आपका धन्यवाद! आपका दिन अच्छा रहे!,3,2
Hello! Good morning! How may I assist you today?, नमस्ते! सुबह बख़ैर! आज मैं आपकी मदद किस तरह कर सकता हूँ?,3,0
"Ya, sure. conformed", हाँ यकीनन। पुष्टि,2,0
"And, could you also share your policy and claim number please?"," और, क्या आप कृपया अपनी पॉलिसी और दावा संख्या भी साझा कर सकते हैं?",3,0
That's great! Thank you. I'll also need the claim number to check the status., एक दम बढ़िया! शुक्रिया। स्थिति की जांच के लिए मुझे दावा संख्या की भी आवश्यकता होगी।,3,2
OK THANK YOU, ठीक है धन्यवाद,3,2
Hello, नमस्ते,2,0
OK, ठीक है,2,0
yes usre, हाँ उसरे,2,0
My pleasure! Is there anything else I may help you with?, मेरा सौभाग्य! क्या कुछ और है जिसमें मैं आपकी मदद कर सकता हूं?,3,2
VKL-787654654, वीकेएल-787654654,0,0
THANK YOU, धन्यवाद,3,2
NO THANKS," जी नहीं, धन्यवाद",3,1
Honda civic 2016, होंडा सिविक 2016,0,0
"I'll not be able to get the device fixed. However, I'll be able to go ahead and get you a replacement. Would you want me to do that on your behalf?"," मैं डिवाइस को ठीक नहीं कर पाऊंगा। हालांकि, मैं आगे बढ़कर आपको एक प्रतिस्थापन दिलाने में सक्षम होऊंगा। क्या आप चाहते हैं कि मैं आपकी ओर से ऐसा करूं?",3,0
You're welcome! Would there be anything else that I may help you with?, आपका स्वागत है! क्या कुछ और होगा जिससे मैं आपकी मदद कर सकूं?,2,2
Sorry Ma'am but your name shows here as Emilea Sconne. Could you please help me with your correct spelling?, क्षमा करें महोदया लेकिन आपका नाम यहां एमिलिया स्कोन के रूप में दिखाई देता है। क्या आप कृपया अपनी सही वर्तनी में मेरी मदद कर सकते हैं?,3,0
Dhevadhas@gmail.com, Dhevadhas@gmail.com,0,0
"I appreciate for holding on, your documents will be mailed to the updated address."," मैं इसे जारी रखने के लिए सराहना करता हूं, आपके दस्तावेज़ अपडेट किए गए पते पर भेज दिए जाएंगे।",3,2
"Is there anything else I may help you out with today?
", क्या आज मैं आपकी कुछ और मदद कर सकता हूँ?,2,0
hello there, नमस्ते,2,0
"Make : Mahindra, Model : Scorpio, Year Manufactured : 2010 "," बनाना: महिंद्रा, मॉडल: स्कॉर्पियो, निर्मित वर्ष: 2010",2,0
name:kavi sri, नाम: कवि श्री,0,0
ok, ठीक है,2,0
"I highly appreciate your patience, Lina! I'd like to inform you that the payment has already been sent and the check should be delivered to you in 3 days. Would there be anything else I may assist you with? ","मैं आपके धैर्य की बहुत सराहना करता हूँ, लीना! मैं आपको सूचित करना चाहता हूं कि भुगतान पहले ही भेजा जा चुका है और चेक आपको 3 दिनों में वितरित किया जाना चाहिए। क्या कुछ और होगा जिसमें मैं आपकी सहायता कर सकूं?",3,2
Thank you Bye, अलविदा धन्यवाद,3,0
"Sure, lastly, please share your e-mail id for me to forward you the proof."," निश्चित रूप से, अंत में, कृपया अपनी ई-मेल आईडी साझा करें ताकि मैं आपको सबूत भेज सकूं।",3,0
hi, नमस्ते,2,0
yes, हां,2,0
"Perfect! Thank you for being patient in sharing the information. Could you please allow me a minute or two, while I get this done for you?"," उत्तम! जानकारी साझा करने में धैर्य रखने के लिए धन्यवाद। क्या आप कृपया मुझे एक या दो मिनट का समय दे सकते हैं, जबकि मैं आपके लिए यह कर रहा हूँ?",3,2
My iphone screen was cracked., मेरे आईफोन की स्क्रीन टूट गई थी।,0,1
Hey there! How may I help you today?, सुनो! आज मैं आपकी कैसे मदद कर सकता हूँ?,3,0
"no, thank you so much."," नहीं, बहुत-बहुत धन्यवाद।",3,0
Yes sure! my SSN number is 4565, हाँ यकीनन! मेरा एसएसएन नंबर 4565 . है,2,0
"Thank you Palani, could you please let me know the last 4 digits of SSN?"," धन्यवाद पलानी, क्या आप कृपया मुझे एसएसएन के अंतिम 4 अंक बता सकते हैं?",3,0
"Thank you Johnson, may I know the email address associated with the account?"," धन्यवाद जॉनसन, क्या मैं खाते से जुड़ा ईमेल पता जान सकता हूं?",3,0
Emily, एमिली,0,0
Alright Bruce! Could you please share your phone number?, ठीक है ब्रूस! क्या आप कृपया अपना फ़ोन नंबर साझा कर सकते हैं?,3,0
hyundai amaze 2018, हुंडई अमेज 2018,2,2
"Sure! I'll be able to help you know that, may I please know your full name?"," ज़रूर! मैं यह जानने में आपकी मदद कर सकूंगा, क्या मैं आपका पूरा नाम जान सकता हूं?",3,0
OK THANK, ठीक है धन्यवाद,3,2
CLAIM NUMBER - PBD749302, दावा संख्या - पीबीडी749302,0,0
Hello there! How may I assist you today?, नमस्ते! आज मैं आपकी मदद किस तरह कर सकता हूँ?,3,0
"That's perfect! Thank you for the details, please give me a minute to proceed further."," यह बिल्कुल सही है! विवरण के लिए धन्यवाद, कृपया मुझे आगे बढ़ने के लिए एक मिनट दें।",3,2
Douglas Kelley, डगलस केली,0,0
8587,8587,0,0
"Sure! I'll surely help you in this regards. May I know your name please?
", ज़रूर! मैं इस संबंध में आपकी निश्चित रूप से मदद करूंगा। क्या मैं आपका नाम जान सकता हूँ?,3,0
ok thank you, ठीक है धन्यवाद,3,0
policy number:HAI458698458, पॉलिसी नंबर: HAI458698458,2,0
hi can you please help fixing my screen, नमस्ते क्या आप कृपया मेरी स्क्रीन को ठीक करने में मदद कर सकते हैं,3,0
OKAY, ठीक है,2,0
Yes sure my name blessy mathew, हाँ ज़रूर मेरा नाम ब्लेसी मैथ्यू,2,0
That's perfect! Please give me a minute to proceed further.,यह बिल्कुल सही है! कृपया मुझे आगे बढ़ने के लिए एक मिनट दें।,3,2
i need insurance copy proof for my car policy?,मुझे अपनी कार पॉलिसी के लिए बीमा प्रति प्रमाण की आवश्यकता है?,2,0
"Awesome! I appreciate your patience in sharing the information, Allow me  a moment, while I get back to you with the details."," बहुत बढ़िया! मैं जानकारी साझा करने में आपके धैर्य की सराहना करता हूं, मुझे एक क्षण का समय दें, जबकि मैं विवरण के साथ आपके पास वापस आता हूं।",3,2
May i know my claim status?,क्या मैं अपने दावे की स्थिति जान सकता हूँ?,2,0
"Hurray! Good news! I can see here that Your payment has been initiated, the amount will be credited to your account within 3 business days. However, in case you don't receive the amount kindly let us know that immediately. We are always available here 24*7 for you. "," हुर्रे! खुशखबरी! मैं यहां देख सकता हूं कि आपका भुगतान शुरू कर दिया गया है, राशि 3 व्यावसायिक दिनों के भीतर आपके खाते में जमा कर दी जाएगी। हालांकि, अगर आपको राशि प्राप्त नहीं होती है तो कृपया हमें तुरंत बताएं। हम आपके लिए यहां 24*7 हमेशा उपलब्ध हैं।",3,2
Samantha Stevens, सामंथा स्टीवंस,0,0
"Awesome! Robinson, for me to find your documents I'd be requiring more information. Could you help me out with the make and model of the car?"," बहुत बढ़िया! रॉबिन्सन, मेरे लिए आपके दस्तावेज़ खोजने के लिए मुझे और जानकारी की आवश्यकता होगी। क्या आप कार के मेक और मॉडल के बारे में मेरी मदद कर सकते हैं?",3,2
Pleasure helping you out. You can contact us at 675-745-734 open at your service for 24x7. Have a nice day!, आपकी मदद करने में खुशी। आप 24x7 के लिए अपनी सेवा में 675-745-734 ओपन पर हमसे संपर्क कर सकते हैं। आपका दिन शुभ हो!,3,2
"Hi there! How may I assist you today?
", नमस्ते! आज मैं आपकी मदद किस तरह कर सकता हूँ?,3,0
ok thanks bye, ठीक है धन्यवाद अलविदा,3,0
"Sure, I'll definitely help you. May I know your full name and the last 4 digits of your SSN please?"," ज़रूर, मैं आपकी मदद ज़रूर करूँगा। क्या मैं आपका पूरा नाम और आपके एसएसएन के अंतिम 4 अंक जान सकता हूं?",3,0
Perfect! Please stay connected while I go ahead and check with the department.," उत्तम! जब तक मैं आगे बढ़ूं, कृपया जुड़े रहें और विभाग के साथ जांच करें।",3,2
OK, ठीक है,2,0
Hello! How may I help you today?, नमस्ते! आज मैं आपकी कैसे मदद कर सकता हूँ?,3,0
Perfect! Please allow me a moment while I go ahead and do the needful., उत्तम! कृपया मुझे एक क्षण की अनुमति दें जब तक कि मैं आगे बढ़ूं और आवश्यक कार्य करूं।,3,2
Is there anything else I may help you with?, क्या कुछ और है जिसमें मैं आपकी मदद कर सकता हूं?,2,0
Yes sure take your own time i will wait," हां, अपना समय जरूर लें मैं इंतजार करूंगा",2,0
"All good, no thanks"," सब ठीक है, नहीं धन्यवाद",3,1
Thanks for staying connected. I've processed your request. You'll be receiving a mail to your registered address in the next 48 hours. Is there anything else that I might help you with?, जुड़े रहने के लिए धन्यवाद। मैंने आपका अनुरोध संसाधित कर दिया है। आपको अगले 48 घंटों में आपके पंजीकृत पते पर एक मेल प्राप्त होगा। क्या कुछ और है जिसमें मैं आपकी मदद कर सकता हूं?,3,2
You mean the status of your claim? Is it?, आपका मतलब आपके दावे की स्थिति से है? यह है?,1,0
Cool! That's a nice car. May I know the year in which the car was manufactured?, ठंडा! यह एक अच्छी कार है। क्या मुझे पता चल सकता है कि कार का निर्माण किस वर्ष किया गया था?,3,2
" I really appreciate for staying connected, your documents will be mailed to the updated address shortly. "," जुड़े रहने के लिए मैं वास्तव में सराहना करता हूं, आपके दस्तावेज़ शीघ्र ही अपडेट किए गए पते पर भेज दिए जाएंगे।",3,2
hi, नमस्ते,3,0
2005,2005,0,0
i need a proof of insurance for the car, मुझे कार के लिए बीमा का प्रमाण चाहिए,1,0
Hey there! Good morning. How may I assist you?, सुनो! सुबह बख़ैर। मैं आपकी कैसे सहायता कर सकता हूँ?,3,0
Sure! Of course. I'll certainly help you in this concern. I'll require your details to pull up your profile. May I know your full name please?, ज़रूर! बेशक। मैं निश्चित रूप से इस मामले में आपकी मदद करूंगा। मुझे आपकी प्रोफ़ाइल खींचने के लिए आपके विवरण की आवश्यकता होगी। क्या मैं आपका पूरा नाम जान सकता हूँ?,3,0
"My pleasure! Thank you for reaching out to us, please feel free to reach out to us for further concerns, have a great day ahead! ","मेरा सौभाग्य! हमसे संपर्क करने के लिए धन्यवाद, कृपया आगे की चिंताओं के लिए हमसे बेझिझक संपर्क करें, आपका दिन शुभ हो!",3,2
"Thank you for staying connected, your documents will be mailed to the updated address shortly. "," जुड़े रहने के लिए धन्यवाद, आपके दस्तावेज़ शीघ्र ही अपडेट किए गए पते पर भेज दिए जाएंगे।",3,0
"That's perfect! Thank you for providing all the details, Rohith. Please give me a minute to proceed further."," यह बिल्कुल सही है! सभी विवरण प्रदान करने के लिए धन्यवाद, रोहित। कृपया मुझे आगे बढ़ने के लिए एक मिनट दें।",3,2
"Thank you for reaching out to us, I'm glad that I could resolve this for you."," हमसे संपर्क करने के लिए धन्यवाद, मुझे खुशी है कि मैं आपके लिए इसका समाधान कर सका।",3,2
"I highly appreciate your patience, I'd like to inform you that the payment has been done and the check will reach you in the next 3 business days. ","मैं आपके धैर्य की अत्यधिक सराहना करता हूं, मैं आपको सूचित करना चाहता हूं कि भुगतान हो चुका है और चेक अगले 3 व्यावसायिक दिनों में आप तक पहुंच जाएगा।",3,2
Awesome! would you also share the last four digits of your SSN?, बहुत बढ़िया! क्या आप अपने SSN के अंतिम चार अंक भी साझा करेंगे?,3,2
"Awesome! Thank you so much for your cooperation, have a great day! "," बहुत बढ़िया! आपके सहयोग के लिए बहुत-बहुत धन्यवाद, आपका दिन मंगलमय हो!",3,2
no thank you, नहीं धन्यवाद,3,1
Sorry to hear that. I'll surely help you with that. Could you please help me with your full name?, ऐसा सुनने के लिए क्षमा करें। मैं इसमें आपकी जरूर मदद करूंगा। क्या आप कृपया अपने पूरे नाम के साथ मेरी मदद कर सकते हैं?,3,0
"You're welcome! It was great assisting you , have a great day. Goodbye."," आपका स्वागत है! आपकी सहायता करके बहुत अच्छा लगा, आपका दिन शुभ हो। अलविदा।",3,2
anh891647928 and mch627, anh891647928 और mch627,0,0
Great! Please allow me a moment to check the status., महान! कृपया मुझे स्थिति की जांच करने के लिए कुछ समय दें।,3,2
You're welcome! Fantastic! Thanks for connecting to us! I'm glad that I could resolve all your quires for today. It was really nice talking to you. I hope you've an amazing day ahead! Bubye!, आपका स्वागत है! ज़बरदस्त! हमसे जुड़ने के लिए धन्यवाद! मुझे खुशी है कि मैं आज के लिए आपके सभी प्रश्नों का समाधान कर सका। आपसे बात करके बहुत अच्छा लगा। मुझे आशा है कि आपके पास एक अद्भुत दिन है! बूबी!,3,2
thank you so much, आपका बहुत-बहुत धन्यवाद,3,2
"Sir, I have a car. I need insurance.", सर मेरे पास कार है। मुझे बीमा चाहिए।,2,0
It was a pleasure assisting you. Thank you for connecting with us. Good day!, आपकी सहायता करना खुशी की बात थी। हमसे जुड़ने के लिए धन्यवाद। अच्छा दिन!,3,2
raj, राज,0,0
OK THANK YOU, ठीक है धन्यवाद,3,2
Wonderful! Thank you for reaching out to us. Have a nice day. Bye., अद्भुत! हमसे संपर्क की पहल के लिए आपका धन्यवाद। आपका दिन शुभ हो। अलविदा।,3,2
kjh@1236.com, kjh@1236.com,0,0
Thanks Rohith! May I please know the last 4 digit of your SSN?, धन्यवाद रोहित! क्या मुझे आपके SSN का अंतिम 4 अंक पता चल सकता है?,3,0
hai, हाय,2,0
yes, हां,2,0
Hello there! How may I help you today?, नमस्ते! आज मैं आपकी कैसे मदद कर सकता हूँ?,3,0
yes, हां,2,0
"Dear user, we request you to not to copy paste the lines. please be conversational and do not copy paste the lines given in the guidelines given. ","प्रिय उपयोगकर्ता, हम आपसे अनुरोध करते हैं कि लाइनों को कॉपी पेस्ट न करें। कृपया संवादी बनें और दिए गए दिशा-निर्देशों में दी गई पंक्तियों को कॉपी पेस्ट न करें।",2,1
"oh, sorry.  I typed that incorrectly.  It should be jim.rob2938@gmail.com", मुझे माफ करें। मैंने वह गलत टाइप किया था। यह jim.rob2938@gmail.com होना चाहिए,3,0
"Thanks for waiting, I'd like to inform you that I wouldn't be able to help you with this. However, I request you to visit our store the associates there will help you in getting your phone repaired, they'll also ask your for certain documents like insurance proof and other. please submit it to them. I hope this is helpful? "," प्रतीक्षा करने के लिए धन्यवाद, मैं आपको सूचित करना चाहता हूं कि मैं इसमें आपकी सहायता नहीं कर पाऊंगा। हालांकि, मैं आपसे अनुरोध करता हूं कि आप हमारे स्टोर पर जाएं, वहां के सहयोगी आपके फोन की मरम्मत में आपकी मदद करेंगे, वे आपसे बीमा प्रमाण और अन्य जैसे कुछ दस्तावेज भी मांगेंगे। कृपया इसे उन्हें जमा करें। मुझे आशा है कि यह मददगार है?",3,1
9600,9600,0,0
"I apologize but I do not have the whole information. Hence, I kindly request you to check our website. "," मैं माफी मांगता हूं लेकिन मुझे पूरी जानकारी नहीं है। इसलिए, मैं आपसे अनुरोध करता हूं कि आप हमारी वेबसाइट देखें।",3,0
ok thank you, ठीक है धन्यवाद,3,0
"Thank you for bringing this up to us, hope that was helpful. Have an awesome day!"," इसे हमारे सामने लाने के लिए धन्यवाद, आशा है कि यह मददगार था। आपका दिन कमाल का रहे!",3,2
hi], नमस्ते],3,0
"Hello there! How may I help you?
", नमस्ते! क्या मेरे द्वारा आपकी कोई सहायता हो सकती है?,3,0
i need proof of insurance of my car, मुझे अपनी कार के बीमा का प्रमाण चाहिए,2,0
ok, ठीक है,2,0
This is West Joy. I wants to know about my claims., यह वेस्ट जॉय है। मैं अपने दावों के बारे में जानना चाहता हूं।,3,0
"Awesome! Thank you for reaching out to us, please feel free to reach out for further concerns."," बहुत बढ़िया! हमसे संपर्क करने के लिए धन्यवाद, कृपया आगे की चिंताओं के लिए बेझिझक संपर्क करें।",3,2
Perfect! Would you please help me with the model and make of the car?, उत्तम! क्या आप कृपया कार के मॉडल और निर्माण में मेरी मदद करेंगे?,3,2
Is there anything else I may help you with today?, क्या आज मैं आपकी कुछ और मदद कर सकता हूँ?,2,0
my name is sharma, मेरा नाम शर्मा है,1,0
Perfect! Please allow me a moment while I do the needful., उत्तम! कृपया मुझे एक क्षण की अनुमति दें जबकि मैं आवश्यक कार्य करता हूं।,3,2
ineed a insrance for my one cars, मेरी एक कारों के लिए एक बीमा है,1,0
no thanks," जी नहीं, धन्यवाद",3,1
Thank you for staying on hold. I've a good news. Your payment has been made and it will reach you in 3 days. Is there anything else that I may help you with?, रुके रहने के लिए धन्यवाद। मेरे पास एक अच्छी खबर है। आपका भुगतान कर दिया गया है और यह 3 दिनों में आप तक पहुंच जाएगा। क्या कुछ और है जिसमें मैं आपकी मदद कर सकता हूं?,3,2
status of my claim., मेरे दावे की स्थिति।,0,0
BYE JESSE.. THANKS FOR THE HELP.., अलविदा जेसी .. मदद के लिए धन्यवाद ..,3,2
"Make : Ford, Model : Freestyle, Year Manufactured : 2010 "," बनाना: फोर्ड, मॉडल: फ्रीस्टाइल, निर्मित वर्ष: 2010",0,0
I need to know about the status of my claim, मुझे अपने दावे की स्थिति के बारे में जानने की जरूरत है,3,0
thanks for your help, आपकी सहायता के लिए धन्यवाद,3,2
HI, नमस्ते,2,0
Absolutely! May I know your SSN please?, बिल्कुल! क्या मैं आपका SSN कृपया जान सकता हूँ?,3,0
"That's perfect! Thank you for the details, please give me a minute to proceed further."," यह बिल्कुल सही है! विवरण के लिए धन्यवाद, कृपया मुझे आगे बढ़ने के लिए एक मिनट दें।",3,2
"Thank you for sharing the required information, please allow me a moment while I go ahead and do the needful.","आवश्यक जानकारी साझा करने के लिए धन्यवाद, कृपया मुझे आगे बढ़ने और आवश्यक कार्य करने के लिए एक क्षण का समय दें।",3,0
ford, पायाब,0,0
"Good news! The replacement takes place in 1-3 business days, please ensure to send the broken device through an envelope. Will that be fine with you? "," खुशखबरी! प्रतिस्थापन 1-3 व्यावसायिक दिनों में होता है, कृपया एक लिफाफे के माध्यम से टूटे हुए उपकरण को भेजना सुनिश्चित करें। क्या यह आपके साथ ठीक रहेगा?",3,2
Hey there! How may I help you?, सुनो! क्या मेरे द्वारा आपकी कोई सहायता हो सकती है?,3,0
priya, प्रिया,2,0
"425 Anna nagar, Dindugal"," 425 अन्ना नगर, डिंडुगाली",0,0
"Alright! Thank you so much for being patient and cooperating with us. I just spoke to our team, you'll have to visit our branch and there our associate will help you. You'll have to carry the insurance proof and other credentials as well. I hope that was clear? "," ठीक है! धैर्य रखने और हमारे साथ सहयोग करने के लिए आपका बहुत-बहुत धन्यवाद। मैंने अभी हमारी टीम से बात की है, आपको हमारी शाखा में जाना होगा और वहां हमारे सहयोगी आपकी मदद करेंगे। आपको बीमा प्रमाण और अन्य साख भी साथ रखनी होगी। मुझे आशा है कि यह स्पष्ट था?",3,2
"Surely, I'll note down. Please could you also help me with the claim number?"," ज़रूर, मैं नोट कर लूँगा। कृपया आप मुझे दावा संख्या के साथ भी मदद कर सकते हैं?",3,0
Yes sure! my car modal is BMW I8 make in the year of 2018,हाँ यकीनन! मेरी कार मोडल 2018 के वर्ष में बीएमडब्ल्यू I8 मेक है,2,0
Could you also help me with the policy and claim number?, क्या आप पॉलिसी और क्लेम नंबर में भी मेरी मदद कर सकते हैं?,3,0
Great! Could you please let me know your full name?, महान! क्या आप कृपया मुझे अपना पूरा नाम बता सकते हैं?,3,2
"I'll help you with that, may I know your name and phone number?"," मैं इसमें आपकी मदद करूंगा, क्या मैं आपका नाम और फोन नंबर जान सकता हूं?",3,0
"Thank you for providing all the information and we'll now go ahead and deliver the entire documents at your mailing address on a file soon.
", सभी जानकारी प्रदान करने के लिए धन्यवाद और अब हम आगे बढ़ेंगे और जल्द ही एक फ़ाइल पर आपके डाक पते पर संपूर्ण दस्तावेज़ वितरित करेंगे।,3,2
2007,2007,0,0
NOTHING, कुछ नहीं,2,0
chandrasekaran, चंद्रशेखरन,0,0
You're welcome !! I hope that was helpful and did I answer all your questions for today, आपका स्वागत है !! मुझे उम्मीद है कि यह मददगार था और क्या मैंने आज के लिए आपके सभी सवालों का जवाब दिया?,2,2
Thank you Sam., धन्यवाद सैम।,3,2
no thanks," जी नहीं, धन्यवाद",3,1
Thanks for holding on. Was checking your credentials., रुके रहने के लिए धन्यवाद। आपकी साख की जांच कर रहा था।,3,2
no sir. thank you, नहीं साहब। धन्यवाद,3,0
Hello! How may I assist you today?, नमस्ते! आज मैं आपकी मदद किस तरह कर सकता हूँ?,3,0
Hello! A very Good morning! I hope you are having a good day! How may I help you today?, नमस्ते! एक बहुत ही शुभ प्रभात! मुझे आशा है कि आपका दिन अच्छा बीतेगा! आज मैं आपकी कैसे मदद कर सकता हूँ?,3,2
1256023698,1256023698,0,0
POL789654258, पीओएल789654258,0,0
yes, हां,2,0
"Hello there! I'll help you with that, could you please let me know your name and the last 4 digits of SSN?"," नमस्ते! मैं इसमें आपकी मदद करूंगा, क्या आप कृपया मुझे अपना नाम और एसएसएन के अंतिम 4 अंक बता सकते हैं?",3,0
ok, ठीक है,2,0
"Okay, Is there anything else I may help you with today?"," ठीक है, क्या आज मैं आपकी कुछ और मदद कर सकता हूँ?",2,0
"Hi, I want a proof of insurance for my car, can you help me?"," नमस्ते, मुझे अपनी कार के लिए बीमा का प्रमाण चाहिए, क्या आप मेरी मदद कर सकते हैं?",3,0
"I appreciate your patience! As I've checked with my resources, I see that the payment has already been initiated, and the good news is you will receive the check within 3 business days. I hope this is helpful."," मैं आपके धैर्य की सराहना करता हूँ! जैसा कि मैंने अपने संसाधनों के साथ जांच की है, मैंने देखा कि भुगतान पहले ही शुरू हो चुका है, और अच्छी खबर यह है कि आपको 3 व्यावसायिक दिनों के भीतर चेक प्राप्त हो जाएगा। मुझे आशा है कि यह मददगार है।",3,2
"Hello there! How may I help you?
", नमस्ते! क्या मेरे द्वारा आपकी कोई सहायता हो सकती है?,3,0
That's a Chevy., वह एक चेवी है।,0,0
"In order to claim the insurance, please visit insurance.com website. Is there anything I might help you with?"," बीमा का दावा करने के लिए, कृपया Insurance.com वेबसाइट पर जाएं। क्या कोई ऐसी चीज है जिसमें मैं आपकी मदद कर सकता हूं?",3,0
Anything else I may help you with?, कुछ और मैं आपकी मदद कर सकता हूँ?,2,0
"Sure! I'll surely help you in this regards. May I know your name please?
", ज़रूर! मैं इस संबंध में आपकी निश्चित रूप से मदद करूंगा। क्या मैं आपका नाम जान सकता हूँ?,3,0
2015,2015,0,0
Hello! Good evening. How may I assist you today?, नमस्ते! सुसंध्या। आज मैं आपकी मदद किस तरह कर सकता हूँ?,3,0
"Porsche, 911 model"," पोर्श, 911 मॉडल",0,0
You're always welcome! Have a great day ahead. Hope to serve you soon again., आपका हमेशा स्वागत है! आगे एक महान दिन हो। आशा है कि आप जल्द ही फिर से सेवा करेंगे।,3,2
Sure! Please stay connected while I check the system.," ज़रूर! जब तक मैं सिस्टम की जांच करता हूं, कृपया जुड़े रहें।",2,0
hi, नमस्ते,2,0
"Great! Thank you for staying connected, your documents are ready and will be soon mailed to your address.","महान! जुड़े रहने के लिए धन्यवाद, आपके दस्तावेज़ तैयार हैं और जल्द ही आपके पते पर भेज दिए जाएंगे।",3,2
You're welcome! Would there be anything else I may assist you with?, आपका स्वागत है! क्या कुछ और होगा जिसमें मैं आपकी सहायता कर सकूं?,3,2
RUYAN JAMES, रुयान जेम्स,0,0
Thank you for staying connected. I've initiated a request for a replacement. You'll be receiving it within three days. I request you to send the current broken device in the return envelope., जुड़े रहने के लिए धन्यवाद। मैंने एक प्रतिस्थापन के लिए एक अनुरोध शुरू किया है। आपको यह तीन दिनों के भीतर प्राप्त हो जाएगा। मैं आपसे अनुरोध करता हूं कि वर्तमान टूटे हुए उपकरण को रिटर्न लिफाफे में भेजें।,3,1
model 012, मॉडल 012,0,0
taylor, टेलर,0,0
If there is no reply from your end I'll be forced to close the chat., अगर आपकी तरफ से कोई जवाब नहीं आया तो मुझे चैट बंद करने के लिए मजबूर किया जाएगा।,1,1
my phone screen is broken plz fix this issue, मेरे फोन की स्क्रीन टूट गई है कृपया इस समस्या को ठीक करें,3,1
I'm so sorry. Could you please be more specific with the model of the car?, मुझे खेद है। क्या आप कृपया कार के मॉडल के बारे में अधिक विशिष्ट हो सकते हैं?,3,0
"anbu raj
", अंबु राजो,0,0
You're welcome. Is there anything else I may assist you with?, आपका स्वागत है। क्या कुछ और है जिसमें मैं आपकी सहायता कर सकता हूं?,2,2
"Awesome! Thank you for the details, as you've already have an insurance. We're glad to provide you the replacement, please give me a minute to proceed further."," बहुत बढ़िया! विवरण के लिए धन्यवाद, क्योंकि आपके पास पहले से ही एक बीमा है। हमें आपको प्रतिस्थापन प्रदान करने में प्रसन्नता हो रही है, कृपया मुझे आगे बढ़ने के लिए एक मिनट दें।",3,2
"Perfect! Thank you for sharing the information. Could you please allow me a minute or two, while I do the needful?"," उत्तम! जानकारी साझा करने के लिए धन्यवाद। क्या आप कृपया मुझे एक या दो मिनट का समय दे सकते हैं, जबकि मैं ज़रूरतमंद काम करता हूँ?",3,2
776767687 678 huff streer, 776767687 678 हफ़ स्ट्रीर,0,0
Have a great day, आपका दिन अच्छा रहे,2,2
yes, हां,2,0
ok, ठीक है,2,0
OH I apologize I looked at the wrong place. The claim number is DFR361," ओह, क्षमा करें, मैंने गलत जगह देखी। दावा संख्या DFR361 है",3,0
ok thank you, ठीक है धन्यवाद,3,0
Alright!  Would there be anything I may help you with?, ठीक है! क्या कुछ ऐसा होगा जिसमें मैं आपकी मदद कर सकूं?,2,0
"Thank you Ether, could you please let me know the policy number and the claim number?"," धन्यवाद ईथर, क्या आप कृपया मुझे पॉलिसी नंबर और दावा संख्या बता सकते हैं?",3,0
SFT765894320, एसएफटी765894320,0,0
OK SURE, यकीनन ठीक,2,2
"Ok, I wait for your information. "," ठीक है, मैं आपकी जानकारी की प्रतीक्षा कर रहा हूँ।",0,0
Hey there! How may I help you today?, सुनो! आज मैं आपकी कैसे मदद कर सकता हूँ?,3,0
"Thank you for the details, please give me a minute to proceed further. "," विवरण के लिए धन्यवाद, कृपया मुझे आगे बढ़ने के लिए एक मिनट दें।",3,0
Thank you for waiting. I've a good news for you. Your request has been processed and you'll be receiving the proof of insurance at the registered address within 24 hours. Is there anything else that I may help you with?, प्रतीक्षा के लिए धन्यवाद। मेरे पास आपके लिए एक अच्छी खबर है। आपका अनुरोध संसाधित कर दिया गया है और आपको 24 घंटों के भीतर पंजीकृत पते पर बीमा का प्रमाण प्राप्त होगा। क्या कुछ और है जिसमें मैं आपकी मदद कर सकता हूं?,3,2
"Alright, I hope that was helpful. Would you there be anything else I may help you with?"," ठीक है, मुझे आशा है कि यह मददगार था। क्या आपके पास और कुछ होगा जिसमें मैं आपकी मदद कर सकूं?",3,2
"Perfect! Thank you for the details, please give me a minute to proceed further."," उत्तम! विवरण के लिए धन्यवाद, कृपया मुझे आगे बढ़ने के लिए एक मिनट दें।",3,2
ok, ठीक है,2,0
I NEED A STATUS OF MY CLAIM, मुझे अपने दावे की स्थिति चाहिए,3,0
Is there anything more that I may help you with?, क्या कुछ और है जिसमें मैं आपकी मदद कर सकता हूं?,2,0
HI, नमस्ते,3,0
"Sure, I'll be happy to help you. Please may I know your name?","ज़रूर, मुझे आपकी मदद करने में खुशी होगी। कृपया क्या मैं आपका नाम जान सकता हूँ?",3,0
It's a Toyota Prius 2017 model, यह टोयोटा प्रियस 2017 मॉडल है,0,0
"I'll be forced to disconnect, if there is no response.", कोई प्रतिक्रिया नहीं होने पर मुझे डिस्कनेक्ट करने के लिए मजबूर किया जाएगा।,1,1
ok thanks, ठीक है धन्यवाद,3,0
Sure will send you the broken phone in return., जरूर आपको बदले में टूटा हुआ फोन भेज देगा।,2,2
Thats all. thanks, बस इतना ही। धन्यवाद,3,0
thank you, धन्यवाद,2,2
Please allow me a minute or two while I do the needful.," कृपया मुझे एक या दो मिनट का समय दें, जबकि मैं आवश्यक कार्य कर रहा हूं।",3,0
my name is kumar, मेरा नाम कुमार है,1,0
Hello! How may I assist you today?, नमस्ते! आज मैं आपकी मदद किस तरह कर सकता हूँ?,3,0
NOTHING ELSE, और कुछ नहीं,2,0
"Absolutely! I'll be glad to help you in this regard, may I please know your first and last name?"," बिल्कुल! मुझे इस संबंध में आपकी मदद करने में खुशी होगी, क्या मैं आपका पहला और अंतिम नाम जान सकता हूं?",3,0
1247,1247,0,0
(883) 451-9787, (883) 451-9787,0,0
"Thank you for staying connected with patience. Good news, as I can see here that the payment as already initiated and the amount will be credited to your account within 3 business days. However, if you don't received the amount, kindly get back to us immediately."," धैर्य से जुड़े रहने के लिए धन्यवाद। खुशखबरी, जैसा कि मैं यहां देख सकता हूं कि भुगतान पहले ही शुरू हो चुका है और राशि 3 व्यावसायिक दिनों के भीतर आपके खाते में जमा कर दी जाएगी। हालांकि, अगर आपको राशि प्राप्त नहीं हुई है, तो कृपया तुरंत हमसे संपर्क करें।",3,2
"Sonia Rodriguez
", सोनिया रोड्रिगेज,0,0
Great! May I please know the make and model of the car insured?, महान! क्या मैं कृपया बीमाकृत कार का मेक और मॉडल जान सकता हूँ?,3,0
"55 W. Mill Pond Drive 
Kings Mountain, NC 28086"," 55 डब्ल्यू मिल पॉन्ड ड्राइव किंग्स माउंटेन, एनसी 28086",0,0
OK, ठीक है,2,0
raja pandi, राजा पांडि,0,0
I NEED A COPY OF INSURANCE FOR MY CAR, मुझे अपनी CAR . के लिए बीमा की एक प्रति चाहिए,2,0
Great! I'd be glad to help you with that. May I know your name and the last 4 digits of the SSN please?, महान! मुझे इसमें आपकी मदद करने में खुशी होगी। क्या मैं आपका नाम और SSN के अंतिम 4 अंक जान सकता हूँ?,3,2
2012,2012,0,0
"contact:987 456 1230 ,maha456@gmail.com"," संपर्क:987 456 1230, maha456@gmail.com",0,0
Pleasure is mine! I hope that all your queries are cleared?, मेरा सौभाग्य है! मुझे आशा है कि आपके सभी प्रश्नों का समाधान हो गया होगा?,3,2
Hey there! How may I assist you today?,सुनो! आज मैं आपकी मदद किस तरह कर सकता हूँ?,3,0
Thanks Babu! May I please know the last 4 digits of SSN?, धन्यवाद बाबू! क्या मैं कृपया SSN के अंतिम 4 अंक जान सकता हूँ?,3,2
You're always welcome! Have a great day ahead! Bye!, आपका हमेशा स्वागत है! आगे एक महान दिन हो! अलविदा!,3,2
"Alright! I've contacted the concerned team, they'll mail you the copy of your car insurance proof on the registered address. you'll receive it within 2 business days. however, if you fail to receive it, reach out to us immediately we are available here 24*7. "," ठीक है! मैंने संबंधित टीम से संपर्क किया है, वे आपको पंजीकृत पते पर आपके कार बीमा प्रमाण की प्रति मेल करेंगे। आप इसे 2 व्यावसायिक दिनों के भीतर प्राप्त कर लेंगे। हालांकि, अगर आप इसे प्राप्त करने में विफल रहते हैं, तो तुरंत हमसे संपर्क करें हम यहां 24*7 उपलब्ध हैं।",2,2
"I hope you have a great day ahead. Goodbye! 
", मुझे आशा है कि आपके लिए आगे एक अच्छा दिन होगा। अलविदा!,3,2
My pleasure! thank you for reaching out to us. Good day!, मेरा सौभाग्य! हमसे संपर्क की पहल के लिए आपका धन्यवाद। अच्छा दिन!,3,2
"Thank you for providing the information. The payment was already sent and the check should arrive in 3 working days.
", जानकारी प्रदान करने के लिए धन्यवाद। भुगतान पहले ही भेज दिया गया था और चेक 3 कार्य दिवसों में आ जाना चाहिए।,3,2
ok4, ठीक4,2,0
Sad to hear that! I'm glad that I could be a help for you. Could you please help me with your full name?,यह सुनकर दुख हुआ! मुझे खुशी है कि मैं आपकी मदद कर सका। क्या आप कृपया अपने पूरे नाम के साथ मेरी मदद कर सकते हैं?,3,1
Alright Mani! Could you please share your phone number?, ठीक है मणि! क्या आप कृपया अपना फ़ोन नंबर साझा कर सकते हैं?,3,0
DUL89@GMAIL.COM, DUL89@GMAIL.COM,0,0
3254,3254,0,0
"Alright! May I know the make of the car, model of the car and lastly, the year car was made?
"," ठीक है! क्या मुझे कार का मेक, कार का मॉडल और आखिरकार कार बनने का वर्ष पता चल सकता है?",3,0
"Hi, Good Morning. I need a insurance copy of my car. ", हाय सुप्रभात। मुझे अपनी कार की बीमा प्रति चाहिए।,3,0
Awesome! Vinoth for me to find your documents I'd be requiring more information. Could you help me out with the make and model of the car?, बहुत बढ़िया! आपके दस्तावेज़ खोजने के लिए विनोथ मुझे और जानकारी की आवश्यकता होगी। क्या आप कार के मेक और मॉडल के बारे में मेरी मदद कर सकते हैं?,3,2
"As I've checked with my resources, I see that the payment has already been initiated and you'll receive the check within 3 business days. I hope this will be helpful."," जैसा कि मैंने अपने संसाधनों से जांच की है, मैंने देखा कि भुगतान पहले ही शुरू हो चुका है और आपको 3 कार्यदिवसों के भीतर चेक प्राप्त हो जाएगा। मुझे उम्मीद है कि ये मददगार होगा।",3,2
Can I get proof of insurance for one of my cars?, क्या मुझे अपनी किसी कार के लिए बीमा का प्रमाण मिल सकता है?,2,0
Sure! Is there anything else I could assist you with?, ज़रूर! क्या कुछ और है जिसमें मैं आपकी सहायता कर सकता हूं?,2,0
CAN I GET A PROOF FOR ONE OF MY CAR INSURANCE FROM YOUR COMPANY, क्या मुझे आपकी कंपनी से अपने किसी कार बीमा का प्रमाण मिल सकता है,2,0
hai, हाय,2,0
"Sure thing, may I know your name please?"," ज़रूर, क्या मैं आपका नाम जान सकता हूँ?",3,0
SORRY CLAIM NUMBER IS WRONG, सॉरी क्लेम नंबर गलत है,3,1
hi, नमस्ते,2,0
martina, मार्टिना,0,0
OK, ठीक है,2,0
NO, ना,1,1
Hello there! How may I help you today?, नमस्ते! आज मैं आपकी कैसे मदद कर सकता हूँ?,3,0
"Thank you Casey, could you please let me know the make and model of the car?"," धन्यवाद केसी, क्या आप कृपया मुझे कार के मेक और मॉडल के बारे में बता सकते हैं?",3,0
Awesome! May I know your first and last name please?, बहुत बढ़िया! क्या मैं आपका पहला और अंतिम नाम जान सकता हूँ?,3,2
Pleasure is mine. I hope that all your queries are cleared?, मेरा सौभाग्य है। मुझे आशा है कि आपके सभी प्रश्नों का समाधान हो गया होगा?,3,2
okay, ठीक है,2,0
Thank you! Please could you confirm all the details., आपको धन्यवाद! कृपया आप सभी विवरणों की पुष्टि कर सकते हैं।,3,0
sure, ज़रूर,2,0
MAKE: TOYOTA MODEL: DYNA, बनाना: टोयोटा मॉडल: डायना,0,0
Thank you very much, आपका बहुत बहुत धन्यवाद,3,2
2017,2017,0,0
i want to know status of my claim?, मैं अपने दावे की स्थिति जानना चाहता हूँ?,3,0
My Full Name is Amer Khan, मेरा पूरा नाम आमेर खान है,1,0
ok, ठीक है,2,0
"Awesome! I appreciate your patience in sharing the information. Allow me a moment, I'll be right back with the details."," बहुत बढ़िया! मैं जानकारी साझा करने में आपके धैर्य की सराहना करता हूं। मुझे एक क्षण की अनुमति दें, मैं विवरण के साथ अभी वापस आता हूँ।",3,2
have a nice day chat with you, आपके साथ अच्छे दिन की बातचीत हो,2,2
Awesome! May I know your full name please?, बहुत बढ़िया! क्या मैं आपका पूरा नाम जान सकता हूँ?,3,2
"Perfect! Thank you for being patient in sharing the information, Could you please allow me a moment, while I do the needful?"," उत्तम! जानकारी साझा करने में धैर्य रखने के लिए धन्यवाद, क्या आप कृपया मुझे एक क्षण की अनुमति दे सकते हैं, जबकि मैं आवश्यक कार्य करता हूं?",3,2
no thanks," जी नहीं, धन्यवाद",3,1
Honda arcord 2017, होंडा आर्कॉर्ड 2017,0,0
How may I assist you today?,आज मैं आपकी मदद किस तरह कर सकता हूँ?,0,0
i want information about insurance for my car, मुझे अपनी कार के बीमा के बारे में जानकारी चाहिए,2,0
Thank you very much, आपका बहुत बहुत धन्यवाद,3,2
"Apologies for the delay! I appreciate your patience. I've checked your status your status has been initiated, you'll receive the payment within 3 business days. However, if you haven't received the payment, kindly reach out to us immediately."," देरी के लिए क्षमा याचना! मैं आपके धैर्य की सराहना करता हूँ। मैंने आपकी स्थिति की जांच कर ली है कि आपकी स्थिति शुरू हो गई है, आपको 3 कार्यदिवसों के भीतर भुगतान प्राप्त हो जाएगा। हालांकि, अगर आपको भुगतान नहीं मिला है, तो कृपया तुरंत हमसे संपर्क करें।",3,1
"Thank you for staying connected, I'd like to inform you that the payment has already been sent and the check should be delivered to you in 3 days."," जुड़े रहने के लिए धन्यवाद, मैं आपको सूचित करना चाहता हूं कि भुगतान पहले ही भेजा जा चुका है और चेक आपको 3 दिनों में वितरित किया जाना चाहिए।",3,0
"WHAT ABOUT MY INSURANCE CLAIM STATUS?
", मेरे बीमा दावे की स्थिति के बारे में क्या?,1,0
i want proof of my car insurance, मुझे अपनी कार बीमा का प्रमाण चाहिए,2,0
"It was great assisting you, have a great day. Goodbye."," आपकी सहायता करके बहुत अच्छा लगा, आपका दिन शुभ हो। अलविदा।",3,2
ok thank you bye, ठीक है धन्यवाद अलविदा,3,0
"Alright! I'll definitely help you in getting your insurance copy proof. I would require your details to proceed further. Firstly, May I know your name please?"," ठीक है! मैं आपकी बीमा प्रति प्रमाण प्राप्त करने में निश्चित रूप से आपकी सहायता करूंगा। आगे बढ़ने के लिए मुझे आपके विवरण की आवश्यकता होगी। सबसे पहले, क्या मैं आपका नाम जान सकता हूँ?",3,2
HOW MAY I CLAIM INSURANCE?, मैं बीमा का दावा कैसे कर सकता हूँ?,2,0
Perfect! I'd also require the year of manufacture of your car., उत्तम! मुझे आपकी कार के निर्माण के वर्ष की भी आवश्यकता होगी।,3,2
You're welcome! Is there anything else that I may help you with?, आपका स्वागत है! क्या कुछ और है जिसमें मैं आपकी मदद कर सकता हूं?,2,2
OK THANKS BYE, ठीक है धन्यवाद अलविदा,3,2
NO THANKS," जी नहीं, धन्यवाद",3,1
OK HAVE A NICE DAY, ठीक है आपका दिन अछा हो,2,2
Pleasure is mine. I hope that all your queries are cleared?, मेरा सौभाग्य है। मुझे आशा है कि आपके सभी प्रश्नों का समाधान हो गया होगा?,3,2
ok sure, यकीनन ठीक,2,0
"I highly appreciate your patience, I'd like to inform you that we've mailed the copy of documents to your address which will be delivered to you at the earliest. ","मैं आपके धैर्य की बहुत सराहना करता हूं, मैं आपको सूचित करना चाहता हूं कि हमने दस्तावेजों की प्रति आपके पते पर भेज दी है जो आपको जल्द से जल्द पहुंचा दी जाएगी।",3,2
hi sir, नमस्कार श्री मान जी,3,0
"Sure! I'll be able to help you in this regard, could you please let me know your full name?"," ज़रूर! मैं इस संबंध में आपकी मदद कर सकूंगा, क्या आप कृपया मुझे अपना पूरा नाम बता सकते हैं?",3,0
Hello there! How may I assist you today?, नमस्ते! आज मैं आपकी मदद किस तरह कर सकता हूँ?,3,0
Superb! Please specify the model as well., शानदार! कृपया मॉडल भी निर्दिष्ट करें।,3,2
okay thankyou,ठीक है धन्यवाद,2,0
HI, नमस्ते,2,0
"Thank you Mokan, coul you please let me know the last 4 digits of SSN?"," धन्यवाद मोकन, क्या आप कृपया मुझे एसएसएन के अंतिम 4 अंक बता सकते हैं?",3,0
I want fix my screen, मुझे अपनी स्क्रीन ठीक करनी है,2,0
Thank you! Please allow me a moment while I do the needful., आपको धन्यवाद! कृपया मुझे एक क्षण की अनुमति दें जबकि मैं आवश्यक कार्य करता हूं।,3,0
hi, नमस्ते,2,0
Hello! Good morning! How may I assist you today?, नमस्ते! सुबह बख़ैर! आज मैं आपकी मदद किस तरह कर सकता हूँ?,3,0
"Thanks for staying connected, I have checked with the details given by you the check for your claim has already been sent It will be reaching you in approximately 3 days. Will there be anything else I may help you in?","जुड़े रहने के लिए धन्यवाद, मैंने आपके द्वारा दिए गए विवरण के साथ जांच की है कि आपके दावे का चेक पहले ही भेजा जा चुका है यह लगभग 3 दिनों में आप तक पहुंच जाएगा। क्या कुछ और होगा जिसमें मैं आपकी मदद कर सकूं?",3,2
i need a proof of insurance for one  car, मुझे एक कार के लिए बीमा का प्रमाण चाहिए,1,0
sorry, माफ़ करना,2,1
OH.. THAT'S A GOOD NEWS ACTUALLY, ओह .. यह वास्तव में एक अच्छी खबर है,2,2
OK, ठीक है,2,0
OKAY, ठीक है,2,0
I apologize Claim number is PCQ303, मुझे खेद है दावा संख्या PCQ303 है,3,0
Thank you for the information. Please allow me a moment while I get the best solution for you., जानकारी के लिए धन्यवाद। कृपया मुझे एक क्षण दें जब तक कि मुझे आपके लिए सबसे अच्छा समाधान मिल जाए।,3,2
Thanks. Good day., धन्यवाद। अच्छा दिन।,3,2
ok, ठीक है,2,0
hi i am karan, हाय मैं करण हूँ,3,0
Hi! How may I assist you today?, नमस्ते! आज मैं आपकी मदद किस तरह कर सकता हूँ?,3,0
ok, ठीक है,2,0
this is casey, यह केसी है,2,0
I really appreciate your patience. I've requested the concerned department to go ahead and process the insurance copy and mail it to you at your registered address. It will be delivered to you within 3 business days., मैं वास्तव में आपके धैर्य की सराहना करता हूं। मैंने संबंधित विभाग से अनुरोध किया है कि आगे बढ़ें और बीमा प्रति को संसाधित करें और आपके पंजीकृत पते पर आपको मेल करें। यह आपको 3 व्यावसायिक दिनों के भीतर वितरित कर दिया जाएगा।,3,2
Hey.. I would like to know the status of my claim, अरे.. मैं अपने दावे की स्थिति जानना चाहता हूं,3,0
GOOD MORNING, शुभ प्रभात,2,0
Thank you! Please could you check and confirm the details?, आपको धन्यवाद! क्या आप विवरण की जांच और पुष्टि कर सकते हैं?,3,0
My pleasure! thank you for reaching out to us. Good day!, मेरा सौभाग्य! हमसे संपर्क की पहल के लिए आपका धन्यवाद। अच्छा दिन!,3,2
NO THANKS," जी नहीं, धन्यवाद",3,1
ajianu 9565, अजियानु 9565,0,0
Model- x3, मॉडल- x3,0,0
"Hello there! A very good morning, how may I help you today?"," नमस्ते! बहुत सुप्रभात, आज मैं आपकी कैसे मदद कर सकता हूँ?",3,2
Sure! Chevrolet Cruz LT 2012, ज़रूर! शेवरले क्रूज़ LT 2012,2,0
Perfect! Please share your personal e-mail id with me., उत्तम! कृपया अपनी व्यक्तिगत ई-मेल आईडी मेरे साथ साझा करें।,3,0
SSN:2794, एसएसएन: 2794,0,0
"Yes! we are, would you please help me with your contact number and email address?"," हाँ! हम हैं, क्या आप कृपया अपने संपर्क नंबर और ईमेल पते के साथ मेरी मदद करेंगे?",3,0
The year of manufacture of my car is 2017, मेरी कार के निर्माण का वर्ष 2017 है,1,0
"Meenakshi to go ahead and find your documents I'll be needing more details. Hence, could you please help m eout with the make and the model of your car? ","मीनाक्षी को आगे बढ़ने और आपके दस्तावेज़ खोजने के लिए मुझे और विवरण की आवश्यकता होगी। इसलिए, क्या आप कृपया अपनी कार के मेक और मॉडल के बारे में मेरी मदद कर सकते हैं?",3,0
"Great! I have processed your request. A replacement phone is on its way, and please send the current (broken) device in the return envelope.
"," महान! मैंने आपके अनुरोध को संसाधित कर दिया है। एक प्रतिस्थापन फोन आ रहा है, और कृपया वर्तमान (टूटे हुए) उपकरण को रिटर्न लिफाफे में भेजें।",3,2
Great! Thanks for the information. Kindly allow me a moment while I check this for you., महान! सूचना के लिए धन्यवाद। कृपया मुझे एक क्षण दें जब तक मैं आपके लिए यह जांचता हूं।,3,2
Hello there! How may I assist you today?, नमस्ते! आज मैं आपकी मदद किस तरह कर सकता हूँ?,3,0
i need a status of my claim, मुझे अपने दावे की स्थिति चाहिए,3,0
please fix my mobile screen, कृपया मेरे मोबाइल स्क्रीन को ठीक करें,3,0
honji123@mail.com, honji123@mail.com,0,0
Hello! Good morning! I hope you are having a great day! How may I help you today?, नमस्ते! सुबह बख़ैर! मुझे आशा है कि आपका समय बहुत अच्छा बीत रहा है! आज मैं आपकी कैसे मदद कर सकता हूँ?,3,2
Hello! How may I assist you today?, नमस्ते! आज मैं आपकी मदद किस तरह कर सकता हूँ?,3,0
"Great! Could you please share the details of the car, like it's make and the model?","महान! क्या आप कृपया कार के बारे में विवरण साझा कर सकते हैं, जैसे कि यह मेक और मॉडल है?",3,0
i need a proof of insurance for one of  car, मुझे किसी एक कार के लिए बीमा का प्रमाण चाहिए,1,0
yes I will send it back, हाँ मैं इसे वापस भेज दूंगा,2,1
hi, नमस्ते,2,0
NAME: EDWIN, नाम: एडविन,0,0
OK, ठीक है,2,0
I'm looking for thse staus of my cliam, मैं अपने cliam के thse staus की तलाश में हूँ,2,0
Kindly fix my phone screen., कृपया मेरे फोन की स्क्रीन ठीक करें।,2,0
HI, नमस्ते,2,0
"Good evening, I need a proof of insurance for one of my car, will you be able to help?"," शुभ संध्या, मुझे अपनी एक कार के लिए बीमा का प्रमाण चाहिए, क्या आप मदद कर पाएंगे?",3,0
IKS896458632, आईकेएस896458632,0,0
Sure! I'd be glad to help you with that. Could you please help me with your full name and the last 4 digits of your SSN number?, ज़रूर! मुझे इसमें आपकी मदद करने में खुशी होगी। क्या आप कृपया अपना पूरा नाम और अपने एसएसएन नंबर के अंतिम 4 अंकों के साथ मेरी मदद कर सकते हैं?,3,0
"Great! Nivetha, could you also please help me out with the make and the model of your car? "," महान! निवेथा, क्या आप कृपया अपनी कार के मेक और मॉडल के बारे में भी मेरी मदद कर सकती हैं?",3,2
audi 011 year2017, ऑडी 011 साल2017,0,0
245,245,0,0
Sure! No worries! I'll change that here., ज़रूर! चिंता न करें! मैं इसे यहाँ बदल दूँगा।,2,0
-5367, +01-456-789-4123,0,0
"Ok, thanks for the information"," ठीक है, जानकारी के लिए धन्यवाद",3,2
ford 25, फोर्ड 25,0,0
ok, ठीक है,2,0
sure, ज़रूर,2,0
they are correct, वे सही हैं,2,0
my mobile phone is damaged, मेरा मोबाइल फोन खराब हो गया है,1,1
policy num-jbv468247820, पॉलिसी संख्या-जेबीवी468247820,0,0
I highly appreciate for staying connected. The documents will be mailed to the address in 2-3 business days. Is that fine for you?, मैं जुड़े रहने के लिए अत्यधिक सराहना करता हूं। दस्तावेज़ 2-3 व्यावसायिक दिनों में पते पर भेज दिए जाएंगे। क्या यह आपके लिए ठीक है?,3,2
"Awesome! Thank you for the details, as you've already have an insurance. We're glad to provide you the replacement, please give me a minute to proceed further."," बहुत बढ़िया! विवरण के लिए धन्यवाद, क्योंकि आपके पास पहले से ही एक बीमा है। हमें आपको प्रतिस्थापन प्रदान करने में प्रसन्नता हो रही है, कृपया मुझे आगे बढ़ने के लिए एक मिनट दें।",3,2
Hey there! How may I assist you today?,सुनो! आज मैं आपकी मदद किस तरह कर सकता हूँ?,3,0
And your contact number would be?, और आपका कांटेक्ट नंबर होगा?,1,0
vel murugan ssn no: 3939,वेल मुरुगन एसएसएन नंबर: 3939,1,0
Prabhu07@gmail.com, Prabhu07@gmail.com,0,0
"Perfect! Thank you for sharing the information, Please allow me a minute or two, while I get this done for you?"," उत्तम! जानकारी साझा करने के लिए धन्यवाद, कृपया मुझे एक या दो मिनट का समय दें, जबकि मैं यह आपके लिए कर रहा हूं?",3,2
mmmm k please help me, mmmm k कृपया मेरी मदद करें,3,0
Thanks you so much! Please stay connected while I get this done for you.," आपका बहुत बहुत धन्यवाद! जब तक मैं आपके लिए यह काम करवाता हूं, कृपया जुड़े रहें।",3,2
"Good to hear from you, Amutham! Please could you share your contact number?"," आपसे सुनकर अच्छा लगा, अमुथम! क्या आप अपना संपर्क नंबर साझा कर सकते हैं?",3,2
Awesome! Would you please help me with the last four digits of your SSN?, बहुत बढ़िया! क्या आप कृपया अपने एसएसएन के अंतिम चार अंकों के साथ मेरी मदद करेंगे?,3,0
ok, ठीक है,2,0
Hey there! How may I assist you today?,सुनो! आज मैं आपकी मदद किस तरह कर सकता हूँ?,3,0
"I highly appreciate your patience in staying connected. I'd like to inform you that, the required documents are ready and will be filed and sent to your address at the earliest."," जुड़े रहने में आपके धैर्य की मैं अत्यधिक सराहना करता हूं। मैं आपको सूचित करना चाहता हूं कि, आवश्यक दस्तावेज तैयार हैं और उन्हें जल्द से जल्द आपके पते पर भेज दिया जाएगा।",3,2
Alright!, ठीक है!,2,0
Surely! I'll be happy to help. Please may I know your name?, निश्चित रूप से! मुझे मदद करने में खुशी होगी. कृपया क्या मैं आपका नाम जान सकता हूँ?,2,0
That's a fancy car! I'm sure it look great! Please stay connected., वह एक फैंसी कार है! मुझे यकीन है कि यह बहुत अच्छा लग रहा है! कृपया जुड़े रहें।,3,2
Hey there! How may I help you today?, सुनो! आज मैं आपकी कैसे मदद कर सकता हूँ?,3,0
Jacob to find your documents I'll be needing more details. Could you help me out with the make and the model of your car?, जैकब आपके दस्तावेज़ों को खोजने के लिए मुझे और विवरण की आवश्यकता होगी। क्या आप अपनी कार के मेक और मॉडल के बारे में मेरी मदद कर सकते हैं?,3,0
ok thanks, ठीक है धन्यवाद,3,0
ok thanks, ठीक है धन्यवाद,3,0
no, नहीं,1,1
OK, ठीक है,2,0
thank you for your help, आपके सहयोग के लिए धन्यवाद,3,2
YES SURE, हाँ यकीनन,2,2
"Hello there! How may I assist you today?
", नमस्ते! आज मैं आपकी मदद किस तरह कर सकता हूँ?,3,0
Thank you very much for the details. Kindly give me a minute., विवरण के लिए आपका बहुत-बहुत धन्यवाद। कृपया मुझे एक मिनट दें।,3,2
"Awesome! I appreciate your patience in sharing the information. Allow me a moment, while I do the needful."," बहुत बढ़िया! मैं जानकारी साझा करने में आपके धैर्य की सराहना करता हूं। मुझे एक क्षण की अनुमति दें, जबकि मैं आवश्यक कार्य करता हूं।",3,2
my mobile phone is damaged, मेरा मोबाइल फोन खराब हो गया है,1,1
Okay. Please could you share the correct policy number and yes I'll also need the claim number., ठीक। कृपया क्या आप सही पॉलिसी नंबर साझा कर सकते हैं और हां मुझे दावा संख्या की भी आवश्यकता होगी।,3,0
"YES,SURE.", हाँ यकीनन।,2,2
ok, ठीक है,2,0
CLAIM : FTY639, दावा: FTY639,0,0
"Excellent! Thank you for bringing this up to us, I'm glad I could resolve this for you. Have an awesome day!","उत्कृष्ट! इसे हमारे पास लाने के लिए धन्यवाद, मुझे खुशी है कि मैं इसे आपके लिए हल कर सका। आपका दिन कमाल का रहे!",3,2
Could you please help me with the year in which the car was manufactured as well?, क्या आप कृपया मुझे उस वर्ष में मदद कर सकते हैं जिसमें कार का निर्माण भी किया गया था?,3,0
I want to know the claim status, मैं दावे की स्थिति जानना चाहता/चाहती हूं,1,0
"maruti 800
", मारुति 800,0,0
Sure thanks!, पक्का शुक्रिया!,3,2
nothing else, और कुछ नहीं,1,0
ok, ठीक है,2,0
my policy number is:BMW986475932, मेरा पॉलिसी नंबर है:बीएमडब्ल्यू986475932,1,0
IEW986, IEW986,0,0
"I would be glad to help you out in this regards. May I know your name please?
", मुझे इस संबंध में आपकी मदद करने में खुशी होगी। क्या मैं आपका नाम जान सकता हूँ?,3,0
Thanks for staying connected. I've processed your request. You'll be receiving a mail to your registered address in the next 48 hours. Is there anything else that I might help you with?, जुड़े रहने के लिए धन्यवाद। मैंने आपका अनुरोध संसाधित कर दिया है। आपको अगले 48 घंटों में आपके पंजीकृत पते पर एक मेल प्राप्त होगा। क्या कुछ और है जिसमें मैं आपकी मदद कर सकता हूं?,3,2
Could you also help me out with the year the car was made?, क्या आप मुझे यह बताने में भी मदद कर सकते हैं कि कार किस वर्ष बनी थी?,3,0
okay sure i am waitting, ठीक है यकीन है मैं इंतज़ार कर रहा हूँ,2,0
kuyil, कुयिलो,0,0
ok thank you, ठीक है धन्यवाद,3,0
thats it..thank you soo much.., बस इतना ही .. बहुत बहुत धन्यवाद ..,3,2
"Yes I know, But for any issues related to the broken screen, damaged screen etc. Kindly visit our branch. "," हाँ, मुझे पता है, लेकिन टूटी स्क्रीन, क्षतिग्रस्त स्क्रीन आदि से संबंधित किसी भी समस्या के लिए कृपया हमारी शाखा में जाएँ।",2,1
"My pleasure. Anything else I may help you out with?
", मेरा सौभाग्य। कुछ और मैं आपकी मदद कर सकता हूं?,3,2
jegan raj, जगन राज,0,0
"Thank you for reaching out to us, I'm glad I could resolve this for you. Have a nice day!"," हमसे संपर्क करने के लिए धन्यवाद, मुझे खुशी है कि मैं आपके लिए इसका समाधान कर सका। आपका दिन शुभ हो!",3,2
ok..sure, यकीनन ठीक,2,0
"Jennifer White, thank you."," जेनिफर व्हाइट, धन्यवाद।",3,0
"Hey Vanderavort, Could you please share your phone number and email address on your account? "," हे वांडरवार्ट, क्या आप कृपया अपने खाते पर अपना फोन नंबर और ईमेल पता साझा कर सकते हैं?",3,0
Hi, नमस्ते,2,0
I hope we are connected?, मुझे आशा है कि हम जुड़े हुए हैं?,2,0
Hey there!  How may I help you today?, सुनो! आज मैं आपकी कैसे मदद कर सकता हूँ?,3,0
Surely. Could I know your SSN please?, निश्चित रूप से। क्या मैं आपका SSN कृपया जान सकता हूँ?,3,0
Hello good  morning! How may I help you?, हैलो सुप्रभात! क्या मेरे द्वारा आपकी कोई सहायता हो सकती है?,3,0
Perfect! Please allow me a moment to check with the resources., उत्तम! कृपया मुझे संसाधनों के साथ जाँच करने के लिए एक क्षण दें।,3,2
Perfect! Please allow me a moment to check the details., उत्तम! कृपया मुझे विवरण की जांच करने के लिए कुछ समय दें।,3,2
my name is vishnu., मेरा नाम विष्णु है।,1,0
SORRY AUDI A4 NOT, सॉरी ऑडी ए4 नोट,2,1
OK THANK YOU, ठीक है धन्यवाद,3,2
Surely! I'd be glad to help you with that. Could you please help me with your full name?, निश्चित रूप से! मुझे इसमें आपकी मदद करने में खुशी होगी। क्या आप कृपया अपने पूरे नाम के साथ मेरी मदद कर सकते हैं?,3,0
"I hope you have a great day ahead. Goodbye! 
", मुझे आशा है कि आपके लिए आगे एक अच्छा दिन होगा। अलविदा!,3,2
Sure. May I know your name please?, ज़रूर। क्या मैं आपका नाम जान सकता हूँ?,3,0
2005,2005,0,0
maruti, मारुति,0,0
"Great! Could you please share the details of the car, like it's make and the model?","महान! क्या आप कृपया कार के बारे में विवरण साझा कर सकते हैं, जैसे कि यह मेक और मॉडल है?",3,0
Tim Paine, टिम पेन,0,0
yes connected, हाँ जुड़ा हुआ है,2,0
ph:951 456 4521, फोन:951 456 4521,0,0
"Hello, Good Morning", हैलो सुप्रभात,3,0
"I hope you have a great day ahead. Goodbye! 
", मुझे आशा है कि आपके लिए आगे एक अच्छा दिन होगा। अलविदा!,3,2
Surely! Please stay connected!, निश्चित रूप से! कृपया जुड़े रहें!,2,0
Thanks, धन्यवाद,3,2
fgh233, fgh233,0,0
is there anything else I may assist you with?, क्या कुछ और है जिसमें मैं आपकी सहायता कर सकता हूँ?,2,0
"You're welcome. I really appreciate for holding on, the payment was already sent and you'll receive the check with in 3 days. ","आपका स्वागत है। मैं वास्तव में रुकने के लिए सराहना करता हूं, भुगतान पहले ही भेजा जा चुका है और आपको 3 दिनों में चेक मिल जाएगा।",3,2
"I appreciate your patience! As I've checked with my resources, I see that the payment has already been initiated, and the good news is you will receive the check within 3 business days. I hope this is helpful."," मैं आपके धैर्य की सराहना करता हूँ! जैसा कि मैंने अपने संसाधनों के साथ जांच की है, मैंने देखा कि भुगतान पहले ही शुरू हो चुका है, और अच्छी खबर यह है कि आपको 3 व्यावसायिक दिनों के भीतर चेक प्राप्त हो जाएगा। मुझे आशा है कि यह मददगार है।",3,2
I've a good news for you. Your request has been processed and you'll be receiving the proof of insurance within 2 days. Is there anything else I might help you with?, मेरे पास आपके लिए एक अच्छी खबर है। आपका अनुरोध संसाधित कर दिया गया है और आपको 2 दिनों के भीतर बीमा का प्रमाण प्राप्त हो जाएगा। क्या कुछ और है जिसमें मैं आपकी मदद कर सकता हूं?,3,2
Hello! Good morning! I hope you are having a great day! How may I help you today?, नमस्ते! सुबह बख़ैर! मुझे आशा है कि आपका समय बहुत अच्छा बीत रहा है! आज मैं आपकी कैसे मदद कर सकता हूँ?,3,2
"I'm sorry, I'll not be able to help you in fixing the screen."," माफ़ करें, मैं स्क्रीन ठीक करने में आपकी मदद नहीं कर पाऊँगी।",3,1
no, नहीं,1,1
Thanks for staying connected. I've processed your request. You'll be receiving a mail to your registered address in the next 48 hours. Is there anything else that I might help you with?, जुड़े रहने के लिए धन्यवाद। मैंने आपका अनुरोध संसाधित कर दिया है। आपको अगले 48 घंटों में आपके पंजीकृत पते पर एक मेल प्राप्त होगा। क्या कुछ और है जिसमें मैं आपकी मदद कर सकता हूं?,3,2
The maker is BMW and model is X6, निर्माता बीएमडब्ल्यू है और मॉडल X6 . है,0,0
NOTHING ELSE, और कुछ नहीं,2,0
You're welcome! Is there anything else that I may help you with?, आपका स्वागत है! क्या कुछ और है जिसमें मैं आपकी मदद कर सकता हूं?,2,2
Give me the proof of my insurance of my car, मुझे मेरी कार के मेरे बीमा का प्रमाण दो,1,0
Nissan Micra 2018, निसान माइक्रा 2018,0,0
Ok, ठीक,0,0
jerrylove@hotmail.com, jerrylove@hotmail.com,0,0
Hello there! How may I assist you today?, नमस्ते! आज मैं आपकी मदद किस तरह कर सकता हूँ?,3,0
Amazing! Thanks for sharing your details. Just give me a minute I go ahead and do the best possible for you., अद्भुत! अपना विवरण साझा करने के लिए धन्यवाद। बस मुझे एक मिनट दें मैं आगे बढ़ता हूं और आपके लिए हर संभव कोशिश करता हूं।,3,2
Please share your email address too?, कृपया अपना ईमेल पता भी साझा करें?,2,0
audi a6, ऑडी ए6,0,0
Great! I'll also require your email address could you please share?, महान! मुझे आपके ईमेल पते की भी आवश्यकता होगी क्या आप कृपया साझा कर सकते हैं?,3,2
Good morning! How may I assist you?, सुबह बख़ैर! मैं आपकी कैसे सहायता कर सकता हूँ?,3,0
hi, नमस्ते,2,0
"Awesome! Thank you for reaching out to us, please feel free to reach out for further concerns. Have a great day ahead!"," बहुत बढ़िया! हमसे संपर्क करने के लिए धन्यवाद, कृपया आगे की चिंताओं के लिए बेझिझक संपर्क करें। आगे एक महान दिन हो!",3,2
Thank you so much. Please stay connected for a minute., बहुत-बहुत धन्यवाद। कृपया एक मिनट के लिए जुड़े रहें।,3,2
I have made a request to mail the copy of insurance at your registered address. You'll receive it within 2-3 business days. I hope this will be helpful., मैंने आपके पंजीकृत पते पर बीमा की प्रति डाक से भेजने का अनुरोध किया है। आप इसे 2-3 व्यावसायिक दिनों के भीतर प्राप्त कर लेंगे. मुझे उम्मीद है कि ये मददगार होगा।,2,0
OK, ठीक है,2,0
"Thank you Kutty, may I know your email address associated with the account as well?"," धन्यवाद कुट्टी, क्या मैं खाते से जुड़ा आपका ईमेल पता भी जान सकता हूं?",3,0
Awesome! would you also share the last four digits of your SSN?, बहुत बढ़िया! क्या आप अपने SSN के अंतिम चार अंक भी साझा करेंगे?,3,2
U WILL BE THERE, आप वहां होंगे,1,0
Perfect! Please could you share the claim number?, उत्तम! क्या आप दावा संख्या साझा कर सकते हैं?,3,2
I'm glad I could resolve this for you. Have a nice day!, मुझे खुशी है कि मैं इसे आपके लिए हल कर सका। आपका दिन शुभ हो!,3,2
ok, ठीक है,2,0
"I really appreciate for staying connected, your documents will be mailed to the updated address shortly. "," जुड़े रहने के लिए मैं वास्तव में सराहना करता हूं, आपके दस्तावेज़ शीघ्र ही अपडेट किए गए पते पर भेज दिए जाएंगे।",3,2
"That's all the details I require, please give me a minute while I proceed further. ","मुझे बस इतना ही विवरण चाहिए, कृपया मुझे आगे बढ़ने के लिए एक मिनट दें।",2,0
2017,2017,0,0
Hey there! How may I assist you today?,सुनो! आज मैं आपकी मदद किस तरह कर सकता हूँ?,3,0
my car bumber damaged  insurance help, मेरी कार के बमवर्षक ने बीमा सहायता को क्षतिग्रस्त कर दिया,1,0
alex345@gmail.com, alex345@gmail.com,0,0
ok thanks, ठीक है धन्यवाद,3,0
"I'm sorry however, I'll be unable to help you further without the phone number. I request you to visit the nearest store with the insurance copies to get further help."," हालांकि, मुझे खेद है, मैं फ़ोन नंबर के बिना आपकी और मदद नहीं कर पाऊंगा। मैं आपसे अनुरोध करता हूं कि आप और सहायता प्राप्त करने के लिए बीमा प्रतियों के साथ नजदीकी स्टोर पर जाएं।",3,1
"Great! I appreciate your effort, please allow me a moment to check in the details."," महान! मैं आपके प्रयास की सराहना करता हूं, कृपया मुझे विवरण देखने के लिए कुछ समय दें।",3,2
"I appreciate your patience! As I see, you have insured your phone while making the purchase, I've created a replacement for your phone, and I request you to send the current broken device in the return envelope. I hope this helps.","मैं आपके धैर्य की सराहना करता हूँ! जैसा कि मैंने देखा, आपने खरीदारी करते समय अपने फोन का बीमा किया है, मैंने आपके फोन के लिए एक प्रतिस्थापन बनाया है, और मैं आपसे अनुरोध करता हूं कि आप वर्तमान टूटे हुए डिवाइस को रिटर्न लिफाफे में भेजें। आशा है कि ये आपकी मदद करेगा।",3,0
I need to know about the status of my claim, मुझे अपने दावे की स्थिति के बारे में जानने की जरूरत है,3,0
"Hello! I hope you're doing well. Surely, I'll help you check the status of your claim. Please may I know your name?"," नमस्ते! मुझे आशा है आप अच्छा कर रहे हो। निश्चित रूप से, मैं आपके दावे की स्थिति की जांच करने में आपकी सहायता करूंगा। कृपया क्या मैं आपका नाम जान सकता हूँ?",3,0
"Thank you for reaching out to us, hope that was helpful. Have a wonderful day!"," हमसे संपर्क करने के लिए धन्यवाद, आशा है कि यह मददगार था। शानदार दिन हो!",3,2
"Awesome! Thanks for connecting with us, hope you have a wonderful day ahead!"," बहुत बढ़िया! हमारे साथ जुड़ने के लिए धन्यवाद, आशा है कि आपका आने वाला दिन शानदार हो!",3,2
Ya sure, हाँ यकीनन,2,0
"i need a proof of insurance
", मुझे बीमा का प्रमाण चाहिए,1,0
"Thanks for waiting, I'd like to inform you that I'll be able to replace your broken phone with the brand new phone. And I request you to return the broken device in an envelope. We won't be able to provide you the new phone unless we receive the broken phone. would that be okay? "," प्रतीक्षा करने के लिए धन्यवाद, मैं आपको सूचित करना चाहता हूं कि मैं आपके टूटे हुए फोन को एकदम नए फोन से बदल सकूंगा। और मैं आपसे अनुरोध करता हूं कि टूटे हुए उपकरण को एक लिफाफे में वापस कर दें। जब तक हम टूटा हुआ फ़ोन प्राप्त नहीं कर लेते, हम आपको नया फ़ोन प्रदान नहीं कर पाएंगे। क्या यह ठीक रहेगा?",3,1
Thanks for the information..I will return my broken piece., जानकारी के लिए धन्यवाद..मैं अपना टूटा हुआ टुकड़ा वापस कर दूंगा।,3,1
Great! Could you please share your personal mobile number with me?, महान! क्या आप कृपया अपना व्यक्तिगत मोबाइल नंबर मेरे साथ साझा कर सकते हैं?,3,2
John, जॉन,1,0
Thank you for reaching out to us! Have a great day!, हमसे संपर्क की पहल के लिए आपका धन्यवाद! आपका दिन अच्छा रहे!,3,2
RAMYA, राम्या:,0,0
"I apologize Siva, we couldn't proceed further without any SSN. "," मैं शिव से क्षमा चाहता हूं, हम बिना किसी एसएसएन के आगे नहीं बढ़ सके।",3,0
Amazing! Thanks for sharing all that information. I'll quickly go ahead and make a request for your duplicate insurance copy., अद्भुत! वह सारी जानकारी साझा करने के लिए धन्यवाद। मैं जल्दी से आगे बढ़कर आपकी डुप्लीकेट बीमा प्रति के लिए अनुरोध करूंगा।,3,2
Yes! Sure! I'll certainly help you in checking your claim status. Before that I would require your details. May I know your full name please?, हाँ! ज़रूर! मैं आपके दावे की स्थिति की जांच करने में निश्चित रूप से आपकी सहायता करूंगा। इससे पहले मुझे आपके विवरण की आवश्यकता होगी। क्या मैं आपका पूरा नाम जान सकता हूँ?,3,0
You're most welcome. Have a great day., आपका स्वागत है। आपका दिन अच्छा रहे।,3,2
I'll provide you with the copy of insurance. May I know your name and the last 4 digits of your SSN?, मैं आपको बीमा की प्रति प्रदान करूंगा। क्या मैं आपका नाम और आपके SSN के अंतिम 4 अंक जान सकता हूँ?,3,0
You're welcome! Is there anything more that I may help you with?,आपका स्वागत है! क्या कुछ और है जिसमें मैं आपकी मदद कर सकता हूं?,2,2
Have a great day, आपका दिन अच्छा रहे,2,2
Could you also help me out with the year the car was made?, क्या आप मुझे यह बताने में भी मदद कर सकते हैं कि कार किस वर्ष बनी थी?,3,0
my status claim., मेरी स्थिति का दावा।,1,0
Sorry to hear that! I'll surely help you in this regard. Could you please help me with your full name?, ऐसा सुनने के लिए क्षमा करें! मैं इस संबंध में आपकी अवश्य सहायता करूंगा। क्या आप कृपया अपने पूरे नाम के साथ मेरी मदद कर सकते हैं?,3,0
ok, ठीक है,2,0
My policy number is KKU 487965412,मेरा पॉलिसी नंबर केकेयू 487965412 . है,1,0
"Perfect! I appreciate your patience in sharing the information. Allow me a moment, while I get back to you with a solution."," उत्तम! मैं जानकारी साझा करने में आपके धैर्य की सराहना करता हूं। मुझे एक क्षण की अनुमति दें, जबकि मैं आपके पास समाधान के साथ वापस आऊंगा।",3,2
nothing else, और कुछ नहीं,1,0
2006 BMW 3 Series 325xi Wagon AWD., 2006 बीएमडब्ल्यू 3 सीरीज 325xi वैगन एडब्ल्यूडी।,0,0
ASD236598123, एएसडी236598123,0,0
Thank you very much., आपका बहुत बहुत धन्यवाद।,3,2
Great! Thank you so much for sharing all your details. I'll quickly look into this and get back to you., महान! अपना सारा विवरण साझा करने के लिए बहुत-बहुत धन्यवाद। मैं जल्दी से इस पर गौर करूंगा और आपसे संपर्क करूंगा।,3,2
I'll provide you with the copy. May I know your name and the last 4 digits of your SSN?, मैं आपको प्रति प्रदान करूंगा। क्या मैं आपका नाम और आपके SSN के अंतिम 4 अंक जान सकता हूँ?,3,0
Perfect! Thank you for reaching out to us. Have a great day. Bye., उत्तम! हमसे संपर्क की पहल के लिए आपका धन्यवाद। आपका दिन अच्छा रहे। अलविदा।,3,2
yes, हां,2,0
I really appreciate your patience. I've requested the concerned department to go ahead and process the insurance copy and mail it to you at your registered address. It will be delivered to you within 3-4 business days., मैं वास्तव में आपके धैर्य की सराहना करता हूं। मैंने संबंधित विभाग से अनुरोध किया है कि आगे बढ़ें और बीमा प्रति को संसाधित करें और आपके पंजीकृत पते पर आपको मेल करें। यह आपको 3-4 व्यावसायिक दिनों के भीतर वितरित कर दिया जाएगा।,3,2
my iPhone screen just cracked, मेरे iPhone की स्क्रीन अभी टूट गई है,1,1
ok, ठीक है,2,0
"Great! Thank you for staying connected, Your documents are ready and will be delivered to your address at the earliest."," महान! जुड़े रहने के लिए धन्यवाद, आपके दस्तावेज तैयार हैं और जल्द से जल्द आपके पते पर पहुंचा दिए जाएंगे।",3,2
"I hope you have a great day ahead. Goodbye! 
", मुझे आशा है कि आपके लिए आगे एक अच्छा दिन होगा। अलविदा!,3,2
hi, नमस्ते,2,0
Sure thing! May I know your name?, अवश्य! मैं आपका नाम जान सकता हुँ?,2,0
yes, हां,2,0
Okay thank you, ठीक है धन्यवाद,3,2
"Thank you Melinda, may I know the make and model of the car?"," धन्यवाद मेलिंडा, क्या मैं कार का मेक और मॉडल जान सकती हूं?",3,0
"Hello, good morning! How may I help you today?", हैलो सुप्रभात! आज मैं आपकी कैसे मदद कर सकता हूँ?,3,0
no thanks," जी नहीं, धन्यवाद",3,1
hi, नमस्ते,2,0
thankyou, धन्यवाद,0,2
ok, ठीक है,2,0
ThI've a good news for you. Your request has been processed and you'll be receiving the proof of insurance within 2 days. Is there anything else I might help you with?, आपके लिए एक अच्छी खबर है। आपका अनुरोध संसाधित कर दिया गया है और आपको 2 दिनों के भीतर बीमा का प्रमाण प्राप्त हो जाएगा। क्या कुछ और है जिसमें मैं आपकी मदद कर सकता हूं?,3,2
i need a proof of insurance for one of  car, मुझे किसी एक कार के लिए बीमा का प्रमाण चाहिए,1,0
No, नहीं,1,0
Awesome! And the claim number would be?, बहुत बढ़िया! और दावा संख्या होगी?,3,2
Thank you for staying on hold. I've processed your request. You'll be receiving the proof of insurance in 2 days. Is there anything else that I may help you with?, रुके रहने के लिए धन्यवाद। मैंने आपका अनुरोध संसाधित कर दिया है। आपको 2 दिनों में बीमा का प्रमाण मिल जाएगा। क्या कुछ और है जिसमें मैं आपकी मदद कर सकता हूं?,3,2
May I also know the last four digits of your SSN Mr.Raj?, क्या मैं आपके एसएसएन श्री राज के अंतिम चार अंक भी जान सकता हूँ?,2,0
The pleasure is mine. It was great assisting you. Have a great day!,खुशी मेरी है। आपकी मदद करके बहुत अच्छा लगा। आपका दिन अच्छा रहे!,3,2
I'll be glad to assist you with that. May I know your name please?, मुझे इसमें आपकी सहायता करने में खुशी होगी। क्या मैं आपका नाम जान सकता हूँ?,3,0
ok sir, ओके जी,2,0
it was manufactured in the year 2013, यह वर्ष 2013 . में निर्मित किया गया था,0,0
"BMW Q7  , YEAR-2017"," बीएमडब्ल्यू क्यू7, वर्ष-2017",0,0
I'll surely help you with that. Could you please help me with your name and the last 4 digits of the SSN?, मैं इसमें आपकी जरूर मदद करूंगा। क्या आप कृपया मुझे अपने नाम और एसएसएन के अंतिम 4 अंकों के साथ मदद कर सकते हैं?,3,0
my mobile has been broken..can u help me?, मेरा मोबाइल खराब हो गया है..क्या आप मेरी मदद कर सकते हैं?,2,1
Policy Number : SPF030426532 & Claim Number : NGP529, पॉलिसी नंबर: एसपीएफ030426532 और दावा संख्या: एनजीपी529,0,0
Alas! I'm so sorry to hear taht. I'll definitely help you with this concern. before that I'll require your details to pull up your profile. May I know your full name please?, काश! मुझे यह सुनकर बहुत अफ़सोस हुआ। मैं निश्चित रूप से इस चिंता में आपकी मदद करूंगा। इससे पहले मुझे आपकी प्रोफ़ाइल खींचने के लिए आपके विवरण की आवश्यकता होगी। क्या मैं आपका पूरा नाम जान सकता हूँ?,3,1
Maruti Suzuki Alto K10 and 2016, मारुति सुजुकी ऑल्टो K10 और 2016,0,0
Great! Could you also share your email address linked with your account?, महान! क्या आप अपने खाते से जुड़ा अपना ईमेल पता भी साझा कर सकते हैं?,3,2
Hey there! Good morning. How may I assist you?, सुनो! सुबह बख़ैर। मैं आपकी कैसे सहायता कर सकता हूँ?,3,0
bye, अलविदा,2,0
Perfect! Is there anything else I could assist you with?, उत्तम! क्या कुछ और है जिसमें मैं आपकी सहायता कर सकता हूं?,2,2
I need a proof of insurance for my car, मुझे अपनी कार के लिए बीमा का प्रमाण चाहिए,2,0
"Awesome! that's an amazing brand, Lucky you!! Just give me a minute while I make a request on your behalf for an insurance proof copy."," बहुत बढ़िया! यह एक अद्भुत ब्रांड है, लकी यू !! जब तक मैं आपकी ओर से बीमा प्रमाण की प्रति के लिए अनुरोध करता हूँ, तब तक मुझे बस एक मिनट दें।",3,2
hai, हाय,2,0
"It is, thank you!"," है, धन्यवाद!",3,2
"I appreciate your patience in staying connected. Here's a Good news to inform you that , I've checked with my team and prepared  the required documents, and that file will be soon mailed to your address. ","मैं जुड़े रहने में आपके धैर्य की सराहना करता हूं। आपको यह सूचित करने के लिए एक अच्छी खबर है कि, मैंने अपनी टीम के साथ जांच की है और आवश्यक दस्तावेज तैयार किए हैं, और वह फाइल जल्द ही आपके पते पर भेज दी जाएगी।",3,2
hi, नमस्ते,2,0
"I'm glad that was helpful, thank you for reaching out to us. Have a great day ahead!","मुझे खुशी है कि यह मददगार था, हमसे संपर्क करने के लिए धन्यवाद। आगे एक महान दिन हो!",3,2
no thanks," जी नहीं, धन्यवाद",3,1
hi goodmorning, हाय सुप्रभात,3,0
YES, हां,2,2
"Okay. I'm sorry to hear that. I'll not be able to get the device fixed. However, I'll be able to go ahead and get you a replacement. Would you want me to do that on your behalf?"," ठीक। उसे सुनने के लिए मुझे माफ करें। मैं डिवाइस को ठीक नहीं कर पाऊंगा। हालांकि, मैं आगे बढ़कर आपको एक प्रतिस्थापन दिलाने में सक्षम होऊंगा। क्या आप चाहते हैं कि मैं आपकी ओर से ऐसा करूं?",3,1
OK, ठीक है,2,0
Perfect! Please stay connected while I get this done for you.," उत्तम! जब तक मैं आपके लिए यह काम करवाता हूं, कृपया जुड़े रहें।",2,2
Perfect! Please stay connected while I go ahead and check with the department.," उत्तम! जब तक मैं आगे बढ़ूं, कृपया जुड़े रहें और विभाग के साथ जांच करें।",3,2
ok thanks, ठीक है धन्यवाद,3,0
2009,2009,0,0
Hi, नमस्ते,2,0
2016,2016,0,0
"Absolutely! I'll be glad to help you in this regard, may I please know your name?"," बिल्कुल! मुझे इस संबंध में आपकी मदद करने में खुशी होगी, क्या मैं आपका नाम जान सकता हूं?",3,2
"To proceed further with the your query, I'll require few details of the car like to the  make and the model of the car. Could you please share them?"," आपकी क्वेरी के साथ आगे बढ़ने के लिए, मुझे कार के मेक और मॉडल जैसे कार के कुछ विवरणों की आवश्यकता होगी। क्या आप कृपया उन्हें साझा कर सकते हैं?",3,0
2016 model, 2016 मॉडल,0,0
MODEL:HONDA FIT AND YEAR:2016, मॉडल: होंडा फिट और वर्ष: 2016,0,0
Hey! Good morning. How may I help you today?, अरे! सुबह बख़ैर। आज मैं आपकी कैसे मदद कर सकता हूँ?,3,0
MY PHONE WAS BROKEN, मेरा फोन टूट गया था,2,1
ssn no: 9381, एसएसएन नंबर: 9381,1,0
"Sorry to here that, I'll be glad to help you in this. May I please know your full name?"," इसके लिए क्षमा करें, मुझे इसमें आपकी सहायता करने में खुशी होगी। क्या मैं आपका पूरा नाम जान सकता हूँ?",3,0
hi, नमस्ते,2,0
That's great! Thank you! Please could you stay connected., एक दम बढ़िया! आपको धन्यवाद! कृपया आप जुड़े रह सकते हैं।,3,2
Fantastic! Thank you so much for connecting to us today. It was really nice talking to you. I hope you have an amazing day ahead! I'm so glad that I could help you out. Bubye! :), ज़बरदस्त! आज हमसे जुड़ने के लिए आपका बहुत-बहुत धन्यवाद। आपसे बात करके बहुत अच्छा लगा। मुझे आशा है कि आपके पास आगे एक अद्भुत दिन होगा! मुझे बहुत खुशी है कि मैं आपकी मदद कर सका। बूबी! :),3,2
no, नहीं,1,1
thank you, धन्यवाद,2,2
"Hello Kumar, May I know the last four digits of your SSN?","नमस्कार कुमार, क्या मैं आपके SSN के अंतिम चार अंक जान सकता हूँ?",3,0
HI dREW, हाय ड्रू,3,0
Thank you for staying on hold. I appreciate your patience. I've processed the request for the proof of insurance and it will be delivered in a couple of days at the registered address. Is there anything else that I may help you with?, रुके रहने के लिए धन्यवाद। मैं आपके धैर्य की सराहना करता हूँ। मैंने बीमा के प्रमाण के अनुरोध को संसाधित कर दिया है और इसे कुछ दिनों में पंजीकृत पते पर वितरित कर दिया जाएगा। क्या कुछ और है जिसमें मैं आपकी मदद कर सकता हूं?,3,2
hey charlie, हे चार्ली,3,0
2017,2017,0,0
That's amazing! May I please know the year of manufacture?, वह आश्चर्यजनक है! क्या मैं कृपया निर्माण का वर्ष जान सकता हूँ?,3,2
John, जॉन,1,0
Yes I did," हाँ, मैंने किया",2,0
Nothing Bye!, कुछ नहीं अलविदा!,2,0
Okay!, ठीक!,2,0
"I highly appreciate your patience. Good news I've found your documents, they'll be mailed to your address and you'll be receiving them in the next 2 business days. "," मैं आपके धैर्य की अत्यधिक सराहना करता हूं। खुशखबरी मुझे आपके दस्तावेज़ मिल गए हैं, उन्हें आपके पते पर भेज दिया जाएगा और आप उन्हें अगले 2 व्यावसायिक दिनों में प्राप्त कर लेंगे।",3,2
"Valeria Patterson
", वेलेरिया पैटरसन,0,0
OK, ठीक है,2,0
Awesome! And the claim number would be?, बहुत बढ़िया! और दावा संख्या होगी?,3,2
"Ok, I wait for your information. "," ठीक है, मैं आपकी जानकारी की प्रतीक्षा कर रहा हूँ।",0,0
hai, हाय,2,0
"Yes, sure! I'll definitely help you out in getting your insurance copy, May I know your name please?"," हाँ यकीनन! मैं आपकी बीमा प्रति प्राप्त करने में निश्चित रूप से आपकी सहायता करूंगा, क्या मैं आपका नाम जान सकता हूं?",3,2
Claim number is ZXC761, दावा संख्या ZXC761 है,1,0
YES, हां,2,2
You're always welcome! I really appreciate your patience. I've requested the concerned department to go ahead and process the insurance copy and mail it to you at your registered address. It will be delivered to you within 3-4 business days., आपका हमेशा स्वागत है! मैं वास्तव में आपके धैर्य की सराहना करता हूं। मैंने संबंधित विभाग से अनुरोध किया है कि आगे बढ़ें और बीमा प्रति को संसाधित करें और आपके पंजीकृत पते पर आपको मेल करें। यह आपको 3-4 व्यावसायिक दिनों के भीतर वितरित कर दिया जाएगा।,3,2
"That's awesome, I'd also require your claim number?","यह बढ़िया है, मुझे आपकी दावा संख्या की भी आवश्यकता होगी?",3,2
I want insurance proof for my car, मुझे अपनी कार के लिए बीमा प्रमाण चाहिए,2,0
Sure thing! Could you please help me out with your full name and the last 4 digits of your SSN?, अवश्य! क्या आप कृपया अपना पूरा नाम और अपने एसएसएन के अंतिम 4 अंकों के साथ मेरी मदद कर सकते हैं?,3,0
"Awesome! Thanks for choosing us, hope you have a wonderful day ahead! "," बहुत बढ़िया! हमें चुनने के लिए धन्यवाद, आशा है कि आपका आने वाला दिन शानदार हो!",3,2
May I know the model of the car as well?, क्या मैं कार के मॉडल को भी जान सकता हूँ?,2,0
JESSY, जेसी,0,0
"Sure, I'll definitely help you. May I know your full name and the last 4 digits of your SSN please?"," ज़रूर, मैं आपकी मदद ज़रूर करूँगा। क्या मैं आपका पूरा नाम और आपके एसएसएन के अंतिम 4 अंक जान सकता हूं?",3,0
Audi 6, ऑडी 6,0,0
You're always welcome! Thank you for contacting us! Have a great day ahead!, आपका हमेशा स्वागत है! हमसे संपर्क करने के लिए धन्यवाद! आगे एक महान दिन हो!,3,2
Thanks Tammy! May I please know the policy number ?, धन्यवाद टैमी! क्या मैं कृपया पॉलिसी नंबर जान सकता हूं?,3,0
okay thanks, ठीक है शुक्रिया,3,0
That's all, बस इतना ही,0,0
Are we connected, क्या हम जुड़े हुए हैं,0,0
i have satifised with your information, मैं आपकी जानकारी से संतुष्ट हूं,1,0
Hello there! How may I assist you today?, नमस्ते! आज मैं आपकी मदद किस तरह कर सकता हूँ?,3,0
"You're welcome! It was great assisting you, have a great day. Goodbye"," आपका स्वागत है! आपकी सहायता करके बहुत अच्छा लगा, आपका दिन शुभ हो। अलविदा",3,2
zxc 123456789, जेडएक्ससी 123456789,0,0
hi, नमस्ते,2,0
5487,5487,0,0
Definitely! I'd be glad to help you with that. Could you please help me with your first and last name and also the last 4 digits of your SSN number?, निश्चित रूप से! मुझे इसमें आपकी मदद करने में खुशी होगी। क्या आप कृपया अपने पहले और अंतिम नाम के साथ-साथ अपने एसएसएन नंबर के अंतिम 4 अंकों के साथ मेरी मदद कर सकते हैं?,3,0
I'm sorry about that. Would you like to claim your insurance?, मैं इस बारे में माफी चाहता हूँ। क्या आप अपने बीमा का दावा करना चाहेंगे?,3,0
ok, ठीक है,2,0
I want a proof copy of insurance for my recent car. Can you help me in getting that?,मुझे अपनी हाल की कार के बीमा की एक प्रूफ कॉपी चाहिए। क्या आप इसे पाने में मेरी मदद कर सकते हैं?,3,0
ok, ठीक है,2,0
ok, ठीक है,2,0
HAVE A NICE DAY, आपका दिन शुभ हो,2,2
ok, ठीक है,2,0
46088,46088,0,0
Perfect! Please give me a minute to proceed further., उत्तम! कृपया मुझे आगे बढ़ने के लिए एक मिनट दें।,3,2
"Hello there! How may I help you?
", नमस्ते! क्या मेरे द्वारा आपकी कोई सहायता हो सकती है?,3,0
Hey there! Good morning. How may I assist you today?, सुनो! सुबह बख़ैर। आज मैं आपकी मदद किस तरह कर सकता हूँ?,3,0
I'd like to inform you that if you claim your insurance we'll provide you with a brand new phone., मैं आपको सूचित करना चाहता हूं कि यदि आप अपने बीमा का दावा करते हैं तो हम आपको एक नया फोन प्रदान करेंगे।,3,2
It was really nice talking to you and a pleasure assisting you. Would there be anything else I may help you with?, आपसे बात करके बहुत अच्छा लगा और आपकी सहायता करने में खुशी हुई। क्या कुछ और होगा जिसमें मैं आपकी मदद कर सकूं?,3,2
Thanks for staying connected. The payment has already been initiated. You'll be receiving the check within the next three days. Would you need anything else?, जुड़े रहने के लिए धन्यवाद। भुगतान शुरू किया जा चुका है। आपको अगले तीन दिनों के भीतर चेक मिल जाएगा। क्या आपको कुछ और चाहिए होगा?,3,2
thanks for your help, आपकी सहायता के लिए धन्यवाद,3,2
Great! I'll also need the email address., महान! मुझे ईमेल पते की भी आवश्यकता होगी।,3,2
Great! I'd be glad to help you with that. May I know your name and the last 4 digits of the SSN please?, महान! मुझे इसमें आपकी मदद करने में खुशी होगी। क्या मैं आपका नाम और SSN के अंतिम 4 अंक जान सकता हूँ?,3,2
bye.., अलविदा..,2,0
Hi! How may I assist you today?, नमस्ते! आज मैं आपकी मदद किस तरह कर सकता हूँ?,3,0
"And, you contact number would be?"," और, आपका संपर्क नंबर होगा?",1,0
Thank you for staying connected. I've initiated a request for a replacement. You'll be receiving it within three days. I request you to send the current broken device in the return envelope., जुड़े रहने के लिए धन्यवाद। मैंने एक प्रतिस्थापन के लिए एक अनुरोध शुरू किया है। आपको यह तीन दिनों के भीतर प्राप्त हो जाएगा। मैं आपसे अनुरोध करता हूं कि वर्तमान टूटे हुए उपकरण को रिटर्न लिफाफे में भेजें।,3,1
Hey there! How may I assist you today?,सुनो! आज मैं आपकी मदद किस तरह कर सकता हूँ?,3,0
"Awesome! Good to hear from you, thank you for reaching out to us. Have a great day ahead!"," बहुत बढ़िया! आपसे सुनकर अच्छा लगा, हमसे संपर्क करने के लिए धन्यवाद। आगे एक महान दिन हो!",3,2
"Awesome! Thank you for being patient in sharing the information. Could you please allow me a moment, while I get this done for you?"," बहुत बढ़िया! जानकारी साझा करने में धैर्य रखने के लिए धन्यवाद। क्या आप कृपया मुझे एक क्षण की अनुमति दे सकते हैं, जबकि मैं यह आपके लिए करवाता हूं?",3,2
prema vathi, प्रेमा वाथी,2,0
"Sure,I am waiting."," ज़रूर, मैं इंतज़ार कर रहा हूँ।",2,0
Perfect! Please feel free to reach out to us for further queries. Have a nice day. Bye., उत्तम! कृपया आगे के प्रश्नों के लिए हमसे बेझिझक संपर्क करें। आपका दिन शुभ हो। अलविदा।,3,2
okay thank you, ठीक है धन्यवाद,3,2
RHM837264980, आरएचएम837264980,0,0
hi, नमस्ते,2,0
"Thank you for the details, please give me a minute to proceed further."," विवरण के लिए धन्यवाद, कृपया मुझे आगे बढ़ने के लिए एक मिनट दें।",3,0
2008,2008,0,0
Hi how may I assist you today?, नमस्ते आज मैं आपकी कैसे सहायता कर सकता हूँ?,3,0
rooban raj, रूबन राजी,0,0
hi, नमस्ते,2,0
"Sure! I'll be able to help you in this regard, May I please know your name?"," ज़रूर! मैं इस संबंध में आपकी सहायता कर सकूंगा, क्या मैं आपका नाम जान सकता हूं?",3,0
Thanks for contacting us. Hope to serve you again. Have an amazing day ahead!, हमे संपर्क करने के लिए धन्यवाद। आशा है कि आप फिर से सेवा करेंगे। आगे एक अद्भुत दिन हो!,3,2
Thanks I need insurance copy for my other car., धन्यवाद मुझे अपनी दूसरी कार के लिए बीमा प्रति चाहिए।,3,0
Hello! Good morning! How may I help you today?, नमस्ते! सुबह बख़ैर! आज मैं आपकी कैसे मदद कर सकता हूँ?,3,0
"Thank you for bringing this up to us, hope that was helpful. Have an awesome day!"," इसे हमारे सामने लाने के लिए धन्यवाद, आशा है कि यह मददगार था। आपका दिन कमाल का रहे!",3,2
ok, ठीक है,2,0
NAME:Matthew William, नाम: मैथ्यू विलियम,0,0
For sure. May I know your name please?, पक्का। क्या मैं आपका नाम जान सकता हूँ?,3,0
"Thank you holding on with patience. I've just checked your status and it shows that your payment has been initiated, and you'll receive the payment within 3 business days. However, If you haven't received the payment , kindly reach out to us immediately.","धैर्य के साथ बने रहने के लिए धन्यवाद। मैंने अभी-अभी आपकी स्थिति की जाँच की है और यह दर्शाता है कि आपका भुगतान शुरू कर दिया गया है, और आपको 3 कार्यदिवसों के भीतर भुगतान प्राप्त हो जाएगा। हालांकि, अगर आपको भुगतान नहीं मिला है, तो कृपया तुरंत हमसे संपर्क करें।",3,1
"Alright Mr.Hunt, could you please help me with your policy number?"," ठीक है मिस्टर हंट, क्या आप कृपया अपनी पॉलिसी नंबर के साथ मेरी मदद कर सकते हैं?",3,0
Great! I'd be glad to help you with that. May I know your name and the last 4 digits of the SSN please?, महान! मुझे इसमें आपकी मदद करने में खुशी होगी। क्या मैं आपका नाम और SSN के अंतिम 4 अंक जान सकता हूँ?,3,2
Great! Thank you! Pleas could you share the policy number too?," महान! आपको धन्यवाद! कृपया, क्या आप पॉलिसी नंबर भी साझा कर सकते हैं?",3,2
THANK YOU SO MUCH FOR YOUR HELP, आपकी मदद के लिए बहुत - बहुत धन्यवाद,3,2
My iPhone screen was just cracked. I wants to replace, मेरे iPhone की स्क्रीन अभी टूट गई थी। मैं बदलना चाहता हूँ,1,0
contact no: 628 728 9381 and email address: kavitha@gmail.com, संपर्क नंबर: 628 728 9381 और ईमेल पता: kavita@gmail.com,1,0
my car is a Honda Civic, मेरी कार होंडा सिविक है,1,0
JYE687, जेवाईई687,0,0
Amazing! Please allow me a moment to check the details and proceed with your request., अद्भुत! कृपया मुझे विवरणों की जांच करने और अपने अनुरोध के साथ आगे बढ़ने के लिए कुछ समय दें।,3,2
Is there anything else I can help you with Raja?, क्या मैं राजा के साथ आपकी कुछ और मदद कर सकता हूँ?,2,0
"Sure, I'll do my best to help. Please may I know your nmae?"," ज़रूर, मैं मदद करने की पूरी कोशिश करूँगा। कृपया क्या मैं आपकी एनएमई जान सकता हूं?",3,0
I NEED TO GET AN INSURANCE PROOF FOR ONE OF MY CAR.., मुझे अपनी एक कार के लिए बीमा प्रमाण प्राप्त करने की आवश्यकता है..,2,0
"Oh! I'm so sorry, I'll help you with that. However, I'd require the following details. May I know your name and phone number?","ओह! मुझे बहुत खेद है, मैं इसमें आपकी मदद करूंगा। हालांकि, मुझे निम्नलिखित विवरणों की आवश्यकता होगी। क्या मैं आपका नाम और फोन नंबर जान सकता हूँ?",3,0
Sure thing! Could I know your SSN please?, अवश्य! क्या मैं आपका SSN कृपया जान सकता हूँ?,2,0
yes, हां,2,0
And the phone number would be?, और फोन नंबर होगा?,1,0
hyundai 1000cc, हुंडई 1000cc,2,0
Perfect! Would you also share the email address associated with the account?, उत्तम! क्या आप खाते से संबद्ध ईमेल पता भी साझा करेंगे?,3,2
"Amazing! I highly appreciate your patience, I can see here that, your payment has been I initiated and you'll receive the check within 3 business days. I hope that would be okay?"," अद्भुत! मैं आपके धैर्य की बहुत सराहना करता हूं, मैं यहां देख सकता हूं कि, आपका भुगतान मैंने शुरू कर दिया है और आपको 3 कार्यदिवसों के भीतर चेक प्राप्त हो जाएगा। मुझे आशा है कि यह ठीक होगा?",3,2
Hi, नमस्ते,3,0
Sure. I'll definitely help you with that. Could you please help me with your name and the last four digits of SSN?, ज़रूर। मैं इसमें आपकी जरूर मदद करूंगा। क्या आप कृपया मुझे अपने नाम और एसएसएन के अंतिम चार अंकों के साथ मदद कर सकते हैं?,3,0
Hey there! Good morning. How may I assist you today?, सुनो! सुबह बख़ैर। आज मैं आपकी मदद किस तरह कर सकता हूँ?,3,0
hai! good morning., है! शुभ प्रभात।,3,2
Sure! I'll be glad to help you with that. Please may I know your name?, ज़रूर! मुझे इसमें आपकी मदद करने में खुशी होगी। कृपया क्या मैं आपका नाम जान सकता हूँ?,3,0
Trisha Durham, तृषा डरहम,0,0
"Not at all a problem, Prasanna. Thank you for the confirmation. I've made the required changes and processed the request."," कोई समस्या नहीं, प्रसन्ना। पुष्टिकरण के लिए धन्यवाद। मैंने आवश्यक परिवर्तन कर दिए हैं और अनुरोध को संसाधित कर दिया है।",3,2
"Thank you Jam, could you please let me know the last 4 digits of SSN?"," धन्यवाद जैम, क्या आप कृपया मुझे एसएसएन के अंतिम 4 अंक बता सकते हैं?",3,0
"Thanks, Farina. What can I do for you?"," धन्यवाद, फरीना। मै आप के लिये क्य कर सक्त हु?",3,2
Hello how are you," नमस्ते, आप कैसे हैं",3,0
"Hello there, How may I help you today?
"," नमस्ते, मैं आज आपकी कैसे मदद कर सकता हूँ?",3,0
"Thank you for reaching out to us, we are always grateful serve customers like you. Have a wonderful day!"," हमसे संपर्क करने के लिए धन्यवाद, हम आप जैसे ग्राहकों की सेवा के लिए हमेशा आभारी हैं। शानदार दिन हो!",3,2
"Surely, I'll help you with it. Please may I know your name?"," ज़रूर, मैं इसमें आपकी मदद करूँगा। कृपया क्या मैं आपका नाम जान सकता हूँ?",3,0
BANU@GMAIL.COM, BANU@GMAIL.COM,0,0
Hi, नमस्ते,2,0
Awesome! May I know your first and last name please?, बहुत बढ़िया! क्या मैं आपका पहला और अंतिम नाम जान सकता हूँ?,3,2
MY EMAIL ADDRESS IS ahmedfawaz78@gmail.com, मेरा ईमेल पता ahmedfawaz78@gmail.com है,1,0
Lovely!  Could you please help me with your policy and claim number?, प्यारा! क्या आप कृपया मुझे अपनी पॉलिसी और दावा संख्या में मदद कर सकते हैं?,3,2
Lovely! Could you please help me with your policy and claim number?, प्यारा! क्या आप कृपया मुझे अपनी पॉलिसी और दावा संख्या में मदद कर सकते हैं?,3,2
no thank you, नहीं धन्यवाद,3,1
I have Iphone., मेरे पास आईफोन है।,1,0
"You're welcome! Thanks for reaching out to us, hope you have a wonderful day ahead! "," आपका स्वागत है! हमसे संपर्क करने के लिए धन्यवाद, आशा है कि आपका आने वाला दिन शानदार हो!",3,2
"Sorry sir, may I know if your phone screen is damaged or broken?","सॉरी सर, क्या मुझे पता चल सकता है कि आपके फोन की स्क्रीन खराब हुई है या टूटी हुई है?",3,0
Awesome! May I confirm your information to be correct?, बहुत बढ़िया! क्या मैं आपकी जानकारी के सही होने की पुष्टि कर सकता हूँ?,3,2
Of course! I'd be glad to help you with that. May I know your name please?, बेशक! मुझे इसमें आपकी मदद करने में खुशी होगी। क्या मैं आपका नाम जान सकता हूँ?,3,0
name:thomas edison, नाम: थॉमस एडिसन,0,0
JOHN, जॉन,1,0
7809,7809,0,0
i want insurance details of one of my cars, मुझे अपनी एक कार का बीमा विवरण चाहिए,2,0
ok thanks, ठीक है धन्यवाद,3,0
i want replace my phone, मुझे अपना फ़ोन बदलना है,2,0
kavitha24@gmail.com, kavita24@gmail.com,0,0
I need help my status claim., मुझे अपने स्टेटस क्लेम में मदद चाहिए।,3,0
"Perfect! Thanks for waiting so patiently, You'll have to visit our branch office; you can ring on our toll free number-463545121 and they'll send you the location of our branch via message. in our branch office our help desk manager will personally assist you and you'll have to submit him the copy of your phone insurance proof and he'll get your phone repaired as soon as possible. I hope that is useful to you?"," उत्तम! इतने धैर्यपूर्वक प्रतीक्षा करने के लिए धन्यवाद, आपको हमारे शाखा कार्यालय का दौरा करना होगा; आप हमारे टोल फ्री नंबर-463545121 पर कॉल कर सकते हैं और वे आपको संदेश के माध्यम से हमारी शाखा का स्थान भेज देंगे। हमारे शाखा कार्यालय में हमारा हेल्प डेस्क प्रबंधक व्यक्तिगत रूप से आपकी सहायता करेगा और आपको उसे अपने फोन बीमा प्रमाण की प्रति जमा करनी होगी और वह जल्द से जल्द आपके फोन की मरम्मत करवाएगा। मुझे आशा है कि यह आपके लिए उपयोगी है?",3,2
2011,2011,0,0
ok, ठीक है,2,0
"Fantastic, I'm so glad that I could resolve your query. Thank you so much for reaching out to us. We love to serve you. I hope you have an amazing day ahead! :)"," बढ़िया, मुझे बहुत खुशी है कि मैं आपकी क्वेरी का समाधान कर सका। हमसे संपर्क करने के लिए आपका बहुत-बहुत धन्यवाद। हम आपकी सेवा करना पसंद करते हैं। मुझे आशा है कि आपके पास आगे एक अद्भुत दिन होगा! :)",3,2
"Alright! Have a great day, goodbye."," ठीक है! आपका दिन शुभ हो, अलविदा।",3,2
"I appreciate your patience! As I've checked with my resources, I see that the payment has already been initiated, and the good news is you will receive the check within 3 business days. I hope this is helpful."," मैं आपके धैर्य की सराहना करता हूँ! जैसा कि मैंने अपने संसाधनों के साथ जांच की है, मैंने देखा कि भुगतान पहले ही शुरू हो चुका है, और अच्छी खबर यह है कि आपको 3 व्यावसायिक दिनों के भीतर चेक प्राप्त हो जाएगा। मुझे आशा है कि यह मददगार है।",3,2
Hello are you on line, नमस्ते क्या आप लाइन में हैं,3,0
MAKE OF THE CAR - VAUXHALL AND MODEL OF THE CAR - VIVARO, कार का निर्माण - VAUXHALL और कार का मॉडल - VIVARO,0,0
"Good to hear from you, John! Please could you share the policy number?"," आपसे सुनकर अच्छा लगा, जॉन! क्या आप पॉलिसी नंबर साझा कर सकते हैं?",3,2
I would like to know about the status of my claim, मैं अपने दावे की स्थिति के बारे में जानना चाहता/चाहती हूं,3,0
ok, ठीक है,2,0
"Awesome! Thanks for reaching out to us, I hope you have a wonderful day ahead! ","बहुत बढ़िया! हमसे संपर्क करने के लिए धन्यवाद, मुझे आशा है कि आपका आने वाला दिन शानदार रहेगा!",3,2
Sure thing! I'd be glad to help you with that. May I know your full name and the last 4 digits of your SSN number?, अवश्य! मुझे इसमें आपकी मदद करने में खुशी होगी। क्या मैं आपका पूरा नाम और आपके SSN नंबर के अंतिम 4 अंक जान सकता हूँ?,3,0
Could you also help me out with the model of the car?, क्या आप कार के मॉडल के बारे में भी मेरी मदद कर सकते हैं?,3,0
that's it., यह बात है।,0,0
I hope that all your queries are cleared?, मुझे आशा है कि आपके सभी प्रश्नों का समाधान हो गया होगा?,3,0
Sure thing! Please could you also share the claim number?, अवश्य! कृपया क्या आप दावा संख्या भी साझा कर सकते हैं?,3,0
"Thanks for being so cooperative and sharing that information. Kindly, allow me a minute while I process as per your request! "," इतना सहयोग करने और उस जानकारी को साझा करने के लिए धन्यवाद। कृपया, मुझे आपके अनुरोध के अनुसार प्रक्रिया करते समय एक मिनट का समय दें!",3,2
OK THANK YOU, ठीक है धन्यवाद,3,2
Perfect! I'd also require the year of manufacture of your car., उत्तम! मुझे आपकी कार के निर्माण के वर्ष की भी आवश्यकता होगी।,3,2
ROBERT, रॉबर्ट,0,0
bye, अलविदा,2,0
"Great! I'd like to inform you that, To proceed further documentation I'll require few details about the car like the make and the model of the car, could you please share them?"," महान! मैं आपको सूचित करना चाहता हूं कि, आगे के दस्तावेज़ीकरण को आगे बढ़ाने के लिए मुझे कार के बारे में कुछ विवरणों की आवश्यकता होगी जैसे कार का मेक और मॉडल, क्या आप कृपया उन्हें साझा कर सकते हैं?",3,2
there is a mistake, एक गल्ती है,0,1
"Amazing! I've a good news for you, Your payment has been initiated and you'll receive the check within 3 business days. However, if you don't receive the check contact us immediately. I hope that was useful?"," अद्भुत! मेरे पास आपके लिए एक अच्छी खबर है, आपका भुगतान शुरू कर दिया गया है और आपको 3 कार्यदिवसों के भीतर चेक प्राप्त हो जाएगा। हालांकि, अगर आपको चेक नहीं मिलता है तो तुरंत हमसे संपर्क करें। मुझे आशा है कि यह उपयोगी था?",3,2
ok, ठीक है,2,0
Perfect! Would you like to have a replacement to the phone with a new phone?, उत्तम! क्या आप फ़ोन को नए फ़ोन से बदलना चाहेंगे?,3,2
AUDI K6, ऑडी K6,0,0
"Hello there! A very good morning, how may I help you today?"," नमस्ते! बहुत सुप्रभात, आज मैं आपकी कैसे मदद कर सकता हूँ?",3,2
"Hey, Good morning!  How may I help you today", अरे गुड मॉर्निंग! मैं आज आपकी क्या मदद कर सकता हूँ,3,0
Hai Good Morning., हाय गुड मॉर्निंग।,2,0
"Thank you for being patient, I've checked in the details the check has been already sent it will be reaching you within 3 days. Is there anything I may help you in?
"," धैर्य रखने के लिए धन्यवाद, मैंने विवरण की जांच की है कि चेक पहले ही भेजा जा चुका है, यह 3 दिनों के भीतर आप तक पहुंच जाएगा। क्या कोई ऐसी चीज है जिसमें मैं आपकी मदद कर सकता हूं?",3,2
That's all require now. Thanks and bye :), अब बस इतना ही चाहिए। धन्यवाद और अलविदा :),3,0
"I'm sorry, however with out the SSN I'l not be able to help you further. Please check for your SSN and get back to us. Thank you for calling. Have a good day!"," मुझे खेद है, हालांकि एसएसएन के बिना मैं आपकी और मदद नहीं कर पाऊंगा। कृपया अपने एसएसएन की जांच करें और हमसे संपर्क करें। फोन करने के लिए धन्यवाद। आपका दिन शुभ हो!",3,1
"No problem! I'll surely help you in this regards. May I know your name please?
", कोई बात नहीं! मैं इस संबंध में आपकी निश्चित रूप से मदद करूंगा। क्या मैं आपका नाम जान सकता हूँ?,3,0
i ask for fixing the screen in my mobile,मैं अपने मोबाइल में स्क्रीन ठीक करने के लिए कहता हूं,2,0
"Thank you! May I also Know the policy number.
", आपको धन्यवाद! क्या मैं पॉलिसी नंबर भी जान सकता हूं।,3,0
PKU213654780 CLAIM:NHG254, पीकेयू213654780 दावा: एनएचजी254,0,0
Is there anything else that I may help you with?, क्या कुछ और है जिसमें मैं आपकी मदद कर सकता हूं?,2,0
zak647, ज़क647,0,0
Thank you so much for cooperating and baring with us! I'm so glad to assist you. we are always here to solve all your queries related to insurance. Thanks for contacting us! have a nice day ahead!,हमारे साथ सहयोग करने और रोकने के लिए बहुत-बहुत धन्यवाद! मुझे आपकी सहायता करने में बहुत खुशी हो रही है। बीमा से संबंधित आपके सभी प्रश्नों को हल करने के लिए हम हमेशा यहां हैं। हमे संपर्क करने के लिए धन्यवाद! आपका दिन अच्छा हों!,3,2
May I know the claim number as well?, क्या मुझे दावा संख्या भी पता हो सकती है?,2,0
Perfect! Could you please share your claim number?, उत्तम! क्या आप कृपया अपनी दावा संख्या साझा कर सकते हैं?,3,2
HI, नमस्ते,2,0
ok thanks, ठीक है धन्यवाद,3,0
"Awesome! Thanks for connecting with us, hope you have a wonderful day ahead!"," बहुत बढ़िया! हमारे साथ जुड़ने के लिए धन्यवाद, आशा है कि आपका आने वाला दिन शानदार हो!",3,2
no thanks," जी नहीं, धन्यवाद",3,1
Sorry to hear that! I'll definitely help you with that. May I know your full name please?,ऐसा सुनने के लिए क्षमा करें! मैं इसमें आपकी जरूर मदद करूंगा। क्या मैं आपका पूरा नाम जान सकता हूँ?,3,0
my iPhone screen just cracked, मेरे iPhone की स्क्रीन अभी टूट गई है,1,1
ok, ठीक है,2,0
"Thank you Shankar, may I know the policy number and the claim number as well?"," धन्यवाद शंकर, क्या मैं पॉलिसी नंबर और दावा संख्या भी जान सकता हूं?",3,0
"Hello there! How may I assist you today?
", नमस्ते! आज मैं आपकी मदद किस तरह कर सकता हूँ?,3,0
"Hello there, how may I assist you today? "," नमस्ते, मैं आज आपकी कैसे सहायता कर सकता हूँ?",3,0
Hi I want a proof of insurance for my car, नमस्ते मुझे अपनी कार के लिए बीमा का प्रमाण चाहिए,3,0
bmw, बीएमडब्ल्यू,0,0
Have a grea tday, आपका दिन अच्छा रहे,0,2
my status of  claim., मेरे दावे की स्थिति।,1,0
Thanks Ajith! Could you please help me with your contact number and email address?, धन्यवाद अजीत! क्या आप कृपया अपने संपर्क नंबर और ईमेल पते के साथ मेरी मदद कर सकते हैं?,3,2
hai, हाय,2,0
Perfect! I'd also require the year of manufacture of your car., उत्तम! मुझे आपकी कार के निर्माण के वर्ष की भी आवश्यकता होगी।,3,2
"That's all, thanks"," बस इतना ही, धन्यवाद",3,0
silv, सिल्वा,0,0
THNKS, धन्यवाद,0,0
Thank you. I''ll also need few car details. I hope you won't mind sharing your car details?, शुक्रिया। मुझे कार के कुछ विवरण भी चाहिए होंगे। मुझे आशा है कि आपको अपनी कार के विवरण साझा करने में कोई आपत्ति नहीं होगी?,3,0
"Perfect! Thank you for the information, Please allow me a moment, I'll be back with the details."," उत्तम! जानकारी के लिए धन्यवाद, कृपया मुझे एक क्षण दें, मैं विवरण के साथ वापस आऊंगा।",3,2
Hello there! How may I help you today?, नमस्ते! आज मैं आपकी कैसे मदद कर सकता हूँ?,3,0
Hello!, नमस्ते!,3,0
"That's all, thanks"," बस इतना ही, धन्यवाद",3,0
Great! I'd be glad to help you with that. May I know your name and the last 4 digits of the SSN please?, महान! मुझे इसमें आपकी मदद करने में खुशी होगी। क्या मैं आपका नाम और SSN के अंतिम 4 अंक जान सकता हूँ?,3,2
"I'll help you with that, could you please let me know your name and the last 4 digits of SSN?"," मैं इसमें आपकी मदद करूंगा, क्या आप कृपया मुझे अपना नाम और एसएसएन के अंतिम 4 अंक बता सकते हैं?",3,0
DON143, डॉन143,0,0
Great! Could you please share your claim no.?, महान! क्या आप कृपया अपना दावा संख्या साझा कर सकते हैं?,3,2
Sure! I'll help you with that. May I know your name please?, ज़रूर! मैं इसमें आपकी मदद करूंगा। क्या मैं आपका नाम जान सकता हूँ?,3,0
Amazing! Could you also help me with the model and the year the car was manufactured?, अद्भुत! क्या आप मुझे उस मॉडल और कार के निर्माण के वर्ष में भी मदद कर सकते हैं?,3,2
sharan khattar, शरण खट्टरी,0,0
"Thank you for sharing the required information, please allow me a moment while I go ahead and do the needful.","आवश्यक जानकारी साझा करने के लिए धन्यवाद, कृपया मुझे आगे बढ़ने और आवश्यक कार्य करने के लिए एक क्षण का समय दें।",3,0
4578458754,4578458754,0,0
Thank you very much, आपका बहुत बहुत धन्यवाद,3,2
OK, ठीक है,2,0
"SORRY MY CLAIM NUMBER IS WRONG ,SHALL I GIVEN CORRECT NUMBER NOW?

"," क्षमा करें, मेरा दावा नंबर गलत है, क्या मैं अब सही संख्या दूंगा?",3,1
Hello there! A very good morning to you. How may I help you today?, नमस्ते! आपके लिए एक बहुत ही शुभ प्रभात। आज मैं आपकी कैसे मदद कर सकता हूँ?,3,2
Appreciate your patience! Please note that the documents of proof shall reach you within 48 working hours. Pleasure helping you. You can reach us at 673-735-073 for any queries. Good day!, अपने धैर्य की सराहना! कृपया ध्यान दें कि सबूत के दस्तावेज 48 कार्य घंटों के भीतर आप तक पहुंच जाएंगे। आपकी मदद करने में खुशी। आप किसी भी प्रश्न के लिए 673-735-073 पर हमसे संपर्क कर सकते हैं। अच्छा दिन!,3,2
You're welcome! Is there anything more that I may help you with?,आपका स्वागत है! क्या कुछ और है जिसमें मैं आपकी मदद कर सकता हूं?,2,2
Maruti Suzuki Ignis, मारुति सुजुकी इग्निस,0,0
HDH835478945, एचडीएच835478945,0,0
HI, नमस्ते,2,0
Alright! Thank you so much for the information. I've collected the details and have informed the concerned team. They will send you the duplicate copy to the registered address within 3-4 business days. I hope this will be helpful.,ठीक है! जानकारी के लिए बहुत - बहुत धन्यवाद। मैंने विवरण एकत्र कर लिया है और संबंधित टीम को सूचित कर दिया है। वे आपको 3-4 व्यावसायिक दिनों के भीतर डुप्लीकेट कॉपी पंजीकृत पते पर भेज देंगे। मुझे उम्मीद है कि ये मददगार होगा।,3,2
ok, ठीक है,2,0
"Alright! Have a great day, goodbye."," ठीक है! आपका दिन शुभ हो, अलविदा।",3,2
i want fixing screen on my phone, मुझे अपने फ़ोन की स्क्रीन ठीक करनी है,2,0
That's a great car! Please could you help me with the year of make?, यह एक बढ़िया कार है! कृपया आप मुझे बनाने के वर्ष में मदद कर सकते हैं?,3,2
"I need status of my claim
 ", मुझे अपने दावे की स्थिति चाहिए,3,0
"Thanks for waiting patiently, As I can see here your payment is initiated you'll receive your claim within 3 business days. I hope there is no urgency, If it is i will mention it here and our team will try to transact the payment as soon as possible! "," धैर्यपूर्वक प्रतीक्षा करने के लिए धन्यवाद, जैसा कि मैं यहां देख सकता हूं कि आपका भुगतान शुरू हो गया है, आपको 3 कार्यदिवसों के भीतर अपना दावा प्राप्त हो जाएगा। मुझे उम्मीद है कि कोई तात्कालिकता नहीं है, अगर ऐसा है तो मैं इसका उल्लेख यहां करूंगा और हमारी टीम जल्द से जल्द भुगतान का लेन-देन करने का प्रयास करेगी!",3,2
So sad to hear that. Would you like to have a replacement device for your damaged phone?, यह सुनकर बहुत दुख हुआ। क्या आप अपने क्षतिग्रस्त फोन के लिए एक प्रतिस्थापन उपकरण लेना चाहेंगे?,2,1
3699,3699,0,0
"Is there anything else I may help you out with today?
", क्या आज मैं आपकी कुछ और मदद कर सकता हूँ?,2,0
That's a great car! Please stay connected while I get this done for you.," यह एक बढ़िया कार है! जब तक मैं आपके लिए यह काम करवाता हूं, कृपया जुड़े रहें।",3,2
Have a great day ahead., आगे एक महान दिन हो।,2,2
"Thanks for holding on, I've checked the status of your claim I'm happy to inform you that the check has already been sent it will be reaching you within 3 days."," रुकने के लिए धन्यवाद, मैंने आपके दावे की स्थिति की जांच कर ली है, मुझे आपको यह बताते हुए खुशी हो रही है कि चेक पहले ही भेजा जा चुका है, यह 3 दिनों के भीतर आप तक पहुंच जाएगा।",3,2
hi, नमस्ते,2,0
Hello! Good morning! I'd be glad to assist you today!, नमस्ते! सुबह बख़ैर! मुझे आज आपकी सहायता करने में खुशी होगी!,3,2
"Hello there! I'll be glad to assist you with that, may I know your name and the last 4 digits of SSN?","नमस्ते! मुझे इसमें आपकी सहायता करने में खुशी होगी, क्या मैं आपका नाम और SSN के अंतिम 4 अंक जान सकता हूँ?",3,0
I'm sorry? I didn't get you?, मुझे माफ़ करें? मैं तुम्हें नहीं मिला?,3,0
"Hello there, How may I assist you today?
"," नमस्ते, मैं आज आपकी कैसे सहायता कर सकता हूँ?",3,0
ok thank you, ठीक है धन्यवाद,3,0
That's good to hear!, सुनकर अच्छा लगा!,2,2
Great! Please allow me a moment to check with the team in this regard., महान! कृपया मुझे इस संबंध में टीम के साथ जांच करने के लिए कुछ समय दें।,3,2
1647,1647,0,0
"In case you don't receive the post, kindly get back to us immediately. Would that be okay?"," यदि आप पोस्ट प्राप्त नहीं करते हैं, तो कृपया तुरंत हमारे पास वापस आएं। क्या यह ठीक रहेगा?",3,0
Hey! How are you?, अरे! क्या हाल है?,3,0
"Awesome! Could you also please help me out with your email address on the account, Joshna? ", बहुत बढ़िया! क्या आप कृपया जोशना खाते पर अपने ईमेल पते के साथ मेरी मदद कर सकते हैं?,3,2
welcome sir., सर आपका स्वागत है।,2,0
Heya! I need help finding proof of insurance for one of my vehicles, अरे! मुझे अपने वाहनों में से एक के लिए बीमा का प्रमाण खोजने में सहायता चाहिए,2,0
INNOVA, इनोवा,1,0
I need a status of claim, मुझे दावे की स्थिति चाहिए,1,0
yes, हां,2,0
"NO-89/45 HILL ROAD ,4TH AVENUE CK -20 "," नं-89/45 हिल रोड, चौथा एवेन्यू सीके-20",2,0
"Thanks for waiting, I'd like to inform you that I'll be able to replace your broken phone with the brand new phone. And I request you to return the broken device in an envelope. Will that be okay? "," प्रतीक्षा करने के लिए धन्यवाद, मैं आपको सूचित करना चाहता हूं कि मैं आपके टूटे हुए फोन को एकदम नए फोन से बदल सकूंगा। और मैं आपसे अनुरोध करता हूं कि टूटे हुए उपकरण को एक लिफाफे में वापस कर दें। क्या यह ठीक रहेगा?",3,1
"Absolutely, I'll be able to help you with it. Firstly, please may I know your name?"," बिल्कुल, मैं इसमें आपकी मदद कर सकूंगा। सबसे पहले, क्या मैं आपका नाम जान सकता हूँ?",3,0
Would you like to get the proof of insurance?, क्या आप बीमा का प्रमाण प्राप्त करना चाहेंगे?,3,0
Sure., ज़रूर।,2,0
Hello there! How may I help you today?, नमस्ते! आज मैं आपकी कैसे मदद कर सकता हूँ?,3,0
my phone number is 1236547899 and email address is Kangana234@gmail.com,मेरा फोन नंबर 1236547899 है और ईमेल पता है कंगना234@gmail.com,2,0
"Thanks for staying connected, I have checked with the details the copy of insurance if the second car also will be mailed to you at your registered address."," जुड़े रहने के लिए धन्यवाद, मैंने विवरण के साथ बीमा की प्रति की जांच की है कि क्या दूसरी कार भी आपको आपके पंजीकृत पते पर भेज दी जाएगी।",3,2
"I'm sorry sir, Could you please let me know your phone screen is broken or damaged?"," आई एम सॉरी सर, क्या आप कृपया मुझे बता सकते हैं कि आपके फोन की स्क्रीन टूट गई है या खराब हो गई है?",3,0
Hello there! A very Good morning! I hope you're having a great day. How may I help you today?, नमस्ते! एक बहुत ही शुभ प्रभात! मुझे आशा है कि आपका दिन अच्छा बीतेगा। आज मैं आपकी कैसे मदद कर सकता हूँ?,3,2
MARUTHI 001, मारुति 001,2,0
Please allow me a  moment to check the details., कृपया मुझे विवरण की जांच करने के लिए कुछ समय दें।,2,0
Hello there! How may I assist you today?, नमस्ते! आज मैं आपकी मदद किस तरह कर सकता हूँ?,3,0
thank you, धन्यवाद,2,2
My IPhone Screen Cracked, मेरा आईफोन स्क्रीन टूट गया,0,1
And also could help me with your email address?, और आपके ईमेल पते में भी मेरी मदद कर सकता है?,1,0
NAME:HARINI, नाम: हरिनी,0,0
hi, नमस्ते,2,0
ok, ठीक है,2,0
no.thank you., नहीं धन्यवाद।,2,0
my phone is damaged, मेरा फोन खराब हो गया है,1,1
"hi,good morning", हाय सुप्रभात,3,0
AK2011@gmail.com, AK2011@gmail.com,0,0
"Alright! I've contacted the concerned team, they'll mail you the copy of your car insurance proof on the registered address. you'll receive the it within 2 business days. however, if you fail to receive it, reach out to us immediately we are available here 24*7. "," ठीक है! मैंने संबंधित टीम से संपर्क किया है, वे आपको पंजीकृत पते पर आपके कार बीमा प्रमाण की प्रति मेल करेंगे। आप इसे 2 व्यावसायिक दिनों के भीतर प्राप्त कर लेंगे। हालांकि, अगर आप इसे प्राप्त करने में विफल रहते हैं, तो तुरंत हमसे संपर्क करें हम यहां 24*7 उपलब्ध हैं।",2,2
Hello! How may I assist you today?, नमस्ते! आज मैं आपकी मदद किस तरह कर सकता हूँ?,3,0
I hope I have answered all your questions for today?, मुझे आशा है कि मैंने आज के लिए आपके सभी प्रश्नों का उत्तर दे दिया है?,3,0
Have a great day, आपका दिन अच्छा रहे,2,2
NO THANK BYEE, नो थैंक्स बाय,3,1
BMW A60, बीएमडब्ल्यू ए60,0,0
Thanks Steve! Could you please share the last 4 digits of the SSN?, धन्यवाद स्टीव! क्या आप कृपया SSN के अंतिम 4 अंक साझा कर सकते हैं?,3,0
"I'll help you with that, may I know your name please?"," मैं इसमें आपकी मदद करूंगा, क्या मैं आपका नाम जान सकता हूं?",3,0
I, मैं,1,0
Thanks! I'm glad that I could resolve all your queries. Hope to see you again. Have a nice day ahead!, धन्यवाद! मुझे खुशी है कि मैं आपके सभी प्रश्नों का समाधान कर सका। फिर से देखने की उम्मीद। आपका दिन अच्छा हों!,3,2
"Thank you for reaching out to us, we are always grateful serve customers like you. Have a wonderful day!"," हमसे संपर्क करने के लिए धन्यवाद, हम आप जैसे ग्राहकों की सेवा के लिए हमेशा आभारी हैं। शानदार दिन हो!",3,2
Thank you., शुक्रिया।,3,2
"Thank you. To know your details I'll need your last 4 digits of the SSN.
", शुक्रिया। आपका विवरण जानने के लिए मुझे आपके SSN के अंतिम 4 अंक चाहिए होंगे।,3,0
Perfect! May I also know the e-mail address?, उत्तम! क्या मैं ई-मेल पता भी जान सकता हूँ?,2,2
ok, ठीक है,2,0
OK THANKS, ठीक है धन्यवाद,3,2
I NEED TO KNOW STATUS OF CLAIM, मुझे दावे की स्थिति जानने की आवश्यकता है,1,0
I appreciate your patience! I have made a request to mail the copy of insurance at your registered address. You'll receive it within 2-3 business days. I hope this will be helpful., मैं आपके धैर्य की सराहना करता हूँ! मैंने आपके पंजीकृत पते पर बीमा की प्रति डाक से भेजने का अनुरोध किया है। आप इसे 2-3 व्यावसायिक दिनों के भीतर प्राप्त कर लेंगे. मुझे उम्मीद है कि ये मददगार होगा।,3,2
Hello, नमस्ते,2,0
ok thank you, ठीक है धन्यवाद,3,0
2014,2014,0,0
are you there, आप वहाँ हैं,1,0
Thanks for staying connected. The payment has already been initiated. You'll be receiving the check within the next three days. Would you need anything else?, जुड़े रहने के लिए धन्यवाद। भुगतान शुरू किया जा चुका है। आपको अगले तीन दिनों के भीतर चेक मिल जाएगा। क्या आपको कुछ और चाहिए होगा?,3,2
Perfect! Please feel free to reach out to us for further queries. Have a nice day. Bye., उत्तम! कृपया आगे के प्रश्नों के लिए हमसे बेझिझक संपर्क करें। आपका दिन शुभ हो। अलविदा।,3,2
"I want a proof of insurance for my car, can you help me?","मुझे अपनी कार के लिए बीमा का प्रमाण चाहिए, क्या आप मेरी मदद कर सकते हैं?",3,0
My name is sameera., मेरा नाम समीरा है।,2,0
OK, ठीक है,2,0
i need a proof of insurance of my car, मुझे अपनी कार के बीमा का प्रमाण चाहिए,2,0
hi, नमस्ते,2,0
GOOD MORNING, शुभ प्रभात,2,0
Alright! yes of course I'll surely help you with that. May I know your first and last name please?," ठीक है! हाँ, अवश्य ही मैं इसमें आपकी सहायता अवश्य करूँगा। क्या मैं आपका पहला और अंतिम नाम जान सकता हूँ?",3,0
ok thanks bye, ठीक है धन्यवाद अलविदा,3,0
ok, ठीक है,2,0
MY PHONE IS DAMAGED, मेरा फोन खराब हो गया है,0,1
OKEY, शाबाशी,2,0
Okay Honda City could you please help me out with the last 4 digits of your SSN?, ठीक है होंडा सिटी क्या आप कृपया अपने एसएसएन के अंतिम 4 अंकों के साथ मेरी मदद कर सकते हैं?,3,0
policy no: lwh628469528, पॉलिसी नंबर: lwh628469528,1,0
"Awesome! Thanks for choosing us, hope you have a wonderful day ahead! "," बहुत बढ़िया! हमें चुनने के लिए धन्यवाद, आशा है कि आपका आने वाला दिन शानदार हो!",3,2
hyundai i20 model2018, हुंडई i20 मॉडल2018,2,0
lamky@optonline.net, lamky@optonline.net,0,0
hi sir, नमस्कार श्री मान जी,3,0
How may I help you?, क्या मेरे द्वारा आपकी कोई सहायता हो सकती है?,0,0
full name is david raj, पूरा नाम डेविड राजू है,0,0
"Hello! I'll not be able to get the device fixed. However, I'll be able to go ahead and get you a replacement. Would you want me to do that on your behalf?"," नमस्ते! मैं डिवाइस को ठीक नहीं कर पाऊंगा। हालांकि, मैं आगे बढ़कर आपको एक प्रतिस्थापन दिलाने में सक्षम होऊंगा। क्या आप चाहते हैं कि मैं आपकी ओर से ऐसा करूं?",3,0
2015,2015,0,0
"Perfect! I appreciate your patience in sharing the information, Could you please allow me a minute or two, while I get this done for you?"," उत्तम! मैं जानकारी साझा करने में आपके धैर्य की सराहना करता हूं, क्या आप कृपया मुझे एक या दो मिनट का समय दे सकते हैं, जबकि मैं आपके लिए यह कर रहा हूं?",3,2
TOYOTA INNOVA AND 2011, टोयोटा इनोवा और 2011,1,0
Oh! I'm so sorry to hear that! May I know your full name please?, ओह! मुझे यह सुनकर खेद हुआ! क्या मैं आपका पूरा नाम जान सकता हूँ?,3,0
4562,4562,0,0
hi good morning, हाय सुप्रभात,3,2
Hello! How may I help you today?, नमस्ते! आज मैं आपकी कैसे मदद कर सकता हूँ?,3,0
"Could you please confirm, if your phone screen is damaged or broken?"," क्या आप कृपया पुष्टि कर सकते हैं, यदि आपके फ़ोन की स्क्रीन क्षतिग्रस्त या टूटी हुई है?",3,0
yes, हां,2,0
That's great! Thank you for sharing the details. Please could you confirm me the details?, एक दम बढ़िया! विवरण साझा करने के लिए धन्यवाद। क्या आप कृपया मुझे विवरण की पुष्टि कर सकते हैं?,3,2
Awesome! I'd be able to get you a replacement. Do you want me to do that for you?, बहुत बढ़िया! मैं आपको एक प्रतिस्थापन प्राप्त करने में सक्षम हूं। क्या आप चाहते हैं कि मैं आपके लिए ऐसा करूं?,3,1
"Thank you for being patient, I'd like to inform you that the replacement takes place in 1-3 business days, please ensure to send the broken device through an envelope."," धैर्य रखने के लिए धन्यवाद, मैं आपको सूचित करना चाहता हूं कि प्रतिस्थापन 1-3 व्यावसायिक दिनों में होता है, कृपया एक लिफाफे के माध्यम से टूटे हुए उपकरण को भेजना सुनिश्चित करें।",3,0
Thank you for the confirmation. Please give me 2 minutes to process the request.,पुष्टिकरण के लिए धन्यवाद। कृपया मुझे अनुरोध संसाधित करने के लिए 2 मिनट का समय दें।,3,0
Thank you for reaching out to us! Have a great day!, हमसे संपर्क की पहल के लिए आपका धन्यवाद! आपका दिन अच्छा रहे!,3,2
nissan sentra, निसान सेंट्रा,0,0
"Thank you Frankie, may I know the make and model of the car? "," धन्यवाद फ्रेंकी, क्या मैं कार का मेक और मॉडल जान सकता हूं?",3,0
"Hello there! I'll help you with that, could you please let me know your name and the last 4 digits of SSN?"," नमस्ते! मैं इसमें आपकी मदद करूंगा, क्या आप कृपया मुझे अपना नाम और एसएसएन के अंतिम 4 अंक बता सकते हैं?",3,0
"Always a pleasure! It's a pleasure assisting you. Thank you for reaching out to us, have a great day ahead!","हमेशा एक खुशी की बात है! आपकी सहायता करना खुशी की बात है। हमसे संपर्क करने के लिए धन्यवाद, आपका दिन शुभ हो!",3,2
Great! May I know your Policy Number please?,महान! क्या मैं आपका पॉलिसी नंबर जान सकता हूं?,3,2
"I apologize, we cannot proceed further with out any model of the car."," मुझे खेद है, हम कार के किसी भी मॉडल के बिना आगे नहीं बढ़ सकते।",3,0
Yes! Sure! I'll surely help you with this. I'll require details to pull up your profile. May I know your full name please?, हाँ! ज़रूर! मैं इसमें आपकी मदद जरूर करूंगा। मुझे आपकी प्रोफ़ाइल खींचने के लिए विवरण की आवश्यकता होगी। क्या मैं आपका पूरा नाम जान सकता हूँ?,3,2
Thanks for staying connected. The payment has already been initiated. You'll be receiving the check within the next three days. Would you need anything else?, जुड़े रहने के लिए धन्यवाद। भुगतान शुरू किया जा चुका है। आपको अगले तीन दिनों के भीतर चेक मिल जाएगा। क्या आपको कुछ और चाहिए होगा?,3,2
Perfect! Thank you so much for the information. please allow me a moment while I check this for you.,उत्तम! जानकारी के लिए बहुत - बहुत धन्यवाद। कृपया मुझे एक क्षण दें जब तक मैं आपके लिए यह जांचता हूं।,3,2
NO, ना,1,1
ph:951 236 5547, फोन:951 236 5547,0,0
Tqr366., टीक्यूआर366.,0,0
hi, नमस्ते,2,0
"ok, Thank you!", ठीक है धन्यवाद!,3,2
ok thank you, ठीक है धन्यवाद,3,0
IUY 236, आईयूवाई 236,0,0
Perfect! Please share your personal e-mail id with me., उत्तम! कृपया अपनी व्यक्तिगत ई-मेल आईडी मेरे साथ साझा करें।,3,0
2017,2017,0,0
"I appreciate your patience in staying connected. Here's a Good news to inform you that , I've checked with my team and prepared  the required documents, and that file will be soon mailed to your address. ","मैं जुड़े रहने में आपके धैर्य की सराहना करता हूं। आपको यह सूचित करने के लिए एक अच्छी खबर है कि, मैंने अपनी टीम के साथ जांच की है और आवश्यक दस्तावेज तैयार किए हैं, और वह फाइल जल्द ही आपके पते पर भेज दी जाएगी।",3,2
ok, ठीक है,2,0
That's all I need today. Thank!!, आज मुझे बस इतना ही चाहिए। धन्यवाद देना!!,3,2
Thanks for waiting so patiently. I've contacted our team. they've initiated your payment probably you'll receive it within 3 days. I hope that was helpful?," इतने धैर्य से प्रतीक्षा करने के लिए धन्यवाद। मैंने अपनी टीम से संपर्क किया है। उन्होंने आपका भुगतान शुरू कर दिया है, संभवत: आपको यह 3 दिनों के भीतर मिल जाएगा। मुझे आशा है कि यह मददगार था?",3,1
"I have 3 of my car insurance in your company, right now i need a proof of my Audi A8. Can you help me?"," आपकी कंपनी में मेरे 3 कार बीमा हैं, अभी मुझे अपनी ऑडी ए8 का प्रमाण चाहिए। क्या आप मेरी मदद कर सकते हैं?",3,0
"Awesome! Harthick, Just give me a minute I'll go ahead and check your claim status and get back you soon."," बहुत बढ़िया! हार्दिक, बस मुझे एक मिनट दें मैं आगे बढ़ूंगा और आपके दावे की स्थिति की जांच करूंगा और आपको जल्द ही वापस कर दूंगा।",3,2
Focus is the model, फोकस मॉडल है,0,0
i need a proof of insurance for one of the car, मुझे कार में से किसी एक के लिए बीमा का प्रमाण चाहिए,1,0
Awesome! Please give me a moment to initiate the process., बहुत बढ़िया! कृपया मुझे प्रक्रिया शुरू करने के लिए एक क्षण दें।,3,2
kindly check my insurance claim status, कृपया मेरी बीमा दावा स्थिति की जांच करें,2,0
A very good morning. How may I help you today?, एक बहुत अच्छी सुबह। आज मैं आपकी कैसे मदद कर सकता हूँ?,3,2
Hey!, अरे!,3,0
ok, ठीक है,2,0
RAMYA 5855, राम्या 5855,0,0
NO THANKS," जी नहीं, धन्यवाद",3,1
Hai, हाई,2,0
"Awesome! I appreciate your patience in sharing the information, Please allow me a moment, while I look into the matter?"," बहुत बढ़िया! मैं जानकारी साझा करने में आपके धैर्य की सराहना करता हूं, कृपया मुझे इस मामले को देखने के लिए एक क्षण की अनुमति दें?",3,2
"Hi, I want to know my claim status."," नमस्ते, मैं अपने दावे की स्थिति जानना चाहता हूं।",3,0
my car is BMWx3,मेरी कार बीएमडब्ल्यूx3 है,1,0
OK BYEE, ठीक अलविदा,2,0
Yes sure! my name is MS dhoni, हाँ यकीनन! मेरा नाम एमएस धोनी है,2,0
Hey there! Good morning. How may I help you today?, सुनो! सुबह बख़ैर। आज मैं आपकी कैसे मदद कर सकता हूँ?,3,0
fernandes.dass@comcast.net, fernandes.dass@comcast.net,0,0
Pleasure helping you out. You can contact us at 675-745-734 open at your service for 24x7. Have a nice day!, आपकी मदद करने में खुशी। आप 24x7 के लिए अपनी सेवा में 675-745-734 ओपन पर हमसे संपर्क कर सकते हैं। आपका दिन शुभ हो!,3,2
WHAT ABOUT INSURANCE CLAIM STATUS, बीमा दावा स्थिति के बारे में क्या?,0,0
ok nice," ठीक है, अच्छा है",2,2
"Thank you for being patient, I'd like to inform you that the replacement takes place in 1-3 business days, please ensure to send the broken device through an envelope."," धैर्य रखने के लिए धन्यवाद, मैं आपको सूचित करना चाहता हूं कि प्रतिस्थापन 1-3 व्यावसायिक दिनों में होता है, कृपया एक लिफाफे के माध्यम से टूटे हुए उपकरण को भेजना सुनिश्चित करें।",3,0
Hello there! How may I assist you today?, नमस्ते! आज मैं आपकी मदद किस तरह कर सकता हूँ?,3,0
Are we connected?, क्या हम जुड़े हुए हैं?,0,0
ok, ठीक है,2,0
"I'm sorry sir, I'll be unable to help you with the fixing of the screen. However, if your phone is broken or damaged with an insurance I'll surely get it done."," आई एम सॉरी सर, मैं स्क्रीन को ठीक करने में आपकी मदद नहीं कर पाऊंगा। हालाँकि, यदि आपका फ़ोन बीमा के साथ टूटा या क्षतिग्रस्त हो गया है, तो मैं निश्चित रूप से इसे करवा लूँगा।",3,1
I want to fix my iphone screen it was just cracked.," मैं अपने iPhone स्क्रीन को ठीक करना चाहता हूं, यह अभी टूटा हुआ था।",1,0
1998,1998,0,0
its AAA543, इसका एएए543,0,0
"I appreciate your patience. I have made a request for the replacement for your phone, it will be sent to you within 24-48 hours. And also, I request you to send the current phone in the return envelope. I hope this will be helpful.","मैं आपके धैर्य की सराहना करता हूँ। मैंने आपके फोन को बदलने के लिए अनुरोध किया है, यह आपको 24-48 घंटों के भीतर भेज दिया जाएगा। और साथ ही, मैं आपसे वर्तमान फोन को रिटर्न लिफाफे में भेजने का अनुरोध करता हूं। मुझे उम्मीद है कि ये मददगार होगा।",3,2
harry jack, हैरी जैक,0,0
It's a Kia Rio 2015 vehicle., यह एक किआ रियो 2015 वाहन है।,2,0
Okay, ठीक,2,0
my name is ADAM and 4321 this is my SSN number, मेरा नाम ADAM है और 4321 यह मेरा SSN नंबर है,2,0
NOTHING ELSE, और कुछ नहीं,2,0
"I need insurance proof of my car
 ", मुझे अपनी कार का बीमा प्रमाण चाहिए,2,0
oops sorry .. claim number is AAA452, ओह क्षमा करें .. दावा संख्या AAA452 है,3,0
ok thanks, ठीक है धन्यवाद,3,0
I'll help you out with that! May I know your name?, मैं इसमें आपकी मदद करूंगा! मैं आपका नाम जान सकता हुँ?,3,0
Great! I'll do my best to help you with a replacement. Please may I know your name?, महान! मैं एक प्रतिस्थापन के साथ आपकी मदद करने की पूरी कोशिश करूंगा। कृपया क्या मैं आपका नाम जान सकता हूँ?,3,2
Surely! I'd be glad to help you with that. May I know your first and last name?, निश्चित रूप से! मुझे इसमें आपकी मदद करने में खुशी होगी। क्या मैं आपका पहला और अंतिम नाम जान सकता हूँ?,3,0
Good Morning!, शुभ प्रभात!,3,2
audis8, ऑडिस8,0,0
"Thank you Stephen, may I know the policy number and claim number?"," धन्यवाद स्टीफन, क्या मैं पॉलिसी नंबर और दावा संख्या जान सकता हूं?",3,0
Thanks for staying connected. I've processed your request. You'll be receiving a mail to your registered address in the next 48 hours. Is there anything else that I might help you with?, जुड़े रहने के लिए धन्यवाद। मैंने आपका अनुरोध संसाधित कर दिया है। आपको अगले 48 घंटों में आपके पंजीकृत पते पर एक मेल प्राप्त होगा। क्या कुछ और है जिसमें मैं आपकी मदद कर सकता हूं?,3,2
"i need a proof insurance  of my car
", मुझे अपनी कार का प्रूफ इंश्योरेंस चाहिए,2,0
"Thank you! May I also know the phone number?
", आपको धन्यवाद! क्या मैं फ़ोन नंबर भी जान सकता हूँ?,3,0
"its, honda city2017."," इसके, होंडा सिटी2017।",0,0
audis8, ऑडिस8,0,0
"And lastly, Could you please share the model and the year the car was made? "," और अंत में, क्या आप कृपया मॉडल और कार के निर्माण का वर्ष साझा कर सकते हैं?",3,0
Alright Rojer! Could you please provide the make and the model of the car?, ठीक है रोजर! क्या आप कृपया कार का मेक और मॉडल प्रदान कर सकते हैं?,3,0
Thanks Matty! Could you please share the policy number and claim number?,धन्यवाद मैटी! क्या आप कृपया पॉलिसी नंबर और दावा संख्या साझा कर सकते हैं?,3,0
"Thank you for bringing this up to us, hope that was helpful. Have a wonderful day!"," इसे हमारे सामने लाने के लिए धन्यवाद, आशा है कि यह मददगार था। शानदार दिन हो!",3,2
ok thank you, ठीक है धन्यवाद,3,0
"Perfect! Thank you for being patient in sharing the information. Please allow  me a moment, while I get back to you with a solution."," उत्तम! जानकारी साझा करने में धैर्य रखने के लिए धन्यवाद। कृपया मुझे एक क्षण की अनुमति दें, जबकि मैं समाधान के साथ आपके पास वापस आऊंगा।",3,2
Wonderful! Thank you for reaching out to us. Have a nice day. Bye., अद्भुत! हमसे संपर्क की पहल के लिए आपका धन्यवाद। आपका दिन शुभ हो। अलविदा।,3,2
"Nothing else, Thank you for your information. Have a nice day to chat with you. "," और कुछ नहीं, आपकी जानकारी के लिए धन्यवाद। आपके साथ चैट करने के लिए एक अच्छा दिन है।",3,0
ok, ठीक है,2,0
sorry it is a honda civic 2018, क्षमा करें यह एक होंडा सिविक 2018 है,3,0
No worries I'm here to help you out. May I know your name?, कोई चिंता नहीं मैं यहाँ आपकी मदद करने के लिए हूँ। मैं आपका नाम जान सकता हुँ?,2,0
casey?, केसी?,0,0
Thank you., शुक्रिया।,3,2
Please ensure to send the device as soon as possible to receive a new one pretty soon., कृपया जल्द से जल्द एक नया प्राप्त करने के लिए डिवाइस को जल्द से जल्द भेजना सुनिश्चित करें।,2,0
sorry sir please help me my car insurance, सॉरी सर कृपया मेरी कार बीमा में मदद करें,3,1
My pleasure. Thank you for reaching out to us. Good day!,मेरा सौभाग्य। हमसे संपर्क की पहल के लिए आपका धन्यवाद। अच्छा दिन!,3,2
And also could you please share the claim number?, और क्या आप कृपया दावा संख्या भी साझा कर सकते हैं?,3,0
You're welcome! Thanks for cooperating. I hope I've answered all your queries for today?, आपका स्वागत है! सहयोग करने के लिए धन्यवाद। मुझे आशा है कि मैंने आज के लिए आपके सभी प्रश्नों का उत्तर दे दिया है?,3,2
Great! Please could you stay connected for a minute., महान! कृपया आप एक मिनट के लिए जुड़े रहें।,3,2
"Yes, sure. My phone number is 205-654-1252, my email is example1234@gmail.com"," हाँ यकीनन। मेरा फोन नंबर 205-654-1252 है, मेरा ईमेल है example1234@gmail.com",3,0
the claim number is actually jrt277, दावा संख्या वास्तव में jrt277 . है,1,0
